word, videoURL
A, https://media.signbsl.com/videos/asl/aslsignbank/mp4/LETTER-A-493.mp4
a.m., https://media.signbsl.com/videos/asl/aslsignbank/mp4/BECOME-2100.mp4
a.w.s. american welding society, NA
a1, https://media.signbsl.com/videos/asl/youtube/mp4/p1WUQrq8jsU.mp4
aa, https://media.signbsl.com/videos/asl/aslsearch/mp4/aa.mp4
aaaachoo, https://media.signbsl.com/videos/asl/youtube/mp4/OsmLYEPS7UU.mp4
aaah, https://media.signbsl.com/videos/asl/youtube/mp4/uOPvgnfkLBg.mp4
aagh, https://media.signbsl.com/videos/asl/youtube/mp4/BzklGhb_lPw.mp4
aah, https://media.signbsl.com/videos/asl/youtube/mp4/kR35p1J1nXM.mp4
Aaronic Priesthood, https://media.signbsl.com/videos/asl/signlanguagestudent/mp4/aaronic%20priesthood.mp4
aback, https://media.signbsl.com/videos/asl/youtube/mp4/ujUCtVIRVNU.mp4
abaft, https://media.signbsl.com/videos/asl/youtube/mp4/6hfgb1LIsog.mp4
abandon, https://media.signbsl.com/videos/asl/aslsignbank/mp4/LEAVE-ALONE-492.mp4
abandoned, https://media.signbsl.com/videos/asl/youtube/mp4/ke3jMH-EEXw.mp4
abandoned infant, https://media.signbsl.com/videos/asl/youtube/mp4/EAABzCq-xX4.mp4
abaracadabara, https://media.signbsl.com/videos/asl/youtube/mp4/KQVy6U0_Skw.mp4
abase, https://player.vimeo.com/external/395736399.sd.mp4?s=6ce20664bfd017186d3360d698d4a1ac1de998c7&profile_id=164
abasement, https://media.signbsl.com/videos/asl/youtube/mp4/koa4XxbU6lo.mp4
abash, https://media.signbsl.com/videos/asl/youtube/mp4/PkB3Z2d9HWg.mp4
abashed, https://media.signbsl.com/videos/asl/aslsearch/mp4/abashed.mp4
abate, https://media.signbsl.com/videos/asl/youtube/mp4/-JsLBvL9Fck.mp4
abbess, https://media.signbsl.com/videos/asl/youtube/mp4/ZeD8DJj_86I.mp4
abbey, https://media.signbsl.com/videos/asl/youtube/mp4/YCTSJYXGul8.mp4
abbot, https://media.signbsl.com/videos/asl/youtube/mp4/dQzqYfeOGdA.mp4
abbreviate, https://media.signbsl.com/videos/asl/aslsignbank/mp4/SHORT-WORD-1041.mp4
ABC, https://media.signbsl.com/videos/asl/aslsignbank/mp4/ALPHABET-2200.mp4
ABCs, https://media.signbsl.com/videos/asl/aslsignbank/mp4/ALPHABET-2200.mp4
abdicate, https://player.vimeo.com/external/391145460.sd.mp4?s=5b63477f8035c6b2c6af960fcb89de3164d76595&profile_id=164
abdomen, https://media.signbsl.com/videos/asl/aslsignbank/mp4/STOMACH-1128.mp4
abdominal delivery, https://media.signbsl.com/videos/asl/aslsearch/mp4/caesarean.mp4
abdominal surgery, https://player.vimeo.com/external/391145493.sd.mp4?s=0ae1615a5ac17e5ef26fa3f87831985b091c0a5a&profile_id=164
abdominous, https://media.signbsl.com/videos/asl/youtube/mp4/uW8aHyru2jo.mp4
abduce, https://media.signbsl.com/videos/asl/youtube/mp4/0gZt7iS9AKw.mp4
abduct, https://media.signbsl.com/videos/asl/aslsearch/mp4/abduct.mp4
abductee, https://media.signbsl.com/videos/asl/youtube/mp4/Djo7mejymcs.mp4
abduction, https://media.signbsl.com/videos/asl/philosophy/mp4/Abduction%202-HD.mp4
abductor, https://media.signbsl.com/videos/asl/youtube/mp4/ZAdkeK6BxMg.mp4
abductor muscle, https://media.signbsl.com/videos/asl/youtube/mp4/ZAdkeK6BxMg.mp4
abed, https://media.signbsl.com/videos/asl/youtube/mp4/SnPEBjeGcts.mp4
aberrance, https://media.signbsl.com/videos/asl/youtube/mp4/MoOu6Vvjgf4.mp4
aberrancy, https://media.signbsl.com/videos/asl/youtube/mp4/MoOu6Vvjgf4.mp4
aberrant, https://media.signbsl.com/videos/asl/youtube/mp4/ZrjrDPCeEho.mp4
aberration, https://media.signbsl.com/videos/asl/youtube/mp4/MoOu6Vvjgf4.mp4
abet, https://player.vimeo.com/external/391145523.sd.mp4?s=fb517e39662867e9ad12541b90be7982054f2165&profile_id=164
abetter, https://media.signbsl.com/videos/asl/youtube/mp4/l4JbAdJ9FWw.mp4
abettor, https://media.signbsl.com/videos/asl/youtube/mp4/l4JbAdJ9FWw.mp4
abeyance, https://media.signbsl.com/videos/asl/youtube/mp4/RWCCLoBI_lo.mp4
abhor, https://media.signbsl.com/videos/asl/aslsignbank/mp4/ABHOR-2040.mp4
abhorrent, https://player.vimeo.com/external/391145557.sd.mp4?s=eb50b886119c7534a3fb5ecaceabb8084956620b&profile_id=164
abidance, https://media.signbsl.com/videos/asl/youtube/mp4/UCPsIheVYc8.mp4
abidded by, https://media.signbsl.com/videos/asl/youtube/mp4/btdLTIIrkEA.mp4
abide, https://media.signbsl.com/videos/asl/aslsignbank/mp4/PATIENT-250.mp4
abide by, https://player.vimeo.com/external/391145567.sd.mp4?s=04321c8b4caf2d849e1522842f422b022aa87d3b&profile_id=164
abiding, https://media.signbsl.com/videos/asl/youtube/mp4/5PRHDz2Y3PI.mp4
abilities, https://media.signbsl.com/videos/asl/aslsignbank/mp4/POSSIBLE-2041.mp4
ability, https://media.signbsl.com/videos/asl/aslsignbank/mp4/POSSIBLE-2041.mp4
a billion, https://media.signbsl.com/videos/asl/aslsearch/mp4/billion.mp4
abiotic, https://media.signbsl.com/videos/asl/deaftec/mp4/1334.mp4
a bird sits on a tree, https://media.signbsl.com/videos/asl/youtube/mp4/NKdbb-5ku8c.mp4
a bit much, NA
abjection, https://media.signbsl.com/videos/asl/youtube/mp4/koa4XxbU6lo.mp4
abjuration, https://media.signbsl.com/videos/asl/youtube/mp4/rhiDVvzqmW8.mp4
abjure, https://media.signbsl.com/videos/asl/youtube/mp4/mSOmEX2bUEw.mp4
ablactate, https://media.signbsl.com/videos/asl/youtube/mp4/DJX3wqmp6hw.mp4
ablate, https://media.signbsl.com/videos/asl/youtube/mp4/dN2NX_BIxL0.mp4
ablation, https://player.vimeo.com/external/392026161.sd.mp4?s=0dd4995750a4c57f1532749baadc3e57a97a1889&profile_id=164
ablaze, https://media.signbsl.com/videos/asl/youtube/mp4/uyw2E9UlZ8s.mp4
able, https://media.signbsl.com/videos/asl/signlanguagestudent/mp4/able.mp4
able bodied, https://media.signbsl.com/videos/asl/youtube/mp4/WMrIfOVzSHc.mp4
able bodiedism, https://player.vimeo.com/external/391145602.sd.mp4?s=2ca0e6972a2bfd05200ac4957fa195c0032751bd&profile_id=164
able bodism, https://player.vimeo.com/external/391145602.sd.mp4?s=2ca0e6972a2bfd05200ac4957fa195c0032751bd&profile_id=164
ableism, https://player.vimeo.com/external/391145602.sd.mp4?s=2ca0e6972a2bfd05200ac4957fa195c0032751bd&profile_id=164
abler, https://media.signbsl.com/videos/asl/youtube/mp4/NEwvmznMgCE.mp4
able to, https://media.signbsl.com/videos/asl/aslsignbank/mp4/CAN-426.mp4
able to sign, https://media.signbsl.com/videos/asl/aslsignbank/mp4/PRODUCE-SIGN-937.mp4
ablism, https://player.vimeo.com/external/391145602.sd.mp4?s=2ca0e6972a2bfd05200ac4957fa195c0032751bd&profile_id=164
abloom, https://media.signbsl.com/videos/asl/youtube/mp4/NnI5Ushyn0k.mp4
abnegate, https://media.signbsl.com/videos/asl/youtube/mp4/GMiVUbN5Z2Q.mp4
abnormal, https://player.vimeo.com/external/391145615.sd.mp4?s=66d7d3b489c260bee0ee3ee2250de5fb0c97b8df&profile_id=164
aboard, https://media.signbsl.com/videos/asl/aslsignbank/mp4/GET-IN-778.mp4
aboard, https://media.signbsl.com/videos/asl/aslsignbank/mp4/GET-IN-778.mp4
abode, https://media.signbsl.com/videos/asl/youtube/mp4/SC3CrgjM7kA.mp4
abolish, https://media.signbsl.com/videos/asl/youtube/mp4/96QkcZQbZQE.mp4
abolishment, https://media.signbsl.com/videos/asl/youtube/mp4/Sb_pxH0QYNo.mp4
abolition, https://media.signbsl.com/videos/asl/youtube/mp4/Sb_pxH0QYNo.mp4
abolitionist, https://media.signbsl.com/videos/asl/youtube/mp4/WJyd_rvh2og.mp4
abominable, https://media.signbsl.com/videos/asl/youtube/mp4/kMatXMDKHJc.mp4
abominate, https://media.signbsl.com/videos/asl/aslsignbank/mp4/ABHOR-2040.mp4
abominator, https://media.signbsl.com/videos/asl/youtube/mp4/nFuEe1XlXC8.mp4
aboriginal, https://player.vimeo.com/external/391145649.sd.mp4?s=18a5e7bf6da1d2b9befcb3855a8ad3dd779e6672&profile_id=164
Aboriginal Australian, https://player.vimeo.com/external/391174182.sd.mp4?s=3792fc0e95ad3fff2e5a4a113051a4c486a32eac&profile_id=164
abort, https://media.signbsl.com/videos/asl/aslsearch/mp4/abort.mp4
abortion, https://media.signbsl.com/videos/asl/ids/mp4/2013-11-110-abortion-1500k-ase.mp4
abortionist, https://media.signbsl.com/videos/asl/youtube/mp4/n8rpNkt6ze4.mp4
abortive, https://media.signbsl.com/videos/asl/youtube/mp4/2A87Uvc4Tpk.mp4
abound, https://media.signbsl.com/videos/asl/youtube/mp4/ojyax80dD9g.mp4
about, https://media.signbsl.com/videos/asl/aslsignbank/mp4/ABOUT-2042.mp4
about approximately, https://media.signbsl.com/videos/asl/signlanguagestudent/mp4/about%20(approximately).mp4
about face, https://media.signbsl.com/videos/asl/youtube/mp4/ijag8zgd84o.mp4
above, https://media.signbsl.com/videos/asl/aslsignbank/mp4/ABOVE-2.mp4
above all, https://media.signbsl.com/videos/asl/youtube/mp4/FoE6n8NV2GM.mp4
aboveboard, https://media.signbsl.com/videos/asl/youtube/mp4/wsAlwvWvz0E.mp4
abracadabra, https://media.signbsl.com/videos/asl/youtube/mp4/WxZkKO-7uOc.mp4
Abraham, https://media.signbsl.com/videos/asl/ids/mp4/2013-11-140-abraham-1500k-ase.mp4
Abraham Lincoln, https://media.signbsl.com/videos/asl/elementalaslconcepts/mp4/abraham_lincoln.mp4
abraham lincolns birthday, https://player.vimeo.com/external/392645348.sd.mp4?s=42686b60fc97242a8a68976a396e4cc008d0564d&profile_id=164
abrasion, https://media.signbsl.com/videos/asl/aslsearch/mp4/abrasion.mp4
abrasive, https://media.signbsl.com/videos/asl/youtube/mp4/Duk8St-gE7E.mp4
abreaction, https://media.signbsl.com/videos/asl/youtube/mp4/eLLeCXEtCzw.mp4
abreast, https://media.signbsl.com/videos/asl/youtube/mp4/TZ88Eh6ZWr0.mp4
abridge, https://media.signbsl.com/videos/asl/youtube/mp4/luqKCibGAYw.mp4
abroad, https://media.signbsl.com/videos/asl/youtube/mp4/2ggpr4UFOXk.mp4
abrogate, https://media.signbsl.com/videos/asl/youtube/mp4/GKajfVrPzVM.mp4
A Broken Heart and a Contrite Spirit, https://media.signbsl.com/videos/asl/ids/mp4/2013-11-120-a-broken-heart-and-a-contrite-spirit-1500k-ase.mp4
Abronia elliptica, https://media.signbsl.com/videos/asl/aslsearch/mp4/snowball.mp4
abrupt, https://media.signbsl.com/videos/asl/aslsearch/mp4/abrupt.mp4
abscess, https://media.signbsl.com/videos/asl/youtube/mp4/lXheF4kXhaQ.mp4
abscissa, https://media.signbsl.com/videos/asl/youtube/mp4/ZWBTcX1VZb0.mp4
abscond, https://media.signbsl.com/videos/asl/youtube/mp4/bkf_si4leDg.mp4
absconder, https://media.signbsl.com/videos/asl/youtube/mp4/ytqoQglD27o.mp4
abscond with something stolen, https://media.signbsl.com/videos/asl/youtube/mp4/bkf_si4leDg.mp4
absence, https://media.signbsl.com/videos/asl/youtube/mp4/yFjIjbq3h2Y.mp4
absent, https://media.signbsl.com/videos/asl/aslsignbank/mp4/SKIP-1073.mp4
absentee, https://media.signbsl.com/videos/asl/youtube/mp4/LzfvXmuGjq0.mp4
absenteeism, https://player.vimeo.com/external/391145733.sd.mp4?s=6d46160b99c5108f42940840e16fb0f07a841ac5&profile_id=164
absentminded, https://player.vimeo.com/external/391145710.sd.mp4?s=2af9dd59cc069c85be5012987685839e5bb8389d&profile_id=164
absent minded, https://player.vimeo.com/external/391145710.sd.mp4?s=2af9dd59cc069c85be5012987685839e5bb8389d&profile_id=164
absolute, https://media.signbsl.com/videos/asl/aslsearch/mp4/absolute.mp4
absolute location, https://media.signbsl.com/videos/asl/elementalaslconcepts/mp4/absolute_location.mp4
absolutely, https://media.signbsl.com/videos/asl/aslsignbank/mp4/PROMISE-674.mp4
absolutely nothing, https://media.signbsl.com/videos/asl/aslsignbank/mp4/ABSOLUTELY-NOTHING-2044.mp4
absolute value, https://media.signbsl.com/videos/asl/tsdvideo/mp4/1550.mp4
absolute value function, https://media.signbsl.com/videos/asl/youtube/mp4/4MJK7NO2QVA.mp4
absolution, https://media.signbsl.com/videos/asl/ids/mp4/2013-11-4070-remission-of-sins-1500k-ase.mp4
absolutism, https://player.vimeo.com/external/392541606.sd.mp4?s=1b3a2da28dbc0126def9f3efaab34660701135c4&profile_id=164
absolutist, https://media.signbsl.com/videos/asl/youtube/mp4/ptZJmoPqbfY.mp4
absolve, https://player.vimeo.com/external/391145760.sd.mp4?s=ffd8d88fb2ad5f9a450be19c515bf3d7a0b53d28&profile_id=164
absolved, https://media.signbsl.com/videos/asl/youtube/mp4/yv1I0CREdjY.mp4
absorb, https://media.signbsl.com/videos/asl/aslsignbank/mp4/STICK-1117.mp4
absorbed, https://media.signbsl.com/videos/asl/aslsignbank/mp4/FASCINATED-1386.mp4
absorbing, https://media.signbsl.com/videos/asl/aslsignbank/mp4/INTERESTING-1724.mp4
absorption, https://media.signbsl.com/videos/asl/deaftec/mp4/1335.mp4
absquatulate, https://media.signbsl.com/videos/asl/youtube/mp4/bkf_si4leDg.mp4
abstain, https://media.signbsl.com/videos/asl/aslsignbank/mp4/RESIST-966.mp4
abstainer, https://media.signbsl.com/videos/asl/youtube/mp4/dztiA_ncZ1g.mp4
abstention vote, https://media.signbsl.com/videos/asl/youtube/mp4/3lFNDm4bSqw.mp4
abstinence, https://media.signbsl.com/videos/asl/youtube/mp4/-rJVmoOB9Bg.mp4
Abstinence Sexual Purity Morality, https://media.signbsl.com/videos/asl/ids/mp4/2013-11-135-abstinence-sexual-purity-morality-2-1500k-ase.mp4
abstinent, https://media.signbsl.com/videos/asl/youtube/mp4/dztiA_ncZ1g.mp4
abstract, https://player.vimeo.com/external/391145799.sd.mp4?s=ec0b7c6034ebcebe80c8eac8703a88ac221c0f81&profile_id=164
abstract art, https://player.vimeo.com/external/391145788.sd.mp4?s=eaeb5b5de5b65f2a6cddf7ed8fbdaa107f69de30&profile_id=164
abstracted, https://player.vimeo.com/external/391145710.sd.mp4?s=2af9dd59cc069c85be5012987685839e5bb8389d&profile_id=164
abstractionism, https://player.vimeo.com/external/391145788.sd.mp4?s=eaeb5b5de5b65f2a6cddf7ed8fbdaa107f69de30&profile_id=164
abstractionist, https://media.signbsl.com/videos/asl/aslsearch/mp4/abstract.mp4
abstruse, https://media.signbsl.com/videos/asl/youtube/mp4/PJqsAYujEiw.mp4
abstruseness, https://media.signbsl.com/videos/asl/youtube/mp4/_iO-LX4D958.mp4
absurd, https://media.signbsl.com/videos/asl/aslsignbank/mp4/RIDICULOUS-975.mp4
absurder, https://media.signbsl.com/videos/asl/youtube/mp4/r6y-i1w0eRo.mp4
Abu Dhabi, https://media.signbsl.com/videos/asl/youtube/mp4/JLoNFznpMes.mp4
a building settling down, https://media.signbsl.com/videos/asl/youtube/mp4/MrzX6pJOEuc.mp4
a bunch, https://media.signbsl.com/videos/asl/aslsignbank/mp4/MUCH-13.mp4
abundance, https://media.signbsl.com/videos/asl/aslsearch/mp4/abundance.mp4
abundant, https://media.signbsl.com/videos/asl/ids/mp4/2013-11-150-abundant-1500k-ase.mp4
abuse, https://media.signbsl.com/videos/asl/aslsignbank/mp4/HIT-148.mp4
abuse of power, https://media.signbsl.com/videos/asl/unoclimb/mp4/MEOfyplFZDQ.mp4
abuser, https://media.signbsl.com/videos/asl/youtube/mp4/S2Anctz4_0E.mp4
abusive, https://media.signbsl.com/videos/asl/youtube/mp4/fWOLGeOfeys.mp4
abut, https://media.signbsl.com/videos/asl/aslsignbank/mp4/BORDER-2959.mp4
abutting, https://media.signbsl.com/videos/asl/youtube/mp4/4vdqUPH8zFU.mp4
a buy, https://media.signbsl.com/videos/asl/youtube/mp4/B5mLtPxap-U.mp4
abuzz, https://media.signbsl.com/videos/asl/youtube/mp4/smcI3z7AzAI.mp4
aby, https://media.signbsl.com/videos/asl/youtube/mp4/Tm5J22xvfHU.mp4
abye, https://media.signbsl.com/videos/asl/youtube/mp4/Tm5J22xvfHU.mp4
abysm, https://player.vimeo.com/external/391145871.sd.mp4?s=92ab96be3412290d489d5f0043642123a1bd24b3&profile_id=164
abysmal, https://media.signbsl.com/videos/asl/youtube/mp4/nK3t99IGVQE.mp4
abyss, https://player.vimeo.com/external/391145871.sd.mp4?s=92ab96be3412290d489d5f0043642123a1bd24b3&profile_id=164
abyssal, https://media.signbsl.com/videos/asl/youtube/mp4/nK3t99IGVQE.mp4
abyssal plain, https://media.signbsl.com/videos/asl/youtube/mp4/G9H94BaQAro.mp4
Abyssinia, https://media.signbsl.com/videos/asl/aslsignbank/mp4/ETHIOPIA-3212.mp4
ac, https://media.signbsl.com/videos/asl/startasl/mp4/ac.mp4
academe, https://media.signbsl.com/videos/asl/aslsignbank/mp4/CURRICULUM-2350.mp4
academia, https://media.signbsl.com/videos/asl/aslsignbank/mp4/CURRICULUM-2350.mp4
academic, https://media.signbsl.com/videos/asl/aslsignbank/mp4/SCHOOL-247.mp4
academic article, https://media.signbsl.com/videos/asl/aslsignbank/mp4/ARTICLE-842.mp4
academic degree, https://media.signbsl.com/videos/asl/aslsignbank/mp4/DEGREE-800.mp4
academics, https://media.signbsl.com/videos/asl/aslsignbank/mp4/SCHOOL-247.mp4
academies, https://media.signbsl.com/videos/asl/youtube/mp4/y5dcgK0NixA.mp4
academy, https://media.signbsl.com/videos/asl/youtube/mp4/y5dcgK0NixA.mp4
acaulescent, https://media.signbsl.com/videos/asl/youtube/mp4/uhmg4xYCFRs.mp4
accede, https://media.signbsl.com/videos/asl/youtube/mp4/l20VqAWv2QM.mp4
accelerate, https://media.signbsl.com/videos/asl/aslsearch/mp4/accelerate.mp4
accelerator, https://media.signbsl.com/videos/asl/aslsignbank/mp4/GUN-2932.mp4
accelerator pedal, https://media.signbsl.com/videos/asl/aslsignbank/mp4/GUN-2932.mp4
accent, https://media.signbsl.com/videos/asl/aslsignbank/mp4/ACCENT-584.mp4
accentuate, https://media.signbsl.com/videos/asl/aslsearch/mp4/emphasize.mp4
accept, https://media.signbsl.com/videos/asl/aslsignbank/mp4/ACCEPT-2045.mp4
acceptable, https://media.signbsl.com/videos/asl/aslsignbank/mp4/GOOD-472.mp4
acceptably, https://media.signbsl.com/videos/asl/startasl/mp4/so-so.mp4
acceptance, https://media.signbsl.com/videos/asl/youtube/mp4/DLJ0aGXeHnc.mp4
acceptation, https://media.signbsl.com/videos/asl/valleybible/mp4/adoption.mp4
accepted, https://media.signbsl.com/videos/asl/youtube/mp4/LlAzXA6a1H0.mp4
access, https://media.signbsl.com/videos/asl/aslsignbank/mp4/ACCESS-2046.mp4
accessibility, https://media.signbsl.com/videos/asl/aslsignbank/mp4/SPACE-269.mp4
accessible, https://media.signbsl.com/videos/asl/youtube/mp4/MJVl8RzRd8k.mp4
accession, https://media.signbsl.com/videos/asl/youtube/mp4/lRvYw0pFqhw.mp4
accessories, https://media.signbsl.com/videos/asl/aslsignbank/mp4/UMBRELLA-395.mp4
accessorise, https://media.signbsl.com/videos/asl/youtube/mp4/juav2hsc2us.mp4
accessory, https://media.signbsl.com/videos/asl/aslsignbank/mp4/UMBRELLA-395.mp4
accident, https://media.signbsl.com/videos/asl/aslsignbank/mp4/ACCIDENT-2047.mp4
accidental, https://player.vimeo.com/external/391145949.sd.mp4?s=6f4f4815e614d0104bf79f7872cd2e46fae59340&profile_id=164
acclaim, https://media.signbsl.com/videos/asl/aslsearch/mp4/hail.mp4
acclamation, https://media.signbsl.com/videos/asl/youtube/mp4/kCsAOcdIecA.mp4
acclimate, https://media.signbsl.com/videos/asl/youtube/mp4/SxaBeZc5zTU.mp4
acclimatise, https://media.signbsl.com/videos/asl/youtube/mp4/SxaBeZc5zTU.mp4
acclimatize, https://media.signbsl.com/videos/asl/youtube/mp4/SxaBeZc5zTU.mp4
accolade, https://media.signbsl.com/videos/asl/aslsignbank/mp4/HONOR-2606.mp4
accommodate, https://media.signbsl.com/videos/asl/aslsignbank/mp4/CHANGE-2371.mp4
accommodation, https://media.signbsl.com/videos/asl/youtube/mp4/HovG2Xui6Xs.mp4
accommodations, https://media.signbsl.com/videos/asl/youtube/mp4/HovG2Xui6Xs.mp4
accompanied, https://media.signbsl.com/videos/asl/youtube/mp4/nnvwsvPoiaY.mp4
accompanist, https://media.signbsl.com/videos/asl/youtube/mp4/BYKomEnirh0.mp4
accompany, https://media.signbsl.com/videos/asl/aslsearch/mp4/accompany.mp4
accompanyist, https://media.signbsl.com/videos/asl/youtube/mp4/BYKomEnirh0.mp4
accomplice, https://media.signbsl.com/videos/asl/unoclimb/mp4/Pf7wq5f_GHg.mp4
accomplish, https://media.signbsl.com/videos/asl/aslsignbank/mp4/FINALLY-2915.mp4
accomplishable, https://media.signbsl.com/videos/asl/youtube/mp4/WlGsV1dqb7g.mp4
accomplished, https://media.signbsl.com/videos/asl/youtube/mp4/ujzMg9UQeaU.mp4
accomplishment, https://media.signbsl.com/videos/asl/aslsearch/mp4/skill.mp4
ac compressor, https://media.signbsl.com/videos/asl/AustinCommunityCollege/mp4/auto_ac_compressor_.mp4
accord, https://media.signbsl.com/videos/asl/aslsearch/mp4/pact.mp4
according, https://media.signbsl.com/videos/asl/youtube/mp4/XUfmFLIBSt4.mp4
according to, https://media.signbsl.com/videos/asl/aslsignbank/mp4/FOLLOW-1489.mp4
accordion, https://media.signbsl.com/videos/asl/youtube/mp4/ktkxlYapr-Y.mp4
accordionist, https://media.signbsl.com/videos/asl/youtube/mp4/R2PljvE93yA.mp4
accost, https://player.vimeo.com/external/391146030.sd.mp4?s=5d872110cf52e532d9ba2b631204e45bc6c2b980&profile_id=164
accouchement, https://player.vimeo.com/external/395745664.sd.mp4?s=cb72aa35517311980285c3543d70aff82e80d973&profile_id=164
accoucheur, https://media.signbsl.com/videos/asl/youtube/mp4/P0-MIT3UyQI.mp4
accoucheuse, https://media.signbsl.com/videos/asl/youtube/mp4/A-qnKsphHBY.mp4
account, https://media.signbsl.com/videos/asl/aslsignbank/mp4/COUNT-609.mp4
accountability, https://media.signbsl.com/videos/asl/aslsignbank/mp4/RESPONSIBILITY-968.mp4
Accountable Responsible, https://media.signbsl.com/videos/asl/ids/mp4/2013-11-170-accountable-responsible-obligation-1500k-ase.mp4
accountancy, https://media.signbsl.com/videos/asl/aslsignbank/mp4/SCORE-1002.mp4
accountant, https://media.signbsl.com/videos/asl/startasl/mp4/accountant.mp4
account book, https://media.signbsl.com/videos/asl/youtube/mp4/Ku1x_9EC3Y0.mp4
account for, https://media.signbsl.com/videos/asl/youtube/mp4/wQO-lFHbG04.mp4
accounting, https://media.signbsl.com/videos/asl/aslsignbank/mp4/SCORE-1002.mp4
account statement, https://player.vimeo.com/external/391146070.sd.mp4?s=556dc0756b695b9709002d4b0e44198a62635ff4&profile_id=164
accouter, https://media.signbsl.com/videos/asl/youtube/mp4/rZtLR1IQWOQ.mp4
accoutre, https://media.signbsl.com/videos/asl/youtube/mp4/rZtLR1IQWOQ.mp4
accredit, https://media.signbsl.com/videos/asl/youtube/mp4/IQTqa2tEGqE.mp4
accredited, https://media.signbsl.com/videos/asl/ids/mp4/2013-11-910-commissioned-1500k-ase.mp4
accretion, https://media.signbsl.com/videos/asl/youtube/mp4/Rhn9_vsJrk8.mp4
accrual, https://media.signbsl.com/videos/asl/youtube/mp4/b78W1VpzrCg.mp4
accruement, https://media.signbsl.com/videos/asl/youtube/mp4/b78W1VpzrCg.mp4
acculturate, https://player.vimeo.com/external/391146089.sd.mp4?s=fb51011a2f81f68bebbed8df2c0fd2a77407e89f&profile_id=164
accumulate, https://media.signbsl.com/videos/asl/aslsignbank/mp4/INCREASE-2424.mp4
accumulation, https://media.signbsl.com/videos/asl/youtube/mp4/Rhn9_vsJrk8.mp4
accumulative, https://media.signbsl.com/videos/asl/youtube/mp4/96AGjAn9p8s.mp4
accumulator, https://media.signbsl.com/videos/asl/youtube/mp4/1cOHnIknlCw.mp4
accuracy, https://media.signbsl.com/videos/asl/aslsignbank/mp4/RIGHT-533.mp4
accurate, https://media.signbsl.com/videos/asl/aslsearch/mp4/accurate.mp4
accursed, https://media.signbsl.com/videos/asl/youtube/mp4/2FvCNgD57dY.mp4
accurst, https://media.signbsl.com/videos/asl/youtube/mp4/2FvCNgD57dY.mp4
accusal, https://media.signbsl.com/videos/asl/youtube/mp4/iYSM-Wsal8M.mp4
accusation, https://media.signbsl.com/videos/asl/youtube/mp4/iYSM-Wsal8M.mp4
accuse, https://media.signbsl.com/videos/asl/aslsignbank/mp4/BLAME-552.mp4
accuser, https://media.signbsl.com/videos/asl/youtube/mp4/7LUZYeOTEXs.mp4
accustom, https://media.signbsl.com/videos/asl/youtube/mp4/kZZUmUEnuQA.mp4
accustomed, https://player.vimeo.com/external/391915299.sd.mp4?s=5d5040fa8fdf14cbe72643add36df5d04a62a70b&profile_id=164
accustomed to, https://media.signbsl.com/videos/asl/aslsearch/mp4/accustomed-to.mp4
ace, https://media.signbsl.com/videos/asl/aslsignbank/mp4/ONE-519.mp4
acedia, https://media.signbsl.com/videos/asl/valleybible/mp4/laziness.mp4
ace in the hole, https://media.signbsl.com/videos/asl/youtube/mp4/QH44qzVn5YQ.mp4
acerb, https://media.signbsl.com/videos/asl/youtube/mp4/TpDci3j9x0Q.mp4
acerbate, https://media.signbsl.com/videos/asl/youtube/mp4/NASEIKNZkWk.mp4
acerbic, https://media.signbsl.com/videos/asl/youtube/mp4/TpDci3j9x0Q.mp4
acerbity, https://media.signbsl.com/videos/asl/youtube/mp4/-GPNd06bAmQ.mp4
acetone, https://media.signbsl.com/videos/asl/AustinCommunityCollege/mp4/weld_acetone_.mp4
acetum, https://media.signbsl.com/videos/asl/aslsearch/mp4/vinegar.mp4
acetylene gas, https://media.signbsl.com/videos/asl/AustinCommunityCollege/mp4/weld_acetylene_gas_.mp4
acetylsalicylic acid, https://media.signbsl.com/videos/asl/startasl/mp4/aspirin.mp4
ache, https://media.signbsl.com/videos/asl/startasl/mp4/hurt.mp4
achier, https://media.signbsl.com/videos/asl/youtube/mp4/3k1SIPq9y78.mp4
achievability, https://media.signbsl.com/videos/asl/youtube/mp4/FtlD8EM_ejQ.mp4
achievable, https://media.signbsl.com/videos/asl/youtube/mp4/WlGsV1dqb7g.mp4
achieve, https://media.signbsl.com/videos/asl/aslsignbank/mp4/FINALLY-2915.mp4
achievement, https://media.signbsl.com/videos/asl/youtube/mp4/WBlnubHbN1o.mp4
achiever, https://media.signbsl.com/videos/asl/aslsearch/mp4/winner.mp4
Achilles heel, https://media.signbsl.com/videos/asl/youtube/mp4/5I-3VUyfHRc.mp4
achromasia, https://media.signbsl.com/videos/asl/youtube/mp4/CyWP5-vGPDs.mp4
achromatic, https://media.signbsl.com/videos/asl/startasl/mp4/black.mp4
acid, https://media.signbsl.com/videos/asl/aslsearch/mp4/acid.mp4
acidified, https://media.signbsl.com/videos/asl/youtube/mp4/R0Xn1Ba7H4o.mp4
acidity, https://media.signbsl.com/videos/asl/youtube/mp4/HDReGftMnhA.mp4
acid reflux, https://media.signbsl.com/videos/asl/youtube/mp4/7j2-4HIpYXo.mp4
Acinonyx jubatus, https://player.vimeo.com/external/395743391.sd.mp4?s=d6ecb2994a17f1b54bd0a4c7c0199d0ff8539571&profile_id=164
ack ack, https://player.vimeo.com/external/392700605.sd.mp4?s=e2d69ffc58942fe379e1a313cc63263780242dc1&profile_id=164
ack ack gun, https://player.vimeo.com/external/392700605.sd.mp4?s=e2d69ffc58942fe379e1a313cc63263780242dc1&profile_id=164
acknowledge, https://media.signbsl.com/videos/asl/aslsignbank/mp4/ADMIT-1970.mp4
acknowledgment, https://media.signbsl.com/videos/asl/elementalaslconcepts/mp4/citation.mp4
acme, https://media.signbsl.com/videos/asl/youtube/mp4/7QYlJNIBcZE.mp4
acne, https://media.signbsl.com/videos/asl/aslsignbank/mp4/FRECKLES-2924.mp4
acoustic, https://media.signbsl.com/videos/asl/youtube/mp4/1_FUqY5ryvI.mp4
acoustic wave, https://media.signbsl.com/videos/asl/elementalaslconcepts/mp4/sound_wave.mp4
ac power, https://media.signbsl.com/videos/asl/deaftec/mp4/913.mp4
acquaint, https://media.signbsl.com/videos/asl/aslsignbank/mp4/INTRODUCE-158.mp4
acquaintance, https://player.vimeo.com/external/391146197.sd.mp4?s=758eb2409339a5fdcbed0e2802f07147580d8c01&profile_id=164
acquiesce, https://media.signbsl.com/videos/asl/youtube/mp4/l20VqAWv2QM.mp4
acquiescent, https://media.signbsl.com/videos/asl/youtube/mp4/WQul6p2CJIQ.mp4
acquirable, https://media.signbsl.com/videos/asl/youtube/mp4/KwbjNa78zLg.mp4
acquire, https://media.signbsl.com/videos/asl/startasl/mp4/learn.mp4
acquired immune deficiency syndrome, https://player.vimeo.com/external/392761971.sd.mp4?s=98ce3eef84a079509a67c014a121b1734046c7a5&profile_id=164
acquirement, https://media.signbsl.com/videos/asl/aslsearch/mp4/skill.mp4
acquirer, https://media.signbsl.com/videos/asl/youtube/mp4/tKb-kK3Dl5c.mp4
acquiring, https://media.signbsl.com/videos/asl/signlanguagestudent/mp4/getting.mp4
acquisition, https://media.signbsl.com/videos/asl/aslsearch/mp4/skill.mp4
acquisitive, https://player.vimeo.com/external/391146239.sd.mp4?s=482cfa15d1b6a5c5bc9118da54c241908dddc804&profile_id=164
acquit, https://media.signbsl.com/videos/asl/aslsearch/mp4/discharge.mp4
acquittance, https://media.signbsl.com/videos/asl/youtube/mp4/LBQzYkvP1tc.mp4
acquitted, https://media.signbsl.com/videos/asl/youtube/mp4/a9lEeZK1dAk.mp4
acre, https://media.signbsl.com/videos/asl/youtube/mp4/Rq0MCfGh_XQ.mp4
acreage, https://media.signbsl.com/videos/asl/youtube/mp4/2FwKVMDrlAg.mp4
acrid, https://media.signbsl.com/videos/asl/youtube/mp4/TpDci3j9x0Q.mp4
acrider, https://media.signbsl.com/videos/asl/youtube/mp4/RHwmdeYjXgE.mp4
acrimonious, https://media.signbsl.com/videos/asl/startasl/mp4/bitter.mp4
acrimony, https://media.signbsl.com/videos/asl/youtube/mp4/-GPNd06bAmQ.mp4
acrobat, https://media.signbsl.com/videos/asl/youtube/mp4/1Z3lFor8dBA.mp4
acrobatic, https://media.signbsl.com/videos/asl/youtube/mp4/chuRndgN-80.mp4
acronym, https://media.signbsl.com/videos/asl/youtube/mp4/bN7cDwERnT0.mp4
acrophobia, https://media.signbsl.com/videos/asl/youtube/mp4/4QCuU2CSiKM.mp4
across, https://media.signbsl.com/videos/asl/startasl/mp4/across-2.mp4
across from, https://media.signbsl.com/videos/asl/signlanguagestudent/mp4/across-from.mp4
across the board, https://media.signbsl.com/videos/asl/youtube/mp4/U7RaP1unBYU.mp4
across the pond, https://media.signbsl.com/videos/asl/youtube/mp4/r0IuoWKBleg.mp4
across these points, https://media.signbsl.com/videos/asl/AustinCommunityCollege/mp4/elec_across_points_.mp4
act, https://media.signbsl.com/videos/asl/aslsignbank/mp4/ACT-5.mp4
actin, https://media.signbsl.com/videos/asl/youtube/mp4/4Zsj8lpLb1o.mp4
acting, https://media.signbsl.com/videos/asl/youtube/mp4/6FybTiA7Yc8.mp4
action, https://media.signbsl.com/videos/asl/signlanguagestudent/mp4/action.mp4
actionable, https://media.signbsl.com/videos/asl/youtube/mp4/kvg-aMlMIYQ.mp4
action figure, https://media.signbsl.com/videos/asl/aslsignbank/mp4/DOLL-112.mp4
action replay, https://media.signbsl.com/videos/asl/youtube/mp4/LI0oXffsSxw.mp4
actions speak louder than words, https://media.signbsl.com/videos/asl/youtube/mp4/G39Cd6h4Z0k.mp4
activate, https://media.signbsl.com/videos/asl/AustinCommunityCollege/mp4/weld_trigger_.mp4
active, https://media.signbsl.com/videos/asl/aslsearch/mp4/active.mp4
active agent, https://media.signbsl.com/videos/asl/aslsearch/mp4/active.mp4
active listening, https://media.signbsl.com/videos/asl/youtube/mp4/q0HGpvHVQ4M.mp4
actively, https://media.signbsl.com/videos/asl/youtube/mp4/d_m8WDdjiZY.mp4
activewear, https://media.signbsl.com/videos/asl/youtube/mp4/79Y_BdlJDDA.mp4
activism, https://media.signbsl.com/videos/asl/youtube/mp4/ZADVkZx1X38.mp4
activities, https://media.signbsl.com/videos/asl/signlanguagestudent/mp4/activities.mp4
Activities church, https://media.signbsl.com/videos/asl/ids/mp4/2013-11-160-activities-church-1500k-ase.mp4
activity, https://media.signbsl.com/videos/asl/signlanguagestudent/mp4/activities.mp4
act of contrition, https://media.signbsl.com/videos/asl/handsofgrace/mp4/hUFM_wEGqxU.mp4
act of God, https://media.signbsl.com/videos/asl/youtube/mp4/tTfrAms7iJI.mp4
act of terrorism, https://media.signbsl.com/videos/asl/youtube/mp4/Kiw_ysfQxK8.mp4
act on, https://media.signbsl.com/videos/asl/youtube/mp4/rBw1D7jAWaU.mp4
act on effect, https://media.signbsl.com/videos/asl/youtube/mp4/Br0tJF6oLnU.mp4
actor, https://media.signbsl.com/videos/asl/startasl/mp4/actor.mp4
act out, https://media.signbsl.com/videos/asl/youtube/mp4/Wuni0JQWBF4.mp4
actress, https://media.signbsl.com/videos/asl/aslsearch/mp4/actress.mp4
actual, https://media.signbsl.com/videos/asl/aslsearch/mp4/actual.mp4
actualise, https://media.signbsl.com/videos/asl/youtube/mp4/HNi3zRKy1J4.mp4
actualize, https://media.signbsl.com/videos/asl/youtube/mp4/HNi3zRKy1J4.mp4
actually, https://media.signbsl.com/videos/asl/aslsignbank/mp4/TRUE-BIZ-837.mp4
actuaries, https://media.signbsl.com/videos/asl/youtube/mp4/kMuXyH-yW5A.mp4
actuary, https://media.signbsl.com/videos/asl/youtube/mp4/kMuXyH-yW5A.mp4
actuate, https://media.signbsl.com/videos/asl/AustinCommunityCollege/mp4/weld_trigger_.mp4
actuator, https://media.signbsl.com/videos/asl/youtube/mp4/YNnTeu1icNI.mp4
act up, https://media.signbsl.com/videos/asl/youtube/mp4/nfDTu7H4yXk.mp4
acuate, https://media.signbsl.com/videos/asl/aslsearch/mp4/sharp.mp4
acuity, https://media.signbsl.com/videos/asl/youtube/mp4/wyrkYDpI3js.mp4
acumen, https://media.signbsl.com/videos/asl/youtube/mp4/0fbX6vuIELM.mp4
acuminate, https://media.signbsl.com/videos/asl/youtube/mp4/f89usxpFjss.mp4
acupuncture, https://media.signbsl.com/videos/asl/youtube/mp4/M0vbddMmlrs.mp4
acupuncturist, https://media.signbsl.com/videos/asl/youtube/mp4/g1S_Ets0ssY.mp4
acute, https://media.signbsl.com/videos/asl/youtube/mp4/_lpje-OArik.mp4
acute angle, https://media.signbsl.com/videos/asl/tsdvideo/mp4/1207.mp4
acute angled triangle, https://media.signbsl.com/videos/asl/tsdvideo/mp4/1209.mp4
acuteness, https://media.signbsl.com/videos/asl/youtube/mp4/wyrkYDpI3js.mp4
acuter, https://media.signbsl.com/videos/asl/youtube/mp4/Lske0dkOTpI.mp4
acute triangle, https://media.signbsl.com/videos/asl/tsdvideo/mp4/1209.mp4
ad, https://media.signbsl.com/videos/asl/aslsignbank/mp4/ADVERTISE-2053.mp4
a d, https://media.signbsl.com/videos/asl/aslsignbank/mp4/ADVERTISE-2053.mp4
adage, https://media.signbsl.com/videos/asl/aslsignbank/mp4/SAW-331.mp4
adagio, https://media.signbsl.com/videos/asl/youtube/mp4/LNnPnzAwkgo.mp4
Adam, https://media.signbsl.com/videos/asl/signlanguagestudent/mp4/adam%20(alternate).mp4
adamant, https://player.vimeo.com/external/391146368.sd.mp4?s=8c2382f56525115b9314b32b5f4352049003a36d&profile_id=164
adamantine, https://player.vimeo.com/external/391146368.sd.mp4?s=8c2382f56525115b9314b32b5f4352049003a36d&profile_id=164
adam rare, https://media.signbsl.com/videos/asl/signlanguagestudent/mp4/adam%20(alternate).mp4
adapt, https://media.signbsl.com/videos/asl/aslsignbank/mp4/CHANGE-2371.mp4
adaptability, https://media.signbsl.com/videos/asl/youtube/mp4/uGIwcPi7vOM.mp4
adaptation, https://media.signbsl.com/videos/asl/youtube/mp4/iGxjqHczeEQ.mp4
adapter, https://media.signbsl.com/videos/asl/youtube/mp4/e1BxvZuz7cY.mp4
adaption, https://media.signbsl.com/videos/asl/elementalaslconcepts/mp4/adaption.mp4
adaptor, https://media.signbsl.com/videos/asl/youtube/mp4/mdUNqTZj4y8.mp4
adapt to me, https://media.signbsl.com/videos/asl/youtube/mp4/r-j8CqrvwGY.mp4
adaxial, https://media.signbsl.com/videos/asl/youtube/mp4/A-oNYdE8LOg.mp4
a day, https://media.signbsl.com/videos/asl/youtube/mp4/DC1NMOdgRsc.mp4
add, https://media.signbsl.com/videos/asl/aslsignbank/mp4/BRING-51.mp4
addable, https://media.signbsl.com/videos/asl/youtube/mp4/lfW5YBveFew.mp4
addend, https://media.signbsl.com/videos/asl/elementalaslconcepts/mp4/addend.mp4
addenda, https://media.signbsl.com/videos/asl/youtube/mp4/qMIfGrP0Q2g.mp4
addible, https://media.signbsl.com/videos/asl/youtube/mp4/lfW5YBveFew.mp4
addict, https://media.signbsl.com/videos/asl/aslsearch/mp4/nut.mp4
addiction, https://media.signbsl.com/videos/asl/aslsearch/mp4/addiction.mp4
addictive, https://player.vimeo.com/external/391146443.sd.mp4?s=37c376a05e844e829be4c41ff46d0cb27dc983e0&profile_id=164
add in, https://media.signbsl.com/videos/asl/youtube/mp4/fIsZau1lLwM.mp4
add insult to injury, https://media.signbsl.com/videos/asl/youtube/mp4/cWSiEgwGBgs.mp4
addition, https://media.signbsl.com/videos/asl/signlanguagestudent/mp4/addition.mp4
additional, https://media.signbsl.com/videos/asl/aslsearch/mp4/additional.mp4
addition property of equality, https://media.signbsl.com/videos/asl/youtube/mp4/X4Gwhixfgq0.mp4
addition property of opposites, https://media.signbsl.com/videos/asl/youtube/mp4/QUQC-L7SOeM.mp4
addition sentence, https://media.signbsl.com/videos/asl/youtube/mp4/C2yeuLOcj-c.mp4
additive, https://media.signbsl.com/videos/asl/tsdvideo/mp4/548.mp4
additive identity, https://media.signbsl.com/videos/asl/youtube/mp4/39F_YHrY6BY.mp4
additive inverse, https://media.signbsl.com/videos/asl/youtube/mp4/6p7IM8GfqLc.mp4
addle, https://media.signbsl.com/videos/asl/youtube/mp4/2NAKJFl_ifA.mp4
addle head, https://media.signbsl.com/videos/asl/youtube/mp4/0M-Z8qwmWck.mp4
addlehead, https://media.signbsl.com/videos/asl/youtube/mp4/0M-Z8qwmWck.mp4
add on, https://media.signbsl.com/videos/asl/aslsignbank/mp4/UMBRELLA-395.mp4
address, https://media.signbsl.com/videos/asl/aslsearch/mp4/address.mp4
addressee, https://media.signbsl.com/videos/asl/youtube/mp4/TOh_HFP3YyQ.mp4
add together, https://media.signbsl.com/videos/asl/signlanguagestudent/mp4/add-up.mp4
adduce, https://media.signbsl.com/videos/asl/youtube/mp4/0gZt7iS9AKw.mp4
adduct, https://media.signbsl.com/videos/asl/youtube/mp4/gOHuOkSHphc.mp4
add up, https://media.signbsl.com/videos/asl/signlanguagestudent/mp4/add-up.mp4
add up to, https://media.signbsl.com/videos/asl/youtube/mp4/P6z_7ITW5p4.mp4
add up tomp4, https://player.vimeo.com/external/391146404.sd.mp4?s=8a7df54d1406df0e88e9a652fb5e83dd58f5adb8&profile_id=164
ade, https://media.signbsl.com/videos/asl/aslsignbank/mp4/PUNCH-945.mp4
adept, https://media.signbsl.com/videos/asl/aslsignbank/mp4/EXPERT-2482.mp4
adequacy, https://media.signbsl.com/videos/asl/youtube/mp4/AdLXesnN7LM.mp4
adequate, https://media.signbsl.com/videos/asl/aslsignbank/mp4/GOOD-ENOUGH-1869.mp4
adequateness, https://media.signbsl.com/videos/asl/youtube/mp4/AdLXesnN7LM.mp4
adhere, https://media.signbsl.com/videos/asl/youtube/mp4/_-0r4uyd5rQ.mp4
adherence, https://media.signbsl.com/videos/asl/youtube/mp4/CIC1dUOjZ9M.mp4
adherent, https://media.signbsl.com/videos/asl/signlanguagestudent/mp4/disciple.mp4
adhesion, https://media.signbsl.com/videos/asl/youtube/mp4/CIC1dUOjZ9M.mp4
adhesive, https://media.signbsl.com/videos/asl/aslsignbank/mp4/MAGNET-2995.mp4
adhesive material, https://media.signbsl.com/videos/asl/aslsignbank/mp4/MAGNET-2995.mp4
adhesive tape, https://media.signbsl.com/videos/asl/aslsearch/mp4/adhesive-tape.mp4
ad hoc, https://media.signbsl.com/videos/asl/deaftec/mp4/915.mp4
adieu, https://media.signbsl.com/videos/asl/startasl/mp4/bye.mp4
adios, https://media.signbsl.com/videos/asl/startasl/mp4/bye.mp4
adipose, https://media.signbsl.com/videos/asl/youtube/mp4/6PqQzgGEClA.mp4
adiposis, https://media.signbsl.com/videos/asl/youtube/mp4/LalHh07WU-4.mp4
adjacent, https://media.signbsl.com/videos/asl/aslsignbank/mp4/NEAR-193.mp4
adjacent angles, https://media.signbsl.com/videos/asl/youtube/mp4/gkPyX6WWCzo.mp4
adjacent arcs, https://media.signbsl.com/videos/asl/youtube/mp4/KJYPZMIVNuM.mp4
adjectival, https://media.signbsl.com/videos/asl/youtube/mp4/UrNL9BYe3JI.mp4
adjective, https://media.signbsl.com/videos/asl/youtube/mp4/Eu8W3GPjUz0.mp4
adjoin, https://media.signbsl.com/videos/asl/aslsignbank/mp4/BORDER-2959.mp4
adjoining, https://media.signbsl.com/videos/asl/youtube/mp4/4vdqUPH8zFU.mp4
adjourn, https://player.vimeo.com/external/391150766.sd.mp4?s=fb0714d2635592c4c3c91ccc70c28b75b776ce30&profile_id=164
adjudication, https://media.signbsl.com/videos/asl/youtube/mp4/iymf9c9F5JQ.mp4
adjudicator, https://media.signbsl.com/videos/asl/youtube/mp4/zyA4b81yWaU.mp4
adjunct, https://media.signbsl.com/videos/asl/youtube/mp4/6Cs3ZATFquw.mp4
adjuration, https://media.signbsl.com/videos/asl/youtube/mp4/HQdFJDplB48.mp4
adjure, https://player.vimeo.com/external/391200984.sd.mp4?s=9c73b059fbcdf7cb4713a2d3eb9811222efb391a&profile_id=164
adjust, https://media.signbsl.com/videos/asl/aslsignbank/mp4/ALIGN-2057.mp4
adjustable, https://media.signbsl.com/videos/asl/youtube/mp4/kd_Pqa_olsg.mp4
adjuster, https://media.signbsl.com/videos/asl/youtube/mp4/5uTBwGUZVcI.mp4
adjustment, https://media.signbsl.com/videos/asl/youtube/mp4/HovG2Xui6Xs.mp4
adjustor, https://media.signbsl.com/videos/asl/youtube/mp4/5uTBwGUZVcI.mp4
adjust screw, https://media.signbsl.com/videos/asl/AustinCommunityCollege/mp4/weld_adjust_screw_.mp4
adjutant, https://media.signbsl.com/videos/asl/youtube/mp4/4G923qZC3mk.mp4
adjuvant, https://media.signbsl.com/videos/asl/youtube/mp4/vcBF-gsWn5I.mp4
ad lib, https://player.vimeo.com/external/392196053.sd.mp4?s=05621d4e9d004adcf0585e15d8b725e44e700092&profile_id=164
ad libitum, https://player.vimeo.com/external/392196053.sd.mp4?s=05621d4e9d004adcf0585e15d8b725e44e700092&profile_id=164
adman, https://media.signbsl.com/videos/asl/youtube/mp4/jvOBCdAYE5w.mp4
admin, https://media.signbsl.com/videos/asl/youtube/mp4/ab30bie9EOE.mp4
administer, https://media.signbsl.com/videos/asl/signlanguagestudent/mp4/administer.mp4
administer control, https://media.signbsl.com/videos/asl/signlanguagestudent/mp4/administer%20(control).mp4
Administer the Sacrament, https://media.signbsl.com/videos/asl/ids/mp4/2013-11-210-adminster-the-sacrament-1500k-ase.mp4
Administer to the Sick, https://media.signbsl.com/videos/asl/ids/mp4/2013-11-200-administer-to-the-sick-1500k-ase.mp4
administrate, https://media.signbsl.com/videos/asl/signlanguagestudent/mp4/administer.mp4
administrater, https://media.signbsl.com/videos/asl/youtube/mp4/VGl7ee8CVTo.mp4
administration, https://player.vimeo.com/external/391150925.sd.mp4?s=6abfb0d533bf3765b2b6b807b1e1ce1145f610e8&profile_id=164
administrative official, https://media.signbsl.com/videos/asl/youtube/mp4/qvBJGJRZCE0.mp4
administrator, https://media.signbsl.com/videos/asl/aslsearch/mp4/administrator.mp4
admirable, https://media.signbsl.com/videos/asl/youtube/mp4/XHj_gM8_4xw.mp4
admiral, https://media.signbsl.com/videos/asl/youtube/mp4/rjjziF6YHIc.mp4
admiration, https://player.vimeo.com/external/392015685.sd.mp4?s=85f3c66fe01852992902ff6bb76e2125a0ecf85b&profile_id=164
admire, https://media.signbsl.com/videos/asl/aslsignbank/mp4/ADMIRE-777.mp4
admirer, https://media.signbsl.com/videos/asl/mariekatzenbachschool/mp4/admirer.mp4
admissible, https://media.signbsl.com/videos/asl/unoclimb/mp4/RKOiKqN6erY.mp4
admission, https://media.signbsl.com/videos/asl/youtube/mp4/oxGaLv3UONY.mp4
admissions, https://media.signbsl.com/videos/asl/youtube/mp4/oxGaLv3UONY.mp4
admit, https://media.signbsl.com/videos/asl/aslsignbank/mp4/ADMIT-1970.mp4
admittance, https://media.signbsl.com/videos/asl/youtube/mp4/oxGaLv3UONY.mp4
admix, https://media.signbsl.com/videos/asl/youtube/mp4/mypw_UbHLh4.mp4
admixture, https://media.signbsl.com/videos/asl/youtube/mp4/1x_9y66F-rI.mp4
admonish, https://media.signbsl.com/videos/asl/valleybible/mp4/Admonish.mp4
admonishing, https://media.signbsl.com/videos/asl/youtube/mp4/CtdEXJ6Dd4s.mp4
admonitory, https://media.signbsl.com/videos/asl/youtube/mp4/CtdEXJ6Dd4s.mp4
ado, https://media.signbsl.com/videos/asl/youtube/mp4/EnxyRHEy1r8.mp4
adolescence, https://media.signbsl.com/videos/asl/youtube/mp4/m8Q0wZK9h9k.mp4
adolescent, https://media.signbsl.com/videos/asl/aslsignbank/mp4/TEENAGER-1185.mp4
Adolf Hitler, https://player.vimeo.com/external/392178150.sd.mp4?s=41895ffce02f04b101402e5f0abf1e42587a5ac3&profile_id=164
adopt, https://media.signbsl.com/videos/asl/aslsignbank/mp4/ADOPT-751.mp4
adoptable, https://media.signbsl.com/videos/asl/youtube/mp4/82Olfv5yiTw.mp4
adopt a child, https://media.signbsl.com/videos/asl/youtube/mp4/wc-cTudESyI.mp4
adopter, https://media.signbsl.com/videos/asl/youtube/mp4/Ymz-i534oYM.mp4
adoption, https://media.signbsl.com/videos/asl/valleybible/mp4/adoption.mp4
adoptive parent, https://media.signbsl.com/videos/asl/youtube/mp4/Ymz-i534oYM.mp4
adorable, https://media.signbsl.com/videos/asl/youtube/mp4/NgbSkTFoPpU.mp4
adoration, https://media.signbsl.com/videos/asl/valleybible/mp4/adoration.mp4
adore, https://media.signbsl.com/videos/asl/aslsignbank/mp4/KISS-FIST-166.mp4
adorer, https://media.signbsl.com/videos/asl/youtube/mp4/E55nHWmBlFc.mp4
adorn, https://media.signbsl.com/videos/asl/aslsignbank/mp4/DECORATE-1227.mp4
adrift, https://media.signbsl.com/videos/asl/youtube/mp4/Kng5owImeDA.mp4
adroit, https://media.signbsl.com/videos/asl/aslsignbank/mp4/WISE-783.mp4
adulate, https://media.signbsl.com/videos/asl/youtube/mp4/umSD0IYgj78.mp4
adulation, https://media.signbsl.com/videos/asl/youtube/mp4/46UiT04zeXY.mp4
adulator, https://media.signbsl.com/videos/asl/youtube/mp4/8hKZn6VE4II.mp4
adult, https://media.signbsl.com/videos/asl/aslsignbank/mp4/ADULT_2-2364.mp4
adult education, https://player.vimeo.com/external/392761886.sd.mp4?s=b298f882b7d17509f21837421eb5cb940657a208&profile_id=164
adulterate, https://player.vimeo.com/external/392481453.sd.mp4?s=73e63fa38bd5184728b61f57bfadb920517f98b6&profile_id=164
adulterer, https://media.signbsl.com/videos/asl/youtube/mp4/PwSAtZXPCXo.mp4
adulteress, https://media.signbsl.com/videos/asl/youtube/mp4/ie2iSOIwHUI.mp4
adulteries, https://media.signbsl.com/videos/asl/signlanguagestudent/mp4/adultery.mp4
adulterous, https://media.signbsl.com/videos/asl/youtube/mp4/vQj7wlF3taU.mp4
adultery, https://media.signbsl.com/videos/asl/signlanguagestudent/mp4/adultery.mp4
adult female, https://media.signbsl.com/videos/asl/startasl/mp4/woman.mp4
adulthood, https://media.signbsl.com/videos/asl/youtube/mp4/ZUyDkPYSfug.mp4
adult male, https://media.signbsl.com/videos/asl/startasl/mp4/man.mp4
adumbrate, https://media.signbsl.com/videos/asl/youtube/mp4/veGiXhawA0E.mp4
adust, https://media.signbsl.com/videos/asl/youtube/mp4/6htVsSJ7vIk.mp4
advance, https://media.signbsl.com/videos/asl/aslsearch/mp4/advance2.mp4
advanced, https://media.signbsl.com/videos/asl/aslsearch/mp4/advanced.mp4
advanced in a slow sideways manner, https://media.signbsl.com/videos/asl/youtube/mp4/15Kgt3NZ7XQ.mp4
advantage, https://media.signbsl.com/videos/asl/aslsignbank/mp4/ADVANTAGE-2052.mp4
advantageous, https://media.signbsl.com/videos/asl/youtube/mp4/edvOVyVZdhw.mp4
Advent, https://media.signbsl.com/videos/asl/youtube/mp4/IMCaD9Nqkoo.mp4
adventitious, https://player.vimeo.com/external/391145949.sd.mp4?s=6f4f4815e614d0104bf79f7872cd2e46fae59340&profile_id=164
adventure, https://media.signbsl.com/videos/asl/aslsignbank/mp4/TRAVEL-1307.mp4
adventurer, https://media.signbsl.com/videos/asl/youtube/mp4/UE90_G07J_Y.mp4
adventuresome, https://player.vimeo.com/external/391151710.sd.mp4?s=f5a1341566170537d66ac83f53155c94ce49f86c&profile_id=164
adventuress, https://media.signbsl.com/videos/asl/youtube/mp4/mDUVcexqQTs.mp4
adventurous, https://player.vimeo.com/external/391151710.sd.mp4?s=f5a1341566170537d66ac83f53155c94ce49f86c&profile_id=164
adverb, https://media.signbsl.com/videos/asl/aslsearch/mp4/adverb.mp4
adversarial, https://media.signbsl.com/videos/asl/youtube/mp4/EplbK_uwexE.mp4
adversaries, https://media.signbsl.com/videos/asl/signlanguagestudent/mp4/adversary.mp4
adversary, https://media.signbsl.com/videos/asl/signlanguagestudent/mp4/adversary.mp4
adverse, https://media.signbsl.com/videos/asl/youtube/mp4/kN4mxB9IIFg.mp4
adversity, https://media.signbsl.com/videos/asl/ids/mp4/2013-11-230-adversity-1500k-ase.mp4
advert, https://media.signbsl.com/videos/asl/aslsignbank/mp4/MENTION-1617.mp4
advertise, https://media.signbsl.com/videos/asl/youtube/mp4/aSG-meVZwZ4.mp4
advertisement, https://media.signbsl.com/videos/asl/aslsignbank/mp4/ADVERTISE-2053.mp4
advertiser, https://media.signbsl.com/videos/asl/youtube/mp4/jvOBCdAYE5w.mp4
advertising, https://media.signbsl.com/videos/asl/aslsignbank/mp4/ADVERTISE-2053.mp4
advertize, https://media.signbsl.com/videos/asl/youtube/mp4/aSG-meVZwZ4.mp4
advertizement, https://media.signbsl.com/videos/asl/aslsignbank/mp4/ADVERTISE-2053.mp4
advertizer, https://media.signbsl.com/videos/asl/youtube/mp4/jvOBCdAYE5w.mp4
advertizing, https://media.signbsl.com/videos/asl/aslsignbank/mp4/ADVERTISE-2053.mp4
advice, https://media.signbsl.com/videos/asl/aslsignbank/mp4/COUNSEL-1170.mp4
advice of counsel, https://media.signbsl.com/videos/asl/unoclimb/mp4/fKoq1-7SEks.mp4
advisability, https://media.signbsl.com/videos/asl/youtube/mp4/y-DBhfyg-00.mp4
advise, https://media.signbsl.com/videos/asl/aslsearch/mp4/suggest.mp4
advise against, https://media.signbsl.com/videos/asl/youtube/mp4/72mCcHYsaCY.mp4
Advise Counsel, https://media.signbsl.com/videos/asl/ids/mp4/2013-11-240-advise-counsel-1500k-ase.mp4
adviser, https://media.signbsl.com/videos/asl/aslsignbank/mp4/COUNSELOR-2548.mp4
advisor, https://media.signbsl.com/videos/asl/aslsignbank/mp4/COUNSELOR-2548.mp4
advocacy, https://media.signbsl.com/videos/asl/aslsignbank/mp4/FIGHT-2349.mp4
advocate, https://media.signbsl.com/videos/asl/aslsignbank/mp4/PROPOSE-941.mp4
aegis, https://media.signbsl.com/videos/asl/signlanguagestudent/mp4/breastplate.mp4
aeon, https://media.signbsl.com/videos/asl/youtube/mp4/Pp41-aByfDU.mp4
aerate, https://media.signbsl.com/videos/asl/youtube/mp4/MlOrJnmGhN0.mp4
aerator, https://media.signbsl.com/videos/asl/youtube/mp4/ntvPFgClwHg.mp4
aerial, https://media.signbsl.com/videos/asl/youtube/mp4/GZhMzP3bkVw.mp4
aerialist, https://media.signbsl.com/videos/asl/youtube/mp4/6xnNVDGeR0k.mp4
aerie, https://media.signbsl.com/videos/asl/youtube/mp4/gxRiEG1n0N8.mp4
aeriform, https://media.signbsl.com/videos/asl/youtube/mp4/uwrpVKDkj-Q.mp4
aerobatic, https://media.signbsl.com/videos/asl/youtube/mp4/l5Rg20VrdIQ.mp4
aerobic, https://media.signbsl.com/videos/asl/deaftec/mp4/1336.mp4
aerobic exercise, https://media.signbsl.com/videos/asl/youtube/mp4/sN2zEYMxkKQ.mp4
aerobics, https://media.signbsl.com/videos/asl/youtube/mp4/sN2zEYMxkKQ.mp4
aerodrome, https://media.signbsl.com/videos/asl/aslsearch/mp4/airport.mp4
aerodynamic, https://media.signbsl.com/videos/asl/youtube/mp4/RkbMfuTDYzM.mp4
aerofoil, https://media.signbsl.com/videos/asl/youtube/mp4/NcigEd2mCbE.mp4
aeronaut, https://player.vimeo.com/external/392677091.sd.mp4?s=d6045c024f5d4f54e69f4641c848279fe2110cdd&profile_id=164
aeronautic, https://media.signbsl.com/videos/asl/youtube/mp4/C2JnELSn1fU.mp4
aeronautical, https://media.signbsl.com/videos/asl/youtube/mp4/C2JnELSn1fU.mp4
aerophilic, https://media.signbsl.com/videos/asl/deaftec/mp4/1336.mp4
aerophilous, https://media.signbsl.com/videos/asl/deaftec/mp4/1336.mp4
aeroplane, https://media.signbsl.com/videos/asl/startasl/mp4/airplane.mp4
aerosol, https://media.signbsl.com/videos/asl/youtube/mp4/HZKYvXNLeYY.mp4
aerospace, https://media.signbsl.com/videos/asl/youtube/mp4/19oUCxAchow.mp4
aery, https://media.signbsl.com/videos/asl/youtube/mp4/gxRiEG1n0N8.mp4
aesthete, https://media.signbsl.com/videos/asl/youtube/mp4/ldsePmYi4dA.mp4
aesthetics, https://media.signbsl.com/videos/asl/philosophy/mp4/Aesthetics-HD.mp4
aestivate, https://media.signbsl.com/videos/asl/youtube/mp4/ezhxok3LjYE.mp4
aetiologic, https://media.signbsl.com/videos/asl/youtube/mp4/29vUi7Lqk5g.mp4
aetiological, https://media.signbsl.com/videos/asl/youtube/mp4/29vUi7Lqk5g.mp4
afab, https://media.signbsl.com/videos/asl/youtube/mp4/VLaF8GzcDuk.mp4
afar, https://media.signbsl.com/videos/asl/youtube/mp4/Ozf-kem_nxk.mp4
Afars and Issas, https://media.signbsl.com/videos/asl/youtube/mp4/VT261GvFMh0.mp4
a few, NA
affability, https://media.signbsl.com/videos/asl/youtube/mp4/H9n7X9oTGgg.mp4
affable, https://media.signbsl.com/videos/asl/aslsearch/mp4/amiable.mp4
affableness, https://media.signbsl.com/videos/asl/youtube/mp4/H9n7X9oTGgg.mp4
affair, https://media.signbsl.com/videos/asl/youtube/mp4/PO6G5b6M3yk.mp4
affaire, https://media.signbsl.com/videos/asl/youtube/mp4/PO6G5b6M3yk.mp4
affect, https://media.signbsl.com/videos/asl/aslsearch/mp4/impress.mp4
affectation, https://media.signbsl.com/videos/asl/youtube/mp4/BwVk2wLDLfQ.mp4
affected, https://media.signbsl.com/videos/asl/aslsignbank/mp4/TOUCH-HEART-1267.mp4
affectedness, https://media.signbsl.com/videos/asl/youtube/mp4/BwVk2wLDLfQ.mp4
affecting, https://player.vimeo.com/external/392526403.sd.mp4?s=3ca6f61854c2b2fa5f82ac612f9fc417ac28a759&profile_id=164
affection, https://media.signbsl.com/videos/asl/aslsignbank/mp4/AFFECTION-2476.mp4
affectional, https://media.signbsl.com/videos/asl/youtube/mp4/RQZGR0WxlMg.mp4
affectionate, https://player.vimeo.com/external/391152440.sd.mp4?s=fc46d633d11499afbd7c020a3489b3f8f27d38b3&profile_id=164
affectionately, https://media.signbsl.com/videos/asl/youtube/mp4/QuQ6WUesvhw.mp4
affectionateness, https://media.signbsl.com/videos/asl/aslsignbank/mp4/AFFECTION-2476.mp4
affective, https://media.signbsl.com/videos/asl/youtube/mp4/RQZGR0WxlMg.mp4
affiance, https://media.signbsl.com/videos/asl/youtube/mp4/PDHWdZiusiI.mp4
affiant, https://media.signbsl.com/videos/asl/unoclimb/mp4/AIA40edbYLs.mp4
affidavit, https://media.signbsl.com/videos/asl/unoclimb/mp4/cSrB7BI0cno.mp4
affiliate, https://media.signbsl.com/videos/asl/aslsearch/mp4/affiliate.mp4
affiliation, https://media.signbsl.com/videos/asl/aslsearch/mp4/affiliation.mp4
affine, https://media.signbsl.com/videos/asl/youtube/mp4/WgjoJW9CDlY.mp4
affinities, https://media.signbsl.com/videos/asl/youtube/mp4/1sdhvxVWGBs.mp4
affinity, https://media.signbsl.com/videos/asl/youtube/mp4/1sdhvxVWGBs.mp4
affirm, https://media.signbsl.com/videos/asl/startasl/mp4/support.mp4
affirmative, https://media.signbsl.com/videos/asl/aslsignbank/mp4/YES-1472.mp4
affix, https://media.signbsl.com/videos/asl/youtube/mp4/Vp1MrSjZ3lw.mp4
affix something, https://media.signbsl.com/videos/asl/aslsignbank/mp4/NAIL-2518.mp4
afflict, https://media.signbsl.com/videos/asl/youtube/mp4/bDa4QziUkqA.mp4
afflicted, https://media.signbsl.com/videos/asl/youtube/mp4/CPsyrw9n5jY.mp4
affliction, https://media.signbsl.com/videos/asl/youtube/mp4/-ZC0bOztm-U.mp4
affluence, https://media.signbsl.com/videos/asl/youtube/mp4/khgBEgkUxP0.mp4
affluent, https://player.vimeo.com/external/391152580.sd.mp4?s=503ca7a28e7dd94e9aa53512c8d611302230a094&profile_id=164
afford, https://media.signbsl.com/videos/asl/aslsearch/mp4/afford.mp4
affordability, https://media.signbsl.com/videos/asl/youtube/mp4/C7e23gVJVvY.mp4
afforest, https://media.signbsl.com/videos/asl/youtube/mp4/X3z3iZKFcbA.mp4
affray, https://media.signbsl.com/videos/asl/youtube/mp4/ZohW7zWYNK4.mp4
affright, https://player.vimeo.com/external/392677613.sd.mp4?s=7c20fb00f99b3faa67c3644be9b650e902daadf4&profile_id=164
affront, https://media.signbsl.com/videos/asl/aslsignbank/mp4/INSULT-2970.mp4
affliction, https://media.signbsl.com/videos/asl/youtube/mp4/-ZC0bOztm-U.mp4
affluence, https://media.signbsl.com/videos/asl/youtube/mp4/khgBEgkUxP0.mp4
affluent, https://player.vimeo.com/external/391152580.sd.mp4?s=503ca7a28e7dd94e9aa53512c8d611302230a094&profile_id=164
afford, https://media.signbsl.com/videos/asl/aslsearch/mp4/afford.mp4
affordability, https://media.signbsl.com/videos/asl/youtube/mp4/C7e23gVJVvY.mp4
afforest, https://media.signbsl.com/videos/asl/youtube/mp4/X3z3iZKFcbA.mp4
affray, https://media.signbsl.com/videos/asl/youtube/mp4/ZohW7zWYNK4.mp4
affright, https://player.vimeo.com/external/392677613.sd.mp4?s=7c20fb00f99b3faa67c3644be9b650e902daadf4&profile_id=164
affront, https://media.signbsl.com/videos/asl/aslsignbank/mp4/INSULT-2970.mp4
affronted, https://media.signbsl.com/videos/asl/youtube/mp4/YQfKm92IvPk.mp4
afghan, https://media.signbsl.com/videos/asl/youtube/mp4/5IMcgn8YFk4.mp4
Afghanistan, https://media.signbsl.com/videos/asl/youtube/mp4/XL3pIPbGcUg.mp4
afghanistan5, https://media.signbsl.com/videos/asl/youtube/mp4/I1m8n5z5gLU.mp4
afghanistan6, https://media.signbsl.com/videos/asl/youtube/mp4/FBvRGZsfEQg.mp4
afghanistan7, https://media.signbsl.com/videos/asl/youtube/mp4/6nGCjLzXUbs.mp4
aficionado, https://media.signbsl.com/videos/asl/youtube/mp4/uqqXbRBufX4.mp4
afield, https://media.signbsl.com/videos/asl/youtube/mp4/1QwXEMnqQ4Q.mp4
a fish out of water, https://media.signbsl.com/videos/asl/youtube/mp4/SPOnw2hn7e0.mp4
aflame, https://media.signbsl.com/videos/asl/youtube/mp4/uyw2E9UlZ8s.mp4
afloat, https://media.signbsl.com/videos/asl/youtube/mp4/Kng5owImeDA.mp4
aflutter, https://media.signbsl.com/videos/asl/youtube/mp4/9Z-cunjR8JY.mp4
afoot, https://media.signbsl.com/videos/asl/youtube/mp4/GuQLpwW9AbQ.mp4
afore, https://media.signbsl.com/videos/asl/youtube/mp4/GB5J-uarBBw.mp4
aforementioned, https://player.vimeo.com/external/391152762.sd.mp4?s=da036db0ef4a24ca9b9282dfb2f83bfb0a78202f&profile_id=164
aforesaid, https://player.vimeo.com/external/391152762.sd.mp4?s=da036db0ef4a24ca9b9282dfb2f83bfb0a78202f&profile_id=164
aforethought, NA
afoul, NA
afraid, https://media.signbsl.com/videos/asl/aslsignbank/mp4/SCARED-246.mp4
afresh, https://media.signbsl.com/videos/asl/youtube/mp4/58m-hspac80.mp4
a fresh pair of eyes, https://media.signbsl.com/videos/asl/youtube/mp4/P6dcj0a7wp8.mp4
Africa, https://media.signbsl.com/videos/asl/startasl/mp4/africa.mp4
African, https://media.signbsl.com/videos/asl/youtube/mp4/m0AB-yj7OoU.mp4
African American, https://media.signbsl.com/videos/asl/youtube/mp4/D0eFjcwusnk.mp4
Afro American, https://media.signbsl.com/videos/asl/youtube/mp4/D0eFjcwusnk.mp4
aft, https://media.signbsl.com/videos/asl/youtube/mp4/6hfgb1LIsog.mp4
after, https://media.signbsl.com/videos/asl/startasl/mp4/after.mp4
after all, https://media.signbsl.com/videos/asl/youtube/mp4/DZdmy4BPZg4.mp4
after all is said and done, https://media.signbsl.com/videos/asl/youtube/mp4/DFfYDBi-iL0.mp4
after a time, https://media.signbsl.com/videos/asl/youtube/mp4/6dPpnwLc-Mk.mp4
after a while, https://media.signbsl.com/videos/asl/aslsearch/mp4/after-a-while.mp4
afterbirth, https://media.signbsl.com/videos/asl/youtube/mp4/Ny7ACgXJCAc.mp4
afterburner, https://media.signbsl.com/videos/asl/youtube/mp4/KFyesTT8oOI.mp4
after dinner, https://media.signbsl.com/videos/asl/aslsignbank/mp4/DESSERT-1249.mp4
afterglow, https://media.signbsl.com/videos/asl/youtube/mp4/MBXwtiGBGZQ.mp4
afterlife, https://media.signbsl.com/videos/asl/youtube/mp4/oHINLqcYeHQ.mp4
after market, https://media.signbsl.com/videos/asl/AustinCommunityCollege/mp4/auto_aftermarket.mp4
aftermarket, https://media.signbsl.com/videos/asl/youtube/mp4/Jkh9HUL3fBo.mp4
aftermath, https://media.signbsl.com/videos/asl/youtube/mp4/8NWWkrGVLes.mp4
afternoon, https://media.signbsl.com/videos/asl/startasl/mp4/goodafternoon.mp4
afternoon tea, https://media.signbsl.com/videos/asl/youtube/mp4/4PUenReSPUM.mp4
afters, https://media.signbsl.com/videos/asl/aslsignbank/mp4/PIE-SLICE-900.mp4
aftershave, NA
aftershock, https://media.signbsl.com/videos/asl/youtube/mp4/GnN1_96c3cU.mp4
afterthought, https://media.signbsl.com/videos/asl/youtube/mp4/fZR1wrt1Yj8.mp4
afterward, https://media.signbsl.com/videos/asl/startasl/mp4/after.mp4
afterwards, https://media.signbsl.com/videos/asl/startasl/mp4/after.mp4
again, https://media.signbsl.com/videos/asl/startasl/mp4/again.mp4
again and again, https://media.signbsl.com/videos/asl/aslsignbank/mp4/INDOCTRINATE-1736.mp4
again repeat, https://media.signbsl.com/videos/asl/youtube/mp4/84NJb1G4eLs.mp4
against, https://media.signbsl.com/videos/asl/aslsignbank/mp4/AGAINST-733.mp4
against the law, https://media.signbsl.com/videos/asl/aslsignbank/mp4/FORBID-602.mp4
agape, https://media.signbsl.com/videos/asl/youtube/mp4/P8UyAd_-aZo.mp4
age, https://media.signbsl.com/videos/asl/aslsignbank/mp4/AGE-153.mp4
aged, https://media.signbsl.com/videos/asl/aslsearch/mp4/elder.mp4
aged 1, https://media.signbsl.com/videos/asl/aslsignbank/mp4/NUMBER-YEARS-OLD-2500.mp4
age five, https://media.signbsl.com/videos/asl/youtube/mp4/Czt6njK9cSo.mp4
ageism, https://media.signbsl.com/videos/asl/youtube/mp4/W4irilUx2IA.mp4
ageless, https://media.signbsl.com/videos/asl/ids/mp4/2013-11-1520-everlasting-1500k-ase.mp4
agency, https://media.signbsl.com/videos/asl/aslsearch/mp4/bureau.mp4
agenda, https://player.vimeo.com/external/391153100.sd.mp4?s=b9a862cdf0c068444ca260164296cc25f9b97eb8&profile_id=164
agendum, https://player.vimeo.com/external/391153100.sd.mp4?s=b9a862cdf0c068444ca260164296cc25f9b97eb8&profile_id=164
agent, https://media.signbsl.com/videos/asl/aslsignbank/mp4/PERSON-703.mp4
agent provocateur, https://media.signbsl.com/videos/asl/youtube/mp4/xWjq0juRTjs.mp4
Age of Accountability, https://media.signbsl.com/videos/asl/ids/mp4/2013-11-265-age-of-accountibility-1500k-ase.mp4
age one, https://media.signbsl.com/videos/asl/youtube/mp4/kMscDzpA9Ig.mp4
ages, https://media.signbsl.com/videos/asl/signlanguagestudent/mp4/years.mp4
age three, https://media.signbsl.com/videos/asl/youtube/mp4/URL8KWdDw1I.mp4
age two, https://media.signbsl.com/videos/asl/youtube/mp4/lPEf3-7N-tI.mp4
agglomerate, https://media.signbsl.com/videos/asl/youtube/mp4/4cE0WZ7C4Lw.mp4
aggrandise, https://media.signbsl.com/videos/asl/AustinCommunityCollege/mp4/auto_pads_.mp4
aggrandize, https://media.signbsl.com/videos/asl/AustinCommunityCollege/mp4/auto_pads_.mp4
aggravate, https://media.signbsl.com/videos/asl/aslsearch/mp4/aggravate.mp4
aggravated, https://media.signbsl.com/videos/asl/unoclimb/mp4/uJv1IbxJnOw.mp4
aggravation, https://media.signbsl.com/videos/asl/youtube/mp4/u7b4baDlppY.mp4
aggregate, https://player.vimeo.com/external/391153169.sd.mp4?s=bd3abaa73c4292b7aa6a5e99aff7c2aea0eed722&profile_id=164
aggregation, https://media.signbsl.com/videos/asl/valleybible/mp4/collection.mp4
aggression, https://media.signbsl.com/videos/asl/youtube/mp4/rdaKC9nY3Mo.mp4
aggressive, https://media.signbsl.com/videos/asl/aslsearch/mp4/aggressive.mp4
aggressiveness, https://media.signbsl.com/videos/asl/youtube/mp4/eQPOSPKCtG0.mp4
aggressor, https://media.signbsl.com/videos/asl/youtube/mp4/L_9I41SNNkw.mp4
aggrieve, https://media.signbsl.com/videos/asl/youtube/mp4/0s-rlUjmDF8.mp4
aghast, https://media.signbsl.com/videos/asl/youtube/mp4/Daxtk4Z34Jg.mp4
agile, https://media.signbsl.com/videos/asl/aslsearch/mp4/agile.mp4
agiler, https://media.signbsl.com/videos/asl/youtube/mp4/6lRevZBaBMM.mp4
agism, https://media.signbsl.com/videos/asl/youtube/mp4/W4irilUx2IA.mp4
agitate, https://media.signbsl.com/videos/asl/aslsearch/mp4/shake.mp4
agitated, https://player.vimeo.com/external/391153900.sd.mp4?s=2a03a5d6e25cdd65958d52fb78b2d343874176bd&profile_id=164
agitation, https://media.signbsl.com/videos/asl/youtube/mp4/Fdmm7TokywY.mp4
agleam, https://media.signbsl.com/videos/asl/youtube/mp4/wsCQlQklGsU.mp4
aglitter, NA
agnate, https://media.signbsl.com/videos/asl/youtube/mp4/Bfmf6bO0Oyo.mp4
agnatic, https://media.signbsl.com/videos/asl/youtube/mp4/Bfmf6bO0Oyo.mp4
agnostic, https://media.signbsl.com/videos/asl/youtube/mp4/tIKaRRdjcTo.mp4
ago, https://media.signbsl.com/videos/asl/aslsignbank/mp4/LONG-AGO-1639.mp4
agog, https://media.signbsl.com/videos/asl/youtube/mp4/IhSN7SX41Xc.mp4
agonies, https://media.signbsl.com/videos/asl/aslsearch/mp4/agony.mp4
agonising, https://media.signbsl.com/videos/asl/youtube/mp4/fDWzFJMQ7I0.mp4
agonist, https://media.signbsl.com/videos/asl/youtube/mp4/Nh483KxPCxc.mp4
agonizing, https://media.signbsl.com/videos/asl/youtube/mp4/fDWzFJMQ7I0.mp4
agony, https://media.signbsl.com/videos/asl/aslsearch/mp4/agony.mp4
a good deal, https://media.signbsl.com/videos/asl/aslsignbank/mp4/MANY-504.mp4
agora, https://media.signbsl.com/videos/asl/mariekatzenbachschool/mp4/forum.mp4
agoraphobia, https://media.signbsl.com/videos/asl/youtube/mp4/_nM7i1ZA7ec.mp4
agrarian, https://media.signbsl.com/videos/asl/youtube/mp4/Yj7lz9G_x0I.mp4
a great deal, https://media.signbsl.com/videos/asl/aslsignbank/mp4/MANY-504.mp4
agree, https://media.signbsl.com/videos/asl/aslsearch/mp4/fit.mp4
agreeable, https://media.signbsl.com/videos/asl/youtube/mp4/92JsWUu-TvI.mp4
agreeableness, https://player.vimeo.com/external/391161840.sd.mp4?s=3dc6ff84449ba8da79383767a61defd5748c53d1&profile_id=164
agreement, https://media.signbsl.com/videos/asl/aslsignbank/mp4/AGREEMENT-2056.mp4
agree on, https://media.signbsl.com/videos/asl/youtube/mp4/ZjGBHae5eFY.mp4
agribusiness, https://media.signbsl.com/videos/asl/aslsignbank/mp4/FARM-128.mp4
agricultural, https://media.signbsl.com/videos/asl/youtube/mp4/Yj7lz9G_x0I.mp4
agriculturalist, https://media.signbsl.com/videos/asl/youtube/mp4/MUMccWm8ry0.mp4
agriculture, https://media.signbsl.com/videos/asl/aslsignbank/mp4/FARM-128.mp4
agriculturist, https://media.signbsl.com/videos/asl/youtube/mp4/YsG-EYcbVnQ.mp4
agronomic, https://media.signbsl.com/videos/asl/youtube/mp4/tFIbHog3Q5s.mp4
agronomical, https://media.signbsl.com/videos/asl/youtube/mp4/tFIbHog3Q5s.mp4
agronomist, https://media.signbsl.com/videos/asl/youtube/mp4/Q-jLkpWXQZI.mp4
aground, https://media.signbsl.com/videos/asl/youtube/mp4/qUlYUPDXvkI.mp4
a group going to somewhere, https://media.signbsl.com/videos/asl/youtube/mp4/2fuwKg4XZos.mp4
aguacate, https://media.signbsl.com/videos/asl/thefamilyvocab/mp4/avocado.mp4
ah, https://media.signbsl.com/videos/asl/aslsignbank/mp4/i(oops)-1807.mp4
aha, https://media.signbsl.com/videos/asl/youtube/mp4/ffkGa1en3nE.mp4
ahead, https://media.signbsl.com/videos/asl/signlanguagestudent/mp4/ahead.mp4
ahem, https://media.signbsl.com/videos/asl/youtube/mp4/JRZDH_BUqpU.mp4
ahh, https://media.signbsl.com/videos/asl/aslsignbank/mp4/i(scared)-1801.mp4
ahh wow, https://media.signbsl.com/videos/asl/youtube/mp4/FrunvhgXzBc.mp4
ahoy, https://media.signbsl.com/videos/asl/youtube/mp4/KBn8r7bTyWQ.mp4
a huge discount, https://media.signbsl.com/videos/asl/youtube/mp4/ReiV9eyk5JE.mp4
a hundred, https://media.signbsl.com/videos/asl/aslsignbank/mp4/HUNDRED-1756.mp4
a hundred times, https://media.signbsl.com/videos/asl/youtube/mp4/cD5RkL5h7vU.mp4
aid, https://media.signbsl.com/videos/asl/startasl/mp4/help.mp4
aide, https://media.signbsl.com/videos/asl/aslsearch/mp4/aide.mp4
aide de camp, https://media.signbsl.com/videos/asl/youtube/mp4/4G923qZC3mk.mp4
AIDS, https://player.vimeo.com/external/392761971.sd.mp4?s=98ce3eef84a079509a67c014a121b1734046c7a5&profile_id=164
ail, https://media.signbsl.com/videos/asl/thefamilyvocab/mp4/garlic.mp4
aileron, https://media.signbsl.com/videos/asl/youtube/mp4/k1-TTk8rpDg.mp4
ailing, https://media.signbsl.com/videos/asl/youtube/mp4/vduojz_rPl8.mp4
Ailuropoda melanoleuca, https://media.signbsl.com/videos/asl/thefamilyvocab/mp4/panda.mp4
aim, https://media.signbsl.com/videos/asl/aslsignbank/mp4/GOAL-854.mp4
aimless, https://media.signbsl.com/videos/asl/youtube/mp4/Kng5owImeDA.mp4
ain, https://media.signbsl.com/videos/asl/youtube/mp4/-neFub-9POw.mp4
aint, https://media.signbsl.com/videos/asl/youtube/mp4/EDBfMdujdgQ.mp4
air, https://media.signbsl.com/videos/asl/signlanguagestudent/mp4/air.mp4
air bag, https://player.vimeo.com/external/392645427.sd.mp4?s=4729e42f55d572ed5b1d7c145e158d51e4001043&profile_id=164
airbag, https://player.vimeo.com/external/392645427.sd.mp4?s=4729e42f55d572ed5b1d7c145e158d51e4001043&profile_id=164
airbarake, https://media.signbsl.com/videos/asl/youtube/mp4/blWLDSLAocE.mp4
airbase, NA
airborne, https://media.signbsl.com/videos/asl/youtube/mp4/514WzXqUbYw.mp4
airbrake, https://media.signbsl.com/videos/asl/youtube/mp4/igbVH6k1iC0.mp4
airbus, https://media.signbsl.com/videos/asl/youtube/mp4/01vUyB9l1mM.mp4
air circulation, https://media.signbsl.com/videos/asl/youtube/mp4/0ZUiIS8X4P4.mp4
air conditioner, https://media.signbsl.com/videos/asl/startasl/mp4/ac.mp4
air conditioner ac, https://player.vimeo.com/external/392645409.sd.mp4?s=49f1d72aa9c80e266d307a6f71ecd080cb179abe&profile_id=164
air conditioning, https://media.signbsl.com/videos/asl/startasl/mp4/ac.mp4
aircraft, https://media.signbsl.com/videos/asl/youtube/mp4/POnBZrZ44AE.mp4
aircraft carrier, https://media.signbsl.com/videos/asl/youtube/mp4/d-fEdRnSvT8.mp4
aircrew, https://media.signbsl.com/videos/asl/youtube/mp4/EsYVim_PZQ4.mp4
air crew, https://media.signbsl.com/videos/asl/youtube/mp4/EsYVim_PZQ4.mp4
air current, https://media.signbsl.com/videos/asl/startasl/mp4/wind.mp4
airdock, https://media.signbsl.com/videos/asl/youtube/mp4/5Qa0JVWYfmw.mp4
airdrome, https://media.signbsl.com/videos/asl/aslsearch/mp4/airport.mp4
airdrop, https://media.signbsl.com/videos/asl/youtube/mp4/bs1L6z7a2jw.mp4
aired, https://media.signbsl.com/videos/asl/youtube/mp4/MA54HKML_Tw.mp4
airfare, https://media.signbsl.com/videos/asl/youtube/mp4/FVQmgZDUFz8.mp4
airfield, https://media.signbsl.com/videos/asl/youtube/mp4/dSJER4fQ5zo.mp4
airflow, https://media.signbsl.com/videos/asl/youtube/mp4/-YxJiWlCVyY.mp4
air flow, https://media.signbsl.com/videos/asl/youtube/mp4/-YxJiWlCVyY.mp4
airfoil, https://media.signbsl.com/videos/asl/youtube/mp4/NcigEd2mCbE.mp4
air force, https://media.signbsl.com/videos/asl/startasl/mp4/airforce.mp4
airforce, https://media.signbsl.com/videos/asl/startasl/mp4/airforce.mp4
airfreight, https://media.signbsl.com/videos/asl/youtube/mp4/n9naJaOMIfk.mp4
air gun, https://media.signbsl.com/videos/asl/youtube/mp4/5DATK4wtzuc.mp4
airgun, https://media.signbsl.com/videos/asl/youtube/mp4/5DATK4wtzuc.mp4
air hammer, https://media.signbsl.com/videos/asl/youtube/mp4/s3S7PewpynU.mp4
airhead, https://media.signbsl.com/videos/asl/youtube/mp4/C6ty5q6va0Y.mp4
airheaded, https://media.signbsl.com/videos/asl/youtube/mp4/euXTA2TStZ0.mp4
air horn, https://media.signbsl.com/videos/asl/youtube/mp4/3ZlQTOKlitI.mp4
air hostess, https://media.signbsl.com/videos/asl/youtube/mp4/mGbbc6ICS_8.mp4
airier, https://media.signbsl.com/videos/asl/youtube/mp4/47VYqOulOrw.mp4
airily, https://media.signbsl.com/videos/asl/youtube/mp4/mo58jv3G9xo.mp4
airiness, https://media.signbsl.com/videos/asl/youtube/mp4/zkAjalWu8aY.mp4
air kiss, https://media.signbsl.com/videos/asl/youtube/mp4/HzVUwKo9OmI.mp4
airless, https://media.signbsl.com/videos/asl/youtube/mp4/SSISvXLegvA.mp4
airlift, https://media.signbsl.com/videos/asl/youtube/mp4/4gHGu4fXHnI.mp4
airline, https://media.signbsl.com/videos/asl/aslsignbank/mp4/AIRPLANE-401.mp4
airline business, https://media.signbsl.com/videos/asl/aslsignbank/mp4/AIRPLANE-401.mp4
airmail, https://media.signbsl.com/videos/asl/youtube/mp4/uBoSZPBh0Jk.mp4
airman, https://player.vimeo.com/external/392677091.sd.mp4?s=d6045c024f5d4f54e69f4641c848279fe2110cdd&profile_id=164
air out, https://media.signbsl.com/videos/asl/youtube/mp4/CJjuN-tN6jw.mp4
airplane, https://media.signbsl.com/videos/asl/startasl/mp4/airplane.mp4
airplane crash, https://player.vimeo.com/external/392645445.sd.mp4?s=d57a53a78fdafef63a27e994b2c327d52480cb58&profile_id=164
airplane pilot, https://player.vimeo.com/external/392410635.sd.mp4?s=261cde7eda89034edb6c50692a98dab6524766fc&profile_id=164
airplay, https://media.signbsl.com/videos/asl/youtube/mp4/5DrIDtPRPvo.mp4
airport, https://media.signbsl.com/videos/asl/aslsearch/mp4/airport.mp4
airpost, https://media.signbsl.com/videos/asl/youtube/mp4/uBoSZPBh0Jk.mp4
air pressure, https://media.signbsl.com/videos/asl/AustinCommunityCollege/mp4/auto_atmosp_pressure_.mp4
air raid shelter, https://media.signbsl.com/videos/asl/youtube/mp4/MuFHJsgE0ik.mp4
air resistance, https://media.signbsl.com/videos/asl/youtube/mp4/Y42YyvEv24c.mp4
air rifle, https://media.signbsl.com/videos/asl/youtube/mp4/5DATK4wtzuc.mp4
airshow, https://media.signbsl.com/videos/asl/youtube/mp4/R9uR3xsSQs8.mp4
airsick, https://media.signbsl.com/videos/asl/youtube/mp4/yjIM9OAqWLk.mp4
air sick, https://media.signbsl.com/videos/asl/youtube/mp4/yjIM9OAqWLk.mp4
air signed exact english, https://media.signbsl.com/videos/asl/aslsearch/mp4/air.mp4
airspace, https://media.signbsl.com/videos/asl/youtube/mp4/u2x4bcYIHJo.mp4
airspeed, https://media.signbsl.com/videos/asl/youtube/mp4/FrIZJqB0jHU.mp4
airstrike, https://media.signbsl.com/videos/asl/youtube/mp4/c8YFSF_ON7U.mp4
airt, https://media.signbsl.com/videos/asl/unoclimb/mp4/N6DiurNjRRI.mp4
airtight, https://media.signbsl.com/videos/asl/youtube/mp4/ZMUNnw0uOGQ.mp4
air tight, https://media.signbsl.com/videos/asl/youtube/mp4/ZMUNnw0uOGQ.mp4
airtime, https://media.signbsl.com/videos/asl/youtube/mp4/e9pb3bBIHoQ.mp4
air travel, https://media.signbsl.com/videos/asl/youtube/mp4/pM_rp6FbB9g.mp4
airwave, https://media.signbsl.com/videos/asl/youtube/mp4/8wKykPeJw3M.mp4
airwaves, https://media.signbsl.com/videos/asl/youtube/mp4/8wKykPeJw3M.mp4
airway, https://media.signbsl.com/videos/asl/aslsignbank/mp4/AIRPLANE-401.mp4
airworthiness, https://media.signbsl.com/videos/asl/youtube/mp4/o2NNXyomb98.mp4
airy, https://media.signbsl.com/videos/asl/youtube/mp4/MA54HKML_Tw.mp4
aisle, https://media.signbsl.com/videos/asl/aslsearch/mp4/aisle.mp4
ajar, https://player.vimeo.com/external/391154262.sd.mp4?s=f893e2b5d1f86fba3e67907f5f0c3018feb365a4&profile_id=164
AK, https://media.signbsl.com/videos/asl/aslsignbank/mp4/ALASKA-707.mp4
Akashic Records, https://player.vimeo.com/external/391154293.sd.mp4?s=b35a3e2d2e1c2b8b0fd981568e8a6f13262c8217&profile_id=164
akhadar, https://media.signbsl.com/videos/asl/youtube/mp4/lQx7NBZ4-_g.mp4
akimbo, https://media.signbsl.com/videos/asl/youtube/mp4/w7eYCtsy7rY.mp4
akin, https://media.signbsl.com/videos/asl/youtube/mp4/m54wfBvHy8E.mp4
AL, https://media.signbsl.com/videos/asl/youtube/mp4/lLFnuzUDymQ.mp4
Alabama, https://media.signbsl.com/videos/asl/youtube/mp4/lLFnuzUDymQ.mp4
alabaster, https://media.signbsl.com/videos/asl/youtube/mp4/MYcA7L2Sw20.mp4
a la carte, https://media.signbsl.com/videos/asl/youtube/mp4/WjQ4mYRhues.mp4
alack, https://media.signbsl.com/videos/asl/youtube/mp4/HzKw8UbsR1A.mp4
Aladdin, https://media.signbsl.com/videos/asl/youtube/mp4/lYCpyY-wHkA.mp4
alarm, https://media.signbsl.com/videos/asl/aslsignbank/mp4/ALARM-402.mp4
alarm bell, https://media.signbsl.com/videos/asl/youtube/mp4/GtVNfr1PbOs.mp4
alarm clock, https://media.signbsl.com/videos/asl/aslsearch/mp4/alarm-clock.mp4
alarmist, https://media.signbsl.com/videos/asl/youtube/mp4/VKKFopaljJI.mp4
alas, https://media.signbsl.com/videos/asl/aslsearch/mp4/unfortunately.mp4
Alaska, https://media.signbsl.com/videos/asl/aslsignbank/mp4/ALASKA-707.mp4
Albania, https://media.signbsl.com/videos/asl/youtube/mp4/MM6OH8aCCBw.mp4
albatross, https://media.signbsl.com/videos/asl/youtube/mp4/8hEDxq8RrH0.mp4
albedo, https://media.signbsl.com/videos/asl/youtube/mp4/-h6bBYqDb3U.mp4
albeit, https://player.vimeo.com/external/391154437.sd.mp4?s=6266c64c85cb46ce6cae2a75c7fd6fa6eba4d5d4&profile_id=164
Alberta, https://player.vimeo.com/external/391154455.sd.mp4?s=4a30ec46534cb64d3b51767be98bee2e5a64c8eb&profile_id=164
Albert Camus, https://media.signbsl.com/videos/asl/philosophy/mp4/Camus-HD.mp4
albinism, https://media.signbsl.com/videos/asl/youtube/mp4/HF0mPiQrvCg.mp4
album, https://media.signbsl.com/videos/asl/aslsearch/mp4/album.mp4
Alces alces, https://media.signbsl.com/videos/asl/aslsearch/mp4/elk.mp4
alchemist, https://media.signbsl.com/videos/asl/youtube/mp4/sD6NRHsTk-Q.mp4
alchemy, https://media.signbsl.com/videos/asl/youtube/mp4/9gfUzw1E334.mp4
alcohol, https://media.signbsl.com/videos/asl/aslsignbank/mp4/ALCOHOL-3186.mp4
alcoholic, https://media.signbsl.com/videos/asl/aslsearch/mp4/alcoholic.mp4
alcoholic beverage, https://media.signbsl.com/videos/asl/aslsignbank/mp4/ALCOHOL-3186.mp4
Alcoholics Anonymous, https://player.vimeo.com/external/391154525.sd.mp4?s=a72c87f9f5deb7997c9450bfb12cad5c30dea88d&profile_id=164
alcove, https://media.signbsl.com/videos/asl/youtube/mp4/XLCEDAme5pc.mp4
alderman, https://media.signbsl.com/videos/asl/youtube/mp4/O_frgRabu44.mp4
alderwoman, https://media.signbsl.com/videos/asl/youtube/mp4/WHFWzrJwaZ0.mp4
ale, https://media.signbsl.com/videos/asl/youtube/mp4/trmW2rUiWNo.mp4
alehouse, https://media.signbsl.com/videos/asl/youtube/mp4/i8XkXn3QVD4.mp4
alert, https://media.signbsl.com/videos/asl/aslsignbank/mp4/ATTENTION-756.mp4
alertness, https://media.signbsl.com/videos/asl/youtube/mp4/Yi92GVc61T4.mp4
Alexander Bell, https://media.signbsl.com/videos/asl/aslbricks/mp4/bell.mp4
Alexander Graham Bell, https://media.signbsl.com/videos/asl/aslbricks/mp4/bell.mp4
alfresco, https://media.signbsl.com/videos/asl/startasl/mp4/outside.mp4
alga, https://media.signbsl.com/videos/asl/youtube/mp4/fb00NFtlzt0.mp4
algae, https://media.signbsl.com/videos/asl/youtube/mp4/fb00NFtlzt0.mp4
algebra, https://media.signbsl.com/videos/asl/startasl/mp4/algebra.mp4
algebraic function, https://media.signbsl.com/videos/asl/tsdvideo/mp4/1284.mp4
algebraic operating system, https://media.signbsl.com/videos/asl/youtube/mp4/lKDXdDt0KDo.mp4
Algeria, https://media.signbsl.com/videos/asl/youtube/mp4/Bv3BN5O8quI.mp4
Algerie, https://media.signbsl.com/videos/asl/youtube/mp4/Bv3BN5O8quI.mp4
algorithm, https://media.signbsl.com/videos/asl/aslsearch/mp4/algorithm.mp4
algorithmic program, https://media.signbsl.com/videos/asl/aslsearch/mp4/algorithm.mp4
algorithmic rule, https://media.signbsl.com/videos/asl/aslsearch/mp4/algorithm.mp4
alias, https://media.signbsl.com/videos/asl/youtube/mp4/ctVMJXA1xAg.mp4
alibi, https://player.vimeo.com/external/392026502.sd.mp4?s=7c47f43a46427fd9bd3f87078f3fc8c5461f67b1&profile_id=164
alien, https://media.signbsl.com/videos/asl/aslsearch/mp4/stranger.mp4
alienable, https://media.signbsl.com/videos/asl/youtube/mp4/CROlfydmYvo.mp4
alienate, https://media.signbsl.com/videos/asl/youtube/mp4/sPpEasyvPdo.mp4
alight, https://media.signbsl.com/videos/asl/youtube/mp4/4qCrhiv5w1s.mp4
alighted rather heavily, https://media.signbsl.com/videos/asl/youtube/mp4/FgKLzU_tbfM.mp4
align, https://media.signbsl.com/videos/asl/aslsignbank/mp4/ALIGN-2057.mp4
alignment, https://player.vimeo.com/external/391390608.sd.mp4?s=f80ecd11f86cf3a51f84247af2924f06afacf841&profile_id=164
alike, https://media.signbsl.com/videos/asl/aslsignbank/mp4/SAME-534.mp4
alikeness, https://media.signbsl.com/videos/asl/ids/mp4/2013-11-4470-similitude-1500k-ase.mp4
aliment, https://media.signbsl.com/videos/asl/youtube/mp4/nsqYsh7Csag.mp4
alimental, https://media.signbsl.com/videos/asl/youtube/mp4/nxSV-pKwZdk.mp4
alimentary, https://media.signbsl.com/videos/asl/youtube/mp4/nxSV-pKwZdk.mp4
alimentary paste, https://media.signbsl.com/videos/asl/youtube/mp4/GO8-46-dlIg.mp4
alimentation, https://media.signbsl.com/videos/asl/youtube/mp4/nsqYsh7Csag.mp4
alimony, https://media.signbsl.com/videos/asl/youtube/mp4/fkVA1vNxwOE.mp4
aline, https://media.signbsl.com/videos/asl/aslsignbank/mp4/ALIGN-2057.mp4
alinement, https://player.vimeo.com/external/391390608.sd.mp4?s=f80ecd11f86cf3a51f84247af2924f06afacf841&profile_id=164
Al Iraq, https://media.signbsl.com/videos/asl/startasl/mp4/iraq.mp4
A list, https://media.signbsl.com/videos/asl/youtube/mp4/2g37xYSntCY.mp4
a little bird told me, https://media.signbsl.com/videos/asl/youtube/mp4/EPs344ARB2w.mp4
a little bit, https://media.signbsl.com/videos/asl/aslsignbank/mp4/A-LITTLE-BIT-0.mp4
alive, https://media.signbsl.com/videos/asl/aslsignbank/mp4/LIVE-1641.mp4
aliveness, https://media.signbsl.com/videos/asl/youtube/mp4/yejTR3f3lZo.mp4
alkalify, https://media.signbsl.com/videos/asl/youtube/mp4/5oN42fTev_M.mp4
alkalise, https://media.signbsl.com/videos/asl/youtube/mp4/5oN42fTev_M.mp4
alkaliser, https://media.signbsl.com/videos/asl/youtube/mp4/w_oTMLVSJnA.mp4
alkalize, https://media.signbsl.com/videos/asl/youtube/mp4/5oN42fTev_M.mp4
alkalizer, https://media.signbsl.com/videos/asl/youtube/mp4/w_oTMLVSJnA.mp4
alkane, https://media.signbsl.com/videos/asl/youtube/mp4/laoCl086fBM.mp4
alkane series, https://media.signbsl.com/videos/asl/youtube/mp4/laoCl086fBM.mp4
alky, https://media.signbsl.com/videos/asl/aslsearch/mp4/alcoholic.mp4
all, https://media.signbsl.com/videos/asl/aslsearch/mp4/whole.mp4
all's good, https://media.signbsl.com/videos/asl/youtube/mp4/MKo0p-uOa7o.mp4
all (in the list), https://media.signbsl.com/videos/asl/signlanguagestudent/mp4/all%20(in%20the%20list).mp4
all (of those), https://media.signbsl.com/videos/asl/signlanguagestudent/mp4/all%20(of%20those).mp4
all (the entire amount), https://media.signbsl.com/videos/asl/signlanguagestudent/mp4/all%20(the%20entire%20amount).mp4
all a's, https://media.signbsl.com/videos/asl/youtube/mp4/GTnjJRLXWLg.mp4
all about me, https://media.signbsl.com/videos/asl/youtube/mp4/6ngz-UY7I2c.mp4
All Afternoon, https://player.vimeo.com/external/391154685.sd.mp4?s=5ad9eeb1b0d51f4471c854e706fa775179f62c7e&profile_id=164
all alone, https://media.signbsl.com/videos/asl/aslsignbank/mp4/LONELY-2058.mp4
all along, https://media.signbsl.com/videos/asl/aslsignbank/mp4/SINCE-1066.mp4
all as, https://media.signbsl.com/videos/asl/youtube/mp4/GTnjJRLXWLg.mp4
all at once, https://media.signbsl.com/videos/asl/aslsignbank/mp4/ALL-TOGETHER-2061.mp4
all at once there was, https://media.signbsl.com/videos/asl/youtube/mp4/iwFBvHV9nVQ.mp4
allay, https://media.signbsl.com/videos/asl/AustinCommunityCollege/mp4/weld_quench_.mp4
all bark and no bite, https://media.signbsl.com/videos/asl/youtube/mp4/raZeSDwIeEM.mp4
all by herself, https://media.signbsl.com/videos/asl/youtube/mp4/v4bbMm-DYfA.mp4
all by itself, https://media.signbsl.com/videos/asl/youtube/mp4/84W9b13PhsY.mp4
all by myself, https://media.signbsl.com/videos/asl/youtube/mp4/RWR5oJw3hMo.mp4
all day, https://media.signbsl.com/videos/asl/aslsignbank/mp4/ALL-DAY-7.mp4
all day and all night, https://media.signbsl.com/videos/asl/aslsignbank/mp4/ALL-DAY-AND-NIGHT-2900.mp4
all different sorts of, https://media.signbsl.com/videos/asl/youtube/mp4/m3dwUv09PfU.mp4
all done, https://media.signbsl.com/videos/asl/aslsignbank/mp4/E(no-more)-1895.mp4
all dressed up and nowhere to go, https://media.signbsl.com/videos/asl/youtube/mp4/IddWNOzHoQM.mp4
all ears, https://media.signbsl.com/videos/asl/youtube/mp4/91eUTqawATU.mp4
allegation, https://media.signbsl.com/videos/asl/youtube/mp4/2j7_D-IC_ek.mp4
alleged, https://media.signbsl.com/videos/asl/youtube/mp4/xIsxDe0g1TI.mp4
allegement, https://media.signbsl.com/videos/asl/youtube/mp4/2j7_D-IC_ek.mp4
allegiance, https://media.signbsl.com/videos/asl/youtube/mp4/w39wAB02sh8.mp4
allegoric, https://media.signbsl.com/videos/asl/youtube/mp4/za_XebxvJyk.mp4
allegorical, https://media.signbsl.com/videos/asl/youtube/mp4/za_XebxvJyk.mp4
allegorist, https://media.signbsl.com/videos/asl/youtube/mp4/AMEPozoobMg.mp4
allegory, https://media.signbsl.com/videos/asl/signlanguagestudent/mp4/parable%20(alternate%20b).mp4
allegro, https://media.signbsl.com/videos/asl/youtube/mp4/LVSPrhVtSPk.mp4
allele, https://media.signbsl.com/videos/asl/deaftec/mp4/1337.mp4
alleles, https://media.signbsl.com/videos/asl/deaftec/mp4/1337.mp4
allelomorph, https://media.signbsl.com/videos/asl/deaftec/mp4/1337.mp4
alleluia, https://media.signbsl.com/videos/asl/signlanguagestudent/mp4/hallelujah.mp4
all embracing, https://media.signbsl.com/videos/asl/youtube/mp4/U7RaP1unBYU.mp4
all encompassing, https://media.signbsl.com/videos/asl/youtube/mp4/U7RaP1unBYU.mp4
allergen, https://media.signbsl.com/videos/asl/youtube/mp4/e0tcZeb9sm4.mp4
allergenic, https://media.signbsl.com/videos/asl/youtube/mp4/ZEsiNd7k4rY.mp4
allergic, https://player.vimeo.com/external/392645493.sd.mp4?s=c9a10f26835802c1631caae5a7b7d46030c24174&profile_id=164
allergic reaction, https://media.signbsl.com/videos/asl/aslsignbank/mp4/ALLERGY-2885.mp4
allergist, https://media.signbsl.com/videos/asl/youtube/mp4/zvAw4H_I0Lo.mp4
allergy, https://media.signbsl.com/videos/asl/aslsignbank/mp4/ALLERGY-2885.mp4
Allergy Attack, https://player.vimeo.com/external/391155044.sd.mp4?s=046539e9338f0ddd82df80fdaa1128802a95f8d4&profile_id=164
alleviate, https://media.signbsl.com/videos/asl/youtube/mp4/L8ECwyxgD-c.mp4
alleviated, https://media.signbsl.com/videos/asl/startasl/mp4/relieved.mp4
alleviation, https://media.signbsl.com/videos/asl/youtube/mp4/mScEU_9BECc.mp4
alley, https://media.signbsl.com/videos/asl/youtube/mp4/bP9MP_ND3xU.mp4
alleyway, https://media.signbsl.com/videos/asl/youtube/mp4/bP9MP_ND3xU.mp4
All Fools' day, https://player.vimeo.com/external/392645643.sd.mp4?s=1721cd37680029b922caabc12e1d5fa58d2e51bf&profile_id=164
All Fools day, https://player.vimeo.com/external/392645643.sd.mp4?s=1721cd37680029b922caabc12e1d5fa58d2e51bf&profile_id=164
all four years, https://media.signbsl.com/videos/asl/youtube/mp4/q_TlTd30N2A.mp4
all gone, https://media.signbsl.com/videos/asl/startasl/mp4/all-gone.mp4
all gone drink, https://media.signbsl.com/videos/asl/youtube/mp4/tfpCAoX7-ak.mp4
all gone food, https://media.signbsl.com/videos/asl/youtube/mp4/IshcF3snmf4.mp4
Allhallows Eve, https://media.signbsl.com/videos/asl/startasl/mp4/halloween.mp4
all hallows eve, https://media.signbsl.com/videos/asl/startasl/mp4/halloween.mp4
all hands on deck all hands to the pump, https://media.signbsl.com/videos/asl/youtube/mp4/nGeHqLb-3wI.mp4
alliance, https://media.signbsl.com/videos/asl/aslsearch/mp4/alliance.mp4
allied, https://media.signbsl.com/videos/asl/youtube/mp4/6ukyZvjf4QQ.mp4
alligator, https://media.signbsl.com/videos/asl/aslsignbank/mp4/CROCODILE-403.mp4
alligator pear, https://media.signbsl.com/videos/asl/thefamilyvocab/mp4/avocado.mp4
all in, NA
All Incluisve, https://player.vimeo.com/external/391154719.sd.mp4?s=a3eb4f426c500d158dd21fdd9d62f86a253fd204&profile_id=164
all inclusive, https://media.signbsl.com/videos/asl/youtube/mp4/U7RaP1unBYU.mp4
all in pieces, https://media.signbsl.com/videos/asl/youtube/mp4/l9mbypmoRE8.mp4
all in tatters, https://media.signbsl.com/videos/asl/youtube/mp4/tg_EzU8QQzY.mp4
all in the list, https://media.signbsl.com/videos/asl/signlanguagestudent/mp4/all%20(in%20the%20list).mp4
all in your head, https://media.signbsl.com/videos/asl/youtube/mp4/Ll9I3OgKhhM.mp4
alliterate, https://media.signbsl.com/videos/asl/youtube/mp4/bQ_luvS_4ZE.mp4
all knowing, https://media.signbsl.com/videos/asl/valleybible/mp4/omniscient.mp4
all month, https://media.signbsl.com/videos/asl/youtube/mp4/HGTOYcG43v8.mp4
all morning, https://media.signbsl.com/videos/asl/aslsignbank/mp4/ALL-MORNING-8.mp4
allmouth, https://media.signbsl.com/videos/asl/youtube/mp4/lSzFT3o3cfs.mp4
all night, https://media.signbsl.com/videos/asl/aslsignbank/mp4/ALL-NIGHT-9.mp4
allocate, https://media.signbsl.com/videos/asl/youtube/mp4/HjheefTYhB8.mp4
all of a sudden, https://media.signbsl.com/videos/asl/aslsignbank/mp4/SNAP-2060.mp4
all of the time, https://media.signbsl.com/videos/asl/youtube/mp4/0UJ3SgXQfwM.mp4
all of those, https://media.signbsl.com/videos/asl/signlanguagestudent/mp4/all%20(of%20those).mp4
all of you, https://media.signbsl.com/videos/asl/youtube/mp4/poD2ZVzlEts.mp4
all of yours, https://media.signbsl.com/videos/asl/youtube/mp4/x60KS_ufK3o.mp4
allot, https://media.signbsl.com/videos/asl/youtube/mp4/9xkGeKw9OMw.mp4
all out, NA
all out of shape, https://media.signbsl.com/videos/asl/youtube/mp4/7Nv086FggGc.mp4
all over, https://media.signbsl.com/videos/asl/aslsignbank/mp4/ALL-OVER-10.mp4
allover, https://media.signbsl.com/videos/asl/aslsignbank/mp4/ALL-OVER-10.mp4
all over the place, https://media.signbsl.com/videos/asl/youtube/mp4/725jPxe6y-E.mp4
allow, https://media.signbsl.com/videos/asl/aslsignbank/mp4/ALLOW-2063.mp4
allowable, https://media.signbsl.com/videos/asl/youtube/mp4/3SSsb0ZEYiM.mp4
allowance, https://media.signbsl.com/videos/asl/aslsearch/mp4/allowance.mp4
alloy, https://media.signbsl.com/videos/asl/youtube/mp4/1x_9y66F-rI.mp4
alloy steel, https://media.signbsl.com/videos/asl/AustinCommunityCollege/mp4/weld_alloysteel_.mp4
all powerful, https://media.signbsl.com/videos/asl/aslsearch/mp4/almighty.mp4
all right, https://media.signbsl.com/videos/asl/startasl/mp4/fine.mp4
all set, https://media.signbsl.com/videos/asl/aslsignbank/mp4/READY-33.mp4
alls good, https://media.signbsl.com/videos/asl/youtube/mp4/MKo0p-uOa7o.mp4
all skin and bones, https://media.signbsl.com/videos/asl/youtube/mp4/T48lBZaC36c.mp4
all that glitters is not gold, https://media.signbsl.com/videos/asl/youtube/mp4/MteIqdF81Sc.mp4
all the entire amount, https://media.signbsl.com/videos/asl/signlanguagestudent/mp4/all%20(the%20entire%20amount).mp4
all the same, https://media.signbsl.com/videos/asl/aslsearch/mp4/however.mp4
all these, https://media.signbsl.com/videos/asl/aslsignbank/mp4/COLLECTIVE-OTHERS-2037.mp4
all the thinner, https://media.signbsl.com/videos/asl/youtube/mp4/b8MD9WZe4MU.mp4
all the way, https://media.signbsl.com/videos/asl/aslsignbank/mp4/ALL-WAY-2062.mp4
all through, https://media.signbsl.com/videos/asl/youtube/mp4/Ddp5RucxoG8.mp4
all together, https://media.signbsl.com/videos/asl/aslsignbank/mp4/ALL-TOGETHER-2061.mp4
all told, https://player.vimeo.com/external/391155837.sd.mp4?s=c34f276bdfa05771cb704c5b27b119ebba45870b&profile_id=164
allude, https://media.signbsl.com/videos/asl/youtube/mp4/8ihv86fONMM.mp4
allude to, https://media.signbsl.com/videos/asl/aslsignbank/mp4/MENTION-2007.mp4
allure, https://media.signbsl.com/videos/asl/aslsignbank/mp4/TEMPT-1190.mp4
allurement, https://media.signbsl.com/videos/asl/unoclimb/mp4/4dZ2u1kP60s.mp4
alluvia, https://media.signbsl.com/videos/asl/youtube/mp4/GHB_G8a8Kxc.mp4
alluvion, https://media.signbsl.com/videos/asl/startasl/mp4/flood.mp4
all week, https://media.signbsl.com/videos/asl/youtube/mp4/MRi9B6KP_ns.mp4
All wheel drive (AWD), https://media.signbsl.com/videos/asl/AustinCommunityCollege/mp4/auto_AWD_.mp4
all wheel drive awd, https://media.signbsl.com/videos/asl/AustinCommunityCollege/mp4/auto_AWD_.mp4
ally, https://media.signbsl.com/videos/asl/elementalaslconcepts/mp4/ally.mp4
all your eggs in one basket, https://media.signbsl.com/videos/asl/youtube/mp4/jVL4iMpR4ak%20.mp4
Al Magrib, https://media.signbsl.com/videos/asl/aslsignbank/mp4/MOROCCO-3486.mp4
almanac, https://media.signbsl.com/videos/asl/youtube/mp4/vGV0FF8Mpxk.mp4
Al Manamah, https://media.signbsl.com/videos/asl/youtube/mp4/ojKVWeuqUeg.mp4
Almighty, https://media.signbsl.com/videos/asl/aslsignbank/mp4/LORD-2412.mp4
Almighty God, https://media.signbsl.com/videos/asl/ids/mp4/2013-11-290-almighty-god-1500k-ase.mp4
almond, https://media.signbsl.com/videos/asl/aslsignbank/mp4/NUT-1553.mp4
almost, https://media.signbsl.com/videos/asl/aslsignbank/mp4/ALMOST-646.mp4
almost all, https://media.signbsl.com/videos/asl/aslsignbank/mp4/MOST-1591.mp4
almost only counts in horseshoes and hand grenades, https://media.signbsl.com/videos/asl/youtube/mp4/oh4PDCmd30c.mp4
almost t bone, https://media.signbsl.com/videos/asl/youtube/mp4/R4SdN7vgdT0.mp4
alms, https://media.signbsl.com/videos/asl/youtube/mp4/6Rqjl7nAnL8.mp4
alms giving, https://media.signbsl.com/videos/asl/youtube/mp4/6Rqjl7nAnL8.mp4
almsgiving, https://media.signbsl.com/videos/asl/youtube/mp4/6Rqjl7nAnL8.mp4
almshouse, https://media.signbsl.com/videos/asl/youtube/mp4/G2pZ4w4AoR8.mp4
aloft, https://media.signbsl.com/videos/asl/youtube/mp4/V5SceEUol8U.mp4
Aloha State, https://media.signbsl.com/videos/asl/aslsignbank/mp4/HAWAII-785.mp4
alone, https://media.signbsl.com/videos/asl/aslsearch/mp4/unique.mp4
alone in the mainstream, https://media.signbsl.com/videos/asl/youtube/mp4/0yqot3rCnn4.mp4
along, https://media.signbsl.com/videos/asl/aslsignbank/mp4/ON-203.mp4
alongshore, https://media.signbsl.com/videos/asl/youtube/mp4/NbiG_75AW1w.mp4
alongside, https://media.signbsl.com/videos/asl/youtube/mp4/GZ721q3hsyI.mp4
a long time, https://media.signbsl.com/videos/asl/aslsignbank/mp4/FOREVER-1493.mp4
a long time ago, https://media.signbsl.com/videos/asl/youtube/mp4/IhQSDLKL58o.mp4
along with, https://media.signbsl.com/videos/asl/aslsignbank/mp4/TOGETHER-300.mp4
aloof, https://media.signbsl.com/videos/asl/youtube/mp4/aDqL9hbikFc.mp4
a lot, https://media.signbsl.com/videos/asl/aslsignbank/mp4/MANY-504.mp4
a lot of people are joining me, https://media.signbsl.com/videos/asl/youtube/mp4/fI1UQJNB80c.mp4
a lot of people getting my attention, https://media.signbsl.com/videos/asl/youtube/mp4/pNHK0scmDIk.mp4
a lot of people leaving, https://media.signbsl.com/videos/asl/youtube/mp4/dXVvHtrgtHc.mp4
a lot of people transfer in, https://media.signbsl.com/videos/asl/youtube/mp4/RkWzQmOE6gA.mp4
a lot of planning, https://media.signbsl.com/videos/asl/youtube/mp4/hSUT8olN5Q0.mp4
a lot of text on page, https://media.signbsl.com/videos/asl/youtube/mp4/IAL1Qrs5LCs.mp4
a lot on my plate, https://media.signbsl.com/videos/asl/youtube/mp4/TadCWJfFrWE.mp4
aloud, https://media.signbsl.com/videos/asl/youtube/mp4/8DVMLiXV5iE.mp4
alp, https://media.signbsl.com/videos/asl/youtube/mp4/-2gP1QpI1AA.mp4
alpha, https://media.signbsl.com/videos/asl/youtube/mp4/savJz5xJ2SA.mp4
alphabet, https://media.signbsl.com/videos/asl/aslsignbank/mp4/ALPHABET-2200.mp4
alphabetic, https://media.signbsl.com/videos/asl/youtube/mp4/NP4I8ZCJu-0.mp4
alphabetical, https://media.signbsl.com/videos/asl/youtube/mp4/NP4I8ZCJu-0.mp4
alphabetic character, https://media.signbsl.com/videos/asl/aslsearch/mp4/letter.mp4
alphabet soup, https://player.vimeo.com/external/391155530.sd.mp4?s=2b9d3610acd0483cb44015077a14e809b31914b9&profile_id=164
alphameric, https://media.signbsl.com/videos/asl/youtube/mp4/uOg-j_jKZpY.mp4
alphamerical, https://media.signbsl.com/videos/asl/youtube/mp4/uOg-j_jKZpY.mp4
alphanumeric, https://media.signbsl.com/videos/asl/youtube/mp4/uOg-j_jKZpY.mp4
alphanumerical, https://media.signbsl.com/videos/asl/youtube/mp4/uOg-j_jKZpY.mp4
alpha particle, https://media.signbsl.com/videos/asl/youtube/mp4/mQoLefWS0Js.mp4
Alpha Sigma Pi, https://player.vimeo.com/external/391155494.sd.mp4?s=217fcc6d12bf7ef3b7df50a6e9f5ee7761b58ed5&profile_id=164
Al Qahira, https://media.signbsl.com/videos/asl/youtube/mp4/6hKLvCPaKnI.mp4
al Qur'an, https://media.signbsl.com/videos/asl/youtube/mp4/Tim_PTo9OqM.mp4
al Quran, https://media.signbsl.com/videos/asl/youtube/mp4/Tim_PTo9OqM.mp4
already, https://media.signbsl.com/videos/asl/aslsignbank/mp4/FINISH-456.mp4
already submitted, https://media.signbsl.com/videos/asl/youtube/mp4/t9Vp_MF7t40.mp4
alright, https://media.signbsl.com/videos/asl/aslsignbank/mp4/FINE-455.mp4
also, https://media.signbsl.com/videos/asl/signlanguagestudent/mp4/too.mp4
also (too), https://media.signbsl.com/videos/asl/signlanguagestudent/mp4/also%20(too).mp4
also ran, https://media.signbsl.com/videos/asl/aslsearch/mp4/loser.mp4
also too, https://media.signbsl.com/videos/asl/signlanguagestudent/mp4/also%20(too).mp4
altar, https://media.signbsl.com/videos/asl/ids/mp4/2013-11-280-altar-1500k-ase.mp4
alter, https://media.signbsl.com/videos/asl/signlanguagestudent/mp4/alter.mp4
alterable, https://media.signbsl.com/videos/asl/youtube/mp4/48ZR8oUO5n4.mp4
alteraction, https://media.signbsl.com/videos/asl/aslsignbank/mp4/DISPUTE-3113.mp4
alteration, https://media.signbsl.com/videos/asl/startasl/mp4/change.mp4
alterative, https://media.signbsl.com/videos/asl/aslsignbank/mp4/THERAPY-1206.mp4
altercation, https://media.signbsl.com/videos/asl/youtube/mp4/ZohW7zWYNK4.mp4
alter ego, https://media.signbsl.com/videos/asl/youtube/mp4/p2PZQ7V-OBs.mp4
alternate, https://media.signbsl.com/videos/asl/aslsignbank/mp4/TAKE-TURN-1172.mp4
alternate exterior angles, https://media.signbsl.com/videos/asl/youtube/mp4/FcmlN-rX8iM.mp4
alternate interior angles, https://media.signbsl.com/videos/asl/youtube/mp4/BqZhdc5hSxU.mp4
alternating current, https://media.signbsl.com/videos/asl/AustinCommunityCollege/mp4/elec_AC_.mp4
Alternating Current (AC), https://media.signbsl.com/videos/asl/AustinCommunityCollege/mp4/elec_AC_.mp4
alternating current ac, https://media.signbsl.com/videos/asl/AustinCommunityCollege/mp4/elec_AC_.mp4
alternative, https://media.signbsl.com/videos/asl/aslsearch/mp4/alternative.mp4
alternative backstroke, https://media.signbsl.com/videos/asl/youtube/mp4/5qplG5rPA4Y.mp4
alternatively, https://media.signbsl.com/videos/asl/aslsearch/mp4/instead.mp4
alternator, https://media.signbsl.com/videos/asl/AustinCommunityCollege/mp4/auto_alternator_.mp4
although, https://media.signbsl.com/videos/asl/aslsearch/mp4/although.mp4
altimeter, https://media.signbsl.com/videos/asl/youtube/mp4/k7-xAJrRS9I.mp4
altitude, https://media.signbsl.com/videos/asl/youtube/mp4/1gLQ4FOPBsQ.mp4
alto, https://media.signbsl.com/videos/asl/youtube/mp4/tkN_fwgbj1c.mp4
altogether, https://media.signbsl.com/videos/asl/aslsearch/mp4/whole.mp4
altruism, https://media.signbsl.com/videos/asl/philosophy/mp4/Ethical%20Altruism-HD.mp4
altruist, https://media.signbsl.com/videos/asl/youtube/mp4/FbeTa2jZiRg.mp4
altruistic, https://media.signbsl.com/videos/asl/youtube/mp4/pu_aS9mi00s.mp4
alum, https://media.signbsl.com/videos/asl/youtube/mp4/mfXGwcY6Me0.mp4
aluminium, https://media.signbsl.com/videos/asl/AustinCommunityCollege/mp4/elec_aluminum_.mp4
aluminum, https://media.signbsl.com/videos/asl/AustinCommunityCollege/mp4/elec_aluminum_.mp4
Aluminum (AL), https://media.signbsl.com/videos/asl/AustinCommunityCollege/mp4/elec_aluminum_.mp4
aluminum al, https://media.signbsl.com/videos/asl/AustinCommunityCollege/mp4/elec_aluminum_.mp4
alumna, https://media.signbsl.com/videos/asl/youtube/mp4/mfXGwcY6Me0.mp4
alumni, https://media.signbsl.com/videos/asl/youtube/mp4/mfXGwcY6Me0.mp4
alumnus, https://media.signbsl.com/videos/asl/youtube/mp4/mfXGwcY6Me0.mp4
alveolar, https://media.signbsl.com/videos/asl/youtube/mp4/KNFr0sXa7Ms.mp4
always, https://media.signbsl.com/videos/asl/startasl/mp4/always.mp4
Alzheimer's, https://media.signbsl.com/videos/asl/youtube/mp4/82oT-yDO_GE.mp4
Alzheimer's disease, https://media.signbsl.com/videos/asl/youtube/mp4/82oT-yDO_GE.mp4
Alzheimers, https://media.signbsl.com/videos/asl/youtube/mp4/82oT-yDO_GE.mp4
Alzheimers disease, https://media.signbsl.com/videos/asl/youtube/mp4/82oT-yDO_GE.mp4
am, https://media.signbsl.com/videos/asl/aslsignbank/mp4/BECOME-2100.mp4
amalgam, https://media.signbsl.com/videos/asl/youtube/mp4/nuqnFsSyavk.mp4
amalgamate, https://media.signbsl.com/videos/asl/youtube/mp4/teY8UJZyMjk.mp4
amaranthine, https://media.signbsl.com/videos/asl/youtube/mp4/YXNXIHIS3vc.mp4
amass, https://media.signbsl.com/videos/asl/aslsignbank/mp4/INCREASE-2424.mp4
amateur, https://player.vimeo.com/external/391155967.sd.mp4?s=9f31336ae766ccc0ddcae008f07f4134d3c9dde8&profile_id=164
amateurish, https://player.vimeo.com/external/391155967.sd.mp4?s=9f31336ae766ccc0ddcae008f07f4134d3c9dde8&profile_id=164
amative, https://media.signbsl.com/videos/asl/youtube/mp4/P9h4qqaoFBc.mp4
amaze, https://media.signbsl.com/videos/asl/aslsearch/mp4/amaze.mp4
amazed, https://media.signbsl.com/videos/asl/youtube/mp4/NcLZ8EvrrJQ.mp4
amazing, https://media.signbsl.com/videos/asl/aslsignbank/mp4/AMAZING-325.mp4
Amazon, https://player.vimeo.com/external/391156085.sd.mp4?s=e8fc6e9956757197678db5994a24502edc565fc2&profile_id=164
ambassador, https://media.signbsl.com/videos/asl/aslsearch/mp4/ambassador.mp4
ambiance, https://media.signbsl.com/videos/asl/youtube/mp4/5BYAsAqg53E.mp4
ambidexterity, https://media.signbsl.com/videos/asl/youtube/mp4/oER01x0-ybM.mp4
ambidextrous, https://player.vimeo.com/external/392539026.sd.mp4?s=cd8fe4e5cefac7e3ba61198d0556ba8fd965b2ad&profile_id=164
ambidextrousness, https://media.signbsl.com/videos/asl/youtube/mp4/oER01x0-ybM.mp4
ambience, https://media.signbsl.com/videos/asl/youtube/mp4/5BYAsAqg53E.mp4
ambient, https://media.signbsl.com/videos/asl/youtube/mp4/XMENlgrIGbQ.mp4
ambiguities, https://media.signbsl.com/videos/asl/youtube/mp4/WuSh2KC1dHU.mp4
ambiguity, https://media.signbsl.com/videos/asl/youtube/mp4/WuSh2KC1dHU.mp4
ambiguous, https://media.signbsl.com/videos/asl/aslsignbank/mp4/BLUR-2119.mp4
ambit, https://media.signbsl.com/videos/asl/youtube/mp4/jWqlRjTkohk.mp4
ambition, https://media.signbsl.com/videos/asl/aslsearch/mp4/stimulate.mp4
ambitionless, https://media.signbsl.com/videos/asl/youtube/mp4/BPdpjEeiwTA.mp4
ambitious, https://player.vimeo.com/external/391156227.sd.mp4?s=8cda641cd1589dd5dacacc50d97daa56418a3756&profile_id=164
ambitiousness, https://media.signbsl.com/videos/asl/aslsearch/mp4/stimulate.mp4
ambivalence, https://media.signbsl.com/videos/asl/youtube/mp4/Lb19lNAWmAo.mp4
ambivalency, https://media.signbsl.com/videos/asl/youtube/mp4/Lb19lNAWmAo.mp4
ambitiousness, https://media.signbsl.com/videos/asl/aslsearch/mp4/stimulate.mp4
ambivalence, https://media.signbsl.com/videos/asl/youtube/mp4/Lb19lNAWmAo.mp4
ambivalency, https://media.signbsl.com/videos/asl/youtube/mp4/Lb19lNAWmAo.mp4
ambivalent, https://media.signbsl.com/videos/asl/aslsignbank/mp4/UNCERTAIN-1355.mp4
amble, https://media.signbsl.com/videos/asl/youtube/mp4/jNVvadncLqA.mp4
ambo, https://media.signbsl.com/videos/asl/youtube/mp4/I8u-XbOb5xY.mp4
ambon, https://media.signbsl.com/videos/asl/youtube/mp4/I8u-XbOb5xY.mp4
ambulance, https://media.signbsl.com/videos/asl/aslsignbank/mp4/SIREN-405.mp4
ambulance chaser, https://media.signbsl.com/videos/asl/youtube/mp4/CwEf0QYMAXk.mp4
Ambulance Siren, https://player.vimeo.com/external/391156402.sd.mp4?s=10b32571bad392a42b2f4ee6f8a8f84b9479104d&profile_id=164
ambulant, https://media.signbsl.com/videos/asl/youtube/mp4/btmb90y5hBo.mp4
ambulatory, https://media.signbsl.com/videos/asl/youtube/mp4/btmb90y5hBo.mp4
ambuscade, https://media.signbsl.com/videos/asl/youtube/mp4/Xq64KSXhOSA.mp4
ambush, https://media.signbsl.com/videos/asl/youtube/mp4/Xq64KSXhOSA.mp4
ameba, https://media.signbsl.com/videos/asl/youtube/mp4/SXn4qDTQ37E.mp4
ameer, https://media.signbsl.com/videos/asl/youtube/mp4/ZRYMn_JHb_s.mp4
Ameiurus Melas, https://media.signbsl.com/videos/asl/youtube/mp4/kQPdPxs-q7Q.mp4
ameliorate, https://media.signbsl.com/videos/asl/startasl/mp4/improve.mp4
amen, https://media.signbsl.com/videos/asl/signlanguagestudent/mp4/amen%20(alternate%20a).mp4
amenability, https://media.signbsl.com/videos/asl/youtube/mp4/QmF1WQuFarM.mp4
amenable, https://player.vimeo.com/external/391161753.sd.mp4?s=9dcdde242c095140ade8fa731d314191469a0cee&profile_id=164
amenableness, https://media.signbsl.com/videos/asl/youtube/mp4/QmF1WQuFarM.mp4
amend, https://media.signbsl.com/videos/asl/startasl/mp4/improve.mp4
amendable, https://media.signbsl.com/videos/asl/youtube/mp4/3v_94YJy5gA.mp4
amendment, https://media.signbsl.com/videos/asl/youtube/mp4/2X-ILsjjc_Y.mp4
amends, https://media.signbsl.com/videos/asl/unoclimb/mp4/-96e-9Zw4aQ.mp4
amenities, https://media.signbsl.com/videos/asl/youtube/mp4/FU3yEgbONYo.mp4
amenity, https://player.vimeo.com/external/391161840.sd.mp4?s=3dc6ff84449ba8da79383767a61defd5748c53d1&profile_id=164
amerce, https://media.signbsl.com/videos/asl/youtube/mp4/UZT-1euHaV0.mp4
America, https://media.signbsl.com/videos/asl/startasl/mp4/united-states.mp4
American, https://media.signbsl.com/videos/asl/signlanguagestudent/mp4/american.mp4
Americana, https://media.signbsl.com/videos/asl/youtube/mp4/HIpq-xh9SeI.mp4
American capital, https://media.signbsl.com/videos/asl/aslsignbank/mp4/WASHINGTON-2225.mp4
American eagle, https://media.signbsl.com/videos/asl/elementalaslconcepts/mp4/bald_eagle.mp4
American Indian, https://media.signbsl.com/videos/asl/startasl/mp4/indian.mp4
Americanisation, https://media.signbsl.com/videos/asl/youtube/mp4/OK_LabvMlMk.mp4
Americanization, https://media.signbsl.com/videos/asl/youtube/mp4/OK_LabvMlMk.mp4
American robin, https://media.signbsl.com/videos/asl/youtube/mp4/GbcFoJ5Q7w0.mp4
American sign language, https://media.signbsl.com/videos/asl/startasl/mp4/asl.mp4
Amerindian, https://player.vimeo.com/external/392380155.sd.mp4?s=a3bff7ad5d06d324a5a8fc2232c18ff653b82e1a&profile_id=164
a mess, https://media.signbsl.com/videos/asl/aslsignbank/mp4/STUMBLE-1140.mp4
am going to, https://media.signbsl.com/videos/asl/youtube/mp4/Ojqh846GzII.mp4
Amherst Nova Scotia, https://player.vimeo.com/external/391161969.sd.mp4?s=fafb4c7e948c2ea78ab86c4d7d24db54e1972af8&profile_id=164
amherst nova scotia, https://player.vimeo.com/external/391161969.sd.mp4?s=fafb4c7e948c2ea78ab86c4d7d24db54e1972af8&profile_id=164
amiability, https://media.signbsl.com/videos/asl/youtube/mp4/H9n7X9oTGgg.mp4
amiable, https://media.signbsl.com/videos/asl/aslsearch/mp4/amiable.mp4
amiableness, https://media.signbsl.com/videos/asl/youtube/mp4/H9n7X9oTGgg.mp4
amid, https://media.signbsl.com/videos/asl/youtube/mp4/SjyIWWuJYxY.mp4
amidship, https://media.signbsl.com/videos/asl/youtube/mp4/DUaeSzy0H64.mp4
amigo, https://media.signbsl.com/videos/asl/youtube/mp4/MbXKMzlZVdI.mp4
a million, https://media.signbsl.com/videos/asl/aslsearch/mp4/million.mp4
amino acid, https://media.signbsl.com/videos/asl/youtube/mp4/Aw2Aq34mz-A.mp4
aminoalkanoic acid, https://media.signbsl.com/videos/asl/youtube/mp4/Aw2Aq34mz-A.mp4
amir, https://media.signbsl.com/videos/asl/youtube/mp4/ZRYMn_JHb_s.mp4
Amish, https://media.signbsl.com/videos/asl/youtube/mp4/t0U4Bo4m5OQ.mp4
amiss, https://media.signbsl.com/videos/asl/youtube/mp4/noUmx_rt6ow.mp4
ammendment constitution, https://media.signbsl.com/videos/asl/elementalaslconcepts/mp4/amendment-constitution.mp4
ammo, https://media.signbsl.com/videos/asl/aslsearch/mp4/ammunition.mp4
ammonia, https://media.signbsl.com/videos/asl/youtube/mp4/7DlZVkVOP0A.mp4
ammunition, https://media.signbsl.com/videos/asl/aslsearch/mp4/ammunition.mp4
amnesia, https://player.vimeo.com/external/391162055.sd.mp4?s=578f2cce982195a3f7ab4ba8763d0a65030c0cca&profile_id=164
amnesiac, https://media.signbsl.com/videos/asl/youtube/mp4/BWzMWILtTSQ.mp4
amnesic, https://media.signbsl.com/videos/asl/youtube/mp4/BWzMWILtTSQ.mp4
amnestied, https://media.signbsl.com/videos/asl/youtube/mp4/fJmyZV-6xDU.mp4
amnic, https://media.signbsl.com/videos/asl/youtube/mp4/UYqO27_M7XA.mp4
amniocenteses, https://media.signbsl.com/videos/asl/youtube/mp4/vuq0_0E2mNc.mp4
amnion, https://media.signbsl.com/videos/asl/youtube/mp4/UiXFpSxN6UY.mp4
amnionic, https://media.signbsl.com/videos/asl/youtube/mp4/UYqO27_M7XA.mp4
amnios, https://media.signbsl.com/videos/asl/youtube/mp4/UiXFpSxN6UY.mp4
amniotic, https://media.signbsl.com/videos/asl/youtube/mp4/UYqO27_M7XA.mp4
amniotic egg, https://media.signbsl.com/videos/asl/youtube/mp4/-82GO_y1Ue4.mp4
amniotic sac, https://media.signbsl.com/videos/asl/youtube/mp4/UiXFpSxN6UY.mp4
amoeba, https://media.signbsl.com/videos/asl/youtube/mp4/SXn4qDTQ37E.mp4
amok, https://media.signbsl.com/videos/asl/youtube/mp4/_uxOYuPpTYM.mp4
among, https://media.signbsl.com/videos/asl/aslsearch/mp4/among.mp4
Amor, https://player.vimeo.com/external/392670141.sd.mp4?s=dc16062a839e754de41e6827022f73f311a16aa8&profile_id=164
amoral, https://media.signbsl.com/videos/asl/youtube/mp4/Nogd6IjKKuc.mp4
amorous, https://media.signbsl.com/videos/asl/youtube/mp4/P9h4qqaoFBc.mp4
amorphous, https://media.signbsl.com/videos/asl/youtube/mp4/vcrTWOBd9sw.mp4
amoung, https://media.signbsl.com/videos/asl/signlanguagestudent/mp4/amoung.mp4
amount, https://media.signbsl.com/videos/asl/aslsignbank/mp4/HALF-1847.mp4
amount of money, https://media.signbsl.com/videos/asl/aslsignbank/mp4/HALF-1847.mp4
amount to, https://media.signbsl.com/videos/asl/youtube/mp4/5Kdp-1PRtMo.mp4
amour, https://media.signbsl.com/videos/asl/youtube/mp4/PO6G5b6M3yk.mp4
amour propre, https://media.signbsl.com/videos/asl/youtube/mp4/PeoR2THDOoE.mp4
amp, https://media.signbsl.com/videos/asl/youtube/mp4/E_iOyW30Uyw.mp4
amperage, https://media.signbsl.com/videos/asl/AustinCommunityCollege/mp4/auto_amperage_.mp4
ampere, https://media.signbsl.com/videos/asl/AustinCommunityCollege/mp4/weld_AMP_.mp4
ampersand, https://media.signbsl.com/videos/asl/youtube/mp4/YCx2vlz26Nc.mp4
amphetamine, https://media.signbsl.com/videos/asl/youtube/mp4/9WWpEvZq8mY.mp4
amphibian, https://media.signbsl.com/videos/asl/elementalaslconcepts/mp4/amphibian.mp4
amphibious, https://media.signbsl.com/videos/asl/youtube/mp4/szlm46afMIs.mp4
amphibious vehicle, https://media.signbsl.com/videos/asl/youtube/mp4/Gn_rYTKiYds.mp4
amphitheater, https://media.signbsl.com/videos/asl/youtube/mp4/OseanC07JcY.mp4
amphitheatre, https://media.signbsl.com/videos/asl/youtube/mp4/OseanC07JcY.mp4
ample, https://media.signbsl.com/videos/asl/aslsearch/mp4/ample.mp4
ampler, https://media.signbsl.com/videos/asl/youtube/mp4/LQkaGevJ1gc.mp4
amplified, https://media.signbsl.com/videos/asl/youtube/mp4/YjbnmH8wlK8.mp4
amplifier, https://media.signbsl.com/videos/asl/youtube/mp4/E_iOyW30Uyw.mp4
amplify, https://media.signbsl.com/videos/asl/aslsearch/mp4/exaggerate.mp4
amplitude, https://media.signbsl.com/videos/asl/deaftec/mp4/1338.mp4
ampoule, https://media.signbsl.com/videos/asl/youtube/mp4/KPKRQjWzyNw.mp4
ampul, https://media.signbsl.com/videos/asl/youtube/mp4/KPKRQjWzyNw.mp4
ampule, https://media.signbsl.com/videos/asl/youtube/mp4/KPKRQjWzyNw.mp4
amp up, https://media.signbsl.com/videos/asl/youtube/mp4/VC9tQLoL7tQ.mp4
amputate, https://media.signbsl.com/videos/asl/aslsearch/mp4/amputate.mp4
Amputation (Arm), https://player.vimeo.com/external/392645546.sd.mp4?s=964496087880f841aa4916f01b97512cdd9c53e8&profile_id=164
amputation arm, https://player.vimeo.com/external/392645546.sd.mp4?s=964496087880f841aa4916f01b97512cdd9c53e8&profile_id=164
amputee, https://media.signbsl.com/videos/asl/youtube/mp4/fRUiXxGKv3w.mp4
Amsterdam Netherlands, https://player.vimeo.com/external/391162258.sd.mp4?s=90194e9588d6da6099a442b445b77f053439d88b&profile_id=164
amsterdam netherlands, https://player.vimeo.com/external/391162258.sd.mp4?s=90194e9588d6da6099a442b445b77f053439d88b&profile_id=164
amuck, https://media.signbsl.com/videos/asl/youtube/mp4/_uxOYuPpTYM.mp4
amulet, https://media.signbsl.com/videos/asl/youtube/mp4/wPBzcFbAikg.mp4
amuse, https://media.signbsl.com/videos/asl/aslsignbank/mp4/ENJOY-574.mp4
amusement, https://media.signbsl.com/videos/asl/youtube/mp4/wQiEVwIIdAI.mp4
amusing, https://media.signbsl.com/videos/asl/aslsignbank/mp4/FUNNY-3015.mp4
amusive, https://media.signbsl.com/videos/asl/aslsignbank/mp4/FUN-141.mp4
amylum, https://media.signbsl.com/videos/asl/youtube/mp4/itYh0zEjWgE.mp4
AN, https://media.signbsl.com/videos/asl/youtube/mp4/w1mcgAPd7Bc.mp4
anachronism, https://media.signbsl.com/videos/asl/youtube/mp4/eb3C4WIooKQ.mp4
anaemia, https://media.signbsl.com/videos/asl/youtube/mp4/hhX6C6l2JHA.mp4
anaerobe, https://media.signbsl.com/videos/asl/youtube/mp4/AYdrp9NF-Wg.mp4
anaerobic exercise, https://media.signbsl.com/videos/asl/youtube/mp4/QlXQf76weH4.mp4
anaesthesia, https://media.signbsl.com/videos/asl/youtube/mp4/97YW6XN4PRU.mp4
anaesthesiologist, https://media.signbsl.com/videos/asl/youtube/mp4/sAhFnGCDOQU.mp4
anaesthesiology, https://media.signbsl.com/videos/asl/youtube/mp4/46q-2yfjazo.mp4
anaesthetist, https://media.signbsl.com/videos/asl/youtube/mp4/nbSlNOYj-yI.mp4
anagram, https://media.signbsl.com/videos/asl/youtube/mp4/wcaJy9Lw2jw.mp4
anal, https://media.signbsl.com/videos/asl/youtube/mp4/LDS7DGyzJEY.mp4
analgesia, https://media.signbsl.com/videos/asl/youtube/mp4/3q8Eq86_pLg.mp4
analgesic, https://media.signbsl.com/videos/asl/youtube/mp4/qIkP-PZkcFw.mp4
analog, https://media.signbsl.com/videos/asl/tsdvideo/mp4/75.mp4
analogies, https://player.vimeo.com/external/391162334.sd.mp4?s=d914764439b1a5b7a6f1ced3b9f3586a09f9bdfc&profile_id=164
analogue, https://media.signbsl.com/videos/asl/tsdvideo/mp4/75.mp4
analogy, https://player.vimeo.com/external/391162334.sd.mp4?s=d914764439b1a5b7a6f1ced3b9f3586a09f9bdfc&profile_id=164
analphabetism, https://media.signbsl.com/videos/asl/youtube/mp4/HxTMNM4J0zQ.mp4
analysable, https://media.signbsl.com/videos/asl/youtube/mp4/0xGIg81kAJU.mp4
analyse, https://media.signbsl.com/videos/asl/startasl/mp4/examine.mp4
analyser, https://media.signbsl.com/videos/asl/youtube/mp4/x0RuNXFAq6M.mp4
analyses, https://media.signbsl.com/videos/asl/elementalaslconcepts/mp4/analysis.mp4
analysis, https://media.signbsl.com/videos/asl/elementalaslconcepts/mp4/analysis.mp4
analyst, https://media.signbsl.com/videos/asl/youtube/mp4/wW-k2joUW8Y.mp4
analytic, https://media.signbsl.com/videos/asl/youtube/mp4/Ki9A1UpT-d8.mp4
analytical geometry, https://media.signbsl.com/videos/asl/youtube/mp4/4rnMPZuk7CI.mp4
analytic geometry, https://media.signbsl.com/videos/asl/youtube/mp4/4rnMPZuk7CI.mp4
analytic thinking, https://media.signbsl.com/videos/asl/elementalaslconcepts/mp4/analysis.mp4
analyzable, https://media.signbsl.com/videos/asl/youtube/mp4/mpeYMN6uRSY.mp4
analyze, https://media.signbsl.com/videos/asl/startasl/mp4/examine.mp4
analyzer, https://media.signbsl.com/videos/asl/youtube/mp4/x0RuNXFAq6M.mp4
anamnesis, https://media.signbsl.com/videos/asl/youtube/mp4/eOZr1Wq_Hhc.mp4
anamorphic, https://media.signbsl.com/videos/asl/youtube/mp4/hiBKBP1hNUA.mp4
ananas, https://media.signbsl.com/videos/asl/startasl/mp4/pineapple.mp4
an apple a day keeps the doctor away, https://media.signbsl.com/videos/asl/youtube/mp4/5gN3zISC_A8.mp4
anarchic, https://media.signbsl.com/videos/asl/youtube/mp4/WHosika5eRw.mp4
anarchical, https://media.signbsl.com/videos/asl/youtube/mp4/WHosika5eRw.mp4
anarchist, https://media.signbsl.com/videos/asl/youtube/mp4/dx9o1WERyKs.mp4
an arm and a leg, https://media.signbsl.com/videos/asl/youtube/mp4/iDOOLZOZPi0.mp4
anathema, https://media.signbsl.com/videos/asl/youtube/mp4/jLpxsmeD8Ew.mp4
anathemise, https://media.signbsl.com/videos/asl/valleybible/mp4/curse.mp4
anathemize, https://media.signbsl.com/videos/asl/valleybible/mp4/curse.mp4
anatomic, https://media.signbsl.com/videos/asl/youtube/mp4/qV7yh2BrF1w.mp4
anatomical, https://media.signbsl.com/videos/asl/youtube/mp4/qV7yh2BrF1w.mp4
anatomise, https://media.signbsl.com/videos/asl/youtube/mp4/wA7UD36dQBk.mp4
anatomist, https://media.signbsl.com/videos/asl/youtube/mp4/YMo65NYUExQ.mp4
anatomize, https://media.signbsl.com/videos/asl/youtube/mp4/wA7UD36dQBk.mp4
anatomy, https://media.signbsl.com/videos/asl/aslsearch/mp4/anatomy.mp4
anatomy and physiology, https://media.signbsl.com/videos/asl/youtube/mp4/i1rISYpQaW0.mp4
ancestor, https://media.signbsl.com/videos/asl/signlanguagestudent/mp4/ancestor.mp4
ancestral, https://media.signbsl.com/videos/asl/youtube/mp4/6y9neoz9rmE.mp4
ancestry, https://media.signbsl.com/videos/asl/youtube/mp4/5_Jwyq1jWKE.mp4
anchor, https://media.signbsl.com/videos/asl/aslsearch/mp4/anchor.mp4
anchorman, https://player.vimeo.com/external/391162410.sd.mp4?s=f4ee3ec4865a57769015a5eba644e0ac0639863d&profile_id=164
anchorperson, https://player.vimeo.com/external/391162410.sd.mp4?s=f4ee3ec4865a57769015a5eba644e0ac0639863d&profile_id=164
anchor person, https://player.vimeo.com/external/391162410.sd.mp4?s=f4ee3ec4865a57769015a5eba644e0ac0639863d&profile_id=164
anchorwoman, https://media.signbsl.com/videos/asl/youtube/mp4/cLfs2nYvU0A.mp4
ancient, https://media.signbsl.com/videos/asl/aslsearch/mp4/ancient.mp4
ancienter, https://media.signbsl.com/videos/asl/youtube/mp4/qfYX5sE4D6Y.mp4
ancillaries, https://media.signbsl.com/videos/asl/youtube/mp4/vcBF-gsWn5I.mp4
ancillary, https://media.signbsl.com/videos/asl/youtube/mp4/vcBF-gsWn5I.mp4
and, https://media.signbsl.com/videos/asl/aslsignbank/mp4/AND-14.mp4
and all of that, https://media.signbsl.com/videos/asl/aslsignbank/mp4/LIST-ITEMS-1643.mp4
andante, https://media.signbsl.com/videos/asl/youtube/mp4/IlmwHLIcurc.mp4
Anders Celsius, https://media.signbsl.com/videos/asl/tsdvideo/mp4/89.mp4
and etc, https://media.signbsl.com/videos/asl/aslsignbank/mp4/AND-ETC-2067.mp4
and how, https://player.vimeo.com/external/392637256.sd.mp4?s=2e4d94c8121a08d03929d8753723344c29da40e6&profile_id=164
and next, https://media.signbsl.com/videos/asl/aslsignbank/mp4/ONTO-NEXT-1542.mp4
Andorra, https://media.signbsl.com/videos/asl/youtube/mp4/zATss7DCnW4.mp4
androgen, https://media.signbsl.com/videos/asl/youtube/mp4/Pf-nYIFhIrQ.mp4
androgenic hormone, https://media.signbsl.com/videos/asl/youtube/mp4/Pf-nYIFhIrQ.mp4
androgenous, https://media.signbsl.com/videos/asl/youtube/mp4/ilLFuTyhIjQ.mp4
androgyne, https://media.signbsl.com/videos/asl/youtube/mp4/2aUBkugYsUw.mp4
androgynous, https://media.signbsl.com/videos/asl/youtube/mp4/DzVKzkUAPYs.mp4
android, https://player.vimeo.com/external/391162646.sd.mp4?s=d320ec77f3fe813155c7a4f0f2145c2de6088be1&profile_id=164
and she did, https://media.signbsl.com/videos/asl/youtube/mp4/kEzMw6FXu3c.mp4
and so, https://media.signbsl.com/videos/asl/aslsignbank/mp4/OR-1532.mp4
and so and so, https://media.signbsl.com/videos/asl/aslsignbank/mp4/AND-WHATNOT-1321.mp4
and so forth, https://media.signbsl.com/videos/asl/aslsignbank/mp4/ETCETERA-1323.mp4
and so on, https://media.signbsl.com/videos/asl/aslsignbank/mp4/ETCETERA-1323.mp4
and that's final, https://media.signbsl.com/videos/asl/aslsignbank/mp4/PERIOD-887.mp4
and thats final, https://media.signbsl.com/videos/asl/aslsignbank/mp4/PERIOD-887.mp4
and then, https://media.signbsl.com/videos/asl/aslsignbank/mp4/OR-1532.mp4
anecdota, https://media.signbsl.com/videos/asl/youtube/mp4/SbdH02Oyt5g.mp4
anecdotist, https://media.signbsl.com/videos/asl/youtube/mp4/KGpY0PSMTzI.mp4
anele, https://media.signbsl.com/videos/asl/ids/mp4/2013-11-330-anoint-1500k-ase.mp4
anemia, https://media.signbsl.com/videos/asl/youtube/mp4/hhX6C6l2JHA.mp4
anemometer, https://media.signbsl.com/videos/asl/youtube/mp4/jm-g9eGv3dg.mp4
anesthesia, https://media.signbsl.com/videos/asl/youtube/mp4/97YW6XN4PRU.mp4
anesthesiologist, https://media.signbsl.com/videos/asl/youtube/mp4/nbSlNOYj-yI.mp4
anesthetist, https://media.signbsl.com/videos/asl/youtube/mp4/nbSlNOYj-yI.mp4
anesthetization, https://media.signbsl.com/videos/asl/youtube/mp4/fUdSgHoDSTQ.mp4
aneurism, https://media.signbsl.com/videos/asl/youtube/mp4/iHvCveGQtFQ.mp4
aneurysm, https://media.signbsl.com/videos/asl/youtube/mp4/iHvCveGQtFQ.mp4
anew, https://media.signbsl.com/videos/asl/youtube/mp4/58m-hspac80.mp4
angel, https://media.signbsl.com/videos/asl/aslsignbank/mp4/ANGEL-2201.mp4
angelic, https://media.signbsl.com/videos/asl/youtube/mp4/aFzyNO8h2DU.mp4
angelical, https://media.signbsl.com/videos/asl/youtube/mp4/aFzyNO8h2DU.mp4
anger, https://media.signbsl.com/videos/asl/aslsignbank/mp4/ANGRY-15.mp4
angered, https://media.signbsl.com/videos/asl/youtube/mp4/3Vmhq2WrEus.mp4
angina, https://media.signbsl.com/videos/asl/youtube/mp4/b63ct9EldYo.mp4
angina pectoris, https://media.signbsl.com/videos/asl/youtube/mp4/b63ct9EldYo.mp4
angioplasties, https://media.signbsl.com/videos/asl/youtube/mp4/AQa-2K8fH5g.mp4
angioplasty, https://media.signbsl.com/videos/asl/youtube/mp4/AQa-2K8fH5g.mp4
angle, https://media.signbsl.com/videos/asl/tsdvideo/mp4/1210.mp4
angle (point of view), https://media.signbsl.com/videos/asl/elementalaslconcepts/mp4/point_of_view.mp4
angle bisector, https://media.signbsl.com/videos/asl/youtube/mp4/8UR_mpTQOsw.mp4
angle bisector of a triangle, https://media.signbsl.com/videos/asl/youtube/mp4/_oRYU-rMOjg.mp4
Angle Grinder, https://media.signbsl.com/videos/asl/AustinCommunityCollege/mp4/weld_angle_grinder_.mp4
angle of depression, https://media.signbsl.com/videos/asl/youtube/mp4/NzYEdic_8-M.mp4
angle of elevation, https://media.signbsl.com/videos/asl/youtube/mp4/fRrSzCCLvu4.mp4
angle off, https://media.signbsl.com/videos/asl/youtube/mp4/mNDpd0YaSvA.mp4
angle of rotation, https://media.signbsl.com/videos/asl/youtube/mp4/Gu4Ny-ycg5o.mp4
angle point of view, https://media.signbsl.com/videos/asl/elementalaslconcepts/mp4/point_of_view.mp4
angler, https://media.signbsl.com/videos/asl/youtube/mp4/lSzFT3o3cfs.mp4
anglerfish, https://media.signbsl.com/videos/asl/youtube/mp4/lSzFT3o3cfs.mp4
angler fish, https://media.signbsl.com/videos/asl/youtube/mp4/lSzFT3o3cfs.mp4
angle side angle, https://media.signbsl.com/videos/asl/youtube/mp4/nUva0YOpayc.mp4
anglicise, https://media.signbsl.com/videos/asl/youtube/mp4/fu7GVfFkQ4c.mp4
anglicize, https://media.signbsl.com/videos/asl/youtube/mp4/fu7GVfFkQ4c.mp4
anglophil, https://media.signbsl.com/videos/asl/youtube/mp4/zaNbIJlvKe8.mp4
anglophile, https://media.signbsl.com/videos/asl/youtube/mp4/zaNbIJlvKe8.mp4
anglophone, https://media.signbsl.com/videos/asl/youtube/mp4/fZm1cwaZ4gE.mp4
Angola, https://media.signbsl.com/videos/asl/youtube/mp4/NEFZiLliYTs.mp4
angrier, https://media.signbsl.com/videos/asl/youtube/mp4/gy5Juy7LHJQ.mp4
angry, https://media.signbsl.com/videos/asl/startasl/mp4/angry.mp4
Angst, https://media.signbsl.com/videos/asl/youtube/mp4/kJbEP1K7sok.mp4
Anguilla sucklandii, https://media.signbsl.com/videos/asl/mariekatzenbachschool/mp4/tuna.mp4
anguish, https://media.signbsl.com/videos/asl/youtube/mp4/qAh4hkByTgA.mp4
angular, https://media.signbsl.com/videos/asl/youtube/mp4/P1NUsau80i8.mp4
Angular Frequency, https://media.signbsl.com/videos/asl/youtube/mp4/WG75GWCh7ZA.mp4
angulate, https://media.signbsl.com/videos/asl/youtube/mp4/P1NUsau80i8.mp4
anhydrous, https://media.signbsl.com/videos/asl/youtube/mp4/iRiXTUVc3hY.mp4
animadversion, https://media.signbsl.com/videos/asl/youtube/mp4/UikImwmXRjE.mp4
animal, https://media.signbsl.com/videos/asl/startasl/mp4/animal.mp4
animal fat, https://player.vimeo.com/external/391162788.sd.mp4?s=6a80d39addad0da22ecc4aea0f131e8c2d207ca0&profile_id=164
animalise, https://media.signbsl.com/videos/asl/youtube/mp4/FIAGW6LvfDo.mp4
animalize, https://media.signbsl.com/videos/asl/youtube/mp4/FIAGW6LvfDo.mp4
animals, https://media.signbsl.com/videos/asl/startasl/mp4/animal.mp4
animal scientist, https://media.signbsl.com/videos/asl/youtube/mp4/cUaa_LwwP8I.mp4
animal starch, https://media.signbsl.com/videos/asl/youtube/mp4/0Rn0a7r7uFE.mp4
animal stuffer, https://media.signbsl.com/videos/asl/youtube/mp4/yt1L9vMJNM8.mp4
animal trainer, https://player.vimeo.com/external/392645563.sd.mp4?s=9ab964e6993ac56bf7d5fdf822e43b00352ef36c&profile_id=164
animate, https://media.signbsl.com/videos/asl/signlanguagestudent/mp4/inspire.mp4
animate being, https://media.signbsl.com/videos/asl/startasl/mp4/animal.mp4
animated, https://media.signbsl.com/videos/asl/aslsignbank/mp4/LIVE-1641.mp4
animated cartoon, https://media.signbsl.com/videos/asl/aslsignbank/mp4/CARTOON-1028.mp4
animation, https://player.vimeo.com/external/391162821.sd.mp4?s=645089195ed43f6290171a99121ab7a9aba0268a&profile_id=164
animator, https://player.vimeo.com/external/392645582.sd.mp4?s=c4776ab54488629b39ee17793b911f67d7bf590d&profile_id=164
animatronic, https://media.signbsl.com/videos/asl/youtube/mp4/OehvwiZO01o.mp4
anime, https://media.signbsl.com/videos/asl/youtube/mp4/pW52XdUdPws.mp4
animism, https://media.signbsl.com/videos/asl/youtube/mp4/prcNlO9QA3A.mp4
animosities, https://media.signbsl.com/videos/asl/youtube/mp4/gzfrJdKf1d0.mp4
animosity, https://media.signbsl.com/videos/asl/youtube/mp4/gzfrJdKf1d0.mp4
animus, https://media.signbsl.com/videos/asl/youtube/mp4/gzfrJdKf1d0.mp4
anion, https://media.signbsl.com/videos/asl/youtube/mp4/ORLGUuPZ0rM.mp4
anisometric, https://media.signbsl.com/videos/asl/youtube/mp4/_H-YKFkvPS4.mp4
ankle tag, https://media.signbsl.com/videos/asl/youtube/mp4/V-pcl22GeMQ.mp4
ankyloglossia, https://player.vimeo.com/external/392523366.sd.mp4?s=3e80d3f2b9572d2b09e4849ff42ced0b826f367d&profile_id=164
annalist, https://media.signbsl.com/videos/asl/youtube/mp4/hQcSqLAqfxY.mp4
annals, https://media.signbsl.com/videos/asl/youtube/mp4/gxLskNwH9Ac.mp4
Annam, https://media.signbsl.com/videos/asl/startasl/mp4/vietnam.mp4
annex, https://media.signbsl.com/videos/asl/youtube/mp4/7ykfyibghf4.mp4
annexe, https://media.signbsl.com/videos/asl/youtube/mp4/7ykfyibghf4.mp4
annihilate, https://media.signbsl.com/videos/asl/youtube/mp4/NJ5gdmZt-L4.mp4
annihilator, https://media.signbsl.com/videos/asl/youtube/mp4/ekp2LisSJUs.mp4
anniversaries, https://media.signbsl.com/videos/asl/startasl/mp4/anniversary.mp4
anniversary, https://media.signbsl.com/videos/asl/startasl/mp4/anniversary.mp4
annoint, https://media.signbsl.com/videos/asl/signlanguagestudent/mp4/annoint.mp4
annotate, https://media.signbsl.com/videos/asl/aslsignbank/mp4/ANNOTATE-3061.mp4
annotator, https://media.signbsl.com/videos/asl/youtube/mp4/IIze3H4jJ-A.mp4
announce, https://media.signbsl.com/videos/asl/aslsignbank/mp4/ANNOUNCE-2202.mp4
announce decision, https://media.signbsl.com/videos/asl/youtube/mp4/dlnEdgrY7dA.mp4
announce game, https://media.signbsl.com/videos/asl/youtube/mp4/Yglr9zBLYFo.mp4
announcement, https://media.signbsl.com/videos/asl/youtube/mp4/HvPJmwKDe5c.mp4
announcer, https://media.signbsl.com/videos/asl/youtube/mp4/WL0zfWqEaHM.mp4
annoy, https://media.signbsl.com/videos/asl/aslsignbank/mp4/BOTHER-2129.mp4
annoyed, https://media.signbsl.com/videos/asl/youtube/mp4/d0MAlz7UTYM.mp4
annoying, https://media.signbsl.com/videos/asl/startasl/mp4/annoying.mp4
annual, https://media.signbsl.com/videos/asl/aslsignbank/mp4/YEAR-1333.mp4
annualised, https://media.signbsl.com/videos/asl/youtube/mp4/0_AQvseaohA.mp4
annually, https://media.signbsl.com/videos/asl/youtube/mp4/ElXw89A3jc4.mp4
annuities, https://media.signbsl.com/videos/asl/youtube/mp4/a6dPAcNq4vg.mp4
annuity, https://media.signbsl.com/videos/asl/youtube/mp4/a6dPAcNq4vg.mp4
annul, https://media.signbsl.com/videos/asl/aslsearch/mp4/annul.mp4
annunciation, https://media.signbsl.com/videos/asl/youtube/mp4/HvPJmwKDe5c.mp4
anode, https://media.signbsl.com/videos/asl/youtube/mp4/Mk9tkw2CE00.mp4
anodise, https://media.signbsl.com/videos/asl/youtube/mp4/NDaKsFddojQ.mp4
anodize, https://media.signbsl.com/videos/asl/youtube/mp4/NDaKsFddojQ.mp4
anodyne, https://media.signbsl.com/videos/asl/youtube/mp4/qIkP-PZkcFw.mp4
anoint, https://media.signbsl.com/videos/asl/ids/mp4/2013-11-330-anoint-1500k-ase.mp4
anointed, https://media.signbsl.com/videos/asl/youtube/mp4/BY9eOO9R8hA.mp4
anointing, https://media.signbsl.com/videos/asl/handsofgrace/mp4/pn3_Z9wfiuw.mp4
anointment, https://media.signbsl.com/videos/asl/handsofgrace/mp4/pn3_Z9wfiuw.mp4
an oldie but a goodie, https://media.signbsl.com/videos/asl/youtube/mp4/BTyoqjxC-1Y.mp4
anon, https://media.signbsl.com/videos/asl/youtube/mp4/L_wm_FFJzTs.mp4
anonym, https://media.signbsl.com/videos/asl/youtube/mp4/R6diqywczSM.mp4
anonymity, https://media.signbsl.com/videos/asl/youtube/mp4/n2_PZ4vp1rE.mp4
anorak, https://media.signbsl.com/videos/asl/youtube/mp4/waiaIJTDinM.mp4
anorectic, https://media.signbsl.com/videos/asl/youtube/mp4/IycK_BEmX8U.mp4
anorexic, https://media.signbsl.com/videos/asl/youtube/mp4/IycK_BEmX8U.mp4
another, https://player.vimeo.com/external/391162975.sd.mp4?s=0f8db2db404f25b9326c2f229a0a25b729bed4fa&profile_id=164
another one, https://media.signbsl.com/videos/asl/aslsignbank/mp4/ONE-MORE-1544.mp4
an ounce of prevention is worth a pound of cure, https://media.signbsl.com/videos/asl/youtube/mp4/eCyBKu45TWg.mp4
ansomnia, https://media.signbsl.com/videos/asl/youtube/mp4/aY-btbMqJ4c.mp4
answer, https://media.signbsl.com/videos/asl/aslsignbank/mp4/ANSWER-2228.mp4
answerability, https://media.signbsl.com/videos/asl/aslsignbank/mp4/RESPONSIBILITY-968.mp4
answerable, https://media.signbsl.com/videos/asl/youtube/mp4/Ci-fDJygfFw.mp4
answerableness, https://media.signbsl.com/videos/asl/aslsignbank/mp4/RESPONSIBILITY-968.mp4
answerer, https://media.signbsl.com/videos/asl/unoclimb/mp4/5jB1JuTkt5A.mp4
ant, https://media.signbsl.com/videos/asl/aslsearch/mp4/ant.mp4
antacid, https://media.signbsl.com/videos/asl/youtube/mp4/w_oTMLVSJnA.mp4
antagonise, https://media.signbsl.com/videos/asl/youtube/mp4/zvVz4c-3MUQ.mp4
antagonist, https://media.signbsl.com/videos/asl/signlanguagestudent/mp4/adversary.mp4
antagonistic, https://player.vimeo.com/external/391166370.sd.mp4?s=4e173f95ae0c7d99af47f26477f510e1ed758cde&profile_id=164
antagonize, https://media.signbsl.com/videos/asl/youtube/mp4/zvVz4c-3MUQ.mp4
Antarctica, https://media.signbsl.com/videos/asl/startasl/mp4/antarctica.mp4
Antarctic continent, https://media.signbsl.com/videos/asl/startasl/mp4/antarctica.mp4
ante, https://media.signbsl.com/videos/asl/youtube/mp4/96Z3mGySnUA.mp4
antebellum, https://media.signbsl.com/videos/asl/youtube/mp4/jL1yRD1LuXw.mp4
antecede, https://media.signbsl.com/videos/asl/youtube/mp4/OlBIURnEkyQ.mp4
antecedent, https://media.signbsl.com/videos/asl/signlanguagestudent/mp4/ancestor.mp4
antecedently, https://player.vimeo.com/external/392419379.sd.mp4?s=692a42355d35f7e057f4e85f1d520185a577ed6f&profile_id=164
antechamber, https://player.vimeo.com/external/392265369.sd.mp4?s=e5855665f155677d40889b1281073c48f7450fa2&profile_id=164
antedate, https://media.signbsl.com/videos/asl/youtube/mp4/OlBIURnEkyQ.mp4
ante meridiem, https://media.signbsl.com/videos/asl/youtube/mp4/cqkrmYR4ajY.mp4
antenatal, https://media.signbsl.com/videos/asl/youtube/mp4/Snu07HEq2xI.mp4
antenna, https://media.signbsl.com/videos/asl/elementalaslconcepts/mp4/antennae.mp4
antennae, https://media.signbsl.com/videos/asl/elementalaslconcepts/mp4/antennae.mp4
antenuptial, https://media.signbsl.com/videos/asl/youtube/mp4/1TCKdvExO4U.mp4
antepartum, https://media.signbsl.com/videos/asl/youtube/mp4/Snu07HEq2xI.mp4
anterior, https://media.signbsl.com/videos/asl/aslsignbank/mp4/FRONT-138.mp4
anterior naris, https://media.signbsl.com/videos/asl/aslsearch/mp4/nostril.mp4
anteroom, https://player.vimeo.com/external/392265369.sd.mp4?s=e5855665f155677d40889b1281073c48f7450fa2&profile_id=164
anthem, https://media.signbsl.com/videos/asl/signlanguagestudent/mp4/hymn.mp4
anthesis, https://media.signbsl.com/videos/asl/youtube/mp4/At90l8CGn_E.mp4
anthologies, https://media.signbsl.com/videos/asl/youtube/mp4/fBVxoa20AKg.mp4
anthologist, https://media.signbsl.com/videos/asl/youtube/mp4/HigseeDmcxg.mp4
anthology, https://media.signbsl.com/videos/asl/youtube/mp4/fBVxoa20AKg.mp4
anthracite, https://media.signbsl.com/videos/asl/youtube/mp4/17vJukr6RIk.mp4
anthracite coal, https://media.signbsl.com/videos/asl/youtube/mp4/17vJukr6RIk.mp4
anthrax, https://media.signbsl.com/videos/asl/youtube/mp4/20bBMCzNiFg.mp4
anthropocentric, https://media.signbsl.com/videos/asl/youtube/mp4/X78v8vtt7go.mp4
anthropoid, https://media.signbsl.com/videos/asl/youtube/mp4/jHSxTdhRfD8.mp4
anthropological, https://media.signbsl.com/videos/asl/youtube/mp4/FqWOtNH7Jis.mp4
anthropologist, https://media.signbsl.com/videos/asl/youtube/mp4/QGFsqd0-Res.mp4
anthropology, https://player.vimeo.com/external/391166154.sd.mp4?s=f8b9187202346192d5e070308765fdc857032413&profile_id=164
anthropomorphic, https://media.signbsl.com/videos/asl/youtube/mp4/gYuSt734d7I.mp4
anthropomorphous, https://media.signbsl.com/videos/asl/youtube/mp4/gYuSt734d7I.mp4
anthropophagite, https://media.signbsl.com/videos/asl/youtube/mp4/yMlOovB8MUc.mp4
anthropophagus, https://media.signbsl.com/videos/asl/youtube/mp4/yMlOovB8MUc.mp4
anti, https://media.signbsl.com/videos/asl/signlanguagestudent/mp4/anti.mp4
antiabortion, https://media.signbsl.com/videos/asl/youtube/mp4/HIkx9gUQdIg.mp4
antiabortionist, https://media.signbsl.com/videos/asl/youtube/mp4/B6rOheK09A8.mp4
antiacid, https://media.signbsl.com/videos/asl/youtube/mp4/w_oTMLVSJnA.mp4
antiaircraft, https://player.vimeo.com/external/392700605.sd.mp4?s=e2d69ffc58942fe379e1a313cc63263780242dc1&profile_id=164
antiaircraft gun, https://player.vimeo.com/external/392700605.sd.mp4?s=e2d69ffc58942fe379e1a313cc63263780242dc1&profile_id=164
antibacterial, https://media.signbsl.com/videos/asl/youtube/mp4/Awm6mfVkuZg.mp4
antibacterial drug, https://media.signbsl.com/videos/asl/youtube/mp4/Awm6mfVkuZg.mp4
antibiotic, https://player.vimeo.com/external/392762018.sd.mp4?s=e279ebbda55498ef81eccb3a708010b8039e8943&profile_id=164
antibodies, https://media.signbsl.com/videos/asl/youtube/mp4/SOaOdGOc41A.mp4
antibody, https://media.signbsl.com/videos/asl/youtube/mp4/SOaOdGOc41A.mp4
antic, https://media.signbsl.com/videos/asl/youtube/mp4/4e8h6qy3USY.mp4
anticancer, https://media.signbsl.com/videos/asl/youtube/mp4/p-lGx2knLIo.mp4
Antichrist, https://media.signbsl.com/videos/asl/signlanguagestudent/mp4/anti-christ.mp4
anti christ, https://media.signbsl.com/videos/asl/signlanguagestudent/mp4/anti-christ.mp4
anticipant, https://media.signbsl.com/videos/asl/youtube/mp4/YjGgjY2cKaM.mp4
anticipate, https://media.signbsl.com/videos/asl/aslsignbank/mp4/GUESS-608.mp4
anticipation, https://media.signbsl.com/videos/asl/tsdvideo/mp4/498.mp4
anticipative, https://media.signbsl.com/videos/asl/youtube/mp4/YjGgjY2cKaM.mp4
anticlerical, https://media.signbsl.com/videos/asl/youtube/mp4/HHZG5PN3ogU.mp4
anticlimactic, https://media.signbsl.com/videos/asl/youtube/mp4/RULZhG0L6mA.mp4
anticlockwise, https://player.vimeo.com/external/391910629.sd.mp4?s=e16b5e2f0f2d0935458aef118ba3c6703c9803e8&profile_id=164
anticoagulant, https://media.signbsl.com/videos/asl/youtube/mp4/yw5gH7vbdao.mp4
anticoagulant medication, https://media.signbsl.com/videos/asl/youtube/mp4/yw5gH7vbdao.mp4
anticommunism, https://media.signbsl.com/videos/asl/youtube/mp4/eYAjOAwQAHc.mp4
antidepressant, https://media.signbsl.com/videos/asl/youtube/mp4/CvKAIbTf7AU.mp4
antidepressant drug, https://media.signbsl.com/videos/asl/youtube/mp4/CvKAIbTf7AU.mp4
antidiluvian, https://media.signbsl.com/videos/asl/youtube/mp4/Txaogj91rbM.mp4
antidote, https://player.vimeo.com/external/391166281.sd.mp4?s=466e7df2acd1f20aa1ebcab8087363494a716c77&profile_id=164
antielectron, https://media.signbsl.com/videos/asl/youtube/mp4/f9dzato_Aag.mp4
antifascist, https://media.signbsl.com/videos/asl/youtube/mp4/KrgDzKmXzWU.mp4
antifeminism, https://player.vimeo.com/external/392282846.sd.mp4?s=59c17fbe86c0c2eb3a1b428e71750229659a1409&profile_id=164
antifreeze, https://media.signbsl.com/videos/asl/AustinCommunityCollege/mp4/auto_antifreeze_.mp4
antifungal, https://media.signbsl.com/videos/asl/youtube/mp4/bGhTg3745X4.mp4
antigen, https://media.signbsl.com/videos/asl/youtube/mp4/trV-O0k7Vu8.mp4
Antigravity, https://player.vimeo.com/external/391166302.sd.mp4?s=768d30cf34cc6698b141f0829e994ea88f1fbb70&profile_id=164
Antigua and Barbuda, https://player.vimeo.com/external/391166337.sd.mp4?s=9f408ac19702d962334f7d13b954eee8c14afbaf&profile_id=164
antihero, https://media.signbsl.com/videos/asl/youtube/mp4/3b2GW9-XMYA.mp4
antihistamine, https://media.signbsl.com/videos/asl/youtube/mp4/lG0OgdscnGA.mp4
antilabor, https://media.signbsl.com/videos/asl/youtube/mp4/nxyIhQ_sJ90.mp4
antilog, https://media.signbsl.com/videos/asl/youtube/mp4/-_EiCKeiXyA.mp4
antilogarithm, https://media.signbsl.com/videos/asl/youtube/mp4/-_EiCKeiXyA.mp4
antimatter, https://media.signbsl.com/videos/asl/youtube/mp4/gTHRyN3Ntsc.mp4
antimicrobial, https://media.signbsl.com/videos/asl/youtube/mp4/QGKHmnKRgqg.mp4
antimicrobic, https://media.signbsl.com/videos/asl/youtube/mp4/QGKHmnKRgqg.mp4
antimissile, https://media.signbsl.com/videos/asl/youtube/mp4/m6tNp0hMjic.mp4
antimonopoly, https://media.signbsl.com/videos/asl/youtube/mp4/av2DXNaL22c.mp4
antineoplastic, https://media.signbsl.com/videos/asl/youtube/mp4/p-lGx2knLIo.mp4
antinuclear, https://media.signbsl.com/videos/asl/youtube/mp4/p63X7Pz8f44.mp4
antioxidant, https://media.signbsl.com/videos/asl/youtube/mp4/OmdHqGaXuH0.mp4
antipasti, https://media.signbsl.com/videos/asl/youtube/mp4/K4f6xBASgkQ.mp4
antipathetic, https://player.vimeo.com/external/391166370.sd.mp4?s=4e173f95ae0c7d99af47f26477f510e1ed758cde&profile_id=164
antipathetical, https://player.vimeo.com/external/391166370.sd.mp4?s=4e173f95ae0c7d99af47f26477f510e1ed758cde&profile_id=164
antipathy, https://media.signbsl.com/videos/asl/youtube/mp4/v82jkEYo5Pg.mp4
antipersonnel, https://media.signbsl.com/videos/asl/youtube/mp4/Rov_lV2dlfA.mp4
antiperspirant, https://media.signbsl.com/videos/asl/youtube/mp4/Akg642c6HX4.mp4
antipodal, https://media.signbsl.com/videos/asl/youtube/mp4/ZG7eddC7kC0.mp4
antipodal opposition, https://media.signbsl.com/videos/asl/youtube/mp4/ZG7eddC7kC0.mp4
antipollution, https://media.signbsl.com/videos/asl/youtube/mp4/OPaXYpb2X20.mp4
antipoverty, https://media.signbsl.com/videos/asl/youtube/mp4/p03ZXcmrAUk.mp4
antiquarian, https://media.signbsl.com/videos/asl/youtube/mp4/M_sl199kaKQ.mp4
antiquary, https://media.signbsl.com/videos/asl/youtube/mp4/M_sl199kaKQ.mp4
antique, https://media.signbsl.com/videos/asl/aslsearch/mp4/antique.mp4
antiquities, https://media.signbsl.com/videos/asl/youtube/mp4/mFwc-Y6Xgfg.mp4
antiquity, https://media.signbsl.com/videos/asl/youtube/mp4/mFwc-Y6Xgfg.mp4
anti semitic, https://media.signbsl.com/videos/asl/youtube/mp4/6UNh4KcAWVk.mp4
antiseptic, https://media.signbsl.com/videos/asl/youtube/mp4/60z8SB2tzl0.mp4
antislavery, https://media.signbsl.com/videos/asl/youtube/mp4/GNjkOtpzwkY.mp4
antisocial, https://player.vimeo.com/external/391166403.sd.mp4?s=bf314fd57cec90ec6ca693f97b4f704640e5afa4&profile_id=164
antisubmarine, https://media.signbsl.com/videos/asl/youtube/mp4/FQ6p05gKHUU.mp4
antitank, https://media.signbsl.com/videos/asl/youtube/mp4/U8wSoqA3Rfw.mp4
antitoxin, https://media.signbsl.com/videos/asl/youtube/mp4/cs_-R4pP5I0.mp4
antitrust, https://media.signbsl.com/videos/asl/youtube/mp4/av2DXNaL22c.mp4
antitumor, https://media.signbsl.com/videos/asl/youtube/mp4/p-lGx2knLIo.mp4
antitumour, https://media.signbsl.com/videos/asl/youtube/mp4/p-lGx2knLIo.mp4
antiviral, https://media.signbsl.com/videos/asl/youtube/mp4/AG0v4yQa-ao.mp4
antiviral agent, https://media.signbsl.com/videos/asl/youtube/mp4/AG0v4yQa-ao.mp4
antiviral drug, https://media.signbsl.com/videos/asl/youtube/mp4/AG0v4yQa-ao.mp4
Antivirus, https://media.signbsl.com/videos/asl/deaftec/mp4/920.mp4
anti virus program, https://media.signbsl.com/videos/asl/mariekatzenbachschool/mp4/anti%20virus%20program.mp4
antiwar, https://media.signbsl.com/videos/asl/youtube/mp4/9rPmzmKMaTY.mp4
antler, https://media.signbsl.com/videos/asl/aslsignbank/mp4/ANTLERS-763.mp4
antlers, https://media.signbsl.com/videos/asl/aslsignbank/mp4/ANTLERS-763.mp4
antonym, https://media.signbsl.com/videos/asl/elementalaslconcepts/mp4/antonym.mp4
antproof, https://media.signbsl.com/videos/asl/youtube/mp4/dlJCOyGpRF8.mp4
ants, https://media.signbsl.com/videos/asl/aslsearch/mp4/ant.mp4
antsier, https://media.signbsl.com/videos/asl/youtube/mp4/5YH7ZHccvO8.mp4
ants in your pants, https://media.signbsl.com/videos/asl/youtube/mp4/oE-5WrW1-SA.mp4
antsy, https://media.signbsl.com/videos/asl/youtube/mp4/Hzn9tCK8xvs.mp4
anuran, https://media.signbsl.com/videos/asl/aslsignbank/mp4/FROG-137.mp4
anurous, https://media.signbsl.com/videos/asl/youtube/mp4/2NweBY7zTUI.mp4
anvil, https://media.signbsl.com/videos/asl/youtube/mp4/eBVtcaJN4Xs.mp4
anxieties, https://media.signbsl.com/videos/asl/aslsearch/mp4/anxiety.mp4
anxiety, https://media.signbsl.com/videos/asl/aslsearch/mp4/anxiety.mp4
anxious, https://media.signbsl.com/videos/asl/startasl/mp4/nervous.mp4
anxiousness, https://media.signbsl.com/videos/asl/aslsearch/mp4/anxiety.mp4
any, https://media.signbsl.com/videos/asl/aslsignbank/mp4/ANY-2070.mp4
anybodies, https://media.signbsl.com/videos/asl/youtube/mp4/71pAQih_qPA.mp4
anybody, https://media.signbsl.com/videos/asl/aslsearch/mp4/anybody.mp4
any friend of yours is a friend of mine, https://media.signbsl.com/videos/asl/youtube/mp4/XwMi-5B7X6k.mp4
anyhoo, https://media.signbsl.com/videos/asl/youtube/mp4/HHnZY8_F97w.mp4
anyhow, https://media.signbsl.com/videos/asl/aslsignbank/mp4/WHATEVER-111.mp4
any longer, https://media.signbsl.com/videos/asl/youtube/mp4/VBR5kzCZ_ig.mp4
anymore, https://media.signbsl.com/videos/asl/youtube/mp4/VBR5kzCZ_ig.mp4
anyone, https://media.signbsl.com/videos/asl/aslsignbank/mp4/ANYONE-2071.mp4
anyplace, https://media.signbsl.com/videos/asl/aslsearch/mp4/anywhere.mp4
anything, https://media.signbsl.com/videos/asl/signlanguagestudent/mp4/anything.mp4
anything goes, https://media.signbsl.com/videos/asl/youtube/mp4/gTdAP-fAKtg.mp4
Anytime, https://player.vimeo.com/external/391166557.sd.mp4?s=737b77a9924680f245474d995ab38b31f9cb1f5c&profile_id=164
anyway, https://media.signbsl.com/videos/asl/aslsignbank/mp4/WHATEVER-111.mp4
anywhere, https://media.signbsl.com/videos/asl/aslsearch/mp4/anywhere.mp4
a ok, https://media.signbsl.com/videos/asl/youtube/mp4/25FJVllvUdg.mp4
a okay, https://media.signbsl.com/videos/asl/youtube/mp4/25FJVllvUdg.mp4
A one, https://media.signbsl.com/videos/asl/youtube/mp4/r_jf0dpBhSE.mp4
aorta, https://media.signbsl.com/videos/asl/youtube/mp4/aRjwjR-nWPw.mp4
apace, https://media.signbsl.com/videos/asl/youtube/mp4/-dBM8Wo-on0.mp4
apart, https://media.signbsl.com/videos/asl/aslsignbank/mp4/APART-17.mp4
apartheid, https://media.signbsl.com/videos/asl/youtube/mp4/7n_mlXIwS1E.mp4
apartment, https://media.signbsl.com/videos/asl/startasl/mp4/apartment.mp4
apathetic, https://media.signbsl.com/videos/asl/aslsearch/mp4/indifferent.mp4
apathy, https://media.signbsl.com/videos/asl/youtube/mp4/_4elPE2ifWw.mp4
ape, https://media.signbsl.com/videos/asl/aslsearch/mp4/ape.mp4
ape for, https://media.signbsl.com/videos/asl/youtube/mp4/czUMq0WWTCc.mp4
apelike, https://media.signbsl.com/videos/asl/youtube/mp4/I8Tlq6pbB-Q.mp4
a penny for your thoughts, https://media.signbsl.com/videos/asl/youtube/mp4/g_ciIoeH_BI.mp4
a penny saved is a penny earned, https://media.signbsl.com/videos/asl/youtube/mp4/0ZdFuSi-shs.mp4
aper, https://player.vimeo.com/external/391909021.sd.mp4?s=66b8cf5a7deeb6f5ff7aac2f8f3c51b9e2186b20&profile_id=164
aperitif, https://media.signbsl.com/videos/asl/youtube/mp4/081Q0JH_FWM.mp4
aperture, https://player.vimeo.com/external/391166663.sd.mp4?s=d9b82202c55dbda31ab9d346482cd074d31d4c06&profile_id=164
apex, https://media.signbsl.com/videos/asl/youtube/mp4/7QYlJNIBcZE.mp4
aphasia, https://media.signbsl.com/videos/asl/youtube/mp4/yvvU3WqUqms.mp4
aphelion, https://media.signbsl.com/videos/asl/youtube/mp4/9TORbb4u6i4.mp4
aphonic, https://media.signbsl.com/videos/asl/youtube/mp4/yrwerdSeFLs.mp4
aphotic, https://media.signbsl.com/videos/asl/youtube/mp4/sY8ZK7WAHV8.mp4
aphrodisiac, https://media.signbsl.com/videos/asl/aslsearch/mp4/sexy.mp4
aphrodisiacal, https://media.signbsl.com/videos/asl/aslsearch/mp4/sexy.mp4
apiarist, https://media.signbsl.com/videos/asl/youtube/mp4/5ljyd7d9NpY.mp4
a picture is worth a thousand words, https://media.signbsl.com/videos/asl/youtube/mp4/D25YJD81dXE.mp4
apiculturist, https://media.signbsl.com/videos/asl/youtube/mp4/5ljyd7d9NpY.mp4
apiece, https://media.signbsl.com/videos/asl/aslsignbank/mp4/EVERY-1328.mp4
apish, https://media.signbsl.com/videos/asl/youtube/mp4/I8Tlq6pbB-Q.mp4
aplenty, https://media.signbsl.com/videos/asl/youtube/mp4/xWQGKKhvnSc.mp4
aplomb, https://media.signbsl.com/videos/asl/youtube/mp4/diy7tyHxllA.mp4
Apocalypse, https://media.signbsl.com/videos/asl/ids/mp4/2013-11-4140-revelation-1500k-ase.mp4
Apocrypha, https://media.signbsl.com/videos/asl/youtube/mp4/NbJmAAmapzY.mp4
apogee, https://media.signbsl.com/videos/asl/youtube/mp4/brfWo8LQx68.mp4
apolitical, https://media.signbsl.com/videos/asl/youtube/mp4/RmhLb_GhWGg.mp4
apologetic, https://media.signbsl.com/videos/asl/youtube/mp4/V8yIqtRjvuU.mp4
apologetics, https://media.signbsl.com/videos/asl/valleybible/mp4/apologetics.mp4
apologise, https://media.signbsl.com/videos/asl/aslsignbank/mp4/SORRY-566.mp4
apologize, https://media.signbsl.com/videos/asl/aslsignbank/mp4/SORRY-566.mp4
apologue, https://media.signbsl.com/videos/asl/signlanguagestudent/mp4/parable%20(alternate%20b).mp4
apology, https://media.signbsl.com/videos/asl/aslsearch/mp4/apology.mp4
apoplectic, https://media.signbsl.com/videos/asl/youtube/mp4/e3wz1FjSzPI.mp4
apostacy, https://media.signbsl.com/videos/asl/signlanguagestudent/mp4/apostacy.mp4
apostasies, https://media.signbsl.com/videos/asl/valleybible/mp4/apostasy.mp4
apostasy, https://media.signbsl.com/videos/asl/valleybible/mp4/apostasy.mp4
apostate, https://media.signbsl.com/videos/asl/youtube/mp4/AIINMoIv-OA.mp4
a posterior knowledge, https://media.signbsl.com/videos/asl/philosophy/mp4/A%20Posterior%20Knowledge-HD.mp4
Apostle, https://media.signbsl.com/videos/asl/signlanguagestudent/mp4/apostle%20(alternate).mp4
Apostle of the Gentiles, https://media.signbsl.com/videos/asl/valleybible/mp4/Paul-2.mp4
Apostle Paul, https://media.signbsl.com/videos/asl/valleybible/mp4/Paul-2.mp4
apostles, https://media.signbsl.com/videos/asl/signlanguagestudent/mp4/apostle%20(alternate).mp4
apostrophe, https://media.signbsl.com/videos/asl/aslsignbank/mp4/APOSTROPHE-731.mp4
apothecaries, https://media.signbsl.com/videos/asl/youtube/mp4/rfHxXHcNFw8.mp4
apothecaries ounce, https://media.signbsl.com/videos/asl/tsdvideo/mp4/248.mp4
apothecary, https://media.signbsl.com/videos/asl/youtube/mp4/rfHxXHcNFw8.mp4
apothecarys shop, https://media.signbsl.com/videos/asl/aslsearch/mp4/pharmacy.mp4
apothem, https://media.signbsl.com/videos/asl/tsdvideo/mp4/1460.mp4
apotheoses, https://media.signbsl.com/videos/asl/youtube/mp4/NL3jolis8Mg.mp4
apotheosis, https://media.signbsl.com/videos/asl/youtube/mp4/ZE_FkU5xgb4.mp4
appal, https://media.signbsl.com/videos/asl/youtube/mp4/CA53l1iopCU.mp4
appall, https://media.signbsl.com/videos/asl/youtube/mp4/CA53l1iopCU.mp4
appalled, https://media.signbsl.com/videos/asl/youtube/mp4/Daxtk4Z34Jg.mp4
apparatus, https://media.signbsl.com/videos/asl/youtube/mp4/m1YRoC4h22U.mp4
apparel, https://media.signbsl.com/videos/asl/startasl/mp4/clothes.mp4
apparent, https://player.vimeo.com/external/391166777.sd.mp4?s=83a8a7ca1e0fd2488e317fc08876c4ead4a66c73&profile_id=164
apparent horizon, https://media.signbsl.com/videos/asl/elementalaslconcepts/mp4/horizon.mp4
apparently, https://media.signbsl.com/videos/asl/aslsignbank/mp4/SEEM-1012.mp4
apparition, https://media.signbsl.com/videos/asl/youtube/mp4/fAsOC4Rnqsg.mp4
apparitional, https://media.signbsl.com/videos/asl/youtube/mp4/E0sQ4Qu9OL8.mp4
appeal, https://media.signbsl.com/videos/asl/aslsearch/mp4/appeal.mp4
appealingness, https://media.signbsl.com/videos/asl/youtube/mp4/lge_I9LlMAk.mp4
appear, https://media.signbsl.com/videos/asl/aslsignbank/mp4/APPEAR-18.mp4
appearance, https://media.signbsl.com/videos/asl/youtube/mp4/9N504J6SXGE.mp4
appears (seems like), https://media.signbsl.com/videos/asl/signlanguagestudent/mp4/appears%20(seems-like).mp4
appears seems like, https://media.signbsl.com/videos/asl/signlanguagestudent/mp4/appears%20(seems-like).mp4
appease, https://player.vimeo.com/external/392414630.sd.mp4?s=3a7fd0653661d8d31e18710537233f1a71c00885&profile_id=164
appellant, https://media.signbsl.com/videos/asl/youtube/mp4/3S6XwxyTOUQ.mp4
appellate, https://media.signbsl.com/videos/asl/youtube/mp4/TkTDRepzh3w.mp4
appellant, https://media.signbsl.com/videos/asl/youtube/mp4/3S6XwxyTOUQ.mp4
appellate, https://media.signbsl.com/videos/asl/youtube/mp4/TkTDRepzh3w.mp4
appellation, https://media.signbsl.com/videos/asl/youtube/mp4/yktLU5mPY-E.mp4
appellative, https://media.signbsl.com/videos/asl/youtube/mp4/yktLU5mPY-E.mp4
append, https://player.vimeo.com/external/392164174.sd.mp4?s=8f2cdf93cf4b9a383cdeeffb2e1bbe146ba82a5a&profile_id=164
appendage, https://media.signbsl.com/videos/asl/youtube/mp4/ppcFQ9-L9fQ.mp4
appendectomies, https://media.signbsl.com/videos/asl/youtube/mp4/LEzwZIqv3Fs.mp4
appendectomy, https://media.signbsl.com/videos/asl/youtube/mp4/LEzwZIqv3Fs.mp4
appendicectomy, https://media.signbsl.com/videos/asl/youtube/mp4/LEzwZIqv3Fs.mp4
appendicitis, https://media.signbsl.com/videos/asl/youtube/mp4/yQpzgZZPImc.mp4
appertain, https://media.signbsl.com/videos/asl/youtube/mp4/dhA7v6Q3MmY.mp4
appetence, https://media.signbsl.com/videos/asl/aslsearch/mp4/appetite.mp4
appetency, https://media.signbsl.com/videos/asl/aslsearch/mp4/appetite.mp4
appetiser, https://media.signbsl.com/videos/asl/youtube/mp4/YDERzTpcc6Y.mp4
appetising, https://media.signbsl.com/videos/asl/youtube/mp4/lsrGFb2U_X4.mp4
appetite, https://media.signbsl.com/videos/asl/aslsearch/mp4/appetite.mp4
appetizer, https://media.signbsl.com/videos/asl/youtube/mp4/YDERzTpcc6Y.mp4
appetizing, https://media.signbsl.com/videos/asl/youtube/mp4/lsrGFb2U_X4.mp4
applaud, https://media.signbsl.com/videos/asl/aslsearch/mp4/applaud.mp4
applaudable, https://media.signbsl.com/videos/asl/youtube/mp4/hs7_yafRlKE.mp4
applauder, https://media.signbsl.com/videos/asl/youtube/mp4/VAywYA27dOM.mp4
applause, https://media.signbsl.com/videos/asl/youtube/mp4/XERB7nN8E_8.mp4
apple, https://media.signbsl.com/videos/asl/startasl/mp4/apple.mp4
applejack, https://media.signbsl.com/videos/asl/youtube/mp4/efhazB1zoF4.mp4
apple juice, https://player.vimeo.com/external/391167084.sd.mp4?s=39bbf0a226af216703d2533a2febded6cc9bc2e0&profile_id=164
apple of your eye, https://media.signbsl.com/videos/asl/youtube/mp4/9a2P4o9vKjI.mp4
apple polisher, https://media.signbsl.com/videos/asl/youtube/mp4/OjTJrqMm3Nw.mp4
apples and acorns don't fall far from the tree, https://media.signbsl.com/videos/asl/youtube/mp4/L4pbSDF9S8A.mp4
apples and acorns dont fall far from the tree, https://media.signbsl.com/videos/asl/youtube/mp4/L4pbSDF9S8A.mp4
apples and oranges, https://media.signbsl.com/videos/asl/youtube/mp4/-UmIaXjZf1Y.mp4
applesauce, https://media.signbsl.com/videos/asl/youtube/mp4/kcg5FMVOBWE.mp4
apple sauce, https://media.signbsl.com/videos/asl/youtube/mp4/kcg5FMVOBWE.mp4
appliance, https://media.signbsl.com/videos/asl/youtube/mp4/CFd-vgfyGog.mp4
applicability, https://media.signbsl.com/videos/asl/youtube/mp4/QC0GuFO8FBM.mp4
applicant, https://media.signbsl.com/videos/asl/aslsignbank/mp4/VOLUNTEER-1404.mp4
application, https://media.signbsl.com/videos/asl/valleybible/mp4/application.mp4
Application Layer, https://media.signbsl.com/videos/asl/deaftec/mp4/921.mp4
applicator, https://media.signbsl.com/videos/asl/youtube/mp4/Y0ss4Re5S1A.mp4
applied, https://media.signbsl.com/videos/asl/youtube/mp4/4PtoLbPv8qo.mp4
applied science, https://media.signbsl.com/videos/asl/aslsignbank/mp4/ENGINEERING-1988.mp4
applied scientist, https://media.signbsl.com/videos/asl/aslsignbank/mp4/ENGINEER-2889.mp4
applier, https://media.signbsl.com/videos/asl/aslsignbank/mp4/VOLUNTEER-1404.mp4
apply, https://media.signbsl.com/videos/asl/startasl/mp4/use.mp4
Apply For, https://player.vimeo.com/external/391167185.sd.mp4?s=c42efbd05fa734858091ee78e06b4d857886bf42&profile_id=164
Apply To, https://player.vimeo.com/external/391168020.sd.mp4?s=d862d9cdf662edd26931ce9ba4ffcca53a0602f3&profile_id=164
appoint, https://player.vimeo.com/external/392762118.sd.mp4?s=81e1f22d6f5d9137e50886652c55fda6f1950bd0&profile_id=164
appointee, https://media.signbsl.com/videos/asl/youtube/mp4/6qaEV6JRL_g.mp4
appointment, https://media.signbsl.com/videos/asl/aslsearch/mp4/appointment.mp4
apportion, https://media.signbsl.com/videos/asl/youtube/mp4/HjheefTYhB8.mp4
apposable, https://media.signbsl.com/videos/asl/youtube/mp4/OWnjsgEwIoM.mp4
apposite, https://media.signbsl.com/videos/asl/youtube/mp4/PqIeqz5qYPU.mp4
appraisal, https://media.signbsl.com/videos/asl/unoclimb/mp4/zoXGxQnIWfo.mp4
appraise, https://media.signbsl.com/videos/asl/aslsignbank/mp4/EVALUATE-2894.mp4
appraiser, https://media.signbsl.com/videos/asl/youtube/mp4/-osdGlUAPMk.mp4
appreciable, https://media.signbsl.com/videos/asl/youtube/mp4/XLUHgj-oyuE.mp4
appreciate, https://media.signbsl.com/videos/asl/aslsearch/mp4/appreciate.mp4
apprehend, https://media.signbsl.com/videos/asl/aslsearch/mp4/apprehend.mp4
apprehensible, https://player.vimeo.com/external/392547403.sd.mp4?s=bc5739dacea4ba04f1bd3cf79ff7d11cf11e1745&profile_id=164
apprehension, https://media.signbsl.com/videos/asl/youtube/mp4/o_IY_kyyoRU.mp4
apprehensive, https://player.vimeo.com/external/391168186.sd.mp4?s=09711e2171d6e516f601b486f91280c27db67b90&profile_id=164
apprehensiveness, https://media.signbsl.com/videos/asl/youtube/mp4/o_IY_kyyoRU.mp4
apprentice, https://media.signbsl.com/videos/asl/youtube/mp4/P73YShFqi-U.mp4
apprise, https://media.signbsl.com/videos/asl/aslsearch/mp4/appreciate.mp4
apprize, https://media.signbsl.com/videos/asl/aslsearch/mp4/appreciate.mp4
approach, https://media.signbsl.com/videos/asl/aslsignbank/mp4/ACCESS-2046.mp4
approachable, https://media.signbsl.com/videos/asl/youtube/mp4/MJVl8RzRd8k.mp4
approaching, https://media.signbsl.com/videos/asl/youtube/mp4/K1QYMadG4HQ.mp4
approaching deadline, https://media.signbsl.com/videos/asl/youtube/mp4/NHzMwjY1u8k.mp4
appropriate, https://media.signbsl.com/videos/asl/aslsignbank/mp4/REGULAR-955.mp4
appropriation, https://player.vimeo.com/external/392762211.sd.mp4?s=cf2770c8bbc93fa1d85c20cd0552f1a9258474e5&profile_id=164
approval, https://media.signbsl.com/videos/asl/ids/mp4/2013-11-610-blessing-1500k-ase.mp4
approve, https://media.signbsl.com/videos/asl/aslsignbank/mp4/VALIDATE-1369.mp4
approving, https://media.signbsl.com/videos/asl/ids/mp4/2013-11-610-blessing-1500k-ase.mp4
approximate, https://media.signbsl.com/videos/asl/tsdvideo/mp4/397.mp4
approximately, https://media.signbsl.com/videos/asl/aslsignbank/mp4/APPROXIMATE-636.mp4
approximative, https://media.signbsl.com/videos/asl/tsdvideo/mp4/1241.mp4
appurtenance, https://media.signbsl.com/videos/asl/aslsignbank/mp4/UMBRELLA-395.mp4
appurtenances, https://media.signbsl.com/videos/asl/youtube/mp4/jkqyzs7w9tQ.mp4
appurtenant, https://media.signbsl.com/videos/asl/youtube/mp4/vcBF-gsWn5I.mp4
Apr, https://media.signbsl.com/videos/asl/aslsignbank/mp4/APRIL-MONTH-1962.mp4
a pretty penny, https://media.signbsl.com/videos/asl/youtube/mp4/170Zgb7GNtg.mp4
apricot, https://media.signbsl.com/videos/asl/startasl/mp4/peach.mp4
April, https://media.signbsl.com/videos/asl/aslsignbank/mp4/APRIL-MONTH-1962.mp4
April fool, https://player.vimeo.com/external/391168469.sd.mp4?s=ee111144b19c71251a3d33e78995d8a8a1270cd5&profile_id=164
April Fools, https://player.vimeo.com/external/392645643.sd.mp4?s=1721cd37680029b922caabc12e1d5fa58d2e51bf&profile_id=164
April Fools day, https://player.vimeo.com/external/392645643.sd.mp4?s=1721cd37680029b922caabc12e1d5fa58d2e51bf&profile_id=164
a priori knowledge, https://media.signbsl.com/videos/asl/philosophy/mp4/A%20Priori%20Knowledge-HD.mp4
apron, https://media.signbsl.com/videos/asl/aslsearch/mp4/apron.mp4
apropos, https://media.signbsl.com/videos/asl/youtube/mp4/iMrODwfsjwA.mp4
apt, https://media.signbsl.com/videos/asl/youtube/mp4/KGfMz834lyE.mp4
aptitude, https://media.signbsl.com/videos/asl/youtube/mp4/_VJUhBrzYtc.mp4
aptness, https://media.signbsl.com/videos/asl/youtube/mp4/UC2EHp4WdnM.mp4
aquacultural, https://media.signbsl.com/videos/asl/youtube/mp4/c4pnSS9_MX4.mp4
aquaculture, https://media.signbsl.com/videos/asl/youtube/mp4/W4bmg6w_r3k.mp4
aquaduct, https://media.signbsl.com/videos/asl/youtube/mp4/tn0qmL38jk0.mp4
aqualung, https://media.signbsl.com/videos/asl/youtube/mp4/r_f12x7kiKk.mp4
Aqua Lung, https://media.signbsl.com/videos/asl/youtube/mp4/r_f12x7kiKk.mp4
aquanaut, https://media.signbsl.com/videos/asl/youtube/mp4/Y3o63ksQ3HA.mp4
aquaplane, https://media.signbsl.com/videos/asl/youtube/mp4/VamxZamIS7c.mp4
aquaria, https://media.signbsl.com/videos/asl/youtube/mp4/VmIv-Y3Luj8.mp4
aquarium, https://media.signbsl.com/videos/asl/aslsearch/mp4/aquarium.mp4
aqueous, https://media.signbsl.com/videos/asl/youtube/mp4/hZkczr2qeo8.mp4
aquicultural, https://media.signbsl.com/videos/asl/youtube/mp4/c4pnSS9_MX4.mp4
aquifer, https://media.signbsl.com/videos/asl/youtube/mp4/o4GKNvG3OcY.mp4
Aquinas, https://media.signbsl.com/videos/asl/philosophy/mp4/Aquinas-HD.mp4
AR, https://media.signbsl.com/videos/asl/youtube/mp4/-9GoKtkJHcc.mp4
arable, https://media.signbsl.com/videos/asl/youtube/mp4/Jwco2ldupTY.mp4
Arab Republic of Egypt, https://media.signbsl.com/videos/asl/startasl/mp4/egypt.mp4
arachnid, https://media.signbsl.com/videos/asl/youtube/mp4/NtGGMZTUfrs.mp4
arachnidian, https://media.signbsl.com/videos/asl/youtube/mp4/oG264TLEK58.mp4
arachnoid, https://media.signbsl.com/videos/asl/youtube/mp4/oG264TLEK58.mp4
arachnophobia, https://media.signbsl.com/videos/asl/youtube/mp4/Ex8Bv7c-UQc.mp4
arbiter, https://media.signbsl.com/videos/asl/youtube/mp4/3phmIUywk_o.mp4
arbitrage, https://media.signbsl.com/videos/asl/youtube/mp4/as9fmPGFanw.mp4
arbitrarily, https://media.signbsl.com/videos/asl/youtube/mp4/hg9oo6z9gAA.mp4
arbitrate, https://media.signbsl.com/videos/asl/youtube/mp4/9EcCRy9PJYk.mp4
arbitrator, https://media.signbsl.com/videos/asl/youtube/mp4/3phmIUywk_o.mp4
arbor, https://media.signbsl.com/videos/asl/youtube/mp4/Uczr_2itegM.mp4
arboreal, https://media.signbsl.com/videos/asl/youtube/mp4/443UKTbD9yM.mp4
arboreous, https://media.signbsl.com/videos/asl/youtube/mp4/443UKTbD9yM.mp4
arborescent, https://media.signbsl.com/videos/asl/youtube/mp4/B9FBVzDREUU.mp4
arboresque, https://media.signbsl.com/videos/asl/youtube/mp4/B9FBVzDREUU.mp4
arboretum, https://media.signbsl.com/videos/asl/youtube/mp4/qm0trPMnGcw.mp4
arboriform, https://media.signbsl.com/videos/asl/youtube/mp4/B9FBVzDREUU.mp4
arbour, https://media.signbsl.com/videos/asl/youtube/mp4/5x5Xjkv5OpE.mp4
arc, https://media.signbsl.com/videos/asl/tsdvideo/mp4/1461.mp4
arcade, https://media.signbsl.com/videos/asl/youtube/mp4/OIeO4jWHSks.mp4
arcadian, https://media.signbsl.com/videos/asl/youtube/mp4/2TAU3cUi5Fs.mp4
arc blow, https://media.signbsl.com/videos/asl/AustinCommunityCollege/mp4/weld_arc_blow_.mp4
arccosine, https://media.signbsl.com/videos/asl/youtube/mp4/ZOEzFh4QEoQ.mp4
arcdegree, https://media.signbsl.com/videos/asl/signlanguagestudent/mp4/degrees%20(math).mp4
arch, https://media.signbsl.com/videos/asl/tsdvideo/mp4/1461.mp4
archaeologic, https://media.signbsl.com/videos/asl/youtube/mp4/8x6PIluvI1o.mp4
archaeological, https://media.signbsl.com/videos/asl/youtube/mp4/8x6PIluvI1o.mp4
archaeologist, https://media.signbsl.com/videos/asl/youtube/mp4/zw-udATkmoM.mp4
archaeology, https://media.signbsl.com/videos/asl/aslsignbank/mp4/MINE-3333.mp4
archaic, https://media.signbsl.com/videos/asl/youtube/mp4/jqTTh8di1l8.mp4
archangel, https://media.signbsl.com/videos/asl/signlanguagestudent/mp4/arch%20angel.mp4
arch angel, https://media.signbsl.com/videos/asl/signlanguagestudent/mp4/arch%20angel.mp4
archbishop, https://media.signbsl.com/videos/asl/handsofgrace/mp4/_84uPqD8zIs.mp4
archdiocesan, https://media.signbsl.com/videos/asl/youtube/mp4/THtNAG2XqU8.mp4
archduchess, https://media.signbsl.com/videos/asl/youtube/mp4/2sqshLBYcl8.mp4
archduke, https://media.signbsl.com/videos/asl/youtube/mp4/Hn8qG5CjHAs.mp4
archenemies, https://media.signbsl.com/videos/asl/youtube/mp4/bgsiqaEJCLQ.mp4
archeologic, https://media.signbsl.com/videos/asl/youtube/mp4/8x6PIluvI1o.mp4
archeological, https://media.signbsl.com/videos/asl/youtube/mp4/8x6PIluvI1o.mp4
archeologist, https://media.signbsl.com/videos/asl/youtube/mp4/zw-udATkmoM.mp4
archeology, https://media.signbsl.com/videos/asl/aslsignbank/mp4/MINE-3333.mp4
archer, https://media.signbsl.com/videos/asl/youtube/mp4/PWIJ5o3YYBQ.mp4
archery, https://media.signbsl.com/videos/asl/aslsignbank/mp4/BOW-AND-ARROW-818.mp4
archimandrite, https://media.signbsl.com/videos/asl/youtube/mp4/dQzqYfeOGdA.mp4
archipelago, https://media.signbsl.com/videos/asl/youtube/mp4/QdR1r_J5LwY.mp4
architect, https://media.signbsl.com/videos/asl/startasl/mp4/architect.mp4
architectonic, https://media.signbsl.com/videos/asl/youtube/mp4/tXYNH8HIXpk.mp4
architectural, https://media.signbsl.com/videos/asl/youtube/mp4/ecHgpybrh84.mp4
architecture, https://media.signbsl.com/videos/asl/aslsignbank/mp4/SHAPE-729.mp4
archival, https://media.signbsl.com/videos/asl/youtube/mp4/czZDgCaaGQY.mp4
archive, https://media.signbsl.com/videos/asl/aslsignbank/mp4/SAVE-614.mp4
archivist, https://media.signbsl.com/videos/asl/youtube/mp4/ZwY1KmfNJaU.mp4
archly, https://media.signbsl.com/videos/asl/youtube/mp4/PsdvnJhAF8o.mp4
archpriest, https://media.signbsl.com/videos/asl/youtube/mp4/s8aX7GhbSyM.mp4
archvillain, https://media.signbsl.com/videos/asl/youtube/mp4/eLVc_LOC3kY.mp4
archway, https://media.signbsl.com/videos/asl/youtube/mp4/VOxYgTXIGyY.mp4
arc length, https://media.signbsl.com/videos/asl/tsdvideo/mp4/1463.mp4
arcminute, https://media.signbsl.com/videos/asl/youtube/mp4/yN1lW1lnQZ8.mp4
arcsecond, https://media.signbsl.com/videos/asl/youtube/mp4/Gm7fSSDS0Hc.mp4
arcsine, https://media.signbsl.com/videos/asl/youtube/mp4/89MjHJzOAQM.mp4
arc starting scratchlift, https://media.signbsl.com/videos/asl/AustinCommunityCollege/mp4/weld_arc_starting_.mp4
arc strike, https://media.signbsl.com/videos/asl/AustinCommunityCollege/mp4/weld_arc_srike_.mp4
arc strikes, https://media.signbsl.com/videos/asl/AustinCommunityCollege/mp4/weld_arc_strikes_.mp4
arctangent, https://media.signbsl.com/videos/asl/youtube/mp4/_T-0RWQ9qd0.mp4
arctic, https://media.signbsl.com/videos/asl/aslsearch/mp4/arctic.mp4
ardent, https://media.signbsl.com/videos/asl/youtube/mp4/35XVDI_yYMo.mp4
ardilla, https://media.signbsl.com/videos/asl/youtube/mp4/bNpOz31pERw.mp4
ardor, https://media.signbsl.com/videos/asl/youtube/mp4/ojQtEeiBd6U.mp4
ardour, https://media.signbsl.com/videos/asl/youtube/mp4/ojQtEeiBd6U.mp4
arduous, https://player.vimeo.com/external/391168675.sd.mp4?s=aae06e26bfadc7d0c30e5ef2f00385b96c99d966&profile_id=164
are, https://media.signbsl.com/videos/asl/aslsignbank/mp4/BECOME-2100.mp4
area, https://media.signbsl.com/videos/asl/startasl/mp4/country.mp4
Area administrative area, https://media.signbsl.com/videos/asl/ids/mp4/2013-11-360-area-admistrative-area-1500k-ase.mp4
area code, https://media.signbsl.com/videos/asl/youtube/mp4/J3-6e7Y_LXM.mp4
Area Presidency, https://media.signbsl.com/videos/asl/ids/mp4/2013-11-380-area-president-1500k-ase.mp4
arena, https://media.signbsl.com/videos/asl/startasl/mp4/stadium.mp4
arent, https://media.signbsl.com/videos/asl/youtube/mp4/6QIkTilK1pY.mp4
are there, https://media.signbsl.com/videos/asl/youtube/mp4/zm4P_cznzDo.mp4
are you alright, https://player.vimeo.com/external/392645680.sd.mp4?s=8dc68a64b00988cbd9b5ed03591771d5366be41e&profile_id=164
are you a man or a mouse, https://media.signbsl.com/videos/asl/youtube/mp4/6fwzct4P-XU.mp4
are you a student, https://media.signbsl.com/videos/asl/startasl/mp4/areyouastudent.mp4
are you deaf, https://media.signbsl.com/videos/asl/startasl/mp4/areyoudeaf.mp4
are you hungry, https://media.signbsl.com/videos/asl/startasl/mp4/areyouhungry.mp4
are you hungry or thirsty, https://media.signbsl.com/videos/asl/mariekatzenbachschool/mp4/Are%20you%20hungry%20or%20thirsty.mp4
are you hurt, https://media.signbsl.com/videos/asl/youtube/mp4/h_YWNinbcB0.mp4
are you learning sign language, https://media.signbsl.com/videos/asl/startasl/mp4/are-you-learning-sign-language.mp4
are you married, https://media.signbsl.com/videos/asl/startasl/mp4/areyoumarried.mp4
Are You Okay, https://player.vimeo.com/external/392645698.sd.mp4?s=9b96df1d64ea777e6957a1aee398156842c44552&profile_id=164
are your parents deaf, https://media.signbsl.com/videos/asl/startasl/mp4/areyourparentsdeaf.mp4
are you sick, https://media.signbsl.com/videos/asl/youtube/mp4/OSuOyKC6Cfk.mp4
are you there yet, https://player.vimeo.com/external/392645720.sd.mp4?s=bb9f375a5c5931ce1810a2375353e3d9641e5f0e&profile_id=164
arf, https://media.signbsl.com/videos/asl/youtube/mp4/glkH01NOF5c.mp4
Argentina, https://media.signbsl.com/videos/asl/youtube/mp4/_nomawZizaw.mp4
Argentine Republic, https://media.signbsl.com/videos/asl/youtube/mp4/_nomawZizaw.mp4
argh, https://player.vimeo.com/external/391168830.sd.mp4?s=0773cccb9cb00613c2ae59d8fcfea0e1de023bf7&profile_id=164
argosies, https://media.signbsl.com/videos/asl/youtube/mp4/1nh4tkuT8sc.mp4
argosy, https://media.signbsl.com/videos/asl/youtube/mp4/1nh4tkuT8sc.mp4
argot, https://media.signbsl.com/videos/asl/youtube/mp4/eI8UPXKxO7o.mp4
arguable, https://media.signbsl.com/videos/asl/youtube/mp4/BkRaE-7kwtw.mp4
argue, https://media.signbsl.com/videos/asl/startasl/mp4/argue.mp4
argue heated discussion, https://media.signbsl.com/videos/asl/youtube/mp4/NZvyw3RhuyU.mp4
arguer, https://media.signbsl.com/videos/asl/youtube/mp4/o5I0jboUuEI.mp4
arguing, https://media.signbsl.com/videos/asl/aslsearch/mp4/controversy.mp4
argument, https://media.signbsl.com/videos/asl/aslsearch/mp4/debate.mp4
argumentation, https://media.signbsl.com/videos/asl/aslsearch/mp4/debate.mp4
argus eyed, https://media.signbsl.com/videos/asl/youtube/mp4/z7YuUQZkBzI.mp4
aria, https://media.signbsl.com/videos/asl/youtube/mp4/-eJNHkRdOn8.mp4
arid, https://media.signbsl.com/videos/asl/aslsignbank/mp4/DESERT-685.mp4
aright, https://media.signbsl.com/videos/asl/youtube/mp4/VJ18ndNRGWY.mp4
arise, https://media.signbsl.com/videos/asl/startasl/mp4/get-up.mp4
aristocracies, https://media.signbsl.com/videos/asl/youtube/mp4/F8ur60rJC3A.mp4
aristocracy, https://media.signbsl.com/videos/asl/youtube/mp4/F8ur60rJC3A.mp4
aristocrat, https://media.signbsl.com/videos/asl/youtube/mp4/1uRfPPe1j2U.mp4
Aristotle, https://media.signbsl.com/videos/asl/philosophy/mp4/Aristotle-HD.mp4
arithmetic, https://media.signbsl.com/videos/asl/aslsignbank/mp4/MATH-2163.mp4
arithmetician, https://media.signbsl.com/videos/asl/youtube/mp4/Iiqd2iJbN34.mp4
arithmetic sequence, https://media.signbsl.com/videos/asl/youtube/mp4/BoG0KCRLrdA.mp4
arithmetic series, https://media.signbsl.com/videos/asl/youtube/mp4/NNPOfo9UQSc.mp4
Arizona, https://media.signbsl.com/videos/asl/aslsignbank/mp4/ARIZONA-770.mp4
arizona cities, https://player.vimeo.com/external/391168947.sd.mp4?s=92e431078afade8622276369cd58885d649148ba&profile_id=164
ark, https://player.vimeo.com/external/391168984.sd.mp4?s=8f65517ce410040216b9b534c41454308d5f0ea3&profile_id=164
Arkansas, https://media.signbsl.com/videos/asl/youtube/mp4/-9GoKtkJHcc.mp4
arm, https://media.signbsl.com/videos/asl/ids/mp4/2013-11-680-branch-8000k-ase.mp4
armada, https://media.signbsl.com/videos/asl/youtube/mp4/gK6xbFcdJZA.mp4
armadillo, https://media.signbsl.com/videos/asl/thefamilyvocab/mp4/armadillo.mp4
Armageddon, https://media.signbsl.com/videos/asl/youtube/mp4/vzI8W-0_tA8.mp4
armament, https://media.signbsl.com/videos/asl/youtube/mp4/q43A7Cp4wQM.mp4
armband, https://media.signbsl.com/videos/asl/youtube/mp4/7p9OP22bzBg.mp4
armchair, https://media.signbsl.com/videos/asl/youtube/mp4/RGmTSxmSpZc.mp4
arm chair, https://media.signbsl.com/videos/asl/youtube/mp4/RGmTSxmSpZc.mp4
armchair critic, https://player.vimeo.com/external/392645737.sd.mp4?s=46bd81c3ad3470e0fcd077655cd46ce503f006c0&profile_id=164
armed, https://media.signbsl.com/videos/asl/youtube/mp4/UWXbvgWnoVc.mp4
armed combat, https://media.signbsl.com/videos/asl/aslsearch/mp4/combat.mp4
armed forces, https://media.signbsl.com/videos/asl/youtube/mp4/smfJvlKtdpQ.mp4
armed services, https://media.signbsl.com/videos/asl/youtube/mp4/smfJvlKtdpQ.mp4
armed to the teeth, https://media.signbsl.com/videos/asl/youtube/mp4/l6KB2Mhyofo.mp4
Armenia, https://media.signbsl.com/videos/asl/youtube/mp4/xYxy91pnkxI.mp4
armful, https://media.signbsl.com/videos/asl/youtube/mp4/fTkEV8kSvds.mp4
armies, https://media.signbsl.com/videos/asl/startasl/mp4/army.mp4
armiore, https://media.signbsl.com/videos/asl/youtube/mp4/oaN1nEp9S_s.mp4
armistice, https://player.vimeo.com/external/395728393.sd.mp4?s=0ac2d7ff3edbc9d59618073cfebde104b141765f&profile_id=164
armless, https://media.signbsl.com/videos/asl/youtube/mp4/16ehDNmkWwc.mp4
armoire, https://media.signbsl.com/videos/asl/aslsignbank/mp4/CLOSET-88.mp4
armor, https://media.signbsl.com/videos/asl/youtube/mp4/M_m777HbD9k.mp4
armored combat vehicle, https://player.vimeo.com/external/393613802.sd.mp4?s=253f4e96a2b135bdead6a72991028f363fa0eaab&profile_id=164
armories, https://media.signbsl.com/videos/asl/youtube/mp4/IYgcUHfieAg.mp4
armory, https://media.signbsl.com/videos/asl/youtube/mp4/IYgcUHfieAg.mp4
armour, https://media.signbsl.com/videos/asl/youtube/mp4/M_m777HbD9k.mp4
armoured combat vehicle, https://player.vimeo.com/external/393613802.sd.mp4?s=253f4e96a2b135bdead6a72991028f363fa0eaab&profile_id=164
armoury, https://media.signbsl.com/videos/asl/youtube/mp4/IYgcUHfieAg.mp4
armpit, https://media.signbsl.com/videos/asl/aslsearch/mp4/armpit.mp4
armrest, https://media.signbsl.com/videos/asl/youtube/mp4/I1cAHI2i8eI.mp4
arms, https://media.signbsl.com/videos/asl/aslsearch/mp4/arms.mp4
arms runner, https://media.signbsl.com/videos/asl/youtube/mp4/E7r-3GzeJQU.mp4
army, https://media.signbsl.com/videos/asl/startasl/mp4/army.mp4
Army of the Confederacy, https://media.signbsl.com/videos/asl/elementalaslconcepts/mp4/confederate_army.mp4
army tank, https://player.vimeo.com/external/393613802.sd.mp4?s=253f4e96a2b135bdead6a72991028f363fa0eaab&profile_id=164
a rolling stone gathers no moss, https://media.signbsl.com/videos/asl/youtube/mp4/YOXbLwquXxU.mp4
aroma, https://media.signbsl.com/videos/asl/aslsignbank/mp4/SMELL-1076.mp4
aromaless, https://media.signbsl.com/videos/asl/youtube/mp4/xac_Rs84SHo.mp4
aromatherapist, https://media.signbsl.com/videos/asl/youtube/mp4/jdU1XwiQGVo.mp4
aromatherapy, https://media.signbsl.com/videos/asl/youtube/mp4/H-pi2PuhtFY.mp4
aromatic, https://media.signbsl.com/videos/asl/youtube/mp4/Rc-6RyD3mjk.mp4
aromatise, https://media.signbsl.com/videos/asl/youtube/mp4/cCvS5OVJ1WI.mp4
aromatize, https://media.signbsl.com/videos/asl/youtube/mp4/cCvS5OVJ1WI.mp4
around, https://media.signbsl.com/videos/asl/aslsignbank/mp4/APPROXIMATE-636.mp4
around approximately, https://media.signbsl.com/videos/asl/signlanguagestudent/mp4/around%20(approximately).mp4
around the bend, https://media.signbsl.com/videos/asl/startasl/mp4/nuts.mp4
around the clock, https://media.signbsl.com/videos/asl/youtube/mp4/jyR250tZpwE.mp4
arousal, https://media.signbsl.com/videos/asl/youtube/mp4/7_V4iXlkczA.mp4
arouse, https://media.signbsl.com/videos/asl/startasl/mp4/wake-up.mp4
aroused, https://media.signbsl.com/videos/asl/aslsearch/mp4/horny.mp4
arpeggio, https://media.signbsl.com/videos/asl/youtube/mp4/kRRyW4zZEAY.mp4
arraign, https://media.signbsl.com/videos/asl/youtube/mp4/cm-Egbb_0Fo.mp4
arrange, https://media.signbsl.com/videos/asl/aslsignbank/mp4/PACK-1521.mp4
arranged marriage, https://player.vimeo.com/external/391169144.sd.mp4?s=5541ee9cfdf4bb03dddd6893898d0f14b7a201cc&profile_id=164
arrange flowers, https://media.signbsl.com/videos/asl/youtube/mp4/TsR2lbN_ZWw.mp4
arrangement, https://media.signbsl.com/videos/asl/aslsignbank/mp4/AGREEMENT-2056.mp4
arranger, https://media.signbsl.com/videos/asl/youtube/mp4/e1BxvZuz7cY.mp4
array, https://media.signbsl.com/videos/asl/tsdvideo/mp4/213.mp4
arrears, https://media.signbsl.com/videos/asl/youtube/mp4/ZQHjVhxG67s.mp4
arrest, https://media.signbsl.com/videos/asl/aslsearch/mp4/apprehend.mp4
arrhythmia, https://media.signbsl.com/videos/asl/youtube/mp4/vCDflEfSF4w.mp4
arriere pensee, https://media.signbsl.com/videos/asl/youtube/mp4/M3RASwDwBL4.mp4
arrival, https://media.signbsl.com/videos/asl/aslsignbank/mp4/ARRIVE-774.mp4
arrival time, https://player.vimeo.com/external/391169186.sd.mp4?s=7a503719f8234d6a0b040f4ac680918bc5d64d8b&profile_id=164
arrive, https://media.signbsl.com/videos/asl/startasl/mp4/arrive.mp4
arrivederci, https://media.signbsl.com/videos/asl/startasl/mp4/bye.mp4
arriving, https://media.signbsl.com/videos/asl/youtube/mp4/iMj-KLCzXCs.mp4
arrogance, https://media.signbsl.com/videos/asl/youtube/mp4/uXbQXCLq_4s.mp4
arrogant, https://media.signbsl.com/videos/asl/startasl/mp4/arrogant.mp4
arrogate, https://media.signbsl.com/videos/asl/youtube/mp4/ZXQb_MnMIIM.mp4
arrow, https://media.signbsl.com/videos/asl/aslsignbank/mp4/DART-2736.mp4
arroyo, https://media.signbsl.com/videos/asl/youtube/mp4/7UNkpZ7wYM4.mp4
arse, https://media.signbsl.com/videos/asl/youtube/mp4/k4acAbNtqrg.mp4
arse about, https://media.signbsl.com/videos/asl/youtube/mp4/8bCWeUU4sHw.mp4
arse around, https://media.signbsl.com/videos/asl/youtube/mp4/8bCWeUU4sHw.mp4
arsenal, https://media.signbsl.com/videos/asl/youtube/mp4/IYgcUHfieAg.mp4
arson, https://player.vimeo.com/external/391169296.sd.mp4?s=19de406648a998e4a3942547226c6666750aef64&profile_id=164
arsonist, https://media.signbsl.com/videos/asl/youtube/mp4/xsqWCf5d1VE.mp4
art, https://media.signbsl.com/videos/asl/startasl/mp4/art.mp4
artefact, https://media.signbsl.com/videos/asl/elementalaslconcepts/mp4/artifacts.mp4
arteria, https://media.signbsl.com/videos/asl/deaftec/mp4/1340.mp4
arterial, https://media.signbsl.com/videos/asl/youtube/mp4/X_ymHPX7xKI.mp4
arterial blood vessel, https://media.signbsl.com/videos/asl/deaftec/mp4/1340.mp4
arterial sclerosis, https://media.signbsl.com/videos/asl/youtube/mp4/Q2XWDJPdHm4.mp4
arteries, https://media.signbsl.com/videos/asl/deaftec/mp4/1340.mp4
arteriosclerosis, https://media.signbsl.com/videos/asl/youtube/mp4/Q2XWDJPdHm4.mp4
artery, https://media.signbsl.com/videos/asl/deaftec/mp4/1340.mp4
artesian, https://media.signbsl.com/videos/asl/youtube/mp4/2AJyM3rkpms.mp4
artful, https://media.signbsl.com/videos/asl/youtube/mp4/1HxdpPCRuuw.mp4
artfully, https://media.signbsl.com/videos/asl/youtube/mp4/uGV1YIlRMsg.mp4
art gallery, https://player.vimeo.com/external/391169322.sd.mp4?s=8f2e52b24816af7bca72691b0a56b4f22f584b28&profile_id=164
art history, https://player.vimeo.com/external/391169344.sd.mp4?s=a4527d8eb41c90f5e0d99d0c89fd96ee68f0dcb3&profile_id=164
arthritic, https://media.signbsl.com/videos/asl/youtube/mp4/tsHiws3D0G0.mp4
arthritis, https://player.vimeo.com/external/392645755.sd.mp4?s=db657fc92f2c8cc31e4644088d49e07470e6149b&profile_id=164
arthropod, https://media.signbsl.com/videos/asl/youtube/mp4/tMYIi1wNsGM.mp4
artichoke, https://media.signbsl.com/videos/asl/youtube/mp4/vYVmixZnSug.mp4
article, https://media.signbsl.com/videos/asl/aslsearch/mp4/article.mp4
article newspaper, https://media.signbsl.com/videos/asl/elementalaslconcepts/mp4/article.mp4
article of clothing, https://media.signbsl.com/videos/asl/aslsignbank/mp4/VEST-337.mp4
article of faith, https://media.signbsl.com/videos/asl/valleybible/mp4/conviction.mp4
article of furniture, https://media.signbsl.com/videos/asl/startasl/mp4/furniture.mp4
Articles of Confederation, https://media.signbsl.com/videos/asl/elementalaslconcepts/mp4/articles_of_confederation.mp4
Articles of Faith, https://media.signbsl.com/videos/asl/signlanguagestudent/mp4/articles%20of%20faith.mp4
articulacy, https://media.signbsl.com/videos/asl/youtube/mp4/6spMrc2CCio.mp4
articular, https://media.signbsl.com/videos/asl/youtube/mp4/cpdK4O5YLMk.mp4
articulary, https://media.signbsl.com/videos/asl/youtube/mp4/cpdK4O5YLMk.mp4
articulate, https://player.vimeo.com/external/392012501.sd.mp4?s=13c9dd2c6bf00598b4076eb7a086bb0f60be8e6b&profile_id=164
articulated, https://media.signbsl.com/videos/asl/youtube/mp4/6kO_lNa6qGg.mp4
articulate sign, https://media.signbsl.com/videos/asl/aslsignbank/mp4/ARTICULATE-SIGN-20.mp4
articulatio cubiti, https://media.signbsl.com/videos/asl/aslsearch/mp4/elbow.mp4
articulatio genus, https://media.signbsl.com/videos/asl/mariekatzenbachschool/mp4/knee.mp4
articulatio radiocarpea, https://media.signbsl.com/videos/asl/aslsearch/mp4/wrist.mp4
artifact, https://media.signbsl.com/videos/asl/elementalaslconcepts/mp4/artifacts.mp4
artifice, https://media.signbsl.com/videos/asl/youtube/mp4/RXHuu69QE_c.mp4
artificer, https://media.signbsl.com/videos/asl/youtube/mp4/150dIZwLn6Y.mp4
artificial, https://media.signbsl.com/videos/asl/aslsignbank/mp4/FAKE-732.mp4
artificial satellite, https://media.signbsl.com/videos/asl/aslsearch/mp4/satellite.mp4
artillery, https://media.signbsl.com/videos/asl/youtube/mp4/blCgoH7MyEg.mp4
artilleryman, https://media.signbsl.com/videos/asl/youtube/mp4/3DGe-T8ixRY.mp4
artiness, https://media.signbsl.com/videos/asl/youtube/mp4/M-PpZDZDeKM.mp4
artisan, https://media.signbsl.com/videos/asl/youtube/mp4/150dIZwLn6Y.mp4
artist, https://media.signbsl.com/videos/asl/startasl/mp4/artist.mp4
artistic, https://media.signbsl.com/videos/asl/youtube/mp4/qapJDnhACrk.mp4
artistry, https://media.signbsl.com/videos/asl/youtube/mp4/7UdPjmITUfQ.mp4
artless, https://media.signbsl.com/videos/asl/youtube/mp4/m8ywg0MkTHE.mp4
artlessness, https://media.signbsl.com/videos/asl/youtube/mp4/Pom25CQPlYw.mp4
arts, https://media.signbsl.com/videos/asl/youtube/mp4/Jjyh264g4K0.mp4
artsier, https://media.signbsl.com/videos/asl/youtube/mp4/9LzrSPONUQ4.mp4
a running animal, https://media.signbsl.com/videos/asl/youtube/mp4/X4abdzG6p_I.mp4
as, https://media.signbsl.com/videos/asl/aslsearch/mp4/as.mp4
as a formality, https://media.signbsl.com/videos/asl/youtube/mp4/M9fSKnxDTnM.mp4
as a group, https://player.vimeo.com/external/392010266.sd.mp4?s=fafb76f7411f5e5f0420c7f17221fedd14569cfb&profile_id=164
as an alternative, https://media.signbsl.com/videos/asl/aslsearch/mp4/instead.mp4
as a result of, https://media.signbsl.com/videos/asl/aslsignbank/mp4/BECAUSE-34.mp4
ascencion, https://media.signbsl.com/videos/asl/signlanguagestudent/mp4/ascencion.mp4
ascend, https://media.signbsl.com/videos/asl/aslsearch/mp4/ascend.mp4
ascendant, https://media.signbsl.com/videos/asl/signlanguagestudent/mp4/ancestor.mp4
ascendent, https://media.signbsl.com/videos/asl/signlanguagestudent/mp4/ancestor.mp4
Ascension, https://media.signbsl.com/videos/asl/ids/mp4/2013-11-400-ascension-1500k-ase.mp4
Ascension of Christ, https://media.signbsl.com/videos/asl/ids/mp4/2013-11-400-ascension-1500k-ase.mp4
ascertain, https://media.signbsl.com/videos/asl/youtube/mp4/5iFatXTN5iU.mp4
ascertainable, https://media.signbsl.com/videos/asl/youtube/mp4/9RKEmQ4mV10.mp4
ascetic, https://media.signbsl.com/videos/asl/youtube/mp4/-GRESmSqRCA.mp4
ascribable, https://player.vimeo.com/external/391992853.sd.mp4?s=e5e1950d20a357696d4793fe4ca1885733f04449&profile_id=164
ascribe, https://media.signbsl.com/videos/asl/aslsignbank/mp4/DOCUMENT-1265.mp4
asdic, https://media.signbsl.com/videos/asl/youtube/mp4/GKHCo6jPvVw.mp4
aseptic, https://media.signbsl.com/videos/asl/youtube/mp4/xHzCdX-ayhE.mp4
asexual, https://player.vimeo.com/external/391170525.sd.mp4?s=65a251b72502df06ed678d7fccdc9a6a4d3fb115&profile_id=164
as far as the eye can see, https://media.signbsl.com/videos/asl/youtube/mp4/IuTfqWr59-c.mp4
as for, https://media.signbsl.com/videos/asl/youtube/mp4/VDk6mpxN3Yk.mp4
ash, https://player.vimeo.com/external/391170610.sd.mp4?s=d32a098a78310d95defc23e1ff59eca2a0528771&profile_id=164
ashamed, https://media.signbsl.com/videos/asl/aslsearch/mp4/ashamed.mp4
ash bin, https://media.signbsl.com/videos/asl/aslsearch/mp4/trash-can.mp4
ashbin, https://media.signbsl.com/videos/asl/aslsearch/mp4/trash-can.mp4
ash blonde, https://player.vimeo.com/external/391170579.sd.mp4?s=fef5760265448650bb1962795b5c342016b88d99&profile_id=164
ashcan, https://media.signbsl.com/videos/asl/aslsearch/mp4/trash-can.mp4
ashen, https://media.signbsl.com/videos/asl/youtube/mp4/3NfwtKTwaWM.mp4
ashes to ashes dust to dust, https://media.signbsl.com/videos/asl/youtube/mp4/8tEO92fGzIU.mp4
ashier, https://media.signbsl.com/videos/asl/youtube/mp4/PdJ0WQXCudU.mp4
as honest as the day is long, https://media.signbsl.com/videos/asl/youtube/mp4/CA8VYP638qM.mp4
ashore, https://media.signbsl.com/videos/asl/youtube/mp4/VgiUQEmXN8g.mp4
ashtray, https://media.signbsl.com/videos/asl/aslsearch/mp4/ash-tray.mp4
ash tray, https://media.signbsl.com/videos/asl/aslsearch/mp4/ash-tray.mp4
Asia, https://media.signbsl.com/videos/asl/startasl/mp4/asia.mp4
Asian, https://media.signbsl.com/videos/asl/youtube/mp4/_N4e4vcGLWs.mp4
Asiatic, https://media.signbsl.com/videos/asl/youtube/mp4/_N4e4vcGLWs.mp4
Asiatic buffalo, https://media.signbsl.com/videos/asl/youtube/mp4/l07k37hlKAY.mp4
aside, https://media.signbsl.com/videos/asl/aslsearch/mp4/aside.mp4
ask, https://media.signbsl.com/videos/asl/startasl/mp4/need.mp4
askance, https://media.signbsl.com/videos/asl/youtube/mp4/db6UFp0vIbI.mp4
askant, https://media.signbsl.com/videos/asl/youtube/mp4/db6UFp0vIbI.mp4
ask around, https://player.vimeo.com/external/391170713.sd.mp4?s=498daec6bb4bff7c28e7d348fb37a04245d9fe48&profile_id=164
ask away, https://player.vimeo.com/external/391170768.sd.mp4?s=267bcb4325eefc70bb58de2613943d18c7ecd445&profile_id=164
asker, https://media.signbsl.com/videos/asl/youtube/mp4/iJ24BomQXcM.mp4
askew, https://media.signbsl.com/videos/asl/aslsearch/mp4/lopsided.mp4
ask for, https://media.signbsl.com/videos/asl/aslsearch/mp4/invite.mp4
ask for it, https://player.vimeo.com/external/391170807.sd.mp4?s=738ff0522c7f0d245d4db36cf253bf2e400c2e0c&profile_id=164
ask for trouble, https://player.vimeo.com/external/391170807.sd.mp4?s=738ff0522c7f0d245d4db36cf253bf2e400c2e0c&profile_id=164
ask him her, https://media.signbsl.com/videos/asl/aslsearch/mp4/ask3.mp4
ask in, https://media.signbsl.com/videos/asl/youtube/mp4/34zgL1_ZlaE.mp4
asking price, https://player.vimeo.com/external/391170949.sd.mp4?s=e673ca724a4a38728de30bcfb00581a5a2080222&profile_id=164
ask me no questions and I'll tell you no lies, https://media.signbsl.com/videos/asl/youtube/mp4/P8vCmvSzTHw.mp4
ask me no questions and ill tell you no lies, https://media.signbsl.com/videos/asl/youtube/mp4/P8vCmvSzTHw.mp4
ask out, https://player.vimeo.com/external/391170866.sd.mp4?s=b723ed949b1f395d29ef3e78fe13ea21e2b6b1cd&profile_id=164
ask you, https://media.signbsl.com/videos/asl/startasl/mp4/ask-you.mp4
ASL, https://media.signbsl.com/videos/asl/startasl/mp4/asl.mp4
aslant, https://media.signbsl.com/videos/asl/tsdvideo/mp4/331.mp4
asleep, https://media.signbsl.com/videos/asl/aslsignbank/mp4/BED-2101.mp4
aslope, https://media.signbsl.com/videos/asl/tsdvideo/mp4/331.mp4
asl zone, https://player.vimeo.com/external/391170997.sd.mp4?s=483c86c7a6e9242dc45692fcc25c2db89b151ad9&profile_id=164
as mad as a hatter, https://media.signbsl.com/videos/asl/youtube/mp4/V0-OG0k-v7g.mp4
as neat as a new pin, https://media.signbsl.com/videos/asl/youtube/mp4/n-B7JdVoius.mp4
asocial, https://player.vimeo.com/external/391166403.sd.mp4?s=bf314fd57cec90ec6ca693f97b4f704640e5afa4&profile_id=164
asparagus, https://player.vimeo.com/external/391171073.sd.mp4?s=76c05e470d65b017aec8c609b25abb4b36599a95&profile_id=164
aspartame, https://media.signbsl.com/videos/asl/youtube/mp4/Enkw4J-w7uQ.mp4
aspect, https://media.signbsl.com/videos/asl/aslsignbank/mp4/FACIAL-EXPRESSION-1377.mp4
asperity, https://player.vimeo.com/external/392166272.sd.mp4?s=11af282f0754c071fd9e78c89ec8dc464eaf0401&profile_id=164
asperse, https://media.signbsl.com/videos/asl/youtube/mp4/sWjkhrcOwdE.mp4
aspersion, https://media.signbsl.com/videos/asl/youtube/mp4/vVMPQLp0DR8.mp4
asphalt, https://media.signbsl.com/videos/asl/youtube/mp4/B4hKcRjv-gk.mp4
asphyxia, https://media.signbsl.com/videos/asl/youtube/mp4/QYaQRbLQZD4.mp4
asphyxiate, https://player.vimeo.com/external/391171193.sd.mp4?s=d584ff8cc18f56df13539171ca0fadc0c06f74f8&profile_id=164
asphyxiator, https://media.signbsl.com/videos/asl/AustinCommunityCollege/mp4/weld_extinguisher_.mp4
aspirant, https://player.vimeo.com/external/392681818.sd.mp4?s=f3b99ea71da99887c69daff33e99a09c2b744182&profile_id=164
aspirate, https://media.signbsl.com/videos/asl/youtube/mp4/5vlo8TMqO6A.mp4
aspirator, https://media.signbsl.com/videos/asl/youtube/mp4/WL3wezDqDrE.mp4
aspire, https://player.vimeo.com/external/392762264.sd.mp4?s=7f940383bf95d94bc2487cf15ecfecd0d05d508c&profile_id=164
aspirer, https://player.vimeo.com/external/392681818.sd.mp4?s=f3b99ea71da99887c69daff33e99a09c2b744182&profile_id=164
aspirin, https://media.signbsl.com/videos/asl/startasl/mp4/aspirin.mp4
asquint, https://media.signbsl.com/videos/asl/youtube/mp4/db6UFp0vIbI.mp4
ass, https://media.signbsl.com/videos/asl/aslsearch/mp4/donkey.mp4
assail, https://media.signbsl.com/videos/asl/youtube/mp4/vmmF0vFFnlE.mp4
assailable, https://media.signbsl.com/videos/asl/youtube/mp4/6682TkmhX-8.mp4
assailant, https://media.signbsl.com/videos/asl/youtube/mp4/L_9I41SNNkw.mp4
assassin, https://media.signbsl.com/videos/asl/aslsearch/mp4/assassin.mp4
assassinate, https://player.vimeo.com/external/391171248.sd.mp4?s=b23ff0749e096ae11d2d075669b59cd33abf664f&profile_id=164
assassinator, https://media.signbsl.com/videos/asl/aslsearch/mp4/assassin.mp4
assault, https://media.signbsl.com/videos/asl/unoclimb/mp4/VPfSCSj0G7Y.mp4
assaulter, https://media.signbsl.com/videos/asl/youtube/mp4/L_9I41SNNkw.mp4
assay, https://media.signbsl.com/videos/asl/aslsearch/mp4/essay.mp4
assay mark, https://media.signbsl.com/videos/asl/deaftec/mp4/923.mp4
ass backwards, https://media.signbsl.com/videos/asl/youtube/mp4/aBdiwVvdN8A.mp4
assemblage, https://media.signbsl.com/videos/asl/ids/mp4/2013-11-1920-gathering-1500k-ase.mp4
assemble, https://media.signbsl.com/videos/asl/aslsignbank/mp4/GET-TOGETHER-1518.mp4
assembled, https://media.signbsl.com/videos/asl/youtube/mp4/iLHY9efRQH4.mp4
assembler, https://media.signbsl.com/videos/asl/youtube/mp4/Me6eJp3BP3w.mp4
assemblies, https://media.signbsl.com/videos/asl/aslsearch/mp4/assembly.mp4
assembly, https://media.signbsl.com/videos/asl/aslsearch/mp4/assembly.mp4
assembly line, https://media.signbsl.com/videos/asl/aslsearch/mp4/assembly-line.mp4
assemblyman, https://media.signbsl.com/videos/asl/youtube/mp4/1uc60FT0D5M.mp4
assembly program, https://media.signbsl.com/videos/asl/youtube/mp4/Me6eJp3BP3w.mp4
assemblywoman, https://media.signbsl.com/videos/asl/youtube/mp4/RFMKFCwMpgM.mp4
assent, https://media.signbsl.com/videos/asl/youtube/mp4/l20VqAWv2QM.mp4
assert, https://player.vimeo.com/external/391171388.sd.mp4?s=ea66a3379f558074a2d95fe6191b48ca8e08e3a4&profile_id=164
asserting, https://media.signbsl.com/videos/asl/elementalaslconcepts/mp4/declarative_sentence.mp4
assertive, https://media.signbsl.com/videos/asl/aslsearch/mp4/assertive.mp4
assess, https://media.signbsl.com/videos/asl/aslsignbank/mp4/EVALUATE-2894.mp4
assessable, https://media.signbsl.com/videos/asl/youtube/mp4/XWTcW7YNCeA.mp4
assessment, https://media.signbsl.com/videos/asl/unoclimb/mp4/zoXGxQnIWfo.mp4
assessor, https://media.signbsl.com/videos/asl/youtube/mp4/mZ4TtF2fd04.mp4
asset, https://media.signbsl.com/videos/asl/youtube/mp4/bfY_3UCUOxE.mp4
asshole, https://media.signbsl.com/videos/asl/aslsearch/mp4/asshole.mp4
assign, https://media.signbsl.com/videos/asl/aslsignbank/mp4/ASSIGN-2076.mp4
assignable, https://media.signbsl.com/videos/asl/youtube/mp4/w9BRsrB2FQE.mp4
assignation, https://media.signbsl.com/videos/asl/youtube/mp4/X8yGMQFC0kQ.mp4
assigner, https://media.signbsl.com/videos/asl/youtube/mp4/gJaiaF6c110.mp4
assignment, https://media.signbsl.com/videos/asl/aslsignbank/mp4/HOMEWORK-2937.mp4
assimilate, https://media.signbsl.com/videos/asl/aslsignbank/mp4/MAINSTREAM-724.mp4
assist, https://media.signbsl.com/videos/asl/startasl/mp4/help.mp4
assistant, https://media.signbsl.com/videos/asl/startasl/mp4/assistant.mp4
assistant coach, https://media.signbsl.com/videos/asl/aslsearch/mp4/assistant-coach.mp4
associate, https://media.signbsl.com/videos/asl/aslsearch/mp4/associate.mp4
Associate (Work), https://player.vimeo.com/external/391171852.sd.mp4?s=4eafc5cfaf0c149beefdd0cb26cb4ef43a8b8abe&profile_id=164
associated state, https://media.signbsl.com/videos/asl/youtube/mp4/eJe2JL1fUt4.mp4
associated with, https://media.signbsl.com/videos/asl/aslsignbank/mp4/BELONG-2104.mp4
Associate in Nursing, https://media.signbsl.com/videos/asl/youtube/mp4/w1mcgAPd7Bc.mp4
associate link, https://player.vimeo.com/external/391171818.sd.mp4?s=fc16edaf9188e2d5b97109a8a5b8e331546c3bb4&profile_id=164
associate of art, https://media.signbsl.com/videos/asl/youtube/mp4/s0xwuiFxvik.mp4
associate with, https://media.signbsl.com/videos/asl/aslsignbank/mp4/EACH-OTHER-1285.mp4
associate work, https://player.vimeo.com/external/391171852.sd.mp4?s=4eafc5cfaf0c149beefdd0cb26cb4ef43a8b8abe&profile_id=164
association, https://media.signbsl.com/videos/asl/aslsignbank/mp4/RELATIONSHIP-1164.mp4
association agengy, https://media.signbsl.com/videos/asl/signlanguagestudent/mp4/association%20(agengy).mp4
association football, https://media.signbsl.com/videos/asl/aslsearch/mp4/soccer.mp4
associative property, https://media.signbsl.com/videos/asl/elementalaslconcepts/mp4/associative_property.mp4
associative property of addition, https://media.signbsl.com/videos/asl/youtube/mp4/NGyjb6QY-bA.mp4
associative property of multiplication, https://media.signbsl.com/videos/asl/youtube/mp4/EP4BsfkZtxA.mp4
assoil, https://media.signbsl.com/videos/asl/aslsearch/mp4/discharge.mp4
as soon as, https://media.signbsl.com/videos/asl/youtube/mp4/8Td_eJ-NgwM.mp4
assort, https://media.signbsl.com/videos/asl/signlanguagestudent/mp4/sort.mp4
assorted, https://media.signbsl.com/videos/asl/signlanguagestudent/mp4/various.mp4
assortment, https://media.signbsl.com/videos/asl/aslsignbank/mp4/DIFFERENT-106.mp4
assuage, https://player.vimeo.com/external/392414630.sd.mp4?s=3a7fd0653661d8d31e18710537233f1a71c00885&profile_id=164
as such, https://player.vimeo.com/external/392403623.sd.mp4?s=8c1e54d0604f9ad6ada45eec91060dd2dd6da698&profile_id=164
assumable, https://media.signbsl.com/videos/asl/youtube/mp4/c4eu78amRZg.mp4
assume, https://media.signbsl.com/videos/asl/aslsignbank/mp4/MISS-GET-1602.mp4
assumed name, https://media.signbsl.com/videos/asl/youtube/mp4/ctVMJXA1xAg.mp4
assumption, https://media.signbsl.com/videos/asl/youtube/mp4/tiZhG_OodVk.mp4
assurance, https://media.signbsl.com/videos/asl/aslsignbank/mp4/HEALTH-765.mp4
assure, https://media.signbsl.com/videos/asl/aslsearch/mp4/guarantee.mp4
assuredness, https://media.signbsl.com/videos/asl/youtube/mp4/diy7tyHxllA.mp4
asterism, https://media.signbsl.com/videos/asl/youtube/mp4/Cj6cro87wKY.mp4
astern, https://media.signbsl.com/videos/asl/youtube/mp4/6hfgb1LIsog.mp4
asteroid, https://media.signbsl.com/videos/asl/youtube/mp4/BRvUhPVp9g8.mp4
as the actress said to the bishop, https://media.signbsl.com/videos/asl/youtube/mp4/PpHQSXyS6mM.mp4
as the crow flies, https://media.signbsl.com/videos/asl/youtube/mp4/O4OdCmOC2-I.mp4
asthenic, https://media.signbsl.com/videos/asl/youtube/mp4/FEhPxJ52GBQ.mp4
asthenopia, https://media.signbsl.com/videos/asl/youtube/mp4/94xg7by-rB0.mp4
asthenosphere, https://media.signbsl.com/videos/asl/youtube/mp4/wX4VvBh6IIo.mp4
asthma, https://media.signbsl.com/videos/asl/aslsearch/mp4/asthma.mp4
asthma attack, https://media.signbsl.com/videos/asl/aslsearch/mp4/asthma.mp4
as though, https://media.signbsl.com/videos/asl/youtube/mp4/JMxo3-ulU6o.mp4
astigmatic, https://media.signbsl.com/videos/asl/youtube/mp4/UkFqxBLgO-0.mp4
astir, NA
astonied, https://media.signbsl.com/videos/asl/youtube/mp4/NcLZ8EvrrJQ.mp4
astonish, https://media.signbsl.com/videos/asl/aslsearch/mp4/amaze.mp4
astonished, https://media.signbsl.com/videos/asl/youtube/mp4/NcLZ8EvrrJQ.mp4
astound, https://media.signbsl.com/videos/asl/aslsearch/mp4/amaze.mp4
astounded, https://media.signbsl.com/videos/asl/youtube/mp4/NcLZ8EvrrJQ.mp4
astraddle, https://media.signbsl.com/videos/asl/youtube/mp4/havZtQBGnDM.mp4
astragal, https://media.signbsl.com/videos/asl/AustinCommunityCollege/mp4/weld_bead_.mp4
astral, https://media.signbsl.com/videos/asl/youtube/mp4/9lbDWKIT-dQ.mp4
astray, https://media.signbsl.com/videos/asl/aslsearch/mp4/astray.mp4
astride, https://media.signbsl.com/videos/asl/youtube/mp4/havZtQBGnDM.mp4
astringency, https://media.signbsl.com/videos/asl/youtube/mp4/yGajVpaL5Lk.mp4
astrobiology, https://media.signbsl.com/videos/asl/youtube/mp4/VKle00PloXQ.mp4
astrologer, https://media.signbsl.com/videos/asl/youtube/mp4/QXzc63EN_Zs.mp4
astrologist, https://media.signbsl.com/videos/asl/youtube/mp4/QXzc63EN_Zs.mp4
astrology, https://media.signbsl.com/videos/asl/youtube/mp4/sSnw8qTktxg.mp4
astronaut, https://media.signbsl.com/videos/asl/youtube/mp4/NtPOaREo2Aw.mp4
astronomer, https://media.signbsl.com/videos/asl/youtube/mp4/19GcBGSgUvg.mp4
astronomic, https://media.signbsl.com/videos/asl/youtube/mp4/m4rYQKHBVWg.mp4
astronomical, https://media.signbsl.com/videos/asl/youtube/mp4/m4rYQKHBVWg.mp4
astronomy, https://media.signbsl.com/videos/asl/youtube/mp4/WP9hz6iFenY.mp4
astrophysicist, https://media.signbsl.com/videos/asl/youtube/mp4/ZaCiR8c1RTc.mp4
astrophysics, https://media.signbsl.com/videos/asl/youtube/mp4/Ihq4vS0eIuA.mp4
astute, https://media.signbsl.com/videos/asl/youtube/mp4/K6K1kBQnMZc.mp4
astutter, https://media.signbsl.com/videos/asl/youtube/mp4/n2Bt8Bl83Z8.mp4
as well, https://media.signbsl.com/videos/asl/signlanguagestudent/mp4/too.mp4
as yet, https://media.signbsl.com/videos/asl/aslsearch/mp4/still.mp4
asylum, https://media.signbsl.com/videos/asl/aslsearch/mp4/asylum.mp4
asymmetric, https://media.signbsl.com/videos/asl/youtube/mp4/rWZzw4HvURU.mp4
asymmetrical, https://media.signbsl.com/videos/asl/youtube/mp4/rWZzw4HvURU.mp4
asymmetry, https://media.signbsl.com/videos/asl/youtube/mp4/XFOIsBC6wzs.mp4
asymptomatic, https://media.signbsl.com/videos/asl/youtube/mp4/xT9pRMjlyF0.mp4
asymptote, https://media.signbsl.com/videos/asl/deaftec-math/mp4/2D-1.mp4
asynchronicity, https://media.signbsl.com/videos/asl/youtube/mp4/PA2pMMHVMkE.mp4
asynchronous, https://media.signbsl.com/videos/asl/youtube/mp4/RV2lpNTKzRw.mp4
at, https://media.signbsl.com/videos/asl/aslsignbank/mp4/AT-2078.mp4
atabilised, https://media.signbsl.com/videos/asl/youtube/mp4/9aUSn9LpyGQ.mp4
at all, https://media.signbsl.com/videos/asl/youtube/mp4/6Ele9I0x83Y.mp4
at a loss, https://media.signbsl.com/videos/asl/youtube/mp4/c1qPSA1FROE.mp4
as well, https://media.signbsl.com/videos/asl/signlanguagestudent/mp4/too.mp4
as yet, https://media.signbsl.com/videos/asl/aslsearch/mp4/still.mp4
asylum, https://media.signbsl.com/videos/asl/aslsearch/mp4/asylum.mp4
asymmetric, https://media.signbsl.com/videos/asl/youtube/mp4/rWZzw4HvURU.mp4
asymmetrical, https://media.signbsl.com/videos/asl/youtube/mp4/rWZzw4HvURU.mp4
asymmetry, https://media.signbsl.com/videos/asl/youtube/mp4/XFOIsBC6wzs.mp4
asymptomatic, https://media.signbsl.com/videos/asl/youtube/mp4/xT9pRMjlyF0.mp4
asymptote, https://media.signbsl.com/videos/asl/deaftec-math/mp4/2D-1.mp4
asynchronicity, https://media.signbsl.com/videos/asl/youtube/mp4/PA2pMMHVMkE.mp4
asynchronous, https://media.signbsl.com/videos/asl/youtube/mp4/RV2lpNTKzRw.mp4
at, https://media.signbsl.com/videos/asl/aslsignbank/mp4/AT-2078.mp4
atabilised, https://media.signbsl.com/videos/asl/youtube/mp4/9aUSn9LpyGQ.mp4
at all, https://media.signbsl.com/videos/asl/youtube/mp4/6Ele9I0x83Y.mp4
at a loss, https://media.signbsl.com/videos/asl/youtube/mp4/c1qPSA1FROE.mp4
at a lower place, https://media.signbsl.com/videos/asl/tsdvideo/mp4/81.mp4
at any rate, https://media.signbsl.com/videos/asl/aslsignbank/mp4/WHATEVER-111.mp4
ataraxis, https://media.signbsl.com/videos/asl/youtube/mp4/wL1DvLSQ6QI.mp4
at a snail's pace, https://media.signbsl.com/videos/asl/youtube/mp4/NU8VWB2r47E.mp4
at a snails pace, https://media.signbsl.com/videos/asl/youtube/mp4/NU8VWB2r47E.mp4
atavism, https://media.signbsl.com/videos/asl/youtube/mp4/Lca5da3Ehmo.mp4
atavist, https://media.signbsl.com/videos/asl/youtube/mp4/v831hgtCQVs.mp4
ataxia, https://media.signbsl.com/videos/asl/youtube/mp4/7YCpm43oEEY.mp4
ataxy, https://media.signbsl.com/videos/asl/youtube/mp4/7YCpm43oEEY.mp4
at death's door, https://media.signbsl.com/videos/asl/youtube/mp4/Tb77My7Wfmk.mp4
at deaths door, https://media.signbsl.com/videos/asl/youtube/mp4/Tb77My7Wfmk.mp4
Ate, https://media.signbsl.com/videos/asl/youtube/mp4/MAsNrlzbnAM.mp4
at each other's throat, https://media.signbsl.com/videos/asl/youtube/mp4/aKTn36NYpQk.mp4
at each others throat, https://media.signbsl.com/videos/asl/youtube/mp4/aKTn36NYpQk.mp4
at ease, https://media.signbsl.com/videos/asl/youtube/mp4/M4VeYTZwpNA.mp4
ate into, https://media.signbsl.com/videos/asl/youtube/mp4/2MsH6LITBpo.mp4
ate it all up, https://media.signbsl.com/videos/asl/youtube/mp4/fnJTAFzsU8s.mp4
ate up, https://media.signbsl.com/videos/asl/youtube/mp4/vghpL-3ELW4.mp4
a textbook case, https://media.signbsl.com/videos/asl/youtube/mp4/9MhWzLHSnWE.mp4
at fault, https://media.signbsl.com/videos/asl/aslsearch/mp4/at-fault.mp4
at hand, https://player.vimeo.com/external/392194339.sd.mp4?s=2d565eef84f9e2dc7a79b83974823473064979b4&profile_id=164
atheism, https://media.signbsl.com/videos/asl/aslsearch/mp4/atheism.mp4
atheist, https://media.signbsl.com/videos/asl/aslsearch/mp4/atheist.mp4
atheistic, https://media.signbsl.com/videos/asl/youtube/mp4/RuAn-PYcTcA.mp4
atheistical, https://media.signbsl.com/videos/asl/youtube/mp4/RuAn-PYcTcA.mp4
athens greece, https://player.vimeo.com/external/391172446.sd.mp4?s=8fcdb344171c0c0ac6c5fae9ddfc9f8802422c53&profile_id=164
atherosclerosis, https://media.signbsl.com/videos/asl/youtube/mp4/em2p_-Er9ug.mp4
athirst, NA
athlete, https://media.signbsl.com/videos/asl/aslsignbank/mp4/ATHLETE-2079.mp4
athletic, https://media.signbsl.com/videos/asl/youtube/mp4/chuRndgN-80.mp4
athleticism, https://media.signbsl.com/videos/asl/youtube/mp4/HBxvPXrBOq8.mp4
athletics, https://media.signbsl.com/videos/asl/startasl/mp4/sports.mp4
athletic wear, https://media.signbsl.com/videos/asl/youtube/mp4/79Y_BdlJDDA.mp4
at home, https://media.signbsl.com/videos/asl/youtube/mp4/nre7YC4yEu0.mp4
a thousand, https://media.signbsl.com/videos/asl/aslsignbank/mp4/ONE-THOUSAND-2683.mp4
atilt, https://media.signbsl.com/videos/asl/youtube/mp4/RKYL3lCtgMU.mp4
Atlanta, https://media.signbsl.com/videos/asl/aslsignbank/mp4/ASSEMBLY-715.mp4
atlas, https://media.signbsl.com/videos/asl/elementalaslconcepts/mp4/atlas.mp4
at last, https://media.signbsl.com/videos/asl/startasl/mp4/finally.mp4
atlas vertebra, https://media.signbsl.com/videos/asl/elementalaslconcepts/mp4/atlas.mp4
at least, https://media.signbsl.com/videos/asl/aslsignbank/mp4/MINIMUM-1607.mp4
at length, https://media.signbsl.com/videos/asl/aslsignbank/mp4/FUTURE-320.mp4
at liberty, https://media.signbsl.com/videos/asl/youtube/mp4/bya1uNdThtg.mp4
at long last, https://media.signbsl.com/videos/asl/startasl/mp4/finally.mp4
atmosphere, https://media.signbsl.com/videos/asl/aslsearch/mp4/atmosphere.mp4
atmospheric condition, https://media.signbsl.com/videos/asl/startasl/mp4/weather.mp4
atmospheric pressure, https://media.signbsl.com/videos/asl/AustinCommunityCollege/mp4/auto_atmosp_pressure_.mp4
atmospherics, https://media.signbsl.com/videos/asl/youtube/mp4/54f5_wq4Fpg.mp4
atmospheric static, https://media.signbsl.com/videos/asl/youtube/mp4/54f5_wq4Fpg.mp4
at most, https://media.signbsl.com/videos/asl/aslsignbank/mp4/UP-TO-1364.mp4
at night, https://media.signbsl.com/videos/asl/aslsignbank/mp4/NIGHT-1330.mp4
a to b, https://media.signbsl.com/videos/asl/aslsignbank/mp4/BETWEEN-US-3099.mp4
atom, https://media.signbsl.com/videos/asl/youtube/mp4/povYBQ5NV5w.mp4
atomic, https://media.signbsl.com/videos/asl/youtube/mp4/CdBOq4Ar-XE.mp4
atomic number 79, https://media.signbsl.com/videos/asl/youtube/mp4/BXNMDui5u8E.mp4
atomiser, https://media.signbsl.com/videos/asl/aslsearch/mp4/spray.mp4
atomizer, https://media.signbsl.com/videos/asl/aslsearch/mp4/spray.mp4
at once, https://media.signbsl.com/videos/asl/signlanguagestudent/mp4/immediately%20(alternate%202).mp4
atone, https://media.signbsl.com/videos/asl/youtube/mp4/Tm5J22xvfHU.mp4
atonement, https://media.signbsl.com/videos/asl/signlanguagestudent/mp4/atonement.mp4
at one time, https://media.signbsl.com/videos/asl/aslsignbank/mp4/ONCE-1546.mp4
atop, https://media.signbsl.com/videos/asl/youtube/mp4/GcBMIXfpuyY.mp4
at peace, https://media.signbsl.com/videos/asl/aslsignbank/mp4/GONE-470.mp4
at present, https://media.signbsl.com/videos/asl/startasl/mp4/now.mp4
atrabilious, https://media.signbsl.com/videos/asl/youtube/mp4/QQGd6gNgvDk.mp4
at random, https://media.signbsl.com/videos/asl/youtube/mp4/hg9oo6z9gAA.mp4
at regular intervals, https://media.signbsl.com/videos/asl/aslsignbank/mp4/TIME-TO-TIME-1239.mp4
at rest, https://media.signbsl.com/videos/asl/aslsignbank/mp4/GONE-470.mp4
atria, https://media.signbsl.com/videos/asl/youtube/mp4/kY-YpyqWW0A.mp4
atrium, https://media.signbsl.com/videos/asl/deaftec/mp4/1342.mp4
atrocious, https://media.signbsl.com/videos/asl/startasl/mp4/ugly.mp4
atrocities, https://media.signbsl.com/videos/asl/youtube/mp4/jlMDUjFCOig.mp4
atrocity, https://media.signbsl.com/videos/asl/youtube/mp4/jlMDUjFCOig.mp4
atrophied, https://media.signbsl.com/videos/asl/youtube/mp4/5ZL7keTwV9E.mp4
at sea, https://media.signbsl.com/videos/asl/aslsignbank/mp4/CONFUSED-2320.mp4
attach, https://media.signbsl.com/videos/asl/aslsearch/mp4/attach.mp4
attachable, https://media.signbsl.com/videos/asl/youtube/mp4/NB_0JGtO64g.mp4
attache, https://media.signbsl.com/videos/asl/youtube/mp4/X4sUx9XXNyY.mp4
attache case, https://media.signbsl.com/videos/asl/youtube/mp4/X4sUx9XXNyY.mp4
attachment, https://media.signbsl.com/videos/asl/youtube/mp4/CIC1dUOjZ9M.mp4
attach to, https://media.signbsl.com/videos/asl/aslsearch/mp4/accompany.mp4
attack, https://media.signbsl.com/videos/asl/aslsignbank/mp4/CAPTURE-767.mp4
attack aircraft carrier, https://media.signbsl.com/videos/asl/youtube/mp4/d-fEdRnSvT8.mp4
attack beat up, https://media.signbsl.com/videos/asl/signlanguagestudent/mp4/attack%20(beat-up).mp4
attacker, https://media.signbsl.com/videos/asl/youtube/mp4/L_9I41SNNkw.mp4
attaimnent, https://media.signbsl.com/videos/asl/youtube/mp4/9Gx-zzYkHPA.mp4
attain, https://media.signbsl.com/videos/asl/aslsignbank/mp4/FINALLY-2915.mp4
attainability, https://media.signbsl.com/videos/asl/youtube/mp4/FtlD8EM_ejQ.mp4
attainableness, https://media.signbsl.com/videos/asl/youtube/mp4/FtlD8EM_ejQ.mp4
attainder, https://media.signbsl.com/videos/asl/youtube/mp4/e2j76Occ9yE.mp4
attainment, https://media.signbsl.com/videos/asl/aslsearch/mp4/skill.mp4
attempt, https://media.signbsl.com/videos/asl/aslsignbank/mp4/TRY-2309.mp4
attempter, https://media.signbsl.com/videos/asl/youtube/mp4/KMsg0Rh_T8E.mp4
attend, https://media.signbsl.com/videos/asl/aslsearch/mp4/attend.mp4
attendance, https://media.signbsl.com/videos/asl/aslsearch/mp4/attendance.mp4
attendant, https://media.signbsl.com/videos/asl/youtube/mp4/0YjGYJldhrc.mp4
attended, https://media.signbsl.com/videos/asl/youtube/mp4/nnvwsvPoiaY.mp4
attendee, https://media.signbsl.com/videos/asl/youtube/mp4/0YjGYJldhrc.mp4
attender, https://media.signbsl.com/videos/asl/youtube/mp4/0YjGYJldhrc.mp4
attending, https://media.signbsl.com/videos/asl/aslsignbank/mp4/FOCUS-1487.mp4
attend to, https://media.signbsl.com/videos/asl/aslsignbank/mp4/SERVE-1021.mp4
attention, https://media.signbsl.com/videos/asl/aslsignbank/mp4/FOCUS-1487.mp4
attention getting, https://media.signbsl.com/videos/asl/youtube/mp4/xKQJjBiVJ_s.mp4
attention seeking, https://player.vimeo.com/external/391172667.sd.mp4?s=608660da137392ca110be55bd7598e7f396959f6&profile_id=164
attentive, https://player.vimeo.com/external/391172771.sd.mp4?s=ca6c2301f383dd0edab4c2291b1312fe7f51b9da&profile_id=164
attest, https://media.signbsl.com/videos/asl/ids/mp4/2013-11-4890-testify-1500k-ase.mp4
at that place, https://media.signbsl.com/videos/asl/signlanguagestudent/mp4/there.mp4
at that point, https://media.signbsl.com/videos/asl/youtube/mp4/T9rDSsOHDBs.mp4
at the eleventh hour, https://media.signbsl.com/videos/asl/youtube/mp4/jqkjd4C_wY4.mp4
at the end of the day, https://media.signbsl.com/videos/asl/youtube/mp4/afCgnp4DfTc.mp4
at the most, https://media.signbsl.com/videos/asl/aslsignbank/mp4/UP-TO-1364.mp4
at the plate, https://media.signbsl.com/videos/asl/aslsignbank/mp4/BASEBALL-549.mp4
attic, https://media.signbsl.com/videos/asl/startasl/mp4/attic.mp4
at times, https://media.signbsl.com/videos/asl/aslsearch/mp4/once-in-a-while.mp4
attire, https://media.signbsl.com/videos/asl/aslsignbank/mp4/DRESS-118.mp4
attired in, https://media.signbsl.com/videos/asl/youtube/mp4/YofF0DZwBQs.mp4
attitude, https://media.signbsl.com/videos/asl/aslsignbank/mp4/ATTITUDE-1972.mp4
attorney, https://media.signbsl.com/videos/asl/startasl/mp4/lawyer.mp4
attract, https://media.signbsl.com/videos/asl/aslsearch/mp4/attract.mp4
attractable, https://media.signbsl.com/videos/asl/youtube/mp4/Hm7X1J5hfYw.mp4
attractant, https://media.signbsl.com/videos/asl/youtube/mp4/MA3iLFLqAas.mp4
attract attention, https://player.vimeo.com/external/391172907.sd.mp4?s=afad51febef803e5c767457ccb8e19c098ea1cd2&profile_id=164
attracter, https://media.signbsl.com/videos/asl/aslsearch/mp4/magnet.mp4
attraction, https://media.signbsl.com/videos/asl/aslsearch/mp4/magnet.mp4
attractive, https://media.signbsl.com/videos/asl/aslsearch/mp4/attractive.mp4
attractive feature, https://media.signbsl.com/videos/asl/aslsearch/mp4/magnet.mp4
attractor, https://media.signbsl.com/videos/asl/aslsearch/mp4/magnet.mp4
attributable, https://media.signbsl.com/videos/asl/youtube/mp4/j-qTYJWcHEo.mp4
attribute, https://media.signbsl.com/videos/asl/aslsignbank/mp4/DOCUMENT-1265.mp4
attrition, https://media.signbsl.com/videos/asl/youtube/mp4/Fvc-ONQVvBE.mp4
attune, https://media.signbsl.com/videos/asl/youtube/mp4/xwy8cVHQqSM.mp4
at work, NA
atypical, https://media.signbsl.com/videos/asl/youtube/mp4/8_l6xpEJDS4.mp4
Au, https://media.signbsl.com/videos/asl/youtube/mp4/BXNMDui5u8E.mp4
aubergine, https://player.vimeo.com/external/392000976.sd.mp4?s=fe0d7e7bce853918dd337b985389964ff3916658&profile_id=164
auckland new zealand, https://player.vimeo.com/external/391173115.sd.mp4?s=a3c6997574e64947e66b96e65a9cda14967a2efe&profile_id=164
auction, https://media.signbsl.com/videos/asl/aslsearch/mp4/auction.mp4
auctioneer, https://media.signbsl.com/videos/asl/aslsearch/mp4/auction.mp4
auction off, https://media.signbsl.com/videos/asl/aslsearch/mp4/auction.mp4
audacious, https://player.vimeo.com/external/391173383.sd.mp4?s=00d3659bd86759911fa99c13b627d028b80ac251&profile_id=164
audaciousness, https://media.signbsl.com/videos/asl/youtube/mp4/8E8PoBSHHRY.mp4
audacity, https://media.signbsl.com/videos/asl/youtube/mp4/8E8PoBSHHRY.mp4
audible, https://media.signbsl.com/videos/asl/youtube/mp4/-xq3xgG6e4Y.mp4
audience, https://media.signbsl.com/videos/asl/signlanguagestudent/mp4/audience%20(alternate%20sign).mp4
audience facing me ground level, https://media.signbsl.com/videos/asl/youtube/mp4/tiY4coRwl8M.mp4
audience facing me upward, https://media.signbsl.com/videos/asl/youtube/mp4/ZDNvwHMc-Oc.mp4
audience in uproar, https://media.signbsl.com/videos/asl/youtube/mp4/w-2skWPIPqo.mp4
audio, https://media.signbsl.com/videos/asl/youtube/mp4/yAcU6hvfMlw.mp4
audiobook, https://media.signbsl.com/videos/asl/youtube/mp4/45KLa4xQGOc.mp4
audiocassette, https://media.signbsl.com/videos/asl/youtube/mp4/TCFm1JRIAWI.mp4
audiological, https://media.signbsl.com/videos/asl/youtube/mp4/uc6Ew4Qj5KE.mp4
audiologist, https://media.signbsl.com/videos/asl/aslsearch/mp4/audiologist.mp4
audiology, https://media.signbsl.com/videos/asl/aslsearch/mp4/audiology.mp4
audiometer, https://media.signbsl.com/videos/asl/youtube/mp4/On5mfbxgNCo.mp4
audiometry, https://media.signbsl.com/videos/asl/aslsearch/mp4/audiology.mp4
audiophile, https://media.signbsl.com/videos/asl/youtube/mp4/AT4xQqhxSiw.mp4
audiotape, https://media.signbsl.com/videos/asl/youtube/mp4/RH5agUf17GU.mp4
audiovisual, https://media.signbsl.com/videos/asl/youtube/mp4/BJ7k79hcwaU.mp4
audiovisual aid, https://media.signbsl.com/videos/asl/youtube/mp4/BJ7k79hcwaU.mp4
audism, https://player.vimeo.com/external/391173522.sd.mp4?s=2cbedf51379b4348dee4f19134aabab164e90f0c&profile_id=164
audism unveiled, https://player.vimeo.com/external/391173496.sd.mp4?s=de6129a1431a14d381bc4dac29f5a15b0aa0d0da&profile_id=164
audit, https://media.signbsl.com/videos/asl/youtube/mp4/mT7K9F9BGU4.mp4
audited account, https://media.signbsl.com/videos/asl/youtube/mp4/mT7K9F9BGU4.mp4
auditing, https://media.signbsl.com/videos/asl/deaftec/mp4/922.mp4
audition, https://player.vimeo.com/external/391173540.sd.mp4?s=568e1a74187b40bdc88a319f272f8696bf0837c4&profile_id=164
auditor, https://media.signbsl.com/videos/asl/youtube/mp4/YeOXLrpgwBE.mp4
auf wiedersehen, https://media.signbsl.com/videos/asl/startasl/mp4/bye.mp4
Aug, https://player.vimeo.com/external/391173808.sd.mp4?s=067ae7aac885a1dd2ba11647c1eccbc1f01c708b&profile_id=164
auger, https://media.signbsl.com/videos/asl/youtube/mp4/YeNoGAMGCEE.mp4
aught, https://media.signbsl.com/videos/asl/aslsignbank/mp4/NONE-3092.mp4
augmented matrix, https://media.signbsl.com/videos/asl/youtube/mp4/FI6F8he2piw.mp4
augmenter, https://media.signbsl.com/videos/asl/youtube/mp4/w5uVzPxR-KQ.mp4
augur, https://media.signbsl.com/videos/asl/youtube/mp4/9j_zT0Ewun4.mp4
augury, https://media.signbsl.com/videos/asl/youtube/mp4/uu5Jq_ypOio.mp4
August, https://player.vimeo.com/external/391173808.sd.mp4?s=067ae7aac885a1dd2ba11647c1eccbc1f01c708b&profile_id=164
auguster, https://media.signbsl.com/videos/asl/youtube/mp4/COksSL2RvEg.mp4
au naturel, https://media.signbsl.com/videos/asl/aslsignbank/mp4/BLANK-796.mp4
aunt, https://media.signbsl.com/videos/asl/startasl/mp4/aunt.mp4
auntie, https://media.signbsl.com/videos/asl/startasl/mp4/aunt.mp4
aunty, https://media.signbsl.com/videos/asl/startasl/mp4/aunt.mp4
aura, https://player.vimeo.com/external/392162936.sd.mp4?s=93d177648e2fa78c5c297ea49ab57c37ef1d7656&profile_id=164
Auralcentric, https://player.vimeo.com/external/391173944.sd.mp4?s=a64d5bb63fb7086360d5c7bcb6c0c2b8e0e06a8b&profile_id=164
aureole, https://player.vimeo.com/external/392162936.sd.mp4?s=93d177648e2fa78c5c297ea49ab57c37ef1d7656&profile_id=164
au revoir, https://media.signbsl.com/videos/asl/startasl/mp4/bye.mp4
aurified, https://media.signbsl.com/videos/asl/youtube/mp4/JeerW7ogDQQ.mp4
Auriga, https://media.signbsl.com/videos/asl/youtube/mp4/5iIx8TrE5JI.mp4
aurora, https://player.vimeo.com/external/391917102.sd.mp4?s=51eed1c8462cb12376308ad1c796aa536f7881d4&profile_id=164
aurora borealis, https://player.vimeo.com/external/391174013.sd.mp4?s=adf5a8dd4bbcd1402b5bce27d1f6dd66b1b0c7e8&profile_id=164
Auslan, https://player.vimeo.com/external/391174064.sd.mp4?s=6ca9fb6ce077ac01f710ff02ae9ad40c9ebf082a&profile_id=164
auspicate, https://media.signbsl.com/videos/asl/youtube/mp4/9j_zT0Ewun4.mp4
auspice, https://media.signbsl.com/videos/asl/youtube/mp4/FlxiMem82RA.mp4
austere, https://media.signbsl.com/videos/asl/youtube/mp4/xr0X2zI0eH4.mp4
Australia, https://media.signbsl.com/videos/asl/startasl/mp4/australia.mp4
Australian, https://player.vimeo.com/external/391174182.sd.mp4?s=3792fc0e95ad3fff2e5a4a113051a4c486a32eac&profile_id=164
Austria, https://media.signbsl.com/videos/asl/startasl/mp4/austria.mp4
Austrian, https://player.vimeo.com/external/391174310.sd.mp4?s=d32a7dfd35acf1a1360553f5a52e69ed6f29b7d3&profile_id=164
Austrian capital, https://media.signbsl.com/videos/asl/youtube/mp4/tuNYwfP8T3U.mp4
authentic, https://media.signbsl.com/videos/asl/aslsearch/mp4/authentic.mp4
authenticate, https://player.vimeo.com/external/391174437.sd.mp4?s=f71ca7496a823646e49cb4304323b3895f02542b&profile_id=164
authentication, https://media.signbsl.com/videos/asl/deaftec/mp4/923.mp4
author, https://media.signbsl.com/videos/asl/aslsignbank/mp4/WRITE-1467.mp4
authorisation, https://media.signbsl.com/videos/asl/ids/mp4/2013-11-420-authority-1500k-ase.mp4
authorise, https://media.signbsl.com/videos/asl/ids/mp4/2013-11-430-authorize-1500k-ase.mp4
authoritarian, https://media.signbsl.com/videos/asl/youtube/mp4/U9p9xDHrrU8.mp4
authoritarianism, https://player.vimeo.com/external/392541606.sd.mp4?s=1b3a2da28dbc0126def9f3efaab34660701135c4&profile_id=164
authoritative, https://media.signbsl.com/videos/asl/youtube/mp4/Y523BSuI_Wg.mp4
authorities, https://media.signbsl.com/videos/asl/startasl/mp4/government.mp4
authority, https://media.signbsl.com/videos/asl/ids/mp4/2013-11-420-authority-1500k-ase.mp4
authorization, https://media.signbsl.com/videos/asl/ids/mp4/2013-11-420-authority-1500k-ase.mp4
authorize, https://media.signbsl.com/videos/asl/ids/mp4/2013-11-430-authorize-1500k-ase.mp4
authorship, https://media.signbsl.com/videos/asl/startasl/mp4/writing.mp4
autism, https://media.signbsl.com/videos/asl/youtube/mp4/s0r32rTDFeU.mp4
auto, https://media.signbsl.com/videos/asl/startasl/mp4/car.mp4
autobahn, https://media.signbsl.com/videos/asl/youtube/mp4/fDCFzhcX8Wk.mp4
autobiographer, https://media.signbsl.com/videos/asl/youtube/mp4/1cngDZntIrk.mp4
autobiographic, https://media.signbsl.com/videos/asl/youtube/mp4/j_AxyPXSfwo.mp4
autobiographical, https://media.signbsl.com/videos/asl/youtube/mp4/j_AxyPXSfwo.mp4
autobody, https://player.vimeo.com/external/391174770.sd.mp4?s=fedf9cfab9bb1b335540fa911d78f1ebdcc4d516&profile_id=164
autobus, https://media.signbsl.com/videos/asl/startasl/mp4/bus.mp4
autochthonal, https://media.signbsl.com/videos/asl/uploads/mp4/user_upload602fee2b246031.94593548.mp4
autochthonic, https://media.signbsl.com/videos/asl/uploads/mp4/user_upload602fee2b246031.94593548.mp4
autochthonous, https://media.signbsl.com/videos/asl/uploads/mp4/user_upload602fee2b246031.94593548.mp4
autoclave, https://media.signbsl.com/videos/asl/youtube/mp4/Fr8e8MbWEJ0.mp4
autocrat, https://media.signbsl.com/videos/asl/youtube/mp4/g2_csX-dNFQ.mp4
autocratic, https://player.vimeo.com/external/391209793.sd.mp4?s=fffad125c766bc15de55b0924d5a4efa9cc0fbeb&profile_id=164
autocue, https://media.signbsl.com/videos/asl/youtube/mp4/36KEL407GH4.mp4
autograph, https://media.signbsl.com/videos/asl/aslsearch/mp4/autograph.mp4
autoimmune, https://media.signbsl.com/videos/asl/youtube/mp4/gNDlO5QwMHc.mp4
auto insurance, https://player.vimeo.com/external/391174697.sd.mp4?s=d626a4f16a82e0e80f38c960361145a907622849&profile_id=164
auto maker, https://media.signbsl.com/videos/asl/youtube/mp4/ckXE0qijWN8.mp4
automaker, https://media.signbsl.com/videos/asl/youtube/mp4/ckXE0qijWN8.mp4
auto manufacturer, https://media.signbsl.com/videos/asl/youtube/mp4/ckXE0qijWN8.mp4
automata, https://media.signbsl.com/videos/asl/youtube/mp4/fi_pCGGHzmg.mp4
automate, https://media.signbsl.com/videos/asl/youtube/mp4/6cjdDYSRLvY.mp4
automated, https://media.signbsl.com/videos/asl/aslsignbank/mp4/AUTOMATIC-2082.mp4
automatic, https://media.signbsl.com/videos/asl/aslsearch/mp4/automatic.mp4
automatic gear shift, https://player.vimeo.com/external/392645796.sd.mp4?s=ed3e9317392bb30e229da36c67fe03c60e9e75c6&profile_id=164
automatic pilot, https://media.signbsl.com/videos/asl/youtube/mp4/3fL1_1Ei7dk.mp4
automatic pistol, https://media.signbsl.com/videos/asl/aslsearch/mp4/automatic.mp4
automatic washer, https://media.signbsl.com/videos/asl/aslsearch/mp4/washer.mp4
automation, https://media.signbsl.com/videos/asl/youtube/mp4/15lY_SdPa6w.mp4
automatise, https://media.signbsl.com/videos/asl/youtube/mp4/6cjdDYSRLvY.mp4
automatize, https://media.signbsl.com/videos/asl/youtube/mp4/6cjdDYSRLvY.mp4
automaton, https://media.signbsl.com/videos/asl/aslsearch/mp4/robot.mp4
automatonlike, https://media.signbsl.com/videos/asl/youtube/mp4/ghlKbJ0Ui1M.mp4
auto mechanic, https://media.signbsl.com/videos/asl/startasl/mp4/mechanic2.mp4
automobile, https://media.signbsl.com/videos/asl/startasl/mp4/car.mp4
automobile insurance, https://player.vimeo.com/external/391389448.sd.mp4?s=d7dc9f94f6ffb176c8bd77251a4ac8f71fde6fb9&profile_id=164
automobile mechanic, https://media.signbsl.com/videos/asl/startasl/mp4/mechanic2.mp4
automobile race, https://media.signbsl.com/videos/asl/aslsearch/mp4/car-race.mp4
automobile traffic, https://media.signbsl.com/videos/asl/aslsignbank/mp4/TRAFFIC-1298.mp4
automobile trunk, https://media.signbsl.com/videos/asl/youtube/mp4/7tIP54jTU6M.mp4
automobilist, https://media.signbsl.com/videos/asl/youtube/mp4/sFoZssUHWsE.mp4
automotive, https://media.signbsl.com/videos/asl/youtube/mp4/XCYKfP_8AJI.mp4
automotive part, https://media.signbsl.com/videos/asl/aslsignbank/mp4/ENGINE-3353.mp4
autonomous, https://media.signbsl.com/videos/asl/aslsignbank/mp4/INDEPENDENT-1739.mp4
autonomy, https://media.signbsl.com/videos/asl/youtube/mp4/8DqZs_aSroI.mp4
autophyte, https://media.signbsl.com/videos/asl/youtube/mp4/iWAR17W2uyU.mp4
autophytic plant, https://media.signbsl.com/videos/asl/youtube/mp4/iWAR17W2uyU.mp4
autopilot, https://media.signbsl.com/videos/asl/youtube/mp4/3fL1_1Ei7dk.mp4
autopsied, https://media.signbsl.com/videos/asl/youtube/mp4/MvC4pPU5Yqw.mp4
autopsy, https://media.signbsl.com/videos/asl/youtube/mp4/M1m3KL-Bi2M.mp4
auto race, https://media.signbsl.com/videos/asl/aslsearch/mp4/car-race.mp4
auto racing, https://player.vimeo.com/external/391389472.sd.mp4?s=0928899c32e273c1f2377529dadd528da2e72c37&profile_id=164
Auto Rickshaw, https://player.vimeo.com/external/391174734.sd.mp4?s=237721163651f04d6d873b2a806fc115767c7a18&profile_id=164
autotroph, https://media.signbsl.com/videos/asl/youtube/mp4/iWAR17W2uyU.mp4
autotrophic organism, https://media.signbsl.com/videos/asl/youtube/mp4/iWAR17W2uyU.mp4
autotype, https://media.signbsl.com/videos/asl/youtube/mp4/vpL4duHtBvA.mp4
autumn, https://media.signbsl.com/videos/asl/startasl/mp4/fall2.mp4
auxiliaries, https://media.signbsl.com/videos/asl/aslsearch/mp4/aide.mp4
auxiliary, https://media.signbsl.com/videos/asl/aslsearch/mp4/aide.mp4
auxin, https://media.signbsl.com/videos/asl/youtube/mp4/_pBsa_9VcGY.mp4
avail, https://media.signbsl.com/videos/asl/youtube/mp4/3JpcFV5V-Pw.mp4
availability, https://media.signbsl.com/videos/asl/aslsignbank/mp4/SPACE-269.mp4
available, https://media.signbsl.com/videos/asl/signlanguagestudent/mp4/available.mp4
available empty, https://media.signbsl.com/videos/asl/signlanguagestudent/mp4/available%20(empty).mp4
availableness, https://media.signbsl.com/videos/asl/aslsignbank/mp4/SPACE-269.mp4
available offer, https://media.signbsl.com/videos/asl/signlanguagestudent/mp4/available%20(offer).mp4
avail oneself of, https://player.vimeo.com/external/391178255.sd.mp4?s=bb5bb04ab3a8e2eea48e8e9960209aef82eb884f&profile_id=164
avalanche, https://player.vimeo.com/external/392645815.sd.mp4?s=d0c90a4085faac20052251b83f75e00ec4ced852&profile_id=164
avant garde, https://media.signbsl.com/videos/asl/youtube/mp4/v9Kaek2vgKU.mp4
avarice, https://media.signbsl.com/videos/asl/aslsearch/mp4/greed.mp4
avaricious, https://player.vimeo.com/external/391178299.sd.mp4?s=46f24d40152142f32e2cc8ebd32d791224deb6bd&profile_id=164
avaritia, https://media.signbsl.com/videos/asl/aslsearch/mp4/greed.mp4
avast, https://media.signbsl.com/videos/asl/youtube/mp4/GrFWP6ezM4w.mp4
avatar, https://media.signbsl.com/videos/asl/youtube/mp4/g8od3VrIXno.mp4
avaunt, https://media.signbsl.com/videos/asl/youtube/mp4/2wZ2TSmEw6Y.mp4
avenge, https://media.signbsl.com/videos/asl/aslsignbank/mp4/REVENGE-2342.mp4
avenger, https://media.signbsl.com/videos/asl/youtube/mp4/YLMU_Huinxk.mp4
avenue, https://media.signbsl.com/videos/asl/aslsignbank/mp4/STREET-278.mp4
aver, https://media.signbsl.com/videos/asl/youtube/mp4/w6krcBYJNk4.mp4
average, https://media.signbsl.com/videos/asl/startasl/mp4/average.mp4
average joe, https://media.signbsl.com/videos/asl/youtube/mp4/NFBpmHFlijc.mp4
averse, NA
aversion, https://media.signbsl.com/videos/asl/youtube/mp4/v82jkEYo5Pg.mp4
avert, https://media.signbsl.com/videos/asl/youtube/mp4/IRLoe0ze1_E.mp4
avertable, https://media.signbsl.com/videos/asl/youtube/mp4/-Y5AfEaMkfA.mp4
avertible, https://media.signbsl.com/videos/asl/youtube/mp4/-Y5AfEaMkfA.mp4
avian, https://media.signbsl.com/videos/asl/youtube/mp4/99PE12JbyGY.mp4
aviaries, https://media.signbsl.com/videos/asl/youtube/mp4/PlIUM9DI0g8.mp4
aviary, https://media.signbsl.com/videos/asl/youtube/mp4/PlIUM9DI0g8.mp4
aviate, https://media.signbsl.com/videos/asl/aslsearch/mp4/pilot.mp4
aviation, https://media.signbsl.com/videos/asl/youtube/mp4/pM_rp6FbB9g.mp4
aviator, https://player.vimeo.com/external/392677091.sd.mp4?s=d6045c024f5d4f54e69f4641c848279fe2110cdd&profile_id=164
aviatrices, https://media.signbsl.com/videos/asl/youtube/mp4/peIzbdec3iw.mp4
avid, https://media.signbsl.com/videos/asl/aslsearch/mp4/zealous.mp4
avid reader, https://media.signbsl.com/videos/asl/youtube/mp4/tTO_sD8dqzk.mp4
avionic, https://media.signbsl.com/videos/asl/youtube/mp4/Rt6zvKa-TVE.mp4
avitaminosis, https://media.signbsl.com/videos/asl/youtube/mp4/7-KtnoGmcys.mp4
avocado, https://media.signbsl.com/videos/asl/thefamilyvocab/mp4/avocado.mp4
avocado pear, https://media.signbsl.com/videos/asl/thefamilyvocab/mp4/avocado.mp4
avocation, https://media.signbsl.com/videos/asl/aslsearch/mp4/sideline.mp4
avoid, https://media.signbsl.com/videos/asl/aslsignbank/mp4/AVOID-2083.mp4
avoidable, https://media.signbsl.com/videos/asl/youtube/mp4/-Y5AfEaMkfA.mp4
avoirdupois, https://media.signbsl.com/videos/asl/startasl/mp4/fat-2.mp4
avouch, https://media.signbsl.com/videos/asl/youtube/mp4/VehUrS3hyEU.mp4
avow, https://media.signbsl.com/videos/asl/youtube/mp4/w6krcBYJNk4.mp4
avulsion, https://media.signbsl.com/videos/asl/youtube/mp4/1ZvxOoIl_bs.mp4
avuncular, https://media.signbsl.com/videos/asl/youtube/mp4/5qcVJmfDOP4.mp4
await, https://media.signbsl.com/videos/asl/aslsignbank/mp4/HOPE-1760.mp4
awake, https://media.signbsl.com/videos/asl/startasl/mp4/wake-up.mp4
awaken, https://media.signbsl.com/videos/asl/startasl/mp4/wake-up.mp4
award, https://media.signbsl.com/videos/asl/aslsignbank/mp4/HONOR-2606.mp4
award ceremony, https://player.vimeo.com/external/392645830.sd.mp4?s=1934b2972ea6709052e7b554af7a992524f0a9e2&profile_id=164
awarded to me, https://media.signbsl.com/videos/asl/youtube/mp4/D2l_merv8WU.mp4
awardee, https://media.signbsl.com/videos/asl/youtube/mp4/xn4DZXo6sWA.mp4
aware, https://media.signbsl.com/videos/asl/aslsearch/mp4/aware.mp4
awareness, https://media.signbsl.com/videos/asl/youtube/mp4/AWaAS1-PMzU.mp4
awash, https://player.vimeo.com/external/391178424.sd.mp4?s=76a5363c0fcbc00ed00401c1907c340d70c95e9d&profile_id=164
a watched pot never boils, https://media.signbsl.com/videos/asl/youtube/mp4/L5_FtQ2-zEM.mp4
away, https://media.signbsl.com/videos/asl/startasl/mp4/off.mp4
away game, https://media.signbsl.com/videos/asl/aslsignbank/mp4/AWAY-GAME-2316.mp4
away with the fairies, https://media.signbsl.com/videos/asl/youtube/mp4/iAkQJG0iDA4.mp4
awe, https://media.signbsl.com/videos/asl/aslsignbank/mp4/JAW-DROP-1708.mp4
awed, https://player.vimeo.com/external/391178478.sd.mp4?s=2eede79efae9f25e4a173348b3cfc09f69ecad26&profile_id=164
a week ago, https://media.signbsl.com/videos/asl/aslsearch/mp4/a-week-ago.mp4
awe inspiring, https://media.signbsl.com/videos/asl/aslsignbank/mp4/AMAZING-325.mp4
aweless, https://player.vimeo.com/external/391984565.sd.mp4?s=cdefd0997489c8f03fd8dd9b2547821732327549&profile_id=164
awesome, https://media.signbsl.com/videos/asl/aslsignbank/mp4/AMAZING-325.mp4
awestricken, https://player.vimeo.com/external/391178478.sd.mp4?s=2eede79efae9f25e4a173348b3cfc09f69ecad26&profile_id=164
awestruck, https://player.vimeo.com/external/391178478.sd.mp4?s=2eede79efae9f25e4a173348b3cfc09f69ecad26&profile_id=164
awful, https://media.signbsl.com/videos/asl/startasl/mp4/awful.mp4
awhile, https://media.signbsl.com/videos/asl/aslsignbank/mp4/LATER-1688.mp4
a while, https://media.signbsl.com/videos/asl/aslsignbank/mp4/LATER-1688.mp4
awkward, https://media.signbsl.com/videos/asl/aslsignbank/mp4/AWKWARD-2230.mp4
awkwarder, https://media.signbsl.com/videos/asl/youtube/mp4/7i6upia5pKE.mp4
awkwardness, https://media.signbsl.com/videos/asl/youtube/mp4/2kJwRyPMNes.mp4
awkward with something, https://media.signbsl.com/videos/asl/youtube/mp4/JxWEm_sfCnM.mp4
awless, https://player.vimeo.com/external/391984565.sd.mp4?s=cdefd0997489c8f03fd8dd9b2547821732327549&profile_id=164
awol, https://media.signbsl.com/videos/asl/youtube/mp4/zPXIQ8OfT0s.mp4
awry, https://media.signbsl.com/videos/asl/aslsearch/mp4/lopsided.mp4
aww, https://media.signbsl.com/videos/asl/aslsignbank/mp4/SWEET-281.mp4
ax, https://media.signbsl.com/videos/asl/aslsearch/mp4/ax.mp4
axe, https://media.signbsl.com/videos/asl/aslsearch/mp4/ax.mp4
axial, https://media.signbsl.com/videos/asl/youtube/mp4/p5JWp8phdPs.mp4
axilla, https://media.signbsl.com/videos/asl/aslsearch/mp4/armpit.mp4
axillary cavity, https://media.signbsl.com/videos/asl/aslsearch/mp4/armpit.mp4
axillary fossa, https://media.signbsl.com/videos/asl/aslsearch/mp4/armpit.mp4
axiom, https://media.signbsl.com/videos/asl/youtube/mp4/JT1G83J33o8.mp4
axis, https://media.signbsl.com/videos/asl/tsdvideo/mp4/1244.mp4
axis of a cylinder, https://media.signbsl.com/videos/asl/youtube/mp4/D1PyN6ZnVIM.mp4
axis of rotation, https://media.signbsl.com/videos/asl/youtube/mp4/6ILDORb4QpQ.mp4
axis of symmetry, https://media.signbsl.com/videos/asl/tsdvideo/mp4/530.mp4
axle, https://media.signbsl.com/videos/asl/AustinCommunityCollege/mp4/auto_axle_.mp4
axon, https://media.signbsl.com/videos/asl/deaftec/mp4/1343.mp4
axone, https://media.signbsl.com/videos/asl/deaftec/mp4/1343.mp4
ay, https://media.signbsl.com/videos/asl/youtube/mp4/JYuTGDXF93k.mp4
ayahuasca, https://player.vimeo.com/external/391178559.sd.mp4?s=540fc19e0d13d30c00ca5332f32d2956592e05f4&profile_id=164
ayatollah, https://media.signbsl.com/videos/asl/youtube/mp4/EMLZsO8PnHQ.mp4
a year ago, https://media.signbsl.com/videos/asl/aslsignbank/mp4/LAST-YEAR-1543.mp4
AZ, https://media.signbsl.com/videos/asl/aslsignbank/mp4/ARIZONA-770.mp4
Azerbaijan, https://media.signbsl.com/videos/asl/youtube/mp4/Jj8RVEcScfQ.mp4
Azerbaijani Republic, https://media.signbsl.com/videos/asl/youtube/mp4/Jj8RVEcScfQ.mp4
Azerbajdzhan, https://media.signbsl.com/videos/asl/youtube/mp4/Jj8RVEcScfQ.mp4
Azerbajdzhan Republic, https://media.signbsl.com/videos/asl/youtube/mp4/Jj8RVEcScfQ.mp4
azure, https://media.signbsl.com/videos/asl/youtube/mp4/Q699kuLyZIg.mp4
