B, https://media.signbsl.com/videos/asl/aslsignbank/mp4/LETTER-B-1674.mp4
B.O., NA
ba, https://media.signbsl.com/videos/asl/mariekatzenbachschool/mp4/BA.mp4
baa, https://media.signbsl.com/videos/asl/youtube/mp4/1azCKfnDWzo.mp4
baba, https://media.signbsl.com/videos/asl/aslsignbank/mp4/GRANDFATHER-1863.mp4
babble, https://media.signbsl.com/videos/asl/aslsearch/mp4/tattle.mp4
babble out, https://media.signbsl.com/videos/asl/aslsearch/mp4/tattle.mp4
babbler, https://media.signbsl.com/videos/asl/youtube/mp4/5nON5FOVJ3c.mp4
babbling, https://player.vimeo.com/external/391188827.sd.mp4?s=004f185391fb94168f8e280183d2c5f67ca915c1&profile_id=164
babe, https://media.signbsl.com/videos/asl/startasl/mp4/baby.mp4
babe baby, https://media.signbsl.com/videos/asl/youtube/mp4/YmuK_Cbn-zA.mp4
babies, https://media.signbsl.com/videos/asl/startasl/mp4/baby.mp4
baboom, https://media.signbsl.com/videos/asl/youtube/mp4/kVmcSJqr1jA.mp4
baboon, https://media.signbsl.com/videos/asl/youtube/mp4/7HlOV-REqFI.mp4
baby, https://media.signbsl.com/videos/asl/startasl/mp4/baby.mp4
baby boomer, https://media.signbsl.com/videos/asl/youtube/mp4/jX7Ck4gfVgc.mp4
baby buggy, https://media.signbsl.com/videos/asl/aslsearch/mp4/stroller.mp4
baby carriage, https://media.signbsl.com/videos/asl/aslsearch/mp4/stroller.mp4
baby cloths, https://player.vimeo.com/external/392645861.sd.mp4?s=75d8fc90852f43944afca51bbf26ada52786f57b&profile_id=164
baby dedication, https://media.signbsl.com/videos/asl/valleybible/mp4/baby%20dedication.mp4
baby doctor, https://media.signbsl.com/videos/asl/youtube/mp4/4Y-HwfH_mQI.mp4
babyhood, https://media.signbsl.com/videos/asl/youtube/mp4/oEQdQQY9BN4.mp4
babyish, https://player.vimeo.com/external/391188852.sd.mp4?s=cbba833a5d68602fab36ead117c2ef4d4147e7f4&profile_id=164
babysat, https://media.signbsl.com/videos/asl/youtube/mp4/PZ6cMdLQUlk.mp4
babys dummy, https://media.signbsl.com/videos/asl/aslsignbank/mp4/PACIFIER-2278.mp4
babysit, NA
baby sitter, https://media.signbsl.com/videos/asl/aslsignbank/mp4/SUPERVISOR-1146.mp4
babysitter, https://media.signbsl.com/videos/asl/aslsignbank/mp4/SUPERVISOR-1146.mp4
babys room, https://media.signbsl.com/videos/asl/youtube/mp4/QADIaeUfJNI.mp4
baby talk, https://media.signbsl.com/videos/asl/youtube/mp4/pz1_05MWw5Y.mp4
babytalk, https://media.signbsl.com/videos/asl/youtube/mp4/pz1_05MWw5Y.mp4
baccalaureate, https://media.signbsl.com/videos/asl/youtube/mp4/iyJFXUr-GAg.mp4
baccate, https://media.signbsl.com/videos/asl/youtube/mp4/3nR1VWXIw78.mp4
bacchanal, https://media.signbsl.com/videos/asl/youtube/mp4/ieO7kFDFEsk.mp4
bacchanalia, https://media.signbsl.com/videos/asl/youtube/mp4/ieO7kFDFEsk.mp4
bacchanalian, https://media.signbsl.com/videos/asl/youtube/mp4/13uNh6GpOeY.mp4
bacchic, https://media.signbsl.com/videos/asl/youtube/mp4/13uNh6GpOeY.mp4
bacciferous, https://media.signbsl.com/videos/asl/youtube/mp4/jcOPf9Ejj3Y.mp4
baccilar, https://media.signbsl.com/videos/asl/youtube/mp4/N1TF-KWWBhg.mp4
baccy, https://media.signbsl.com/videos/asl/aslsearch/mp4/tobacco.mp4
bachelor, https://media.signbsl.com/videos/asl/aslsearch/mp4/bachelor.mp4
bachelor degree, https://media.signbsl.com/videos/asl/aslsearch/mp4/bachelor-degree.mp4
bachelorette, https://media.signbsl.com/videos/asl/youtube/mp4/darIfR4PY_c.mp4
bachelorhood, https://media.signbsl.com/videos/asl/youtube/mp4/3pUYEd5ygWU.mp4
Bachelor of Science, https://media.signbsl.com/videos/asl/aslsignbank/mp4/BULLSHIT-2138.mp4
bachelors degree, https://media.signbsl.com/videos/asl/youtube/mp4/iyJFXUr-GAg.mp4
bacillary, https://media.signbsl.com/videos/asl/youtube/mp4/N1TF-KWWBhg.mp4
bacilliform, https://media.signbsl.com/videos/asl/youtube/mp4/N1TF-KWWBhg.mp4
Bacillus anthracis, https://media.signbsl.com/videos/asl/youtube/mp4/20bBMCzNiFg.mp4
back, https://media.signbsl.com/videos/asl/aslsignbank/mp4/BACK-27.mp4
backache, https://media.signbsl.com/videos/asl/youtube/mp4/cq6cZA0Oidg.mp4
back and forth, https://media.signbsl.com/videos/asl/aslsearch/mp4/back-and-forth.mp4
back away, https://player.vimeo.com/external/391189113.sd.mp4?s=a62d337fd6784fe9a958057962c2a45ac248c067&profile_id=164
backbit, https://media.signbsl.com/videos/asl/youtube/mp4/wu9vhTVkPhM.mp4
backbiter, https://media.signbsl.com/videos/asl/youtube/mp4/ueT-rdm1fgU.mp4
backbiting, https://player.vimeo.com/external/391189302.sd.mp4?s=e24bf777ebf8c2fdd608898781fbdd67e4e7cb5e&profile_id=164
backbone, https://media.signbsl.com/videos/asl/aslsignbank/mp4/BACK-27.mp4
backbreaking, https://player.vimeo.com/external/391168675.sd.mp4?s=aae06e26bfadc7d0c30e5ef2f00385b96c99d966&profile_id=164
backchat, https://media.signbsl.com/videos/asl/youtube/mp4/iGy1CAEGVj4.mp4
backcloth, https://player.vimeo.com/external/392762358.sd.mp4?s=66a45f448cd08383202c791e772094896a32532d&profile_id=164
backcomb, https://media.signbsl.com/videos/asl/youtube/mp4/APp6lMUeNoo.mp4
back country, https://media.signbsl.com/videos/asl/youtube/mp4/GAanP4xq3UA.mp4
backdate, https://media.signbsl.com/videos/asl/youtube/mp4/NjsIyUDHH50.mp4
backdoor, NA
backdown, https://media.signbsl.com/videos/asl/tsdvideo/mp4/357.mp4
backdrop, https://player.vimeo.com/external/392762358.sd.mp4?s=66a45f448cd08383202c791e772094896a32532d&profile_id=164
backer, https://media.signbsl.com/videos/asl/youtube/mp4/xbqRsGIeYAs.mp4
backfire, https://media.signbsl.com/videos/asl/youtube/mp4/1eJehrTl5w8.mp4
back flip, https://media.signbsl.com/videos/asl/youtube/mp4/h-UBewuswsM.mp4
background, https://media.signbsl.com/videos/asl/aslsignbank/mp4/BACKGROUND-2299.mp4
backhanded, https://media.signbsl.com/videos/asl/youtube/mp4/LXla-0vajbI.mp4
back in a sec, https://media.signbsl.com/videos/asl/youtube/mp4/WdlD92FfCck.mp4
backing, https://player.vimeo.com/external/392649611.sd.mp4?s=c5ed40890c29b7733bfb9322644d40c27127a76b&profile_id=164
backing bar, https://media.signbsl.com/videos/asl/AustinCommunityCollege/mp4/weld_backing_bar_.mp4
backlash, https://player.vimeo.com/external/391189436.sd.mp4?s=2a6591a6e86f95b1663173232d67f32ff29f2a3b&profile_id=164
backless, https://media.signbsl.com/videos/asl/youtube/mp4/Xh3XCdrC8qA.mp4
backlight, https://player.vimeo.com/external/391189472.sd.mp4?s=5866b0e31453573e8749417520c524adaa4c5c34&profile_id=164
backlog, https://player.vimeo.com/external/391189504.sd.mp4?s=9f8337680eaf4722fe09813e30dc27364550ebeb&profile_id=164
backmost, https://media.signbsl.com/videos/asl/youtube/mp4/UFE6jv_IQxs.mp4
back number, https://media.signbsl.com/videos/asl/youtube/mp4/g5shEfFH4n8.mp4
back of, https://media.signbsl.com/videos/asl/aslsignbank/mp4/BEHIND-38.mp4
back out, https://media.signbsl.com/videos/asl/aslsignbank/mp4/RESIGN-965.mp4
back pack, https://media.signbsl.com/videos/asl/aslsignbank/mp4/BACKPACK-408.mp4
backpack, https://media.signbsl.com/videos/asl/aslsignbank/mp4/BACKPACK-408.mp4
backpacking, https://player.vimeo.com/external/391189579.sd.mp4?s=2ef63156803f3dbd5d0c31b6dd63f8437499a65e&profile_id=164
backpay, https://player.vimeo.com/external/391189621.sd.mp4?s=f85e351f6b0e026659ad1252449274d50526bbc5&profile_id=164
backpedaling, https://player.vimeo.com/external/391189669.sd.mp4?s=fc161aec7fe544d388b54247da191e722f90b8a6&profile_id=164
backscratcher, https://media.signbsl.com/videos/asl/youtube/mp4/Jp4Qd6_6Ap8.mp4
backseat, https://player.vimeo.com/external/392645911.sd.mp4?s=df3d0f446d3b7f2a53194eb0da6d3d1a6b78e6b2&profile_id=164
backsheesh, https://media.signbsl.com/videos/asl/aslsearch/mp4/tip.mp4
backside, https://media.signbsl.com/videos/asl/youtube/mp4/k4acAbNtqrg.mp4
backslap, https://media.signbsl.com/videos/asl/youtube/mp4/H-BTpDSQd_Y.mp4
backslapper, https://media.signbsl.com/videos/asl/youtube/mp4/sh7eppk2WwM.mp4
backslash, https://media.signbsl.com/videos/asl/youtube/mp4/s_DC5xzkZC8.mp4
backslid, https://media.signbsl.com/videos/asl/youtube/mp4/PzbHHgX2XtM.mp4
backslide, https://media.signbsl.com/videos/asl/valleybible/mp4/backslide.mp4
backslider, https://media.signbsl.com/videos/asl/unoclimb/mp4/g-YX7_ub0SQ.mp4
backsliding, https://media.signbsl.com/videos/asl/signlanguagestudent/mp4/backsliding.mp4
backspace, https://media.signbsl.com/videos/asl/youtube/mp4/TMQSEIoW910.mp4
backstab, https://media.signbsl.com/videos/asl/aslsearch/mp4/backstab.mp4
backstabber, https://media.signbsl.com/videos/asl/youtube/mp4/uf-eSlS4hnk.mp4
backstage, https://player.vimeo.com/external/392627576.sd.mp4?s=77d882d77f5861adcd12f7b60a0ce626c57ff9de&profile_id=164
backstair, https://player.vimeo.com/external/392141515.sd.mp4?s=7d5ed092433895f63ff8d83d83e6ca87ed32e70c&profile_id=164
backstairs, https://player.vimeo.com/external/392141515.sd.mp4?s=7d5ed092433895f63ff8d83d83e6ca87ed32e70c&profile_id=164
back story, https://media.signbsl.com/videos/asl/elementalaslconcepts/mp4/back_story.mp4
back street, https://media.signbsl.com/videos/asl/youtube/mp4/bP9MP_ND3xU.mp4
backstreet, https://media.signbsl.com/videos/asl/youtube/mp4/bP9MP_ND3xU.mp4
backstroke, https://media.signbsl.com/videos/asl/youtube/mp4/KjEHGAIM4EY.mp4
backswept, https://media.signbsl.com/videos/asl/youtube/mp4/dP7xSLynW4E.mp4
back talk, https://media.signbsl.com/videos/asl/youtube/mp4/CI9rtlxeyJQ.mp4
backtalk, https://media.signbsl.com/videos/asl/youtube/mp4/CI9rtlxeyJQ.mp4
back then, https://media.signbsl.com/videos/asl/aslsignbank/mp4/PAST-211.mp4
back the wrong horse, https://media.signbsl.com/videos/asl/youtube/mp4/VBlZNZi-WoU.mp4
back to back, https://media.signbsl.com/videos/asl/youtube/mp4/dWeG_tCd9ZY.mp4
back to back bar graph, https://media.signbsl.com/videos/asl/youtube/mp4/yvik7ciWIII.mp4
back to front, https://media.signbsl.com/videos/asl/youtube/mp4/mOmB6bQuY-A.mp4
back to square one, https://player.vimeo.com/external/391189150.sd.mp4?s=584f7ba8e678dd08692efa61bdc9ab25177627af&profile_id=164
backtrack, https://media.signbsl.com/videos/asl/youtube/mp4/F-EIG1ei2lE.mp4
back up, https://media.signbsl.com/videos/asl/aslsearch/mp4/backup.mp4
backup, https://media.signbsl.com/videos/asl/aslsearch/mp4/backup.mp4
backup man, https://media.signbsl.com/videos/asl/aslsearch/mp4/backup.mp4
backward, https://player.vimeo.com/external/391189803.sd.mp4?s=c834f280c7e8298f9d971a9cc30a8e098d1a7dbc&profile_id=164
backward and forward, https://media.signbsl.com/videos/asl/aslsearch/mp4/back-and-forth.mp4
backwards, https://player.vimeo.com/external/391189803.sd.mp4?s=c834f280c7e8298f9d971a9cc30a8e098d1a7dbc&profile_id=164
backwash, https://media.signbsl.com/videos/asl/youtube/mp4/8NWWkrGVLes.mp4
backwater, https://media.signbsl.com/videos/asl/youtube/mp4/6azhMoKHa2Y.mp4
backwoods, https://media.signbsl.com/videos/asl/youtube/mp4/GAanP4xq3UA.mp4
backwoodsman, https://media.signbsl.com/videos/asl/youtube/mp4/VS4jTumsenM.mp4
back yard, https://player.vimeo.com/external/391189840.sd.mp4?s=7cd01f5993e27171e68a3b4dddae18d7ea99f126&profile_id=164
backyard, https://player.vimeo.com/external/391189840.sd.mp4?s=7cd01f5993e27171e68a3b4dddae18d7ea99f126&profile_id=164
bacon, https://media.signbsl.com/videos/asl/startasl/mp4/bacon.mp4
bacon lettuce tomato sandwich, https://media.signbsl.com/videos/asl/mariekatzenbachschool/mp4/BLT.mp4
bacteria, https://player.vimeo.com/external/392762405.sd.mp4?s=b0c2211c5b9fbccad2ca6664a3f6e1eb637f6586&profile_id=164
bacterial conjugation, https://media.signbsl.com/videos/asl/youtube/mp4/NjP7ClFzOWY.mp4
bactericide, https://media.signbsl.com/videos/asl/youtube/mp4/Awm6mfVkuZg.mp4
bacteriologist, https://media.signbsl.com/videos/asl/youtube/mp4/lSw8I6NusN0.mp4
bacteriology, https://media.signbsl.com/videos/asl/youtube/mp4/2fpR6tKYeN8.mp4
bacterium, https://player.vimeo.com/external/392762405.sd.mp4?s=b0c2211c5b9fbccad2ca6664a3f6e1eb637f6586&profile_id=164
baculiform, https://media.signbsl.com/videos/asl/youtube/mp4/N1TF-KWWBhg.mp4
bad, https://media.signbsl.com/videos/asl/startasl/mp4/bad.mp4
bad behavior, https://media.signbsl.com/videos/asl/aslsearch/mp4/bad-behavior.mp4
bad blood, https://media.signbsl.com/videos/asl/youtube/mp4/gzfrJdKf1d0.mp4
badder, https://media.signbsl.com/videos/asl/youtube/mp4/t11bXPeIN_s.mp4
Bade, https://media.signbsl.com/videos/asl/youtube/mp4/ArqAE7Px7u8.mp4
badge, https://media.signbsl.com/videos/asl/aslsearch/mp4/badge.mp4
badger, https://media.signbsl.com/videos/asl/thefamilyvocab/mp4/badger.mp4
badgerer, https://media.signbsl.com/videos/asl/youtube/mp4/9mhMruX6oPQ.mp4
Badger State, https://media.signbsl.com/videos/asl/youtube/mp4/CyAUlac8L6U.mp4
bad hair day, https://media.signbsl.com/videos/asl/youtube/mp4/Sm4vP7q2Mms.mp4
bad  hands, NA
bad hat, https://media.signbsl.com/videos/asl/youtube/mp4/YaRUqtIkhag.mp4
bad headache, https://media.signbsl.com/videos/asl/youtube/mp4/_dx7n545hbc.mp4
badinage, https://media.signbsl.com/videos/asl/youtube/mp4/un5Xrkh5rp8.mp4
Bad Lands, https://media.signbsl.com/videos/asl/youtube/mp4/AyHQG4XCc34.mp4
Badlands, https://media.signbsl.com/videos/asl/youtube/mp4/AyHQG4XCc34.mp4
bad luck, https://media.signbsl.com/videos/asl/youtube/mp4/4GtXbtHbSeU.mp4
badly, https://media.signbsl.com/videos/asl/youtube/mp4/-9KkixSFWlk.mp4
bad mannered, https://player.vimeo.com/external/391189953.sd.mp4?s=c4e31dc01de1258290be800f903bf3b8ca949880&profile_id=164
bad memory, https://media.signbsl.com/videos/asl/aslsignbank/mp4/FORGET-565.mp4
badminton, https://player.vimeo.com/external/391190081.sd.mp4?s=e079b6f8effb35afc9566961c73db08875db087a&profile_id=164
badmouth, https://media.signbsl.com/videos/asl/youtube/mp4/7-ArsnAitRs.mp4
badmouthing, https://player.vimeo.com/external/391190107.sd.mp4?s=1fdf4b9563945cff887d7cc821e345fb4c63179e&profile_id=164
bad off, https://media.signbsl.com/videos/asl/youtube/mp4/2ds3lYlorWQ.mp4
bad rep, https://media.signbsl.com/videos/asl/youtube/mp4/2NqCFWCZM1E.mp4
bad stomachache, https://media.signbsl.com/videos/asl/youtube/mp4/1_qrlhG3yPM.mp4
bad tempered, https://media.signbsl.com/videos/asl/aslsignbank/mp4/CROSS-2560.mp4
bad workers always blame their tools, https://media.signbsl.com/videos/asl/youtube/mp4/SwsyhTSd6AM.mp4
baffle, https://media.signbsl.com/videos/asl/aslsearch/mp4/frustrate.mp4
baffled, https://media.signbsl.com/videos/asl/aslsignbank/mp4/CONFUSED-2320.mp4
bafflement, https://media.signbsl.com/videos/asl/youtube/mp4/ZI1DNid_A4Y.mp4
baffling, https://media.signbsl.com/videos/asl/youtube/mp4/EdKEmzIx3EI.mp4
bag, https://media.signbsl.com/videos/asl/aslsignbank/mp4/BAG-2086.mp4
bagatelle, https://media.signbsl.com/videos/asl/youtube/mp4/voJ9GsdayEs.mp4
Bagdad, https://media.signbsl.com/videos/asl/youtube/mp4/-Kqox_lbH08.mp4
bagel, https://media.signbsl.com/videos/asl/youtube/mp4/Tt8Di-ylTIM.mp4
bagful, https://media.signbsl.com/videos/asl/youtube/mp4/gbJilPX_p9s.mp4
baggage, https://media.signbsl.com/videos/asl/aslsearch/mp4/luggage.mp4
baggier, https://media.signbsl.com/videos/asl/youtube/mp4/LEtJvjJvTrQ.mp4
baggy, https://media.signbsl.com/videos/asl/youtube/mp4/FCK-RPrz0Zc.mp4
Baghdad, https://media.signbsl.com/videos/asl/youtube/mp4/-Kqox_lbH08.mp4
bagman, https://media.signbsl.com/videos/asl/youtube/mp4/ltrQjJjz0AM.mp4
bagnio, https://media.signbsl.com/videos/asl/youtube/mp4/B0glyhW8QwI.mp4
bah, https://media.signbsl.com/videos/asl/youtube/mp4/qcMXi42EUdI.mp4
Bahama Islands, https://media.signbsl.com/videos/asl/youtube/mp4/S1SuVJ0_B_E.mp4
Bahamas, https://media.signbsl.com/videos/asl/youtube/mp4/S1SuVJ0_B_E.mp4
Bahrain, https://player.vimeo.com/external/392762450.sd.mp4?s=a0a172117ca4b6f4dc43ab58582c463a09ba89b0&profile_id=164
Bahrein, https://player.vimeo.com/external/392762450.sd.mp4?s=a0a172117ca4b6f4dc43ab58582c463a09ba89b0&profile_id=164
bail, https://player.vimeo.com/external/391190354.sd.mp4?s=4cbfa5bd2d9cf283ccdba05ed3988723323352ab&profile_id=164
bailiff, https://media.signbsl.com/videos/asl/unoclimb/mp4/dvfRJzITzxU.mp4
bailiwick, https://media.signbsl.com/videos/asl/youtube/mp4/jykCnQVws8A.mp4
bail out, https://media.signbsl.com/videos/asl/youtube/mp4/NJsk-CfY7bs.mp4
bailsman, https://media.signbsl.com/videos/asl/youtube/mp4/dppAhdBklb8.mp4
bailswoman, https://media.signbsl.com/videos/asl/youtube/mp4/GU4Jw__7i14.mp4
baird, https://player.vimeo.com/external/391190397.sd.mp4?s=42980e18d49dadd06e98d6e327c8374516e7f5d7&profile_id=164
bait, https://media.signbsl.com/videos/asl/aslsignbank/mp4/E(come-on)-1906.mp4
bake, https://media.signbsl.com/videos/asl/aslsignbank/mp4/BAKE_2-808.mp4
baked, https://media.signbsl.com/videos/asl/youtube/mp4/6htVsSJ7vIk.mp4
bakehouse, https://media.signbsl.com/videos/asl/youtube/mp4/TyDEiJVx2CM.mp4
baker, https://player.vimeo.com/external/392645936.sd.mp4?s=fe429716867c29ad892b2d9168fb3696e3fc2934&profile_id=164
bakeries, https://media.signbsl.com/videos/asl/youtube/mp4/TyDEiJVx2CM.mp4
bakery, https://media.signbsl.com/videos/asl/youtube/mp4/TyDEiJVx2CM.mp4
bakeshop, https://media.signbsl.com/videos/asl/youtube/mp4/TyDEiJVx2CM.mp4
baksheesh, https://media.signbsl.com/videos/asl/aslsearch/mp4/tip.mp4
bakshis, https://media.signbsl.com/videos/asl/aslsearch/mp4/tip.mp4
bakshish, https://media.signbsl.com/videos/asl/aslsearch/mp4/tip.mp4
balance, https://media.signbsl.com/videos/asl/aslsignbank/mp4/BALANCE-855.mp4
balance beam, https://media.signbsl.com/videos/asl/elementalaslconcepts/mp4/balance_beam.mp4
balanced, https://media.signbsl.com/videos/asl/aslsignbank/mp4/EQUALITY-3310.mp4
balckleg, https://media.signbsl.com/videos/asl/youtube/mp4/uZrhwKtfnWA.mp4
balconies, https://media.signbsl.com/videos/asl/aslsearch/mp4/balcony.mp4
balcony, https://media.signbsl.com/videos/asl/aslsearch/mp4/balcony.mp4
bald, https://media.signbsl.com/videos/asl/startasl/mp4/bald.mp4
bald eagle, https://media.signbsl.com/videos/asl/elementalaslconcepts/mp4/bald_eagle.mp4
Balder, https://media.signbsl.com/videos/asl/youtube/mp4/KJ3r0eolJbE.mp4
balderdash, https://media.signbsl.com/videos/asl/aslsignbank/mp4/GIBBERISH-3283.mp4
bald headed, https://media.signbsl.com/videos/asl/startasl/mp4/bald.mp4
bald pated, https://media.signbsl.com/videos/asl/startasl/mp4/bald.mp4
Baldr, https://media.signbsl.com/videos/asl/youtube/mp4/KJ3r0eolJbE.mp4
bale, https://media.signbsl.com/videos/asl/youtube/mp4/dbEoSeWpZCA.mp4
balefire, https://media.signbsl.com/videos/asl/youtube/mp4/FM5vFFXzGNw.mp4
baleful, https://player.vimeo.com/external/392867726.sd.mp4?s=e4ca45c108b96e854329f931b19fbd6508e5deb1&profile_id=164
bale out, https://media.signbsl.com/videos/asl/youtube/mp4/NJsk-CfY7bs.mp4
baler, https://media.signbsl.com/videos/asl/youtube/mp4/I5oAieHK9Kk.mp4
balk, https://player.vimeo.com/external/392762506.sd.mp4?s=84450bf679914082b35e0547f770692e11c8dcbc&profile_id=164
balking, https://media.signbsl.com/videos/asl/youtube/mp4/cqd5e9cA_g0.mp4
balky, https://media.signbsl.com/videos/asl/youtube/mp4/cqd5e9cA_g0.mp4
ball, https://media.signbsl.com/videos/asl/startasl/mp4/ball.mp4
ballad, https://media.signbsl.com/videos/asl/youtube/mp4/qJevmib9Ylc.mp4
balladeer, https://media.signbsl.com/videos/asl/youtube/mp4/6pGS4iLQO-w.mp4
ballast, https://media.signbsl.com/videos/asl/youtube/mp4/8nmy1N183A0.mp4
ball breaker, https://media.signbsl.com/videos/asl/youtube/mp4/7Zoi7X7E_p4.mp4
ball buster, https://media.signbsl.com/videos/asl/youtube/mp4/7Zoi7X7E_p4.mp4
ball cap, https://media.signbsl.com/videos/asl/aslsignbank/mp4/HAT-BRIM-1782.mp4
ballcap, https://media.signbsl.com/videos/asl/aslsearch/mp4/ballcap.mp4
ballerina, https://player.vimeo.com/external/392645960.sd.mp4?s=0c2229095c7b53b881876c6270c09d829d5c6a41&profile_id=164
ballet, https://media.signbsl.com/videos/asl/aslsearch/mp4/ballet.mp4
ball field, https://media.signbsl.com/videos/asl/aslsearch/mp4/baseball-field.mp4
ball game, https://media.signbsl.com/videos/asl/youtube/mp4/7b0ibX8G_Uw.mp4
ballgame, https://media.signbsl.com/videos/asl/youtube/mp4/7b0ibX8G_Uw.mp4
ballgown, NA
ball is in your court, https://media.signbsl.com/videos/asl/youtube/mp4/iLlkskkHw2Q.mp4
ballistic, https://player.vimeo.com/external/391192088.sd.mp4?s=774c85146564ecbcd73d1f2578f9af3b0ddb8c90&profile_id=164
ball joints, https://media.signbsl.com/videos/asl/AustinCommunityCollege/mp4/auto_ball_joints_.mp4
ball joints drive, https://media.signbsl.com/videos/asl/AustinCommunityCollege/mp4/auto_balljoints_drive_.mp4
balloon, https://media.signbsl.com/videos/asl/aslsignbank/mp4/BALLOON-2087.mp4
balloon animal, https://player.vimeo.com/external/392647806.sd.mp4?s=8f2be9ab9843c01dff123c9c78f54e04afafae61&profile_id=164
balloonist, https://media.signbsl.com/videos/asl/youtube/mp4/R8MHL1tqYtQ.mp4
ballot, https://player.vimeo.com/external/391192178.sd.mp4?s=93163656b0ca9fcb1cf532a0ae151f6abebad170&profile_id=164
ballpark, https://media.signbsl.com/videos/asl/youtube/mp4/jKcna5icl7I.mp4
ballpen, https://media.signbsl.com/videos/asl/youtube/mp4/DSlkNA9lk5c.mp4
ballplayer, https://media.signbsl.com/videos/asl/startasl/mp4/baseball-player.mp4
ballpoint, https://media.signbsl.com/videos/asl/youtube/mp4/DSlkNA9lk5c.mp4
ballpoint pen, https://media.signbsl.com/videos/asl/youtube/mp4/DSlkNA9lk5c.mp4
ballroom, https://media.signbsl.com/videos/asl/aslsearch/mp4/ballroom.mp4
balls, https://media.signbsl.com/videos/asl/startasl/mp4/ball.mp4
ballsier, https://media.signbsl.com/videos/asl/youtube/mp4/ZdhXhQkSp9E.mp4
ball spinning in air, https://media.signbsl.com/videos/asl/youtube/mp4/p8JbrrMi_1I.mp4
ball up, https://media.signbsl.com/videos/asl/aslsignbank/mp4/FUCK-UP-2905.mp4
ballyhoo, https://media.signbsl.com/videos/asl/youtube/mp4/TvhOSg9vPM0.mp4
ballyrag, https://media.signbsl.com/videos/asl/youtube/mp4/lH-pq5r7XSU.mp4
balm, https://media.signbsl.com/videos/asl/youtube/mp4/EHb-jCXCfHk.mp4
balmier, https://media.signbsl.com/videos/asl/youtube/mp4/shkLDgr6Wqw.mp4
balmily, https://media.signbsl.com/videos/asl/youtube/mp4/YAy2iV0JQBc.mp4
balminess, https://media.signbsl.com/videos/asl/youtube/mp4/3BprXXzZM1A.mp4
balmy, https://media.signbsl.com/videos/asl/startasl/mp4/nuts.mp4
baloney, https://media.signbsl.com/videos/asl/youtube/mp4/yuyD1dkz7mQ.mp4
balsam, https://media.signbsl.com/videos/asl/youtube/mp4/PtzcRj2t5pw.mp4
balsted, https://media.signbsl.com/videos/asl/youtube/mp4/Igy3YJeMhFM.mp4
Baltimore, https://media.signbsl.com/videos/asl/aslsignbank/mp4/BALTIMORE-3191.mp4
balusters, https://media.signbsl.com/videos/asl/youtube/mp4/O1PMbNtS2pY.mp4
balustrade, https://media.signbsl.com/videos/asl/youtube/mp4/O1PMbNtS2pY.mp4
bam, https://player.vimeo.com/external/392762599.sd.mp4?s=c255185dd2d9d2699ed726c4e905401aca72a97c&profile_id=164
bambino, https://player.vimeo.com/external/392522744.sd.mp4?s=b9bfea4984323904a8fbcafb9dba4aee8d0bc004&profile_id=164
bamboozle, https://media.signbsl.com/videos/asl/youtube/mp4/mH1TGcWaZIM.mp4
ban, https://media.signbsl.com/videos/asl/signlanguagestudent/mp4/cast%20out.mp4
banal, https://media.signbsl.com/videos/asl/youtube/mp4/cjU8h0LcN4M.mp4
banality, https://player.vimeo.com/external/395766615.sd.mp4?s=9b69fab9cb80ecd9ec05ab9af58453ba3575b39c&profile_id=164
banana, https://media.signbsl.com/videos/asl/startasl/mp4/banana.mp4
banana split, https://media.signbsl.com/videos/asl/youtube/mp4/jqxgDSkglQ4.mp4
band, https://media.signbsl.com/videos/asl/startasl/mp4/band.mp4
bandage, https://media.signbsl.com/videos/asl/aslsignbank/mp4/BANDAGE-2874.mp4
band aid, https://media.signbsl.com/videos/asl/aslsignbank/mp4/BANDAID-30.mp4
bandaid, https://media.signbsl.com/videos/asl/aslsignbank/mp4/BANDAID-30.mp4
bandeau, https://media.signbsl.com/videos/asl/youtube/mp4/fznTfSinkNM.mp4
bandha, https://player.vimeo.com/external/391192568.sd.mp4?s=6b201c17da5cc500153faa764fda20268e4ce67b&profile_id=164
bandied, https://media.signbsl.com/videos/asl/youtube/mp4/FwcAMxyWRCY.mp4
banding, https://media.signbsl.com/videos/asl/aslsearch/mp4/stripe.mp4
bandit, https://media.signbsl.com/videos/asl/youtube/mp4/_5refyrs6lc.mp4
bandleader, https://media.signbsl.com/videos/asl/youtube/mp4/jjD29yNwG2I.mp4
band together, https://media.signbsl.com/videos/asl/aslsignbank/mp4/GATHER-1510.mp4
bandwagon, https://media.signbsl.com/videos/asl/youtube/mp4/U4Nlgxazizo.mp4
bandwidth, https://media.signbsl.com/videos/asl/deaftec/mp4/927.mp4
bandy, https://media.signbsl.com/videos/asl/youtube/mp4/1nDPbGi89wM.mp4
bandy legged, https://media.signbsl.com/videos/asl/youtube/mp4/1nDPbGi89wM.mp4
bane, https://media.signbsl.com/videos/asl/youtube/mp4/blMo3kncXfg.mp4
bang, https://media.signbsl.com/videos/asl/aslbricks/mp4/bangs.mp4
banger, https://media.signbsl.com/videos/asl/aslsignbank/mp4/FIRECRACKER-755.mp4
banging your head against a brick wall, https://media.signbsl.com/videos/asl/youtube/mp4/KNVABytoBcc.mp4
bang into, https://media.signbsl.com/videos/asl/youtube/mp4/s7lWC8VbohI.mp4
Bangla Desh, https://media.signbsl.com/videos/asl/youtube/mp4/YUEsILL38p0.mp4
Bangladesh, https://media.signbsl.com/videos/asl/youtube/mp4/YUEsILL38p0.mp4
bangle, https://media.signbsl.com/videos/asl/startasl/mp4/bracelet.mp4
bangs, https://media.signbsl.com/videos/asl/aslbricks/mp4/bangs.mp4
bangtail, https://media.signbsl.com/videos/asl/youtube/mp4/kgbJIQyW8UQ.mp4
bang up, https://media.signbsl.com/videos/asl/aslsearch/mp4/great.mp4
banish, https://media.signbsl.com/videos/asl/signlanguagestudent/mp4/cast%20out.mp4
banister, https://media.signbsl.com/videos/asl/youtube/mp4/O1PMbNtS2pY.mp4
banjo, https://media.signbsl.com/videos/asl/youtube/mp4/fNe-6IAAN2A.mp4
bank, https://media.signbsl.com/videos/asl/aslsearch/mp4/bank.mp4
bankable, https://media.signbsl.com/videos/asl/youtube/mp4/M4Fv4FB7glI.mp4
bank bill, https://media.signbsl.com/videos/asl/aslsearch/mp4/bill.mp4
bank card, https://media.signbsl.com/videos/asl/youtube/mp4/Y9e9dhZ40LI.mp4
bank check, https://media.signbsl.com/videos/asl/aslsearch/mp4/check.mp4
bank deposit, https://media.signbsl.com/videos/asl/youtube/mp4/MinVGGoMna4.mp4
banker, https://media.signbsl.com/videos/asl/youtube/mp4/_veC7c4469E.mp4
bankers bill, https://media.signbsl.com/videos/asl/aslsearch/mp4/bill.mp4
bankers check, https://player.vimeo.com/external/392756997.sd.mp4?s=98d83650b940e490fe726dcaee1883935d598c96&profile_id=164
banking company, https://media.signbsl.com/videos/asl/youtube/mp4/YxlgxRkyOts.mp4
banking concern, https://media.signbsl.com/videos/asl/youtube/mp4/YxlgxRkyOts.mp4
bank note, https://media.signbsl.com/videos/asl/aslsearch/mp4/bill.mp4
banknote, https://media.signbsl.com/videos/asl/aslsearch/mp4/bill.mp4
bank on, https://media.signbsl.com/videos/asl/youtube/mp4/e2OWsEmja7w.mp4
bankroll, https://media.signbsl.com/videos/asl/youtube/mp4/jl_akT-oi5Y.mp4
bankrupt, https://media.signbsl.com/videos/asl/aslbricks/mp4/bankrupt.mp4
banner, https://media.signbsl.com/videos/asl/aslsignbank/mp4/DS-1935.mp4
bannister, https://media.signbsl.com/videos/asl/youtube/mp4/O1PMbNtS2pY.mp4
banquet, https://media.signbsl.com/videos/asl/aslsearch/mp4/banquet.mp4
banshee, https://media.signbsl.com/videos/asl/youtube/mp4/lIMIxrpu0RI.mp4
bantam, https://player.vimeo.com/external/392520787.sd.mp4?s=0b76cce8f13515bc4666a6742cbd71b118525152&profile_id=164
banter, https://media.signbsl.com/videos/asl/youtube/mp4/iGy1CAEGVj4.mp4
bantering, https://media.signbsl.com/videos/asl/youtube/mp4/BJX1DCUlSi8.mp4
banzai, https://media.signbsl.com/videos/asl/youtube/mp4/5IOI9ACq-Tc.mp4
baptise, https://media.signbsl.com/videos/asl/aslsearch/mp4/annunciation.mp4
baptiser, https://media.signbsl.com/videos/asl/youtube/mp4/2XIH2QcjHuU.mp4
baptism, https://media.signbsl.com/videos/asl/signlanguagestudent/mp4/baptism.mp4
Baptismal Covenant, https://media.signbsl.com/videos/asl/ids/mp4/2013-11-490-baptismal-covenant-1500k-ase.mp4
baptismal font, https://media.signbsl.com/videos/asl/ids/mp4/2013-11-460-baptismal-font-1500k-ase.mp4
Baptism Baptize, https://media.signbsl.com/videos/asl/ids/mp4/2013-11-450-baptism-baptize-1500k-ase.mp4
Baptism by Immersion, https://media.signbsl.com/videos/asl/ids/mp4/2013-11-470-baptism-by-immersion-1500k-ase.mp4
Baptism for the Dead, https://media.signbsl.com/videos/asl/ids/mp4/2013-11-480-baptism-for-the-dead-1500k-ase.mp4
baptism sprinke on baby, https://media.signbsl.com/videos/asl/signlanguagestudent/mp4/baptism%20(sprinke%20on%20baby).mp4
baptism sprinkle, https://media.signbsl.com/videos/asl/signlanguagestudent/mp4/baptism%20(sprinkle).mp4
Baptist, https://media.signbsl.com/videos/asl/valleybible/mp4/Baptist.mp4
baptisteries, https://media.signbsl.com/videos/asl/ids/mp4/2013-11-460-baptismal-font-1500k-ase.mp4
baptistery, https://media.signbsl.com/videos/asl/ids/mp4/2013-11-460-baptismal-font-1500k-ase.mp4
baptistry, https://media.signbsl.com/videos/asl/ids/mp4/2013-11-460-baptismal-font-1500k-ase.mp4
baptize, https://media.signbsl.com/videos/asl/signlanguagestudent/mp4/baptism.mp4
bar, https://media.signbsl.com/videos/asl/startasl/mp4/bar.mp4
Barbados, https://player.vimeo.com/external/391193096.sd.mp4?s=cde6df4c24b6ac038b93ca7bfa73a1845975e6fd&profile_id=164
barbarian, https://media.signbsl.com/videos/asl/youtube/mp4/bIEj6QFNWeQ.mp4
barbarianism, https://media.signbsl.com/videos/asl/youtube/mp4/i0EDbYfkq_w.mp4
barbaric, https://media.signbsl.com/videos/asl/youtube/mp4/BrvZFRjRisE.mp4
barbarous, https://media.signbsl.com/videos/asl/youtube/mp4/zon2lTFOOcE.mp4
barbate, https://media.signbsl.com/videos/asl/youtube/mp4/FyYnOUAzJJQ.mp4
barbecque, https://media.signbsl.com/videos/asl/aslsearch/mp4/barbecque.mp4
barbecue, https://media.signbsl.com/videos/asl/youtube/mp4/IGEYKRQz3kc.mp4
barbecue bbq, https://player.vimeo.com/external/391193131.sd.mp4?s=624b646d90e8c35cc40d6217fa276cc00a600ebe&profile_id=164
barbed wire, https://media.signbsl.com/videos/asl/youtube/mp4/iEzR36Img8E.mp4
barbell, https://media.signbsl.com/videos/asl/youtube/mp4/Fqonguwa8cs.mp4
barbeque, https://media.signbsl.com/videos/asl/mariekatzenbachschool/mp4/BBQ.mp4
barber, https://media.signbsl.com/videos/asl/aslsignbank/mp4/HAIRCUT-2359.mp4
barbershop, https://media.signbsl.com/videos/asl/youtube/mp4/9W0AgDbQzU4.mp4
bar billiards, https://media.signbsl.com/videos/asl/youtube/mp4/voJ9GsdayEs.mp4
barbiturate, https://media.signbsl.com/videos/asl/youtube/mp4/hYyiUGtkun4.mp4
Barcelona, https://player.vimeo.com/external/391193168.sd.mp4?s=dc92204b2126d7412bbce9cc90cca1f998200060&profile_id=164
bar chart, https://media.signbsl.com/videos/asl/tsdvideo/mp4/1172.mp4
bar code, https://media.signbsl.com/videos/asl/mariekatzenbachschool/mp4/bar%20code.mp4
bard, https://media.signbsl.com/videos/asl/youtube/mp4/IoQJPENCrGE.mp4
bare, https://media.signbsl.com/videos/asl/aslsignbank/mp4/BLANK-796.mp4
bare breasted, https://media.signbsl.com/videos/asl/youtube/mp4/yLn_6RQRivQ.mp4
bared, https://media.signbsl.com/videos/asl/youtube/mp4/AN-mDXybr98.mp4
barefaced, https://media.signbsl.com/videos/asl/youtube/mp4/i4uCkeBmTAk.mp4
barefoot, https://media.signbsl.com/videos/asl/youtube/mp4/4gd6BQMYB3s.mp4
barefooted, https://media.signbsl.com/videos/asl/youtube/mp4/4gd6BQMYB3s.mp4
barehanded, https://media.signbsl.com/videos/asl/youtube/mp4/s7qHOyiTxBA.mp4
bareheaded, https://media.signbsl.com/videos/asl/youtube/mp4/AN-mDXybr98.mp4
barelegged, https://media.signbsl.com/videos/asl/youtube/mp4/sDtIzm4Vi1U.mp4
barely, https://media.signbsl.com/videos/asl/aslsignbank/mp4/BARELY-650.mp4
barer, https://media.signbsl.com/videos/asl/youtube/mp4/ReBrMSfWADs.mp4
barf, https://media.signbsl.com/videos/asl/startasl/mp4/throw-up.mp4
bar flies, https://media.signbsl.com/videos/asl/youtube/mp4/F-UPu7GuETg.mp4
barflies, https://media.signbsl.com/videos/asl/youtube/mp4/F-UPu7GuETg.mp4
bar fly, https://media.signbsl.com/videos/asl/youtube/mp4/F-UPu7GuETg.mp4
bargain, https://media.signbsl.com/videos/asl/aslsearch/mp4/negotiate.mp4
bargain down, https://player.vimeo.com/external/392762716.sd.mp4?s=692e9776180fb3cdef341131fd26ab9b71eec897&profile_id=164
bargainer, https://player.vimeo.com/external/392528440.sd.mp4?s=cb3e1cedd3b9441af8dd6b8bb6def61dbcdb441c&profile_id=164
barge, https://media.signbsl.com/videos/asl/youtube/mp4/oMw68vRf_4s.mp4
bargee, https://media.signbsl.com/videos/asl/youtube/mp4/Ej-RQU5tYY4.mp4
barge in, https://player.vimeo.com/external/391213445.sd.mp4?s=ec08a8328e34f17bb14ef623900ddd399b787446&profile_id=164
bargeman, https://media.signbsl.com/videos/asl/youtube/mp4/Ej-RQU5tYY4.mp4
bar graph, https://media.signbsl.com/videos/asl/tsdvideo/mp4/1172.mp4
baring, https://media.signbsl.com/videos/asl/youtube/mp4/LKk10vhfovo.mp4
barista, https://media.signbsl.com/videos/asl/youtube/mp4/X1MEMxQ4D5Y.mp4
bark, https://media.signbsl.com/videos/asl/startasl/mp4/bark.mp4
bark covering, https://player.vimeo.com/external/391193348.sd.mp4?s=c7d8e028709f2b4c7855c1ad9a648259e712cc11&profile_id=164
barkeep, https://media.signbsl.com/videos/asl/youtube/mp4/bFxqyGUv8PY.mp4
barkeeper, https://media.signbsl.com/videos/asl/youtube/mp4/bFxqyGUv8PY.mp4
barker, https://media.signbsl.com/videos/asl/youtube/mp4/UDv_rqKV9f4.mp4
barmaid, https://media.signbsl.com/videos/asl/youtube/mp4/NKGl26--9ME.mp4
barman, https://media.signbsl.com/videos/asl/youtube/mp4/bFxqyGUv8PY.mp4
barmier, https://media.signbsl.com/videos/asl/youtube/mp4/H0B1uDgp5gQ.mp4
bar mitzvah, https://media.signbsl.com/videos/asl/youtube/mp4/pg7AD6foFbQ.mp4
barmy, https://media.signbsl.com/videos/asl/startasl/mp4/nuts.mp4
barn, https://media.signbsl.com/videos/asl/aslsearch/mp4/barn.mp4
barnabas, https://media.signbsl.com/videos/asl/valleybible/mp4/Barnabas.mp4
barnburner, https://media.signbsl.com/videos/asl/youtube/mp4/g3arl-ZayOE.mp4
barnstorm, https://media.signbsl.com/videos/asl/youtube/mp4/utFecvlYu84.mp4
barnstormer, https://media.signbsl.com/videos/asl/youtube/mp4/KoWSnj9uo1g.mp4
barnyard, https://media.signbsl.com/videos/asl/youtube/mp4/b_lahsHKP1I.mp4
barometer, https://media.signbsl.com/videos/asl/aslsearch/mp4/barometer.mp4
barometric, https://media.signbsl.com/videos/asl/youtube/mp4/0X1DIWpcxZ0.mp4
barometrical, https://media.signbsl.com/videos/asl/youtube/mp4/0X1DIWpcxZ0.mp4
Baron, https://media.signbsl.com/videos/asl/youtube/mp4/0P74ZKdfZzM.mp4
baroness, https://media.signbsl.com/videos/asl/youtube/mp4/wwIg5d5js64.mp4
baronial, https://player.vimeo.com/external/392383278.sd.mp4?s=ce7106dcd442594846b5e505fec4d50f15e321ca&profile_id=164
baroque, https://media.signbsl.com/videos/asl/youtube/mp4/NeiHhPdI8dY.mp4
bar pub, https://player.vimeo.com/external/391192958.sd.mp4?s=24a3850bff442ac546d99107dac1b0de1ad324e5&profile_id=164
barque, https://media.signbsl.com/videos/asl/youtube/mp4/7CWvwmRTyUY.mp4
barrack, https://media.signbsl.com/videos/asl/aslsearch/mp4/jeer.mp4
barrage, https://media.signbsl.com/videos/asl/youtube/mp4/D3xsqoimKEg.mp4
barred, https://media.signbsl.com/videos/asl/startasl/mp4/lock.mp4
barrel, https://media.signbsl.com/videos/asl/aslsearch/mp4/barrel.mp4
barrelful, https://media.signbsl.com/videos/asl/youtube/mp4/QGshNY-58Yw.mp4
barrel into, https://media.signbsl.com/videos/asl/youtube/mp4/wo4wyfxVHto.mp4
barren, https://media.signbsl.com/videos/asl/youtube/mp4/quigGwNq8Dk.mp4
barrener, https://media.signbsl.com/videos/asl/youtube/mp4/vUE-GmhdUkM.mp4
barren time period, https://media.signbsl.com/videos/asl/youtube/mp4/dVQIecbpjaU.mp4
barrette, https://media.signbsl.com/videos/asl/youtube/mp4/LEecy8kxDSQ.mp4
barricade, https://media.signbsl.com/videos/asl/youtube/mp4/FgtwGY5g6BY.mp4
barrier, https://media.signbsl.com/videos/asl/aslsignbank/mp4/FENCE-631.mp4
barring, https://media.signbsl.com/videos/asl/youtube/mp4/U4ef0z_Mfmo.mp4
barrio, https://media.signbsl.com/videos/asl/youtube/mp4/-fKaNp2NT5Q.mp4
bar rod, https://player.vimeo.com/external/391193026.sd.mp4?s=586eb30978a0bf8492fbfe3317c196dc9dbd56fc&profile_id=164
barroom, https://media.signbsl.com/videos/asl/startasl/mp4/bar.mp4
barrow, https://media.signbsl.com/videos/asl/aslsearch/mp4/wheelbarrow.mp4
bars, https://media.signbsl.com/videos/asl/aslsignbank/mp4/PRISON-2146.mp4
bar sinister, https://media.signbsl.com/videos/asl/youtube/mp4/DLeX1GnLbBE.mp4
bartender, https://media.signbsl.com/videos/asl/youtube/mp4/bFxqyGUv8PY.mp4
barter, https://media.signbsl.com/videos/asl/aslsearch/mp4/barter.mp4
barterer, https://media.signbsl.com/videos/asl/youtube/mp4/NtdTFhDNnxg.mp4
Baruch de Spinoza, https://media.signbsl.com/videos/asl/philosophy/mp4/Spinoza-HD.mp4
basal, https://media.signbsl.com/videos/asl/youtube/mp4/4mu7N_2WoM0.mp4
basaltic, https://media.signbsl.com/videos/asl/youtube/mp4/7aEXgCAIVXk.mp4
base, https://media.signbsl.com/videos/asl/aslsignbank/mp4/BASIC-2092.mp4
base angles of an isoceles triangle, https://media.signbsl.com/videos/asl/youtube/mp4/4aIb820I-Tc.mp4
base angles of a trapezoid, https://media.signbsl.com/videos/asl/youtube/mp4/LyCBrIDRsIY.mp4
base area, https://media.signbsl.com/videos/asl/tsdvideo/mp4/323.mp4
baseball, https://media.signbsl.com/videos/asl/startasl/mp4/ball.mp4
baseball diamond, https://media.signbsl.com/videos/asl/youtube/mp4/tg2-gGbjWPk.mp4
baseball field, https://media.signbsl.com/videos/asl/aslsearch/mp4/baseball-field.mp4
baseball game, https://media.signbsl.com/videos/asl/startasl/mp4/ball.mp4
baseball glove, https://player.vimeo.com/external/391193663.sd.mp4?s=de675c96b5f7d21cb318d64a9bc2b9b56188bcc0&profile_id=164
baseball hat, https://player.vimeo.com/external/392647837.sd.mp4?s=e65a0f2631bcd2c9270705e90a4e1cbe510de9cf&profile_id=164
baseball mitt, https://player.vimeo.com/external/391193663.sd.mp4?s=de675c96b5f7d21cb318d64a9bc2b9b56188bcc0&profile_id=164
baseball player, https://media.signbsl.com/videos/asl/startasl/mp4/baseball-player.mp4
baseball stadium, https://media.signbsl.com/videos/asl/aslsearch/mp4/baseball-stadium.mp4
baseboard, https://media.signbsl.com/videos/asl/youtube/mp4/tC00l9N3geI.mp4
baseborn, https://media.signbsl.com/videos/asl/youtube/mp4/vigAb83KMTI.mp4
based on, https://media.signbsl.com/videos/asl/aslsignbank/mp4/DEPEND-1241.mp4
base e, https://media.signbsl.com/videos/asl/tsdvideo/mp4/1464.mp4
baseless, https://media.signbsl.com/videos/asl/youtube/mp4/UYmLAlw0F0E.mp4
baseline, https://media.signbsl.com/videos/asl/youtube/mp4/PpxJULeeRpU.mp4
baseman, https://media.signbsl.com/videos/asl/youtube/mp4/gL3dQE34sHs.mp4
basement, https://media.signbsl.com/videos/asl/startasl/mp4/basement.mp4
base of an isosceles triangle, https://media.signbsl.com/videos/asl/youtube/mp4/JIFbnavf-SY.mp4
base of a three dimensional figure, https://media.signbsl.com/videos/asl/youtube/mp4/eeKomNQhcZ4.mp4
base on, https://player.vimeo.com/external/391193516.sd.mp4?s=462180a22bc075b8707183d4f0c22937fc5519f9&profile_id=164
base on balls, https://media.signbsl.com/videos/asl/youtube/mp4/QV6lCzSM35k.mp4
baser, https://media.signbsl.com/videos/asl/youtube/mp4/mFD9knwAeFQ.mp4
bases of a trapezoid, https://media.signbsl.com/videos/asl/youtube/mp4/pG1EqFTzQ0U.mp4
bash, https://media.signbsl.com/videos/asl/youtube/mp4/eVLlhJr0WsA.mp4
bashful, https://media.signbsl.com/videos/asl/aslsignbank/mp4/SHY-1046.mp4
basic, https://media.signbsl.com/videos/asl/signlanguagestudent/mp4/basic.mp4
basic principle, https://media.signbsl.com/videos/asl/youtube/mp4/K3I71szEp3k.mp4
basics, https://media.signbsl.com/videos/asl/youtube/mp4/K3I71szEp3k.mp4
basic unit, https://media.signbsl.com/videos/asl/youtube/mp4/1rcJvGm6vDM.mp4
basidium, https://media.signbsl.com/videos/asl/youtube/mp4/F6MEvPEdTyE.mp4
basify, https://media.signbsl.com/videos/asl/youtube/mp4/5oN42fTev_M.mp4
basin, https://media.signbsl.com/videos/asl/youtube/mp4/V0LgM7Ci4Co.mp4
basinful, https://media.signbsl.com/videos/asl/youtube/mp4/MSVwoaz6j3o.mp4
bask, https://media.signbsl.com/videos/asl/startasl/mp4/enjoy.mp4
basket, https://media.signbsl.com/videos/asl/aslsignbank/mp4/TRASH-2107.mp4
basketball, https://media.signbsl.com/videos/asl/startasl/mp4/basketball.mp4
basketball court, https://media.signbsl.com/videos/asl/aslsearch/mp4/basketball-court.mp4
basketball game, https://media.signbsl.com/videos/asl/startasl/mp4/basketball.mp4
basketball stadium, https://media.signbsl.com/videos/asl/aslsearch/mp4/basketball-stadium.mp4
basketful, https://media.signbsl.com/videos/asl/youtube/mp4/EaAGTlWFlU4.mp4
basketry, https://media.signbsl.com/videos/asl/youtube/mp4/3FadzWRvjDU.mp4
basking, https://player.vimeo.com/external/391194040.sd.mp4?s=e033bf2ff0e378e8a27b4bf75e83d551b9403d67&profile_id=164
bass, https://media.signbsl.com/videos/asl/startasl/mp4/bass.mp4
basset, https://media.signbsl.com/videos/asl/youtube/mp4/SRpAtKFrWSQ.mp4
basset hound, https://media.signbsl.com/videos/asl/youtube/mp4/SRpAtKFrWSQ.mp4
bassinet, https://media.signbsl.com/videos/asl/youtube/mp4/ucmys0YD6vM.mp4
bassoon, https://media.signbsl.com/videos/asl/youtube/mp4/aw0tUGJhNX8.mp4
bast, https://media.signbsl.com/videos/asl/deaftec/mp4/1412.mp4
bastard, https://media.signbsl.com/videos/asl/aslsearch/mp4/asshole.mp4
bastardisation, https://media.signbsl.com/videos/asl/youtube/mp4/uOO80UEc9mY.mp4
bastardization, https://media.signbsl.com/videos/asl/youtube/mp4/uOO80UEc9mY.mp4
bastardy, https://media.signbsl.com/videos/asl/youtube/mp4/DLeX1GnLbBE.mp4
baste, https://media.signbsl.com/videos/asl/youtube/mp4/GKCGlrVtltA.mp4
bastion, https://media.signbsl.com/videos/asl/youtube/mp4/M35TZCcpiok.mp4
bastioned, https://media.signbsl.com/videos/asl/youtube/mp4/FpH4xYEYogg.mp4
Basutoland, https://media.signbsl.com/videos/asl/aslsignbank/mp4/LESOTHO-3480.mp4
bat, https://media.signbsl.com/videos/asl/aslsignbank/mp4/VAMPIRE-1371.mp4
batboy, NA
batch, https://media.signbsl.com/videos/asl/aslsearch/mp4/lot.mp4
bate, https://media.signbsl.com/videos/asl/youtube/mp4/AfweLWuJ-kM.mp4
bath, https://media.signbsl.com/videos/asl/startasl/mp4/bath.mp4
bathe, https://media.signbsl.com/videos/asl/aslsignbank/mp4/SHOWER-340.mp4
bather, https://media.signbsl.com/videos/asl/youtube/mp4/wMsV-JLpdFM.mp4
bathhouse, https://media.signbsl.com/videos/asl/youtube/mp4/HPN2bNhYQf0.mp4
bathing costume, https://media.signbsl.com/videos/asl/aslsignbank/mp4/BRA-2449.mp4
bathing suit, https://media.signbsl.com/videos/asl/aslsignbank/mp4/BRA-2449.mp4
bathing tub, https://media.signbsl.com/videos/asl/startasl/mp4/bathtub.mp4
bathrobe, https://media.signbsl.com/videos/asl/aslsearch/mp4/bathrobe.mp4
bathroom, https://media.signbsl.com/videos/asl/startasl/mp4/bathroom.mp4
bathroom tissue, https://media.signbsl.com/videos/asl/aslsearch/mp4/toilet-paper.mp4
bath time, https://media.signbsl.com/videos/asl/youtube/mp4/Uy3s8nQCnDc.mp4
bathtub, https://media.signbsl.com/videos/asl/startasl/mp4/bathtub.mp4
bathwater, NA
batman, https://player.vimeo.com/external/391196719.sd.mp4?s=0f74a6f438845e8109d923a860656f97f3007e41&profile_id=164
bat mitsvahs, https://media.signbsl.com/videos/asl/youtube/mp4/PIWv_e2Bjqc.mp4
baton, https://media.signbsl.com/videos/asl/youtube/mp4/Tvy7bRg-O5I.mp4
batons, https://media.signbsl.com/videos/asl/youtube/mp4/Tvy7bRg-O5I.mp4
batrachian, https://media.signbsl.com/videos/asl/aslsignbank/mp4/FROG-137.mp4
bats, https://media.signbsl.com/videos/asl/startasl/mp4/nuts.mp4
bats in the belfry, https://media.signbsl.com/videos/asl/youtube/mp4/4N_iR8vUtzM.mp4
batsman, https://media.signbsl.com/videos/asl/youtube/mp4/9FPSYnEyXDE.mp4
battalion, https://media.signbsl.com/videos/asl/youtube/mp4/SWYh9EVaNzI.mp4
batten, https://media.signbsl.com/videos/asl/youtube/mp4/hdgQX5AbqvU.mp4
batter, https://media.signbsl.com/videos/asl/youtube/mp4/9FPSYnEyXDE.mp4
battercake, https://media.signbsl.com/videos/asl/youtube/mp4/JYixqJW5ISo.mp4
battered, https://media.signbsl.com/videos/asl/aslsearch/mp4/beat-up.mp4
batteries, https://media.signbsl.com/videos/asl/aslsignbank/mp4/BATTERY-345.mp4
battery, https://media.signbsl.com/videos/asl/aslsignbank/mp4/BATTERY-345.mp4
battery cells, https://media.signbsl.com/videos/asl/AustinCommunityCollege/mp4/auto_battery_cells_.mp4
battery charger, https://media.signbsl.com/videos/asl/youtube/mp4/ZpjyJmiukzo.mp4
battery terminals, https://media.signbsl.com/videos/asl/AustinCommunityCollege/mp4/auto_battery_terminal_.mp4
battle, https://media.signbsl.com/videos/asl/aslsignbank/mp4/STRUGGLE-1135.mp4
Battle Born State, https://media.signbsl.com/videos/asl/youtube/mp4/7JLD6K9ygWc.mp4
battle cry, https://media.signbsl.com/videos/asl/youtube/mp4/r46exFPqLBs.mp4
battledress, NA
battlefield, https://media.signbsl.com/videos/asl/youtube/mp4/BcH6iTYBgxQ.mp4
battlefront, https://media.signbsl.com/videos/asl/youtube/mp4/p08AgFBgdM8.mp4
battleful, https://media.signbsl.com/videos/asl/youtube/mp4/dRTW-YZZMvI.mp4
battleground, https://media.signbsl.com/videos/asl/youtube/mp4/BcH6iTYBgxQ.mp4
battle on fight on, https://media.signbsl.com/videos/asl/youtube/mp4/G-Mg1-1G3Q0.mp4
battler, https://media.signbsl.com/videos/asl/youtube/mp4/Ik1oSOrGUBE.mp4
battle royal, https://media.signbsl.com/videos/asl/youtube/mp4/SRp5zgeU56M.mp4
battle royale, https://media.signbsl.com/videos/asl/youtube/mp4/dQddenfYBfQ.mp4
battle struggle, https://player.vimeo.com/external/391196817.sd.mp4?s=9c9eda9deaa6cb44cc7efa439f102c29d91f0372&profile_id=164
battle war, https://player.vimeo.com/external/391196868.sd.mp4?s=99f7acb771aee171dc1d9758764803f2c4fba88e&profile_id=164
battue, https://player.vimeo.com/external/391206213.sd.mp4?s=f56b95c8c1cd4a15cfe073a881e11608436f32c3&profile_id=164
batty, https://media.signbsl.com/videos/asl/startasl/mp4/nuts.mp4
bauble, https://media.signbsl.com/videos/asl/youtube/mp4/8c3y_SC0J4Y.mp4
baulk, https://player.vimeo.com/external/392762506.sd.mp4?s=84450bf679914082b35e0547f770692e11c8dcbc&profile_id=164
bawd, https://media.signbsl.com/videos/asl/aslsearch/mp4/whore.mp4
bawdier, https://media.signbsl.com/videos/asl/youtube/mp4/FI4vbKexa5o.mp4
bawdy, https://media.signbsl.com/videos/asl/youtube/mp4/-T1-W7apqts.mp4
bawdyhouse, https://media.signbsl.com/videos/asl/youtube/mp4/B0glyhW8QwI.mp4
bawl, https://media.signbsl.com/videos/asl/aslsignbank/mp4/BAWL-597.mp4
bawl cry, https://player.vimeo.com/external/391196941.sd.mp4?s=044e89554382c2c3f27165e1143dd2eb517073a5&profile_id=164
bawler, https://media.signbsl.com/videos/asl/youtube/mp4/6ATWKRpUk0M.mp4
bawling out, https://media.signbsl.com/videos/asl/youtube/mp4/JtJroY6PzhY.mp4
bawl out, https://media.signbsl.com/videos/asl/startasl/mp4/yell.mp4
bay, https://media.signbsl.com/videos/asl/youtube/mp4/XLCEDAme5pc.mp4
Bayer, https://media.signbsl.com/videos/asl/startasl/mp4/aspirin.mp4
bay lynx, https://player.vimeo.com/external/391206835.sd.mp4?s=c234279db963411c9cf9017f8b1b5922bbcd8448&profile_id=164
bayonet, https://media.signbsl.com/videos/asl/youtube/mp4/szgFaWy9QaE.mp4
bayou, https://media.signbsl.com/videos/asl/youtube/mp4/D0qZUnQN38Y.mp4
Bay State, https://media.signbsl.com/videos/asl/youtube/mp4/eRzu_o4Fyyc.mp4
Bayt Lahm, https://media.signbsl.com/videos/asl/signlanguagestudent/mp4/Bethlehem.mp4
bazaar, https://media.signbsl.com/videos/asl/youtube/mp4/f88H5zzAmNw.mp4
bazar, https://media.signbsl.com/videos/asl/youtube/mp4/f88H5zzAmNw.mp4
bazooka, https://media.signbsl.com/videos/asl/youtube/mp4/GqjlzG418Xs.mp4
BB, https://media.signbsl.com/videos/asl/aslsearch/mp4/bb.mp4
bbq, https://media.signbsl.com/videos/asl/mariekatzenbachschool/mp4/BBQ.mp4
BB shot, https://media.signbsl.com/videos/asl/aslsearch/mp4/bb.mp4
be, https://media.signbsl.com/videos/asl/aslsignbank/mp4/BECOME-2100.mp4
beach, https://media.signbsl.com/videos/asl/aslsignbank/mp4/BEACH-698.mp4
beachcomber, https://media.signbsl.com/videos/asl/youtube/mp4/VBda_JKXQZo.mp4
beacheads, https://media.signbsl.com/videos/asl/youtube/mp4/NxMNnTxTHJ0.mp4
beachfront, https://media.signbsl.com/videos/asl/youtube/mp4/xhNPLcMphUQ.mp4
beachhead, https://media.signbsl.com/videos/asl/youtube/mp4/ypATrwfU-6o.mp4
beachwear, https://media.signbsl.com/videos/asl/youtube/mp4/tmzGG6BOmog.mp4
beacon, https://media.signbsl.com/videos/asl/aslsignbank/mp4/LIGHT-SHINE-1648.mp4
beacon light, https://media.signbsl.com/videos/asl/aslsignbank/mp4/LIGHT-SHINE-1648.mp4
bead, https://media.signbsl.com/videos/asl/AustinCommunityCollege/mp4/weld_bead_.mp4
beaded, https://media.signbsl.com/videos/asl/youtube/mp4/Y91trde2-Sw.mp4
beadier, https://media.signbsl.com/videos/asl/youtube/mp4/53MAA38aYiQ.mp4
beading, https://media.signbsl.com/videos/asl/AustinCommunityCollege/mp4/weld_bead_.mp4
beadlike, https://media.signbsl.com/videos/asl/youtube/mp4/6Cg7HPyiPZY.mp4
be adrift, https://media.signbsl.com/videos/asl/aslsignbank/mp4/BLOW-UP-43.mp4
beadwork, https://media.signbsl.com/videos/asl/AustinCommunityCollege/mp4/weld_bead_.mp4
beady, https://media.signbsl.com/videos/asl/youtube/mp4/6Cg7HPyiPZY.mp4
beak, https://media.signbsl.com/videos/asl/aslsearch/mp4/beak.mp4
beak bird, https://player.vimeo.com/external/391197071.sd.mp4?s=62d25b13ef6d04fa7569ec42aab0578ad2bbd668&profile_id=164
beaker, https://media.signbsl.com/videos/asl/elementalaslconcepts/mp4/beaker.mp4
be along, https://media.signbsl.com/videos/asl/youtube/mp4/gRFIqcbp67M.mp4
beam, https://media.signbsl.com/videos/asl/tsdvideo/mp4/1228.mp4
be amiss, https://media.signbsl.com/videos/asl/youtube/mp4/CaNT7Wliyis.mp4
beam of light, https://media.signbsl.com/videos/asl/tsdvideo/mp4/1228.mp4
bean, https://media.signbsl.com/videos/asl/aslsearch/mp4/bean.mp4
beano, https://player.vimeo.com/external/391201964.sd.mp4?s=e6dcc1b802d154a49917983a6e32dcab1d50b712&profile_id=164
beans, https://media.signbsl.com/videos/asl/aslsearch/mp4/bean.mp4
beanstalk, https://media.signbsl.com/videos/asl/youtube/mp4/PjDHGAidugU.mp4
Bean Town, https://media.signbsl.com/videos/asl/aslsignbank/mp4/BOSTON-2127.mp4
Beantown, https://media.signbsl.com/videos/asl/aslsignbank/mp4/BOSTON-2127.mp4
bear, https://media.signbsl.com/videos/asl/startasl/mp4/bear.mp4
bearable, https://media.signbsl.com/videos/asl/youtube/mp4/gCqHQ55O9Xc.mp4
beard, https://media.signbsl.com/videos/asl/startasl/mp4/beard.mp4
bearded, https://media.signbsl.com/videos/asl/youtube/mp4/FyYnOUAzJJQ.mp4
beardless, https://media.signbsl.com/videos/asl/youtube/mp4/qqdQmEkB5DQ.mp4
bear down, https://media.signbsl.com/videos/asl/youtube/mp4/biYxPxeljKY.mp4
bear down on, https://media.signbsl.com/videos/asl/youtube/mp4/8BZas-0TdY8.mp4
bear down upon, https://media.signbsl.com/videos/asl/youtube/mp4/8BZas-0TdY8.mp4
be a regular, https://media.signbsl.com/videos/asl/aslsignbank/mp4/SINGLE-OUT-1069.mp4
bearer, https://media.signbsl.com/videos/asl/youtube/mp4/oi09kc1RIAw.mp4
bearing, https://media.signbsl.com/videos/asl/AustinCommunityCollege/mp4/auto_bearing_.mp4
bearing false witness, https://media.signbsl.com/videos/asl/unoclimb/mp4/w-1M8nrvpSQ.mp4
bearish, https://media.signbsl.com/videos/asl/youtube/mp4/Nw8KsCrHUoE.mp4
bear off to, https://media.signbsl.com/videos/asl/youtube/mp4/pge3Jt8E9LE.mp4
be a role or profession, https://media.signbsl.com/videos/asl/aslsearch/mp4/also2.mp4
bear on, https://media.signbsl.com/videos/asl/aslsearch/mp4/affect.mp4
bearskin, https://media.signbsl.com/videos/asl/youtube/mp4/lQBdHE2gWcc.mp4
bear the load, https://media.signbsl.com/videos/asl/aslsignbank/mp4/CARRY-69.mp4
bear upon, https://media.signbsl.com/videos/asl/aslsearch/mp4/affect.mp4
bear witness, https://media.signbsl.com/videos/asl/ids/mp4/2013-11-4890-testify-1500k-ase.mp4
beast, https://media.signbsl.com/videos/asl/startasl/mp4/animal.mp4
beastialized, https://media.signbsl.com/videos/asl/youtube/mp4/kEfsWA7I0CM.mp4
beastliness, https://media.signbsl.com/videos/asl/youtube/mp4/jHox-ko5Ja0.mp4
beat, https://media.signbsl.com/videos/asl/aslsignbank/mp4/BEAT-2099.mp4
beatable, https://media.signbsl.com/videos/asl/youtube/mp4/MLwFrWC7EiU.mp4
beat a hasty exit, https://media.signbsl.com/videos/asl/youtube/mp4/3BJZwt8RsFU.mp4
beat around the bush, https://player.vimeo.com/external/391197298.sd.mp4?s=522664f387ec446f6838dee858a7a7d855f8f5d4&profile_id=164
beat at, https://media.signbsl.com/videos/asl/youtube/mp4/g65SbZmZ3uk.mp4
beat back, https://player.vimeo.com/external/392438263.sd.mp4?s=d3d496c5e8d33f064bce52fdc0aefcdef8280bdb&profile_id=164
beat defeat, https://player.vimeo.com/external/391197383.sd.mp4?s=033ebea36b0fa4696b7e9bd3d343751b823b89b6&profile_id=164
beat down, https://player.vimeo.com/external/392762716.sd.mp4?s=692e9776180fb3cdef341131fd26ab9b71eec897&profile_id=164
beaten up, https://media.signbsl.com/videos/asl/aslsearch/mp4/beat-up.mp4
beater, https://media.signbsl.com/videos/asl/youtube/mp4/PfdDtG0TnYw.mp4
beatflog a dead horse, https://media.signbsl.com/videos/asl/youtube/mp4/64jSlPGNABQ.mp4
beatific, https://media.signbsl.com/videos/asl/youtube/mp4/aFzyNO8h2DU.mp4
beatification, https://media.signbsl.com/videos/asl/youtube/mp4/2T_raDpk6O0.mp4
beating a dead horse, https://media.signbsl.com/videos/asl/youtube/mp4/avOno1cLO4k.mp4
beating reed instrument, https://media.signbsl.com/videos/asl/youtube/mp4/soViOXxtsjI.mp4
beatitude, https://media.signbsl.com/videos/asl/youtube/mp4/2T_raDpk6O0.mp4
beat mix, https://player.vimeo.com/external/391197411.sd.mp4?s=e0f36d33537c7e71e1eb55d23ff8f298f1a5127c&profile_id=164
beat out, https://media.signbsl.com/videos/asl/aslsignbank/mp4/BEAT-2099.mp4
beats me, https://player.vimeo.com/external/391197541.sd.mp4?s=d0d6f6fa86c3d26a86c915d81037fe1e36753076&profile_id=164
beat sound, https://player.vimeo.com/external/391197464.sd.mp4?s=4cd95e6c864c01312cd18795e720e7dbe85201ec&profile_id=164
beat strike, https://player.vimeo.com/external/391197505.sd.mp4?s=952a5477dc0009283d80a927c3d1554c6308a708&profile_id=164
beat they beat you, https://player.vimeo.com/external/392647916.sd.mp4?s=f0f93bca3d7222fd53120bc6f856070bbef8a431&profile_id=164
beat up, https://player.vimeo.com/external/391197344.sd.mp4?s=1126f00cd0a8f2981422e5259bc6c4d71b5bb4aa&profile_id=164
beat you beat them, https://player.vimeo.com/external/392647945.sd.mp4?s=721040649c52fb342a19f69fb2cc8f38b5ccbbfe&profile_id=164
beau, https://media.signbsl.com/videos/asl/startasl/mp4/boyfriend.mp4
beau ideal, https://media.signbsl.com/videos/asl/youtube/mp4/SaEolRnY4XQ.mp4
beaut, https://media.signbsl.com/videos/asl/youtube/mp4/ImiUMVvvxaM.mp4
beauteousness, https://media.signbsl.com/videos/asl/youtube/mp4/I5ox7HypFNc.mp4
beautician, https://media.signbsl.com/videos/asl/youtube/mp4/WH0W_iHw2CQ.mp4
beautification, https://media.signbsl.com/videos/asl/youtube/mp4/jDtkBJAv2W8.mp4
beautiful, https://media.signbsl.com/videos/asl/startasl/mp4/beautiful.mp4
beautify, https://media.signbsl.com/videos/asl/aslsignbank/mp4/DECORATE-1227.mp4
beauty, https://media.signbsl.com/videos/asl/startasl/mp4/sweetheart.mp4
beauty is in the eye of the beholder, https://media.signbsl.com/videos/asl/youtube/mp4/MtETBFssc48.mp4
beaver, https://media.signbsl.com/videos/asl/aslsearch/mp4/beaver.mp4
Beaver State, https://media.signbsl.com/videos/asl/youtube/mp4/zwT9-O3UiB4.mp4
bebop, https://media.signbsl.com/videos/asl/youtube/mp4/KmsI5dPVw5c.mp4
be called, https://media.signbsl.com/videos/asl/aslsignbank/mp4/TO-NAME-1245.mp4
becalm, https://media.signbsl.com/videos/asl/youtube/mp4/adtdbSqCTBs.mp4
became, https://media.signbsl.com/videos/asl/signlanguagestudent/mp4/became.mp4
be careful, https://media.signbsl.com/videos/asl/aslsignbank/mp4/CAREFUL-2160.mp4
because, https://media.signbsl.com/videos/asl/aslsignbank/mp4/FOR-135.mp4
bechance, https://media.signbsl.com/videos/asl/aslsearch/mp4/happen2.mp4
becharm, https://media.signbsl.com/videos/asl/youtube/mp4/KrajIeulzQo.mp4
be cheerful, https://media.signbsl.com/videos/asl/aslsignbank/mp4/FRIENDLY-2162.mp4
beck, https://media.signbsl.com/videos/asl/youtube/mp4/y7fZjVWSt-4.mp4
beckon, https://media.signbsl.com/videos/asl/aslsignbank/mp4/E(beckon)-1910.mp4
becloud, https://media.signbsl.com/videos/asl/youtube/mp4/Z761FZiVb2c.mp4
become, https://media.signbsl.com/videos/asl/signlanguagestudent/mp4/become.mp4
become quiet, https://media.signbsl.com/videos/asl/youtube/mp4/m80Df9eOmg4.mp4
becoming, https://media.signbsl.com/videos/asl/philosophy/mp4/Becoming-HD.mp4
bed, https://media.signbsl.com/videos/asl/startasl/mp4/bed.mp4
bedamn, https://media.signbsl.com/videos/asl/valleybible/mp4/curse.mp4
bedaub, https://media.signbsl.com/videos/asl/youtube/mp4/HrtmJTsUdbc.mp4
bedazzle, https://media.signbsl.com/videos/asl/youtube/mp4/59GHEiC_LN4.mp4
bed bug, https://media.signbsl.com/videos/asl/youtube/mp4/U-B87an-HzY.mp4
bedbug, https://media.signbsl.com/videos/asl/youtube/mp4/U-B87an-HzY.mp4
bedchamber, https://media.signbsl.com/videos/asl/startasl/mp4/bedroom.mp4
bedclothes, https://media.signbsl.com/videos/asl/youtube/mp4/I2FPyhUif8E.mp4
bed clothing, https://media.signbsl.com/videos/asl/youtube/mp4/I2FPyhUif8E.mp4
bed cover, https://media.signbsl.com/videos/asl/startasl/mp4/bedspread.mp4
bedcover, https://media.signbsl.com/videos/asl/startasl/mp4/bedspread.mp4
bed covering, https://media.signbsl.com/videos/asl/startasl/mp4/bedspread.mp4
bedding, https://media.signbsl.com/videos/asl/youtube/mp4/I2FPyhUif8E.mp4
bedevil, https://media.signbsl.com/videos/asl/aslsearch/mp4/confuse.mp4
bedfast, https://player.vimeo.com/external/391197916.sd.mp4?s=9ca455aaa1b194eb6321f09f2949afe81c3e6242&profile_id=164
bedfellow, https://media.signbsl.com/videos/asl/youtube/mp4/ikmjqFS4xpE.mp4
bedhead, https://media.signbsl.com/videos/asl/youtube/mp4/j-ErvaiOKBI.mp4
bedim, https://media.signbsl.com/videos/asl/youtube/mp4/FaB52Zrh-Xg.mp4
bedizen, https://media.signbsl.com/videos/asl/youtube/mp4/MtmV4aH0FDU.mp4
bedlam, https://media.signbsl.com/videos/asl/aslsignbank/mp4/MESS-1616.mp4
bed of flowers, https://media.signbsl.com/videos/asl/aslsearch/mp4/flower-bed.mp4
Bedouin, https://media.signbsl.com/videos/asl/youtube/mp4/RscxJnFntJU.mp4
bedraggle, https://media.signbsl.com/videos/asl/youtube/mp4/HnEZPoKWVOY.mp4
bedraggled, https://media.signbsl.com/videos/asl/youtube/mp4/rq2xbImkdiE.mp4
bed rest, https://media.signbsl.com/videos/asl/startasl/mp4/bed-rest.mp4
bedrest, https://media.signbsl.com/videos/asl/startasl/mp4/bed-rest.mp4
bedrid, https://player.vimeo.com/external/391197916.sd.mp4?s=9ca455aaa1b194eb6321f09f2949afe81c3e6242&profile_id=164
bedridden, https://player.vimeo.com/external/391197916.sd.mp4?s=9ca455aaa1b194eb6321f09f2949afe81c3e6242&profile_id=164
bedrock, https://media.signbsl.com/videos/asl/youtube/mp4/K3I71szEp3k.mp4
bedroom, https://media.signbsl.com/videos/asl/startasl/mp4/bedroom.mp4
bedside, https://media.signbsl.com/videos/asl/youtube/mp4/KohGQFpMXQE.mp4
bedspread, https://media.signbsl.com/videos/asl/startasl/mp4/bedspread.mp4
bedtime, https://media.signbsl.com/videos/asl/aslsearch/mp4/bedtime.mp4
Beduin, https://media.signbsl.com/videos/asl/youtube/mp4/RscxJnFntJU.mp4
bee, https://media.signbsl.com/videos/asl/aslsignbank/mp4/BEE-396.mp4
beef, https://media.signbsl.com/videos/asl/aslsearch/mp4/beef.mp4
beefburger, https://media.signbsl.com/videos/asl/aslsignbank/mp4/HAMBURGER-1844.mp4
beefcake, https://media.signbsl.com/videos/asl/youtube/mp4/8UHlVNyWQyA.mp4
beef cattle, https://media.signbsl.com/videos/asl/aslsearch/mp4/beef.mp4
beefier, https://media.signbsl.com/videos/asl/youtube/mp4/PUGDeuoAbPw.mp4
beefsteak, https://media.signbsl.com/videos/asl/youtube/mp4/dFR_SvHa8EY.mp4
beef up, https://media.signbsl.com/videos/asl/youtube/mp4/BX6rtOpUFDs.mp4
beefy, https://player.vimeo.com/external/391198104.sd.mp4?s=bcd89c5841a6f2529578850622922e5385751f05&profile_id=164
beehive, https://media.signbsl.com/videos/asl/youtube/mp4/bI3EToOYOXo.mp4
Beehive State, https://media.signbsl.com/videos/asl/youtube/mp4/WbH0QK0UrCo.mp4
beekeeper, https://media.signbsl.com/videos/asl/youtube/mp4/5ljyd7d9NpY.mp4
beeline, https://media.signbsl.com/videos/asl/youtube/mp4/Z9NbsT5HIPE.mp4
Beelzebub, https://media.signbsl.com/videos/asl/ids/mp4/2013-11-1270-devil-satan-advesrary-lucifer-1500k-ase.mp4
been, https://media.signbsl.com/videos/asl/aslsearch/mp4/been.mp4
been around, https://media.signbsl.com/videos/asl/youtube/mp4/Yab6nbgOKrg.mp4
been a while, https://player.vimeo.com/external/391198150.sd.mp4?s=12758ae4248ad726c4b9f73bb5c7300753424a02&profile_id=164
been to, https://player.vimeo.com/external/391198209.sd.mp4?s=37d387b8ec3726bd38a6490d6198c0dd154e3db5&profile_id=164
beep, https://media.signbsl.com/videos/asl/aslsignbank/mp4/FLASH-1483.mp4
be equal to, https://media.signbsl.com/videos/asl/aslsignbank/mp4/EQUAL-835.mp4
beer, https://media.signbsl.com/videos/asl/aslsearch/mp4/beer.mp4
beer bottle, https://media.signbsl.com/videos/asl/aslsearch/mp4/beer-bottle.mp4
beer can, https://media.signbsl.com/videos/asl/aslsearch/mp4/beer-can.mp4
beet, https://player.vimeo.com/external/392762771.sd.mp4?s=045ef3a6c515d519c196690a4619372bcede66a0&profile_id=164
beetle, https://media.signbsl.com/videos/asl/aslsearch/mp4/beetle.mp4
beetroot, https://player.vimeo.com/external/392762771.sd.mp4?s=045ef3a6c515d519c196690a4619372bcede66a0&profile_id=164
befall, https://media.signbsl.com/videos/asl/aslsearch/mp4/happen2.mp4
befit, https://media.signbsl.com/videos/asl/youtube/mp4/7G_dEnjC6-0.mp4
befog, https://media.signbsl.com/videos/asl/youtube/mp4/Z761FZiVb2c.mp4
befool, https://player.vimeo.com/external/392129831.sd.mp4?s=5e359d9d8b8db54394581346d05e92bf6c30a7a9&profile_id=164
before, https://media.signbsl.com/videos/asl/startasl/mp4/before.mp4
beforehand, https://player.vimeo.com/external/391200229.sd.mp4?s=5276c4fd55e8e2fd4b1273842bd11c344de7bcc4&profile_id=164
before in front of, https://media.signbsl.com/videos/asl/signlanguagestudent/mp4/before%20(in%20front%20of).mp4
before long, https://media.signbsl.com/videos/asl/aslsignbank/mp4/SOON-266.mp4
befoul, https://media.signbsl.com/videos/asl/youtube/mp4/Hga-IrXMnRU.mp4
befriend, https://media.signbsl.com/videos/asl/youtube/mp4/NB3jdT6-CRI.mp4
befuddle, https://media.signbsl.com/videos/asl/aslsearch/mp4/confuse.mp4
befuddled, https://media.signbsl.com/videos/asl/aslsignbank/mp4/CONFUSED-2320.mp4
befuddlement, https://media.signbsl.com/videos/asl/youtube/mp4/ZI1DNid_A4Y.mp4
beg, https://media.signbsl.com/videos/asl/aslsignbank/mp4/BEG-769.mp4
began, https://media.signbsl.com/videos/asl/signlanguagestudent/mp4/began.mp4
began with, https://media.signbsl.com/videos/asl/youtube/mp4/zTslKrh9kqw.mp4
begat, https://media.signbsl.com/videos/asl/youtube/mp4/EDE3V52EKMA.mp4
beget, https://media.signbsl.com/videos/asl/youtube/mp4/ZdipnLROb6s.mp4
begetter, https://media.signbsl.com/videos/asl/startasl/mp4/father.mp4
beggar, https://media.signbsl.com/videos/asl/youtube/mp4/NTC9mO5k9j4.mp4
beggars can't be choosers, https://media.signbsl.com/videos/asl/youtube/mp4/y5M5uy8Xrx8.mp4
beggars cant be choosers, https://media.signbsl.com/videos/asl/youtube/mp4/y5M5uy8Xrx8.mp4
beggary, https://media.signbsl.com/videos/asl/youtube/mp4/K_D9KSDI14c.mp4
begin, https://media.signbsl.com/videos/asl/aslsignbank/mp4/START-619.mp4
beginner, https://media.signbsl.com/videos/asl/aslsearch/mp4/initiate.mp4
beginning, https://media.signbsl.com/videos/asl/aslsearch/mp4/origin.mp4
be given, https://media.signbsl.com/videos/asl/youtube/mp4/ch3K3P76XtI.mp4
begone, https://media.signbsl.com/videos/asl/youtube/mp4/tetgtj8r2Bs.mp4
begrime, https://media.signbsl.com/videos/asl/mariekatzenbachschool/mp4/dirty.mp4
begrimed, https://media.signbsl.com/videos/asl/youtube/mp4/Q6UfccMkbcg.mp4
begrudge, https://media.signbsl.com/videos/asl/youtube/mp4/A3LLGy3MuRY.mp4
beguile, https://media.signbsl.com/videos/asl/signlanguagestudent/mp4/beguile.mp4
beguiler, https://media.signbsl.com/videos/asl/youtube/mp4/XA5of11vrek.mp4
behalf, https://media.signbsl.com/videos/asl/youtube/mp4/rRIhuILYsuU.mp4
behave, https://media.signbsl.com/videos/asl/aslsearch/mp4/behave.mp4
behavior, https://media.signbsl.com/videos/asl/aslsignbank/mp4/BEHAVIOR-2103.mp4
behaviorism, https://media.signbsl.com/videos/asl/youtube/mp4/W76Tgpe_cfY.mp4
behaviorist, https://media.signbsl.com/videos/asl/youtube/mp4/kZ9JYFXRzEc.mp4
behavioristic psychology, https://media.signbsl.com/videos/asl/youtube/mp4/W76Tgpe_cfY.mp4
behaviour, https://media.signbsl.com/videos/asl/aslsignbank/mp4/BEHAVIOR-2103.mp4
behaviourism, https://media.signbsl.com/videos/asl/youtube/mp4/W76Tgpe_cfY.mp4
behaviourist, https://media.signbsl.com/videos/asl/youtube/mp4/kZ9JYFXRzEc.mp4
behaviouristic psychology, https://media.signbsl.com/videos/asl/youtube/mp4/W76Tgpe_cfY.mp4
behead, https://player.vimeo.com/external/391200360.sd.mp4?s=e648b352e9d095c0be725bd243173eb508ec160c&profile_id=164
beheld, https://media.signbsl.com/videos/asl/youtube/mp4/mrupu-2qd7o.mp4
behemoth, https://media.signbsl.com/videos/asl/aslsearch/mp4/monster.mp4
behind, https://media.signbsl.com/videos/asl/signlanguagestudent/mp4/behind.mp4
behindhand, https://player.vimeo.com/external/391200424.sd.mp4?s=ef88ce86ffb55693dad11a73c7c5bed6f7910161&profile_id=164
behind my back, https://media.signbsl.com/videos/asl/youtube/mp4/W660AV6Ovt8.mp4
behind schedule, https://media.signbsl.com/videos/asl/youtube/mp4/Zmx2ugMqraE.mp4
behind see only, https://media.signbsl.com/videos/asl/tsdvideo/mp4/613.mp4
behold, https://media.signbsl.com/videos/asl/ids/mp4/2013-11-500-behold-1500k-ase.mp4
beholden, NA
beholder, https://media.signbsl.com/videos/asl/youtube/mp4/RyB-bjlOPIw.mp4
beige, https://player.vimeo.com/external/392762963.sd.mp4?s=3e700b310f8a2c26b4e0d04812c7ac5378ef7b5b&profile_id=164
beigel, https://media.signbsl.com/videos/asl/youtube/mp4/Tt8Di-ylTIM.mp4
Beijing, https://media.signbsl.com/videos/asl/youtube/mp4/eYALPRl11Bo.mp4
being, https://media.signbsl.com/videos/asl/deaftec/mp4/1406.mp4
being in, https://media.signbsl.com/videos/asl/youtube/mp4/6CbO4mjEOmM.mp4
beingness, https://media.signbsl.com/videos/asl/philosophy/mp4/Being-HD.mp4
Beirut, https://media.signbsl.com/videos/asl/youtube/mp4/C-3tVpm7Glc.mp4
bejewel, https://media.signbsl.com/videos/asl/youtube/mp4/SZCyuHIFULw.mp4
bejeweled, https://media.signbsl.com/videos/asl/youtube/mp4/Y91trde2-Sw.mp4
bejewelled, https://media.signbsl.com/videos/asl/youtube/mp4/Y91trde2-Sw.mp4
beknight, https://media.signbsl.com/videos/asl/youtube/mp4/4c3woeO2EQA.mp4
belabor, https://media.signbsl.com/videos/asl/youtube/mp4/6jhOp75DQZs.mp4
belabour, https://media.signbsl.com/videos/asl/youtube/mp4/6jhOp75DQZs.mp4
Belarus, https://media.signbsl.com/videos/asl/youtube/mp4/BCWbjSfOhTM.mp4
belated, https://media.signbsl.com/videos/asl/startasl/mp4/late.mp4
belch, https://media.signbsl.com/videos/asl/aslsignbank/mp4/BURP-2969.mp4
belching, https://media.signbsl.com/videos/asl/aslsignbank/mp4/BURP-2969.mp4
beldam, https://media.signbsl.com/videos/asl/youtube/mp4/cscjFe9DfiM.mp4
beldame, https://media.signbsl.com/videos/asl/youtube/mp4/cscjFe9DfiM.mp4
beleaguer, https://media.signbsl.com/videos/asl/elementalaslconcepts/mp4/tease.mp4
beleaguering, https://media.signbsl.com/videos/asl/youtube/mp4/wkKSgpsQnKU.mp4
Belgian Congo, https://media.signbsl.com/videos/asl/youtube/mp4/vP9Y03-EHmQ.mp4
Belgique, https://media.signbsl.com/videos/asl/youtube/mp4/jLbk_bC9h9U.mp4
Belgium, https://media.signbsl.com/videos/asl/youtube/mp4/jLbk_bC9h9U.mp4
belie, https://media.signbsl.com/videos/asl/aslsearch/mp4/contradict.mp4
belief, https://media.signbsl.com/videos/asl/aslsignbank/mp4/BELIEVE-576.mp4
believability, https://media.signbsl.com/videos/asl/unoclimb/mp4/1sUJJOPznTQ.mp4
believable, https://media.signbsl.com/videos/asl/youtube/mp4/q6onpl33llo.mp4
believe, https://media.signbsl.com/videos/asl/signlanguagestudent/mp4/believe.mp4
Believe Belief, https://media.signbsl.com/videos/asl/ids/mp4/2013-11-510-believe-belief-1500k-ase.mp4
believer, https://media.signbsl.com/videos/asl/youtube/mp4/p1CHtTtkeTE.mp4
belike, https://media.signbsl.com/videos/asl/youtube/mp4/5ErKnnlt8A8.mp4
belittle, https://media.signbsl.com/videos/asl/aslsearch/mp4/belittle.mp4
Belize, https://media.signbsl.com/videos/asl/youtube/mp4/Rn8i2rA1WTQ.mp4
bell, https://media.signbsl.com/videos/asl/aslsearch/mp4/bell.mp4
bell alexander g, https://player.vimeo.com/external/391200564.sd.mp4?s=9e933049eca9a29778eefbe61c26402f01ae452a&profile_id=164
bellboy, https://media.signbsl.com/videos/asl/youtube/mp4/Pm0skuNgO38.mp4
belle, https://media.signbsl.com/videos/asl/youtube/mp4/BICcTKyqlOI.mp4
belleville ontario, https://player.vimeo.com/external/391200615.sd.mp4?s=160e0876f97cf2a99252d7273805e17b4fa07381&profile_id=164
bellhop, https://media.signbsl.com/videos/asl/youtube/mp4/Pm0skuNgO38.mp4
bellicose, https://media.signbsl.com/videos/asl/youtube/mp4/dRTW-YZZMvI.mp4
bellied, https://media.signbsl.com/videos/asl/youtube/mp4/4t5J84jscEQ.mp4
belligerence, https://media.signbsl.com/videos/asl/youtube/mp4/eQPOSPKCtG0.mp4
belligerent, https://media.signbsl.com/videos/asl/youtube/mp4/Ik1oSOrGUBE.mp4
bellman, https://media.signbsl.com/videos/asl/youtube/mp4/Pm0skuNgO38.mp4
bellow, https://player.vimeo.com/external/391200646.sd.mp4?s=86d99ffb5e6e9f694cb18bda7349c3cf21b8c944&profile_id=164
bellowing, https://media.signbsl.com/videos/asl/youtube/mp4/fC0lsZgS-jA.mp4
bellows, https://media.signbsl.com/videos/asl/AustinCommunityCollege/mp4/auto_blower_.mp4
bell shaped curve, https://media.signbsl.com/videos/asl/tsdvideo/mp4/1505.mp4
bellwether, https://media.signbsl.com/videos/asl/youtube/mp4/Q7hFzdYut4c.mp4
belly, https://media.signbsl.com/videos/asl/aslsignbank/mp4/STOMACH-1128.mp4
bellyache, https://media.signbsl.com/videos/asl/aslsearch/mp4/stomach-ache.mp4
bellyacher, https://media.signbsl.com/videos/asl/youtube/mp4/Hg3v807Gkvg.mp4
belly buster, https://media.signbsl.com/videos/asl/youtube/mp4/GFaFB6r_8RE.mp4
belly button, https://media.signbsl.com/videos/asl/aslsearch/mp4/belly-button.mp4
bellybutton, https://media.signbsl.com/videos/asl/aslsearch/mp4/belly-button.mp4
bellyful, https://media.signbsl.com/videos/asl/youtube/mp4/FvPRacWTVmw.mp4
bellying, https://media.signbsl.com/videos/asl/youtube/mp4/4t5J84jscEQ.mp4
belly laugh, https://player.vimeo.com/external/392154567.sd.mp4?s=01bbfec2ed3f672ea91d9cf5a1ed877417bd588b&profile_id=164
bellylaugh, https://player.vimeo.com/external/392154567.sd.mp4?s=01bbfec2ed3f672ea91d9cf5a1ed877417bd588b&profile_id=164
belly up, https://media.signbsl.com/videos/asl/aslbricks/mp4/bankrupt.mp4
bellywash, https://media.signbsl.com/videos/asl/youtube/mp4/b6oplwLYX_Q.mp4
belong, https://media.signbsl.com/videos/asl/youtube/mp4/EjTKylwfABw.mp4
belongings, https://media.signbsl.com/videos/asl/youtube/mp4/JBUIA4H0ISE.mp4
belong to, https://player.vimeo.com/external/391200674.sd.mp4?s=b8c4b5619cb615e11c901393e0cb42e0b8a30b38&profile_id=164
Belorussia, https://media.signbsl.com/videos/asl/youtube/mp4/BCWbjSfOhTM.mp4
beloved, https://media.signbsl.com/videos/asl/aslsearch/mp4/dear.mp4
Beloved Son, https://media.signbsl.com/videos/asl/ids/mp4/2013-11-520-beloved-son-1500k-ase.mp4
below, https://media.signbsl.com/videos/asl/aslsignbank/mp4/BOTTOM-700.mp4
belowground, https://media.signbsl.com/videos/asl/youtube/mp4/AFzs6r15KK4.mp4
below par, https://media.signbsl.com/videos/asl/youtube/mp4/aQIrvofDmV0.mp4
below zero, https://media.signbsl.com/videos/asl/tsdvideo/mp4/1246.mp4
belt, https://media.signbsl.com/videos/asl/startasl/mp4/belt.mp4
belt along, https://media.signbsl.com/videos/asl/youtube/mp4/SQLeej0gir8.mp4
belt buckle, https://player.vimeo.com/external/392647984.sd.mp4?s=b6bc46c38853a7e0f259f5eb9040ed5af22340df&profile_id=164
belt up, https://media.signbsl.com/videos/asl/aslsignbank/mp4/E(shh)-1888.mp4
belt waist, https://player.vimeo.com/external/392763044.sd.mp4?s=4f65cff0df80c1d5ab2abafe60a992c245d7cdfe&profile_id=164
bema, https://media.signbsl.com/videos/asl/youtube/mp4/5Gm_3N3BuOs.mp4
be mine, https://media.signbsl.com/videos/asl/mariekatzenbachschool/mp4/be%20mine.mp4
bemire, https://media.signbsl.com/videos/asl/mariekatzenbachschool/mp4/dirty.mp4
bemoan, https://media.signbsl.com/videos/asl/youtube/mp4/7JyZ5NVkd5Y.mp4
bemoan complain, https://media.signbsl.com/videos/asl/youtube/mp4/7JyZ5NVkd5Y.mp4
bemoaner, https://media.signbsl.com/videos/asl/youtube/mp4/LyA09rEpYs0.mp4
bemock, https://media.signbsl.com/videos/asl/aslsearch/mp4/betray2.mp4
bemused, https://media.signbsl.com/videos/asl/aslsignbank/mp4/CONFUSED-2320.mp4
bemusement, https://media.signbsl.com/videos/asl/youtube/mp4/ZI1DNid_A4Y.mp4
be my guest, https://media.signbsl.com/videos/asl/aslsignbank/mp4/E(go-ahead)-1901.mp4
bench, https://media.signbsl.com/videos/asl/aslsearch/mp4/bench.mp4
benchmark, https://media.signbsl.com/videos/asl/youtube/mp4/dWm5ORjCHf0.mp4
bench mark, https://media.signbsl.com/videos/asl/youtube/mp4/dWm5ORjCHf0.mp4
benchmark fraction, https://media.signbsl.com/videos/asl/tsdvideo/mp4/1212.mp4
benchmark number, https://media.signbsl.com/videos/asl/youtube/mp4/v8e6PCYYvIk.mp4
benchmark percent, https://media.signbsl.com/videos/asl/youtube/mp4/pKn4djgmypw.mp4
bench trial, https://media.signbsl.com/videos/asl/unoclimb/mp4/rjwEeIRGk-8.mp4
bend, https://media.signbsl.com/videos/asl/aslsearch/mp4/bend.mp4
bendable, https://media.signbsl.com/videos/asl/youtube/mp4/GL1lSLT-dmQ.mp4
bend downbend over, https://media.signbsl.com/videos/asl/youtube/mp4/V0KkuKDIQEA.mp4
bended knees, https://media.signbsl.com/videos/asl/aslsignbank/mp4/KNEEL-2873.mp4
bender, https://media.signbsl.com/videos/asl/youtube/mp4/CxBEeCxbP3c.mp4
bendera, https://media.signbsl.com/videos/asl/youtube/mp4/ruqJawLMlE0.mp4
bendier, https://media.signbsl.com/videos/asl/youtube/mp4/zniY0IpBAHo.mp4
bend test, https://media.signbsl.com/videos/asl/AustinCommunityCollege/mp4/weld_bend_test_.mp4
bendy, https://media.signbsl.com/videos/asl/youtube/mp4/z3-pExWYFKE.mp4
beneath, https://media.signbsl.com/videos/asl/tsdvideo/mp4/81.mp4
Benedict de Spinoza, https://media.signbsl.com/videos/asl/philosophy/mp4/Spinoza-HD.mp4
benediction, https://media.signbsl.com/videos/asl/signlanguagestudent/mp4/benediction.mp4
Benediction Closing prayer, https://media.signbsl.com/videos/asl/ids/mp4/2013-11-530-benediction-closing-prayer-1500k-ase.mp4
benefaction, https://media.signbsl.com/videos/asl/youtube/mp4/NwDaCsftcAI.mp4
benefice, https://media.signbsl.com/videos/asl/youtube/mp4/Ul_sCW4AXzA.mp4
beneficent, https://media.signbsl.com/videos/asl/aslsearch/mp4/gracious.mp4
beneficial, https://media.signbsl.com/videos/asl/youtube/mp4/juyy1O7IYNY.mp4
beneficiaries, https://media.signbsl.com/videos/asl/youtube/mp4/pXO1fN0aT2c.mp4
beneficiary, https://media.signbsl.com/videos/asl/youtube/mp4/pXO1fN0aT2c.mp4
benefit, https://media.signbsl.com/videos/asl/ids/mp4/2013-11-5200-welfare-1500k-ase.mp4
benefit of the doubt, https://player.vimeo.com/external/392763114.sd.mp4?s=807ffb3b774d4fe32107ac245cdbf5cc19bcc9a1&profile_id=164
benevolence, https://media.signbsl.com/videos/asl/youtube/mp4/NwDaCsftcAI.mp4
benevolent, https://media.signbsl.com/videos/asl/aslsearch/mp4/gracious.mp4
benight, https://media.signbsl.com/videos/asl/youtube/mp4/zvow1InKrK4.mp4
benighted, https://media.signbsl.com/videos/asl/youtube/mp4/FhgyOcOJv4Y.mp4
benign, https://media.signbsl.com/videos/asl/youtube/mp4/7ZFxh3buLTI.mp4
benignant, https://media.signbsl.com/videos/asl/youtube/mp4/7ZFxh3buLTI.mp4
benigner, https://media.signbsl.com/videos/asl/youtube/mp4/WOTmXibOOYk.mp4
Benin, https://media.signbsl.com/videos/asl/youtube/mp4/qOMq1sL-pyA.mp4
benjamin rabbit, https://media.signbsl.com/videos/asl/youtube/mp4/R8KW1SLfW_Q.mp4
bent, https://media.signbsl.com/videos/asl/aslsignbank/mp4/DENT-742.mp4
benthos, https://media.signbsl.com/videos/asl/youtube/mp4/Y9b-g5PybC4.mp4
bentwood, https://media.signbsl.com/videos/asl/youtube/mp4/zy3Crd-2wtM.mp4
benumb, https://media.signbsl.com/videos/asl/youtube/mp4/y8DEcvawVV8.mp4
benumbed, https://media.signbsl.com/videos/asl/aslsearch/mp4/numb.mp4
be prepared, https://media.signbsl.com/videos/asl/aslsignbank/mp4/READY-2161.mp4
bequeath, https://player.vimeo.com/external/392763176.sd.mp4?s=ad6001f62a84b06c85bac4750d992ccea3aa150f&profile_id=164
bequest, https://media.signbsl.com/videos/asl/youtube/mp4/YqJLsksAaNA.mp4
be quiet, https://media.signbsl.com/videos/asl/aslsignbank/mp4/E(shh)-1888.mp4
berate, https://media.signbsl.com/videos/asl/startasl/mp4/yell.mp4
berceuse, https://media.signbsl.com/videos/asl/aslsearch/mp4/lullaby.mp4
be real, https://media.signbsl.com/videos/asl/youtube/mp4/7OPZFbsnTOw.mp4
bereave, https://media.signbsl.com/videos/asl/youtube/mp4/AP8G2us12Y4.mp4
bereft, https://media.signbsl.com/videos/asl/youtube/mp4/LsQHo1KbT-o.mp4
berkely, https://media.signbsl.com/videos/asl/philosophy/mp4/Berkely-HD.mp4
berlin germany, https://player.vimeo.com/external/391200910.sd.mp4?s=2ff810570e965cbae44cb88ece8a263bf301798a&profile_id=164
Bermuda, https://media.signbsl.com/videos/asl/youtube/mp4/ZrW7j3a5YwU.mp4
Bermudas, https://media.signbsl.com/videos/asl/youtube/mp4/ZrW7j3a5YwU.mp4
Bern, https://player.vimeo.com/external/391200931.sd.mp4?s=8959d584c4f0633ccb31593321f48129c641e2e5&profile_id=164
Berne, https://player.vimeo.com/external/391200931.sd.mp4?s=8959d584c4f0633ccb31593321f48129c641e2e5&profile_id=164
berried, https://media.signbsl.com/videos/asl/youtube/mp4/jcOPf9Ejj3Y.mp4
berry, https://media.signbsl.com/videos/asl/aslsignbank/mp4/BERRY-1976.mp4
berrylike, https://media.signbsl.com/videos/asl/youtube/mp4/3nR1VWXIw78.mp4
berserk, https://media.signbsl.com/videos/asl/youtube/mp4/_uxOYuPpTYM.mp4
berth, https://media.signbsl.com/videos/asl/youtube/mp4/gz5e61ngGKA.mp4
berthier ferdinand, https://player.vimeo.com/external/391200962.sd.mp4?s=ee1e64956fbbe2befa18bb7a9311292e0f593ba9&profile_id=164
Bertrand Arthur William Russell, https://media.signbsl.com/videos/asl/philosophy/mp4/Russell-HD.mp4
Bertrand Russell, https://media.signbsl.com/videos/asl/philosophy/mp4/Russell-HD.mp4
beseech, https://player.vimeo.com/external/391200984.sd.mp4?s=9c73b059fbcdf7cb4713a2d3eb9811222efb391a&profile_id=164
beseem, https://media.signbsl.com/videos/asl/youtube/mp4/7G_dEnjC6-0.mp4
beset, https://player.vimeo.com/external/392414900.sd.mp4?s=597521931ac36aea6d75a430e51c495872dba2b8&profile_id=164
beshrew, https://media.signbsl.com/videos/asl/valleybible/mp4/curse.mp4
be sick, https://media.signbsl.com/videos/asl/startasl/mp4/throw-up.mp4
beside, https://media.signbsl.com/videos/asl/tsdvideo/mp4/82.mp4
besides, https://media.signbsl.com/videos/asl/signlanguagestudent/mp4/too.mp4
besiege, https://media.signbsl.com/videos/asl/youtube/mp4/IJay_PxfrOc.mp4
besieged, https://player.vimeo.com/external/391201029.sd.mp4?s=4cd235e57aee4a75a103cdeb68780e5187a1a94a&profile_id=164
besieging, https://media.signbsl.com/videos/asl/youtube/mp4/wkKSgpsQnKU.mp4
besmear, https://media.signbsl.com/videos/asl/youtube/mp4/HrtmJTsUdbc.mp4
besmirch, https://media.signbsl.com/videos/asl/youtube/mp4/sWjkhrcOwdE.mp4
besmirched, https://media.signbsl.com/videos/asl/youtube/mp4/L_6C0D_xBGQ.mp4
besot, https://media.signbsl.com/videos/asl/youtube/mp4/iVO0hZ-tugw.mp4
besotted, https://player.vimeo.com/external/392518215.sd.mp4?s=113d53ba6f2c71f52d578ada70db149ecff96e8b&profile_id=164
bespangled, https://media.signbsl.com/videos/asl/youtube/mp4/Y91trde2-Sw.mp4
bespatter, https://media.signbsl.com/videos/asl/youtube/mp4/yl4L8J2U1g8.mp4
bespeak, https://media.signbsl.com/videos/asl/startasl/mp4/point.mp4
bespectacled, https://media.signbsl.com/videos/asl/youtube/mp4/Um3FgJgLjAM.mp4
best, https://media.signbsl.com/videos/asl/startasl/mp4/best.mp4
bestelling, https://media.signbsl.com/videos/asl/youtube/mp4/ARlIUw8NF5w.mp4
best fit, https://media.signbsl.com/videos/asl/youtube/mp4/aUjLJbD3XSA.mp4
best friend, https://media.signbsl.com/videos/asl/aslsignbank/mp4/BEST-FRIEND-2226.mp4
best friends, https://media.signbsl.com/videos/asl/aslsignbank/mp4/BEST-FRIEND-2226.mp4
bestiaries, https://media.signbsl.com/videos/asl/youtube/mp4/toNUxD5kTzc.mp4
bestiary, https://media.signbsl.com/videos/asl/youtube/mp4/toNUxD5kTzc.mp4
bestir, https://media.signbsl.com/videos/asl/youtube/mp4/VfX78d8mlA4.mp4
bestir oneself, https://media.signbsl.com/videos/asl/aslsignbank/mp4/TURN-ON-284.mp4
best of a bad bunch, https://media.signbsl.com/videos/asl/youtube/mp4/rGt5x_PwXnY.mp4
bestow, https://media.signbsl.com/videos/asl/aslsignbank/mp4/BRING-51.mp4
bestrew, https://media.signbsl.com/videos/asl/youtube/mp4/Nsb3btTng7A.mp4
bestride, https://media.signbsl.com/videos/asl/youtube/mp4/l7HsqLRJego.mp4
be sure to remember, https://media.signbsl.com/videos/asl/aslsignbank/mp4/DOCUMENT-MIND-2977.mp4
bet, https://media.signbsl.com/videos/asl/aslsignbank/mp4/BET-2953.mp4
beta, https://media.signbsl.com/videos/asl/youtube/mp4/tPIFbYrU0cY.mp4
betake, https://media.signbsl.com/videos/asl/youtube/mp4/hFqd0JYB6Tw.mp4
betcha, https://media.signbsl.com/videos/asl/youtube/mp4/WMfwag7Kx9k.mp4
be the same, https://media.signbsl.com/videos/asl/aslsignbank/mp4/BE-SAME-2096.mp4
bethink, https://media.signbsl.com/videos/asl/youtube/mp4/LbMc0v3eP2k.mp4
Bethlehem, https://media.signbsl.com/videos/asl/signlanguagestudent/mp4/Bethlehem.mp4
Bethlehem Ephrathah, https://media.signbsl.com/videos/asl/signlanguagestudent/mp4/Bethlehem.mp4
Bethlehem Judah, https://media.signbsl.com/videos/asl/signlanguagestudent/mp4/Bethlehem.mp4
betide, https://media.signbsl.com/videos/asl/aslsearch/mp4/happen2.mp4
betoken, https://media.signbsl.com/videos/asl/startasl/mp4/point.mp4
bet on, https://media.signbsl.com/videos/asl/youtube/mp4/I-GyJyf8VPM.mp4
betray, https://media.signbsl.com/videos/asl/valleybible/mp4/betray.mp4
betrayal, https://media.signbsl.com/videos/asl/youtube/mp4/yBFtiNMwX_0.mp4
betrayer, https://media.signbsl.com/videos/asl/youtube/mp4/JQfDQaUWpZY.mp4
betroth, https://media.signbsl.com/videos/asl/youtube/mp4/PDHWdZiusiI.mp4
better, https://media.signbsl.com/videos/asl/startasl/mp4/improve.mp4
better be the head of a dog than the tail of a lion, https://media.signbsl.com/videos/asl/youtube/mp4/Y33n7lstDJQ.mp4
better half, https://media.signbsl.com/videos/asl/aslsearch/mp4/partner.mp4
better late than never, https://media.signbsl.com/videos/asl/youtube/mp4/uIe0jsf5wxo.mp4
better light a candle than curse the darkness, https://media.signbsl.com/videos/asl/youtube/mp4/XO-w5MiEJDw.mp4
better looking, https://media.signbsl.com/videos/asl/startasl/mp4/handsome.mp4
better not, https://media.signbsl.com/videos/asl/youtube/mp4/fdygWy5ihF0.mp4
better off, NA
better watch out, https://media.signbsl.com/videos/asl/youtube/mp4/EsYrlSOF6DQ.mp4
bettor, https://media.signbsl.com/videos/asl/youtube/mp4/J4vzNXlpkM0.mp4
between, https://media.signbsl.com/videos/asl/signlanguagestudent/mp4/between%20(alternate%20sign).mp4
between a rock and a hard placebetween the devil and the deep blue sea, https://media.signbsl.com/videos/asl/youtube/mp4/scfYyRk9Yuk.mp4
between them, https://media.signbsl.com/videos/asl/youtube/mp4/wsPeC99-HN8.mp4
between you and me, https://player.vimeo.com/external/392763641.sd.mp4?s=af3d37ae19e047ae2f96c18caf285d5de51802e0&profile_id=164
betwixt, https://media.signbsl.com/videos/asl/tsdvideo/mp4/83.mp4
bevel, https://media.signbsl.com/videos/asl/AustinCommunityCollege/mp4/weld_bevel_.mp4
beverage, https://media.signbsl.com/videos/asl/aslsignbank/mp4/DRINK-119.mp4
bevies, https://media.signbsl.com/videos/asl/youtube/mp4/dMCl3HeYwEw.mp4
bevy, https://media.signbsl.com/videos/asl/youtube/mp4/dMCl3HeYwEw.mp4
bewail, https://media.signbsl.com/videos/asl/youtube/mp4/7JyZ5NVkd5Y.mp4
beware, https://media.signbsl.com/videos/asl/aslsearch/mp4/beware.mp4
bewhisker, https://media.signbsl.com/videos/asl/youtube/mp4/vAxvDjxMAmA.mp4
bewhiskered, https://media.signbsl.com/videos/asl/youtube/mp4/FyYnOUAzJJQ.mp4
bewildered, https://media.signbsl.com/videos/asl/aslsignbank/mp4/CONFUSED-2320.mp4
bewilderment, https://media.signbsl.com/videos/asl/youtube/mp4/ZI1DNid_A4Y.mp4
bewitch, https://media.signbsl.com/videos/asl/youtube/mp4/QWXdiSqPXlA.mp4
bewitched, https://media.signbsl.com/videos/asl/youtube/mp4/HzL5bK56has.mp4
bewitching, https://player.vimeo.com/external/391389424.sd.mp4?s=d75903ec7ae5f913693077dd68599f8326bc0f6b&profile_id=164
bewray, https://media.signbsl.com/videos/asl/youtube/mp4/-s37kEoO0JM.mp4
beyond, https://media.signbsl.com/videos/asl/aslsearch/mp4/beyond.mp4
beyond any doubt, https://media.signbsl.com/videos/asl/youtube/mp4/yDtd6XAypd4.mp4
beyond doubt, https://media.signbsl.com/videos/asl/youtube/mp4/D24Ldh5B_3I.mp4
beyond question, https://media.signbsl.com/videos/asl/youtube/mp4/yDtd6XAypd4.mp4
be yourself, https://player.vimeo.com/external/391196982.sd.mp4?s=e9e8503ac9113fd1a2d21e365fc5be1a1e5d6d51&profile_id=164
bhaktapur, https://player.vimeo.com/external/391201460.sd.mp4?s=010d86177c65c54a65d987ef032cfb25c1c1da08&profile_id=164
Bharat, https://media.signbsl.com/videos/asl/startasl/mp4/india.mp4
Bhutan, https://media.signbsl.com/videos/asl/youtube/mp4/pahz5zMorrk.mp4
biannual, https://media.signbsl.com/videos/asl/aslsearch/mp4/semiannual.mp4
bias, https://media.signbsl.com/videos/asl/youtube/mp4/ldNMhTzOhRE.mp4
biased sample, https://media.signbsl.com/videos/asl/youtube/mp4/OdxkQcuR7Tk.mp4
biathlon, https://media.signbsl.com/videos/asl/youtube/mp4/dYW5wq8MpFg.mp4
bib, https://media.signbsl.com/videos/asl/youtube/mp4/qjZ8gM4IcCA.mp4
Bible, https://media.signbsl.com/videos/asl/startasl/mp4/bible.mp4
bible study, https://media.signbsl.com/videos/asl/valleybible/mp4/Bible%20Study.mp4
bibliographer, https://media.signbsl.com/videos/asl/youtube/mp4/X8m89wisnr4.mp4
bibliographic, https://media.signbsl.com/videos/asl/youtube/mp4/yQLsaSjwyb8.mp4
bibliographical, https://media.signbsl.com/videos/asl/youtube/mp4/yQLsaSjwyb8.mp4
bibliophile, https://media.signbsl.com/videos/asl/youtube/mp4/zIFmcHrK5Gg.mp4
bibliothec, https://media.signbsl.com/videos/asl/startasl/mp4/librarian.mp4
bibulous bicameral, https://media.signbsl.com/videos/asl/youtube/mp4/lCF1aEKbDow.mp4
bicameral, https://media.signbsl.com/videos/asl/youtube/mp4/HSklkp7ZTm8.mp4
bicentenaries, https://media.signbsl.com/videos/asl/youtube/mp4/HsGAElK_IfU.mp4
bicentenary, https://media.signbsl.com/videos/asl/youtube/mp4/HsGAElK_IfU.mp4
bicentennial, https://media.signbsl.com/videos/asl/youtube/mp4/HsGAElK_IfU.mp4
bichrome, https://media.signbsl.com/videos/asl/youtube/mp4/ujgqxBpgw4Q.mp4
bicker, https://media.signbsl.com/videos/asl/startasl/mp4/spat.mp4
bickering, https://media.signbsl.com/videos/asl/startasl/mp4/spat.mp4
bicker one sided, https://player.vimeo.com/external/391201533.sd.mp4?s=affcc5f31e14e890a6d6a156e25d23140ff9edb6&profile_id=164
bicolor, https://media.signbsl.com/videos/asl/youtube/mp4/ujgqxBpgw4Q.mp4
bicolored, https://media.signbsl.com/videos/asl/youtube/mp4/ujgqxBpgw4Q.mp4
bicolour, https://media.signbsl.com/videos/asl/youtube/mp4/ujgqxBpgw4Q.mp4
bicoloured, https://media.signbsl.com/videos/asl/youtube/mp4/ujgqxBpgw4Q.mp4
biconcave, https://media.signbsl.com/videos/asl/youtube/mp4/h7-LerOK6P4.mp4
biconditional, https://media.signbsl.com/videos/asl/youtube/mp4/viICLNbIH4Q.mp4
bicultural, https://player.vimeo.com/external/391201557.sd.mp4?s=511ba2a1e43e8a8dd445152d771add7aa31da030&profile_id=164
bicycle, https://media.signbsl.com/videos/asl/startasl/mp4/bicycle.mp4
bicycle built for two, https://media.signbsl.com/videos/asl/youtube/mp4/aPUVcNO8zm4.mp4
bicycler, https://media.signbsl.com/videos/asl/youtube/mp4/49vXNvqNJMs.mp4
bicycling, https://player.vimeo.com/external/391201601.sd.mp4?s=60e3e5deb30aceb1a65efc85f8135324f819a715&profile_id=164
bicyclist, https://media.signbsl.com/videos/asl/youtube/mp4/49vXNvqNJMs.mp4
bid, https://media.signbsl.com/videos/asl/aslsignbank/mp4/ORDER_2-805.mp4
Bida, https://media.signbsl.com/videos/asl/youtube/mp4/Zjr7JrZZGDg.mp4
biddable, https://media.signbsl.com/videos/asl/youtube/mp4/WQul6p2CJIQ.mp4
bidder, https://media.signbsl.com/videos/asl/youtube/mp4/IT5mvYUMpmE.mp4
biddies, https://media.signbsl.com/videos/asl/youtube/mp4/RolzjzRBDrE.mp4
bidding, https://media.signbsl.com/videos/asl/aslsignbank/mp4/ORDER_2-805.mp4
biddy, https://media.signbsl.com/videos/asl/youtube/mp4/RolzjzRBDrE.mp4
bide, https://media.signbsl.com/videos/asl/youtube/mp4/EnDTp68eGSM.mp4
bid for, https://media.signbsl.com/videos/asl/youtube/mp4/VIbPK-TXbU8.mp4
bidirectional, https://media.signbsl.com/videos/asl/youtube/mp4/-JWQQJjox78.mp4
biennia, https://media.signbsl.com/videos/asl/youtube/mp4/3ljKPk5uSkw.mp4
biff, https://media.signbsl.com/videos/asl/youtube/mp4/PyBYd-XD-XU.mp4
bifocal, https://media.signbsl.com/videos/asl/youtube/mp4/FAZAAB5qgXo.mp4
bifurcate, https://media.signbsl.com/videos/asl/youtube/mp4/klSU7AhpXfs.mp4
big, https://media.signbsl.com/videos/asl/startasl/mp4/large.mp4
bigamist, https://media.signbsl.com/videos/asl/youtube/mp4/1CXuWxr3YVg.mp4
bigamists, https://media.signbsl.com/videos/asl/youtube/mp4/1CXuWxr3YVg.mp4
bigamous, https://media.signbsl.com/videos/asl/youtube/mp4/kUWeJi7IL7s.mp4
big businessman, https://media.signbsl.com/videos/asl/youtube/mp4/0P74ZKdfZzM.mp4
big container, https://media.signbsl.com/videos/asl/youtube/mp4/DB7ZeDmCqYE.mp4
big deal, https://media.signbsl.com/videos/asl/youtube/mp4/bcP-5VHXvGs.mp4
big dipper, https://media.signbsl.com/videos/asl/aslsearch/mp4/roller-coaster.mp4
big fish in a small pond, https://media.signbsl.com/videos/asl/youtube/mp4/v9QLLSwV_so.mp4
bigger, https://media.signbsl.com/videos/asl/aslsignbank/mp4/ENLARGE-1347.mp4
big hair, https://media.signbsl.com/videos/asl/youtube/mp4/FNLYiZrYzi0.mp4
big hand, https://media.signbsl.com/videos/asl/tsdvideo/mp4/374.mp4
bigheaded, https://media.signbsl.com/videos/asl/youtube/mp4/r5B9BYxItD0.mp4
big headed, https://media.signbsl.com/videos/asl/youtube/mp4/r5B9BYxItD0.mp4
bighearted, https://media.signbsl.com/videos/asl/aslsearch/mp4/liberal.mp4
bighorn, https://media.signbsl.com/videos/asl/youtube/mp4/201SV0UoxWs.mp4
bighorn sheep, https://media.signbsl.com/videos/asl/youtube/mp4/201SV0UoxWs.mp4
bigmouth, https://media.signbsl.com/videos/asl/youtube/mp4/7myU07973QQ.mp4
big muscle, https://media.signbsl.com/videos/asl/youtube/mp4/9zIJPCTVwwE.mp4
big muscles, https://media.signbsl.com/videos/asl/youtube/mp4/S194HgHy1ls.mp4
bigot, https://media.signbsl.com/videos/asl/youtube/mp4/3qBG-Wi90e8.mp4
bigotries, https://media.signbsl.com/videos/asl/youtube/mp4/gR4TF7batdg.mp4
bigotry, https://media.signbsl.com/videos/asl/youtube/mp4/gR4TF7batdg.mp4
big plate, https://media.signbsl.com/videos/asl/youtube/mp4/efsBGUOPAUU.mp4
big trouble, https://media.signbsl.com/videos/asl/youtube/mp4/t-D8XuRkAfc.mp4
bigwig, https://media.signbsl.com/videos/asl/youtube/mp4/DwfUSWfYcTI.mp4
big word, https://media.signbsl.com/videos/asl/youtube/mp4/TXO3R5puCQo.mp4
bijou, https://media.signbsl.com/videos/asl/youtube/mp4/tlypmZxQR20.mp4
bike, https://media.signbsl.com/videos/asl/startasl/mp4/bicycle.mp4
bike cloths, https://player.vimeo.com/external/392648093.sd.mp4?s=75d0714f03903b2e971275291d79aa3914371e24&profile_id=164
biker, https://media.signbsl.com/videos/asl/youtube/mp4/UzKCcn1FjGo.mp4
bike riding, https://media.signbsl.com/videos/asl/aslsearch/mp4/bike-riding.mp4
bikini, https://player.vimeo.com/external/391201687.sd.mp4?s=49aedcd33c6d2c2b7feb2e1e275658221a6accc7&profile_id=164
bilateral, https://media.signbsl.com/videos/asl/youtube/mp4/xn7tjA68emM.mp4
bilaterally symmetric, https://media.signbsl.com/videos/asl/youtube/mp4/xn7tjA68emM.mp4
bilaterally symmetrical, https://media.signbsl.com/videos/asl/youtube/mp4/xn7tjA68emM.mp4
bilberries, https://media.signbsl.com/videos/asl/youtube/mp4/IOPiI_dH9aA.mp4
bilberry, https://media.signbsl.com/videos/asl/youtube/mp4/IOPiI_dH9aA.mp4
bile, https://media.signbsl.com/videos/asl/youtube/mp4/Z1ZvnlL8LSs.mp4
bilge, https://media.signbsl.com/videos/asl/youtube/mp4/53KCsXXPzsY.mp4
bilgewater, https://media.signbsl.com/videos/asl/youtube/mp4/yuyD1dkz7mQ.mp4
bilingual, https://player.vimeo.com/external/391201728.sd.mp4?s=515373b59dc1e52028cfa701791848d278762f95&profile_id=164
bilingual bicultural, https://player.vimeo.com/external/391201705.sd.mp4?s=2238499b441ad612a42c06375d70a886a772ce7a&profile_id=164
bilious, https://media.signbsl.com/videos/asl/youtube/mp4/QQGd6gNgvDk.mp4
biliousness, https://media.signbsl.com/videos/asl/youtube/mp4/ZFdQI4FxN2k.mp4
bilk, https://media.signbsl.com/videos/asl/aslsearch/mp4/frustrate.mp4
bill, https://media.signbsl.com/videos/asl/aslsignbank/mp4/CHARGE-1168.mp4
billable, https://media.signbsl.com/videos/asl/youtube/mp4/eJVUggPeX9E.mp4
billabong, https://media.signbsl.com/videos/asl/youtube/mp4/gCR7BLxnGKo.mp4
billboard, https://media.signbsl.com/videos/asl/aslsearch/mp4/billboard.mp4
billet, https://media.signbsl.com/videos/asl/aslsearch/mp4/note.mp4
billet doux, https://media.signbsl.com/videos/asl/mariekatzenbachschool/mp4/love%20letter.mp4
billfold, https://media.signbsl.com/videos/asl/aslsearch/mp4/wallet.mp4
billiard, https://media.signbsl.com/videos/asl/youtube/mp4/1JJ6KOPw9oY.mp4
billiards, https://player.vimeo.com/external/391201764.sd.mp4?s=1e7c712e2824c337cfeba0beb3a6835d66ca2b90&profile_id=164
billies, https://media.signbsl.com/videos/asl/youtube/mp4/gZWRPIrJzZM.mp4
billingsgate, https://media.signbsl.com/videos/asl/youtube/mp4/t_Y0R4CiFkc.mp4
billion, https://media.signbsl.com/videos/asl/aslsearch/mp4/billion.mp4
billionaire, https://player.vimeo.com/external/391201800.sd.mp4?s=1eee5f769f4aebaf51cdf2ebe26fb8a86d8b8774&profile_id=164
billionth, https://media.signbsl.com/videos/asl/tsdvideo/mp4/214.mp4
billionths, https://media.signbsl.com/videos/asl/tsdvideo/mp4/214.mp4
bill law, https://media.signbsl.com/videos/asl/signlanguagestudent/mp4/bill%20(law).mp4
bill of fare, https://media.signbsl.com/videos/asl/youtube/mp4/ThhhFlGBF18.mp4
Bill of Rights, https://media.signbsl.com/videos/asl/elementalaslconcepts/mp4/bill_of_rights.mp4
billow, https://media.signbsl.com/videos/asl/youtube/mp4/nA7I00GuJ7s.mp4
bill owe, https://media.signbsl.com/videos/asl/signlanguagestudent/mp4/bill%20(owe).mp4
billowier, https://media.signbsl.com/videos/asl/youtube/mp4/bR5dQayRPAw.mp4
billy, https://media.signbsl.com/videos/asl/youtube/mp4/gZWRPIrJzZM.mp4
billy goat, https://media.signbsl.com/videos/asl/youtube/mp4/gZWRPIrJzZM.mp4
bimaetal, https://media.signbsl.com/videos/asl/youtube/mp4/iNyH9NM8ZME.mp4
bimbo, https://media.signbsl.com/videos/asl/youtube/mp4/XyJa_roEXLs.mp4
bimestrial, https://media.signbsl.com/videos/asl/youtube/mp4/7DY__WcqdkQ.mp4
bimodal, https://media.signbsl.com/videos/asl/youtube/mp4/o_B8EmDoZmA.mp4
bimodal data, https://media.signbsl.com/videos/asl/youtube/mp4/z1jg-3PXBzo.mp4
bimonthlies, https://player.vimeo.com/external/391201821.sd.mp4?s=e698ed61a31f6f4086edd69269282f3c9b746925&profile_id=164
bimonthly, https://player.vimeo.com/external/391201821.sd.mp4?s=e698ed61a31f6f4086edd69269282f3c9b746925&profile_id=164
bin, https://media.signbsl.com/videos/asl/youtube/mp4/6ZCYR7hM16Y.mp4
binaries, https://media.signbsl.com/videos/asl/deaftec/mp4/929.mp4
binary, https://media.signbsl.com/videos/asl/deaftec/mp4/929.mp4
binary 1s and 0s, https://media.signbsl.com/videos/asl/deaftec/mp4/929.mp4
binary digit, https://player.vimeo.com/external/391201881.sd.mp4?s=9b19364839d503c0184acae8b42d545f76c35f16&profile_id=164
binary number system, https://media.signbsl.com/videos/asl/tsdvideo/mp4/1289.mp4
binary numeration system, https://media.signbsl.com/videos/asl/tsdvideo/mp4/1289.mp4
binary system, https://media.signbsl.com/videos/asl/tsdvideo/mp4/1289.mp4
bind, https://media.signbsl.com/videos/asl/aslsearch/mp4/tie.mp4
binder, https://media.signbsl.com/videos/asl/elementalaslconcepts/mp4/binder.mp4
binderies, https://media.signbsl.com/videos/asl/youtube/mp4/fl5Bqi336nU.mp4
bindery, https://media.signbsl.com/videos/asl/youtube/mp4/fl5Bqi336nU.mp4
bindi, https://player.vimeo.com/external/391201942.sd.mp4?s=8769e153b00e31a53445037a68ba6dbf2f283bb9&profile_id=164
binge, https://media.signbsl.com/videos/asl/youtube/mp4/EnExJmA5Af4.mp4
bingo, https://player.vimeo.com/external/391201964.sd.mp4?s=e6dcc1b802d154a49917983a6e32dcab1d50b712&profile_id=164
binky, https://media.signbsl.com/videos/asl/youtube/mp4/fkF5JEWYbZU.mp4
binocular, https://media.signbsl.com/videos/asl/aslsignbank/mp4/BINOCULARS-2445.mp4
binoculars, https://media.signbsl.com/videos/asl/aslsignbank/mp4/BINOCULARS-2445.mp4
binomial, https://media.signbsl.com/videos/asl/deaftec-math/mp4/5D-1.mp4
binomial experiment, https://media.signbsl.com/videos/asl/youtube/mp4/EZWNIrNfanc.mp4
bio, https://media.signbsl.com/videos/asl/youtube/mp4/PSWL3UxX_Ts.mp4
bioarm, https://media.signbsl.com/videos/asl/youtube/mp4/vhdb1oEE9aI.mp4
biochemical, https://media.signbsl.com/videos/asl/youtube/mp4/P-T3JsxnrEU.mp4
biochemist, https://media.signbsl.com/videos/asl/youtube/mp4/PuRqLWSKp4Y.mp4
biodegradability, https://media.signbsl.com/videos/asl/youtube/mp4/K34wmbZE-sg.mp4
biodegradable, https://media.signbsl.com/videos/asl/deaftec/mp4/1344.mp4
biodiversity, https://media.signbsl.com/videos/asl/deaftec/mp4/1345.mp4
bioengineer, https://media.signbsl.com/videos/asl/youtube/mp4/cqNqiPy5TqY.mp4
bioengineering, https://media.signbsl.com/videos/asl/youtube/mp4/Eevsq8vx9kA.mp4
bioethics, https://media.signbsl.com/videos/asl/youtube/mp4/QRCzF2SthLk.mp4
biofeedback, https://media.signbsl.com/videos/asl/youtube/mp4/nwyYgRZLWgE.mp4
biogenesis, https://media.signbsl.com/videos/asl/youtube/mp4/k-6sjM_scGo.mp4
biographer, https://media.signbsl.com/videos/asl/youtube/mp4/_ouRH6LfkWM.mp4
biohazard, https://media.signbsl.com/videos/asl/deaftec/mp4/1346.mp4
biologic, https://media.signbsl.com/videos/asl/aslsignbank/mp4/BIOLOGY-2108.mp4
biological, https://media.signbsl.com/videos/asl/aslsignbank/mp4/BIOLOGY-2108.mp4
biological agent, https://media.signbsl.com/videos/asl/deaftec/mp4/1346.mp4
biological father, https://player.vimeo.com/external/392763705.sd.mp4?s=5317149dc3e0c1ecbc81df3872bc0740c6bdde97&profile_id=164
biological mother, https://player.vimeo.com/external/391202042.sd.mp4?s=2065995e4532b476bd8c2c064d83d2e3ba19018a&profile_id=164
biological sister, https://player.vimeo.com/external/392763751.sd.mp4?s=fb3c7618a4e7de3995cde6a2d716f7b1fda3d5b4&profile_id=164
biological weapon, https://media.signbsl.com/videos/asl/youtube/mp4/vhdb1oEE9aI.mp4
biologist, https://media.signbsl.com/videos/asl/youtube/mp4/Q2IZgnWjM10.mp4
biology, https://media.signbsl.com/videos/asl/startasl/mp4/biology.mp4
bioluminescence, https://media.signbsl.com/videos/asl/deaftec/mp4/1347.mp4
biomass, https://media.signbsl.com/videos/asl/youtube/mp4/s22AglmwRCM.mp4
biome, https://media.signbsl.com/videos/asl/youtube/mp4/KZ6Ac8VKpKI.mp4
biomedicinal, https://media.signbsl.com/videos/asl/youtube/mp4/DkXTmvZbraA.mp4
bionic, https://media.signbsl.com/videos/asl/youtube/mp4/rQLB0aFUpTw.mp4
biophysical, https://media.signbsl.com/videos/asl/youtube/mp4/-lBeZVDpq1A.mp4
biophysicist, https://media.signbsl.com/videos/asl/youtube/mp4/TbWKaWE5Ky0.mp4
biophysics, https://media.signbsl.com/videos/asl/youtube/mp4/aFC-u1G-An8.mp4
biopic, https://media.signbsl.com/videos/asl/youtube/mp4/UtzhP7kTytE.mp4
biopsied, https://media.signbsl.com/videos/asl/youtube/mp4/hyhuLWwhnbM.mp4
biopsy, https://player.vimeo.com/external/391202080.sd.mp4?s=6906b2ab31f2c01d5ac2e0459c507a9b591b9020&profile_id=164
bioremediation, https://media.signbsl.com/videos/asl/youtube/mp4/0uD5NopGve0.mp4
biorhythm, https://media.signbsl.com/videos/asl/youtube/mp4/Xi9wRL69Hq4.mp4
biosphere, https://media.signbsl.com/videos/asl/youtube/mp4/isVsiqBbZc4.mp4
biosynthesis, https://media.signbsl.com/videos/asl/youtube/mp4/k-6sjM_scGo.mp4
biota, https://media.signbsl.com/videos/asl/startasl/mp4/biology.mp4
biotechnologies, https://media.signbsl.com/videos/asl/youtube/mp4/Eevsq8vx9kA.mp4
biotechnology, https://media.signbsl.com/videos/asl/youtube/mp4/Eevsq8vx9kA.mp4
biotic, https://media.signbsl.com/videos/asl/youtube/mp4/QYP7ANr-CbU.mp4
biotin, https://media.signbsl.com/videos/asl/youtube/mp4/qFkyiyzfQZg.mp4
bioweapon, https://media.signbsl.com/videos/asl/youtube/mp4/vhdb1oEE9aI.mp4
bipartisan, https://media.signbsl.com/videos/asl/youtube/mp4/R_Dryre5XFQ.mp4
bipartizan, https://media.signbsl.com/videos/asl/youtube/mp4/R_Dryre5XFQ.mp4
biped, https://media.signbsl.com/videos/asl/youtube/mp4/JixBxGlbLnc.mp4
bipedal, https://media.signbsl.com/videos/asl/youtube/mp4/JixBxGlbLnc.mp4
bipedtwo legged, https://media.signbsl.com/videos/asl/youtube/mp4/U5nTlZd-ffY.mp4
bipolar, https://media.signbsl.com/videos/asl/youtube/mp4/mpXZHRk9K9Q.mp4
birch, https://media.signbsl.com/videos/asl/youtube/mp4/42ML_UZ6yjE.mp4
birch tree, https://media.signbsl.com/videos/asl/youtube/mp4/42ML_UZ6yjE.mp4
bird, https://media.signbsl.com/videos/asl/startasl/mp4/bird.mp4
birdbath, https://media.signbsl.com/videos/asl/youtube/mp4/18iebUURYio.mp4
bird box, https://media.signbsl.com/videos/asl/youtube/mp4/3HyjefWoyTA.mp4
birdbrain, https://media.signbsl.com/videos/asl/youtube/mp4/0M-Z8qwmWck.mp4
birdcage, https://media.signbsl.com/videos/asl/youtube/mp4/rZd3JqTom5A.mp4
birdcall, https://media.signbsl.com/videos/asl/youtube/mp4/a7JLqNb-IDY.mp4
birder, https://media.signbsl.com/videos/asl/youtube/mp4/7-FPIGiDI5Y.mp4
bird food, https://media.signbsl.com/videos/asl/youtube/mp4/ptfk62E6R6g.mp4
birdhouse, https://media.signbsl.com/videos/asl/youtube/mp4/n60a_4jHtX8.mp4
bird in a gilded cage, https://media.signbsl.com/videos/asl/youtube/mp4/uVOHJ8ULVU0.mp4
birdlike, https://media.signbsl.com/videos/asl/youtube/mp4/fdi4EbJC5Ps.mp4
bird of Jove, https://media.signbsl.com/videos/asl/aslsearch/mp4/eagle.mp4
bird of Minerva, https://media.signbsl.com/videos/asl/aslsearch/mp4/owl.mp4
bird of night, https://media.signbsl.com/videos/asl/aslsearch/mp4/owl.mp4
bird sanctuary, https://media.signbsl.com/videos/asl/youtube/mp4/PlIUM9DI0g8.mp4
bird scarer, https://media.signbsl.com/videos/asl/youtube/mp4/isgXpdfxocg.mp4
birdseed, https://media.signbsl.com/videos/asl/youtube/mp4/ptfk62E6R6g.mp4
birds of a feather flock together, https://media.signbsl.com/videos/asl/youtube/mp4/Tr_MlNteXek.mp4
birdsong, https://media.signbsl.com/videos/asl/youtube/mp4/a7JLqNb-IDY.mp4
birdwatch, https://media.signbsl.com/videos/asl/youtube/mp4/g-dqXWDJ40w.mp4
bird watcher, https://media.signbsl.com/videos/asl/youtube/mp4/oYyFScwyJOE.mp4
birl, https://media.signbsl.com/videos/asl/youtube/mp4/OANabjMSZrU.mp4
Biro, https://media.signbsl.com/videos/asl/youtube/mp4/DSlkNA9lk5c.mp4
birr, https://media.signbsl.com/videos/asl/youtube/mp4/E1BG46XfZm8.mp4
birth, https://media.signbsl.com/videos/asl/signlanguagestudent/mp4/birth%20(alternate%20graphic).mp4
birth certificate, https://player.vimeo.com/external/391202487.sd.mp4?s=a3a8822b145f73b90a2cbd576dbd9c84b5c61df4&profile_id=164
birth contractions, https://media.signbsl.com/videos/asl/youtube/mp4/ORxpYU9xazA.mp4
birthdate, https://player.vimeo.com/external/391202532.sd.mp4?s=a66b1dfacf0d2a0b4e7d769adcc40a35f273bd01&profile_id=164
birthday, https://media.signbsl.com/videos/asl/startasl/mp4/birthday.mp4
birthday suit, https://media.signbsl.com/videos/asl/aslsearch/mp4/raw.mp4
birthmark, https://player.vimeo.com/external/391202649.sd.mp4?s=e95059301f6a340bcb8c004855bb17e4e107450d&profile_id=164
birthplace, https://media.signbsl.com/videos/asl/youtube/mp4/W9INqL0rwwg.mp4
birthrate, https://media.signbsl.com/videos/asl/youtube/mp4/bxYhubgfG6w.mp4
birth rate, https://media.signbsl.com/videos/asl/youtube/mp4/bxYhubgfG6w.mp4
birthright, https://media.signbsl.com/videos/asl/youtube/mp4/JXfPP_nSwIo.mp4
birthroot, https://media.signbsl.com/videos/asl/youtube/mp4/OBx_1X2gptE.mp4
birthstone, https://media.signbsl.com/videos/asl/youtube/mp4/wn9BdTbQ1o4.mp4
biscuit, https://media.signbsl.com/videos/asl/startasl/mp4/cookie.mp4
bisect, https://media.signbsl.com/videos/asl/deaftec-math/mp4/6D.mp4
bisexual, https://player.vimeo.com/external/391202700.sd.mp4?s=7f2b5182434c2b1eb0740791a78e2f712069bdde&profile_id=164
bisexual person, https://player.vimeo.com/external/391202700.sd.mp4?s=7f2b5182434c2b1eb0740791a78e2f712069bdde&profile_id=164
bishop, https://media.signbsl.com/videos/asl/signlanguagestudent/mp4/bishop.mp4
Bishop of Rome, https://media.signbsl.com/videos/asl/aslsearch/mp4/pope.mp4
bishopric, https://media.signbsl.com/videos/asl/signlanguagestudent/mp4/bishopric.mp4
bison, https://media.signbsl.com/videos/asl/aslsearch/mp4/bison.mp4
bistro, https://media.signbsl.com/videos/asl/youtube/mp4/tAs-hkUn__k.mp4
bit, https://media.signbsl.com/videos/asl/aslsearch/mp4/spot.mp4
bit by bit, https://media.signbsl.com/videos/asl/youtube/mp4/AWZfXkdPWWw.mp4
bitch, https://media.signbsl.com/videos/asl/aslsignbank/mp4/BITCH-2114.mp4
bitchy, https://media.signbsl.com/videos/asl/youtube/mp4/BX9H5QRuNzk.mp4
bite, https://media.signbsl.com/videos/asl/startasl/mp4/bite.mp4
bite at bite on be fooled, https://media.signbsl.com/videos/asl/youtube/mp4/w15hgGZ4Ib8.mp4
bite nails, https://media.signbsl.com/videos/asl/youtube/mp4/ltBdEJhU5L4.mp4
bite neck, https://media.signbsl.com/videos/asl/youtube/mp4/rvvQEpsmx34.mp4
bite off more than you can chew, https://media.signbsl.com/videos/asl/youtube/mp4/bmA7UVvwV7A.mp4
biter, https://media.signbsl.com/videos/asl/youtube/mp4/f8WDFzUeU1w.mp4
bite up, https://media.signbsl.com/videos/asl/youtube/mp4/8W6DA-HpJEU.mp4
bit field, https://media.signbsl.com/videos/asl/deaftec/mp4/931.mp4
bit partbit player, https://media.signbsl.com/videos/asl/youtube/mp4/6Hsc4NaMGqg.mp4
bitsy, https://media.signbsl.com/videos/asl/youtube/mp4/WEcra0M_kgE.mp4
bitter, https://media.signbsl.com/videos/asl/startasl/mp4/bitter.mp4
bitter end, https://media.signbsl.com/videos/asl/youtube/mp4/dFxSVaOsC64.mp4
bitterness, https://media.signbsl.com/videos/asl/youtube/mp4/-GPNd06bAmQ.mp4
bitter pill to swallow, https://media.signbsl.com/videos/asl/youtube/mp4/QI4bDDeJfC8.mp4
bittersweet, https://media.signbsl.com/videos/asl/youtube/mp4/-4lKe71chgc.mp4
bittier, https://media.signbsl.com/videos/asl/youtube/mp4/Rh8p4Ue13C0.mp4
bivalve, https://media.signbsl.com/videos/asl/youtube/mp4/8JxM5aNlH7A.mp4
bivariate data, https://media.signbsl.com/videos/asl/tsdvideo/mp4/1485.mp4
bivouac, https://media.signbsl.com/videos/asl/aslsearch/mp4/camp.mp4
bivouacking, https://media.signbsl.com/videos/asl/startasl/mp4/camping.mp4
biweeklies, https://media.signbsl.com/videos/asl/aslsignbank/mp4/NUMBER-WEEKS-2864.mp4
biweekly, https://media.signbsl.com/videos/asl/aslsignbank/mp4/NUMBER-WEEKS-2864.mp4
biyearly, https://media.signbsl.com/videos/asl/aslsearch/mp4/semiannual.mp4
biz, https://media.signbsl.com/videos/asl/youtube/mp4/IdfEhd02UY8.mp4
bizarre, https://media.signbsl.com/videos/asl/aslsearch/mp4/bizarre.mp4
blab, https://media.signbsl.com/videos/asl/aslsearch/mp4/tattle.mp4
blabber, https://player.vimeo.com/external/395755650.sd.mp4?s=e614f7ba9f29061f03aa1ebe5b2ac124960ff956&profile_id=164
blabbermouth, https://media.signbsl.com/videos/asl/aslbricks/mp4/blabbermouth.mp4
blabbing, https://media.signbsl.com/videos/asl/aslbricks/mp4/blabbing.mp4
blab out, https://media.signbsl.com/videos/asl/aslsearch/mp4/tattle.mp4
black, https://media.signbsl.com/videos/asl/startasl/mp4/black.mp4
Black American, https://media.signbsl.com/videos/asl/youtube/mp4/D0eFjcwusnk.mp4
blackamoor, https://media.signbsl.com/videos/asl/youtube/mp4/hzjrQu2m9K4.mp4
black and blue, https://media.signbsl.com/videos/asl/youtube/mp4/ka9hVz69ZPA.mp4
black and white, https://media.signbsl.com/videos/asl/youtube/mp4/f74YrjYuFeg.mp4
blackball, https://media.signbsl.com/videos/asl/signlanguagestudent/mp4/cast%20out.mp4
blackberries, https://media.signbsl.com/videos/asl/aslsearch/mp4/blackberry.mp4
blackberry, https://media.signbsl.com/videos/asl/aslsearch/mp4/blackberry.mp4
blackbird, https://media.signbsl.com/videos/asl/youtube/mp4/TsY4ryDSCvc.mp4
blackboard, https://media.signbsl.com/videos/asl/aslsearch/mp4/chalkboard.mp4
black book, https://player.vimeo.com/external/391203886.sd.mp4?s=73da279b114e7205a795eac6fae9b448d665ad71&profile_id=164
blacked out, https://media.signbsl.com/videos/asl/youtube/mp4/OOaBJoY8_hY.mp4
blacken, https://media.signbsl.com/videos/asl/youtube/mp4/aJj86g0iB30.mp4
blacker, https://media.signbsl.com/videos/asl/youtube/mp4/JkMC3a73aoI.mp4
black eye, https://media.signbsl.com/videos/asl/youtube/mp4/0xH6D8FS02M.mp4
black eye reputation, https://media.signbsl.com/videos/asl/youtube/mp4/-4AhAeHWxU8.mp4
blackguard, https://media.signbsl.com/videos/asl/aslsearch/mp4/laugh-at.mp4
black history month, https://player.vimeo.com/external/392648164.sd.mp4?s=36da92f7decff3d71364dfabe526d774fc6b5e11&profile_id=164
black hole, https://media.signbsl.com/videos/asl/youtube/mp4/a9bcwl4rOLI.mp4
black ice, https://player.vimeo.com/external/392648200.sd.mp4?s=eca46759c90766c531370bf5cd4cbea20148a814&profile_id=164
blacking, https://media.signbsl.com/videos/asl/youtube/mp4/BYacrrujeNg.mp4
blackish, https://media.signbsl.com/videos/asl/youtube/mp4/AuVj056GyJI.mp4
blackleg, https://media.signbsl.com/videos/asl/youtube/mp4/ZEoGhzM5CoU.mp4
blacklist, https://player.vimeo.com/external/391203886.sd.mp4?s=73da279b114e7205a795eac6fae9b448d665ad71&profile_id=164
black lives matter, https://media.signbsl.com/videos/asl/thefamilyvocab/mp4/Black-Lives-Matter.mp4
blackmail, https://player.vimeo.com/external/391203955.sd.mp4?s=7d6d946df19b24b06a72d5e4373e7314bbdcb091&profile_id=164
blackmailer, https://media.signbsl.com/videos/asl/youtube/mp4/kMH4WeFDG7g.mp4
black market, https://player.vimeo.com/external/391203299.sd.mp4?s=ee3bed0ddf4cd0cc030354037bd204571cb8ded5&profile_id=164
black out, https://media.signbsl.com/videos/asl/aslsignbank/mp4/FAINT-752.mp4
blackout, https://media.signbsl.com/videos/asl/aslsignbank/mp4/FAINT-752.mp4
black out make dark, https://media.signbsl.com/videos/asl/youtube/mp4/U4VTLUeFSrw.mp4
Black Panther, https://player.vimeo.com/external/391203342.sd.mp4?s=88a904c1dd9995b7d425f352c63edad8feb0d788&profile_id=164
black people, https://player.vimeo.com/external/391203414.sd.mp4?s=0fc1cfe6c2ead3b9603f42054459b02528ac816b&profile_id=164
black pepper, https://player.vimeo.com/external/391203482.sd.mp4?s=b990cb2743e064c489cac379d8ef3c1cb0956aa1&profile_id=164
Black person, https://media.signbsl.com/videos/asl/youtube/mp4/hzjrQu2m9K4.mp4
black racer, https://media.signbsl.com/videos/asl/youtube/mp4/DF2HYSCptYU.mp4
blacksmith, https://media.signbsl.com/videos/asl/youtube/mp4/HdDAxpUlxrk.mp4
blacksnake, https://media.signbsl.com/videos/asl/youtube/mp4/DF2HYSCptYU.mp4
black tie, https://player.vimeo.com/external/392536605.sd.mp4?s=eee1736529acc82c50315c6f9f34256f0469a69a&profile_id=164
black will take no other hue, https://media.signbsl.com/videos/asl/youtube/mp4/gC6dcgxnUH4.mp4
bladder, https://media.signbsl.com/videos/asl/youtube/mp4/vtDJlg0LyAs.mp4
blade, https://media.signbsl.com/videos/asl/aslsearch/mp4/sword.mp4
blag, https://media.signbsl.com/videos/asl/youtube/mp4/qRQkv4NMMqs.mp4
blah, https://media.signbsl.com/videos/asl/youtube/mp4/ZzVp0Uav_AM.mp4
blah blah blah, https://media.signbsl.com/videos/asl/aslsignbank/mp4/MOUTH-TALK-1173.mp4
blamable, https://player.vimeo.com/external/391204275.sd.mp4?s=f7e1f9664483b187696640c552b6d1297c77fcc8&profile_id=164
blame, https://media.signbsl.com/videos/asl/aslsignbank/mp4/FAULT-2914.mp4
blameable, https://player.vimeo.com/external/391204275.sd.mp4?s=f7e1f9664483b187696640c552b6d1297c77fcc8&profile_id=164
blamed, https://media.signbsl.com/videos/asl/youtube/mp4/y1TUF09lTTk.mp4
blameful, https://player.vimeo.com/external/391204275.sd.mp4?s=f7e1f9664483b187696640c552b6d1297c77fcc8&profile_id=164
blameless, https://media.signbsl.com/videos/asl/valleybible/mp4/blameless.mp4
blame me, https://media.signbsl.com/videos/asl/youtube/mp4/FKx8OCXEgPU.mp4
blameworthiness, https://media.signbsl.com/videos/asl/youtube/mp4/LT-aOhFdsU8.mp4
blameworthy, https://player.vimeo.com/external/391204275.sd.mp4?s=f7e1f9664483b187696640c552b6d1297c77fcc8&profile_id=164
blanch, https://media.signbsl.com/videos/asl/youtube/mp4/SaaSlJfWGNk.mp4
blanched, https://media.signbsl.com/videos/asl/youtube/mp4/3NfwtKTwaWM.mp4
bland, https://player.vimeo.com/external/391204398.sd.mp4?s=ae2d2fccdb57709d47dfa5db4b587112d0470301&profile_id=164
blander, https://media.signbsl.com/videos/asl/youtube/mp4/mP9zKKVtzY0.mp4
blandish, https://media.signbsl.com/videos/asl/aslsignbank/mp4/FLIRT-2565.mp4
blank, https://media.signbsl.com/videos/asl/aslsearch/mp4/blank.mp4
blank check, https://media.signbsl.com/videos/asl/youtube/mp4/HhhLvJTC8nE.mp4
blank cheque, https://media.signbsl.com/videos/asl/youtube/mp4/HhhLvJTC8nE.mp4
blanket, https://media.signbsl.com/videos/asl/startasl/mp4/blanket.mp4
blanket with, https://media.signbsl.com/videos/asl/youtube/mp4/GKnQEb2a1B8.mp4
blank minded, https://player.vimeo.com/external/391204442.sd.mp4?s=097cfc7addfd1a1f4cb78a97b631fa66c414425c&profile_id=164
blank out, https://player.vimeo.com/external/392671870.sd.mp4?s=30b521a1710cf664777acbc03645d4c5513dddf0&profile_id=164
blank shell, https://player.vimeo.com/external/391204549.sd.mp4?s=a22ba988d6833fcfa69b00aff9c2cb9a7fb0ab28&profile_id=164
blank slate, https://media.signbsl.com/videos/asl/youtube/mp4/EAaho1qNzHY.mp4
blare, https://media.signbsl.com/videos/asl/youtube/mp4/iFo1rXi2TEY.mp4
blaring, https://media.signbsl.com/videos/asl/youtube/mp4/iFo1rXi2TEY.mp4
blarney, https://media.signbsl.com/videos/asl/youtube/mp4/YC9oDGG1rCs.mp4
blase, https://media.signbsl.com/videos/asl/aslsignbank/mp4/DON'T-FEEL-LIKE-1271.mp4
blaspheme, https://media.signbsl.com/videos/asl/aslsearch/mp4/curse.mp4
blasphemer, https://media.signbsl.com/videos/asl/youtube/mp4/Oc6_6Jx-RSI.mp4
blasphemous, https://player.vimeo.com/external/392422529.sd.mp4?s=e5b6690f9957064c694345f1ed8b0d68f86f4f1f&profile_id=164
blasphemy, https://media.signbsl.com/videos/asl/signlanguagestudent/mp4/blasphemy.mp4
blast, https://media.signbsl.com/videos/asl/youtube/mp4/akHpOgqn6ec.mp4
blasted, https://media.signbsl.com/videos/asl/youtube/mp4/y1TUF09lTTk.mp4
blast from the past, https://media.signbsl.com/videos/asl/youtube/mp4/2cqit3bdVOM.mp4
blast off, https://media.signbsl.com/videos/asl/aslsearch/mp4/blast-off.mp4
blatancies, https://media.signbsl.com/videos/asl/youtube/mp4/hy8sadUlXGc.mp4
blatancy, https://media.signbsl.com/videos/asl/youtube/mp4/hy8sadUlXGc.mp4
blather, https://media.signbsl.com/videos/asl/youtube/mp4/fh5NLDMuVvo.mp4
blathering, https://player.vimeo.com/external/391188827.sd.mp4?s=004f185391fb94168f8e280183d2c5f67ca915c1&profile_id=164
blaze, https://media.signbsl.com/videos/asl/youtube/mp4/JWEIAQXrdlM.mp4
blaze a new trail, https://media.signbsl.com/videos/asl/youtube/mp4/6-kYMpkq3NY.mp4
blazer, https://media.signbsl.com/videos/asl/youtube/mp4/ajQNkGes4ls.mp4
blazes, https://media.signbsl.com/videos/asl/youtube/mp4/lY3VeiThkCQ.mp4
blaze up, https://player.vimeo.com/external/391223055.sd.mp4?s=c3c4917b4263eec1379dee9fa8e645f9c069f275&profile_id=164
blazon, https://media.signbsl.com/videos/asl/youtube/mp4/i4GxcStIyFc.mp4
blazonry, https://media.signbsl.com/videos/asl/youtube/mp4/i4GxcStIyFc.mp4
bleach, https://media.signbsl.com/videos/asl/youtube/mp4/bsNh-3iEScc.mp4
bleachbleach out, https://media.signbsl.com/videos/asl/youtube/mp4/nQ_F4-_k9UI.mp4
bleacher, https://media.signbsl.com/videos/asl/youtube/mp4/cG9AUvSMVTY.mp4
bleak, https://media.signbsl.com/videos/asl/youtube/mp4/QiTpyt9a7bA.mp4
bleaker, https://media.signbsl.com/videos/asl/youtube/mp4/ruPu3wdlqS4.mp4
blear, https://media.signbsl.com/videos/asl/youtube/mp4/ZBnvtIhjUf8.mp4
blearier, https://media.signbsl.com/videos/asl/youtube/mp4/YkSvk1Q8qBQ.mp4
bleary, https://media.signbsl.com/videos/asl/aslsearch/mp4/blurred.mp4
bleat, https://media.signbsl.com/videos/asl/youtube/mp4/_YU_WrZtjCs.mp4
bled, https://media.signbsl.com/videos/asl/youtube/mp4/KdLMf-ieB8Q.mp4
bleed, https://media.signbsl.com/videos/asl/aslsignbank/mp4/BLOOD-416.mp4
bleed dry, https://media.signbsl.com/videos/asl/youtube/mp4/L1F1KaMT398.mp4
bleeder, https://media.signbsl.com/videos/asl/youtube/mp4/YbYBe9RTmFc.mp4
bleeding, https://media.signbsl.com/videos/asl/youtube/mp4/5BDDwJru8wc.mp4
bleeding edge, https://media.signbsl.com/videos/asl/youtube/mp4/8T83SoSj7T4.mp4
bleeding heart, https://media.signbsl.com/videos/asl/youtube/mp4/XABNVVlCw0E.mp4
bleed out blood, https://media.signbsl.com/videos/asl/youtube/mp4/yo_BrMizTPQ.mp4
bleep, https://media.signbsl.com/videos/asl/aslsignbank/mp4/FLASH-1483.mp4
bleh, https://media.signbsl.com/videos/asl/youtube/mp4/UUQrt3bj9mo.mp4
blemish, https://player.vimeo.com/external/391204784.sd.mp4?s=d580594843e8bc042de65df483ef4b734dc85dab&profile_id=164
blend, https://media.signbsl.com/videos/asl/aslsignbank/mp4/MATCH-1624.mp4
blend door, https://media.signbsl.com/videos/asl/AustinCommunityCollege/mp4/auto_blend_door_.mp4
blender, https://media.signbsl.com/videos/asl/aslsearch/mp4/blender.mp4
bless, https://media.signbsl.com/videos/asl/aslsignbank/mp4/BLESS-2116.mp4
bless alternate a, https://media.signbsl.com/videos/asl/signlanguagestudent/mp4/bless%20(alternate%20a).mp4
bless catholic, https://media.signbsl.com/videos/asl/signlanguagestudent/mp4/bless%20(catholic).mp4
blessed, https://media.signbsl.com/videos/asl/youtube/mp4/y1TUF09lTTk.mp4
blessedness, https://media.signbsl.com/videos/asl/youtube/mp4/2T_raDpk6O0.mp4
Blessed Trinity, https://media.signbsl.com/videos/asl/handsofgrace/mp4/guR9ozdPMt4.mp4
Blessed Virgin, https://media.signbsl.com/videos/asl/youtube/mp4/VAMstyi3oJQ.mp4
blessing, https://media.signbsl.com/videos/asl/ids/mp4/2013-11-610-blessing-1500k-ase.mp4
Blessings of the Priesthood, https://media.signbsl.com/videos/asl/ids/mp4/2013-11-635-blessings-of-the-priesthood-1500k-ase.mp4
Blessings of the Temple, https://media.signbsl.com/videos/asl/ids/mp4/2013-11-620-blessings-of-the-temple-1500k-ase.mp4
bless you, https://media.signbsl.com/videos/asl/aslsearch/mp4/bless-you.mp4
bless your pointy little head, https://media.signbsl.com/videos/asl/youtube/mp4/7c8w7XMrxrs.mp4
blether, https://media.signbsl.com/videos/asl/youtube/mp4/fh5NLDMuVvo.mp4
blew, https://media.signbsl.com/videos/asl/youtube/mp4/bPYLIvtdll0.mp4
blew about, https://media.signbsl.com/videos/asl/youtube/mp4/iTpmrU3iE4Y.mp4
blew off, https://media.signbsl.com/videos/asl/youtube/mp4/VUu4jg4vSHA.mp4
blew up, https://media.signbsl.com/videos/asl/youtube/mp4/RxOh1z6R4qQ.mp4
blew very hard, https://media.signbsl.com/videos/asl/youtube/mp4/ZmfWnbU3DnY.mp4
blight, https://media.signbsl.com/videos/asl/youtube/mp4/2TjpqmQTzvQ.mp4
blighter, https://media.signbsl.com/videos/asl/youtube/mp4/nIeOKwHT77E.mp4
blind, https://media.signbsl.com/videos/asl/startasl/mp4/blinds.mp4
blind date, https://player.vimeo.com/external/391204994.sd.mp4?s=ab612193a9f6730849de86e08ca247044e1ae6bc&profile_id=164
blind drunk, https://player.vimeo.com/external/392518215.sd.mp4?s=113d53ba6f2c71f52d578ada70db149ecff96e8b&profile_id=164
blinder, https://media.signbsl.com/videos/asl/youtube/mp4/H-krRWSxIYA.mp4
blindfold, https://media.signbsl.com/videos/asl/youtube/mp4/t-OJHzZThHg.mp4
blindfolds, https://media.signbsl.com/videos/asl/youtube/mp4/t-OJHzZThHg.mp4
blinds, https://media.signbsl.com/videos/asl/startasl/mp4/blinds.mp4
blindside, https://media.signbsl.com/videos/asl/youtube/mp4/u2Hzg0fw19Q.mp4
blind spot, https://player.vimeo.com/external/391205070.sd.mp4?s=62a8aadee02218500e40ff239689b9cdfacbb57e&profile_id=164
blind to, https://media.signbsl.com/videos/asl/youtube/mp4/z_oXnIsxIUE.mp4
bling, https://media.signbsl.com/videos/asl/youtube/mp4/EMH8NTTg5Hc.mp4
blink, https://media.signbsl.com/videos/asl/aslsignbank/mp4/CLOSE-EYES-1983.mp4
blinker, https://media.signbsl.com/videos/asl/youtube/mp4/XL1WZ-OeRFo.mp4
bliss, https://media.signbsl.com/videos/asl/youtube/mp4/jvw2yCiIy_0.mp4
blissful, https://media.signbsl.com/videos/asl/youtube/mp4/FR4cjGOg2Q4.mp4
blissfulness, https://media.signbsl.com/videos/asl/youtube/mp4/jvw2yCiIy_0.mp4
blister, https://player.vimeo.com/external/391205255.sd.mp4?s=0306781fa47b119d29ce7c50440496b520c31633&profile_id=164
blistering, https://media.signbsl.com/videos/asl/youtube/mp4/TpDci3j9x0Q.mp4
blithe, https://media.signbsl.com/videos/asl/youtube/mp4/X9WWYrxCZ4Y.mp4
blither, https://media.signbsl.com/videos/asl/youtube/mp4/fh5NLDMuVvo.mp4
blithering, https://player.vimeo.com/external/391188827.sd.mp4?s=004f185391fb94168f8e280183d2c5f67ca915c1&profile_id=164
blitz, https://media.signbsl.com/videos/asl/youtube/mp4/suc7cYJOx-A.mp4
blitz football, https://media.signbsl.com/videos/asl/youtube/mp4/QmX6GlGm9Uo.mp4
blizzard, https://player.vimeo.com/external/391205328.sd.mp4?s=43e7ca0f765647a20816aeb34596acbb72c3c215&profile_id=164
bloat, https://media.signbsl.com/videos/asl/youtube/mp4/mFKisbP2wKQ.mp4
blob, https://media.signbsl.com/videos/asl/youtube/mp4/uTmvPVgNyQU.mp4
bloc, https://media.signbsl.com/videos/asl/youtube/mp4/DrsWLBSXQas.mp4
block, https://media.signbsl.com/videos/asl/aslsignbank/mp4/BRICK-2136.mp4
blockade, https://media.signbsl.com/videos/asl/aslsignbank/mp4/EMBARRASS-2756.mp4
blockader, https://media.signbsl.com/videos/asl/youtube/mp4/0FTfW7va7zo.mp4
blockbuster, https://media.signbsl.com/videos/asl/youtube/mp4/vIOJX88UMdg.mp4
blocker, https://media.signbsl.com/videos/asl/youtube/mp4/6kgjmn3h-Cw.mp4
blockhead, https://player.vimeo.com/external/391206075.sd.mp4?s=70036e65baeb2a49618c767f8923c823ff04370d&profile_id=164
blockhouse, https://media.signbsl.com/videos/asl/youtube/mp4/YnBICRP5MuU.mp4
block in, https://media.signbsl.com/videos/asl/youtube/mp4/QBTwY1NHHDc.mp4
blocking, https://media.signbsl.com/videos/asl/youtube/mp4/Y3uT-Qc4lcw.mp4
blocking agent, https://media.signbsl.com/videos/asl/youtube/mp4/6kgjmn3h-Cw.mp4
block off, https://media.signbsl.com/videos/asl/youtube/mp4/8VxJxFt4aXs.mp4
block out, https://media.signbsl.com/videos/asl/youtube/mp4/hJIwPTqtRe8.mp4
block out thoughts, https://media.signbsl.com/videos/asl/youtube/mp4/TVs3F4dX_nM.mp4
blocks, https://media.signbsl.com/videos/asl/aslsignbank/mp4/BRICK-2136.mp4
block the ball football, https://media.signbsl.com/videos/asl/youtube/mp4/XtYM9YTqMtQ.mp4
blog, https://media.signbsl.com/videos/asl/startasl/mp4/blog.mp4
bloke, https://player.vimeo.com/external/392142510.sd.mp4?s=1c2ab61bc158cdc7060398c56a8907cf0f0e447b&profile_id=164
blond, https://media.signbsl.com/videos/asl/youtube/mp4/SOT4SoSacAE.mp4
blonde, https://media.signbsl.com/videos/asl/youtube/mp4/SOT4SoSacAE.mp4
blonder, https://media.signbsl.com/videos/asl/youtube/mp4/aPqgYEtd0M0.mp4
blondish, https://media.signbsl.com/videos/asl/youtube/mp4/XdPGvwOpP60.mp4
blood, https://media.signbsl.com/videos/asl/signlanguagestudent/mp4/blood.mp4
bloodbath, https://player.vimeo.com/external/391206213.sd.mp4?s=f56b95c8c1cd4a15cfe073a881e11608436f32c3&profile_id=164
blood boiling, https://media.signbsl.com/videos/asl/youtube/mp4/RCyV070tVTQ.mp4
blood brother, https://media.signbsl.com/videos/asl/startasl/mp4/brother.mp4
blood cell, https://media.signbsl.com/videos/asl/youtube/mp4/sJ_61Nf2MQY.mp4
blood corpuscle, https://media.signbsl.com/videos/asl/youtube/mp4/sJ_61Nf2MQY.mp4
bloodcurdling, https://player.vimeo.com/external/392161814.sd.mp4?s=5199edf4c75cef8056c198a62f06e826cb853815&profile_id=164
blood draw, https://player.vimeo.com/external/391206124.sd.mp4?s=8947941111b7d521e75bbca4c4683c0187ff8096&profile_id=164
blood from a turnipblood out of a stone, https://media.signbsl.com/videos/asl/youtube/mp4/gm153nS846U.mp4
blood glucose, https://player.vimeo.com/external/391206168.sd.mp4?s=006a888d4db80851dc7225727c2f444d4f546e2e&profile_id=164
bloodhound, https://media.signbsl.com/videos/asl/youtube/mp4/YHc8qX9pCec.mp4
bloodied, https://media.signbsl.com/videos/asl/youtube/mp4/WkrzSaV-nvI.mp4
bloodier, https://media.signbsl.com/videos/asl/youtube/mp4/nj7HGPGZ0Ds.mp4
bloodiness, https://media.signbsl.com/videos/asl/youtube/mp4/ilEbFwL40tY.mp4
bloodless, https://media.signbsl.com/videos/asl/youtube/mp4/rAtetffTMQQ.mp4
bloodletting, https://player.vimeo.com/external/391206213.sd.mp4?s=f56b95c8c1cd4a15cfe073a881e11608436f32c3&profile_id=164
blood line, https://media.signbsl.com/videos/asl/ids/mp4/2013-11-3480-pedigree-1500k-ase.mp4
bloodline, https://media.signbsl.com/videos/asl/ids/mp4/2013-11-3480-pedigree-1500k-ase.mp4
bloodmobile, https://media.signbsl.com/videos/asl/youtube/mp4/IZbeIIfurHA.mp4
blood money, https://media.signbsl.com/videos/asl/youtube/mp4/9IExaLBaD2M.mp4
Blood of Christ, https://media.signbsl.com/videos/asl/ids/mp4/2013-11-640-blood-of-christ-1500k-ase.mp4
blood platelet, https://media.signbsl.com/videos/asl/deaftec/mp4/1416.mp4
blood pressure, https://media.signbsl.com/videos/asl/aslsearch/mp4/blood-pressure.mp4
blood red, https://media.signbsl.com/videos/asl/startasl/mp4/red.mp4
blood related, https://media.signbsl.com/videos/asl/youtube/mp4/m54wfBvHy8E.mp4
blood relation, https://media.signbsl.com/videos/asl/youtube/mp4/-sfCo6QT2Uw.mp4
blood relative, https://media.signbsl.com/videos/asl/youtube/mp4/-sfCo6QT2Uw.mp4
bloodshed, https://player.vimeo.com/external/391206213.sd.mp4?s=f56b95c8c1cd4a15cfe073a881e11608436f32c3&profile_id=164
bloodstain, https://media.signbsl.com/videos/asl/youtube/mp4/DvPWwqqWYQA.mp4
bloodsucker, https://media.signbsl.com/videos/asl/youtube/mp4/rVVObIKCnPk.mp4
blood sugar, https://player.vimeo.com/external/391206168.sd.mp4?s=006a888d4db80851dc7225727c2f444d4f546e2e&profile_id=164
bloodthirstier, https://media.signbsl.com/videos/asl/youtube/mp4/c9t2vR_CV_4.mp4
bloodthirstily, https://media.signbsl.com/videos/asl/youtube/mp4/MDrroSQhqoY.mp4
blood transfusion, https://player.vimeo.com/external/392529307.sd.mp4?s=0f135b6c5bdc4df901ad51f3c24ed90f7833b031&profile_id=164
blood vessel, https://media.signbsl.com/videos/asl/youtube/mp4/vdz9CxQ4i0k.mp4
bloody nose, https://media.signbsl.com/videos/asl/aslsignbank/mp4/RUNNY-NOSE-2191.mp4
bloom, https://media.signbsl.com/videos/asl/youtube/mp4/P0PnlRmuCeY.mp4
bloomer, https://player.vimeo.com/external/391206566.sd.mp4?s=02bb6d1dac0b98a725e6a55537518e36986978f5&profile_id=164
bloomers, https://media.signbsl.com/videos/asl/youtube/mp4/Y0kmKEMkhLE.mp4
blooming, https://media.signbsl.com/videos/asl/youtube/mp4/P0PnlRmuCeY.mp4
bloom is off the rose, https://media.signbsl.com/videos/asl/youtube/mp4/hZDnKNXysb4.mp4
bloop, https://media.signbsl.com/videos/asl/youtube/mp4/W2V4U_QyOik.mp4
blooper, https://player.vimeo.com/external/391206566.sd.mp4?s=02bb6d1dac0b98a725e6a55537518e36986978f5&profile_id=164
blossom, https://media.signbsl.com/videos/asl/aslsignbank/mp4/GROW-1853.mp4
blossoming, https://media.signbsl.com/videos/asl/youtube/mp4/At90l8CGn_E.mp4
blot, https://media.signbsl.com/videos/asl/youtube/mp4/DHB2Qx5gd9Y.mp4
blotch, https://media.signbsl.com/videos/asl/youtube/mp4/9uY0DDjPKyU.mp4
blotchier, https://media.signbsl.com/videos/asl/youtube/mp4/qtQLEBykig0.mp4
blotchy, https://media.signbsl.com/videos/asl/youtube/mp4/wsBxjitz1lo.mp4
blot out, https://media.signbsl.com/videos/asl/youtube/mp4/inyks2UBU7w.mp4
blotter, https://media.signbsl.com/videos/asl/youtube/mp4/dPf39YQF_4o.mp4
blotto, https://player.vimeo.com/external/392518215.sd.mp4?s=113d53ba6f2c71f52d578ada70db149ecff96e8b&profile_id=164
blouse, https://media.signbsl.com/videos/asl/aslsignbank/mp4/BLOUSE-1977.mp4
blow, https://media.signbsl.com/videos/asl/aslsignbank/mp4/BLOW-UP-43.mp4
blow a fuse, https://media.signbsl.com/videos/asl/youtube/mp4/LMPPEKxGRjg.mp4
blow away clean by blowing, https://media.signbsl.com/videos/asl/youtube/mp4/ZhYBSWlvvXc.mp4
blow away  easily defeat, NA
blow away impress, https://media.signbsl.com/videos/asl/youtube/mp4/Wsquyn76gGQ.mp4
blow away shoot and kill, https://media.signbsl.com/videos/asl/youtube/mp4/2P97pzzBhgE.mp4
blow away wind, https://media.signbsl.com/videos/asl/youtube/mp4/vcw8HzkcnbI.mp4
blowball, https://player.vimeo.com/external/391916374.sd.mp4?s=8801eddc2671955b603bba64a593cefc13f02318&profile_id=164
blow by blow, https://media.signbsl.com/videos/asl/youtube/mp4/VDELRVTKkR0.mp4
blow downblow over wind, https://media.signbsl.com/videos/asl/youtube/mp4/lzbiliqCahE.mp4
blowdried, https://media.signbsl.com/videos/asl/youtube/mp4/jcMtdB5qwq0.mp4
blow drier, https://player.vimeo.com/external/392161729.sd.mp4?s=b317583e2f3d02f064419012477c22fcccb57f78&profile_id=164
blow dry, https://media.signbsl.com/videos/asl/aslsignbank/mp4/HAIRDRYER-2118.mp4
blow dryer, https://player.vimeo.com/external/392161729.sd.mp4?s=b317583e2f3d02f064419012477c22fcccb57f78&profile_id=164
blower, https://media.signbsl.com/videos/asl/AustinCommunityCollege/mp4/auto_blower_.mp4
blowgun, https://media.signbsl.com/videos/asl/youtube/mp4/ozqskgPhzaw.mp4
blowhard, https://player.vimeo.com/external/391211572.sd.mp4?s=73ab19435dfddbdded12ecceb1bdbf7a769c93bb&profile_id=164
blowhole, https://media.signbsl.com/videos/asl/youtube/mp4/lKiYMqC16mY.mp4
blow hot and cold, https://player.vimeo.com/external/391206353.sd.mp4?s=fe229c5c045601b3e228ba14b6728a1e9e4c748d&profile_id=164
blowier, https://media.signbsl.com/videos/asl/youtube/mp4/mBTA_2S--wc.mp4
blowing smoke, https://media.signbsl.com/videos/asl/youtube/mp4/Uah63WFjeF8.mp4
blow it, https://player.vimeo.com/external/391206367.sd.mp4?s=afe273b49d7bd723e140506c5080b1152b1e190c&profile_id=164
blowlamp, https://media.signbsl.com/videos/asl/youtube/mp4/jLYd4K87RCs.mp4
blow me down, https://media.signbsl.com/videos/asl/youtube/mp4/KPDZjkMJ4kk.mp4
blow money, https://media.signbsl.com/videos/asl/startasl/mp4/blow-money.mp4
blown out, https://media.signbsl.com/videos/asl/youtube/mp4/MQ_289HQc9Y.mp4
blow ones stack, https://media.signbsl.com/videos/asl/youtube/mp4/LMPPEKxGRjg.mp4
blowout, https://media.signbsl.com/videos/asl/youtube/mp4/agnnlvA57B8.mp4
blow out, https://media.signbsl.com/videos/asl/youtube/mp4/agnnlvA57B8.mp4
blow out extinguish, https://media.signbsl.com/videos/asl/youtube/mp4/zp9GvJZ74rA.mp4
blowpipe, https://media.signbsl.com/videos/asl/youtube/mp4/ozqskgPhzaw.mp4
blow smoke, https://media.signbsl.com/videos/asl/youtube/mp4/XONaD-fnpdA.mp4
blow the cobwebs away, https://media.signbsl.com/videos/asl/youtube/mp4/FqHKrXWFb0U.mp4
blow the whistle, https://media.signbsl.com/videos/asl/youtube/mp4/e3QUevCph3w.mp4
blow the whistle on, https://media.signbsl.com/videos/asl/youtube/mp4/sV_iTaCNnTo.mp4
blowtorch, https://media.signbsl.com/videos/asl/youtube/mp4/jLYd4K87RCs.mp4
blow tube, https://media.signbsl.com/videos/asl/youtube/mp4/ozqskgPhzaw.mp4
blowtube, https://media.signbsl.com/videos/asl/youtube/mp4/ozqskgPhzaw.mp4
blow up, https://media.signbsl.com/videos/asl/AustinCommunityCollege/mp4/auto_pads_.mp4
blowup, https://media.signbsl.com/videos/asl/AustinCommunityCollege/mp4/auto_pads_.mp4
blow whistle, https://media.signbsl.com/videos/asl/youtube/mp4/cYOnpYmh6vs.mp4
blowy, https://media.signbsl.com/videos/asl/aslsearch/mp4/breezy.mp4
blow your brains out, https://media.signbsl.com/videos/asl/youtube/mp4/LULyKXK7SVI.mp4
blow your nose, https://media.signbsl.com/videos/asl/youtube/mp4/QlagqPj0Bp8.mp4
BLT, https://media.signbsl.com/videos/asl/mariekatzenbachschool/mp4/BLT.mp4
blub, https://media.signbsl.com/videos/asl/youtube/mp4/_2jPWhM0IcM.mp4
blubber, https://media.signbsl.com/videos/asl/startasl/mp4/fat-2.mp4
bludgeon, https://media.signbsl.com/videos/asl/youtube/mp4/fny1cYarVhM.mp4
blue, https://media.signbsl.com/videos/asl/startasl/mp4/blue.mp4
blue air, https://media.signbsl.com/videos/asl/youtube/mp4/RPrVjRi-rGg.mp4
blueberry, https://media.signbsl.com/videos/asl/aslsearch/mp4/blueberry.mp4
blueberry bush, https://media.signbsl.com/videos/asl/aslsearch/mp4/blueberry.mp4
bluebird, https://media.signbsl.com/videos/asl/youtube/mp4/TNCoRHU2f5k.mp4
blue black, https://media.signbsl.com/videos/asl/startasl/mp4/blue.mp4
blue blood, https://media.signbsl.com/videos/asl/youtube/mp4/1uRfPPe1j2U.mp4
bluebottle, https://media.signbsl.com/videos/asl/youtube/mp4/m1nGKMmWmwE.mp4
blue collar, https://player.vimeo.com/external/391206430.sd.mp4?s=f58c378ed8390a841fc16325459c2b597f0c3f60&profile_id=164
blue crab, https://player.vimeo.com/external/391206459.sd.mp4?s=58121b695d394143f4620dcb79cec9959080f47e&profile_id=164
blue eyed boy, https://media.signbsl.com/videos/asl/youtube/mp4/j6UzWeRqn-M.mp4
bluefish, https://media.signbsl.com/videos/asl/youtube/mp4/za4FNbbm52U.mp4
Bluegrass State, https://media.signbsl.com/videos/asl/youtube/mp4/Na2vaztGlHc.mp4
blueish, https://media.signbsl.com/videos/asl/startasl/mp4/blue.mp4
bluejacket, https://media.signbsl.com/videos/asl/youtube/mp4/7QoAg7NDtF0.mp4
blue jean, https://media.signbsl.com/videos/asl/aslsignbank/mp4/JEANS-2902.mp4
blue monday, https://media.signbsl.com/videos/asl/youtube/mp4/mYN9dRrJ_0Q.mp4
blue pencil, https://media.signbsl.com/videos/asl/aslsearch/mp4/delete.mp4
blueprint, https://player.vimeo.com/external/391206543.sd.mp4?s=bf54769ac383279df8e08319a0de06b734004a43&profile_id=164
bluer, https://media.signbsl.com/videos/asl/youtube/mp4/6P5PP1SwnJo.mp4
blue skies, https://media.signbsl.com/videos/asl/youtube/mp4/RPrVjRi-rGg.mp4
blue sky, https://media.signbsl.com/videos/asl/youtube/mp4/RPrVjRi-rGg.mp4
bluesy, https://media.signbsl.com/videos/asl/youtube/mp4/eENS3uIkVUM.mp4
bluetooth, https://media.signbsl.com/videos/asl/startasl/mp4/bluetooth.mp4
bluff, https://media.signbsl.com/videos/asl/youtube/mp4/X-CYPapu3P4.mp4
bluffer, https://media.signbsl.com/videos/asl/youtube/mp4/VjRabyK2EbM.mp4
bluish, https://media.signbsl.com/videos/asl/startasl/mp4/blue.mp4
blunder, https://player.vimeo.com/external/391206566.sd.mp4?s=02bb6d1dac0b98a725e6a55537518e36986978f5&profile_id=164
blunderer, https://media.signbsl.com/videos/asl/youtube/mp4/kgTgJVKbq-Y.mp4
blunder out, https://media.signbsl.com/videos/asl/youtube/mp4/CGdho1SpmzY.mp4
blunt, https://media.signbsl.com/videos/asl/aslsearch/mp4/blunt.mp4
blunter, https://media.signbsl.com/videos/asl/youtube/mp4/rOew3UAAVn8.mp4
blur, https://media.signbsl.com/videos/asl/aslsignbank/mp4/COVER-UP-2644.mp4
blurb, https://media.signbsl.com/videos/asl/youtube/mp4/g9GD3mUPJ6o.mp4
blurred, https://media.signbsl.com/videos/asl/aslsearch/mp4/blurred.mp4
blurred vision, https://player.vimeo.com/external/392648319.sd.mp4?s=5001b79c6d6a98df11345a1bb593c7b39d2e83a0&profile_id=164
blurriness, https://media.signbsl.com/videos/asl/youtube/mp4/USJ2blffQuI.mp4
blurry, https://media.signbsl.com/videos/asl/aslsearch/mp4/blurred.mp4
blurt, https://media.signbsl.com/videos/asl/youtube/mp4/CGdho1SpmzY.mp4
blurt out, https://media.signbsl.com/videos/asl/youtube/mp4/CGdho1SpmzY.mp4
blush, https://media.signbsl.com/videos/asl/aslsignbank/mp4/MAKE-UP-1629.mp4
blusher, https://media.signbsl.com/videos/asl/youtube/mp4/4l3BzIWPPlM.mp4
blushing, NA
blush make up, https://media.signbsl.com/videos/asl/youtube/mp4/NMZKg9yQkFQ.mp4
bluster, https://media.signbsl.com/videos/asl/aslsearch/mp4/brag.mp4
blusterer, https://player.vimeo.com/external/392277436.sd.mp4?s=e24d4a433373c205ac953144241b7b3bbea99f86&profile_id=164
blustering, https://media.signbsl.com/videos/asl/aslsearch/mp4/blustery.mp4
blusterous, https://media.signbsl.com/videos/asl/aslsearch/mp4/blustery.mp4
blustery, https://media.signbsl.com/videos/asl/aslsearch/mp4/blustery.mp4
bm, https://player.vimeo.com/external/391210740.sd.mp4?s=9e2d1cfe3897ecf8922d73b4e5bcf3345b5cf044&profile_id=164
bmw, https://player.vimeo.com/external/391206655.sd.mp4?s=3b04894d833ac2742c8082c0fa8dab85e99e31b4&profile_id=164
boadacious, https://media.signbsl.com/videos/asl/youtube/mp4/TO7kJYUdttY.mp4
board, https://media.signbsl.com/videos/asl/aslsignbank/mp4/BOARD-2120.mp4
boarder, https://media.signbsl.com/videos/asl/youtube/mp4/zuMy73ocyoY.mp4
board game, https://media.signbsl.com/videos/asl/aslsearch/mp4/board-game.mp4
boarding, https://player.vimeo.com/external/392763883.sd.mp4?s=12d9a677eaaa42f14db759ee8833f26b848c1826&profile_id=164
boarding house, https://media.signbsl.com/videos/asl/youtube/mp4/jiwUtX9fAzg.mp4
boardinghouse, https://media.signbsl.com/videos/asl/youtube/mp4/jiwUtX9fAzg.mp4
board of directors, https://media.signbsl.com/videos/asl/signlanguagestudent/mp4/board%20(of%20directors).mp4
board of trustees, https://media.signbsl.com/videos/asl/youtube/mp4/TzYMEx9PfTc.mp4
boardroom, https://player.vimeo.com/external/391206779.sd.mp4?s=345ae5cf82fc9cb43c424098852bf06b60f71a58&profile_id=164
board up board house, https://media.signbsl.com/videos/asl/youtube/mp4/i1DCcUDyfVY.mp4
board wood, https://media.signbsl.com/videos/asl/signlanguagestudent/mp4/board%20(wood).mp4
boast, https://media.signbsl.com/videos/asl/aslsearch/mp4/brag.mp4
boaster, https://player.vimeo.com/external/391211572.sd.mp4?s=73ab19435dfddbdded12ecceb1bdbf7a769c93bb&profile_id=164
boat, https://media.signbsl.com/videos/asl/startasl/mp4/boat.mp4
boater, https://media.signbsl.com/videos/asl/aslsearch/mp4/straw-hat.mp4
boathouse, https://media.signbsl.com/videos/asl/youtube/mp4/Lsb9BVdU2bQ.mp4
boatload, https://media.signbsl.com/videos/asl/youtube/mp4/tYpTBJlXtlk.mp4
boat paddle, https://media.signbsl.com/videos/asl/aslsearch/mp4/paddle.mp4
boatswain, https://media.signbsl.com/videos/asl/youtube/mp4/uyLgh10d6uA.mp4
boatyard, https://media.signbsl.com/videos/asl/youtube/mp4/DLoF8Mw9RrM.mp4
bob, https://media.signbsl.com/videos/asl/youtube/mp4/55KcWQWuOwY.mp4
boba, https://media.signbsl.com/videos/asl/thefamilyvocab/mp4/Boba.mp4
bobbed up and down like a little red cherry, https://media.signbsl.com/videos/asl/youtube/mp4/4O3s_G3WYjs.mp4
bobber, https://media.signbsl.com/videos/asl/youtube/mp4/TfZ_WBYNyiU.mp4
bobbies, https://media.signbsl.com/videos/asl/youtube/mp4/YwBNILc0vrY.mp4
bobbin, https://media.signbsl.com/videos/asl/aslsearch/mp4/spool.mp4
bobble, https://media.signbsl.com/videos/asl/aslsignbank/mp4/FUCK-UP-2905.mp4
bobby, https://media.signbsl.com/videos/asl/youtube/mp4/YwBNILc0vrY.mp4
bobby pin, https://media.signbsl.com/videos/asl/youtube/mp4/T2XUV57x4iY.mp4
bobby socker, https://media.signbsl.com/videos/asl/youtube/mp4/sk1IXoOIkXw.mp4
bobbysoxer, https://media.signbsl.com/videos/asl/youtube/mp4/sk1IXoOIkXw.mp4
bobcat, https://player.vimeo.com/external/391206835.sd.mp4?s=c234279db963411c9cf9017f8b1b5922bbcd8448&profile_id=164
bobfloat, https://media.signbsl.com/videos/asl/youtube/mp4/TfZ_WBYNyiU.mp4
bobsled, https://media.signbsl.com/videos/asl/youtube/mp4/jQeFymWx598.mp4
bobsledder, https://media.signbsl.com/videos/asl/youtube/mp4/L9c1EF1g1uY.mp4
bobsleigh, https://media.signbsl.com/videos/asl/youtube/mp4/jQeFymWx598.mp4
bod, https://media.signbsl.com/videos/asl/ids/mp4/2013-11-3520-physical-body-1500k-ase.mp4
bodacious, https://media.signbsl.com/videos/asl/youtube/mp4/i4uCkeBmTAk.mp4
bode, https://media.signbsl.com/videos/asl/youtube/mp4/9j_zT0Ewun4.mp4
bodega, https://media.signbsl.com/videos/asl/youtube/mp4/rv75hPV4u30.mp4
bodge, https://media.signbsl.com/videos/asl/youtube/mp4/DtsBjeHjfK4.mp4
bodice, https://media.signbsl.com/videos/asl/youtube/mp4/M0ATev6ugpw.mp4
bodied, https://player.vimeo.com/external/392197665.sd.mp4?s=1003c425aaed4283a74c33ae6d4e264a2f4dd4fc&profile_id=164
bodiless, https://media.signbsl.com/videos/asl/youtube/mp4/mu709Az6Tz0.mp4
boding, https://media.signbsl.com/videos/asl/youtube/mp4/aZYka8oojP8.mp4
body, https://media.signbsl.com/videos/asl/aslsignbank/mp4/BODY-788.mp4
body build, https://media.signbsl.com/videos/asl/youtube/mp4/FKvZ6Yz9iEo.mp4
bodybuilder, https://media.signbsl.com/videos/asl/youtube/mp4/FORYrkc4m1A.mp4
bodybuilding, https://media.signbsl.com/videos/asl/youtube/mp4/QlXQf76weH4.mp4
body checking, https://player.vimeo.com/external/391206858.sd.mp4?s=d5411e424870d9dd26ae8f2dbfce0ca7e66da807&profile_id=164
bodyguard, https://player.vimeo.com/external/392015445.sd.mp4?s=0edbb57569def1ace00f5f0cec3c0499ba7c350a&profile_id=164
body is still warm, https://media.signbsl.com/videos/asl/youtube/mp4/pBkAKHHQvi4.mp4
body language, https://player.vimeo.com/external/391206884.sd.mp4?s=0c7e12a67d1f186b77de7a1be4fb725d1a62f431&profile_id=164
bodyless, https://media.signbsl.com/videos/asl/youtube/mp4/FSfyrzPiON8.mp4
body louse, https://media.signbsl.com/videos/asl/youtube/mp4/Q6oFkgSI_yM.mp4
body odor, https://media.signbsl.com/videos/asl/youtube/mp4/h1R5fdMKeDs.mp4
body odour, https://media.signbsl.com/videos/asl/youtube/mp4/h1R5fdMKeDs.mp4
body of, https://media.signbsl.com/videos/asl/aslsignbank/mp4/DS-1932.mp4
body of small item, https://media.signbsl.com/videos/asl/aslsignbank/mp4/DS-1933.mp4
body on frame, https://media.signbsl.com/videos/asl/AustinCommunityCollege/mp4/auto_bodyonframe_.mp4
body part, https://media.signbsl.com/videos/asl/aslsignbank/mp4/EAR-479.mp4
body politic, https://media.signbsl.com/videos/asl/aslsearch/mp4/nation.mp4
body slam, https://media.signbsl.com/videos/asl/youtube/mp4/06hg8mHhjBc.mp4
body snatcher, https://media.signbsl.com/videos/asl/youtube/mp4/p4mVNEQqWeI.mp4
body strong flavor, https://media.signbsl.com/videos/asl/youtube/mp4/4uq14L6kg7o.mp4
bodysuit, NA
body waste, https://media.signbsl.com/videos/asl/youtube/mp4/TaAOVdHGpOg.mp4
body wine, https://media.signbsl.com/videos/asl/youtube/mp4/KJZKGHsuZJ0.mp4
body work, https://media.signbsl.com/videos/asl/youtube/mp4/bsG_Coe2tCI.mp4
bodywork, https://media.signbsl.com/videos/asl/youtube/mp4/bsG_Coe2tCI.mp4
bog, https://player.vimeo.com/external/391207615.sd.mp4?s=ce6872b243d2dcb94db35c518ece85ca5a5c996a&profile_id=164
bog down, https://media.signbsl.com/videos/asl/youtube/mp4/Z2WnTa-Z1w0.mp4
bogey, https://media.signbsl.com/videos/asl/youtube/mp4/APLdzIBjAS8.mp4
boggier, https://media.signbsl.com/videos/asl/youtube/mp4/kKZkCM_yYQk.mp4
boggle, https://player.vimeo.com/external/392127638.sd.mp4?s=f4307426239d1fa76806b0119d5cf74303ca93fc&profile_id=164
boggy, https://media.signbsl.com/videos/asl/youtube/mp4/W7chOU4GhmU.mp4
Bogota, https://media.signbsl.com/videos/asl/youtube/mp4/TkNpem4mIKk.mp4
bogus, https://media.signbsl.com/videos/asl/aslsearch/mp4/fake.mp4
Bohemian, https://media.signbsl.com/videos/asl/youtube/mp4/TyWSdK746WY.mp4
boil, https://media.signbsl.com/videos/asl/aslsearch/mp4/boil.mp4
boil down, https://media.signbsl.com/videos/asl/youtube/mp4/eyGn1DnMEMM.mp4
boil down cook down boil off cook off, https://media.signbsl.com/videos/asl/youtube/mp4/cYgMGlMsX4k.mp4
boil down to culminate in, https://media.signbsl.com/videos/asl/youtube/mp4/NN36RnsffSI.mp4
boiler, https://media.signbsl.com/videos/asl/youtube/mp4/dk0hiqeeXiA.mp4
boilermaker, https://media.signbsl.com/videos/asl/youtube/mp4/d0n6qlvbtKQ.mp4
boilerplate, https://media.signbsl.com/videos/asl/youtube/mp4/kjzus2z7_Rs.mp4
boiling, https://media.signbsl.com/videos/asl/youtube/mp4/mItJdNR3Xv4.mp4
boiling mad, https://player.vimeo.com/external/392648347.sd.mp4?s=c8a656e45b9ee67fe8875ff5c502c66f2ee7233d&profile_id=164
boiling point, https://media.signbsl.com/videos/asl/AustinCommunityCollege/mp4/auto_boiling_point_.mp4
boils down to, https://media.signbsl.com/videos/asl/youtube/mp4/QpxqSDiX-ok.mp4
boil to the surface, https://media.signbsl.com/videos/asl/youtube/mp4/sWrLrW4LNSI.mp4
boisterous, https://media.signbsl.com/videos/asl/youtube/mp4/Gtxhxyz7xcQ.mp4
bola, https://player.vimeo.com/external/391207876.sd.mp4?s=034572d39615d883da3260788f47537f0893f989&profile_id=164
Bolanci, https://media.signbsl.com/videos/asl/youtube/mp4/OixsTyB6t7U.mp4
bola tie, https://player.vimeo.com/external/391207876.sd.mp4?s=034572d39615d883da3260788f47537f0893f989&profile_id=164
bold, https://media.signbsl.com/videos/asl/aslsignbank/mp4/BRAVE-2134.mp4
bolder, https://media.signbsl.com/videos/asl/youtube/mp4/b8awwNlQd1U.mp4
bold faced, https://media.signbsl.com/videos/asl/youtube/mp4/i4uCkeBmTAk.mp4
boldness, https://player.vimeo.com/external/391916547.sd.mp4?s=02b1720ae07b8d3d4d954e5a3795330b77e9a434&profile_id=164
bole, https://media.signbsl.com/videos/asl/aslsearch/mp4/tree-trunk.mp4
bolivia, https://media.signbsl.com/videos/asl/youtube/mp4/zhaP86WevBk.mp4
bollix, https://media.signbsl.com/videos/asl/aslsignbank/mp4/FUCK-UP-2905.mp4
bollix up, https://media.signbsl.com/videos/asl/aslsignbank/mp4/FUCK-UP-2905.mp4
bollocks, https://media.signbsl.com/videos/asl/aslsignbank/mp4/FUCK-UP-2905.mp4
bollocks up, https://media.signbsl.com/videos/asl/aslsignbank/mp4/FUCK-UP-2905.mp4
bolo, https://player.vimeo.com/external/391207876.sd.mp4?s=034572d39615d883da3260788f47537f0893f989&profile_id=164
boloney, https://media.signbsl.com/videos/asl/youtube/mp4/yuyD1dkz7mQ.mp4
bolo tie, https://player.vimeo.com/external/391207876.sd.mp4?s=034572d39615d883da3260788f47537f0893f989&profile_id=164
bolster, https://media.signbsl.com/videos/asl/youtube/mp4/EW2PHd56XX0.mp4
bolster up, https://media.signbsl.com/videos/asl/youtube/mp4/EW2PHd56XX0.mp4
bolt, https://media.signbsl.com/videos/asl/aslsearch/mp4/bolt.mp4
bolt down, https://media.signbsl.com/videos/asl/youtube/mp4/cnlcyMb4LpM.mp4
bolted, https://media.signbsl.com/videos/asl/startasl/mp4/lock.mp4
bomb, https://media.signbsl.com/videos/asl/aslsignbank/mp4/EXPLODE-736.mp4
bombard, https://media.signbsl.com/videos/asl/youtube/mp4/-dyLKYO-vBk.mp4
bombardier, https://media.signbsl.com/videos/asl/youtube/mp4/thC_gM48EEo.mp4
bombard many questions, https://media.signbsl.com/videos/asl/youtube/mp4/0h3xcMdq98Y.mp4
bombast, https://media.signbsl.com/videos/asl/youtube/mp4/ZzVp0Uav_AM.mp4
Bombay, https://media.signbsl.com/videos/asl/youtube/mp4/jcIbQKmySJc.mp4
bomber, https://player.vimeo.com/external/391208028.sd.mp4?s=a49989cba342176ec2a65d788f86af4dacb7e316&profile_id=164
bombilate, https://media.signbsl.com/videos/asl/youtube/mp4/TZqPqNsEo-o.mp4
bombinate, https://media.signbsl.com/videos/asl/youtube/mp4/TZqPqNsEo-o.mp4
bombproof, https://media.signbsl.com/videos/asl/youtube/mp4/MuFHJsgE0ik.mp4
bombshell, https://media.signbsl.com/videos/asl/youtube/mp4/Dcv3i9iZoek.mp4
bomb shelter, https://media.signbsl.com/videos/asl/youtube/mp4/MuFHJsgE0ik.mp4
bombsite, NA
bona fide, https://media.signbsl.com/videos/asl/youtube/mp4/zxAa-qqr30c.mp4
bonanza, https://player.vimeo.com/external/391209170.sd.mp4?s=2110fe5b0577ef3e5920496466c9682dd3607378&profile_id=164
Bonaparte, https://player.vimeo.com/external/392380015.sd.mp4?s=e65d01ec4bbf24f06ec92dd4f4899f9df4ba62d3&profile_id=164
bonbon, https://player.vimeo.com/external/391208085.sd.mp4?s=4d603ceda867adbc603acf3bf6157885ebfbdbb4&profile_id=164
bond, https://media.signbsl.com/videos/asl/aslsearch/mp4/bond.mp4
bondability, https://media.signbsl.com/videos/asl/youtube/mp4/EoqaK4_cztA.mp4
bondage, https://media.signbsl.com/videos/asl/startasl/mp4/slavery.mp4
Bondage Slavery, https://media.signbsl.com/videos/asl/ids/mp4/2013-11-650-bondage-slave-1500k-ase.mp4
bondmaid, https://media.signbsl.com/videos/asl/youtube/mp4/p3oc2Z6_PpI.mp4
bondman, https://media.signbsl.com/videos/asl/youtube/mp4/ZvzAZBeSYsY.mp4
bondsman, https://media.signbsl.com/videos/asl/youtube/mp4/ZvzAZBeSYsY.mp4
bondswoman, https://media.signbsl.com/videos/asl/youtube/mp4/p3oc2Z6_PpI.mp4
bondwoman, https://media.signbsl.com/videos/asl/youtube/mp4/p3oc2Z6_PpI.mp4
bone, https://media.signbsl.com/videos/asl/aslsignbank/mp4/BONE-362.mp4
bone chilling cold, https://media.signbsl.com/videos/asl/youtube/mp4/-e_9XJOFSQo.mp4
bonehead, https://player.vimeo.com/external/391206075.sd.mp4?s=70036e65baeb2a49618c767f8923c823ff04370d&profile_id=164
boneless, https://media.signbsl.com/videos/asl/youtube/mp4/PuoTthA4IeY.mp4
bone marrow, https://media.signbsl.com/videos/asl/aslsearch/mp4/marrow.mp4
bone of contention, https://media.signbsl.com/videos/asl/youtube/mp4/h4PpXEOm7W0.mp4
boner, https://player.vimeo.com/external/391206566.sd.mp4?s=02bb6d1dac0b98a725e6a55537518e36986978f5&profile_id=164
bone to pick, https://media.signbsl.com/videos/asl/youtube/mp4/TASoMuQO68g.mp4
bone up, https://media.signbsl.com/videos/asl/youtube/mp4/IGYKV4spCPM.mp4
boney, https://media.signbsl.com/videos/asl/youtube/mp4/3uJ6v5_VDOg.mp4
bonfire, https://media.signbsl.com/videos/asl/youtube/mp4/FM5vFFXzGNw.mp4
bong, https://media.signbsl.com/videos/asl/youtube/mp4/c_4joe3GOu0.mp4
bongo, https://media.signbsl.com/videos/asl/youtube/mp4/wSYfzybE4AE.mp4
bongo drum, https://media.signbsl.com/videos/asl/youtube/mp4/wSYfzybE4AE.mp4
bong pipe, https://player.vimeo.com/external/391208203.sd.mp4?s=24ca2b45ee019a91021a6133f4a26c4b2a883286&profile_id=164
bonhomie, https://media.signbsl.com/videos/asl/youtube/mp4/H9n7X9oTGgg.mp4
bonier, https://media.signbsl.com/videos/asl/youtube/mp4/jtiPQTW7RHo.mp4
boniface, https://media.signbsl.com/videos/asl/youtube/mp4/E3O-BGnn6m0.mp4
bonk, https://media.signbsl.com/videos/asl/youtube/mp4/eVLlhJr0WsA.mp4
bonkers, https://media.signbsl.com/videos/asl/startasl/mp4/nuts.mp4
bonnet, https://media.signbsl.com/videos/asl/youtube/mp4/AA6wmps1zr8.mp4
bonnier, https://media.signbsl.com/videos/asl/youtube/mp4/mm2FLVwEVQc.mp4
bonsai, https://player.vimeo.com/external/391208258.sd.mp4?s=cda1247d78fc13cc5138a3756caba4d052caf5ea&profile_id=164
bonus, https://player.vimeo.com/external/391208331.sd.mp4?s=a778da4f9b53bc1a9f10539bdf6925037b9485a0&profile_id=164
bon vivant, https://media.signbsl.com/videos/asl/youtube/mp4/BhaQAUfJiew.mp4
bon voyage, https://media.signbsl.com/videos/asl/youtube/mp4/sIXeydmm-ro.mp4
bony, https://media.signbsl.com/videos/asl/youtube/mp4/Vj8jma8Zt80.mp4
boo, https://media.signbsl.com/videos/asl/youtube/mp4/BSWyLVZc1KQ.mp4
boob, https://media.signbsl.com/videos/asl/aslsearch/mp4/breast.mp4
boo boo, https://player.vimeo.com/external/391206566.sd.mp4?s=02bb6d1dac0b98a725e6a55537518e36986978f5&profile_id=164
boob tube, https://media.signbsl.com/videos/asl/startasl/mp4/television.mp4
booby, https://media.signbsl.com/videos/asl/youtube/mp4/ZHm41Ke-Xs8.mp4
booby hatch, https://media.signbsl.com/videos/asl/youtube/mp4/PWhjU4vMZCc.mp4
booby prize, https://media.signbsl.com/videos/asl/youtube/mp4/imtBt9hsBus.mp4
booby trap, https://media.signbsl.com/videos/asl/youtube/mp4/govSYeGUYo8.mp4
boodle, https://media.signbsl.com/videos/asl/youtube/mp4/s99BIEoZqeI.mp4
booger, https://media.signbsl.com/videos/asl/youtube/mp4/eimSUl2bZkA.mp4
booger hanging out of nose, https://media.signbsl.com/videos/asl/youtube/mp4/voTC9CYRsrs.mp4
boogie, https://media.signbsl.com/videos/asl/youtube/mp4/Vkr1QvlcE5Y.mp4
boogie woogie, https://media.signbsl.com/videos/asl/youtube/mp4/Vkr1QvlcE5Y.mp4
book, https://media.signbsl.com/videos/asl/startasl/mp4/book.mp4
book art, https://player.vimeo.com/external/391208413.sd.mp4?s=a3fefe2cff471975388ce0f5e7e70713014c9d98&profile_id=164
bookbinder, https://media.signbsl.com/videos/asl/youtube/mp4/iwjwqROQqzU.mp4
bookbinderies, https://media.signbsl.com/videos/asl/youtube/mp4/TFjmAahVmt4.mp4
book bindery, https://player.vimeo.com/external/391208457.sd.mp4?s=75df94065ff39bbb347f3289c9d68b1872466a46&profile_id=164
bookcase, https://player.vimeo.com/external/391208618.sd.mp4?s=273e9f620cae5b46ebd1e0b9391dfa4c331ff35b&profile_id=164
bookcover, https://player.vimeo.com/external/391208664.sd.mp4?s=53225c2cdf9ecf77f8bf396a970fb3353a67b1a0&profile_id=164
book fair, https://media.signbsl.com/videos/asl/youtube/mp4/IqycNAUUWCQ.mp4
bookfair, https://media.signbsl.com/videos/asl/youtube/mp4/IqycNAUUWCQ.mp4
bookie, https://media.signbsl.com/videos/asl/youtube/mp4/aq9T9tGX62U.mp4
booking, https://media.signbsl.com/videos/asl/aslsignbank/mp4/APPOINTMENT-2074.mp4
bookish, https://player.vimeo.com/external/391208734.sd.mp4?s=e0b45d4a4783da3b121c342706636e371f03cddc&profile_id=164
bookkeeper, https://player.vimeo.com/external/392648368.sd.mp4?s=f5f0a6d0336d863728951aa46985d1ecee8d063e&profile_id=164
bookkeeping, https://player.vimeo.com/external/391208794.sd.mp4?s=c920add84b81096b2ca600f38998f45fd786c059&profile_id=164
booklet, https://media.signbsl.com/videos/asl/aslsearch/mp4/brochure.mp4
book lover, https://media.signbsl.com/videos/asl/youtube/mp4/zIFmcHrK5Gg.mp4
booklover, https://media.signbsl.com/videos/asl/youtube/mp4/zIFmcHrK5Gg.mp4
bookmaker, https://media.signbsl.com/videos/asl/youtube/mp4/aq9T9tGX62U.mp4
bookmark, https://player.vimeo.com/external/391208860.sd.mp4?s=ef5917a55ab7f67d426bb96c460b0dd651230276&profile_id=164
bookmarker, https://player.vimeo.com/external/391208860.sd.mp4?s=ef5917a55ab7f67d426bb96c460b0dd651230276&profile_id=164
bookmobile, https://media.signbsl.com/videos/asl/youtube/mp4/Sxl2-fHdtKc.mp4
book of account, https://media.signbsl.com/videos/asl/youtube/mp4/Ku1x_9EC3Y0.mp4
Book of Daniel, https://media.signbsl.com/videos/asl/valleybible/mp4/Daniel.mp4
Book of Ezekiel, https://media.signbsl.com/videos/asl/valleybible/mp4/Ezekiel.mp4
book of instructions, https://media.signbsl.com/videos/asl/youtube/mp4/9JIX-Ee1Grw.mp4
Book of Isaiah, https://media.signbsl.com/videos/asl/valleybible/mp4/Isaiah.mp4
Book of Jeremiah, https://media.signbsl.com/videos/asl/valleybible/mp4/Jeremiah.mp4
Book of Mormon, https://media.signbsl.com/videos/asl/ids/mp4/2013-11-660-book-of-mormon-1500k-ase.mp4
Book of Revelation, https://media.signbsl.com/videos/asl/ids/mp4/2013-11-4140-revelation-1500k-ase.mp4
Book of the Prophet Daniel, https://media.signbsl.com/videos/asl/valleybible/mp4/Daniel.mp4
book player name, https://media.signbsl.com/videos/asl/youtube/mp4/O7w3M3g0bCo.mp4
bookseller, https://media.signbsl.com/videos/asl/youtube/mp4/1_bFE68kQSg.mp4
bookshelf, https://media.signbsl.com/videos/asl/aslsearch/mp4/bookshelf.mp4
bookshop, https://media.signbsl.com/videos/asl/startasl/mp4/bookstore.mp4
bookstall, https://media.signbsl.com/videos/asl/startasl/mp4/bookstore.mp4
bookstore, https://media.signbsl.com/videos/asl/startasl/mp4/bookstore.mp4
book value, https://player.vimeo.com/external/391208526.sd.mp4?s=49de19c8f7b59fd23d5c71a38025ba193d85a087&profile_id=164
bookworm, https://player.vimeo.com/external/391209045.sd.mp4?s=3d3d117882bd6074bd3f77657df410cc013e4d43&profile_id=164
boom, https://player.vimeo.com/external/391209170.sd.mp4?s=2110fe5b0577ef3e5920496466c9682dd3607378&profile_id=164
boomer, https://media.signbsl.com/videos/asl/youtube/mp4/jX7Ck4gfVgc.mp4
boomerang, https://media.signbsl.com/videos/asl/youtube/mp4/1eJehrTl5w8.mp4
boom town, https://player.vimeo.com/external/391209120.sd.mp4?s=bb8f9999f9fff192d470d3b096920fe19aa2eb6c&profile_id=164
boon, https://media.signbsl.com/videos/asl/youtube/mp4/1i680IR5qec.mp4
boondocks, https://media.signbsl.com/videos/asl/youtube/mp4/GAanP4xq3UA.mp4
boondoggle, https://media.signbsl.com/videos/asl/youtube/mp4/CC7FDHIEd_w.mp4
boondoggler, https://media.signbsl.com/videos/asl/youtube/mp4/KLeNHPm8ef8.mp4
Boone, https://media.signbsl.com/videos/asl/youtube/mp4/qDuc4fjF8Ms.mp4
boost, https://media.signbsl.com/videos/asl/valleybible/mp4/encourage.mp4
booster, https://media.signbsl.com/videos/asl/AustinCommunityCollege/mp4/auto_booster_.mp4
booster seat, https://player.vimeo.com/external/391209312.sd.mp4?s=3966e9e77218bd216c770b4009627a4c9216d29f&profile_id=164
boot, https://media.signbsl.com/videos/asl/aslsignbank/mp4/BOOTS-45.mp4
bootblack, https://media.signbsl.com/videos/asl/youtube/mp4/RT3ax5sMlnQ.mp4
bootee, https://media.signbsl.com/videos/asl/youtube/mp4/5Gwt81Py24s.mp4
bootees, https://media.signbsl.com/videos/asl/youtube/mp4/5Gwt81Py24s.mp4
booth, https://media.signbsl.com/videos/asl/aslsearch/mp4/cubicle.mp4
bootie, https://media.signbsl.com/videos/asl/youtube/mp4/5Gwt81Py24s.mp4
booties, https://media.signbsl.com/videos/asl/youtube/mp4/5Gwt81Py24s.mp4
boot is on the other footshoe is on the other foot, https://media.signbsl.com/videos/asl/youtube/mp4/6X-F6M9il6g.mp4
bootlace, https://media.signbsl.com/videos/asl/youtube/mp4/3gDENANA-gs.mp4
bootleg, https://player.vimeo.com/external/391203299.sd.mp4?s=ee3bed0ddf4cd0cc030354037bd204571cb8ded5&profile_id=164
bootlegger, https://media.signbsl.com/videos/asl/youtube/mp4/gYi9G5vm2Js.mp4
bootless, https://media.signbsl.com/videos/asl/youtube/mp4/dVQIecbpjaU.mp4
bootlicker, https://media.signbsl.com/videos/asl/youtube/mp4/OjTJrqMm3Nw.mp4
boot out, https://media.signbsl.com/videos/asl/aslsearch/mp4/expel.mp4
boots, https://media.signbsl.com/videos/asl/aslsignbank/mp4/BOOTS-45.mp4
bootstrap, https://media.signbsl.com/videos/asl/youtube/mp4/Ja5V2BgJMHI.mp4
booty, https://media.signbsl.com/videos/asl/youtube/mp4/tJNaWI_1WiY.mp4
booze, https://media.signbsl.com/videos/asl/aslsearch/mp4/liquor.mp4
boozer, https://media.signbsl.com/videos/asl/aslsearch/mp4/alcoholic.mp4
booze up, https://media.signbsl.com/videos/asl/youtube/mp4/CxBEeCxbP3c.mp4
bop, https://media.signbsl.com/videos/asl/youtube/mp4/eVLlhJr0WsA.mp4
bopeep, https://player.vimeo.com/external/392402665.sd.mp4?s=a191467ebb9bcb09b5dd2e9ea2d38a7156cd2b5e&profile_id=164
bordello, https://media.signbsl.com/videos/asl/youtube/mp4/B0glyhW8QwI.mp4
border, https://media.signbsl.com/videos/asl/aslsignbank/mp4/BORDER-2959.mp4
border district, https://media.signbsl.com/videos/asl/youtube/mp4/A9lfb95AIP4.mp4
borderland, https://media.signbsl.com/videos/asl/youtube/mp4/A9lfb95AIP4.mp4
borderless, https://media.signbsl.com/videos/asl/youtube/mp4/dytAeMNF_sY.mp4
borderline, https://media.signbsl.com/videos/asl/youtube/mp4/QUMuhZPmMoA.mp4
border states, https://media.signbsl.com/videos/asl/elementalaslconcepts/mp4/border_states.mp4
bore, https://media.signbsl.com/videos/asl/aslsignbank/mp4/BORED-2124.mp4
boreal, https://media.signbsl.com/videos/asl/youtube/mp4/6tAr_dyxy4g.mp4
bored, https://media.signbsl.com/videos/asl/aslsignbank/mp4/DON'T-FEEL-LIKE-1271.mp4
bore hole, https://player.vimeo.com/external/391988988.sd.mp4?s=e8b488e622c2d3bf6ed721b4504fc5e9e73a9e1f&profile_id=164
borehole, https://player.vimeo.com/external/391988988.sd.mp4?s=e8b488e622c2d3bf6ed721b4504fc5e9e73a9e1f&profile_id=164
boring, https://media.signbsl.com/videos/asl/aslsearch/mp4/dull.mp4
born, https://media.signbsl.com/videos/asl/startasl/mp4/born.mp4
born again, https://media.signbsl.com/videos/asl/valleybible/mp4/Born%20Again.mp4
born again converted to a personal faith in christ, https://media.signbsl.com/videos/asl/youtube/mp4/vWF3dpQDNtE.mp4
born on the wrong side of the tracks, https://media.signbsl.com/videos/asl/youtube/mp4/Z5XY5SrzmpA.mp4
born to parents, https://media.signbsl.com/videos/asl/youtube/mp4/zmxD1qyixCs.mp4
born to reason, https://media.signbsl.com/videos/asl/youtube/mp4/N-0EUgGRmA0.mp4
born with a silver spoon in his mouth, https://media.signbsl.com/videos/asl/youtube/mp4/_QCJXXsuGm4.mp4
borough, https://media.signbsl.com/videos/asl/youtube/mp4/X33Z9M7yr74.mp4
borrow, https://media.signbsl.com/videos/asl/aslsignbank/mp4/BORROW-2126.mp4
borrower, https://media.signbsl.com/videos/asl/youtube/mp4/W8W1zrbc45c.mp4
Bos grunniens, https://player.vimeo.com/external/392636931.sd.mp4?s=f434b232d91c6fb23f46e7a63a55378e937ee432&profile_id=164
bosh, https://media.signbsl.com/videos/asl/youtube/mp4/yuyD1dkz7mQ.mp4
bosn, https://media.signbsl.com/videos/asl/youtube/mp4/uyLgh10d6uA.mp4
bosom, https://media.signbsl.com/videos/asl/startasl/mp4/hug.mp4
bosomy, https://media.signbsl.com/videos/asl/youtube/mp4/y_aCi3I-Uv8.mp4
boss, https://media.signbsl.com/videos/asl/startasl/mp4/boss.mp4
boss around, https://media.signbsl.com/videos/asl/youtube/mp4/lH-pq5r7XSU.mp4
bossier, https://media.signbsl.com/videos/asl/youtube/mp4/czQ2z2HJDt4.mp4
bossily, https://media.signbsl.com/videos/asl/youtube/mp4/8LdXyMNIt5c.mp4
bossman, https://media.signbsl.com/videos/asl/youtube/mp4/4v6QUWxQPFU.mp4
bossy, https://player.vimeo.com/external/391209793.sd.mp4?s=fffad125c766bc15de55b0924d5a4efa9cc0fbeb&profile_id=164
Bos taurus, https://media.signbsl.com/videos/asl/aslsearch/mp4/cattle.mp4
Boston, https://media.signbsl.com/videos/asl/aslsignbank/mp4/BOSTON-2127.mp4
boston massachusetts, https://player.vimeo.com/external/391210032.sd.mp4?s=3d4765360229bd3c2a00df9534cd7ba4f012e8f0&profile_id=164
bostwana, https://player.vimeo.com/external/391210084.sd.mp4?s=f6bcb7793035a0e8f23bf59278776ad216fec072&profile_id=164
bosun, https://media.signbsl.com/videos/asl/youtube/mp4/uyLgh10d6uA.mp4
botanic, https://media.signbsl.com/videos/asl/youtube/mp4/Omkmp3OdOFY.mp4
botanical, https://media.signbsl.com/videos/asl/youtube/mp4/Omkmp3OdOFY.mp4
botanical garden, https://media.signbsl.com/videos/asl/youtube/mp4/qm0trPMnGcw.mp4
botanist, https://media.signbsl.com/videos/asl/youtube/mp4/vPTFq6v-WV8.mp4
botch, https://player.vimeo.com/external/391206566.sd.mp4?s=02bb6d1dac0b98a725e6a55537518e36986978f5&profile_id=164
botcher, https://media.signbsl.com/videos/asl/youtube/mp4/kgTgJVKbq-Y.mp4
botch up, https://media.signbsl.com/videos/asl/aslsignbank/mp4/FUCK-UP-2905.mp4
both, https://player.vimeo.com/external/392763937.sd.mp4?s=6c9f5318bc692acca46618994ad1f8556724c6ce&profile_id=164
both ends meet, https://media.signbsl.com/videos/asl/youtube/mp4/xC2PSD337W4.mp4
bother, https://media.signbsl.com/videos/asl/aslsignbank/mp4/BOTHER-2129.mp4
bothered, https://media.signbsl.com/videos/asl/aslsignbank/mp4/OVERWHELM-1524.mp4
bothersome, https://media.signbsl.com/videos/asl/startasl/mp4/annoying.mp4
bother you, https://media.signbsl.com/videos/asl/youtube/mp4/lnH9XpV3r7I.mp4
both feet firmly planted on the ground, https://media.signbsl.com/videos/asl/youtube/mp4/nSbBGGEKP2o.mp4
both of us, https://media.signbsl.com/videos/asl/youtube/mp4/goPLV3RGLkc.mp4
Botswana, https://media.signbsl.com/videos/asl/youtube/mp4/fGSL1uEfluc.mp4
bottle, https://media.signbsl.com/videos/asl/aslsignbank/mp4/BOTTLE-47.mp4
bottle feed, https://player.vimeo.com/external/391214094.sd.mp4?s=88b06697a68fbf0e5aeb9c29f2c2ce1477b7d6a5&profile_id=164
bottleneck, https://media.signbsl.com/videos/asl/youtube/mp4/NNu0g4kmihU.mp4
bottle opener, https://media.signbsl.com/videos/asl/youtube/mp4/9k9_s7oChr0.mp4
bottler, https://media.signbsl.com/videos/asl/youtube/mp4/2i9cW-EUnoM.mp4
bottle screw, https://media.signbsl.com/videos/asl/aslsignbank/mp4/CORKSCREW-2547.mp4
bottom, https://media.signbsl.com/videos/asl/aslsignbank/mp4/DS-1938.mp4
bottom fell out, https://media.signbsl.com/videos/asl/youtube/mp4/F0wTkKyIASU.mp4
bottomless, https://media.signbsl.com/videos/asl/youtube/mp4/qH9WPOzYTxY.mp4
bottom line, https://media.signbsl.com/videos/asl/youtube/mp4/oR2SU5CKmi0.mp4
bottom of, https://media.signbsl.com/videos/asl/aslsignbank/mp4/DS-1940.mp4
bottom out, https://media.signbsl.com/videos/asl/youtube/mp4/nUTP5DBFXg4.mp4
bottom out hit bottom, https://media.signbsl.com/videos/asl/youtube/mp4/pGGZEvmxpNM.mp4
bottom sexuality, https://media.signbsl.com/videos/asl/youtube/mp4/hX9XXPuNW7M.mp4
bottoms up, https://media.signbsl.com/videos/asl/youtube/mp4/tBOH75D0_cs.mp4
botulism, https://media.signbsl.com/videos/asl/youtube/mp4/75n9vEeYemI.mp4
boudoir, https://media.signbsl.com/videos/asl/youtube/mp4/VnCxTC1H0Wc.mp4
bough, https://media.signbsl.com/videos/asl/youtube/mp4/4zDyKn2k1sw.mp4
boughless, https://media.signbsl.com/videos/asl/youtube/mp4/_79mRE7lWdY.mp4
bought, https://media.signbsl.com/videos/asl/youtube/mp4/0HhiifwRfUg.mp4
bouillabaisse, https://media.signbsl.com/videos/asl/youtube/mp4/mHTTDA1hhfs.mp4
bouillon, https://media.signbsl.com/videos/asl/youtube/mp4/aemdfREwc4I.mp4
boulder, https://player.vimeo.com/external/391210494.sd.mp4?s=9f3aa9576a091ce8586320a241fa1b2993f35973&profile_id=164
bouldered, https://media.signbsl.com/videos/asl/aslsearch/mp4/rocky.mp4
bouldery, https://media.signbsl.com/videos/asl/aslsearch/mp4/rocky.mp4
boulevard, https://media.signbsl.com/videos/asl/mariekatzenbachschool/mp4/Boulevard.mp4
bounce, https://media.signbsl.com/videos/asl/aslsearch/mp4/spring.mp4
bounce around, https://media.signbsl.com/videos/asl/youtube/mp4/wzzVNNLVJtE.mp4
bounce back, https://media.signbsl.com/videos/asl/youtube/mp4/27WlsAOq64k.mp4
bounce check, https://media.signbsl.com/videos/asl/startasl/mp4/bounce-check.mp4
bounced up to the surface of the water, https://media.signbsl.com/videos/asl/youtube/mp4/UqDsUKp1Qdo.mp4
bounce off, https://media.signbsl.com/videos/asl/youtube/mp4/crJV7_YHYcM.mp4
bouncer, https://media.signbsl.com/videos/asl/youtube/mp4/lkvSXHipL8Y.mp4
bounce rate, https://player.vimeo.com/external/391210539.sd.mp4?s=36cb6e87d7315c5553ee49b9206dcbd4038f66c8&profile_id=164
bounce to the side, https://media.signbsl.com/videos/asl/youtube/mp4/rxI-Fpeyr00.mp4
bouncier, https://media.signbsl.com/videos/asl/youtube/mp4/pBVR3oqgnrc.mp4
bouncy, https://player.vimeo.com/external/392440535.sd.mp4?s=a60536043977e743374b0e6d0e1163d7b67f7188&profile_id=164
bound, https://media.signbsl.com/videos/asl/aslsearch/mp4/spring.mp4
boundaries, https://media.signbsl.com/videos/asl/aslsignbank/mp4/LINE-581.mp4
boundary, https://media.signbsl.com/videos/asl/aslsignbank/mp4/LINE-581.mp4
boundary change, https://media.signbsl.com/videos/asl/youtube/mp4/t0M0jXTdXBM.mp4
boundary line, https://media.signbsl.com/videos/asl/youtube/mp4/QUMuhZPmMoA.mp4
bounder, https://media.signbsl.com/videos/asl/youtube/mp4/PR2TOF9i8kw.mp4
bound for, https://media.signbsl.com/videos/asl/youtube/mp4/jEyEMvBts00.mp4
boundless, https://media.signbsl.com/videos/asl/youtube/mp4/qCPBuhF6MoY.mp4
bounds, https://media.signbsl.com/videos/asl/aslsignbank/mp4/LINE-581.mp4
bounteous, https://media.signbsl.com/videos/asl/aslsearch/mp4/liberal.mp4
bounties, https://media.signbsl.com/videos/asl/youtube/mp4/iit5irCIW_s.mp4
bountiful, https://media.signbsl.com/videos/asl/aslsearch/mp4/liberal.mp4
Bounty, https://media.signbsl.com/videos/asl/youtube/mp4/iit5irCIW_s.mp4
bouquet, https://media.signbsl.com/videos/asl/aslsignbank/mp4/BRIDESMAID-2450.mp4
Bourbon, https://media.signbsl.com/videos/asl/youtube/mp4/osAyGOdH5qE.mp4
bourgeois, https://media.signbsl.com/videos/asl/youtube/mp4/0utiOVwEixc.mp4
bourgeon, https://player.vimeo.com/external/392143167.sd.mp4?s=224f40aa98c13db69d8fa46f4de94f113df372d1&profile_id=164
bout, https://media.signbsl.com/videos/asl/youtube/mp4/NsbJCSQvZmg.mp4
boutique, https://media.signbsl.com/videos/asl/youtube/mp4/waWM6fpP7E8.mp4
bovid, https://media.signbsl.com/videos/asl/youtube/mp4/pbTl4FQcvx0.mp4
bow, https://media.signbsl.com/videos/asl/aslsignbank/mp4/BOW-DOWN-2130.mp4
bowdlerise, https://media.signbsl.com/videos/asl/youtube/mp4/TQ5fwVhRz04.mp4
bowdlerize, https://media.signbsl.com/videos/asl/youtube/mp4/TQ5fwVhRz04.mp4
bow down, https://media.signbsl.com/videos/asl/aslsignbank/mp4/BOW-DOWN-2130.mp4
bowed, https://media.signbsl.com/videos/asl/youtube/mp4/1nDPbGi89wM.mp4
bowel, https://media.signbsl.com/videos/asl/youtube/mp4/vJG_0sK_EXI.mp4
bowelless, https://media.signbsl.com/videos/asl/youtube/mp4/E1XFwJGlyW4.mp4
bowel movement, https://player.vimeo.com/external/391210740.sd.mp4?s=9e2d1cfe3897ecf8922d73b4e5bcf3345b5cf044&profile_id=164
bower, https://media.signbsl.com/videos/asl/youtube/mp4/VnCxTC1H0Wc.mp4
bowl, https://media.signbsl.com/videos/asl/aslsignbank/mp4/BOWL-48.mp4
bowlder, https://player.vimeo.com/external/391210494.sd.mp4?s=9f3aa9576a091ce8586320a241fa1b2993f35973&profile_id=164
bowleg, https://media.signbsl.com/videos/asl/youtube/mp4/1nDPbGi89wM.mp4
bowlegged, https://media.signbsl.com/videos/asl/youtube/mp4/1nDPbGi89wM.mp4
bowler, https://media.signbsl.com/videos/asl/youtube/mp4/LuaKLSYVUn8.mp4
bowler hat, https://media.signbsl.com/videos/asl/youtube/mp4/LuaKLSYVUn8.mp4
bowlful, https://media.signbsl.com/videos/asl/youtube/mp4/JqUcmtZTznI.mp4
bowling, https://media.signbsl.com/videos/asl/startasl/mp4/bowling.mp4
bowl over, https://player.vimeo.com/external/392127638.sd.mp4?s=f4307426239d1fa76806b0119d5cf74303ca93fc&profile_id=164
bowl overknock down knock over, https://media.signbsl.com/videos/asl/youtube/mp4/zmFBjR0NmbU.mp4
bowman, https://media.signbsl.com/videos/asl/youtube/mp4/PWIJ5o3YYBQ.mp4
bow tie, https://media.signbsl.com/videos/asl/aslsearch/mp4/bow-tie.mp4
bowtie, https://media.signbsl.com/videos/asl/aslsearch/mp4/bow-tie.mp4
bow wow, https://media.signbsl.com/videos/asl/youtube/mp4/UDv_rqKV9f4.mp4
box, https://media.signbsl.com/videos/asl/aslsignbank/mp4/BOX-419.mp4
box and whisker graph, https://media.signbsl.com/videos/asl/youtube/mp4/lOSJj6RRPtw.mp4
box and whisker plot, https://media.signbsl.com/videos/asl/deaftec-math/mp4/7D-1.mp4
boxcar, https://media.signbsl.com/videos/asl/youtube/mp4/pUX38jzibkc.mp4
boxer, https://media.signbsl.com/videos/asl/youtube/mp4/TRrYaEaDfAI.mp4
boxers, https://media.signbsl.com/videos/asl/youtube/mp4/MOoHO_6e8KA.mp4
boxershorts, https://media.signbsl.com/videos/asl/youtube/mp4/MOoHO_6e8KA.mp4
boxful, https://media.signbsl.com/videos/asl/youtube/mp4/C0Vb85bPiRQ.mp4
boxier, https://media.signbsl.com/videos/asl/youtube/mp4/xWe0sqYUShw.mp4
boxing, https://media.signbsl.com/videos/asl/aslsearch/mp4/boxing.mp4
Boxing Day, https://player.vimeo.com/external/392648583.sd.mp4?s=96388b2419b69f5510d10ff07ce95e0babdfabb6&profile_id=164
boxing glove, https://media.signbsl.com/videos/asl/aslsearch/mp4/boxing-gloves.mp4
boxing gloves, https://media.signbsl.com/videos/asl/aslsearch/mp4/boxing-gloves.mp4
box office, https://player.vimeo.com/external/392648543.sd.mp4?s=6c8ad015e73271ff6f3ed2743171a6e704ec3a25&profile_id=164
boy, https://media.signbsl.com/videos/asl/startasl/mp4/boy.mp4
boycott, https://player.vimeo.com/external/391211169.sd.mp4?s=a7d1e971e7980f08459f51d4f9c28e17c52ad793&profile_id=164
boyfriend, https://media.signbsl.com/videos/asl/startasl/mp4/boyfriend.mp4
boyhood, https://media.signbsl.com/videos/asl/youtube/mp4/MQqmw8AKckI.mp4
boyish, https://media.signbsl.com/videos/asl/youtube/mp4/RVMNeuyJX9w.mp4
boylike, https://media.signbsl.com/videos/asl/youtube/mp4/RVMNeuyJX9w.mp4
Boy Scouts, https://media.signbsl.com/videos/asl/aslsignbank/mp4/SCOUT-1004.mp4
boys will be boys, https://media.signbsl.com/videos/asl/youtube/mp4/8K9tkbTYJ2M.mp4
bozo, https://media.signbsl.com/videos/asl/youtube/mp4/0hiZOlDJB4U.mp4
bra, https://media.signbsl.com/videos/asl/youtube/mp4/fznTfSinkNM.mp4
brabble, https://media.signbsl.com/videos/asl/aslsignbank/mp4/DELIBERATE-1240.mp4
brace, https://player.vimeo.com/external/391211386.sd.mp4?s=ede24b529c034aec6726a9beab01408aba698290&profile_id=164
brace for, https://media.signbsl.com/videos/asl/youtube/mp4/XvvMZe4oGVk.mp4
bracelet, https://media.signbsl.com/videos/asl/startasl/mp4/bracelet.mp4
braces, https://media.signbsl.com/videos/asl/youtube/mp4/C0n273zW_sw.mp4
braces dental, https://player.vimeo.com/external/391211488.sd.mp4?s=7abed70acd8ca83e65d10f5fc52cee3b284874b0&profile_id=164
brace yourself, https://player.vimeo.com/external/391211337.sd.mp4?s=572d2a7911ea73caff60dcee91a1628079d012ae&profile_id=164
brachiate, https://media.signbsl.com/videos/asl/youtube/mp4/z1phTXJaZtw.mp4
bracing, https://player.vimeo.com/external/392648747.sd.mp4?s=20dc891e76c40a99fd1cf0f6756012522b7e825f&profile_id=164
bracket, https://media.signbsl.com/videos/asl/youtube/mp4/qyt4fNOPmuw.mp4
brackish, https://media.signbsl.com/videos/asl/youtube/mp4/TL1Kssr05Vg.mp4
bradawl, https://media.signbsl.com/videos/asl/youtube/mp4/IC-09gbjDb0.mp4
brae, https://media.signbsl.com/videos/asl/youtube/mp4/aRtEwRNeciI.mp4
brag, https://media.signbsl.com/videos/asl/aslsignbank/mp4/BRAG-2406.mp4
braggart, https://player.vimeo.com/external/391211572.sd.mp4?s=73ab19435dfddbdded12ecceb1bdbf7a769c93bb&profile_id=164
bragger, https://player.vimeo.com/external/391211572.sd.mp4?s=73ab19435dfddbdded12ecceb1bdbf7a769c93bb&profile_id=164
bragging rights, https://media.signbsl.com/videos/asl/youtube/mp4/VuSxp9ne7y8.mp4
braid, https://media.signbsl.com/videos/asl/youtube/mp4/8_1Vda5-Jnc.mp4
braid hair, https://media.signbsl.com/videos/asl/youtube/mp4/TwQ0XFpw2H8.mp4
braids, https://media.signbsl.com/videos/asl/youtube/mp4/8_1Vda5-Jnc.mp4
braille, https://media.signbsl.com/videos/asl/aslsignbank/mp4/BRAILLE-2131.mp4
brain, https://media.signbsl.com/videos/asl/aslsignbank/mp4/HEAD-BACK-1776.mp4
brainchild, https://media.signbsl.com/videos/asl/aslsignbank/mp4/INSPIRE-1732.mp4
brain doctor, https://media.signbsl.com/videos/asl/youtube/mp4/Nst8nCo9LNY.mp4
brain drain, https://media.signbsl.com/videos/asl/youtube/mp4/IyxoqKSZ2sQ.mp4
brainiac, https://media.signbsl.com/videos/asl/youtube/mp4/obrgMbpCnLQ.mp4
brainless, https://media.signbsl.com/videos/asl/youtube/mp4/jlm2QhKEMqo.mp4
brainpower, https://media.signbsl.com/videos/asl/youtube/mp4/KApgPe_BYeU.mp4
brainsick, https://media.signbsl.com/videos/asl/aslsearch/mp4/crazy.mp4
brain stem, https://media.signbsl.com/videos/asl/youtube/mp4/nJmi0rXUlg4.mp4
brainstem, https://media.signbsl.com/videos/asl/youtube/mp4/nJmi0rXUlg4.mp4
brainstorm, https://media.signbsl.com/videos/asl/aslsignbank/mp4/BRAINSTORM-2133.mp4
brain surgeon, https://media.signbsl.com/videos/asl/youtube/mp4/gtO7mP4KKcw.mp4
brain surgery, https://media.signbsl.com/videos/asl/youtube/mp4/od8TgOaP-tc.mp4
brain teaser, https://media.signbsl.com/videos/asl/youtube/mp4/vaZ_iknmWi0.mp4
brainteaser, https://media.signbsl.com/videos/asl/youtube/mp4/vaZ_iknmWi0.mp4
brainwash, https://player.vimeo.com/external/391211874.sd.mp4?s=3ddb70be9c399efd5b4b49b9ab07f3d79dce92e6&profile_id=164
brainwave, https://media.signbsl.com/videos/asl/aslsignbank/mp4/BRAINSTORM-2133.mp4
braise, https://media.signbsl.com/videos/asl/youtube/mp4/qw3dxdsXeeQ.mp4
brake, https://media.signbsl.com/videos/asl/aslsearch/mp4/brake.mp4
brake cylinder, https://media.signbsl.com/videos/asl/AustinCommunityCollege/mp4/auto_master_cylinder_.mp4
brake fluid, https://media.signbsl.com/videos/asl/AustinCommunityCollege/mp4/auto_brake_fluid_.mp4
brake lines, https://media.signbsl.com/videos/asl/AustinCommunityCollege/mp4/auto_brake_line_.mp4
brakeman, https://media.signbsl.com/videos/asl/youtube/mp4/O7-ZXf5C93o.mp4
brake paddle, https://player.vimeo.com/external/392648634.sd.mp4?s=a476eead491f8379af01fb648fb3b17097d6e7bc&profile_id=164
brake pedal, https://media.signbsl.com/videos/asl/AustinCommunityCollege/mp4/auto_brake_pedal_.mp4
brake switch, https://media.signbsl.com/videos/asl/AustinCommunityCollege/mp4/auto_brake_switch_.mp4
braless, https://media.signbsl.com/videos/asl/youtube/mp4/yLn_6RQRivQ.mp4
bramble, https://media.signbsl.com/videos/asl/youtube/mp4/XYRW4AEKskg.mp4
brampton ontario, https://player.vimeo.com/external/391212563.sd.mp4?s=a05b666e717de02a741612a304ad889d374375e7&profile_id=164
branch, https://media.signbsl.com/videos/asl/ids/mp4/2013-11-680-branch-8000k-ase.mp4
branchia, https://media.signbsl.com/videos/asl/youtube/mp4/nLLMoXQ8FtY.mp4
branching, https://media.signbsl.com/videos/asl/youtube/mp4/LrreRUYLz6I.mp4
branchlike, https://media.signbsl.com/videos/asl/youtube/mp4/vJE8QrfZJ_0.mp4
branch of knowledge, https://media.signbsl.com/videos/asl/youtube/mp4/jykCnQVws8A.mp4
Branch President, https://media.signbsl.com/videos/asl/ids/mp4/2013-11-690-branch-president-1500k-ase.mp4
brand, https://media.signbsl.com/videos/asl/aslsearch/mp4/brand.mp4
brandish, https://media.signbsl.com/videos/asl/youtube/mp4/37Fs5tFty6k.mp4
brand name, https://media.signbsl.com/videos/asl/aslsearch/mp4/brand.mp4
brand new, https://media.signbsl.com/videos/asl/aslsignbank/mp4/NEW-195.mp4
brandy, https://media.signbsl.com/videos/asl/aslsearch/mp4/brandy.mp4
bran new, https://media.signbsl.com/videos/asl/aslsignbank/mp4/NEW-195.mp4
brash, https://media.signbsl.com/videos/asl/youtube/mp4/KKZcfRPEh-0.mp4
brasher, https://media.signbsl.com/videos/asl/youtube/mp4/DNo8gom5UFk.mp4
brashness, https://media.signbsl.com/videos/asl/youtube/mp4/N9yhABLu82I.mp4
Brasil, https://media.signbsl.com/videos/asl/youtube/mp4/PVaqq4Uvc4U.mp4
brass, https://media.signbsl.com/videos/asl/AustinCommunityCollege/mp4/weld_brass_.mp4
brassbound, https://media.signbsl.com/videos/asl/youtube/mp4/bFeCoNt5gY0.mp4
brasserie, https://media.signbsl.com/videos/asl/youtube/mp4/VDaJRJIzakg.mp4
Brassica oleracea botrytis, https://player.vimeo.com/external/395728038.sd.mp4?s=978a114808a57a4cf9cb4b28295bc845e3e27113&profile_id=164
Brassica oleracea italica, https://media.signbsl.com/videos/asl/aslsignbank/mp4/BROCCOLI-2137.mp4
brassiere, https://media.signbsl.com/videos/asl/youtube/mp4/fznTfSinkNM.mp4
brassily, https://media.signbsl.com/videos/asl/youtube/mp4/cs_2gq1wWtk.mp4
brass monkey, https://media.signbsl.com/videos/asl/youtube/mp4/c0Mj2o3UFTg.mp4
brass tacks, https://media.signbsl.com/videos/asl/youtube/mp4/mYFpGu05pRk.mp4
brassy, https://media.signbsl.com/videos/asl/youtube/mp4/i4uCkeBmTAk.mp4
brat, https://media.signbsl.com/videos/asl/aslsearch/mp4/brat.mp4
bratislava slovakia, https://player.vimeo.com/external/391212874.sd.mp4?s=c449f33b653af026551a0a839a11865ec83b7a26&profile_id=164
brattier, https://media.signbsl.com/videos/asl/youtube/mp4/7hA_cqYm7Ns.mp4
brattle, https://media.signbsl.com/videos/asl/youtube/mp4/Sdjh0WGj8rc.mp4
bratwurst, https://media.signbsl.com/videos/asl/aslsearch/mp4/brat.mp4
brave, https://media.signbsl.com/videos/asl/aslsignbank/mp4/STRONG-1132.mp4
braver, https://media.signbsl.com/videos/asl/youtube/mp4/eNr-i2ZNOtk.mp4
bravery, https://media.signbsl.com/videos/asl/aslsearch/mp4/courage.mp4
bravo, https://media.signbsl.com/videos/asl/aslsearch/mp4/assassin.mp4
brawl, https://player.vimeo.com/external/391213028.sd.mp4?s=8d86a4ecc69f337fc06ba18326f180c761eaa013&profile_id=164
brawler, https://media.signbsl.com/videos/asl/youtube/mp4/1vwnBgP4Z9U.mp4
brawn, https://media.signbsl.com/videos/asl/youtube/mp4/XfbIklFrqrE.mp4
brawnier, https://media.signbsl.com/videos/asl/youtube/mp4/ADzuBRkUW3M.mp4
bray, https://media.signbsl.com/videos/asl/youtube/mp4/f_y-5v8mcMs.mp4
braze, https://media.signbsl.com/videos/asl/youtube/mp4/__bZwf70JM0.mp4
brazen, https://media.signbsl.com/videos/asl/youtube/mp4/i4uCkeBmTAk.mp4
brazen faced, https://media.signbsl.com/videos/asl/youtube/mp4/i4uCkeBmTAk.mp4
Brazil, https://media.signbsl.com/videos/asl/youtube/mp4/PVaqq4Uvc4U.mp4
Brazilian, https://media.signbsl.com/videos/asl/youtube/mp4/wZciWB6V5Jk.mp4
brazing, https://media.signbsl.com/videos/asl/AustinCommunityCollege/mp4/weld_braizing_.mp4
breach, https://media.signbsl.com/videos/asl/youtube/mp4/9Kzqs__ubIg.mp4
breach enemy lines, https://media.signbsl.com/videos/asl/youtube/mp4/P7W-xLpW-Uk.mp4
bread, https://media.signbsl.com/videos/asl/startasl/mp4/bread.mp4
bread and butter, https://media.signbsl.com/videos/asl/youtube/mp4/3CvoF01Fme8.mp4
breadbasket, https://media.signbsl.com/videos/asl/aslsearch/mp4/stomach.mp4
bread bin, https://media.signbsl.com/videos/asl/youtube/mp4/LKxiI8hiUnY.mp4
bread board, https://media.signbsl.com/videos/asl/youtube/mp4/2Jt04ElPJSk.mp4
breadboard, https://media.signbsl.com/videos/asl/youtube/mp4/2Jt04ElPJSk.mp4
breadbox, https://media.signbsl.com/videos/asl/youtube/mp4/LKxiI8hiUnY.mp4
bread line, https://media.signbsl.com/videos/asl/youtube/mp4/7xUvw0P_wnE.mp4
breadline, https://media.signbsl.com/videos/asl/youtube/mp4/7xUvw0P_wnE.mp4
bread maker, https://player.vimeo.com/external/392645936.sd.mp4?s=fe429716867c29ad892b2d9168fb3696e3fc2934&profile_id=164
breadstuff, https://media.signbsl.com/videos/asl/startasl/mp4/bread.mp4
breadth, https://player.vimeo.com/external/392627077.sd.mp4?s=ed0131528c9ef6809e5ab6616164a9bea5d56899&profile_id=164
breadwinner, https://media.signbsl.com/videos/asl/youtube/mp4/tzvimX8mkbw.mp4
break, https://media.signbsl.com/videos/asl/aslsignbank/mp4/BREAK-420.mp4
breakable, https://media.signbsl.com/videos/asl/youtube/mp4/lm6mWvkyGCc.mp4
break a contract, https://media.signbsl.com/videos/asl/youtube/mp4/QjKfYrssrKQ.mp4
break a fever, https://media.signbsl.com/videos/asl/youtube/mp4/4Gk8Q3VLnQg.mp4
break a habit, https://media.signbsl.com/videos/asl/youtube/mp4/QCOKe4NEIos.mp4
break a horse, https://media.signbsl.com/videos/asl/youtube/mp4/wWxixp3XHGQ.mp4
break a leg, https://media.signbsl.com/videos/asl/youtube/mp4/TT6GDkwJ-iM.mp4
break an egg, https://media.signbsl.com/videos/asl/youtube/mp4/wTcEqKtLXCM.mp4
break apart, https://media.signbsl.com/videos/asl/youtube/mp4/FY3boVNHj2g.mp4
break a promise, https://media.signbsl.com/videos/asl/youtube/mp4/9Kzqs__ubIg.mp4
break away, https://media.signbsl.com/videos/asl/elementalaslconcepts/mp4/secede.mp4
breakaway, https://media.signbsl.com/videos/asl/elementalaslconcepts/mp4/secede.mp4
break confidence, https://media.signbsl.com/videos/asl/youtube/mp4/3bWsPIEzkcE.mp4
break down, https://media.signbsl.com/videos/asl/aslsignbank/mp4/BREAK-420.mp4
breakdown, https://media.signbsl.com/videos/asl/aslsignbank/mp4/BREAK-420.mp4
break down and confess, https://media.signbsl.com/videos/asl/youtube/mp4/8Ae4phXbaQk.mp4
break down emotion, https://player.vimeo.com/external/391213371.sd.mp4?s=3c54a354fe247fa0df9c06056e7d99af644246af&profile_id=164
break down smash in smash in smash through smash through remove barrier, https://media.signbsl.com/videos/asl/youtube/mp4/K63n-Qe-LjE.mp4
breaker, https://media.signbsl.com/videos/asl/aslbricks/mp4/surf.mp4
breakers, https://media.signbsl.com/videos/asl/aslbricks/mp4/surf.mp4
break even, https://media.signbsl.com/videos/asl/youtube/mp4/845dHJPzHqQ.mp4
breakfast, https://media.signbsl.com/videos/asl/startasl/mp4/breakfast.mp4
break free, https://media.signbsl.com/videos/asl/youtube/mp4/Y58pe8Be_Bw.mp4
break ground, https://media.signbsl.com/videos/asl/youtube/mp4/n6CM97xFq0w.mp4
break in, https://player.vimeo.com/external/391213445.sd.mp4?s=ec08a8328e34f17bb14ef623900ddd399b787446&profile_id=164
breaking, NA
breaking and entering, NA
breaking away, https://media.signbsl.com/videos/asl/youtube/mp4/PsyWc9F9xaY.mp4
breaking ball, https://player.vimeo.com/external/391915254.sd.mp4?s=9ede1e0156b293168073d149ff7457330a9b22a5&profile_id=164
breaking point, https://media.signbsl.com/videos/asl/youtube/mp4/OM4JhGHEbGo.mp4
break into song, https://media.signbsl.com/videos/asl/youtube/mp4/pToU18LSzQk.mp4
break loose, https://media.signbsl.com/videos/asl/startasl/mp4/escape.mp4
break missing parts in a continuous set, https://media.signbsl.com/videos/asl/youtube/mp4/RtWRcOAOWOA.mp4
break of day, https://player.vimeo.com/external/391917102.sd.mp4?s=51eed1c8462cb12376308ad1c796aa536f7881d4&profile_id=164
break off, https://media.signbsl.com/videos/asl/youtube/mp4/yN6sgI0Bw_o.mp4
break of serve, https://media.signbsl.com/videos/asl/youtube/mp4/ccdEBib1H4g.mp4
break of the day, https://player.vimeo.com/external/391917102.sd.mp4?s=51eed1c8462cb12376308ad1c796aa536f7881d4&profile_id=164
break open, https://media.signbsl.com/videos/asl/youtube/mp4/ZesUiJy7q6Q.mp4
break out, https://player.vimeo.com/external/391213520.sd.mp4?s=ea97520e073af66560fb6d55ec62b99d5cc1c26a&profile_id=164
breakout, https://player.vimeo.com/external/391213520.sd.mp4?s=ea97520e073af66560fb6d55ec62b99d5cc1c26a&profile_id=164
break out break out in, https://media.signbsl.com/videos/asl/youtube/mp4/DtudwYdRUpM.mp4
break out of, https://media.signbsl.com/videos/asl/youtube/mp4/wyuJ7iIHofs.mp4
break out start, https://media.signbsl.com/videos/asl/youtube/mp4/jOuwco8GLNE.mp4
break ranks, https://media.signbsl.com/videos/asl/youtube/mp4/cD9e1VeA1ts.mp4
break recess, https://player.vimeo.com/external/391213768.sd.mp4?s=ff096efd0028448af9c61302464c5c2ce852db3f&profile_id=164
break the back of the beast, https://media.signbsl.com/videos/asl/youtube/mp4/xgUFvs1KtuI.mp4
break the ice, https://media.signbsl.com/videos/asl/youtube/mp4/zZAeet7VvX4.mp4
break the law, https://media.signbsl.com/videos/asl/youtube/mp4/47QHW0er0T0.mp4
break the news, https://media.signbsl.com/videos/asl/youtube/mp4/YfhscOURNJw.mp4
breakthrough, https://media.signbsl.com/videos/asl/youtube/mp4/idw7yJeBF84.mp4
break through to a persons feelings, https://media.signbsl.com/videos/asl/youtube/mp4/vV6-FB83bHk.mp4
break up, https://media.signbsl.com/videos/asl/aslsignbank/mp4/DISSOLVE-1262.mp4
breakup, https://media.signbsl.com/videos/asl/aslsignbank/mp4/DISSOLVE-1262.mp4
break up sound, https://media.signbsl.com/videos/asl/youtube/mp4/528k8OJbaDo.mp4
breakwater, https://media.signbsl.com/videos/asl/youtube/mp4/Y4zqoEEE7zI.mp4
break wind, https://media.signbsl.com/videos/asl/aslsearch/mp4/fart.mp4
breast, https://media.signbsl.com/videos/asl/aslsearch/mp4/breast.mp4
breastbone, https://media.signbsl.com/videos/asl/youtube/mp4/z5-Ihexz3cU.mp4
breastfed, NA
breastfeed, https://player.vimeo.com/external/391214094.sd.mp4?s=88b06697a68fbf0e5aeb9c29f2c2ce1477b7d6a5&profile_id=164
breastmilk, https://player.vimeo.com/external/391214183.sd.mp4?s=32b7f53cc20a020f6c441d79f3b98921c634052f&profile_id=164
breastpin, https://player.vimeo.com/external/391217511.sd.mp4?s=affc07b2ebd0989208fb812712099e0e01e65ec5&profile_id=164
breastplate, https://media.signbsl.com/videos/asl/signlanguagestudent/mp4/breastplate.mp4
breasts, https://media.signbsl.com/videos/asl/aslsearch/mp4/breast.mp4
breaststroke, https://player.vimeo.com/external/391214356.sd.mp4?s=6d91359ff90318e51e0f25c211d003901ceef609&profile_id=164
breath, https://media.signbsl.com/videos/asl/aslsignbank/mp4/BREATHE-2135.mp4
breathable, https://media.signbsl.com/videos/asl/youtube/mp4/B-EkPgShT58.mp4
breathalyser, https://media.signbsl.com/videos/asl/youtube/mp4/89D9px_5lFo.mp4
breathalyzer, https://media.signbsl.com/videos/asl/youtube/mp4/89D9px_5lFo.mp4
breathe, https://media.signbsl.com/videos/asl/youtube/mp4/ooT-sILdUi0.mp4
breathe bubbles, https://media.signbsl.com/videos/asl/youtube/mp4/h470ik7IidE.mp4
breathe in, https://media.signbsl.com/videos/asl/aslsignbank/mp4/INHALE-1998.mp4
breathe life into, https://media.signbsl.com/videos/asl/youtube/mp4/MLMCjcB8Qf0.mp4
breathe out, https://media.signbsl.com/videos/asl/youtube/mp4/CrgzsKJAxiE.mp4
breather, https://media.signbsl.com/videos/asl/youtube/mp4/A5ntDeXJ5P8.mp4
breathier, https://media.signbsl.com/videos/asl/youtube/mp4/G0TvClylEvM.mp4
breathiness, https://media.signbsl.com/videos/asl/youtube/mp4/FfbHGqhyA_I.mp4
breathing, https://player.vimeo.com/external/392648663.sd.mp4?s=42ea7c8654c8c7c6c85f1137c2598808d1c1663a&profile_id=164
breathing apparatus, https://media.signbsl.com/videos/asl/youtube/mp4/sNoYf0udeyg.mp4
breathing device, https://media.signbsl.com/videos/asl/youtube/mp4/sNoYf0udeyg.mp4
breathing machine, https://media.signbsl.com/videos/asl/youtube/mp4/sNoYf0udeyg.mp4
breathing out, https://media.signbsl.com/videos/asl/youtube/mp4/dlhtnnZ6Xfk.mp4
breathless, https://media.signbsl.com/videos/asl/youtube/mp4/0dSjeGhkzLA.mp4
breathtaking, https://media.signbsl.com/videos/asl/youtube/mp4/dKORWF4UUbY.mp4
bred, https://media.signbsl.com/videos/asl/youtube/mp4/tPxa5l_Us6o.mp4
breech, https://media.signbsl.com/videos/asl/youtube/mp4/eRdMWDoPH-c.mp4
breed, https://media.signbsl.com/videos/asl/aslsearch/mp4/breed.mp4
breeder, https://media.signbsl.com/videos/asl/youtube/mp4/aRMDjfRb3w4.mp4
breeding, https://media.signbsl.com/videos/asl/youtube/mp4/DU9QBzpiN84.mp4
breeze, https://media.signbsl.com/videos/asl/aslsignbank/mp4/TRITE-2362.mp4
breezier, https://media.signbsl.com/videos/asl/youtube/mp4/VRM3vn9hZvI.mp4
breezy, https://media.signbsl.com/videos/asl/aslsearch/mp4/breezy.mp4
bremen germany, https://player.vimeo.com/external/391214728.sd.mp4?s=8e64029c0b08bd19776fd3e07d805fdaaabfcb6f&profile_id=164
bremen town, https://media.signbsl.com/videos/asl/youtube/mp4/qP63C9W4d-U.mp4
brer, https://media.signbsl.com/videos/asl/youtube/mp4/1xwpzPUrbeM.mp4
bretheren, https://media.signbsl.com/videos/asl/signlanguagestudent/mp4/bretheren.mp4
brethren, https://media.signbsl.com/videos/asl/ids/mp4/2013-11-700-brethren-1600k-ase.mp4
brevity, https://media.signbsl.com/videos/asl/youtube/mp4/upzBfLlj3hM.mp4
brevity is the soul of wit, https://media.signbsl.com/videos/asl/youtube/mp4/OJejud8lw_g.mp4
brew, https://media.signbsl.com/videos/asl/mariekatzenbachschool/mp4/brew.mp4
brewage, https://media.signbsl.com/videos/asl/mariekatzenbachschool/mp4/brew.mp4
brewer, https://media.signbsl.com/videos/asl/youtube/mp4/FH4cN1HLJSU.mp4
breweries, https://player.vimeo.com/external/391214826.sd.mp4?s=ae9b8fbd47127d9e07b7b7204f3cb3a69c6fa758&profile_id=164
brewery, https://player.vimeo.com/external/391214826.sd.mp4?s=ae9b8fbd47127d9e07b7b7204f3cb3a69c6fa758&profile_id=164
briar, https://media.signbsl.com/videos/asl/youtube/mp4/ioQMs2K-DTY.mp4
briar pipe, https://media.signbsl.com/videos/asl/youtube/mp4/1BxHs17oUSk.mp4
bribable, https://media.signbsl.com/videos/asl/youtube/mp4/2S_TJgTpAYI.mp4
bribe, https://media.signbsl.com/videos/asl/aslsearch/mp4/bribe.mp4
briber, https://media.signbsl.com/videos/asl/youtube/mp4/rGHUnzCdFDI.mp4
bric a brac, https://media.signbsl.com/videos/asl/youtube/mp4/aNj_Zff2zc8.mp4
brick, https://media.signbsl.com/videos/asl/startasl/mp4/brick.mp4
brickfield, https://media.signbsl.com/videos/asl/youtube/mp4/A3GNOlJRYxQ.mp4
brickie, https://media.signbsl.com/videos/asl/youtube/mp4/sxg_p2qYysY.mp4
brick in brick up brick over, https://media.signbsl.com/videos/asl/youtube/mp4/VHRmQ1ReYlI.mp4
bricks and glitter, https://media.signbsl.com/videos/asl/youtube/mp4/OEBzN58024Q.mp4
brickyard, https://media.signbsl.com/videos/asl/youtube/mp4/A3GNOlJRYxQ.mp4
bridal, https://media.signbsl.com/videos/asl/youtube/mp4/bmTek1am_z8.mp4
bride, https://media.signbsl.com/videos/asl/aslsignbank/mp4/WEDDING-2022.mp4
bridegroom, https://media.signbsl.com/videos/asl/handsofgrace/mp4/vMi4lL0rw9s.mp4
bridesmaid, https://player.vimeo.com/external/391214996.sd.mp4?s=137668f97276ae71870bc35736dfe7e6f139f2ca&profile_id=164
bride to be, https://media.signbsl.com/videos/asl/aslsearch/mp4/fiancee.mp4
bridge, https://media.signbsl.com/videos/asl/aslsignbank/mp4/BRIDGE-662.mp4
bridgeable, https://media.signbsl.com/videos/asl/youtube/mp4/j9IWVJIDpFk.mp4
bridgehead, https://media.signbsl.com/videos/asl/youtube/mp4/8lKnhHApOrc.mp4
bridge over, https://media.signbsl.com/videos/asl/aslsignbank/mp4/BRIDGE-662.mp4
bridge the gap, https://media.signbsl.com/videos/asl/youtube/mp4/ikI_Pc3ZPR0.mp4
brief, https://media.signbsl.com/videos/asl/aslsignbank/mp4/SHORT-252.mp4
briefcase, https://player.vimeo.com/external/391215248.sd.mp4?s=64d0505dbc9fb1c2f891239662765c453db9845b&profile_id=164
briefing, https://player.vimeo.com/external/391215360.sd.mp4?s=bbe34145f50eb8606b6744f4299e480c1cf4a139&profile_id=164
briefless, https://media.signbsl.com/videos/asl/youtube/mp4/62H4LrZib0Y.mp4
briefness, https://media.signbsl.com/videos/asl/youtube/mp4/upzBfLlj3hM.mp4
briefs, https://media.signbsl.com/videos/asl/aslsearch/mp4/briefs.mp4
brier, https://media.signbsl.com/videos/asl/youtube/mp4/ioQMs2K-DTY.mp4
brig, https://media.signbsl.com/videos/asl/youtube/mp4/9zin58UqWQM.mp4
brigade, https://media.signbsl.com/videos/asl/youtube/mp4/fMmjTKCD1Ag.mp4
brigadier, https://media.signbsl.com/videos/asl/youtube/mp4/4-nAGoQ7my0.mp4
brigadier general, https://media.signbsl.com/videos/asl/youtube/mp4/4-nAGoQ7my0.mp4
brigand, https://media.signbsl.com/videos/asl/youtube/mp4/_5refyrs6lc.mp4
bright, https://media.signbsl.com/videos/asl/startasl/mp4/bright.mp4
brighten, https://media.signbsl.com/videos/asl/youtube/mp4/f55kwMqujkQ.mp4
brightener, https://media.signbsl.com/videos/asl/youtube/mp4/wX70OEpC9j8.mp4
brighten up the daybrighten, https://media.signbsl.com/videos/asl/youtube/mp4/3Tv1i_608YU.mp4
brighter, https://media.signbsl.com/videos/asl/youtube/mp4/4CBEsi6SHnk.mp4
bright eyed and bushy tailed, https://media.signbsl.com/videos/asl/youtube/mp4/LqZ3N5NXnFA.mp4
bright future future success will happen, https://media.signbsl.com/videos/asl/youtube/mp4/kq6k_YRdpE4.mp4
bright lights, https://media.signbsl.com/videos/asl/youtube/mp4/LkM0EZP-3C4.mp4
brillant, https://media.signbsl.com/videos/asl/youtube/mp4/pp-F7f6VrhU.mp4
brilliance, https://media.signbsl.com/videos/asl/youtube/mp4/7GeTIsqaqtU.mp4
brilliant, https://media.signbsl.com/videos/asl/aslsignbank/mp4/SMART-710.mp4
brim, https://media.signbsl.com/videos/asl/youtube/mp4/mVhBKrXaq7I.mp4
brimful, https://player.vimeo.com/external/391215608.sd.mp4?s=bac481ee085a6462a914008f76f3e88d22e5df59&profile_id=164
brimfull, https://player.vimeo.com/external/391215608.sd.mp4?s=bac481ee085a6462a914008f76f3e88d22e5df59&profile_id=164
brimless, https://media.signbsl.com/videos/asl/youtube/mp4/aNYRZeBFGX4.mp4
brimming, https://player.vimeo.com/external/391215608.sd.mp4?s=bac481ee085a6462a914008f76f3e88d22e5df59&profile_id=164
brim over, https://media.signbsl.com/videos/asl/aslsearch/mp4/overflow.mp4
brine, https://media.signbsl.com/videos/asl/youtube/mp4/U1eTY8ZHFUo.mp4
bring, https://media.signbsl.com/videos/asl/aslsignbank/mp4/BRING-51.mp4
bring about, https://media.signbsl.com/videos/asl/youtube/mp4/et4SUrzsEVM.mp4
bring a knife to a gunfight, https://media.signbsl.com/videos/asl/youtube/mp4/zmcCr0UXbok.mp4
bring around, https://media.signbsl.com/videos/asl/aslsearch/mp4/cure.mp4
bring back, https://media.signbsl.com/videos/asl/youtube/mp4/tIqV_w1W6pk.mp4
bring back memory, https://media.signbsl.com/videos/asl/youtube/mp4/QXYMPzezAKU.mp4
bring back popular again, https://media.signbsl.com/videos/asl/youtube/mp4/XEsTkRBvPVk.mp4
bring down, https://media.signbsl.com/videos/asl/tsdvideo/mp4/348.mp4
bring down cause collapse, https://media.signbsl.com/videos/asl/youtube/mp4/wNN2g2eOzAg.mp4
bring down the house, https://media.signbsl.com/videos/asl/youtube/mp4/T14tKcgKFAI.mp4
bring forth, https://media.signbsl.com/videos/asl/aslsearch/mp4/produce.mp4
bring home, https://media.signbsl.com/videos/asl/youtube/mp4/NsiDWCz05ao.mp4
bring home focus, https://media.signbsl.com/videos/asl/youtube/mp4/56FRznn6RYs.mp4
bring in, https://media.signbsl.com/videos/asl/aslsearch/mp4/earn.mp4
bringing, https://player.vimeo.com/external/392670671.sd.mp4?s=fdce968dc8902392ade6b6ff0c0215f1c8cce12c&profile_id=164
bringing up, https://media.signbsl.com/videos/asl/youtube/mp4/DU9QBzpiN84.mp4
bring it, https://media.signbsl.com/videos/asl/youtube/mp4/KoMHjxuF9Go.mp4
bring it about, https://media.signbsl.com/videos/asl/youtube/mp4/hLfa4dg6FkE.mp4
bring off, https://media.signbsl.com/videos/asl/youtube/mp4/xatm3h6eDpE.mp4
bring on, https://media.signbsl.com/videos/asl/aslsearch/mp4/induce.mp4
bring on board, https://media.signbsl.com/videos/asl/youtube/mp4/3XYWGQHYD2U.mp4
bring out, https://player.vimeo.com/external/392143995.sd.mp4?s=e6bfb68f36f1205d91fc549b81d345a068e0b2ed&profile_id=164
bring to the table, https://media.signbsl.com/videos/asl/youtube/mp4/z3p0jw6Vkck.mp4
bring up, https://media.signbsl.com/videos/asl/aslsignbank/mp4/LIFT-1649.mp4
bring up create by magic, https://media.signbsl.com/videos/asl/youtube/mp4/HN6uWVMfN24.mp4
brininess, https://media.signbsl.com/videos/asl/youtube/mp4/-fFhdMQF4Tc.mp4
brink, https://player.vimeo.com/external/391215752.sd.mp4?s=bd16a8541ce83b436f0531337cf73c93371ca8b8&profile_id=164
brinkmanship, https://media.signbsl.com/videos/asl/youtube/mp4/ukHRHwa5e_Q.mp4
briny, https://media.signbsl.com/videos/asl/youtube/mp4/A_4jjsq_B8Q.mp4
Brisbane, https://media.signbsl.com/videos/asl/youtube/mp4/ArsXnr1AryY.mp4
brisbane australia, https://player.vimeo.com/external/391215855.sd.mp4?s=b206377642533bf57ed8df97de97019bf47e837d&profile_id=164
brisk, https://player.vimeo.com/external/392648747.sd.mp4?s=20dc891e76c40a99fd1cf0f6756012522b7e825f&profile_id=164
brisker, https://media.signbsl.com/videos/asl/youtube/mp4/sA1ds0Xm5qg.mp4
bristle, https://media.signbsl.com/videos/asl/elementalaslconcepts/mp4/bristles.mp4
bristles, https://media.signbsl.com/videos/asl/elementalaslconcepts/mp4/bristles.mp4
bristlier, https://media.signbsl.com/videos/asl/youtube/mp4/ZVOX7YVG5RA.mp4
Brit, https://media.signbsl.com/videos/asl/youtube/mp4/wP8w7rgiaXY.mp4
Britain, https://media.signbsl.com/videos/asl/youtube/mp4/xtLq19JqWRM.mp4
British, https://media.signbsl.com/videos/asl/elementalaslconcepts/mp4/british.mp4
British capital, https://media.signbsl.com/videos/asl/aslsignbank/mp4/LONDON-3481.mp4
British Columbia, https://player.vimeo.com/external/391215932.sd.mp4?s=bcafdfa63d5cdf562a97035722adfa11aa4f5b83&profile_id=164
Britisher, https://media.signbsl.com/videos/asl/youtube/mp4/wP8w7rgiaXY.mp4
British Guiana, https://media.signbsl.com/videos/asl/youtube/mp4/sMBdlp7QMFw.mp4
British Honduras, https://media.signbsl.com/videos/asl/youtube/mp4/Rn8i2rA1WTQ.mp4
British pound, https://media.signbsl.com/videos/asl/youtube/mp4/aVWfkUPheK8.mp4
britney spears, https://media.signbsl.com/videos/asl/thefamilyvocab/mp4/Britney-Spears.mp4
Briton, https://media.signbsl.com/videos/asl/youtube/mp4/wP8w7rgiaXY.mp4
brittle, https://media.signbsl.com/videos/asl/youtube/mp4/u1z46wpdQzM.mp4
brittle laugh or smile does not show real humor or happiness, https://media.signbsl.com/videos/asl/youtube/mp4/lD7t422d-qE.mp4
brittler, https://media.signbsl.com/videos/asl/youtube/mp4/OTl_i1LKWoA.mp4
brittle sound that is sharp and unpleasant, https://media.signbsl.com/videos/asl/youtube/mp4/WaZfOnJvWAs.mp4
brittle voice you sound as if you are about to cry, https://media.signbsl.com/videos/asl/youtube/mp4/m1j4YqVhYeo.mp4
brmm, https://media.signbsl.com/videos/asl/youtube/mp4/82TXBbri9ro.mp4
bro, https://media.signbsl.com/videos/asl/youtube/mp4/ZblIKTbswqM.mp4
broach, https://player.vimeo.com/external/391217511.sd.mp4?s=affc07b2ebd0989208fb812712099e0e01e65ec5&profile_id=164
broad, https://media.signbsl.com/videos/asl/signlanguagestudent/mp4/wide.mp4
broadband, https://media.signbsl.com/videos/asl/youtube/mp4/OVzRr4zzaW4.mp4
broadcast, https://media.signbsl.com/videos/asl/aslsearch/mp4/broadcast2.mp4
broadcast address, https://media.signbsl.com/videos/asl/deaftec/mp4/936.mp4
broadcaster, https://media.signbsl.com/videos/asl/youtube/mp4/3CohZ5IAzbw.mp4
broadcloth, https://media.signbsl.com/videos/asl/youtube/mp4/K1xnkssyHqc.mp4
broaden, https://media.signbsl.com/videos/asl/aslsearch/mp4/extend.mp4
broader, https://media.signbsl.com/videos/asl/youtube/mp4/cagztitanCM.mp4
broadloom, https://media.signbsl.com/videos/asl/youtube/mp4/YyCQVldD9Y0.mp4
broad minded, https://player.vimeo.com/external/391216014.sd.mp4?s=8cb882c03b6b393f5ab1c05f1d5f8ab1b188d156&profile_id=164
broadminded, https://player.vimeo.com/external/391216014.sd.mp4?s=8cb882c03b6b393f5ab1c05f1d5f8ab1b188d156&profile_id=164
broadsheet, https://media.signbsl.com/videos/asl/youtube/mp4/50lXSOMNKkA.mp4
broadside, https://media.signbsl.com/videos/asl/youtube/mp4/LEjHUc8srSs.mp4
broadside side facing toward something, https://media.signbsl.com/videos/asl/youtube/mp4/chXyI1a1mjE.mp4
broad strokes, https://media.signbsl.com/videos/asl/youtube/mp4/CZluMiYG4OU.mp4
broadsword, https://media.signbsl.com/videos/asl/youtube/mp4/un2Wr_DzEuA.mp4
Brobdingnagian, https://media.signbsl.com/videos/asl/aslsearch/mp4/vast.mp4
broccoli, https://media.signbsl.com/videos/asl/aslsignbank/mp4/BROCCOLI-2137.mp4
brochure, https://media.signbsl.com/videos/asl/aslsearch/mp4/brochure.mp4
brogan, https://media.signbsl.com/videos/asl/youtube/mp4/x0TfKGZIcXM.mp4
brogue, https://media.signbsl.com/videos/asl/youtube/mp4/x0TfKGZIcXM.mp4
broider, https://media.signbsl.com/videos/asl/youtube/mp4/88qjVRsDG5o.mp4
broil, https://media.signbsl.com/videos/asl/youtube/mp4/goQHO5SC6nU.mp4
broiling, https://media.signbsl.com/videos/asl/youtube/mp4/goQHO5SC6nU.mp4
brochure, https://media.signbsl.com/videos/asl/aslsearch/mp4/brochure.mp4
brogan, https://media.signbsl.com/videos/asl/youtube/mp4/x0TfKGZIcXM.mp4
brogue, https://media.signbsl.com/videos/asl/youtube/mp4/x0TfKGZIcXM.mp4
broider, https://media.signbsl.com/videos/asl/youtube/mp4/88qjVRsDG5o.mp4
broil, https://media.signbsl.com/videos/asl/youtube/mp4/goQHO5SC6nU.mp4
broiling, https://media.signbsl.com/videos/asl/youtube/mp4/goQHO5SC6nU.mp4
broke, https://media.signbsl.com/videos/asl/startasl/mp4/broke.mp4
broke down, https://media.signbsl.com/videos/asl/elementalaslconcepts/mp4/break_down.mp4
broke in, https://media.signbsl.com/videos/asl/startasl/mp4/broke-in.mp4
broken, https://media.signbsl.com/videos/asl/startasl/mp4/broken.mp4
broken down, https://media.signbsl.com/videos/asl/youtube/mp4/rq2xbImkdiE.mp4
broken hearted, https://player.vimeo.com/external/392648789.sd.mp4?s=f65d6e52cf9d70c597ea9d011f47f2d55a5f0535&profile_id=164
brokenhearted, https://player.vimeo.com/external/392648789.sd.mp4?s=f65d6e52cf9d70c597ea9d011f47f2d55a5f0535&profile_id=164
brokenheartedness, https://media.signbsl.com/videos/asl/aslsignbank/mp4/GRIEVE-1855.mp4
broken record, https://media.signbsl.com/videos/asl/youtube/mp4/rhVzUq8EuCU.mp4
broker, https://media.signbsl.com/videos/asl/youtube/mp4/c6xtSw22KNE.mp4
broke the bank, https://media.signbsl.com/videos/asl/youtube/mp4/PTj1ukL7E2U.mp4
broke up, https://media.signbsl.com/videos/asl/startasl/mp4/broke-up.mp4
brollies, https://media.signbsl.com/videos/asl/youtube/mp4/YLVTFEVfJ2Q.mp4
brolly, https://media.signbsl.com/videos/asl/youtube/mp4/YLVTFEVfJ2Q.mp4
bromide, https://player.vimeo.com/external/395766615.sd.mp4?s=9b69fab9cb80ecd9ec05ab9af58453ba3575b39c&profile_id=164
bronc, https://media.signbsl.com/videos/asl/youtube/mp4/eKpjFIci_XA.mp4
bronchial, https://media.signbsl.com/videos/asl/youtube/mp4/s3z3_JIsosg.mp4
bronchial asthma, https://media.signbsl.com/videos/asl/aslsearch/mp4/asthma.mp4
bronchitis, https://player.vimeo.com/external/392648980.sd.mp4?s=ca1670d205a93c4491898f89ce258dad42c94861&profile_id=164
broncho, https://media.signbsl.com/videos/asl/youtube/mp4/eKpjFIci_XA.mp4
bronco, https://media.signbsl.com/videos/asl/youtube/mp4/eKpjFIci_XA.mp4
broncobuster, https://media.signbsl.com/videos/asl/youtube/mp4/Ur-XqlzojL8.mp4
bronze, https://media.signbsl.com/videos/asl/youtube/mp4/bChOLj1AbwE.mp4
brooch, https://player.vimeo.com/external/391217511.sd.mp4?s=affc07b2ebd0989208fb812712099e0e01e65ec5&profile_id=164
brood, https://player.vimeo.com/external/391217571.sd.mp4?s=699754b2ebd75aee6d752854abd2943a5dc1745d&profile_id=164
brooder, https://media.signbsl.com/videos/asl/youtube/mp4/8b-BhxM5tRc.mp4
brooding, https://media.signbsl.com/videos/asl/elementalaslconcepts/mp4/reflect.mp4
broodmare, https://media.signbsl.com/videos/asl/youtube/mp4/OfwYlQQUpbE.mp4
brood sit on eggs, https://media.signbsl.com/videos/asl/youtube/mp4/9TO7kyNeq94.mp4
broody, https://media.signbsl.com/videos/asl/elementalaslconcepts/mp4/reflect.mp4
brook, https://media.signbsl.com/videos/asl/aslsignbank/mp4/PATIENT-250.mp4
brook not allow, https://media.signbsl.com/videos/asl/youtube/mp4/nKH0SSubo08.mp4
broom, https://media.signbsl.com/videos/asl/startasl/mp4/broom.mp4
broth, https://media.signbsl.com/videos/asl/youtube/mp4/Cym2_zuN3HU.mp4
brothel, https://media.signbsl.com/videos/asl/youtube/mp4/B0glyhW8QwI.mp4
brother, https://media.signbsl.com/videos/asl/startasl/mp4/brother.mp4
brother-in-law, https://media.signbsl.com/videos/asl/aslsearch/mp4/brother-in-law.mp4
brother can you spare a dime, https://media.signbsl.com/videos/asl/youtube/mp4/CvQqfYut0Go.mp4
brotherhood, https://player.vimeo.com/external/392625927.sd.mp4?s=5c3a1df1b557df1853a8ff2c5c8148131394ccde&profile_id=164
brother in law, https://media.signbsl.com/videos/asl/aslsearch/mp4/brother-in-law.mp4
brotherlike, https://media.signbsl.com/videos/asl/youtube/mp4/Wx45rfxz_EU.mp4
brotherliness, https://media.signbsl.com/videos/asl/youtube/mp4/v2vEPbp9Bgc.mp4
brotherly, https://media.signbsl.com/videos/asl/youtube/mp4/Wx45rfxz_EU.mp4
brought, https://media.signbsl.com/videos/asl/signlanguagestudent/mp4/brought.mp4
brow, https://media.signbsl.com/videos/asl/aslsearch/mp4/eyebrow.mp4
browbeat, https://media.signbsl.com/videos/asl/youtube/mp4/lH-pq5r7XSU.mp4
browbeaten, https://player.vimeo.com/external/392684936.sd.mp4?s=c5d276d5f1e902c18c8f26bf7eca95f69207f564&profile_id=164
brow liner, https://player.vimeo.com/external/391217794.sd.mp4?s=5dd1b9eba3efa2cdbb560cb2a3d139a5e751dda1&profile_id=164
brown, https://media.signbsl.com/videos/asl/startasl/mp4/brown.mp4
browned off, https://media.signbsl.com/videos/asl/youtube/mp4/wFAg6lnwQ2Q.mp4
browner, https://media.signbsl.com/videos/asl/youtube/mp4/6UK3vI8Lpj8.mp4
brownie, https://player.vimeo.com/external/392009471.sd.mp4?s=cfe3a9912745b9cbdf2b5589e3d3c80c212ce5d0&profile_id=164
brownie point, https://media.signbsl.com/videos/asl/youtube/mp4/k2-88r04Aks.mp4
Browning machine gun, https://media.signbsl.com/videos/asl/youtube/mp4/EYV5QcYZLyM.mp4
brownish, https://media.signbsl.com/videos/asl/startasl/mp4/brown.mp4
brown nose, https://player.vimeo.com/external/391217914.sd.mp4?s=7f153028efaf3b4fd7f40f666056f34d536d2fef&profile_id=164
brownnose, https://player.vimeo.com/external/391217914.sd.mp4?s=7f153028efaf3b4fd7f40f666056f34d536d2fef&profile_id=164
brownout, https://media.signbsl.com/videos/asl/aslsignbank/mp4/FAINT-752.mp4
brown sugar, https://media.signbsl.com/videos/asl/aslsearch/mp4/brown-sugar.mp4
browse, https://media.signbsl.com/videos/asl/youtube/mp4/-nBiK_qYJl4.mp4
browser, https://media.signbsl.com/videos/asl/aslsearch/mp4/web-browser.mp4
browse the internet, https://media.signbsl.com/videos/asl/youtube/mp4/qQlMF1ibJqc.mp4
browse websites, https://media.signbsl.com/videos/asl/youtube/mp4/7vNk7JEwLpc.mp4
browsing, https://media.signbsl.com/videos/asl/aslsignbank/mp4/PERUSE-890.mp4
brrm, https://media.signbsl.com/videos/asl/youtube/mp4/JMOb-eRsLZU.mp4
bruise, https://player.vimeo.com/external/391218030.sd.mp4?s=6224cfec558b54f74c233fe0f86f5d3c76632d77&profile_id=164
bruit, https://media.signbsl.com/videos/asl/youtube/mp4/9SCsUjS9lQg.mp4
brunch, https://media.signbsl.com/videos/asl/youtube/mp4/XQBb4r8Hu78.mp4
brunet, https://media.signbsl.com/videos/asl/youtube/mp4/SEjQawxGWDA.mp4
brunette, https://media.signbsl.com/videos/asl/youtube/mp4/SEjQawxGWDA.mp4
brunt, https://media.signbsl.com/videos/asl/youtube/mp4/V7NSBQv6F9k.mp4
brush, https://media.signbsl.com/videos/asl/startasl/mp4/brush.mp4
brush aside, https://media.signbsl.com/videos/asl/aslsignbank/mp4/EXCUSE-833.mp4
brush away, https://media.signbsl.com/videos/asl/youtube/mp4/ORFrEP1iCww.mp4
brush barely touch, https://media.signbsl.com/videos/asl/youtube/mp4/lMth1y7j7Bw.mp4
brushed, https://media.signbsl.com/videos/asl/youtube/mp4/Z0_rLCOyvTw.mp4
brushing teeth, https://player.vimeo.com/external/392649016.sd.mp4?s=8951a5a4418680f1f438d5f78721d09a15b7d2b2&profile_id=164
brush kangaroo, https://media.signbsl.com/videos/asl/youtube/mp4/ihQ8tvpIYWY.mp4
brush off, https://media.signbsl.com/videos/asl/aslsignbank/mp4/EXCUSE-833.mp4
brushoff, https://media.signbsl.com/videos/asl/aslsignbank/mp4/EXCUSE-833.mp4
brush off person, https://media.signbsl.com/videos/asl/youtube/mp4/NaSWt-nIBZ8.mp4
brushstroke, https://media.signbsl.com/videos/asl/youtube/mp4/yMMLSlwsKYM.mp4
brush teeth, https://media.signbsl.com/videos/asl/startasl/mp4/brush-teeth.mp4
brush upbrush up onbuff up buff up on skill, https://media.signbsl.com/videos/asl/youtube/mp4/g_Q61-97fZU.mp4
brush wolf, https://media.signbsl.com/videos/asl/youtube/mp4/4872Sn65-Mw.mp4
brushwood, https://media.signbsl.com/videos/asl/youtube/mp4/2e5doDA_vHU.mp4
brushwork, https://media.signbsl.com/videos/asl/youtube/mp4/gjFrvZxv5f0.mp4
brush your hair, https://media.signbsl.com/videos/asl/youtube/mp4/Nd8Zeowr78U.mp4
brush your teeth, https://media.signbsl.com/videos/asl/youtube/mp4/s9VP61HVCz8.mp4
brush your teeth question, https://media.signbsl.com/videos/asl/youtube/mp4/7Rb5213Vfik.mp4
brusk, https://media.signbsl.com/videos/asl/youtube/mp4/tzt-6bTeQQc.mp4
brusque, https://media.signbsl.com/videos/asl/youtube/mp4/tzt-6bTeQQc.mp4
brutal, https://media.signbsl.com/videos/asl/youtube/mp4/zon2lTFOOcE.mp4
brutalise, https://media.signbsl.com/videos/asl/youtube/mp4/FIAGW6LvfDo.mp4
brutalize, https://media.signbsl.com/videos/asl/youtube/mp4/FIAGW6LvfDo.mp4
brutal weather, https://media.signbsl.com/videos/asl/youtube/mp4/OQFLd6Qo2n0.mp4
brute, https://media.signbsl.com/videos/asl/startasl/mp4/animal.mp4
brute force, https://media.signbsl.com/videos/asl/deaftec/mp4/939.mp4
BS, https://media.signbsl.com/videos/asl/aslsignbank/mp4/BULLSHIT-2138.mp4
Bubalus bubalis, https://media.signbsl.com/videos/asl/youtube/mp4/l07k37hlKAY.mp4
bubble, https://media.signbsl.com/videos/asl/aslsignbank/mp4/BUBBLES-56.mp4
bubble blower, https://player.vimeo.com/external/391218162.sd.mp4?s=d37b0cca55f99f0418de120b8a73db61bb9e429b&profile_id=164
bubblegum, NA
bubble in, https://media.signbsl.com/videos/asl/elementalaslconcepts/mp4/bubble_in.mp4
bubbler, https://media.signbsl.com/videos/asl/youtube/mp4/h7RlUZlTdZw.mp4
bubbles fizz, https://player.vimeo.com/external/391218213.sd.mp4?s=4c61fc30c78d9141b90ddbd8c646763d9a73a570&profile_id=164
bubblier, https://media.signbsl.com/videos/asl/youtube/mp4/xAdaJbYHoEE.mp4
bubblierperterlivelierbubbliestpertestliveliest, https://media.signbsl.com/videos/asl/youtube/mp4/eJdtFNRd95A.mp4
bubbly, https://media.signbsl.com/videos/asl/aslsearch/mp4/champagne.mp4
buccaneer, https://media.signbsl.com/videos/asl/youtube/mp4/HK_8csqVSJk.mp4
buck, https://player.vimeo.com/external/391218255.sd.mp4?s=f0fbc2811479e60b7f21c1540138560db90ddaf5&profile_id=164
buckaroo, https://media.signbsl.com/videos/asl/youtube/mp4/2jHhspZoVUs.mp4
buckboard, https://media.signbsl.com/videos/asl/youtube/mp4/Im9FumaX-yY.mp4
bucked up, https://media.signbsl.com/videos/asl/aslsignbank/mp4/MOTIVATE-1589.mp4
buckeroo, https://media.signbsl.com/videos/asl/youtube/mp4/2jHhspZoVUs.mp4
bucket, https://media.signbsl.com/videos/asl/aslsearch/mp4/bucket.mp4
bucket along, https://media.signbsl.com/videos/asl/youtube/mp4/SQLeej0gir8.mp4
bucketful, https://media.signbsl.com/videos/asl/youtube/mp4/ZRKn2yPsrdI.mp4
bucket list, https://player.vimeo.com/external/391218316.sd.mp4?s=188356c18cf2b659c8d6b7ae595e652420f206aa&profile_id=164
Buckeye State, https://media.signbsl.com/videos/asl/youtube/mp4/6elya53sEN8.mp4
buckle, https://media.signbsl.com/videos/asl/aslsearch/mp4/buckle.mp4
buckle under, https://media.signbsl.com/videos/asl/youtube/mp4/6zf_pbcUsc0.mp4
buckle upbuckle in strap in belt in, https://media.signbsl.com/videos/asl/youtube/mp4/8l1kSxb0Juc.mp4
buckskin, https://media.signbsl.com/videos/asl/youtube/mp4/Y2YQ1mKZ-9g.mp4
buck stops here, https://media.signbsl.com/videos/asl/youtube/mp4/1CFr0AUedP8.mp4
buckteeth, https://media.signbsl.com/videos/asl/youtube/mp4/_6IIweYq5ns.mp4
buck up, https://media.signbsl.com/videos/asl/youtube/mp4/MGXWN-6naKA.mp4
bucolic, https://media.signbsl.com/videos/asl/youtube/mp4/F-PA0banXDE.mp4
bud, https://media.signbsl.com/videos/asl/youtube/mp4/lYmu_t9N1ls.mp4
Buddha, https://player.vimeo.com/external/391218422.sd.mp4?s=256ceed1693360056e95b9477d29cd27e7ba8b73&profile_id=164
Buddhism, https://media.signbsl.com/videos/asl/youtube/mp4/ugDWXMYbGZA.mp4
Buddhist, https://media.signbsl.com/videos/asl/startasl/mp4/buddhist.mp4
budding, https://media.signbsl.com/videos/asl/youtube/mp4/4ysnf-PkdUM.mp4
buddy, https://media.signbsl.com/videos/asl/youtube/mp4/gdF3X4a6A4g.mp4
budge, https://media.signbsl.com/videos/asl/youtube/mp4/rUM3mblfbAs.mp4
budgereegah, https://media.signbsl.com/videos/asl/youtube/mp4/q3_OWnP5bhg.mp4
budgerigar, https://media.signbsl.com/videos/asl/youtube/mp4/q3_OWnP5bhg.mp4
budgerygah, https://media.signbsl.com/videos/asl/youtube/mp4/q3_OWnP5bhg.mp4
budget, https://media.signbsl.com/videos/asl/aslsearch/mp4/budget.mp4
budgie, https://media.signbsl.com/videos/asl/youtube/mp4/q3_OWnP5bhg.mp4
Buenos Aires, https://media.signbsl.com/videos/asl/youtube/mp4/9Lhdh-vNbHc.mp4
buff, https://media.signbsl.com/videos/asl/youtube/mp4/65XRY2V5NAA.mp4
buffalo, https://media.signbsl.com/videos/asl/aslsearch/mp4/buffalo.mp4
buffer, https://media.signbsl.com/videos/asl/aslsearch/mp4/cushion.mp4
buffer computer memory, https://media.signbsl.com/videos/asl/youtube/mp4/p-UxlPdDX9U.mp4
buffet, https://media.signbsl.com/videos/asl/youtube/mp4/ne2Q3MX7QeY.mp4
buffet unfair, https://media.signbsl.com/videos/asl/youtube/mp4/jkhQJg8_LFA.mp4
buffoon, https://media.signbsl.com/videos/asl/aslsearch/mp4/clown.mp4
buffoonery, https://media.signbsl.com/videos/asl/youtube/mp4/0QEjOGmH_L8.mp4
buff subject, https://media.signbsl.com/videos/asl/youtube/mp4/7Q9D0XgL3zg.mp4
bug, https://media.signbsl.com/videos/asl/aslsignbank/mp4/BUG-422.mp4
bugaboo, https://media.signbsl.com/videos/asl/youtube/mp4/kXGRpB0fGWw.mp4
bugaboo bugbear worry, https://media.signbsl.com/videos/asl/youtube/mp4/kXGRpB0fGWw.mp4
bugger, https://media.signbsl.com/videos/asl/youtube/mp4/XnsRoxoFONs.mp4
bugger off, https://media.signbsl.com/videos/asl/youtube/mp4/L4jASRM4BOk.mp4
buggies, https://media.signbsl.com/videos/asl/startasl/mp4/nuts.mp4
buggy, https://media.signbsl.com/videos/asl/startasl/mp4/nuts.mp4
buggy full of insects, https://media.signbsl.com/videos/asl/youtube/mp4/PSqUkOYXW9I.mp4
bug hunter, https://media.signbsl.com/videos/asl/youtube/mp4/o1G6YSlMKGQ.mp4
bugle, https://media.signbsl.com/videos/asl/youtube/mp4/jewsg9FtR60.mp4
bugler, https://media.signbsl.com/videos/asl/youtube/mp4/pusWRZZwnVQ.mp4
bugologist, https://media.signbsl.com/videos/asl/youtube/mp4/o1G6YSlMKGQ.mp4
bugology, https://media.signbsl.com/videos/asl/youtube/mp4/FIJSlhM94sw.mp4
bug out, https://media.signbsl.com/videos/asl/youtube/mp4/53kA56H6z4U.mp4
bugproof, https://media.signbsl.com/videos/asl/youtube/mp4/1XK_kmRaFSY.mp4
build, https://media.signbsl.com/videos/asl/aslsignbank/mp4/BUILD-57.mp4
build a better mousetrap and the world will beat a path to your door, https://media.signbsl.com/videos/asl/youtube/mp4/3hzTcr7_EN4.mp4
builder, https://media.signbsl.com/videos/asl/youtube/mp4/Xuat9gHOdHs.mp4
build in, https://media.signbsl.com/videos/asl/youtube/mp4/r2xn3NEhgrI.mp4
building, https://media.signbsl.com/videos/asl/startasl/mp4/building.mp4
building block, https://player.vimeo.com/external/391218833.sd.mp4?s=eb93951d6e48016333a35ad15f5750f7c0a1a61a&profile_id=164
building blocks, https://player.vimeo.com/external/391218833.sd.mp4?s=eb93951d6e48016333a35ad15f5750f7c0a1a61a&profile_id=164
building program, https://media.signbsl.com/videos/asl/valleybible/mp4/building%20program.mp4
build on, https://media.signbsl.com/videos/asl/youtube/mp4/0Mp-MIEjFH8.mp4
build up, https://media.signbsl.com/videos/asl/youtube/mp4/K21_EgVlyWY.mp4
buildup, https://media.signbsl.com/videos/asl/youtube/mp4/K21_EgVlyWY.mp4
build upon, https://media.signbsl.com/videos/asl/youtube/mp4/0Mp-MIEjFH8.mp4
built, https://media.signbsl.com/videos/asl/youtube/mp4/iLHY9efRQH4.mp4
built in, https://media.signbsl.com/videos/asl/elementalaslconcepts/mp4/constitutional.mp4
built in bed, https://media.signbsl.com/videos/asl/youtube/mp4/yhOkojXlfXk.mp4
buirdly, https://player.vimeo.com/external/391198104.sd.mp4?s=bcd89c5841a6f2529578850622922e5385751f05&profile_id=164
bulb, https://media.signbsl.com/videos/asl/aslsearch/mp4/lightbulb.mp4
bulbous, https://media.signbsl.com/videos/asl/youtube/mp4/4t5J84jscEQ.mp4
Bulgaria, https://media.signbsl.com/videos/asl/youtube/mp4/N4oLJJwHceA.mp4
bulge, https://media.signbsl.com/videos/asl/youtube/mp4/nDFUdAsRmGg.mp4
bulge eyes, https://media.signbsl.com/videos/asl/youtube/mp4/9t0I4s49Kmg.mp4
bulge out, https://media.signbsl.com/videos/asl/youtube/mp4/53kA56H6z4U.mp4
bulging, https://media.signbsl.com/videos/asl/youtube/mp4/Pjw1xj5L8e8.mp4
bulgy, https://media.signbsl.com/videos/asl/youtube/mp4/4t5J84jscEQ.mp4
bulimia, https://media.signbsl.com/videos/asl/youtube/mp4/WyILqlkgPWs.mp4
bulk, https://media.signbsl.com/videos/asl/signlanguagestudent/mp4/majority.mp4
bulkiness, https://media.signbsl.com/videos/asl/youtube/mp4/Z-WYXy1AMUg.mp4
bulk up, https://media.signbsl.com/videos/asl/youtube/mp4/_w5yRKsIBIA.mp4
bulky, https://media.signbsl.com/videos/asl/aslsignbank/mp4/FAT-1453.mp4
bulky item, https://media.signbsl.com/videos/asl/aslsignbank/mp4/DS-1936.mp4
bull, https://media.signbsl.com/videos/asl/aslsearch/mp4/bull.mp4
bullbat, https://media.signbsl.com/videos/asl/youtube/mp4/SWmJxSBIOMs.mp4
bullbrier, https://media.signbsl.com/videos/asl/youtube/mp4/ioQMs2K-DTY.mp4
bulldoze, https://player.vimeo.com/external/392025320.sd.mp4?s=906c5cc97b7b99ec62b365117edd6b24109f2f5c&profile_id=164
bulldozer, https://media.signbsl.com/videos/asl/aslsearch/mp4/bulldozer.mp4
bullet, https://player.vimeo.com/external/391219183.sd.mp4?s=84e5c55f47273e2ab4a383784806c73250028fab&profile_id=164
bullet headed, https://media.signbsl.com/videos/asl/youtube/mp4/A5brisBdtj8.mp4
bulletin, https://media.signbsl.com/videos/asl/youtube/mp4/A830CcpW2Zs.mp4
bulletin board, https://media.signbsl.com/videos/asl/mariekatzenbachschool/mp4/bulletin%20board.mp4
bullet point, https://media.signbsl.com/videos/asl/aslsignbank/mp4/POINT-910.mp4
bulletproof, https://media.signbsl.com/videos/asl/youtube/mp4/GuLLYrDNqUc.mp4
bullet train, https://player.vimeo.com/external/391219120.sd.mp4?s=c87e2ab8b85aba08037d68fc3f82f5838016523a&profile_id=164
bullfight, https://media.signbsl.com/videos/asl/youtube/mp4/d09tmAfvhp4.mp4
bullfighter, https://media.signbsl.com/videos/asl/youtube/mp4/JBruCwaOwUA.mp4
bullfrog, https://media.signbsl.com/videos/asl/youtube/mp4/XwvmtkOK5NM.mp4
bullied, https://player.vimeo.com/external/392684936.sd.mp4?s=c5d276d5f1e902c18c8f26bf7eca95f69207f564&profile_id=164
bull in a china shop, https://media.signbsl.com/videos/asl/youtube/mp4/LFZn7Ht_bmA.mp4
bull market, https://media.signbsl.com/videos/asl/youtube/mp4/-UWBtZBAKzs.mp4
bullock, https://media.signbsl.com/videos/asl/youtube/mp4/Cadjx-vAF4g.mp4
bull session, https://media.signbsl.com/videos/asl/youtube/mp4/GDUaQ-pBMbg.mp4
bulls eye, https://player.vimeo.com/external/391219224.sd.mp4?s=5318657cbed585847109f7974061d2261a96bbe6&profile_id=164
bullseye, https://player.vimeo.com/external/391219224.sd.mp4?s=5318657cbed585847109f7974061d2261a96bbe6&profile_id=164
bullshit, https://media.signbsl.com/videos/asl/aslsearch/mp4/crap.mp4
bullshitter, https://media.signbsl.com/videos/asl/youtube/mp4/bEmvhpx9m0Q.mp4
bully, https://media.signbsl.com/videos/asl/aslsearch/mp4/bully.mp4
bullyrag, https://media.signbsl.com/videos/asl/youtube/mp4/lH-pq5r7XSU.mp4
bulwark, https://media.signbsl.com/videos/asl/youtube/mp4/Y4zqoEEE7zI.mp4
bum, https://media.signbsl.com/videos/asl/youtube/mp4/7LYI9dK_sEY.mp4
bum about, https://media.signbsl.com/videos/asl/youtube/mp4/8bCWeUU4sHw.mp4
bum around, https://media.signbsl.com/videos/asl/youtube/mp4/8bCWeUU4sHw.mp4
bumble, https://media.signbsl.com/videos/asl/valleybible/mp4/stumble.mp4
bumbler, https://media.signbsl.com/videos/asl/youtube/mp4/kgTgJVKbq-Y.mp4
bumbling, https://media.signbsl.com/videos/asl/aslsearch/mp4/left-handed.mp4
bummer, https://media.signbsl.com/videos/asl/youtube/mp4/sW8y72akAHM.mp4
bummer exclamation, https://player.vimeo.com/external/391222186.sd.mp4?s=169af070313837816148869d14c4917a0a9ad9c7&profile_id=164
bump, https://media.signbsl.com/videos/asl/youtube/mp4/nDFUdAsRmGg.mp4
bumper, https://media.signbsl.com/videos/asl/youtube/mp4/KIacZ145fto.mp4
bumper car, https://player.vimeo.com/external/391222357.sd.mp4?s=557741c379b49c18b56a6c0d1c0c7656a2c9be45&profile_id=164
bumpety, https://media.signbsl.com/videos/asl/youtube/mp4/wBD_u3nR9Cc.mp4
bump head, https://media.signbsl.com/videos/asl/youtube/mp4/HV9FVSvxMQU.mp4
bumpier, https://media.signbsl.com/videos/asl/youtube/mp4/1gdOhgNUMx4.mp4
bump in the road, https://media.signbsl.com/videos/asl/youtube/mp4/oDySAVMhiZo.mp4
bump into, NA
bumpkin, https://player.vimeo.com/external/392636895.sd.mp4?s=1df6b8795bf5148b0f1a7c787e8049673809e621&profile_id=164
bump off, https://media.signbsl.com/videos/asl/youtube/mp4/Lpyqz7d7WjQ.mp4
bump shape, https://player.vimeo.com/external/391222305.sd.mp4?s=ac4f184dcb522f0fe2d07c99ed2a58c8d6fdfa54&profile_id=164
bumpy, https://media.signbsl.com/videos/asl/youtube/mp4/wBD_u3nR9Cc.mp4
bumpy airplane ride, https://media.signbsl.com/videos/asl/youtube/mp4/iSggSEd8ZRE.mp4
bum someone out, https://player.vimeo.com/external/391222069.sd.mp4?s=df612142d3a1643cf0a02e8cdd8dcc16ac745f56&profile_id=164
bum steer, https://media.signbsl.com/videos/asl/youtube/mp4/x4rUbSteInI.mp4
bum tramp, https://player.vimeo.com/external/391222124.sd.mp4?s=874588d4f32d5fccc0e7cca2d10f5f45e60b959b&profile_id=164
bun, https://player.vimeo.com/external/392746636.sd.mp4?s=11f7ac1e2b424b82e6b615bdab364df239373b81&profile_id=164
bunce, https://player.vimeo.com/external/391209170.sd.mp4?s=2110fe5b0577ef3e5920496466c9682dd3607378&profile_id=164
bunch, https://media.signbsl.com/videos/asl/tsdvideo/mp4/1215.mp4
bunched, https://media.signbsl.com/videos/asl/youtube/mp4/w3r07coqSoM.mp4
bunch up traffic jam, https://media.signbsl.com/videos/asl/youtube/mp4/sndO3WAVw_c.mp4
bunchy, https://media.signbsl.com/videos/asl/youtube/mp4/w3r07coqSoM.mp4
bunco, https://media.signbsl.com/videos/asl/aslsignbank/mp4/FOOL-1491.mp4
bunco game, https://media.signbsl.com/videos/asl/aslsignbank/mp4/FOOL-1491.mp4
bundle, https://media.signbsl.com/videos/asl/youtube/mp4/OgzaEyCj_rc.mp4
bundle off, https://media.signbsl.com/videos/asl/youtube/mp4/peNpZVN7ACE.mp4
bundle push, https://media.signbsl.com/videos/asl/youtube/mp4/34XSV2ue1pQ.mp4
bundle up, https://media.signbsl.com/videos/asl/youtube/mp4/j_cITHQbHZI.mp4
bundle up clothes, https://media.signbsl.com/videos/asl/youtube/mp4/_pVaf7i-YLU.mp4
bung, https://media.signbsl.com/videos/asl/youtube/mp4/raBo5kHnQ-g.mp4
bungalow, https://player.vimeo.com/external/391910466.sd.mp4?s=67788692675e6d7c81a41b79bb257c5b1944328d&profile_id=164
bungle, https://player.vimeo.com/external/391206566.sd.mp4?s=02bb6d1dac0b98a725e6a55537518e36986978f5&profile_id=164
bungler, https://media.signbsl.com/videos/asl/youtube/mp4/kgTgJVKbq-Y.mp4
bungling, https://media.signbsl.com/videos/asl/aslsearch/mp4/left-handed.mp4
bunk, https://player.vimeo.com/external/391222399.sd.mp4?s=525b7cae890c8a1b6e78300d134b4a21db6e4757&profile_id=164
bunk bed, https://player.vimeo.com/external/391222399.sd.mp4?s=525b7cae890c8a1b6e78300d134b4a21db6e4757&profile_id=164
bunko, https://media.signbsl.com/videos/asl/aslsignbank/mp4/FOOL-1491.mp4
bunko game, https://media.signbsl.com/videos/asl/aslsignbank/mp4/FOOL-1491.mp4
bunnies, https://media.signbsl.com/videos/asl/aslsignbank/mp4/RABBIT-59.mp4
bunny, https://media.signbsl.com/videos/asl/aslsignbank/mp4/RABBIT-59.mp4
bunny rabbit, https://media.signbsl.com/videos/asl/aslsignbank/mp4/RABBIT-59.mp4
buns, https://media.signbsl.com/videos/asl/youtube/mp4/k4acAbNtqrg.mp4
bunt, https://media.signbsl.com/videos/asl/youtube/mp4/sSQeylDlnvg.mp4
bunting, https://media.signbsl.com/videos/asl/youtube/mp4/4zZD1l-6Cfo.mp4
Bunyan, https://media.signbsl.com/videos/asl/youtube/mp4/x3RQjXdaPJE.mp4
buoyancy, https://media.signbsl.com/videos/asl/youtube/mp4/t2lQq-R3aZQ.mp4
buoyant happy and confident, https://media.signbsl.com/videos/asl/youtube/mp4/cYH4m4wYy7U.mp4
buoyantly, https://media.signbsl.com/videos/asl/youtube/mp4/Bk-FH-vZgFA.mp4
buoy list, https://media.signbsl.com/videos/asl/aslsignbank/mp4/BUOY-2139.mp4
buoy pointer, https://media.signbsl.com/videos/asl/aslsignbank/mp4/BUOY-2140.mp4
buoy theme, https://media.signbsl.com/videos/asl/aslsignbank/mp4/BUOY-2141.mp4
buoy up, https://media.signbsl.com/videos/asl/youtube/mp4/8i9wRVby_as.mp4
buoy up cause become happy, https://media.signbsl.com/videos/asl/youtube/mp4/st9nANrLqIs.mp4
bur, https://media.signbsl.com/videos/asl/youtube/mp4/90rXXmmWA2w.mp4
burden, https://media.signbsl.com/videos/asl/aslsearch/mp4/load.mp4
burden free, https://player.vimeo.com/external/391222485.sd.mp4?s=77ce194819b180cd404043570debcf63d6a52f87&profile_id=164
burdensome, https://media.signbsl.com/videos/asl/youtube/mp4/1gZ37TACjws.mp4
bureau, https://media.signbsl.com/videos/asl/aslsearch/mp4/bureau.mp4
bureaucracies, https://media.signbsl.com/videos/asl/youtube/mp4/nzuZGuqy2qQ.mp4
bureaucracy, https://media.signbsl.com/videos/asl/youtube/mp4/nzuZGuqy2qQ.mp4
bureaucrat, https://media.signbsl.com/videos/asl/youtube/mp4/qvBJGJRZCE0.mp4
bureaucratise, https://media.signbsl.com/videos/asl/youtube/mp4/prQFEelMAB4.mp4
bureaucratism, https://media.signbsl.com/videos/asl/youtube/mp4/nzuZGuqy2qQ.mp4
burgeon, https://media.signbsl.com/videos/asl/youtube/mp4/Z0qpelcw_YA.mp4
burgeon forth, https://player.vimeo.com/external/392143167.sd.mp4?s=224f40aa98c13db69d8fa46f4de94f113df372d1&profile_id=164
burger, https://media.signbsl.com/videos/asl/aslsignbank/mp4/HAMBURGER-1844.mp4
burger king, https://player.vimeo.com/external/392649055.sd.mp4?s=dfc501fe80d8667e3a090981e37190090cf57cd7&profile_id=164
burgher, https://media.signbsl.com/videos/asl/youtube/mp4/0utiOVwEixc.mp4
burglar, https://media.signbsl.com/videos/asl/aslsignbank/mp4/THIEF_2-2190.mp4
burglaries, https://media.signbsl.com/videos/asl/aslsearch/mp4/burglary.mp4
burglarise, https://media.signbsl.com/videos/asl/youtube/mp4/IL3P_cevGss.mp4
burglarize, https://media.signbsl.com/videos/asl/youtube/mp4/IL3P_cevGss.mp4
burglarproof, https://media.signbsl.com/videos/asl/youtube/mp4/Js8ZRkL37Yw.mp4
burglary, https://media.signbsl.com/videos/asl/aslsearch/mp4/burglary.mp4
burgle, https://media.signbsl.com/videos/asl/youtube/mp4/IL3P_cevGss.mp4
burgomaster, https://media.signbsl.com/videos/asl/youtube/mp4/7Wa4wuuOCao.mp4
burgundy, https://player.vimeo.com/external/391222626.sd.mp4?s=4497e253ecca3c6a017cc644c431b7008f13b362&profile_id=164
burial, https://media.signbsl.com/videos/asl/aslsignbank/mp4/FUNERAL-3358.mp4
burial ground, https://media.signbsl.com/videos/asl/aslsearch/mp4/cemetery.mp4
burial site, https://media.signbsl.com/videos/asl/aslsearch/mp4/cemetery.mp4
burial vault, https://media.signbsl.com/videos/asl/youtube/mp4/5n1GbRFuJH4.mp4
buried, https://media.signbsl.com/videos/asl/youtube/mp4/I-EGhoewbSA.mp4
burka, https://player.vimeo.com/external/391222706.sd.mp4?s=7aa7d5e08150600bfd04e5022cfc5111545aec25&profile_id=164
Burkina Faso, https://media.signbsl.com/videos/asl/youtube/mp4/AeFp_h8nzfU.mp4
burlesque, https://player.vimeo.com/external/392385988.sd.mp4?s=405d3df3522b93cfe3030293ca39ae21dc384038&profile_id=164
burliness, https://media.signbsl.com/videos/asl/youtube/mp4/h4q4LSqHHMY.mp4
burlington ontario, https://player.vimeo.com/external/391222777.sd.mp4?s=5f1dbf903f3ff633097b0b428c04dda0ab73b117&profile_id=164
burly, https://player.vimeo.com/external/391198104.sd.mp4?s=bcd89c5841a6f2529578850622922e5385751f05&profile_id=164
Burma, https://player.vimeo.com/external/392378813.sd.mp4?s=5eb2966c35dbfe43ce2c51150ea164597ed23f5c&profile_id=164
burma myanmar, https://media.signbsl.com/videos/asl/youtube/mp4/u8iBFiGZNmk.mp4
burn, https://media.signbsl.com/videos/asl/aslsignbank/mp4/FIRE-1473.mp4
burnable, https://media.signbsl.com/videos/asl/youtube/mp4/bRbuKW1jrbk.mp4
burnaby bc, https://player.vimeo.com/external/391223216.sd.mp4?s=f8932af4865ba93df404db1f53056a150d393c98&profile_id=164
burnburn in burn into memory, https://media.signbsl.com/videos/asl/youtube/mp4/McafEzwnchQ.mp4
burn down, https://player.vimeo.com/external/391222850.sd.mp4?s=f7ced6048662e794ddd3b961a394e0f1e5617d76&profile_id=164
burner, https://media.signbsl.com/videos/asl/youtube/mp4/dkGv8rt6lW0.mp4
burning, https://media.signbsl.com/videos/asl/AustinCommunityCollege/mp4/auto_combustion_.mp4
burning question, https://media.signbsl.com/videos/asl/youtube/mp4/9OZnHztk6B0.mp4
burnish, https://media.signbsl.com/videos/asl/youtube/mp4/iggCkoz3WMs.mp4
burnisher, https://media.signbsl.com/videos/asl/youtube/mp4/rn-GWwJvi9k.mp4
burnish reputation, https://media.signbsl.com/videos/asl/youtube/mp4/gH2ChWx4pv8.mp4
burn light, https://media.signbsl.com/videos/asl/youtube/mp4/qT7eixAZBvE.mp4
burn make a dvd, https://media.signbsl.com/videos/asl/youtube/mp4/cJiL_aARPL0.mp4
burn offburn away, https://media.signbsl.com/videos/asl/youtube/mp4/AvPD5xJkue8.mp4
burn on, https://media.signbsl.com/videos/asl/youtube/mp4/Gj00rkB-6WY.mp4
burn out, https://player.vimeo.com/external/391222913.sd.mp4?s=a00a8d9c7d7e19ff08036370d226be3e736f6d8e&profile_id=164
burnout, https://player.vimeo.com/external/391222913.sd.mp4?s=a00a8d9c7d7e19ff08036370d226be3e736f6d8e&profile_id=164
burnside, https://media.signbsl.com/videos/asl/aslsearch/mp4/sideburn.mp4
burn skin becomes red, https://media.signbsl.com/videos/asl/youtube/mp4/1F4xCUQdF38.mp4
burn the candle, https://player.vimeo.com/external/392649078.sd.mp4?s=c4c19ec1284df26522e5b03c7a468982719d35cc&profile_id=164
burn the candle at both ends, https://media.signbsl.com/videos/asl/youtube/mp4/-N0xCZdy_xs.mp4
burn the midnight oil, https://media.signbsl.com/videos/asl/youtube/mp4/XVRhyC7l9ew.mp4
burn through, https://media.signbsl.com/videos/asl/AustinCommunityCollege/mp4/weld_burn_through_.mp4
burn up, https://player.vimeo.com/external/391223055.sd.mp4?s=c3c4917b4263eec1379dee9fa8e645f9c069f275&profile_id=164
burn up annoy, https://media.signbsl.com/videos/asl/youtube/mp4/GOWxEcO054c.mp4
burn upburn down fire, https://media.signbsl.com/videos/asl/youtube/mp4/nG1bglK25SQ.mp4
burn up fast, https://media.signbsl.com/videos/asl/youtube/mp4/L3eWHeJFwKE.mp4
burn up heat, https://media.signbsl.com/videos/asl/youtube/mp4/Pl1zdG_dqRM.mp4
burn your bridges, https://media.signbsl.com/videos/asl/youtube/mp4/JtJqH1tz2Js.mp4
burn your fingers, https://media.signbsl.com/videos/asl/youtube/mp4/GobOZC4SeB4.mp4
burn your ships, https://media.signbsl.com/videos/asl/youtube/mp4/1mPhh0_uKeM.mp4
burp, https://media.signbsl.com/videos/asl/aslsignbank/mp4/BURP-2969.mp4
burp baby, https://media.signbsl.com/videos/asl/aslsignbank/mp4/BURP-BABY-1980.mp4
burp cause baby to burp, https://media.signbsl.com/videos/asl/youtube/mp4/ttaI9QiSfoQ.mp4
burpee, https://player.vimeo.com/external/391223349.sd.mp4?s=5c1ee2450307a5d60f3a59ffd65ea0193fbbb09d&profile_id=164
burping, https://media.signbsl.com/videos/asl/aslsignbank/mp4/BURP-2969.mp4
burqa, https://player.vimeo.com/external/391222706.sd.mp4?s=7aa7d5e08150600bfd04e5022cfc5111545aec25&profile_id=164
burr, https://media.signbsl.com/videos/asl/youtube/mp4/90rXXmmWA2w.mp4
burrito, https://player.vimeo.com/external/392649124.sd.mp4?s=2b77dd532659eb5ca457cef9989612e03736ecf8&profile_id=164
burro, https://media.signbsl.com/videos/asl/youtube/mp4/vM5iWJasFAc.mp4
burrow, https://media.signbsl.com/videos/asl/deaftec/mp4/1083.mp4
burrower, https://media.signbsl.com/videos/asl/youtube/mp4/qk_icywoh2g.mp4
burr remove burrs, https://media.signbsl.com/videos/asl/youtube/mp4/vDm7BRLfeAY.mp4
bursar, https://media.signbsl.com/videos/asl/youtube/mp4/wXs2c9G3VTA.mp4
bursary, https://player.vimeo.com/external/391223466.sd.mp4?s=c008b8736ffcb337b082c831cb4942349e02fefc&profile_id=164
bursay, https://media.signbsl.com/videos/asl/youtube/mp4/HKJpkbWHmlM.mp4
bursitis, https://media.signbsl.com/videos/asl/youtube/mp4/4aTZWQyXQZQ.mp4
burst, https://media.signbsl.com/videos/asl/youtube/mp4/j0Lrhj8HynY.mp4
burst at the seams, https://media.signbsl.com/videos/asl/youtube/mp4/UDc81vokI84.mp4
burst forth, https://player.vimeo.com/external/392025993.sd.mp4?s=f4f9090f79bb4fc39b36b64c89c07003f22e31cf&profile_id=164
burst into flames, https://media.signbsl.com/videos/asl/aslsignbank/mp4/FIRE-1473.mp4
burst out, https://media.signbsl.com/videos/asl/youtube/mp4/nmUFSLTScE8.mp4
burst out in laughter, https://media.signbsl.com/videos/asl/youtube/mp4/98hutk3zLPY.mp4
burst your bubble, https://media.signbsl.com/videos/asl/youtube/mp4/QT3xw8KiHjY.mp4
Burundi, https://media.signbsl.com/videos/asl/youtube/mp4/vunQAnSq-xI.mp4
bury, https://player.vimeo.com/external/392130769.sd.mp4?s=de91226fb30712a556a59463c2459b85c3b49747&profile_id=164
burying ground, https://media.signbsl.com/videos/asl/aslsearch/mp4/cemetery.mp4
bury right side up underground, https://media.signbsl.com/videos/asl/youtube/mp4/p9UxzeVdPIM.mp4
bury the hatchet, https://media.signbsl.com/videos/asl/youtube/mp4/jHr5Z6RG4eM.mp4
bury your head in the sand, https://media.signbsl.com/videos/asl/youtube/mp4/lg-LoaoP_Ik.mp4
bus, https://media.signbsl.com/videos/asl/startasl/mp4/bus.mp4
bus boy, https://player.vimeo.com/external/392649310.sd.mp4?s=801a921b48efd05e1f6ed00ba26ea8debbbca4a7&profile_id=164
busboy, https://player.vimeo.com/external/392649310.sd.mp4?s=801a921b48efd05e1f6ed00ba26ea8debbbca4a7&profile_id=164
busby, https://media.signbsl.com/videos/asl/youtube/mp4/lQBdHE2gWcc.mp4
bus depot, https://player.vimeo.com/external/391223607.sd.mp4?s=f820e7ce9251ed1dc02715bb4d7cbb4974490268&profile_id=164
bus driver, https://media.signbsl.com/videos/asl/elementalaslconcepts/mp4/bus_driver.mp4
bus fare, https://media.signbsl.com/videos/asl/youtube/mp4/XvWe6Hwxx0c.mp4
bush, https://media.signbsl.com/videos/asl/aslsearch/mp4/bush.mp4
bushel, https://media.signbsl.com/videos/asl/youtube/mp4/1pmdmtqxQZ4.mp4
bushier, https://media.signbsl.com/videos/asl/youtube/mp4/qC-ad2fKcNo.mp4
bushman, https://media.signbsl.com/videos/asl/youtube/mp4/9DCdp5s1kiM.mp4
bush plants, https://media.signbsl.com/videos/asl/youtube/mp4/dUAORmupBOQ.mp4
bushwhack, https://media.signbsl.com/videos/asl/youtube/mp4/Xq64KSXhOSA.mp4
bushwhacker, https://media.signbsl.com/videos/asl/youtube/mp4/4B0BJVIki10.mp4
bushy, https://media.signbsl.com/videos/asl/youtube/mp4/QTEYIbHTwfY.mp4
busied, https://media.signbsl.com/videos/asl/youtube/mp4/CyrBf8NliVM.mp4
busier, https://media.signbsl.com/videos/asl/youtube/mp4/-zQrAqQhVCM.mp4
business, https://media.signbsl.com/videos/asl/startasl/mp4/job.mp4
business affair, https://media.signbsl.com/videos/asl/youtube/mp4/G-QZ4ouAqFY.mp4
business analyst, https://media.signbsl.com/videos/asl/mariekatzenbachschool/mp4/BA.mp4
business as usual, https://media.signbsl.com/videos/asl/youtube/mp4/o-4dIcv4mcQ.mp4
business card, https://player.vimeo.com/external/391223829.sd.mp4?s=6f58061f836e29715d9da7b05dd2100023e4c0de&profile_id=164
business concern, https://media.signbsl.com/videos/asl/aslsignbank/mp4/CONCERN-1122.mp4
business leader, https://media.signbsl.com/videos/asl/youtube/mp4/0P74ZKdfZzM.mp4
businessman, https://media.signbsl.com/videos/asl/youtube/mp4/56QfSicZVEw.mp4
business office, https://media.signbsl.com/videos/asl/startasl/mp4/office.mp4
business organisation, https://media.signbsl.com/videos/asl/aslsignbank/mp4/CONCERN-1122.mp4
business organization, https://media.signbsl.com/videos/asl/aslsignbank/mp4/CONCERN-1122.mp4
business or pleasure, https://player.vimeo.com/external/392649357.sd.mp4?s=65ff3f7f085291e4f7f91cde5963f939ae3c05db&profile_id=164
business relationship, https://media.signbsl.com/videos/asl/aslsignbank/mp4/COUNT-609.mp4
business strategy, https://player.vimeo.com/external/391223917.sd.mp4?s=1c0841b69c84b72a6a63fef9efdebb735018b954&profile_id=164
businesswoman, https://media.signbsl.com/videos/asl/youtube/mp4/BT8zFo_1C7Q.mp4
busload, https://media.signbsl.com/videos/asl/youtube/mp4/_rZ6fK0vkg0.mp4
busman, https://media.signbsl.com/videos/asl/elementalaslconcepts/mp4/bus_driver.mp4
busmans holiday, https://media.signbsl.com/videos/asl/youtube/mp4/KimHO46KrVA.mp4
bus ride, https://media.signbsl.com/videos/asl/youtube/mp4/QG-DX8RGSyI.mp4
buss, https://media.signbsl.com/videos/asl/startasl/mp4/kiss.mp4
bus schedule, https://media.signbsl.com/videos/asl/youtube/mp4/KWGhdjyLeKc.mp4
bus station, https://player.vimeo.com/external/391223607.sd.mp4?s=f820e7ce9251ed1dc02715bb4d7cbb4974490268&profile_id=164
bus stop, https://media.signbsl.com/videos/asl/elementalaslconcepts/mp4/bus_stop.mp4
bust, https://media.signbsl.com/videos/asl/startasl/mp4/broke.mp4
bust downbreak down, https://media.signbsl.com/videos/asl/youtube/mp4/t61YFe2h7NA.mp4
bust drug, https://player.vimeo.com/external/391223981.sd.mp4?s=a60b631ebfc60bafd188b3b77e72c3b0cb8f63ac&profile_id=164
busted, https://media.signbsl.com/videos/asl/aslsignbank/mp4/BUSTED-2143.mp4
buster, https://media.signbsl.com/videos/asl/youtube/mp4/Ur-XqlzojL8.mp4
buster attacks bad, https://media.signbsl.com/videos/asl/youtube/mp4/nmUiF0DjLCs.mp4
bus terminal, https://player.vimeo.com/external/391223607.sd.mp4?s=f820e7ce9251ed1dc02715bb4d7cbb4974490268&profile_id=164
bustier, https://media.signbsl.com/videos/asl/youtube/mp4/l2FxLs2TQ9I.mp4
bust in bust intocrash incrash intoram in ram into bust down break down, https://media.signbsl.com/videos/asl/youtube/mp4/dhAtCi3gr8M.mp4
busting a gut, https://media.signbsl.com/videos/asl/youtube/mp4/2DPF7scPLC4.mp4
bustle, https://media.signbsl.com/videos/asl/youtube/mp4/EnxyRHEy1r8.mp4
bustle about, https://media.signbsl.com/videos/asl/youtube/mp4/MBTa7TIQV6k.mp4
bust military, https://media.signbsl.com/videos/asl/youtube/mp4/lxWAb2wHuus.mp4
bust my chops, https://media.signbsl.com/videos/asl/youtube/mp4/PH9-PQ2bWEk.mp4
bust up, https://player.vimeo.com/external/392634261.sd.mp4?s=09fd89e54d4a41e3bed665767970e83be482e5e0&profile_id=164
bust up break, https://media.signbsl.com/videos/asl/youtube/mp4/wMf0akNUEVs.mp4
busty, https://media.signbsl.com/videos/asl/youtube/mp4/y_aCi3I-Uv8.mp4
busy, https://media.signbsl.com/videos/asl/startasl/mp4/busy.mp4
busy as a beebusy as a beaver, https://media.signbsl.com/videos/asl/youtube/mp4/snV1jocL_wI.mp4
busy bee, https://media.signbsl.com/videos/asl/youtube/mp4/D1BKVEZFbLk.mp4
busybodied, https://media.signbsl.com/videos/asl/youtube/mp4/0TM8NO9x4hY.mp4
busybodies, https://media.signbsl.com/videos/asl/youtube/mp4/PHQJruzKIJM.mp4
busybody, https://media.signbsl.com/videos/asl/youtube/mp4/PHQJruzKIJM.mp4
busy busier busiest, https://media.signbsl.com/videos/asl/youtube/mp4/L5Pby2Km4qQ.mp4
busywork, https://media.signbsl.com/videos/asl/youtube/mp4/TkweHJqX7_w.mp4
but, https://media.signbsl.com/videos/asl/aslsignbank/mp4/BUT-61.mp4
butch, https://media.signbsl.com/videos/asl/youtube/mp4/lM9ieOhpfWk.mp4
butcher, https://media.signbsl.com/videos/asl/youtube/mp4/xm8c8qDu4to.mp4
butcher shop, https://player.vimeo.com/external/393406370.sd.mp4?s=d6865525e880466225125cd313c3c3e52d4792e7&profile_id=164
butchery, https://media.signbsl.com/videos/asl/youtube/mp4/-mwckvPTVqs.mp4
Buteo buteo, https://media.signbsl.com/videos/asl/youtube/mp4/8o3c18Lq4fA.mp4
butler, https://media.signbsl.com/videos/asl/youtube/mp4/qaMyeKrXyJ8.mp4
butt, https://media.signbsl.com/videos/asl/aslsignbank/mp4/BORDER-2959.mp4
butt against, https://media.signbsl.com/videos/asl/aslsignbank/mp4/BORDER-2959.mp4
Butte, https://media.signbsl.com/videos/asl/youtube/mp4/rA1-weIgf_Q.mp4
butter, https://media.signbsl.com/videos/asl/startasl/mp4/butter.mp4
butterball, https://player.vimeo.com/external/392124987.sd.mp4?s=468c6d3b110b6fce9a4d411750f6ce1a32c5ac46&profile_id=164
butterfat, https://media.signbsl.com/videos/asl/youtube/mp4/tm7G86UyuOI.mp4
butterfingered, https://media.signbsl.com/videos/asl/aslsearch/mp4/left-handed.mp4
butterfingers, https://media.signbsl.com/videos/asl/youtube/mp4/kDXgWFzQbjk.mp4
butterflies, https://media.signbsl.com/videos/asl/aslsearch/mp4/butterfly.mp4
butterflies in your stomach, https://media.signbsl.com/videos/asl/youtube/mp4/gg2vlLNIet0.mp4
butterfly, https://media.signbsl.com/videos/asl/aslsearch/mp4/butterfly.mp4
butterier, https://media.signbsl.com/videos/asl/youtube/mp4/dnnF8PW-qU4.mp4
butter knife, https://player.vimeo.com/external/392649400.sd.mp4?s=da782e627792a3438a52ad09e5b997b2ca593559&profile_id=164
buttermilk, https://media.signbsl.com/videos/asl/youtube/mp4/6AbX4Z2QHpA.mp4
butter up, https://player.vimeo.com/external/391217914.sd.mp4?s=7f153028efaf3b4fd7f40f666056f34d536d2fef&profile_id=164
butter wouldnt melt in their mouth, https://media.signbsl.com/videos/asl/youtube/mp4/3APcvO7Pv6c.mp4
buttery, https://media.signbsl.com/videos/asl/youtube/mp4/Elv9vbs__rY.mp4
but this is all he finds on the bench when he rushes up with his gun, https://media.signbsl.com/videos/asl/youtube/mp4/zQLagFg5pHg.mp4
butt in, https://player.vimeo.com/external/391213445.sd.mp4?s=ec08a8328e34f17bb14ef623900ddd399b787446&profile_id=164
butt joint, https://media.signbsl.com/videos/asl/AustinCommunityCollege/mp4/weld_buttjoint_.mp4
buttocks, https://media.signbsl.com/videos/asl/youtube/mp4/k4acAbNtqrg.mp4
butt of a joke, https://media.signbsl.com/videos/asl/youtube/mp4/Jd47NfzqVJw.mp4
butt on, https://media.signbsl.com/videos/asl/aslsignbank/mp4/BUTTON-367.mp4
button, https://media.signbsl.com/videos/asl/aslsignbank/mp4/BUTTON-367.mp4
button hole, https://media.signbsl.com/videos/asl/youtube/mp4/zM2lWKyhEUs.mp4
buttonhole, https://media.signbsl.com/videos/asl/youtube/mp4/zM2lWKyhEUs.mp4
button it, https://media.signbsl.com/videos/asl/youtube/mp4/_xG5Zqe8jhI.mp4
buttonlike, https://media.signbsl.com/videos/asl/youtube/mp4/6Cg7HPyiPZY.mp4
buttons, https://media.signbsl.com/videos/asl/aslsignbank/mp4/BUTTON-367.mp4
buttons burst off, https://media.signbsl.com/videos/asl/youtube/mp4/Sse6wvfNVQs.mp4
button up, https://media.signbsl.com/videos/asl/aslsignbank/mp4/E(shh)-1888.mp4
buttony, https://media.signbsl.com/videos/asl/youtube/mp4/6Cg7HPyiPZY.mp4
buttonybuttonlike like a button, https://media.signbsl.com/videos/asl/youtube/mp4/DPRNzxhacns.mp4
buttony having many buttons, https://media.signbsl.com/videos/asl/youtube/mp4/eET_7fj7E40.mp4
butt out, https://media.signbsl.com/videos/asl/youtube/mp4/VBX8XoQGJhA.mp4
butt up against touch, https://media.signbsl.com/videos/asl/youtube/mp4/R8iqtcwGOBM.mp4
buxom, https://media.signbsl.com/videos/asl/aslsearch/mp4/chubby.mp4
buy, https://media.signbsl.com/videos/asl/startasl/mp4/buy.mp4
buyback, https://media.signbsl.com/videos/asl/youtube/mp4/09fmu1lqUbM.mp4
buyer, https://media.signbsl.com/videos/asl/youtube/mp4/dJThpOkvL0M.mp4
buy in to, https://media.signbsl.com/videos/asl/youtube/mp4/VcGoO-_6c-Q.mp4
buy into, https://media.signbsl.com/videos/asl/youtube/mp4/VcGoO-_6c-Q.mp4
buy off, https://media.signbsl.com/videos/asl/youtube/mp4/2RJUA4x86ls.mp4
buy out, https://media.signbsl.com/videos/asl/youtube/mp4/HkJkLz7E5tk.mp4
buyout, https://media.signbsl.com/videos/asl/youtube/mp4/HkJkLz7E5tk.mp4
buy something for a song, https://media.signbsl.com/videos/asl/youtube/mp4/e1kSv9j-fIg.mp4
buy the farm, https://media.signbsl.com/videos/asl/youtube/mp4/7Reav4BjWdQ.mp4
buy time, https://media.signbsl.com/videos/asl/youtube/mp4/fwvVg0jrEi0.mp4
buy up, https://media.signbsl.com/videos/asl/youtube/mp4/HkJkLz7E5tk.mp4
buzz, https://media.signbsl.com/videos/asl/youtube/mp4/TZqPqNsEo-o.mp4
buzzard, https://media.signbsl.com/videos/asl/youtube/mp4/8o3c18Lq4fA.mp4
buzz arounddart about, https://media.signbsl.com/videos/asl/youtube/mp4/CWhzgAHaZjI.mp4
buzzed drunk, https://player.vimeo.com/external/391225034.sd.mp4?s=56379a7eca8803fbb0df82dbd4e2b91c86104df7&profile_id=164
buzzer, https://media.signbsl.com/videos/asl/youtube/mp4/t3EFmWy_26g.mp4
buzz fly low, https://media.signbsl.com/videos/asl/youtube/mp4/xSRHF9d6RjI.mp4
buzzing, https://media.signbsl.com/videos/asl/youtube/mp4/smcI3z7AzAI.mp4
buzzing ideas, https://media.signbsl.com/videos/asl/youtube/mp4/nIp7W4R23vw.mp4
buzz off, https://media.signbsl.com/videos/asl/youtube/mp4/L4jASRM4BOk.mp4
buzz people talking, https://media.signbsl.com/videos/asl/youtube/mp4/IYkiURt-u0g.mp4
buzz press button of bell, https://media.signbsl.com/videos/asl/youtube/mp4/SoBLqgUcNZA.mp4
buzz strong feeling of pleasure or excitement, https://media.signbsl.com/videos/asl/youtube/mp4/yWxdgxFx5AY.mp4
buzzword, https://media.signbsl.com/videos/asl/signlanguagestudent/mp4/can't.mp4
by, https://media.signbsl.com/videos/asl/aslsearch/mp4/by.mp4
by according to rules or laws, https://media.signbsl.com/videos/asl/youtube/mp4/eibedVOgO6M.mp4
by a hair, https://media.signbsl.com/videos/asl/aslsignbank/mp4/BARELY-650.mp4
By A Hair (Whisker), https://player.vimeo.com/external/391225068.sd.mp4?s=adca01968aa4b9ffd27cc739db105ab9d10efaba&profile_id=164
by a hair whisker, https://player.vimeo.com/external/391225068.sd.mp4?s=adca01968aa4b9ffd27cc739db105ab9d10efaba&profile_id=164
by a mile, https://media.signbsl.com/videos/asl/youtube/mp4/nuuR5fcSdYY.mp4
by and large, https://media.signbsl.com/videos/asl/youtube/mp4/cFuFf4aGDyU.mp4
by a nose, https://media.signbsl.com/videos/asl/aslsignbank/mp4/BARELY-650.mp4
by any means, https://media.signbsl.com/videos/asl/youtube/mp4/b-xS0UKBbXY.mp4
by blow, https://media.signbsl.com/videos/asl/youtube/mp4/L1BW0QuDX2w.mp4
by chance, NA
by changed, https://media.signbsl.com/videos/asl/youtube/mp4/2lZHLIeGCCQ.mp4
by cracky, https://media.signbsl.com/videos/asl/youtube/mp4/04Jhc0_49-4.mp4
by difference, https://media.signbsl.com/videos/asl/youtube/mp4/uB9obzaivuA.mp4
bye, https://media.signbsl.com/videos/asl/startasl/mp4/bye.mp4
bye bye, https://media.signbsl.com/videos/asl/startasl/mp4/bye.mp4
Byelarus, https://media.signbsl.com/videos/asl/youtube/mp4/BCWbjSfOhTM.mp4
bye law, https://media.signbsl.com/videos/asl/youtube/mp4/kjbMHPTCYGg.mp4
Byelorussia, https://media.signbsl.com/videos/asl/youtube/mp4/BCWbjSfOhTM.mp4
by heart, https://media.signbsl.com/videos/asl/youtube/mp4/oUSJeISog4Y.mp4
by hook or by crook, https://media.signbsl.com/videos/asl/youtube/mp4/b-xS0UKBbXY.mp4
by judged, https://media.signbsl.com/videos/asl/youtube/mp4/SO9ZYSa5260.mp4
bylaw, https://media.signbsl.com/videos/asl/youtube/mp4/kjbMHPTCYGg.mp4
by line, https://media.signbsl.com/videos/asl/aslsearch/mp4/sideline.mp4
byline, https://media.signbsl.com/videos/asl/aslsearch/mp4/sideline.mp4
by memory, https://media.signbsl.com/videos/asl/youtube/mp4/oUSJeISog4Y.mp4
by mouth, https://media.signbsl.com/videos/asl/aslsignbank/mp4/TAKE-ORALLY-1163.mp4
by oneself, https://player.vimeo.com/external/391225256.sd.mp4?s=9c65abcfc7eb4df124ecf86df9b0fa44c5b08fc5&profile_id=164
by particular time, https://media.signbsl.com/videos/asl/youtube/mp4/pol6dT-QDx8.mp4
bypass, https://media.signbsl.com/videos/asl/aslbricks/mp4/bypass.mp4
bypath, https://media.signbsl.com/videos/asl/youtube/mp4/9Vufd4OpW3g.mp4
by product, https://media.signbsl.com/videos/asl/youtube/mp4/s3KpOG--HQU.mp4
byproduct, https://media.signbsl.com/videos/asl/youtube/mp4/s3KpOG--HQU.mp4
byroad, https://media.signbsl.com/videos/asl/youtube/mp4/9Vufd4OpW3g.mp4
bystander, https://media.signbsl.com/videos/asl/youtube/mp4/yhyP3MqXIa4.mp4
byte, https://media.signbsl.com/videos/asl/deaftec/mp4/942.mp4
by the back door, https://media.signbsl.com/videos/asl/youtube/mp4/AB_8AkSNsqk.mp4
by the by, https://media.signbsl.com/videos/asl/youtube/mp4/TZY_9-rxfUc.mp4
by the bye, https://media.signbsl.com/videos/asl/youtube/mp4/Bb-vMNiO9R8.mp4
by the numbers, https://media.signbsl.com/videos/asl/youtube/mp4/XvjMdlYokbs.mp4
byroad, https://media.signbsl.com/videos/asl/youtube/mp4/9Vufd4OpW3g.mp4
bystander, https://media.signbsl.com/videos/asl/youtube/mp4/yhyP3MqXIa4.mp4
byte, https://media.signbsl.com/videos/asl/deaftec/mp4/942.mp4
by the back door, https://media.signbsl.com/videos/asl/youtube/mp4/AB_8AkSNsqk.mp4
by the by, https://media.signbsl.com/videos/asl/youtube/mp4/TZY_9-rxfUc.mp4
by the bye, https://media.signbsl.com/videos/asl/youtube/mp4/Bb-vMNiO9R8.mp4
by the numbers, https://media.signbsl.com/videos/asl/youtube/mp4/XvjMdlYokbs.mp4
by the same token, https://media.signbsl.com/videos/asl/youtube/mp4/aDiu2UI9WIA.mp4
by the seat of your pants, https://media.signbsl.com/videos/asl/youtube/mp4/wkkJvNajZGA.mp4
by the skin of your teeth, https://media.signbsl.com/videos/asl/youtube/mp4/Fwu5akrWVrU.mp4
by the way, https://media.signbsl.com/videos/asl/youtube/mp4/Bb-vMNiO9R8.mp4
by used for giving the size of an area or object, https://media.signbsl.com/videos/asl/youtube/mp4/23fUCpXPUDg.mp4
by used in calculations and measurements, https://media.signbsl.com/videos/asl/youtube/mp4/ELw8UfAHTOM.mp4
by virtue of, https://media.signbsl.com/videos/asl/youtube/mp4/xY6GkhAXftU.mp4
byway, https://media.signbsl.com/videos/asl/youtube/mp4/9Vufd4OpW3g.mp4
by what you hold in hand, https://media.signbsl.com/videos/asl/youtube/mp4/1Rbfsrqcogc.mp4
by who does something, https://media.signbsl.com/videos/asl/youtube/mp4/aHZGGFlj0pk.mp4
byword, https://media.signbsl.com/videos/asl/aslsignbank/mp4/SAW-331.mp4
by word of mouth, https://media.signbsl.com/videos/asl/youtube/mp4/r0cf8nQvrLc.mp4
Byzantine, https://media.signbsl.com/videos/asl/youtube/mp4/xmFDbX9J6O4.mp4
