c, NA
C.P.U., https://media.signbsl.com/videos/asl/youtube/mp4/lst5vnbK7yU.mp4
C. S. Forester, NA
C2H6, https://media.signbsl.com/videos/asl/youtube/mp4/KWw1DvqRDVk.mp4
CA, https://media.signbsl.com/videos/asl/aslsignbank/mp4/CALIFORNIA-2147.mp4
cab, https://media.signbsl.com/videos/asl/youtube/mp4/g06MXLJ3LPg.mp4
cabal, https://media.signbsl.com/videos/asl/valleybible/mp4/faction.mp4
cabalistic, https://media.signbsl.com/videos/asl/youtube/mp4/2j5PBlGDM-g.mp4
cabaret, https://media.signbsl.com/videos/asl/youtube/mp4/khbNxWkeRRQ.mp4
cabbage, https://media.signbsl.com/videos/asl/aslsearch/mp4/cabbage.mp4
cabbie, https://media.signbsl.com/videos/asl/youtube/mp4/JzgNn3GIM8M.mp4
cabin, https://media.signbsl.com/videos/asl/aslsignbank/mp4/CAMPING-2148.mp4
cabin boat, https://media.signbsl.com/videos/asl/youtube/mp4/h22Ov1BDxkY.mp4
cabin car, https://media.signbsl.com/videos/asl/youtube/mp4/A7SGFeAycoE.mp4
cabinet, https://media.signbsl.com/videos/asl/aslsearch/mp4/locker.mp4
cabinet government, https://media.signbsl.com/videos/asl/youtube/mp4/bGKLd-6qPYQ.mp4
cabinetmaker, https://media.signbsl.com/videos/asl/youtube/mp4/8XhxQq1ZMz0.mp4
cabinetmaking, https://media.signbsl.com/videos/asl/youtube/mp4/fMwaGcsVTPc.mp4
cable, https://player.vimeo.com/external/391226349.sd.mp4?s=bd2e7ba9788ecf9d66199ea090793e53080b9cc2&profile_id=164
cable tv, https://media.signbsl.com/videos/asl/mariekatzenbachschool/mp4/cable%20tv.mp4
caboodle, https://media.signbsl.com/videos/asl/youtube/mp4/Vez2fpT-E04.mp4
caboose, https://media.signbsl.com/videos/asl/youtube/mp4/A7SGFeAycoE.mp4
cabstand, https://media.signbsl.com/videos/asl/youtube/mp4/VpGGmOBS7fk.mp4
ca ca, https://media.signbsl.com/videos/asl/aslsignbank/mp4/POOP-916.mp4
cache, https://media.signbsl.com/videos/asl/deaftec/mp4/943.mp4
cachet, https://media.signbsl.com/videos/asl/youtube/mp4/9WW7KRBX1yU.mp4
cackle, https://player.vimeo.com/external/391226365.sd.mp4?s=71624b0e23fbd84fd7964d404bc9ac3c53727995&profile_id=164
cacoethes, https://media.signbsl.com/videos/asl/aslsearch/mp4/passion.mp4
cacophonies, https://media.signbsl.com/videos/asl/youtube/mp4/iFo1rXi2TEY.mp4
cacophony, https://media.signbsl.com/videos/asl/youtube/mp4/iFo1rXi2TEY.mp4
cacti, https://media.signbsl.com/videos/asl/youtube/mp4/5HR25cckiCI.mp4
cactus, https://media.signbsl.com/videos/asl/youtube/mp4/5HR25cckiCI.mp4
CAD, https://media.signbsl.com/videos/asl/youtube/mp4/mCsrERX5MBY.mp4
cadaver, https://player.vimeo.com/external/391909380.sd.mp4?s=ef23c1e20787ce5d2450c584b4a41ecdbde93603&profile_id=164
cadaverous, https://media.signbsl.com/videos/asl/youtube/mp4/Vj8jma8Zt80.mp4
cad computer assisted design, https://media.signbsl.com/videos/asl/youtube/mp4/SzCDcTmjs70.mp4
cadence, https://media.signbsl.com/videos/asl/youtube/mp4/BlesSQhT4CM.mp4
cadet, https://player.vimeo.com/external/391226410.sd.mp4?s=d977b66599884702655ddeb77108f69d6d28c4db&profile_id=164
cadge, https://media.signbsl.com/videos/asl/youtube/mp4/eL33MwyfV-c.mp4
cadger, https://media.signbsl.com/videos/asl/youtube/mp4/gzd7qQ5O5zs.mp4
cadre, https://media.signbsl.com/videos/asl/youtube/mp4/DnhZPyTMaWE.mp4
caesarean, https://media.signbsl.com/videos/asl/aslsearch/mp4/caesarean.mp4
caesarean delivery, https://media.signbsl.com/videos/asl/aslsearch/mp4/caesarean.mp4
caesarean section, https://media.signbsl.com/videos/asl/aslsearch/mp4/caesarean.mp4
Caesarism, https://player.vimeo.com/external/392541606.sd.mp4?s=1b3a2da28dbc0126def9f3efaab34660701135c4&profile_id=164
cafe, https://player.vimeo.com/external/391226452.sd.mp4?s=d3c728086fcfcb256f78ef78fc4f9e39f3263da4&profile_id=164
cafeteria, https://media.signbsl.com/videos/asl/startasl/mp4/cafeteria.mp4
caffein, https://player.vimeo.com/external/391226494.sd.mp4?s=1ef8961f47bd2e52f54c30915c19a3a4ea7ac859&profile_id=164
caffeinated, https://media.signbsl.com/videos/asl/youtube/mp4/64cA9y0hNSU.mp4
caffeine, https://player.vimeo.com/external/391226494.sd.mp4?s=1ef8961f47bd2e52f54c30915c19a3a4ea7ac859&profile_id=164
cafteria, https://media.signbsl.com/videos/asl/mariekatzenbachschool/mp4/cafteria.mp4
cage, https://media.signbsl.com/videos/asl/aslsearch/mp4/cage.mp4
cageless, https://media.signbsl.com/videos/asl/youtube/mp4/FaG6DanPJLM.mp4
cagey, https://media.signbsl.com/videos/asl/youtube/mp4/PjNZNosutGo.mp4
cagier, https://media.signbsl.com/videos/asl/youtube/mp4/gypjxqDvbU0.mp4
cagy, https://media.signbsl.com/videos/asl/youtube/mp4/PjNZNosutGo.mp4
cahnge over, https://media.signbsl.com/videos/asl/youtube/mp4/773n3oD64ko.mp4
cahrs, https://media.signbsl.com/videos/asl/youtube/mp4/vzoPu-9aJSM.mp4
cairn, https://media.signbsl.com/videos/asl/youtube/mp4/WVBumqNjObQ.mp4
cairn terrier, https://media.signbsl.com/videos/asl/youtube/mp4/WVBumqNjObQ.mp4
Cairo, https://media.signbsl.com/videos/asl/youtube/mp4/6hKLvCPaKnI.mp4
caisson, https://media.signbsl.com/videos/asl/youtube/mp4/z2ZLGbIrvng.mp4
caitiff, https://media.signbsl.com/videos/asl/youtube/mp4/ybssJXlWsQs.mp4
cajole, https://media.signbsl.com/videos/asl/youtube/mp4/YC9oDGG1rCs.mp4
cake, https://media.signbsl.com/videos/asl/aslsignbank/mp4/CAKE-63.mp4
cakehole, https://media.signbsl.com/videos/asl/youtube/mp4/1gUifcUd5Co.mp4
cake indiana only, https://media.signbsl.com/videos/asl/youtube/mp4/Af9AUIFqeQ0.mp4
cakes, https://media.signbsl.com/videos/asl/aslsignbank/mp4/CAKE-63.mp4
cakewalk, https://player.vimeo.com/external/391226558.sd.mp4?s=1e3fa42cd34f175055c359b1a5fb69f1d4ebda51&profile_id=164
cakewalk carnival activity to win cake, https://media.signbsl.com/videos/asl/youtube/mp4/ZtzhgvBVmkQ.mp4
calabash, https://media.signbsl.com/videos/asl/youtube/mp4/4KljgZCezJ0.mp4
calaboose, https://media.signbsl.com/videos/asl/youtube/mp4/AJ5t2Vv--pk.mp4
calamities, https://player.vimeo.com/external/395727234.sd.mp4?s=c01088a8f7d7fcaf5fa73b23f5af66d789930953&profile_id=164
calamitous, https://media.signbsl.com/videos/asl/aslsearch/mp4/disastrous.mp4
calamity, https://player.vimeo.com/external/395727234.sd.mp4?s=c01088a8f7d7fcaf5fa73b23f5af66d789930953&profile_id=164
calcification, https://media.signbsl.com/videos/asl/youtube/mp4/ubllvSWydFQ.mp4
calcium light, https://media.signbsl.com/videos/asl/youtube/mp4/_u4P8Ixzei0.mp4
calculable, https://media.signbsl.com/videos/asl/youtube/mp4/_NAqcqyfx1E.mp4
calculate, https://media.signbsl.com/videos/asl/aslsignbank/mp4/FIGURE-730.mp4
calculate judge to be probable, https://media.signbsl.com/videos/asl/youtube/mp4/9xfz0ROen2k.mp4
calculate on, https://media.signbsl.com/videos/asl/youtube/mp4/gzRFIM7XG9M.mp4
calculating, https://media.signbsl.com/videos/asl/aslsignbank/mp4/i(rub-hands)-1802.mp4
calculating machine, https://media.signbsl.com/videos/asl/aslsearch/mp4/calculator.mp4
calculation, https://media.signbsl.com/videos/asl/youtube/mp4/1PGvfk3QQzA.mp4
calculations, https://media.signbsl.com/videos/asl/youtube/mp4/1PGvfk3QQzA.mp4
calculative, https://media.signbsl.com/videos/asl/aslsignbank/mp4/i(rub-hands)-1802.mp4
calculator, https://media.signbsl.com/videos/asl/aslsearch/mp4/calculator.mp4
calculi, https://media.signbsl.com/videos/asl/youtube/mp4/Pou3Cpvzqew.mp4
calculus, https://media.signbsl.com/videos/asl/aslsearch/mp4/calculus.mp4
caldera, https://media.signbsl.com/videos/asl/youtube/mp4/YyuNCt7yXks.mp4
caldron, https://media.signbsl.com/videos/asl/youtube/mp4/r5NN6YClZK0.mp4
calean, https://player.vimeo.com/external/392184956.sd.mp4?s=0762a602630e6028ed32858ede539cd50493dc11&profile_id=164
calendar, https://media.signbsl.com/videos/asl/startasl/mp4/calendar.mp4
calendar month, https://media.signbsl.com/videos/asl/startasl/mp4/month.mp4
calf, https://media.signbsl.com/videos/asl/aslsearch/mp4/calf.mp4
calfskin, https://media.signbsl.com/videos/asl/youtube/mp4/QqBVN9D9OZs.mp4
Calgary, https://player.vimeo.com/external/391226710.sd.mp4?s=e97a84f54487bd399867ab34c2fafdb941ead25e&profile_id=164
caliber, https://media.signbsl.com/videos/asl/youtube/mp4/Z4Lnt4NXwFc.mp4
calibrate, https://media.signbsl.com/videos/asl/deaftec/mp4/1348.mp4
calibrator, https://media.signbsl.com/videos/asl/youtube/mp4/isZq6-lYWUk.mp4
calibre, https://media.signbsl.com/videos/asl/youtube/mp4/Z4Lnt4NXwFc.mp4
calico, https://media.signbsl.com/videos/asl/youtube/mp4/CJVGVGHeBjY.mp4
Calif., NA
California, https://media.signbsl.com/videos/asl/aslsignbank/mp4/CALIFORNIA-2147.mp4
caliper, https://media.signbsl.com/videos/asl/AustinCommunityCollege/mp4/auto_calipers_.mp4
caliper measuring, https://media.signbsl.com/videos/asl/AustinCommunityCollege/mp4/auto_caliper_measuring_.mp4
calipers, https://media.signbsl.com/videos/asl/AustinCommunityCollege/mp4/auto_calipers_.mp4
calisthenic, https://media.signbsl.com/videos/asl/youtube/mp4/zNm1rxU6lDA.mp4
call, https://media.signbsl.com/videos/asl/aslsignbank/mp4/GUESS-608.mp4
call amount not exact, https://media.signbsl.com/videos/asl/youtube/mp4/C3sFLt0NrDY.mp4
call around, https://player.vimeo.com/external/391226773.sd.mp4?s=7676bedbd8426c31d8f90a14e603d7f6ce97f5f6&profile_id=164
call around look for, https://media.signbsl.com/videos/asl/youtube/mp4/S5nM7B8JX5g.mp4
call a spade a spade, https://media.signbsl.com/videos/asl/youtube/mp4/6hcQ2guv3fA.mp4
call attention, https://media.signbsl.com/videos/asl/youtube/mp4/LxYe-ARAbak.mp4
call back, https://media.signbsl.com/videos/asl/aslsignbank/mp4/LOOK-BACK-1638.mp4
callback, https://media.signbsl.com/videos/asl/aslsignbank/mp4/LOOK-BACK-1638.mp4
call by phone, https://player.vimeo.com/external/391226888.sd.mp4?s=dc0754ad35b9a9d3ba4de63677ac7c2d93ca2ef4&profile_id=164
Call Calling to an office in the church, https://media.signbsl.com/videos/asl/ids/mp4/2013-11-710-call-to-an-office-in-the-church-1500k-ase.mp4
call call on god, https://media.signbsl.com/videos/asl/signlanguagestudent/mp4/call%20(call%20on%20God).mp4
call down, https://media.signbsl.com/videos/asl/startasl/mp4/yell.mp4
called, https://media.signbsl.com/videos/asl/aslsearch/mp4/called.mp4
caller, https://media.signbsl.com/videos/asl/youtube/mp4/K8L8vGVwvRw.mp4
call for, https://media.signbsl.com/videos/asl/startasl/mp4/need.mp4
call forpick up, https://media.signbsl.com/videos/asl/youtube/mp4/qZaKNZVFNZM.mp4
call for reason, https://media.signbsl.com/videos/asl/youtube/mp4/ojxjJO9L-hQ.mp4
call forth, https://media.signbsl.com/videos/asl/youtube/mp4/d7yeNWDpuXU.mp4
call give name, https://player.vimeo.com/external/391226910.sd.mp4?s=4bba84035dceb28d94b5cac87b19abead5da7031&profile_id=164
calligram, https://player.vimeo.com/external/391226944.sd.mp4?s=1ced9a87ecdbbf65d0d0444045268aaa385f6361&profile_id=164
calligrapher, https://media.signbsl.com/videos/asl/youtube/mp4/qAzhIDL7PIo.mp4
calligraphic, https://media.signbsl.com/videos/asl/youtube/mp4/I6P5fg1yXyU.mp4
calligraphical, https://media.signbsl.com/videos/asl/youtube/mp4/I6P5fg1yXyU.mp4
calligraphist, https://media.signbsl.com/videos/asl/youtube/mp4/qAzhIDL7PIo.mp4
calligraphy, https://player.vimeo.com/external/391226975.sd.mp4?s=8a9d56487874f28a8f862bb6c8760f1b5be076dd&profile_id=164
Callinectes sapidus, https://player.vimeo.com/external/391206459.sd.mp4?s=58121b695d394143f4620dcb79cec9959080f47e&profile_id=164
calling, https://media.signbsl.com/videos/asl/aslsignbank/mp4/MAJOR-1631.mp4
calling card distinguishing characteristic or behavior, https://media.signbsl.com/videos/asl/youtube/mp4/3aKGkcEe3iY.mp4
calling card for telephone calls, https://media.signbsl.com/videos/asl/youtube/mp4/N2H7x_SWXB8.mp4
calling card printed card, https://media.signbsl.com/videos/asl/youtube/mp4/rJlGtq9DSf4.mp4
calliper, https://media.signbsl.com/videos/asl/AustinCommunityCollege/mp4/auto_calipers_.mp4
callipers, https://media.signbsl.com/videos/asl/AustinCommunityCollege/mp4/auto_calipers_.mp4
Calliphora vicina, https://media.signbsl.com/videos/asl/youtube/mp4/m1nGKMmWmwE.mp4
call it a day, https://media.signbsl.com/videos/asl/youtube/mp4/EQzZw8P8Ov8.mp4
call it even, https://player.vimeo.com/external/391226794.sd.mp4?s=d784ac09a38179c5caf6b9cdb06abbe1b235d164&profile_id=164
call it quits, https://media.signbsl.com/videos/asl/youtube/mp4/EQzZw8P8Ov8.mp4
call me, https://media.signbsl.com/videos/asl/aslsignbank/mp4/E(call)-1909.mp4
call names, https://player.vimeo.com/external/391226819.sd.mp4?s=6e5fdba40d5385414ea1fe0596a1ffdc327ba656&profile_id=164
call off, https://media.signbsl.com/videos/asl/startasl/mp4/cancel.mp4
call off the dogs call the dogs off, https://media.signbsl.com/videos/asl/youtube/mp4/8ZdGQszDr6s.mp4
call on the carpet, https://media.signbsl.com/videos/asl/startasl/mp4/yell.mp4
callous, https://player.vimeo.com/external/391227005.sd.mp4?s=acfad71acda5325c4bb40d3c9569fe3bd144124c&profile_id=164
callousness, https://media.signbsl.com/videos/asl/youtube/mp4/R8eyuinYEhA.mp4
call out, https://media.signbsl.com/videos/asl/aslsignbank/mp4/SHOUT-598.mp4
callow, https://player.vimeo.com/external/392208686.sd.mp4?s=f90da3e009e7a5e7c5fc71b61f74ba78a63d4901&profile_id=164
callower, https://media.signbsl.com/videos/asl/youtube/mp4/Ba72AKhBoKQ.mp4
call someone, https://media.signbsl.com/videos/asl/elementalaslconcepts/mp4/call.mp4
call summon, https://media.signbsl.com/videos/asl/signlanguagestudent/mp4/call%20(summon).mp4
call time, https://media.signbsl.com/videos/asl/youtube/mp4/uvnrh4ty_iI.mp4
call tty call, https://media.signbsl.com/videos/asl/signlanguagestudent/mp4/call%20(tty%20call).mp4
call up, https://media.signbsl.com/videos/asl/aslsignbank/mp4/LOOK-BACK-1638.mp4
call upon, https://media.signbsl.com/videos/asl/youtube/mp4/KPM9bpf8Boc.mp4
calm, https://media.signbsl.com/videos/asl/aslsignbank/mp4/E(calm-down)-1908.mp4
calm before the storm, https://media.signbsl.com/videos/asl/youtube/mp4/DXtFctLICLU.mp4
calm down, https://media.signbsl.com/videos/asl/aslsignbank/mp4/E(calm-down)-1908.mp4
calm down!, NA
calmer, https://media.signbsl.com/videos/asl/youtube/mp4/YKToDdGekSw.mp4
calmness, https://media.signbsl.com/videos/asl/youtube/mp4/899zhZJMPBw.mp4
caloric, https://media.signbsl.com/videos/asl/youtube/mp4/CcghN2F4hOA.mp4
calorimeter, https://media.signbsl.com/videos/asl/youtube/mp4/jMOFs7X9nGw.mp4
calp, https://media.signbsl.com/videos/asl/youtube/mp4/Z2yGSzoDG2I.mp4
calumniate, https://media.signbsl.com/videos/asl/youtube/mp4/sWjkhrcOwdE.mp4
calumny, https://media.signbsl.com/videos/asl/youtube/mp4/vVMPQLp0DR8.mp4
Calvary, https://media.signbsl.com/videos/asl/ids/mp4/2013-11-720-calvary-1600k-ase.mp4
calve, https://media.signbsl.com/videos/asl/youtube/mp4/DLXWyQFbEC0.mp4
cam, https://media.signbsl.com/videos/asl/youtube/mp4/hp1HnPSmMSc.mp4
camaraderie, https://media.signbsl.com/videos/asl/youtube/mp4/rrWi5X90TCQ.mp4
camarilla, https://media.signbsl.com/videos/asl/valleybible/mp4/faction.mp4
camber, https://media.signbsl.com/videos/asl/AustinCommunityCollege/mp4/auto_camber_.mp4
camber gradual curved slope, https://media.signbsl.com/videos/asl/youtube/mp4/Pv7BdQgEM-E.mp4
camber the alignment of the wheels, https://media.signbsl.com/videos/asl/youtube/mp4/NMeNi-Xs_Yk.mp4
Cambodia, https://media.signbsl.com/videos/asl/youtube/mp4/w0aFk6jj640.mp4
Cambria, https://media.signbsl.com/videos/asl/youtube/mp4/ZfAGF2eSPuc.mp4
camcorder, https://player.vimeo.com/external/391227047.sd.mp4?s=e4cf1884257f9e2fb7fb15842b3aa140cae9d57b&profile_id=164
came, https://media.signbsl.com/videos/asl/signlanguagestudent/mp4/came%20(alternate%20sign).mp4
came about, https://media.signbsl.com/videos/asl/youtube/mp4/ykM6mpSrGZY.mp4
came across, https://media.signbsl.com/videos/asl/youtube/mp4/rj8vjjDldgw.mp4
came after, https://media.signbsl.com/videos/asl/youtube/mp4/9McxeWXlP7E.mp4
came around, https://media.signbsl.com/videos/asl/youtube/mp4/J5CQFS81upk.mp4
came away, https://media.signbsl.com/videos/asl/youtube/mp4/jaQyUDb9_s4.mp4
came back, https://media.signbsl.com/videos/asl/youtube/mp4/33qPdfVD8lU.mp4
came back to, https://media.signbsl.com/videos/asl/youtube/mp4/2Oup3gmyRgM.mp4
came down, https://media.signbsl.com/videos/asl/youtube/mp4/9dv7Gk2g324.mp4
came down in buckets, https://media.signbsl.com/videos/asl/youtube/mp4/XuWczd0gCFw.mp4
came down on, https://media.signbsl.com/videos/asl/youtube/mp4/rPnRe4pTFkI.mp4
came flying, https://media.signbsl.com/videos/asl/youtube/mp4/xz-a2mP5hXw.mp4
came in, https://media.signbsl.com/videos/asl/youtube/mp4/7a9RWDKnmzw.mp4
came into, https://media.signbsl.com/videos/asl/youtube/mp4/_ZEjNCfulAg.mp4
camel, https://media.signbsl.com/videos/asl/aslsearch/mp4/camel.mp4
camel clutch, https://player.vimeo.com/external/391388521.sd.mp4?s=1ba5f1bd05adaec4042b7d92c758ec16c0debb45&profile_id=164
camelhair, https://media.signbsl.com/videos/asl/youtube/mp4/bZsU79BbI0g.mp4
Camellia State, https://media.signbsl.com/videos/asl/youtube/mp4/lLFnuzUDymQ.mp4
camelopard, https://media.signbsl.com/videos/asl/startasl/mp4/giraffe.mp4
camels hair, https://media.signbsl.com/videos/asl/youtube/mp4/bZsU79BbI0g.mp4
cameo, https://media.signbsl.com/videos/asl/youtube/mp4/zGdYjqYIwiU.mp4
came off, https://media.signbsl.com/videos/asl/youtube/mp4/5F3VI3ggh4c.mp4
came on, https://media.signbsl.com/videos/asl/youtube/mp4/F75yfySvKmU.mp4
came out, https://media.signbsl.com/videos/asl/youtube/mp4/GMdDHSZpcxw.mp4
camera, https://media.signbsl.com/videos/asl/startasl/mp4/camera.mp4
camera lens, https://player.vimeo.com/external/391388546.sd.mp4?s=855f300973933831736193000ac437dcfef0bd89&profile_id=164
camera person, https://media.signbsl.com/videos/asl/youtube/mp4/tERG9tzJpSI.mp4
camerawoman, https://media.signbsl.com/videos/asl/youtube/mp4/3bV5r_ER3Kw.mp4
camerawork, https://media.signbsl.com/videos/asl/youtube/mp4/H1tXtKdQpQI.mp4
Cameroon, https://media.signbsl.com/videos/asl/youtube/mp4/gU8eDGE3IVk.mp4
Cameroun, https://media.signbsl.com/videos/asl/youtube/mp4/gU8eDGE3IVk.mp4
came through, https://media.signbsl.com/videos/asl/youtube/mp4/6LLnQuoXeIU.mp4
came to his senses, https://media.signbsl.com/videos/asl/youtube/mp4/iM0VHY6pTI4.mp4
came up, https://media.signbsl.com/videos/asl/youtube/mp4/E_YJAD1ZcAY.mp4
came upon, https://media.signbsl.com/videos/asl/youtube/mp4/gfcdFkYIh3c.mp4
came up with, https://media.signbsl.com/videos/asl/youtube/mp4/Z-dxLiT8CuA.mp4
camion, https://media.signbsl.com/videos/asl/youtube/mp4/41SU7GZIOHo.mp4
camisole, https://player.vimeo.com/external/391388593.sd.mp4?s=53c54a41f20f50712141ebbb96e82bd11438958e&profile_id=164
camouflage, https://media.signbsl.com/videos/asl/youtube/mp4/9iyibC-eLTQ.mp4
camp, https://media.signbsl.com/videos/asl/aslsearch/mp4/camp.mp4
campaign, https://media.signbsl.com/videos/asl/youtube/mp4/7EctMRImw0s.mp4
campaigner, https://media.signbsl.com/videos/asl/aslsearch/mp4/candidate.mp4
campaigning, https://media.signbsl.com/videos/asl/youtube/mp4/yoK_VV-BMTg.mp4
camper, https://media.signbsl.com/videos/asl/aslsearch/mp4/camper.mp4
campfire, https://player.vimeo.com/external/391388611.sd.mp4?s=2175b78c18df956847bd879b1afdf80e5ff3a6b5&profile_id=164
campground, https://media.signbsl.com/videos/asl/aslsearch/mp4/campsite.mp4
camp group people same ideas, https://media.signbsl.com/videos/asl/youtube/mp4/NpHRVH9iBf4.mp4
camphorated tincture of opium, https://media.signbsl.com/videos/asl/youtube/mp4/3oYUJlWX3zI.mp4
camping, https://media.signbsl.com/videos/asl/startasl/mp4/camping.mp4
camping area, https://media.signbsl.com/videos/asl/aslsearch/mp4/campsite.mp4
camping ground, https://media.signbsl.com/videos/asl/aslsearch/mp4/campsite.mp4
camping site, https://media.signbsl.com/videos/asl/aslsearch/mp4/campsite.mp4
camp out, https://media.signbsl.com/videos/asl/youtube/mp4/MHMpHemxLuc.mp4
campsite, https://media.signbsl.com/videos/asl/aslsearch/mp4/campsite.mp4
campus, https://media.signbsl.com/videos/asl/aslsignbank/mp4/INSTITUTE-1728.mp4
campy campier campiest, https://media.signbsl.com/videos/asl/youtube/mp4/_wROLAW3LuQ.mp4
Camus, https://media.signbsl.com/videos/asl/philosophy/mp4/Camus-HD.mp4
can, https://media.signbsl.com/videos/asl/startasl/mp4/can.mp4
Canada, https://media.signbsl.com/videos/asl/startasl/mp4/canada.mp4
Canada Revenue Agency, https://player.vimeo.com/external/391388696.sd.mp4?s=ec692371a76868df8e6394f4bba377fe10de6897&profile_id=164
Canadian, https://player.vimeo.com/external/391388731.sd.mp4?s=87b6b7b58c687aeff2e3153a7fa9d03a80295cd6&profile_id=164
canal, https://media.signbsl.com/videos/asl/youtube/mp4/5HfH9OHDGKw.mp4
canalise, https://media.signbsl.com/videos/asl/youtube/mp4/ip7vj7xauvE.mp4
canalize, https://media.signbsl.com/videos/asl/youtube/mp4/ip7vj7xauvE.mp4
canard, https://media.signbsl.com/videos/asl/youtube/mp4/2CVkc3QRLrc.mp4
canary, https://media.signbsl.com/videos/asl/youtube/mp4/yR-RWAQTPJU.mp4
canary in a coal mine, https://media.signbsl.com/videos/asl/youtube/mp4/U_xy0TbhEI4.mp4
can can do, https://media.signbsl.com/videos/asl/signlanguagestudent/mp4/can%20(can%20do).mp4
cancel, https://media.signbsl.com/videos/asl/startasl/mp4/cancel.mp4
cancelable, https://media.signbsl.com/videos/asl/youtube/mp4/r8hZi4Q0UOg.mp4
cancer, https://media.signbsl.com/videos/asl/aslsearch/mp4/cancer.mp4
candid, https://media.signbsl.com/videos/asl/aslsignbank/mp4/STRAIGHT-821.mp4
candidacies, https://media.signbsl.com/videos/asl/youtube/mp4/yoK_VV-BMTg.mp4
candidacy, https://media.signbsl.com/videos/asl/youtube/mp4/yoK_VV-BMTg.mp4
candid a natural and informal photograph, https://media.signbsl.com/videos/asl/youtube/mp4/8Pkws9dlzsE.mp4
candidate, https://media.signbsl.com/videos/asl/aslsearch/mp4/candidate.mp4
candidature, https://media.signbsl.com/videos/asl/youtube/mp4/yoK_VV-BMTg.mp4
candidly, https://player.vimeo.com/external/392184816.sd.mp4?s=757b9903735c61aceac1b71129edeecbd2cd1acb&profile_id=164
candied, https://media.signbsl.com/videos/asl/youtube/mp4/ScntrGPj-z8.mp4
candies, https://media.signbsl.com/videos/asl/startasl/mp4/candy.mp4
candle, https://media.signbsl.com/videos/asl/startasl/mp4/candle.mp4
candle check fresh eggs, https://media.signbsl.com/videos/asl/youtube/mp4/X86NEiL1fdY.mp4
candle flame, https://player.vimeo.com/external/391388823.sd.mp4?s=e6dc784101216e822a7bd34eeb76adafbd2f6221&profile_id=164
candle holder, https://media.signbsl.com/videos/asl/youtube/mp4/QCowSI4aEjM.mp4
candlelight, https://player.vimeo.com/external/391388823.sd.mp4?s=e6dc784101216e822a7bd34eeb76adafbd2f6221&profile_id=164
candlemaker, https://media.signbsl.com/videos/asl/youtube/mp4/ueTEX1IBjAo.mp4
candlepower, https://media.signbsl.com/videos/asl/youtube/mp4/sRNOUwReDOc.mp4
candlestick, https://media.signbsl.com/videos/asl/youtube/mp4/QCowSI4aEjM.mp4
candy, https://media.signbsl.com/videos/asl/startasl/mp4/candy.mp4
candycandied covered with sugar, https://media.signbsl.com/videos/asl/youtube/mp4/UwcKCTqMclM.mp4
candy cane, https://media.signbsl.com/videos/asl/aslsearch/mp4/candy-cane.mp4
candycoat, https://media.signbsl.com/videos/asl/youtube/mp4/bQy1iiaX3Qs.mp4
candyfloss, https://media.signbsl.com/videos/asl/aslsearch/mp4/cotton-candy.mp4
candymaker, https://media.signbsl.com/videos/asl/youtube/mp4/bOiNemrKn1M.mp4
cane, https://media.signbsl.com/videos/asl/aslsearch/mp4/cane.mp4
caneswitch hit with thin stick, https://media.signbsl.com/videos/asl/youtube/mp4/vv5zuonBYV8.mp4
canid, https://media.signbsl.com/videos/asl/aslsignbank/mp4/DOG-NOSE-1266.mp4
canine, https://media.signbsl.com/videos/asl/aslsignbank/mp4/DOG-2159.mp4
caninelike, https://media.signbsl.com/videos/asl/youtube/mp4/QJMSMir5Q1M.mp4
Canis familiaris, https://media.signbsl.com/videos/asl/startasl/mp4/dog.mp4
Canis latrans, https://media.signbsl.com/videos/asl/youtube/mp4/4872Sn65-Mw.mp4
can it, https://media.signbsl.com/videos/asl/youtube/mp4/Yt-LsnnhWpk.mp4
canker harmful influence, https://media.signbsl.com/videos/asl/youtube/mp4/0lZBDTEpB3U.mp4
can large can, https://media.signbsl.com/videos/asl/signlanguagestudent/mp4/can%20(large%20can).mp4
cannabis, https://player.vimeo.com/external/391388882.sd.mp4?s=51802a5a8220e4f4daea994e8f99a9ec91b3e7a3&profile_id=164
canned recorded for broadcast, https://media.signbsl.com/videos/asl/youtube/mp4/P_aQgSiDwws.mp4
cannibal, https://media.signbsl.com/videos/asl/youtube/mp4/yMlOovB8MUc.mp4
cannibalise, https://media.signbsl.com/videos/asl/youtube/mp4/aH7ob9AWozY.mp4
cannibalize, https://media.signbsl.com/videos/asl/youtube/mp4/aH7ob9AWozY.mp4
cannier, https://media.signbsl.com/videos/asl/youtube/mp4/8Nu5sgnASHs.mp4
cannily, https://media.signbsl.com/videos/asl/youtube/mp4/EzOTarX57OM.mp4
cannon, https://player.vimeo.com/external/391388897.sd.mp4?s=c11e2bd979870a749ea91d3a18bdd5c8151e9773&profile_id=164
cannon ball, https://media.signbsl.com/videos/asl/youtube/mp4/iWewXxSBRO0.mp4
cannonball, https://media.signbsl.com/videos/asl/youtube/mp4/iWewXxSBRO0.mp4
cannonball along, https://media.signbsl.com/videos/asl/youtube/mp4/SQLeej0gir8.mp4
cannoneer, https://media.signbsl.com/videos/asl/youtube/mp4/3DGe-T8ixRY.mp4
can not, https://media.signbsl.com/videos/asl/signlanguagestudent/mp4/cannot.mp4
cannot, https://media.signbsl.com/videos/asl/signlanguagestudent/mp4/cannot.mp4
cannot sit still, https://media.signbsl.com/videos/asl/youtube/mp4/gGMfNl0-EvM.mp4
cannot stand, https://player.vimeo.com/external/391388913.sd.mp4?s=1d06e715092759db72ef3fb19763342433a1ce9e&profile_id=164
canny, https://media.signbsl.com/videos/asl/youtube/mp4/PjNZNosutGo.mp4
canoe, https://media.signbsl.com/videos/asl/aslsearch/mp4/canoe.mp4
canoeing, https://media.signbsl.com/videos/asl/aslsearch/mp4/canoeing.mp4
can of worms, https://media.signbsl.com/videos/asl/youtube/mp4/6TXwNIQRiss.mp4
canon, https://media.signbsl.com/videos/asl/youtube/mp4/ACYTUOiK2FQ.mp4
canonade, https://media.signbsl.com/videos/asl/youtube/mp4/JAvOTR1grxk.mp4
canon all the writing music etc, https://media.signbsl.com/videos/asl/youtube/mp4/ZPCVhyv69hM.mp4
canonisation, https://media.signbsl.com/videos/asl/youtube/mp4/tOU_5HqrJKU.mp4
canonised, https://media.signbsl.com/videos/asl/youtube/mp4/aaBcHTAdjU4.mp4
canonization, https://media.signbsl.com/videos/asl/youtube/mp4/tOU_5HqrJKU.mp4
canonized, https://media.signbsl.com/videos/asl/youtube/mp4/aaBcHTAdjU4.mp4
canon list of writers musicians, https://media.signbsl.com/videos/asl/youtube/mp4/KVKrZpfperQ.mp4
canon type of music, https://media.signbsl.com/videos/asl/youtube/mp4/51HLyzJlNNE.mp4
canoodle, https://media.signbsl.com/videos/asl/youtube/mp4/G93hcdqvQKk.mp4
can opener, https://media.signbsl.com/videos/asl/youtube/mp4/r3JKt_x6iU8.mp4
canopies, https://media.signbsl.com/videos/asl/youtube/mp4/hc_8ggeXprA.mp4
canopy, https://media.signbsl.com/videos/asl/youtube/mp4/hc_8ggeXprA.mp4
can small can, https://media.signbsl.com/videos/asl/signlanguagestudent/mp4/can%20(small%20can).mp4
cant, https://media.signbsl.com/videos/asl/signlanguagestudent/mp4/cannot.mp4
cantabile, https://media.signbsl.com/videos/asl/youtube/mp4/wtMi84gQ-eU.mp4
cant a characteristic language of a particular group, https://media.signbsl.com/videos/asl/youtube/mp4/X1fRU0Ey6nM.mp4
cantankerous, https://media.signbsl.com/videos/asl/youtube/mp4/ARkL-1Sbc6s.mp4
cant a slope in the turn of a road or track; the outside is higher than the inside, NA
cantata, https://media.signbsl.com/videos/asl/youtube/mp4/3FTxYcjOw3o.mp4
cant beat that, https://media.signbsl.com/videos/asl/youtube/mp4/WFxGT7kEEjA.mp4
cant be done, https://media.signbsl.com/videos/asl/aslsignbank/mp4/IMPOSSIBLE-1745.mp4
canted, https://media.signbsl.com/videos/asl/youtube/mp4/RKYL3lCtgMU.mp4
can tell, https://player.vimeo.com/external/391388666.sd.mp4?s=de8d97b402bb039f5c003a02cbee087e5d9782b2&profile_id=164
canter, https://media.signbsl.com/videos/asl/youtube/mp4/UwdBSoSx0Dw.mp4
cant get a word in edgewise, https://media.signbsl.com/videos/asl/youtube/mp4/mWgZLeWStDI.mp4
cant get to 1st base, https://media.signbsl.com/videos/asl/youtube/mp4/pyJQWV_Big0.mp4
cant hack it, https://media.signbsl.com/videos/asl/youtube/mp4/TL8P9gb15LI.mp4
cant have your cake and eat it too, https://media.signbsl.com/videos/asl/youtube/mp4/2eDXjb0c_NI.mp4
cant hold a candle to, https://media.signbsl.com/videos/asl/youtube/mp4/sJwC4DlAozU.mp4
cantillate, https://player.vimeo.com/external/395737253.sd.mp4?s=38aff9c8c3f7f2a661dadfd50d98d275b787e18b&profile_id=164
cant judge a book by its cover, https://media.signbsl.com/videos/asl/youtube/mp4/Xi5NZ67vaQI.mp4
cant learn to swim without getting in the water you, https://media.signbsl.com/videos/asl/youtube/mp4/T0GKYqlxXtg.mp4
cantonment, https://media.signbsl.com/videos/asl/aslsearch/mp4/camp.mp4
canton provide housing for military personnel, https://media.signbsl.com/videos/asl/youtube/mp4/oaknbloEuTA.mp4
canton small administrative division of a country, https://media.signbsl.com/videos/asl/youtube/mp4/_OCbxUy2OTU.mp4
cantor, https://media.signbsl.com/videos/asl/youtube/mp4/21kYOo3vVJk.mp4
cant say enough about him, https://media.signbsl.com/videos/asl/youtube/mp4/f7SA4QC198M.mp4
cant see, https://media.signbsl.com/videos/asl/aslsignbank/mp4/PEEK-A-BOO-883.mp4
cant see the forest for its trees, https://media.signbsl.com/videos/asl/youtube/mp4/-PFQWw0sgns.mp4
cant squeeze blood out of a turnip, https://media.signbsl.com/videos/asl/youtube/mp4/yesNy_qvp9s.mp4
cant stand, https://media.signbsl.com/videos/asl/youtube/mp4/2JCgQUxY-ZA.mp4
cant stock phrases that have become nonsense through endless repetition, https://media.signbsl.com/videos/asl/youtube/mp4/hj11XiIIlUU.mp4
cant teach an old dog new tricks, https://media.signbsl.com/videos/asl/youtube/mp4/GqPVHM_iqvU.mp4
cant tell, https://media.signbsl.com/videos/asl/youtube/mp4/2F7BcGTbkWs.mp4
cant two surfaces meeting at an angle different from 90 degrees, https://media.signbsl.com/videos/asl/youtube/mp4/sfSe4VemY5s.mp4
canvas, https://media.signbsl.com/videos/asl/startasl/mp4/examine.mp4
canvass, https://media.signbsl.com/videos/asl/startasl/mp4/examine.mp4
canvasser, https://media.signbsl.com/videos/asl/youtube/mp4/xR8GtYPVAaA.mp4
canvas solicit votes, https://media.signbsl.com/videos/asl/youtube/mp4/I14ItFNxTL8.mp4
canyon, https://media.signbsl.com/videos/asl/youtube/mp4/ACYTUOiK2FQ.mp4
can you fingerspell that again, https://media.signbsl.com/videos/asl/startasl/mp4/can-you-fingerspell-that-again.mp4
can you please sign slower, https://media.signbsl.com/videos/asl/startasl/mp4/can-you-please-sign-slower.mp4
can you please sign that again, https://media.signbsl.com/videos/asl/startasl/mp4/can-you-please-sign-that-again.mp4
can you teach me some signs, https://media.signbsl.com/videos/asl/mariekatzenbachschool/mp4/Can%20you%20teach%20me%20some%20signs.mp4
caoutchouc, https://media.signbsl.com/videos/asl/startasl/mp4/rubber2.mp4
cap, https://media.signbsl.com/videos/asl/aslsignbank/mp4/HAT-477.mp4
capability, https://player.vimeo.com/external/391388987.sd.mp4?s=847243927a972a0e28cc9660956e5553e2d85fe7&profile_id=164
capable, https://player.vimeo.com/external/391389001.sd.mp4?s=561fc765300ccc326186cfd2f88327d76ab18fed&profile_id=164
capableness, https://player.vimeo.com/external/391388987.sd.mp4?s=847243927a972a0e28cc9660956e5553e2d85fe7&profile_id=164
capacious, https://media.signbsl.com/videos/asl/youtube/mp4/FjwwmFwHRZQ.mp4
capaciousness, https://media.signbsl.com/videos/asl/youtube/mp4/GHe-Yrh52C4.mp4
capacitance, https://media.signbsl.com/videos/asl/tsdvideo/mp4/86.mp4
capacitate make legally capable, https://media.signbsl.com/videos/asl/youtube/mp4/6GBelZr8eOw.mp4
capacities, https://media.signbsl.com/videos/asl/tsdvideo/mp4/86.mp4
capacitor, https://media.signbsl.com/videos/asl/AustinCommunityCollege/mp4/auto_capacitor_.mp4
capacity, https://media.signbsl.com/videos/asl/tsdvideo/mp4/86.mp4
caparison, https://media.signbsl.com/videos/asl/youtube/mp4/LF7gpXBeq4I.mp4
capblasting cap, https://media.signbsl.com/videos/asl/youtube/mp4/xRlNGjkdENE.mp4
cape, https://media.signbsl.com/videos/asl/youtube/mp4/mQKdzEo6YgQ.mp4
caper, https://media.signbsl.com/videos/asl/youtube/mp4/tfxDV49WKj8.mp4
cape town south africa, https://player.vimeo.com/external/391389011.sd.mp4?s=8fbd75f2a81fb7ca3123ccffd47640887f3d44ed&profile_id=164
Cape Verde, https://media.signbsl.com/videos/asl/youtube/mp4/JM6264_wtcA.mp4
capful, https://media.signbsl.com/videos/asl/youtube/mp4/YrXVHH-KrGU.mp4
cap headwear, https://player.vimeo.com/external/391388955.sd.mp4?s=390911889936e9bd85a0fea93e3386065908cfe9&profile_id=164
capid, https://media.signbsl.com/videos/asl/youtube/mp4/pg5-F6HGDsw.mp4
capillary, https://media.signbsl.com/videos/asl/deaftec/mp4/1349.mp4
capillary long thin tube, https://media.signbsl.com/videos/asl/youtube/mp4/C8LuYNol-O0.mp4
capillary tube, https://media.signbsl.com/videos/asl/deaftec/mp4/1349.mp4
capillary tubing, https://media.signbsl.com/videos/asl/deaftec/mp4/1349.mp4
capital, https://media.signbsl.com/videos/asl/aslsearch/mp4/capital2.mp4
capital city, https://media.signbsl.com/videos/asl/elementalaslconcepts/mp4/capital_-_city.mp4
capitalisation, https://media.signbsl.com/videos/asl/youtube/mp4/iXIdueBwbzo.mp4
capitalise, https://media.signbsl.com/videos/asl/youtube/mp4/tBiu5NZuz8A.mp4
capitalism, https://player.vimeo.com/external/391389340.sd.mp4?s=13a3d1a4ddd280ee499d8ecd8ee546d7c1e9fda8&profile_id=164
capitalist, https://media.signbsl.com/videos/asl/youtube/mp4/2IjhngluQ5E.mp4
capitalist economy, https://player.vimeo.com/external/391389340.sd.mp4?s=13a3d1a4ddd280ee499d8ecd8ee546d7c1e9fda8&profile_id=164
capitalistic, https://media.signbsl.com/videos/asl/youtube/mp4/2IjhngluQ5E.mp4
capitalization, https://media.signbsl.com/videos/asl/youtube/mp4/iXIdueBwbzo.mp4
capitalize, https://media.signbsl.com/videos/asl/youtube/mp4/tBiu5NZuz8A.mp4
capitalize a letter, https://media.signbsl.com/videos/asl/youtube/mp4/VzAP49SMyg8.mp4
capital letter, https://media.signbsl.com/videos/asl/elementalaslconcepts/mp4/capital_-_letter.mp4
capital money or property that you use to start a business, https://media.signbsl.com/videos/asl/youtube/mp4/ITljyC4pV_o.mp4
capital most important place for an activity or industry, https://media.signbsl.com/videos/asl/youtube/mp4/_aYguChmJL8.mp4
capital of Argentina, https://media.signbsl.com/videos/asl/youtube/mp4/9Lhdh-vNbHc.mp4
capital of Arizona, https://media.signbsl.com/videos/asl/youtube/mp4/cppdS6OGA2g.mp4
capital of Austria, https://media.signbsl.com/videos/asl/youtube/mp4/tuNYwfP8T3U.mp4
capital of Colombia, https://media.signbsl.com/videos/asl/youtube/mp4/TkNpem4mIKk.mp4
capital of Connecticut, https://media.signbsl.com/videos/asl/aslsignbank/mp4/HARTFORD-1837.mp4
capital of Cuba, https://media.signbsl.com/videos/asl/youtube/mp4/reEkETwXNH4.mp4
capital of Egypt, https://media.signbsl.com/videos/asl/youtube/mp4/6hKLvCPaKnI.mp4
capital of France, https://media.signbsl.com/videos/asl/youtube/mp4/llou8S8njSs.mp4
capital of Georgia, https://media.signbsl.com/videos/asl/aslsignbank/mp4/ASSEMBLY-715.mp4
capital of Iraq, https://media.signbsl.com/videos/asl/youtube/mp4/-Kqox_lbH08.mp4
capital of Israel, https://media.signbsl.com/videos/asl/signlanguagestudent/mp4/Jerusalem.mp4
capital of Italy, https://media.signbsl.com/videos/asl/youtube/mp4/pHGZgmbyu3U.mp4
capital of Jamaica, https://media.signbsl.com/videos/asl/youtube/mp4/fXemWUX0XmE.mp4
capital of Japan, https://media.signbsl.com/videos/asl/youtube/mp4/V9_lAs-SpRc.mp4
capital of Lebanon, https://media.signbsl.com/videos/asl/youtube/mp4/C-3tVpm7Glc.mp4
capital of Massachusetts, https://media.signbsl.com/videos/asl/aslsignbank/mp4/BOSTON-2127.mp4
capital of New Jersey, https://media.signbsl.com/videos/asl/aslsignbank/mp4/TRENTON-1310.mp4
capital of Ohio, https://media.signbsl.com/videos/asl/youtube/mp4/aWKZ_CzODh0.mp4
capital of Pennsylvania, https://media.signbsl.com/videos/asl/aslsignbank/mp4/HARRISBURG-3278.mp4
capital of Qatar, https://media.signbsl.com/videos/asl/youtube/mp4/Zjr7JrZZGDg.mp4
capital of Red China, https://media.signbsl.com/videos/asl/youtube/mp4/eYALPRl11Bo.mp4
capital of Rhode Island, https://media.signbsl.com/videos/asl/valleybible/mp4/providence.mp4
capital of Saudi Arabia, https://media.signbsl.com/videos/asl/youtube/mp4/Gdd1s6CePkY.mp4
capital of Singapore, https://media.signbsl.com/videos/asl/youtube/mp4/bR7TPgdgVkk.mp4
capital of South Carolina, https://media.signbsl.com/videos/asl/youtube/mp4/H5W--35EkKU.mp4
capital of Spain, https://media.signbsl.com/videos/asl/youtube/mp4/eeaOR5KOliI.mp4
capital of Switzerland, https://player.vimeo.com/external/391200931.sd.mp4?s=8959d584c4f0633ccb31593321f48129c641e2e5&profile_id=164
capital of Syria, https://media.signbsl.com/videos/asl/youtube/mp4/49b7mDeIy7k.mp4
capital of Taiwan, https://media.signbsl.com/videos/asl/youtube/mp4/85bl9-JOFo8.mp4
capital of the United Kingdom, https://media.signbsl.com/videos/asl/aslsignbank/mp4/LONDON-3481.mp4
capital of the United States, https://media.signbsl.com/videos/asl/aslsignbank/mp4/WASHINGTON-2225.mp4
Capitol, https://media.signbsl.com/videos/asl/aslsignbank/mp4/GOVERNMENT-652.mp4
Capitol Building, https://media.signbsl.com/videos/asl/aslsignbank/mp4/GOVERNMENT-652.mp4
capitulate, https://media.signbsl.com/videos/asl/youtube/mp4/XSqyAss0aQ0.mp4
capitulum, https://media.signbsl.com/videos/asl/youtube/mp4/ymzQ5B8D--Q.mp4
caplet, https://media.signbsl.com/videos/asl/youtube/mp4/KzXBY0eOP5k.mp4
cap limit, https://player.vimeo.com/external/391388970.sd.mp4?s=03cf7d92d0caa53069988a4c4b721eb9c84ef507&profile_id=164
capo, https://media.signbsl.com/videos/asl/youtube/mp4/pKWokH-Oz4c.mp4
capon, https://media.signbsl.com/videos/asl/youtube/mp4/IPq36OO2WAg.mp4
capperclaw, https://media.signbsl.com/videos/asl/youtube/mp4/CY3TK3OXujU.mp4
capricious, https://media.signbsl.com/videos/asl/youtube/mp4/3JSXe464e6U.mp4
capricious changing mind often, https://media.signbsl.com/videos/asl/youtube/mp4/3JSXe464e6U.mp4
capriciousness, https://media.signbsl.com/videos/asl/youtube/mp4/qX8HYMr_RTY.mp4
caprine animal, https://media.signbsl.com/videos/asl/aslsearch/mp4/goat.mp4
capsize, https://media.signbsl.com/videos/asl/youtube/mp4/DBUDmrfOQKo.mp4
capstone, https://media.signbsl.com/videos/asl/youtube/mp4/PT6qh4PdmMw.mp4
capsulate capsulize enclose in a capsule, https://media.signbsl.com/videos/asl/youtube/mp4/CcrmzV8PQVQ.mp4
capsule, https://media.signbsl.com/videos/asl/aslsearch/mp4/capsule.mp4
captain, https://media.signbsl.com/videos/asl/aslsearch/mp4/captain.mp4
captain hook, https://media.signbsl.com/videos/asl/youtube/mp4/GZ1lysTwYhQ.mp4
caption, https://media.signbsl.com/videos/asl/aslsignbank/mp4/CAPTION-1022.mp4
captioner, https://player.vimeo.com/external/391389406.sd.mp4?s=5b432ee920d00c596f8d8dd897166510d796948d&profile_id=164
captivate, https://media.signbsl.com/videos/asl/aslsearch/mp4/fascinate.mp4
captivating, https://player.vimeo.com/external/391389424.sd.mp4?s=d75903ec7ae5f913693077dd68599f8326bc0f6b&profile_id=164
captive, https://media.signbsl.com/videos/asl/youtube/mp4/airCRYmtV4k.mp4
captivities, https://media.signbsl.com/videos/asl/youtube/mp4/twI6nQCQE8k.mp4
captivity, https://media.signbsl.com/videos/asl/youtube/mp4/twI6nQCQE8k.mp4
captor, https://media.signbsl.com/videos/asl/youtube/mp4/a-VnNFc2R7I.mp4
capture, https://media.signbsl.com/videos/asl/aslsignbank/mp4/GRAB-1867.mp4
capture a photo, https://media.signbsl.com/videos/asl/youtube/mp4/Zewj2U8l5-Y.mp4
capturer, https://media.signbsl.com/videos/asl/youtube/mp4/a-VnNFc2R7I.mp4
capulin, https://media.signbsl.com/videos/asl/youtube/mp4/NOVds_CI7ro.mp4
car, https://media.signbsl.com/videos/asl/startasl/mp4/car.mp4
car accident, https://media.signbsl.com/videos/asl/youtube/mp4/lEGmzocv1g4.mp4
caramel, https://media.signbsl.com/videos/asl/youtube/mp4/65XRY2V5NAA.mp4
caramel brown, https://media.signbsl.com/videos/asl/youtube/mp4/65XRY2V5NAA.mp4
carapace, https://media.signbsl.com/videos/asl/elementalaslconcepts/mp4/carapace.mp4
Carassius auratus, https://media.signbsl.com/videos/asl/aslsearch/mp4/goldfish.mp4
carat, https://media.signbsl.com/videos/asl/youtube/mp4/EF3oeqIxxrE.mp4
caravan, https://media.signbsl.com/videos/asl/youtube/mp4/UW8SwOrUqi8.mp4
caravan inn, https://media.signbsl.com/videos/asl/youtube/mp4/GeGo2Qn_K9M.mp4
caravansary, https://media.signbsl.com/videos/asl/youtube/mp4/GeGo2Qn_K9M.mp4
caravanserai, https://media.signbsl.com/videos/asl/youtube/mp4/GeGo2Qn_K9M.mp4
carb, https://media.signbsl.com/videos/asl/youtube/mp4/Piptm8ZQFlo.mp4
carbohydrate, https://media.signbsl.com/videos/asl/signlanguagestudent/mp4/carbohydrate.mp4
carbonated, https://media.signbsl.com/videos/asl/youtube/mp4/k4qZLn4EKX0.mp4
carbonated water, https://player.vimeo.com/external/391389507.sd.mp4?s=6ea22e79aa10d058339d8d1cc1db8b02883849ab&profile_id=164
carbon black, https://media.signbsl.com/videos/asl/youtube/mp4/_Q7hD9RwC9o.mp4
carbon dioxide, https://media.signbsl.com/videos/asl/youtube/mp4/cC1TY8FZFQU.mp4
carbonic acid gas, https://media.signbsl.com/videos/asl/youtube/mp4/cC1TY8FZFQU.mp4
carbonated water, https://player.vimeo.com/external/391389507.sd.mp4?s=6ea22e79aa10d058339d8d1cc1db8b02883849ab&profile_id=164
carbon black, https://media.signbsl.com/videos/asl/youtube/mp4/_Q7hD9RwC9o.mp4
carbon dioxide, https://media.signbsl.com/videos/asl/youtube/mp4/cC1TY8FZFQU.mp4
carbonic acid gas, https://media.signbsl.com/videos/asl/youtube/mp4/cC1TY8FZFQU.mp4
carboniferous producing or containing carbon or coal, https://media.signbsl.com/videos/asl/youtube/mp4/n6Yb91uZ5Is.mp4
carbonise, https://media.signbsl.com/videos/asl/youtube/mp4/MCaZIfDJUx0.mp4
carbonize, https://media.signbsl.com/videos/asl/youtube/mp4/MCaZIfDJUx0.mp4
carbon monoxide, https://media.signbsl.com/videos/asl/youtube/mp4/CygSq68gRTI.mp4
carbon monoxide gas, https://media.signbsl.com/videos/asl/youtube/mp4/CygSq68gRTI.mp4
car bump from behind, https://media.signbsl.com/videos/asl/youtube/mp4/W5jVKQ130GE.mp4
carbuncle, https://media.signbsl.com/videos/asl/youtube/mp4/1fd2s4p7Vsk.mp4
carbuncle very ugly building, https://media.signbsl.com/videos/asl/youtube/mp4/6N5mz_Un34k.mp4
carburetor, https://media.signbsl.com/videos/asl/AustinCommunityCollege/mp4/auto_carburetor_.mp4
carburettor, https://media.signbsl.com/videos/asl/AustinCommunityCollege/mp4/auto_carburetor_.mp4
carcinogen, https://media.signbsl.com/videos/asl/youtube/mp4/hn9mE3mlI2g.mp4
car crash, https://media.signbsl.com/videos/asl/youtube/mp4/d3T7i9NDJb0.mp4
car crash from behind, https://media.signbsl.com/videos/asl/youtube/mp4/aZu_tRvzll4.mp4
car crash head to head, https://media.signbsl.com/videos/asl/elementalaslconcepts/mp4/wreck.mp4
card, https://media.signbsl.com/videos/asl/aslsearch/mp4/card.mp4
card achieve a particular score especially in golf, https://media.signbsl.com/videos/asl/youtube/mp4/wEGLQcLhl8Q.mp4
cardboard, https://media.signbsl.com/videos/asl/youtube/mp4/QiXZx6Atqw0.mp4
card game, https://media.signbsl.com/videos/asl/startasl/mp4/cards.mp4
cardholder, https://media.signbsl.com/videos/asl/youtube/mp4/C5WHOb3EP20.mp4
cardiac arrhythmia, https://media.signbsl.com/videos/asl/youtube/mp4/vCDflEfSF4w.mp4
cardiac resuscitation, https://player.vimeo.com/external/395726575.sd.mp4?s=bfa99945920b59264c2e3774a375fb854d32c497&profile_id=164
card id, https://media.signbsl.com/videos/asl/youtube/mp4/A48fQ_60Pm8.mp4
cardinal, https://media.signbsl.com/videos/asl/signlanguagestudent/mp4/central.mp4
cardinal directions, https://media.signbsl.com/videos/asl/elementalaslconcepts/mp4/cardinal_directions.mp4
cardiogram, https://media.signbsl.com/videos/asl/youtube/mp4/Zr9zusMDz3g.mp4
cardiograph electrocardiograph, https://media.signbsl.com/videos/asl/youtube/mp4/PTNj_RV7MmI.mp4
cardiologist, https://media.signbsl.com/videos/asl/youtube/mp4/DUQwYFL3soI.mp4
cardiology, https://media.signbsl.com/videos/asl/youtube/mp4/7i9bb1XyL-I.mp4
cardiopulmonary, https://media.signbsl.com/videos/asl/youtube/mp4/KmsLvzNW7qQ.mp4
cardiopulmonary resuscitation, https://player.vimeo.com/external/395726575.sd.mp4?s=bfa99945920b59264c2e3774a375fb854d32c497&profile_id=164
cardiorespiratory, https://media.signbsl.com/videos/asl/youtube/mp4/KmsLvzNW7qQ.mp4
cardiovascular, https://media.signbsl.com/videos/asl/youtube/mp4/xGhYlQx9OIw.mp4
cardiovascular system, https://media.signbsl.com/videos/asl/deaftec/mp4/1350.mp4
card list of sport events to happen at an arena, https://media.signbsl.com/videos/asl/youtube/mp4/Cq4LJfE2QV0.mp4
car door, https://player.vimeo.com/external/392649459.sd.mp4?s=9d715d38c29e4a420c1c72f77462bead28f2b8c1&profile_id=164
card paper, https://player.vimeo.com/external/395726483.sd.mp4?s=904f47a2cba6cea5f110dc6a6b7fe6cd048bde00&profile_id=164
cards, https://media.signbsl.com/videos/asl/startasl/mp4/cards.mp4
cardshark, NA
card soccer, https://media.signbsl.com/videos/asl/youtube/mp4/dRLFvjwCOxQ.mp4
card up your sleeve, https://media.signbsl.com/videos/asl/youtube/mp4/Xsd1l5x_-4U.mp4
care, https://media.signbsl.com/videos/asl/aslsignbank/mp4/MANAGE-708.mp4
care about, https://media.signbsl.com/videos/asl/aslsignbank/mp4/CHERISH-1060.mp4
care about someone, https://media.signbsl.com/videos/asl/youtube/mp4/dY_0itcjYcg.mp4
care about something important, https://media.signbsl.com/videos/asl/youtube/mp4/akidGYlx0RM.mp4
careen, https://media.signbsl.com/videos/asl/youtube/mp4/Gvg3fxrSgHA.mp4
careencareer situation you cant control, https://media.signbsl.com/videos/asl/youtube/mp4/sr53o2Y716I.mp4
career, https://media.signbsl.com/videos/asl/aslsignbank/mp4/MAJOR-1631.mp4
career active working, https://media.signbsl.com/videos/asl/youtube/mp4/uu7B9qPEm7Y.mp4
care for, https://media.signbsl.com/videos/asl/aslsearch/mp4/cherish.mp4
carefree, https://player.vimeo.com/external/395726755.sd.mp4?s=3648d2655b70bd19744c0e487983f370e8b36bcf&profile_id=164
careful, https://media.signbsl.com/videos/asl/aslsignbank/mp4/SUPERVISE-1145.mp4
careful effort, https://media.signbsl.com/videos/asl/youtube/mp4/skVdH_CtlXo.mp4
carefuller, https://media.signbsl.com/videos/asl/youtube/mp4/ZoofxPNsW4Q.mp4
carefully, https://media.signbsl.com/videos/asl/elementalaslconcepts/mp4/careful.mp4
caregiver, https://player.vimeo.com/external/395726807.sd.mp4?s=cd9cb2bf636784795af97f2a92eb2a949bd1a981&profile_id=164
caregiver a person who helps in identifying or preventing or treating illness or disability, https://media.signbsl.com/videos/asl/youtube/mp4/UKXvmxxk28E.mp4
careless, https://media.signbsl.com/videos/asl/aslsearch/mp4/careless.mp4
careless natural and relaxed, https://media.signbsl.com/videos/asl/youtube/mp4/4JCN6nrK1Uo.mp4
carelessness, https://media.signbsl.com/videos/asl/youtube/mp4/_NifTq4DZ_k.mp4
caress, https://player.vimeo.com/external/395726859.sd.mp4?s=57bcd796692b1d636bf55d4e2e376622803750c8&profile_id=164
caressing, https://player.vimeo.com/external/392380749.sd.mp4?s=e9db38157d1680d5cda5968ce9f87323b597ee9c&profile_id=164
caretaker, https://media.signbsl.com/videos/asl/youtube/mp4/lK-PTAQjNNw.mp4
care to, https://media.signbsl.com/videos/asl/youtube/mp4/H51SUDz9PTw.mp4
careworn, https://media.signbsl.com/videos/asl/youtube/mp4/M5Psjq7zDjg.mp4
carfare, https://media.signbsl.com/videos/asl/youtube/mp4/XvWe6Hwxx0c.mp4
carful, https://media.signbsl.com/videos/asl/youtube/mp4/8FjkDfAe0HY.mp4
car gets behind another, https://media.signbsl.com/videos/asl/youtube/mp4/W1dGv9nQLos.mp4
cargo, https://media.signbsl.com/videos/asl/youtube/mp4/fdfwrq6WTVA.mp4
cargo area, https://media.signbsl.com/videos/asl/youtube/mp4/9PLCzF5T_bc.mp4
cargo deck, https://media.signbsl.com/videos/asl/youtube/mp4/9PLCzF5T_bc.mp4
cargo hold, https://media.signbsl.com/videos/asl/youtube/mp4/9PLCzF5T_bc.mp4
car hits tree, https://media.signbsl.com/videos/asl/youtube/mp4/AH2fxt_y7_A.mp4
Caribbean, https://media.signbsl.com/videos/asl/mariekatzenbachschool/mp4/Caribbean.mp4
caribou, https://player.vimeo.com/external/392430396.sd.mp4?s=1d3e6d43ceb9293569fa19b551f02ab70360ec65&profile_id=164
caricature, https://media.signbsl.com/videos/asl/youtube/mp4/C2zRoZzbIYk.mp4
caricaturist, https://media.signbsl.com/videos/asl/youtube/mp4/oR7HqevHJf4.mp4
caries, https://media.signbsl.com/videos/asl/youtube/mp4/Q4Z5Csdu20A.mp4
caring, https://player.vimeo.com/external/391152440.sd.mp4?s=fc46d633d11499afbd7c020a3489b3f8f27d38b3&profile_id=164
car insurance, https://player.vimeo.com/external/391389448.sd.mp4?s=d7dc9f94f6ffb176c8bd77251a4ac8f71fde6fb9&profile_id=164
carjack, https://media.signbsl.com/videos/asl/youtube/mp4/yvrwu_3Zw3Y.mp4
carjacking, https://player.vimeo.com/external/395726891.sd.mp4?s=397d4f5e36f0497ec9de89a9838e1190508a9878&profile_id=164
cark, https://media.signbsl.com/videos/asl/youtube/mp4/ddFfUcrlA2E.mp4
carload, https://media.signbsl.com/videos/asl/youtube/mp4/LNNYElOIQSQ.mp4
carload amount of cargo that can be held by a boat or ship or a freight car, https://media.signbsl.com/videos/asl/youtube/mp4/PpQBnKydc4g.mp4
carload gathering of passengers sufficient to fill an automobile, https://media.signbsl.com/videos/asl/youtube/mp4/RodufUIz0ik.mp4
car lurched to a stop, https://media.signbsl.com/videos/asl/youtube/mp4/uy3S9kPltbI.mp4
car maker, https://media.signbsl.com/videos/asl/youtube/mp4/ckXE0qijWN8.mp4
carmaker, https://media.signbsl.com/videos/asl/youtube/mp4/ckXE0qijWN8.mp4
car makes, https://player.vimeo.com/external/391389457.sd.mp4?s=6b6671ef429b6c4f0439ccfe72709d95d12eb6d9&profile_id=164
car manufacturer, https://media.signbsl.com/videos/asl/youtube/mp4/ckXE0qijWN8.mp4
car mechanic, https://media.signbsl.com/videos/asl/startasl/mp4/mechanic2.mp4
carmine, https://media.signbsl.com/videos/asl/startasl/mp4/red.mp4
carnage, https://media.signbsl.com/videos/asl/youtube/mp4/-mwckvPTVqs.mp4
carnal, https://media.signbsl.com/videos/asl/youtube/mp4/C9RVNVtNRKY.mp4
carnal abuse, https://media.signbsl.com/videos/asl/unoclimb/mp4/wrcmqQLGHlY.mp4
carnies, https://media.signbsl.com/videos/asl/youtube/mp4/7MEop9iKTms.mp4
carnival, https://media.signbsl.com/videos/asl/startasl/mp4/carnival.mp4
carnivore, https://media.signbsl.com/videos/asl/aslsearch/mp4/carnivore.mp4
carnivorous, https://media.signbsl.com/videos/asl/youtube/mp4/BH-C3kjlXUU.mp4
carob, https://media.signbsl.com/videos/asl/youtube/mp4/O-XzwayOpFQ.mp4
carob powder, https://media.signbsl.com/videos/asl/youtube/mp4/O-XzwayOpFQ.mp4
carol, https://media.signbsl.com/videos/asl/youtube/mp4/DftC2kEIL1E.mp4
caroler, https://media.signbsl.com/videos/asl/youtube/mp4/a_cg2y_KV5A.mp4
caroller, https://media.signbsl.com/videos/asl/youtube/mp4/a_cg2y_KV5A.mp4
carom, https://media.signbsl.com/videos/asl/youtube/mp4/wCu4_joYsiQ.mp4
carotene, https://media.signbsl.com/videos/asl/youtube/mp4/PJ1BG8kSOfQ.mp4
carousal, https://media.signbsl.com/videos/asl/youtube/mp4/CxBEeCxbP3c.mp4
carouse, https://media.signbsl.com/videos/asl/youtube/mp4/CxBEeCxbP3c.mp4
carousel, https://media.signbsl.com/videos/asl/youtube/mp4/2MQyOxG9ad8.mp4
carouser, https://media.signbsl.com/videos/asl/youtube/mp4/gQa0gnUzB-0.mp4
carousing, https://media.signbsl.com/videos/asl/youtube/mp4/13uNh6GpOeY.mp4
carpal, https://media.signbsl.com/videos/asl/youtube/mp4/39hv_B7utQg.mp4
carpal bone, https://media.signbsl.com/videos/asl/youtube/mp4/39hv_B7utQg.mp4
car park, https://media.signbsl.com/videos/asl/startasl/mp4/parking-lot.mp4
car passes line fast, https://media.signbsl.com/videos/asl/youtube/mp4/Gtpp4X_IggM.mp4
carpenter, https://media.signbsl.com/videos/asl/startasl/mp4/carpenter.mp4
carpenters saw, https://media.signbsl.com/videos/asl/youtube/mp4/l8v4joIgUSg.mp4
carpentry, https://media.signbsl.com/videos/asl/aslsearch/mp4/carpentry.mp4
carpet, https://media.signbsl.com/videos/asl/startasl/mp4/rug.mp4
carpetbag, https://media.signbsl.com/videos/asl/youtube/mp4/Y7PfoBWFdz0.mp4
carpeting, https://media.signbsl.com/videos/asl/startasl/mp4/rug.mp4
carpet slipper, https://media.signbsl.com/videos/asl/aslsearch/mp4/slipper.mp4
car pool, https://player.vimeo.com/external/395726920.sd.mp4?s=ec467e3b3bfb8391cf581c61507298da67f738d9&profile_id=164
carpool, https://player.vimeo.com/external/395726920.sd.mp4?s=ec467e3b3bfb8391cf581c61507298da67f738d9&profile_id=164
car port, https://player.vimeo.com/external/395726936.sd.mp4?s=4e6790283dacc8a5a4f3d093f459dee4e11c1b37&profile_id=164
carport, https://player.vimeo.com/external/395726936.sd.mp4?s=4e6790283dacc8a5a4f3d093f459dee4e11c1b37&profile_id=164
carpus, https://media.signbsl.com/videos/asl/aslsearch/mp4/wrist.mp4
car race, https://media.signbsl.com/videos/asl/aslsearch/mp4/car-race.mp4
car racing, https://player.vimeo.com/external/391389472.sd.mp4?s=0928899c32e273c1f2377529dadd528da2e72c37&profile_id=164
carrefour, https://media.signbsl.com/videos/asl/youtube/mp4/Y139up0Z714.mp4
carrel, https://media.signbsl.com/videos/asl/youtube/mp4/3aJ12ggjets.mp4
carrell, https://media.signbsl.com/videos/asl/youtube/mp4/3aJ12ggjets.mp4
carriage, https://media.signbsl.com/videos/asl/youtube/mp4/CXNsrrx_hyI.mp4
carriage cost to move goods, https://media.signbsl.com/videos/asl/youtube/mp4/4nlzYMTOryk.mp4
carriage dog, https://player.vimeo.com/external/391916263.sd.mp4?s=da113716815d6fbe422d08687fb7b1639bbbf8d5&profile_id=164
carriageway, https://media.signbsl.com/videos/asl/youtube/mp4/8KAHtyIgfbE.mp4
carried, https://media.signbsl.com/videos/asl/youtube/mp4/ijlNHUW6nl8.mp4
carried on, https://media.signbsl.com/videos/asl/youtube/mp4/laCIwvtRwGY.mp4
carried through, https://media.signbsl.com/videos/asl/youtube/mp4/TgzC0BHMn4c.mp4
carrier, https://media.signbsl.com/videos/asl/startasl/mp4/mailman.mp4
carrion, https://media.signbsl.com/videos/asl/youtube/mp4/XgDgDTmgYXs.mp4
carrot, https://media.signbsl.com/videos/asl/startasl/mp4/carrot.mp4
carrot and stick, https://media.signbsl.com/videos/asl/youtube/mp4/GTQjA82hA5w.mp4
carrots, https://media.signbsl.com/videos/asl/startasl/mp4/carrot.mp4
carrot something that someone promises you as a way of encouraging you to do something, https://media.signbsl.com/videos/asl/youtube/mp4/UnOqyvSJ87A.mp4
carrot symbol, https://media.signbsl.com/videos/asl/youtube/mp4/Bdv8ySvri5Q.mp4
carrousel, https://media.signbsl.com/videos/asl/youtube/mp4/2MQyOxG9ad8.mp4
carry, https://media.signbsl.com/videos/asl/aslsearch/mp4/carry.mp4
carryall, https://media.signbsl.com/videos/asl/youtube/mp4/qZ8qusFrO90.mp4
carry be the best player and help team win when others are lousy, https://media.signbsl.com/videos/asl/youtube/mp4/KoTvDVTClfA.mp4
carry forward progress, https://media.signbsl.com/videos/asl/youtube/mp4/0bHXcfDRW3Q.mp4
carrying into action, https://media.signbsl.com/videos/asl/signlanguagestudent/mp4/performance.mp4
carrying out, https://media.signbsl.com/videos/asl/signlanguagestudent/mp4/performance.mp4
carry math, https://media.signbsl.com/videos/asl/youtube/mp4/vt6Hv8odkEQ.mp4
carry off, https://media.signbsl.com/videos/asl/youtube/mp4/xatm3h6eDpE.mp4
carry on, https://media.signbsl.com/videos/asl/startasl/mp4/continue.mp4
carry out, https://media.signbsl.com/videos/asl/aslsearch/mp4/accomplish.mp4
carryout, https://media.signbsl.com/videos/asl/aslsearch/mp4/accomplish.mp4
carry out food, https://media.signbsl.com/videos/asl/youtube/mp4/W-Oh3OXA8zw.mp4
carryover, NA
carry over hold until the next season, https://media.signbsl.com/videos/asl/youtube/mp4/Ow_h5PJOEgg.mp4
carry run with a football, https://media.signbsl.com/videos/asl/youtube/mp4/3OjcM9nGHFM.mp4
carry the day, https://media.signbsl.com/videos/asl/youtube/mp4/SRsOlNXEM_U.mp4
carry the team, https://media.signbsl.com/videos/asl/youtube/mp4/KURaPVrXeWg.mp4
carry through, https://media.signbsl.com/videos/asl/aslsearch/mp4/accomplish.mp4
carry through do what was intended, https://media.signbsl.com/videos/asl/youtube/mp4/rWazC_30cO4.mp4
car show, https://player.vimeo.com/external/392649484.sd.mp4?s=99ac2c192dd9e51cf3990cc21f47a3e6dece1dc3&profile_id=164
carsick, https://media.signbsl.com/videos/asl/youtube/mp4/yjIM9OAqWLk.mp4
cart, https://media.signbsl.com/videos/asl/youtube/mp4/RRKChJcuI4Q.mp4
carte, https://media.signbsl.com/videos/asl/youtube/mp4/ThhhFlGBF18.mp4
carte du jour, https://media.signbsl.com/videos/asl/youtube/mp4/ThhhFlGBF18.mp4
cartel, https://media.signbsl.com/videos/asl/youtube/mp4/26Pn6uByYAQ.mp4
carter jimmy, https://player.vimeo.com/external/395726991.sd.mp4?s=572233a3ccc8d3dd7c140fb1dee2777d7ab2cbd8&profile_id=164
cartesian coordinate, https://media.signbsl.com/videos/asl/tsdvideo/mp4/1291.mp4
Cartesian coordinates, https://media.signbsl.com/videos/asl/tsdvideo/mp4/1291.mp4
cartilage, https://media.signbsl.com/videos/asl/youtube/mp4/-UGIVhq9tTI.mp4
cartilaginous, https://media.signbsl.com/videos/asl/youtube/mp4/-aw6xIv1nsU.mp4
cartload, https://media.signbsl.com/videos/asl/youtube/mp4/-kT8p-qo_iE.mp4
cartographer, https://media.signbsl.com/videos/asl/youtube/mp4/Xi7Xx9aay1Q.mp4
cartographic, https://media.signbsl.com/videos/asl/youtube/mp4/mzQRIzBcHdQ.mp4
cartographical, https://media.signbsl.com/videos/asl/youtube/mp4/mzQRIzBcHdQ.mp4
carton, https://media.signbsl.com/videos/asl/youtube/mp4/ZE9NTlcW80c.mp4
cartonful, https://media.signbsl.com/videos/asl/youtube/mp4/ZE9NTlcW80c.mp4
cartoon, https://media.signbsl.com/videos/asl/aslsignbank/mp4/CARTOON-1028.mp4
cartoonist, https://media.signbsl.com/videos/asl/youtube/mp4/kSUFAfnp6n8.mp4
car traffic, https://media.signbsl.com/videos/asl/aslsignbank/mp4/TRAFFIC-1298.mp4
car transporter, https://media.signbsl.com/videos/asl/youtube/mp4/XXN8b2EQLWk.mp4
cartridge, https://media.signbsl.com/videos/asl/youtube/mp4/oh40LUkL6Aw.mp4
cartridge clip, https://media.signbsl.com/videos/asl/youtube/mp4/-u2QteIU7rs.mp4
cartridge extractor, https://media.signbsl.com/videos/asl/youtube/mp4/ocIeOIThSG8.mp4
cartridge holder, https://media.signbsl.com/videos/asl/youtube/mp4/-u2QteIU7rs.mp4
cartridge remover, https://media.signbsl.com/videos/asl/youtube/mp4/ocIeOIThSG8.mp4
car turns around, https://media.signbsl.com/videos/asl/youtube/mp4/XDQA4uY5slQ.mp4
cartwheel, https://player.vimeo.com/external/395727035.sd.mp4?s=05e259e412e865a705d7574b34b4757e129d64f5&profile_id=164
carve, https://media.signbsl.com/videos/asl/aslsignbank/mp4/SLICE-1074.mp4
carve outclean out, https://media.signbsl.com/videos/asl/youtube/mp4/oNdIPZLan84.mp4
carve out niche, https://media.signbsl.com/videos/asl/youtube/mp4/aCnN8A7oWSo.mp4
carver, https://media.signbsl.com/videos/asl/youtube/mp4/-5u5FIy5qOs.mp4
carve up, https://media.signbsl.com/videos/asl/aslsignbank/mp4/DIVIDE-803.mp4
car wash, https://media.signbsl.com/videos/asl/aslsearch/mp4/car-wash.mp4
cascade, https://media.signbsl.com/videos/asl/youtube/mp4/ZieIsXAuJ5U.mp4
cascade down, https://media.signbsl.com/videos/asl/youtube/mp4/ZieIsXAuJ5U.mp4
case, https://media.signbsl.com/videos/asl/aslsignbank/mp4/HAPPEN-1840.mp4
case a set of facts and arguments, https://media.signbsl.com/videos/asl/youtube/mp4/oaf5TEq65kY.mp4
caseate become cheeselike, https://media.signbsl.com/videos/asl/youtube/mp4/4-MVWnBvxwc.mp4
casebook, https://media.signbsl.com/videos/asl/youtube/mp4/VQSZycOSCvQ.mp4
casebook detailed written records of a legal case, https://media.signbsl.com/videos/asl/youtube/mp4/qbBjzwMHI2s.mp4
case by case, https://media.signbsl.com/videos/asl/youtube/mp4/VRlCSc3OXzc.mp4
case for a phone, https://media.signbsl.com/videos/asl/youtube/mp4/axnL12Ln9RQ.mp4
caseharden, https://media.signbsl.com/videos/asl/youtube/mp4/OZwDFRkNfGw.mp4
case ill patient on file, https://media.signbsl.com/videos/asl/youtube/mp4/eUgbowjLQVw.mp4
case in point, https://media.signbsl.com/videos/asl/unoclimb/mp4/WqtSvOvD7N8.mp4
case instance of a disease like a case of measles, https://media.signbsl.com/videos/asl/youtube/mp4/_YnlHzPb9Yw.mp4
caseload, NA
casework, https://media.signbsl.com/videos/asl/youtube/mp4/3PWcwhYT_Ko.mp4
caseworker, https://media.signbsl.com/videos/asl/aslsearch/mp4/social-worker.mp4
cash, https://media.signbsl.com/videos/asl/aslsignbank/mp4/MONEY-1596.mp4
cash advance, https://media.signbsl.com/videos/asl/youtube/mp4/LfQHhRi7ZsA.mp4
cashbook, https://media.signbsl.com/videos/asl/youtube/mp4/XK-AQq88tj8.mp4
cashbox, https://player.vimeo.com/external/392518536.sd.mp4?s=22ff2fb9975418a22e4d8f712a95077963d13e3e&profile_id=164
cash cow, https://media.signbsl.com/videos/asl/youtube/mp4/xMHhSIL84xk.mp4
cashew, https://media.signbsl.com/videos/asl/youtube/mp4/u6HPzb9B9TU.mp4
cashew nut, https://media.signbsl.com/videos/asl/youtube/mp4/u6HPzb9B9TU.mp4
cashier, https://media.signbsl.com/videos/asl/aslsearch/mp4/cashier.mp4
cash incash out, https://media.signbsl.com/videos/asl/youtube/mp4/X-mrfwndBY0.mp4
cash in hand, https://media.signbsl.com/videos/asl/valleybible/mp4/finances.mp4
cash in ones chips, https://media.signbsl.com/videos/asl/youtube/mp4/7Reav4BjWdQ.mp4
cash in your chip selling, https://media.signbsl.com/videos/asl/youtube/mp4/uCJcchwBfks.mp4
cash in your chips gambling, https://media.signbsl.com/videos/asl/youtube/mp4/nypbYf4ce2Y.mp4
cash is king, https://media.signbsl.com/videos/asl/youtube/mp4/qkxl4NmTzu8.mp4
cashless, https://media.signbsl.com/videos/asl/youtube/mp4/JC_5wHq_-O0.mp4
cashmere, https://media.signbsl.com/videos/asl/youtube/mp4/sPUVhrltLVU.mp4
cash register, https://media.signbsl.com/videos/asl/aslsignbank/mp4/CALCULATOR-355.mp4
casing, https://media.signbsl.com/videos/asl/youtube/mp4/axnL12Ln9RQ.mp4
casino, https://player.vimeo.com/external/392649524.sd.mp4?s=810078dd00ab71fdb900e722191c6bbfa8cff925&profile_id=164
cask, https://media.signbsl.com/videos/asl/aslsearch/mp4/barrel.mp4
casket, https://media.signbsl.com/videos/asl/youtube/mp4/7yc5ZAX_EzA.mp4
cassette, https://media.signbsl.com/videos/asl/aslsignbank/mp4/RECORD-951.mp4
cast, https://media.signbsl.com/videos/asl/startasl/mp4/throw-up.mp4
cast aside, https://media.signbsl.com/videos/asl/startasl/mp4/discard.mp4
cast away, https://media.signbsl.com/videos/asl/startasl/mp4/discard.mp4
castaway, https://media.signbsl.com/videos/asl/startasl/mp4/discard.mp4
cast down, https://media.signbsl.com/videos/asl/aslsearch/mp4/depress.mp4
caste, https://media.signbsl.com/videos/asl/youtube/mp4/OiPuHoqBi-o.mp4
caster, https://media.signbsl.com/videos/asl/AustinCommunityCollege/mp4/auto_caster_.mp4
castigate, https://media.signbsl.com/videos/asl/aslsearch/mp4/correct2.mp4
castigation, https://media.signbsl.com/videos/asl/youtube/mp4/JtJroY6PzhY.mp4
casting, https://media.signbsl.com/videos/asl/youtube/mp4/iZ_b1RTEJ9o.mp4
cast iron, https://media.signbsl.com/videos/asl/AustinCommunityCollege/mp4/weld_castiron_.mp4
castiron, https://media.signbsl.com/videos/asl/AustinCommunityCollege/mp4/weld_castiron_.mp4
castle, https://media.signbsl.com/videos/asl/aslsearch/mp4/castle.mp4
castles in the air sky, https://media.signbsl.com/videos/asl/youtube/mp4/BYWoZQvS5M4.mp4
cast off, https://player.vimeo.com/external/392514137.sd.mp4?s=cdf7ec03ed9c55bd3f8df081ea1fea22d04333e6&profile_id=164
castoff, https://player.vimeo.com/external/392514137.sd.mp4?s=cdf7ec03ed9c55bd3f8df081ea1fea22d04333e6&profile_id=164
castor, https://media.signbsl.com/videos/asl/AustinCommunityCollege/mp4/auto_caster_.mp4
cast out, https://media.signbsl.com/videos/asl/startasl/mp4/discard.mp4
cast pearls before swine, https://media.signbsl.com/videos/asl/youtube/mp4/qR4O7J7gPNM.mp4
castrate, https://media.signbsl.com/videos/asl/youtube/mp4/WnBLkehzDtI.mp4
cast sheeps eyes at, https://media.signbsl.com/videos/asl/youtube/mp4/uPb6qjSFJ-Q.mp4
cast snake slides out of skin, https://media.signbsl.com/videos/asl/youtube/mp4/EQKg_NF-BI8.mp4
cast your net widely, https://media.signbsl.com/videos/asl/youtube/mp4/9THsDtfzimU.mp4
casual, https://media.signbsl.com/videos/asl/aslsignbank/mp4/CASUAL-1029.mp4
casualties, https://media.signbsl.com/videos/asl/youtube/mp4/7k9MggHs9JQ.mp4
casualty, https://media.signbsl.com/videos/asl/youtube/mp4/7k9MggHs9JQ.mp4
cat, https://media.signbsl.com/videos/asl/startasl/mp4/cat.mp4
catabolismkatabolic, https://media.signbsl.com/videos/asl/youtube/mp4/myo6Yv0lNWU.mp4
cataclysm, https://player.vimeo.com/external/395727234.sd.mp4?s=c01088a8f7d7fcaf5fa73b23f5af66d789930953&profile_id=164
catacomb, https://media.signbsl.com/videos/asl/youtube/mp4/9Qv_H-g2RIg.mp4
catalepsy, https://media.signbsl.com/videos/asl/youtube/mp4/m52DvOqeXTs.mp4
catalog, https://media.signbsl.com/videos/asl/aslsearch/mp4/catalog.mp4
cataloger, https://media.signbsl.com/videos/asl/youtube/mp4/l-mmR4oWNhs.mp4
catalogue, https://media.signbsl.com/videos/asl/aslsearch/mp4/catalog.mp4
cataloguer, https://media.signbsl.com/videos/asl/youtube/mp4/l-mmR4oWNhs.mp4
catalyst, https://media.signbsl.com/videos/asl/deaftec/mp4/1351.mp4
catalyst cause change, https://media.signbsl.com/videos/asl/youtube/mp4/ehaca2FOKDI.mp4
catamenia, https://media.signbsl.com/videos/asl/youtube/mp4/9w3-akIcO9E.mp4
cat among the pigeons, https://media.signbsl.com/videos/asl/youtube/mp4/FTG2XrfGWAw.mp4
catamount, https://player.vimeo.com/external/391910530.sd.mp4?s=1cf1ed5f6b437f42bac29608e99212d47c87afb5&profile_id=164
cat and dog life, https://media.signbsl.com/videos/asl/youtube/mp4/t46flmCiExQ.mp4
catapult, https://media.signbsl.com/videos/asl/aslsearch/mp4/sling.mp4
cataract, https://player.vimeo.com/external/395727207.sd.mp4?s=0fdf11b429f15bcf3f928903e1d6ce73982f56dc&profile_id=164
catarrh, https://media.signbsl.com/videos/asl/youtube/mp4/Th6T9C3h40c.mp4
catastrophe, https://player.vimeo.com/external/395727234.sd.mp4?s=c01088a8f7d7fcaf5fa73b23f5af66d789930953&profile_id=164
catatonia, https://media.signbsl.com/videos/asl/youtube/mp4/N6JuEfQcSxA.mp4
catatonic schizophrenia, https://media.signbsl.com/videos/asl/youtube/mp4/N6JuEfQcSxA.mp4
catatonic type schizophrenia, https://media.signbsl.com/videos/asl/youtube/mp4/N6JuEfQcSxA.mp4
catbrier, https://media.signbsl.com/videos/asl/youtube/mp4/ioQMs2K-DTY.mp4
cat burglar, https://media.signbsl.com/videos/asl/youtube/mp4/WOYzm1lR550.mp4
catcall, https://player.vimeo.com/external/395727503.sd.mp4?s=fd8036cb4c42044606c94dd9d7aed11c9d4c6fcf&profile_id=164
catch, https://media.signbsl.com/videos/asl/aslsignbank/mp4/GRAB-1867.mp4
catch 22, https://media.signbsl.com/videos/asl/youtube/mp4/sba62iV9JE4.mp4
catch a baseball, https://media.signbsl.com/videos/asl/youtube/mp4/Fsj4nCY4bjM.mp4
catch a fish, https://media.signbsl.com/videos/asl/youtube/mp4/Ork5sItEQ98.mp4
catch a football, https://media.signbsl.com/videos/asl/youtube/mp4/QwvmxEwXwbg.mp4
catchall, https://media.signbsl.com/videos/asl/youtube/mp4/QLPyHohfp-g.mp4
catch as catch can, https://media.signbsl.com/videos/asl/youtube/mp4/bYP9mA-eAQA.mp4
catch a wave, https://media.signbsl.com/videos/asl/youtube/mp4/LhcAUW75cqw.mp4
catcher, https://media.signbsl.com/videos/asl/youtube/mp4/aYZYwnjYc7A.mp4
catcher baseball, https://player.vimeo.com/external/392649538.sd.mp4?s=f291d2b2a33c7a705d89da09cfcff0a53978f50b&profile_id=164
catch fire, NA
catch fish, https://media.signbsl.com/videos/asl/aslsignbank/mp4/FISHING-1244.mp4
catch hell, https://media.signbsl.com/videos/asl/youtube/mp4/Zy5usibnpDU.mp4
catching, https://player.vimeo.com/external/392669749.sd.mp4?s=1a71ee94ea53017104fafd6fe25eaaf055e184b5&profile_id=164
catch me, https://media.signbsl.com/videos/asl/youtube/mp4/yzkLsZd2aNE.mp4
catchment, https://media.signbsl.com/videos/asl/youtube/mp4/aekUcmGJCgY.mp4
catchment area, https://media.signbsl.com/videos/asl/youtube/mp4/iTObAla4GH4.mp4
catchment basin, https://media.signbsl.com/videos/asl/youtube/mp4/iTObAla4GH4.mp4
catch on, https://player.vimeo.com/external/392531434.sd.mp4?s=f5b3a5eea9560c700b244282d9747066cfa24316&profile_id=164
catch ones breath, https://media.signbsl.com/videos/asl/signlanguagestudent/mp4/rest.mp4
catch on join, https://media.signbsl.com/videos/asl/youtube/mp4/mvpRctw6y1E.mp4
catch on popular, https://media.signbsl.com/videos/asl/youtube/mp4/LQjXtKjpPVQ.mp4
catchpennies, NA
catch phrase, https://media.signbsl.com/videos/asl/youtube/mp4/kNAbZHi7X2w.mp4
catchphrase, https://media.signbsl.com/videos/asl/youtube/mp4/kNAbZHi7X2w.mp4
catch some Z's, https://media.signbsl.com/videos/asl/startasl/mp4/sleep.mp4
catch some Zs, https://media.signbsl.com/videos/asl/startasl/mp4/sleep.mp4
catch the bus, https://media.signbsl.com/videos/asl/youtube/mp4/OfauMP35GlU.mp4
catch the light, https://media.signbsl.com/videos/asl/youtube/mp4/Qsjfufe3X4s.mp4
catch the wind, https://media.signbsl.com/videos/asl/youtube/mp4/qB_Zj8P4aoo.mp4
catch up, https://media.signbsl.com/videos/asl/aslsearch/mp4/catch-up.mp4
catchup, https://media.signbsl.com/videos/asl/aslsearch/mp4/catch-up.mp4
catch upcatch up on work, https://media.signbsl.com/videos/asl/youtube/mp4/UWuafiSm7o8.mp4
catch updraw evendraw level pull even, https://media.signbsl.com/videos/asl/youtube/mp4/CKaXbUb5gtw.mp4
catch up on activity, https://media.signbsl.com/videos/asl/youtube/mp4/wtWykZyVIX4.mp4
catch up on reminisce, https://media.signbsl.com/videos/asl/youtube/mp4/QYnLDyOGChQ.mp4
catch up with, https://media.signbsl.com/videos/asl/youtube/mp4/_Z5NzJHH0uw.mp4
catch up with catch up on learn, https://media.signbsl.com/videos/asl/youtube/mp4/QzH49BgD55A.mp4
catch up with deserve, https://media.signbsl.com/videos/asl/youtube/mp4/yAUu-_mLhys.mp4
catch up with meet, https://media.signbsl.com/videos/asl/youtube/mp4/zYAereTXkoo.mp4
catch wind or wave, https://media.signbsl.com/videos/asl/youtube/mp4/Hum5WjOrCzs.mp4
catchy, https://media.signbsl.com/videos/asl/youtube/mp4/xKQJjBiVJ_s.mp4
catchy catchier catchiest, https://media.signbsl.com/videos/asl/youtube/mp4/a7az7_JgKl4.mp4
catechism, https://media.signbsl.com/videos/asl/youtube/mp4/I-i2A6YbIt0.mp4
categoric, https://media.signbsl.com/videos/asl/youtube/mp4/2UdZ6H1KPWY.mp4
categorical, https://media.signbsl.com/videos/asl/youtube/mp4/2UdZ6H1KPWY.mp4
categorical included in a category, https://media.signbsl.com/videos/asl/youtube/mp4/WkSvzztjzE4.mp4
categories, https://media.signbsl.com/videos/asl/aslsearch/mp4/category.mp4
categorisation, https://media.signbsl.com/videos/asl/aslsignbank/mp4/DIFFERENT-106.mp4
categorise, https://media.signbsl.com/videos/asl/aslsignbank/mp4/GROUP-2255.mp4
categorization, https://media.signbsl.com/videos/asl/aslsignbank/mp4/DIFFERENT-106.mp4
categorize, https://media.signbsl.com/videos/asl/aslsignbank/mp4/GROUP-2255.mp4
category, https://media.signbsl.com/videos/asl/aslsearch/mp4/category.mp4
cater, https://media.signbsl.com/videos/asl/signlanguagestudent/mp4/provide.mp4
caterer, https://media.signbsl.com/videos/asl/youtube/mp4/heoTyZdO6UE.mp4
catering, https://player.vimeo.com/external/395727757.sd.mp4?s=028d0d2e1010941cd11dc0945a84cd8b0568adcf&profile_id=164
caterpillar, https://media.signbsl.com/videos/asl/aslsignbank/mp4/CATERPILLAR-3030.mp4
caterwaul, https://media.signbsl.com/videos/asl/youtube/mp4/FGeGAaSiGHo.mp4
catfish, https://media.signbsl.com/videos/asl/youtube/mp4/RetdbRjF794.mp4
catgut, https://media.signbsl.com/videos/asl/youtube/mp4/MueiXLklgGw.mp4
catharsis, https://media.signbsl.com/videos/asl/youtube/mp4/eLLeCXEtCzw.mp4
cathedral, https://player.vimeo.com/external/395727856.sd.mp4?s=cbf72798e857e6c2d98a8b1c393b9ed3e142b422&profile_id=164
catheter, https://media.signbsl.com/videos/asl/youtube/mp4/FDOvJzNj6qs.mp4
cathode, https://media.signbsl.com/videos/asl/youtube/mp4/BS4G884EpVc.mp4
cathode ray oscilloscope, https://media.signbsl.com/videos/asl/AustinCommunityCollege/mp4/elec_oscilloscope_.mp4
Catholic, https://media.signbsl.com/videos/asl/youtube/mp4/20Qk5ijuQvo.mp4
catholicise, https://media.signbsl.com/videos/asl/youtube/mp4/MfHTh-PgKkQ.mp4
catholicize, https://media.signbsl.com/videos/asl/youtube/mp4/MfHTh-PgKkQ.mp4
Catholic Pope, https://media.signbsl.com/videos/asl/aslsearch/mp4/pope.mp4
cathouse, https://media.signbsl.com/videos/asl/youtube/mp4/B0glyhW8QwI.mp4
cation, https://media.signbsl.com/videos/asl/youtube/mp4/feh5BVNKDM0.mp4
catlike, https://media.signbsl.com/videos/asl/youtube/mp4/lYiuTuWjcdc.mp4
catmint, https://media.signbsl.com/videos/asl/youtube/mp4/wK4iTC-1PGo.mp4
catnap, https://media.signbsl.com/videos/asl/youtube/mp4/lRvbma2E-vY.mp4
catnip, https://media.signbsl.com/videos/asl/youtube/mp4/wK4iTC-1PGo.mp4
cat sleep, https://media.signbsl.com/videos/asl/youtube/mp4/lRvbma2E-vY.mp4
cats lick, https://media.signbsl.com/videos/asl/youtube/mp4/cpI9X-WbwfY.mp4
cats paw, https://media.signbsl.com/videos/asl/youtube/mp4/7EPBOBZ5RgA.mp4
catsup, https://media.signbsl.com/videos/asl/startasl/mp4/ketchup.mp4
catteries, https://media.signbsl.com/videos/asl/youtube/mp4/7-IIDzx2MPE.mp4
cattily, https://media.signbsl.com/videos/asl/youtube/mp4/rsugYpIffDI.mp4
cattish, https://media.signbsl.com/videos/asl/youtube/mp4/BX9H5QRuNzk.mp4
cattle, https://media.signbsl.com/videos/asl/aslsearch/mp4/cattle.mp4
cattle farm, https://media.signbsl.com/videos/asl/aslsearch/mp4/ranch.mp4
cattleman, https://player.vimeo.com/external/391911143.sd.mp4?s=e3fa4109a132028b1af5bc6e9f45b1a5bc309af5&profile_id=164
cattle pen, https://media.signbsl.com/videos/asl/youtube/mp4/TRJDlAGNUUw.mp4
cattle ranch, https://media.signbsl.com/videos/asl/aslsearch/mp4/ranch.mp4
cattle thief, https://media.signbsl.com/videos/asl/youtube/mp4/YdmgeCqXoFU.mp4
catty, https://media.signbsl.com/videos/asl/youtube/mp4/BX9H5QRuNzk.mp4
catty cattier cattiest, https://media.signbsl.com/videos/asl/youtube/mp4/AJOhU1EkJ7s.mp4
cat up, https://media.signbsl.com/videos/asl/aslsignbank/mp4/CATSUP-2780.mp4
caucasian, https://media.signbsl.com/videos/asl/aslsignbank/mp4/WHITE-PERSON-569.mp4
Caucasian language, https://media.signbsl.com/videos/asl/aslsignbank/mp4/WHITE-PERSON-569.mp4
caucus, https://media.signbsl.com/videos/asl/youtube/mp4/qWEB5qttMHE.mp4
caudal, https://media.signbsl.com/videos/asl/youtube/mp4/Oi11apTvIF8.mp4
caught off guard, https://media.signbsl.com/videos/asl/aslsignbank/mp4/WAIT-FREEZE-1406.mp4
caught sight of, https://media.signbsl.com/videos/asl/youtube/mp4/1TzHfRmEayE.mp4
caught up in, https://media.signbsl.com/videos/asl/youtube/mp4/UtdowbBwfO8.mp4
caught with your hand in the cookie jar, https://media.signbsl.com/videos/asl/youtube/mp4/XcTM0rfz2Kk.mp4
cauldron, https://media.signbsl.com/videos/asl/youtube/mp4/r5NN6YClZK0.mp4
cauliflower, https://player.vimeo.com/external/395728038.sd.mp4?s=978a114808a57a4cf9cb4b28295bc845e3e27113&profile_id=164
cauliflower descriptive phrase, https://player.vimeo.com/external/395728038.sd.mp4?s=978a114808a57a4cf9cb4b28295bc845e3e27113&profile_id=164
causa, https://media.signbsl.com/videos/asl/youtube/mp4/WIIEji8jNA4.mp4
causal factor, https://media.signbsl.com/videos/asl/youtube/mp4/Mz-DoZIBLvo.mp4
cause, https://media.signbsl.com/videos/asl/aslsignbank/mp4/CAUSE-560.mp4
cause and effect, https://media.signbsl.com/videos/asl/elementalaslconcepts/mp4/cause_and_effect.mp4
causeless having no cause or reason, https://media.signbsl.com/videos/asl/youtube/mp4/J020a_oiltI.mp4
causerie, https://media.signbsl.com/videos/asl/youtube/mp4/3hA2liUUPTI.mp4
cause trouble, https://media.signbsl.com/videos/asl/aslsignbank/mp4/MISCHIEVOUS-1604.mp4
causeway, https://media.signbsl.com/videos/asl/youtube/mp4/ZqJo3uS2NR8.mp4
caustic, https://media.signbsl.com/videos/asl/youtube/mp4/TpDci3j9x0Q.mp4
caustic remark, https://media.signbsl.com/videos/asl/aslsearch/mp4/irony.mp4
cauterise, https://media.signbsl.com/videos/asl/youtube/mp4/bRuNyI3OKDA.mp4
cauterize, https://media.signbsl.com/videos/asl/youtube/mp4/bRuNyI3OKDA.mp4
cauterize deaden cause to become insensitive to feelings, https://media.signbsl.com/videos/asl/youtube/mp4/vM4mnvLYTPU.mp4
caution, https://media.signbsl.com/videos/asl/aslsearch/mp4/caution.mp4
cautionary tale, https://media.signbsl.com/videos/asl/elementalaslconcepts/mp4/cautionary_tale.mp4
cavalcade, https://media.signbsl.com/videos/asl/youtube/mp4/Iaw1sKzrfY4.mp4
Cavalier, https://media.signbsl.com/videos/asl/youtube/mp4/R6Q3HEG8Gro.mp4
cavalries, https://media.signbsl.com/videos/asl/youtube/mp4/TTVjgJuLNOE.mp4
cavalry, https://media.signbsl.com/videos/asl/youtube/mp4/TTVjgJuLNOE.mp4
cavalryman, https://media.signbsl.com/videos/asl/youtube/mp4/txktfG690Wg.mp4
cave, https://media.signbsl.com/videos/asl/aslsearch/mp4/cave.mp4
cave dweller, https://media.signbsl.com/videos/asl/youtube/mp4/2vtRf3RuLgE.mp4
cave in, https://media.signbsl.com/videos/asl/aslsignbank/mp4/BREAKDOWN-2036.mp4
cave man, https://media.signbsl.com/videos/asl/youtube/mp4/2vtRf3RuLgE.mp4
caveman, https://media.signbsl.com/videos/asl/youtube/mp4/2vtRf3RuLgE.mp4
caviar, https://media.signbsl.com/videos/asl/youtube/mp4/LY3iyS6dtZU.mp4
caviare, https://media.signbsl.com/videos/asl/youtube/mp4/LY3iyS6dtZU.mp4
cavil, https://media.signbsl.com/videos/asl/youtube/mp4/QgM0URftRHw.mp4
cavities, https://player.vimeo.com/external/395728223.sd.mp4?s=d224bf5da54b96deb5a9fbe5c65d52b40b7c91f0&profile_id=164
cavity, https://player.vimeo.com/external/395728223.sd.mp4?s=d224bf5da54b96deb5a9fbe5c65d52b40b7c91f0&profile_id=164
cavity resonator, https://media.signbsl.com/videos/asl/youtube/mp4/K4DZf66ThHI.mp4
cavort, https://media.signbsl.com/videos/asl/youtube/mp4/Xuf_VyrFYos.mp4
caw, https://media.signbsl.com/videos/asl/youtube/mp4/pA8_mMkx_KU.mp4
cayuse, https://media.signbsl.com/videos/asl/youtube/mp4/jiMW-kkDyvE.mp4
cc, https://media.signbsl.com/videos/asl/tsdvideo/mp4/479.mp4
cc email also sent to, https://media.signbsl.com/videos/asl/youtube/mp4/FY84RuO5Jbc.mp4
cd, https://media.signbsl.com/videos/asl/aslsignbank/mp4/FOUR-HUNDRED-2671.mp4
cd document issued by a bank; usually pays interest, NA
CD player, https://media.signbsl.com/videos/asl/aslsearch/mp4/cd-player.mp4
ceamps, https://media.signbsl.com/videos/asl/youtube/mp4/WwDKShYbz28.mp4
cease, https://media.signbsl.com/videos/asl/signlanguagestudent/mp4/finish.mp4
cease and desist order, https://media.signbsl.com/videos/asl/unoclimb/mp4/5_X4fi_xQg0.mp4
cease fire, https://player.vimeo.com/external/395728393.sd.mp4?s=0ac2d7ff3edbc9d59618073cfebde104b141765f&profile_id=164
ceasefire, https://player.vimeo.com/external/395728393.sd.mp4?s=0ac2d7ff3edbc9d59618073cfebde104b141765f&profile_id=164
ceaseless, https://media.signbsl.com/videos/asl/youtube/mp4/GoLt4D-6l4c.mp4
Cecil Scott Forester, https://media.signbsl.com/videos/asl/youtube/mp4/KrKqjKjOUVI.mp4
cede, https://media.signbsl.com/videos/asl/youtube/mp4/svgT2Trofy4.mp4
ceiling, https://media.signbsl.com/videos/asl/startasl/mp4/ceiling2.mp4
ceiling fan, https://media.signbsl.com/videos/asl/startasl/mp4/ceiling-fan.mp4
ceiling greatest height at which an aircraft can fly and be safe, https://media.signbsl.com/videos/asl/youtube/mp4/iFkP6-w2W0Y.mp4
celeb, https://media.signbsl.com/videos/asl/youtube/mp4/Saawspp_aNA.mp4
celebrant, https://media.signbsl.com/videos/asl/youtube/mp4/W8ZEPk_j3XY.mp4
celebrate, https://media.signbsl.com/videos/asl/aslsearch/mp4/celebrate.mp4
celebrated, https://media.signbsl.com/videos/asl/startasl/mp4/famous.mp4
celebrate perform a religious ceremony, https://media.signbsl.com/videos/asl/youtube/mp4/WmxI0z3J7NM.mp4
celebrater, https://media.signbsl.com/videos/asl/youtube/mp4/W8ZEPk_j3XY.mp4
celebration, https://media.signbsl.com/videos/asl/aslsignbank/mp4/HOLIDAY-2533.mp4
celebrator, https://media.signbsl.com/videos/asl/youtube/mp4/W8ZEPk_j3XY.mp4
celebrity, https://media.signbsl.com/videos/asl/aslsignbank/mp4/FAMOUS-1380.mp4
celery, https://media.signbsl.com/videos/asl/aslsearch/mp4/celery.mp4
celestial body, https://media.signbsl.com/videos/asl/aslsignbank/mp4/STAR-274.mp4
celestial equator, https://media.signbsl.com/videos/asl/youtube/mp4/AGhqt6Bj0pU.mp4
Celestial Kingdom, https://media.signbsl.com/videos/asl/signlanguagestudent/mp4/celestial%20kingdom.mp4
celestial orbit, https://media.signbsl.com/videos/asl/aslsearch/mp4/orbit.mp4
celestial sphere, https://media.signbsl.com/videos/asl/signlanguagestudent/mp4/firmament.mp4
celibacy, https://media.signbsl.com/videos/asl/signlanguagestudent/mp4/chastity.mp4
cell, https://media.signbsl.com/videos/asl/aslsignbank/mp4/TEXT-1196.mp4
cellar, https://media.signbsl.com/videos/asl/startasl/mp4/basement.mp4
cellaret, https://media.signbsl.com/videos/asl/youtube/mp4/P9aAhn21spY.mp4
cellar sports last place, https://media.signbsl.com/videos/asl/youtube/mp4/m4zetnfRKsA.mp4
cellist, https://media.signbsl.com/videos/asl/youtube/mp4/YGa3k61nFBI.mp4
cellmate, https://media.signbsl.com/videos/asl/youtube/mp4/KPJWi8eSibM.mp4
cell nucleus, https://media.signbsl.com/videos/asl/deaftec/mp4/1405.mp4
cello, https://media.signbsl.com/videos/asl/aslsearch/mp4/cello.mp4
cellophane, https://media.signbsl.com/videos/asl/youtube/mp4/rJhjyqBiy7U.mp4
cell organ, https://media.signbsl.com/videos/asl/youtube/mp4/WwfXrd7CGAA.mp4
cellotape, https://media.signbsl.com/videos/asl/youtube/mp4/qoaFeyZMYzI.mp4
cell phone, https://media.signbsl.com/videos/asl/aslsignbank/mp4/TEXT-1196.mp4
cellphone, https://media.signbsl.com/videos/asl/aslsignbank/mp4/TEXT-1196.mp4
cellphone app, https://media.signbsl.com/videos/asl/startasl/mp4/cellphone-app.mp4
cellular inclusion, https://media.signbsl.com/videos/asl/AustinCommunityCollege/mp4/weld_inclusion_.mp4
cellular phone, https://media.signbsl.com/videos/asl/aslsignbank/mp4/TEXT-1196.mp4
cellular telephone, https://media.signbsl.com/videos/asl/aslsignbank/mp4/TEXT-1196.mp4
Celsius, https://media.signbsl.com/videos/asl/tsdvideo/mp4/89.mp4
Celtic, https://media.signbsl.com/videos/asl/youtube/mp4/meYqQ7W8z6k.mp4
cembalo, https://media.signbsl.com/videos/asl/youtube/mp4/z0-ILExdpm0.mp4
cement, https://media.signbsl.com/videos/asl/aslsignbank/mp4/GLASS-144.mp4
cementation, https://media.signbsl.com/videos/asl/youtube/mp4/Vr98v0BHlVw.mp4
cement make a relationship better, https://media.signbsl.com/videos/asl/youtube/mp4/OpgTHtOUm5E.mp4
cemeteries, https://media.signbsl.com/videos/asl/aslsearch/mp4/cemetery.mp4
cemetery, https://media.signbsl.com/videos/asl/aslsearch/mp4/cemetery.mp4
cenotaph, https://media.signbsl.com/videos/asl/youtube/mp4/AvSd6_xoZpI.mp4
censer, https://media.signbsl.com/videos/asl/youtube/mp4/-_M_laRGpyI.mp4
censor person who removes bad parts of books movies, https://media.signbsl.com/videos/asl/youtube/mp4/yREWl3diXKM.mp4
censurable, https://player.vimeo.com/external/391204275.sd.mp4?s=f7e1f9664483b187696640c552b6d1297c77fcc8&profile_id=164
censure, https://media.signbsl.com/videos/asl/youtube/mp4/UikImwmXRjE.mp4
censured, https://media.signbsl.com/videos/asl/valleybible/mp4/condemned.mp4
censurer, https://media.signbsl.com/videos/asl/youtube/mp4/gDgLv0-Tewo.mp4
census, https://media.signbsl.com/videos/asl/youtube/mp4/ShReTUJopmU.mp4
census takerenumerator, https://media.signbsl.com/videos/asl/youtube/mp4/zqS7Q3YfaLU.mp4
cent, https://media.signbsl.com/videos/asl/aslsignbank/mp4/CENT-1047.mp4
centenarian, https://media.signbsl.com/videos/asl/youtube/mp4/GN6zhExOMAE.mp4
centenaries, https://media.signbsl.com/videos/asl/youtube/mp4/pqyaUBR9VR4.mp4
centenary, https://media.signbsl.com/videos/asl/youtube/mp4/pqyaUBR9VR4.mp4
centennial, https://media.signbsl.com/videos/asl/youtube/mp4/pqyaUBR9VR4.mp4
Centennial State, https://media.signbsl.com/videos/asl/mariekatzenbachschool/mp4/Colorado.mp4
center, https://media.signbsl.com/videos/asl/signlanguagestudent/mp4/center.mp4
center2 football, https://media.signbsl.com/videos/asl/youtube/mp4/qQgH5WW78xk.mp4
center area where a particular activity is performed, https://media.signbsl.com/videos/asl/youtube/mp4/BeWj_1VxldI.mp4
centerfold, https://media.signbsl.com/videos/asl/youtube/mp4/EbeE0QspFs4.mp4
center football, https://media.signbsl.com/videos/asl/youtube/mp4/qah6iJxeO3o.mp4
center for disease control cdc, https://player.vimeo.com/external/392649556.sd.mp4?s=892147b02862f6106e8b1b41e23ef99e343c3b45&profile_id=164
centering, https://media.signbsl.com/videos/asl/youtube/mp4/cYMiOdhIpyM.mp4
center on, https://player.vimeo.com/external/392767064.sd.mp4?s=3b6f173c665a1dd9e60fbe7b2caf2da384b50c90&profile_id=164
centerpiece, https://media.signbsl.com/videos/asl/youtube/mp4/qMLb--Y21kw.mp4
center put something in the center, https://media.signbsl.com/videos/asl/youtube/mp4/ONcz7_33sgQ.mp4
centesimal, https://media.signbsl.com/videos/asl/elementalaslconcepts/mp4/hundreths.mp4
centile, https://media.signbsl.com/videos/asl/youtube/mp4/Sy00sE5Js5I.mp4
centimeter, https://media.signbsl.com/videos/asl/tsdvideo/mp4/276.mp4
centimetre, https://media.signbsl.com/videos/asl/tsdvideo/mp4/276.mp4
centipede, https://player.vimeo.com/external/395729015.sd.mp4?s=228d9a971dca29a0bfe442a78221d7c6b74ba141&profile_id=164
central, https://media.signbsl.com/videos/asl/signlanguagestudent/mp4/central.mp4
Central Africa, https://media.signbsl.com/videos/asl/youtube/mp4/6Lk6Txs6QfY.mp4
Central African Republic, https://media.signbsl.com/videos/asl/youtube/mp4/6Lk6Txs6QfY.mp4
Central America, https://player.vimeo.com/external/395729091.sd.mp4?s=fe75979a9a02ac25d2b4c0f696145bd2bdcfece3&profile_id=164
central and south america, https://player.vimeo.com/external/395729156.sd.mp4?s=5856f6f82eced9caf5450abfc93194799aaa0998&profile_id=164
central angle, https://media.signbsl.com/videos/asl/tsdvideo/mp4/1487.mp4
centralise, https://media.signbsl.com/videos/asl/youtube/mp4/QEgx6E6ZaHg.mp4
centralism, https://media.signbsl.com/videos/asl/youtube/mp4/VECa6vhtpU0.mp4
centralist, https://media.signbsl.com/videos/asl/youtube/mp4/9wzrNCSUNbw.mp4
centralistic, https://media.signbsl.com/videos/asl/youtube/mp4/9wzrNCSUNbw.mp4
centralize, https://media.signbsl.com/videos/asl/youtube/mp4/QEgx6E6ZaHg.mp4
central office, https://media.signbsl.com/videos/asl/aslsearch/mp4/headquarters.mp4
central processing unit, https://media.signbsl.com/videos/asl/youtube/mp4/lst5vnbK7yU.mp4
central processor, https://media.signbsl.com/videos/asl/youtube/mp4/lst5vnbK7yU.mp4
centre, https://media.signbsl.com/videos/asl/signlanguagestudent/mp4/center.mp4
centred, https://media.signbsl.com/videos/asl/youtube/mp4/wO5bxyGmYhI.mp4
centrefold, https://media.signbsl.com/videos/asl/youtube/mp4/EbeE0QspFs4.mp4
centrepiece, https://media.signbsl.com/videos/asl/youtube/mp4/qMLb--Y21kw.mp4
centrifugal, https://media.signbsl.com/videos/asl/youtube/mp4/VbfFH4MI4gg.mp4
centrifugate, https://media.signbsl.com/videos/asl/deaftec/mp4/1352.mp4
centrifuge, https://media.signbsl.com/videos/asl/youtube/mp4/RRF8xaK7kPg.mp4
centriole, https://media.signbsl.com/videos/asl/youtube/mp4/-1jHOHeFtPw.mp4
centripetal, https://media.signbsl.com/videos/asl/youtube/mp4/HLvGTVzhI-c.mp4
centrism, https://media.signbsl.com/videos/asl/youtube/mp4/Vk0qbMQLYSM.mp4
centromere, https://media.signbsl.com/videos/asl/deaftec/mp4/1353.mp4
cents, https://media.signbsl.com/videos/asl/aslsignbank/mp4/CENT-1047.mp4
centuries, https://player.vimeo.com/external/395729226.sd.mp4?s=143d5202c1bd780c6ea05e28e2de69c8194754c7&profile_id=164
century, https://player.vimeo.com/external/395729226.sd.mp4?s=143d5202c1bd780c6ea05e28e2de69c8194754c7&profile_id=164
cephalalgia, https://media.signbsl.com/videos/asl/startasl/mp4/headache.mp4
cephalic, https://media.signbsl.com/videos/asl/youtube/mp4/Yso0so0hUj4.mp4
cephalitis, https://media.signbsl.com/videos/asl/youtube/mp4/sfm6ntKI6pc.mp4
ceramic, https://player.vimeo.com/external/395736043.sd.mp4?s=f04655cc07e97b8376ccc65384f843e5ea246045&profile_id=164
ceramicist, https://media.signbsl.com/videos/asl/youtube/mp4/cT1-C3u6y3s.mp4
ceramist, https://media.signbsl.com/videos/asl/youtube/mp4/cT1-C3u6y3s.mp4
ceratin, https://media.signbsl.com/videos/asl/youtube/mp4/BHO1X0mj88w.mp4
cereal, https://media.signbsl.com/videos/asl/aslsearch/mp4/cereal2.mp4
cerebellum, https://media.signbsl.com/videos/asl/youtube/mp4/jLlfjtBCURM.mp4
cerebral, https://media.signbsl.com/videos/asl/youtube/mp4/F8ZLokBLKeo.mp4
cerebral palsy, https://player.vimeo.com/external/395736121.sd.mp4?s=47225f7a832cff18922c0c8222db08776fee3d98&profile_id=164
cerebration, https://media.signbsl.com/videos/asl/signlanguagestudent/mp4/thinking.mp4
cerement, https://media.signbsl.com/videos/asl/youtube/mp4/OgX_TW-OsDo.mp4
ceremonial, https://player.vimeo.com/external/395736156.sd.mp4?s=52f1f0f3dec64c6ca819f27a49c7299c3ff7f89d&profile_id=164
ceremonial occasion, https://player.vimeo.com/external/395736156.sd.mp4?s=52f1f0f3dec64c6ca819f27a49c7299c3ff7f89d&profile_id=164
ceremony, https://player.vimeo.com/external/395736156.sd.mp4?s=52f1f0f3dec64c6ca819f27a49c7299c3ff7f89d&profile_id=164
ceremonial, https://player.vimeo.com/external/395736156.sd.mp4?s=52f1f0f3dec64c6ca819f27a49c7299c3ff7f89d&profile_id=164
ceremonial occasion, https://player.vimeo.com/external/395736156.sd.mp4?s=52f1f0f3dec64c6ca819f27a49c7299c3ff7f89d&profile_id=164
ceremony, https://player.vimeo.com/external/395736156.sd.mp4?s=52f1f0f3dec64c6ca819f27a49c7299c3ff7f89d&profile_id=164
Ceremony Rite, https://media.signbsl.com/videos/asl/ids/mp4/2013-11-750-ceremonyrite-1600k-ase.mp4
cerise, https://media.signbsl.com/videos/asl/startasl/mp4/red.mp4
cert, https://media.signbsl.com/videos/asl/youtube/mp4/cOdcaEDrKVU.mp4
certain, https://media.signbsl.com/videos/asl/signlanguagestudent/mp4/certain.mp4
certainly, https://media.signbsl.com/videos/asl/signlanguagestudent/mp4/certainly.mp4
certainty, https://media.signbsl.com/videos/asl/youtube/mp4/6Dd5I6kND3M.mp4
certifiable, https://media.signbsl.com/videos/asl/youtube/mp4/P2GnbHIFBj4.mp4
certificate, https://media.signbsl.com/videos/asl/aslsignbank/mp4/CERTIFICATE-1050.mp4
certificate-based authentication, NA
certification, https://media.signbsl.com/videos/asl/aslsignbank/mp4/CERTIFICATE-1050.mp4
certify, https://media.signbsl.com/videos/asl/youtube/mp4/-_6ESFumTbw.mp4
certitude, https://media.signbsl.com/videos/asl/youtube/mp4/VUHp_3EvpSs.mp4
cerulean, https://media.signbsl.com/videos/asl/youtube/mp4/Q699kuLyZIg.mp4
cervical, https://media.signbsl.com/videos/asl/youtube/mp4/PRBzOdq2T04.mp4
cervid, https://media.signbsl.com/videos/asl/aslsearch/mp4/deer.mp4
cervix, NA
cesarean, https://media.signbsl.com/videos/asl/aslsearch/mp4/caesarean.mp4
cesarean delivery, https://media.signbsl.com/videos/asl/aslsearch/mp4/caesarean.mp4
cesarean section, https://media.signbsl.com/videos/asl/aslsearch/mp4/caesarean.mp4
cesarian, https://media.signbsl.com/videos/asl/aslsearch/mp4/caesarean.mp4
cesarian section, https://media.signbsl.com/videos/asl/aslsearch/mp4/caesarean.mp4
Cesar Ritz, https://media.signbsl.com/videos/asl/youtube/mp4/VlXNq1NdZqM.mp4
cesspit, https://media.signbsl.com/videos/asl/youtube/mp4/va3mWkCNE_w.mp4
cesspool, https://media.signbsl.com/videos/asl/youtube/mp4/va3mWkCNE_w.mp4
cetchup, https://media.signbsl.com/videos/asl/startasl/mp4/ketchup.mp4
Ceylon, https://media.signbsl.com/videos/asl/youtube/mp4/_Z1YZRt7Q2k.mp4
cgi, https://media.signbsl.com/videos/asl/deaftec/mp4/945.mp4
chachka, https://media.signbsl.com/videos/asl/youtube/mp4/HRd_4GP0dtE.mp4
Chad, https://media.signbsl.com/videos/asl/youtube/mp4/2QfPMf42WXE.mp4
chafe, https://media.signbsl.com/videos/asl/aslsignbank/mp4/BOTHER-2129.mp4
chafe under the yoke, https://media.signbsl.com/videos/asl/youtube/mp4/WFKE_8b103M.mp4
chaff, https://media.signbsl.com/videos/asl/youtube/mp4/s3g1cdLxuzw.mp4
chaffer, https://media.signbsl.com/videos/asl/startasl/mp4/gossip.mp4
chagrin, https://player.vimeo.com/external/395736399.sd.mp4?s=6ce20664bfd017186d3360d698d4a1ac1de998c7&profile_id=164
chagrined, https://media.signbsl.com/videos/asl/aslsearch/mp4/abashed.mp4
chai, https://media.signbsl.com/videos/asl/aslsignbank/mp4/TEA-1177.mp4
chain, https://media.signbsl.com/videos/asl/aslsignbank/mp4/CHAIN-1051.mp4
chain is only as strong as its weakest link, https://media.signbsl.com/videos/asl/youtube/mp4/NeZ_Uvk1IDc.mp4
chainlikecatenulate, https://media.signbsl.com/videos/asl/youtube/mp4/QnVUFN1vtLc.mp4
chain of events, https://media.signbsl.com/videos/asl/youtube/mp4/GyMu7bwGglI.mp4
chain reaction, https://media.signbsl.com/videos/asl/youtube/mp4/pa0ykrg6kqE.mp4
chain saw, https://media.signbsl.com/videos/asl/youtube/mp4/1hbhYHXU8Zw.mp4
chainsaw, https://media.signbsl.com/videos/asl/youtube/mp4/1hbhYHXU8Zw.mp4
chain smoking, https://player.vimeo.com/external/395736437.sd.mp4?s=58308750ed41b8948e3e47a8e8096097586333e0&profile_id=164
chain upchain downchain, https://media.signbsl.com/videos/asl/youtube/mp4/2-fdceW9x0I.mp4
chair, https://media.signbsl.com/videos/asl/startasl/mp4/chair.mp4
chair lift, https://media.signbsl.com/videos/asl/youtube/mp4/cbHajsUHqh0.mp4
chairlift, https://media.signbsl.com/videos/asl/youtube/mp4/cbHajsUHqh0.mp4
chairman, https://media.signbsl.com/videos/asl/aslsearch/mp4/chairperson.mp4
chair meeting, https://player.vimeo.com/external/395736620.sd.mp4?s=d586a9a4e6052ab113749e3ca6bf459192f221fd&profile_id=164
chairperson, https://media.signbsl.com/videos/asl/aslsearch/mp4/chairperson.mp4
chairwoman, https://media.signbsl.com/videos/asl/aslsearch/mp4/chairperson.mp4
chakra, https://player.vimeo.com/external/395736708.sd.mp4?s=b884cc24e7d2f8018a5cd5e01ec9e35ddc283aec&profile_id=164
chalk, https://media.signbsl.com/videos/asl/youtube/mp4/2SgKZrQT7gE.mp4
chalkboard, https://media.signbsl.com/videos/asl/aslsearch/mp4/chalkboard.mp4
chalkiness, https://media.signbsl.com/videos/asl/youtube/mp4/NKanQ_xOV9Q.mp4
chalk up accept, https://media.signbsl.com/videos/asl/youtube/mp4/4db3yXKmjyw.mp4
chalk up accumulate debt, https://media.signbsl.com/videos/asl/youtube/mp4/0GtxMyWcQ8Y.mp4
chalk up cue, https://media.signbsl.com/videos/asl/youtube/mp4/4lsC_73Zo7s.mp4
chalk up debt, https://media.signbsl.com/videos/asl/youtube/mp4/85A2_wlbdbw.mp4
chalk up score, https://media.signbsl.com/videos/asl/youtube/mp4/RyWG0Jd2zDE.mp4
chalky chalkier chalkiest, https://media.signbsl.com/videos/asl/youtube/mp4/gRFy-cEPJc4.mp4
challenge, https://media.signbsl.com/videos/asl/aslsignbank/mp4/CHALLENGE-819.mp4
challenger, https://media.signbsl.com/videos/asl/youtube/mp4/T5m6IypzLq4.mp4
chamaeleon, https://player.vimeo.com/external/395736841.sd.mp4?s=f0057dc7e5cf19d58d5b1456854c6150975b09e9&profile_id=164
chamber, https://media.signbsl.com/videos/asl/startasl/mp4/bedroom.mp4
chamberlain, https://media.signbsl.com/videos/asl/youtube/mp4/Z0_RmihqYiw.mp4
chambermaid, https://media.signbsl.com/videos/asl/youtube/mp4/0xDfYG2jenc.mp4
chameleon, https://player.vimeo.com/external/395736841.sd.mp4?s=f0057dc7e5cf19d58d5b1456854c6150975b09e9&profile_id=164
chamfer, https://media.signbsl.com/videos/asl/AustinCommunityCollege/mp4/weld_bevel_.mp4
champ, https://media.signbsl.com/videos/asl/aslsignbank/mp4/CHAMPION-2353.mp4
champagne, https://media.signbsl.com/videos/asl/aslsearch/mp4/champagne.mp4
champagne taste on a beer budget, https://media.signbsl.com/videos/asl/youtube/mp4/3wtdhvrvKB0.mp4
champaign, https://media.signbsl.com/videos/asl/startasl/mp4/plains.mp4
champion, https://media.signbsl.com/videos/asl/aslsignbank/mp4/CHAMPION-2353.mp4
championadvocate, https://media.signbsl.com/videos/asl/youtube/mp4/RMvEzqEIssE.mp4
championship, https://player.vimeo.com/external/392649611.sd.mp4?s=c5ed40890c29b7733bfb9322644d40c27127a76b&profile_id=164
chance, https://media.signbsl.com/videos/asl/aslsignbank/mp4/CHANCE-2472.mp4
chance event, https://media.signbsl.com/videos/asl/philosophy/mp4/Accident-HD.mp4
chanceful, https://media.signbsl.com/videos/asl/youtube/mp4/REWdP-od_zE.mp4
chancel, https://media.signbsl.com/videos/asl/youtube/mp4/5Gm_3N3BuOs.mp4
chancellor, https://player.vimeo.com/external/392419617.sd.mp4?s=88cc12d555b002b7fadbd0c421669f5e954c8993&profile_id=164
chance on, https://player.vimeo.com/external/391392432.sd.mp4?s=12cac95d74867a4427afd9416f866395320fa9f9&profile_id=164
chanceries, https://media.signbsl.com/videos/asl/youtube/mp4/TVUZG9vAhPQ.mp4
chancery, https://media.signbsl.com/videos/asl/youtube/mp4/TVUZG9vAhPQ.mp4
chance try to do something risky, https://media.signbsl.com/videos/asl/youtube/mp4/Zy9Crz5p-Qk.mp4
chance upon, https://player.vimeo.com/external/391392432.sd.mp4?s=12cac95d74867a4427afd9416f866395320fa9f9&profile_id=164
chancier, https://media.signbsl.com/videos/asl/youtube/mp4/SzjazxlzqSs.mp4
chanciness, https://media.signbsl.com/videos/asl/youtube/mp4/VpgEThzabjE.mp4
chancy, https://media.signbsl.com/videos/asl/youtube/mp4/REWdP-od_zE.mp4
chandelier, https://player.vimeo.com/external/392403170.sd.mp4?s=c48262bb324d7000acbb32b8a4e963d754c32349&profile_id=164
chandler, https://media.signbsl.com/videos/asl/youtube/mp4/vWaJ3HKOVv4.mp4
change, https://media.signbsl.com/videos/asl/startasl/mp4/change.mp4
changeable, https://media.signbsl.com/videos/asl/youtube/mp4/LA5kNz_54_M.mp4
change boundaries, https://media.signbsl.com/videos/asl/youtube/mp4/AfwqLaNIVaw.mp4
change character a lot, https://media.signbsl.com/videos/asl/youtube/mp4/5k1tSZC0WrY.mp4
change clothes, https://media.signbsl.com/videos/asl/mariekatzenbachschool/mp4/change%20clothes.mp4
change diapers, https://media.signbsl.com/videos/asl/mariekatzenbachschool/mp4/change%20diapers.mp4
change horses in midstream, https://media.signbsl.com/videos/asl/youtube/mp4/PFcadFUO1hE.mp4
changeless, https://media.signbsl.com/videos/asl/tsdvideo/mp4/328.mp4
changeling, https://media.signbsl.com/videos/asl/aslsignbank/mp4/IDIOT-2180.mp4
change mind, https://media.signbsl.com/videos/asl/aslsignbank/mp4/MISUNDERSTAND-2374.mp4
change my mind, https://media.signbsl.com/videos/asl/youtube/mp4/BvYgyr1eAoU.mp4
Change of Heart, https://media.signbsl.com/videos/asl/ids/mp4/2013-11-760-change-of-heart-1500k-ase.mp4
change of mind, https://player.vimeo.com/external/392536399.sd.mp4?s=02a7b331fd7ffe49ba0ccf4e8024fcec540e069d&profile_id=164
change over, https://media.signbsl.com/videos/asl/tsdvideo/mp4/1256-2.mp4
changeover, https://media.signbsl.com/videos/asl/tsdvideo/mp4/1256-2.mp4
change perspective, https://media.signbsl.com/videos/asl/youtube/mp4/UlFDADLtafk.mp4
changes, https://media.signbsl.com/videos/asl/startasl/mp4/change.mp4
changes hands, https://media.signbsl.com/videos/asl/youtube/mp4/qJ3m_BPoUkg.mp4
change the point, https://media.signbsl.com/videos/asl/aslsignbank/mp4/OFF-THE-POINT-1550.mp4
changeup, NA
change your diaper, https://media.signbsl.com/videos/asl/youtube/mp4/NO0drIdL38U.mp4
change your tune, https://media.signbsl.com/videos/asl/youtube/mp4/V47H4lLEAco.mp4
changing buses, https://media.signbsl.com/videos/asl/elementalaslconcepts/mp4/change_busses.mp4
channel, https://media.signbsl.com/videos/asl/aslsignbank/mp4/CHANNEL-1055.mp4
channeling, https://player.vimeo.com/external/395737200.sd.mp4?s=f9845e9804a50c35a933a6ac9ff8684be7f354be&profile_id=164
channelise, https://media.signbsl.com/videos/asl/youtube/mp4/5pBNsg249A0.mp4
channelize, https://media.signbsl.com/videos/asl/youtube/mp4/5pBNsg249A0.mp4
channels, https://media.signbsl.com/videos/asl/youtube/mp4/uNtq1N8KrIk.mp4
channel use something for a specific purpose, https://media.signbsl.com/videos/asl/youtube/mp4/fEpZfXHigO8.mp4
Channukah, https://media.signbsl.com/videos/asl/startasl/mp4/hannukah.mp4
Channukkah, https://media.signbsl.com/videos/asl/startasl/mp4/hannukah.mp4
chanson, https://media.signbsl.com/videos/asl/youtube/mp4/mcLpLnzM15c.mp4
chant, https://player.vimeo.com/external/395737253.sd.mp4?s=38aff9c8c3f7f2a661dadfd50d98d275b787e18b&profile_id=164
chanteuse, https://media.signbsl.com/videos/asl/youtube/mp4/1C3K82sOxes.mp4
chanticleer, https://media.signbsl.com/videos/asl/youtube/mp4/WD5Dlgg4JPg.mp4
chant repeating a phrase many times, https://media.signbsl.com/videos/asl/youtube/mp4/YxymnE70si8.mp4
Chanukah, https://media.signbsl.com/videos/asl/startasl/mp4/hannukah.mp4
Chanukkah, https://media.signbsl.com/videos/asl/startasl/mp4/hannukah.mp4
chaos, https://media.signbsl.com/videos/asl/aslsignbank/mp4/MESS-1616.mp4
chap, https://media.signbsl.com/videos/asl/youtube/mp4/nIeOKwHT77E.mp4
chapeau, https://media.signbsl.com/videos/asl/startasl/mp4/hat.mp4
chapel, https://media.signbsl.com/videos/asl/aslsearch/mp4/chapel.mp4
chaperon, https://media.signbsl.com/videos/asl/youtube/mp4/uQecx9bb8RI.mp4
chaperone, https://media.signbsl.com/videos/asl/youtube/mp4/uQecx9bb8RI.mp4
chapfallen, https://player.vimeo.com/external/392670638.sd.mp4?s=9dc55e1f5f6beaa81980dc5f63dd47437d229f5f&profile_id=164
chaplet, https://media.signbsl.com/videos/asl/aslsearch/mp4/wreath.mp4
chaplin charlie, https://player.vimeo.com/external/395737444.sd.mp4?s=68982c6978f1f34dac9d9ffe68e60059bec3b8b2&profile_id=164
chapman, https://media.signbsl.com/videos/asl/youtube/mp4/X1p6A184RDQ.mp4
chapped, https://media.signbsl.com/videos/asl/youtube/mp4/XvdNMFLNyX8.mp4
chappies, https://media.signbsl.com/videos/asl/youtube/mp4/XC2oojEEVV0.mp4
chapstick, https://media.signbsl.com/videos/asl/aslsignbank/mp4/LIPSTICK-358.mp4
chapter, https://media.signbsl.com/videos/asl/aslsignbank/mp4/LESSON-1675.mp4
chapter and verse, https://media.signbsl.com/videos/asl/youtube/mp4/ZTIAovcWUy8.mp4
char, https://media.signbsl.com/videos/asl/youtube/mp4/4OUKRooXuX0.mp4
charabanc, https://media.signbsl.com/videos/asl/startasl/mp4/bus.mp4
character, https://media.signbsl.com/videos/asl/aslsignbank/mp4/CHARACTER-2318.mp4
Character Attribute, https://media.signbsl.com/videos/asl/ids/mp4/2013-11-790-character-attribute-1500k-ase.mp4
characterisation, https://media.signbsl.com/videos/asl/youtube/mp4/C-N2xZJcfqc.mp4
characteristic, https://media.signbsl.com/videos/asl/aslsearch/mp4/characteristics.mp4
characteristics, https://media.signbsl.com/videos/asl/aslsearch/mp4/characteristics.mp4
characterization, https://media.signbsl.com/videos/asl/youtube/mp4/C-N2xZJcfqc.mp4
characterless, https://media.signbsl.com/videos/asl/youtube/mp4/j89wjRQ451Q.mp4
characters ideogram, https://player.vimeo.com/external/395737673.sd.mp4?s=6529c9f6b41cf508a402d9f294397f1a4489a18b&profile_id=164
character traits, https://media.signbsl.com/videos/asl/elementalaslconcepts/mp4/character_traits.mp4
character types, https://media.signbsl.com/videos/asl/elementalaslconcepts/mp4/character_type.mp4
charade, https://player.vimeo.com/external/392385988.sd.mp4?s=405d3df3522b93cfe3030293ca39ae21dc384038&profile_id=164
charbroil, https://media.signbsl.com/videos/asl/youtube/mp4/Gur3MH1x_e0.mp4
charcoal, https://media.signbsl.com/videos/asl/aslsearch/mp4/charcoal.mp4
charge, https://media.signbsl.com/videos/asl/aslsignbank/mp4/CHARGE-1168.mp4
chargeable, https://media.signbsl.com/videos/asl/youtube/mp4/mOCArlf5cjs.mp4
charge card, https://media.signbsl.com/videos/asl/aslsearch/mp4/credit-card.mp4
charge credit card, https://media.signbsl.com/videos/asl/signlanguagestudent/mp4/charge%20(credit%20card).mp4
charge of an atom or molecule, https://media.signbsl.com/videos/asl/deaftec/mp4/1354.mp4
charge per unit, https://media.signbsl.com/videos/asl/tsdvideo/mp4/312.mp4
charge phone, https://media.signbsl.com/videos/asl/youtube/mp4/IjCTuGceqzs.mp4
charge plate, https://media.signbsl.com/videos/asl/aslsearch/mp4/credit-card.mp4
charger, https://media.signbsl.com/videos/asl/youtube/mp4/ZpjyJmiukzo.mp4
charge sheet, https://media.signbsl.com/videos/asl/youtube/mp4/dPf39YQF_4o.mp4
charge up, https://media.signbsl.com/videos/asl/aslsearch/mp4/excite.mp4
charily, https://media.signbsl.com/videos/asl/youtube/mp4/fckVwpG_IbE.mp4
chariot, https://media.signbsl.com/videos/asl/youtube/mp4/_NXT6z6w-dw.mp4
Charioteer, https://media.signbsl.com/videos/asl/youtube/mp4/5iIx8TrE5JI.mp4
charisma, https://media.signbsl.com/videos/asl/youtube/mp4/W56e24uaUXw.mp4
charismatic, https://media.signbsl.com/videos/asl/valleybible/mp4/charismatic.mp4
charitable, https://media.signbsl.com/videos/asl/youtube/mp4/Xwz6EI-XyLs.mp4
charitable to you, https://media.signbsl.com/videos/asl/youtube/mp4/lMC2MPzAM3s.mp4
charity, https://media.signbsl.com/videos/asl/ids/mp4/2013-11-800-charity-1500k-ase.mp4
charity shot, https://media.signbsl.com/videos/asl/aslbricks/mp4/free-throw.mp4
charity throw, https://media.signbsl.com/videos/asl/aslbricks/mp4/free-throw.mp4
charity toss, https://media.signbsl.com/videos/asl/aslbricks/mp4/free-throw.mp4
charladies, https://media.signbsl.com/videos/asl/youtube/mp4/eJcLSaAYIHs.mp4
charlatan, https://media.signbsl.com/videos/asl/youtube/mp4/9REJqoKbhVY.mp4
charley horse, https://media.signbsl.com/videos/asl/youtube/mp4/FVgItXEBSys.mp4
charm, https://media.signbsl.com/videos/asl/mariekatzenbachschool/mp4/spell.mp4
charmer, https://media.signbsl.com/videos/asl/youtube/mp4/-gtdhQBMrI4.mp4
charming, https://media.signbsl.com/videos/asl/youtube/mp4/w1ndSy0nrUk.mp4
charming a man who seems very pleasant but cannot be trusted, https://media.signbsl.com/videos/asl/youtube/mp4/qoYcwa_X2YU.mp4
charmless, https://media.signbsl.com/videos/asl/youtube/mp4/ZlcqqweXIMI.mp4
charms on a bracelet, https://media.signbsl.com/videos/asl/youtube/mp4/P6anP8hNXr0.mp4
charnel, https://media.signbsl.com/videos/asl/youtube/mp4/NTCHu40k9Ow.mp4
charnel house, https://media.signbsl.com/videos/asl/youtube/mp4/NTCHu40k9Ow.mp4
chart, https://media.signbsl.com/videos/asl/aslsearch/mp4/chart.mp4
chartaceous, https://media.signbsl.com/videos/asl/youtube/mp4/7Bbv-HwDJfc.mp4
charter, https://player.vimeo.com/external/395742297.sd.mp4?s=9276ad92c752d3b4b7db8652437488178e4abdda&profile_id=164
chartless, https://media.signbsl.com/videos/asl/youtube/mp4/B90hk_QRYYc.mp4
chart list of songs people recently bought most, https://media.signbsl.com/videos/asl/youtube/mp4/WYT3LUF9_NI.mp4
chase, https://media.signbsl.com/videos/asl/aslsignbank/mp4/CHASE-72.mp4
chase after, https://media.signbsl.com/videos/asl/aslsignbank/mp4/CHASE-72.mp4
chase away, https://media.signbsl.com/videos/asl/youtube/mp4/ygAT-uomaTE.mp4
chase down, https://media.signbsl.com/videos/asl/youtube/mp4/uvYPb1TsVBI.mp4
chaser, https://media.signbsl.com/videos/asl/youtube/mp4/d9qGk-Ei7bw.mp4
chase rainbows, https://media.signbsl.com/videos/asl/youtube/mp4/Hl2jHxc3rw4.mp4
chase your tail, https://media.signbsl.com/videos/asl/youtube/mp4/Edh13k7zEvQ.mp4
chasm, https://media.signbsl.com/videos/asl/youtube/mp4/xqwLP843X18.mp4
chassis, https://media.signbsl.com/videos/asl/AustinCommunityCollege/mp4/auto_chassis_.mp4
chaste, https://media.signbsl.com/videos/asl/youtube/mp4/Vas3_UP8TEY.mp4
chaste chaster chastest, https://media.signbsl.com/videos/asl/youtube/mp4/XSPl1wgTAEc.mp4
chasten, https://media.signbsl.com/videos/asl/youtube/mp4/4L7UqXBUGdg.mp4
chastise, https://media.signbsl.com/videos/asl/aslsearch/mp4/correct2.mp4
chastiser, https://media.signbsl.com/videos/asl/youtube/mp4/fZj6Hc6ygtA.mp4
chastity, https://media.signbsl.com/videos/asl/signlanguagestudent/mp4/chastity.mp4
chat, https://media.signbsl.com/videos/asl/startasl/mp4/gossip.mp4
chateau, https://media.signbsl.com/videos/asl/youtube/mp4/_sGrpJtGbqA.mp4
chatelaine, https://media.signbsl.com/videos/asl/youtube/mp4/k_osHK1rm6Y.mp4
chatline, https://media.signbsl.com/videos/asl/youtube/mp4/9hMxruObqmA.mp4
chatter, https://media.signbsl.com/videos/asl/startasl/mp4/gossip.mp4
chatterbox, https://media.signbsl.com/videos/asl/youtube/mp4/5nON5FOVJ3c.mp4
chatterer, https://media.signbsl.com/videos/asl/youtube/mp4/5nON5FOVJ3c.mp4
chatty, https://player.vimeo.com/external/395742417.sd.mp4?s=be1ef4c0974b62de25fbfdbdb204f28dc57ed229&profile_id=164
chatty cathy, https://media.signbsl.com/videos/asl/youtube/mp4/Cgr9F4rh4XM.mp4
chatty chattier chattiest, https://media.signbsl.com/videos/asl/youtube/mp4/cTjEJawhbfw.mp4
chauffeur, https://media.signbsl.com/videos/asl/youtube/mp4/yx0P4eq2CEc.mp4
chauncy, https://media.signbsl.com/videos/asl/youtube/mp4/tsUoxjFV3Hg.mp4
chauvinism, https://player.vimeo.com/external/392282846.sd.mp4?s=59c17fbe86c0c2eb3a1b428e71750229659a1409&profile_id=164
chaw, https://media.signbsl.com/videos/asl/aslsignbank/mp4/CHEW-718.mp4
chawbacon, https://player.vimeo.com/external/392636895.sd.mp4?s=1df6b8795bf5148b0f1a7c787e8049673809e621&profile_id=164
cheap, https://media.signbsl.com/videos/asl/startasl/mp4/cheap.mp4
cheap at half the price, https://media.signbsl.com/videos/asl/youtube/mp4/R6Bgtiun9X8.mp4
cheap cheaper cheapest chintzier chintziest price, https://media.signbsl.com/videos/asl/youtube/mp4/khuvCfDqNxU.mp4
cheapen, https://media.signbsl.com/videos/asl/youtube/mp4/frzyaLiyr8A.mp4
cheaper, https://media.signbsl.com/videos/asl/youtube/mp4/KwuRzClp_TA.mp4
cheap jack, https://media.signbsl.com/videos/asl/youtube/mp4/8MNuCqdgO_I.mp4
cheapness, https://media.signbsl.com/videos/asl/youtube/mp4/P4u9johXbcI.mp4
cheapo, https://media.signbsl.com/videos/asl/youtube/mp4/-rAdgNMtrXI.mp4
cheap shot, https://media.signbsl.com/videos/asl/youtube/mp4/CKFJ0U57cSE.mp4
cheapskate, https://player.vimeo.com/external/395742483.sd.mp4?s=1621073f0ae80e35bf2abea2713ca07a5bc45fac&profile_id=164
cheap trick, https://media.signbsl.com/videos/asl/youtube/mp4/Y5gPDVK9G9w.mp4
cheat, https://media.signbsl.com/videos/asl/aslsignbank/mp4/CHEAT_1-1058.mp4
cheat death, https://media.signbsl.com/videos/asl/youtube/mp4/XgnbON0VHPU.mp4
cheater, https://media.signbsl.com/videos/asl/youtube/mp4/XA5of11vrek.mp4
cheating, https://media.signbsl.com/videos/asl/aslsignbank/mp4/CHEAT_1-1058.mp4
cheat on, https://media.signbsl.com/videos/asl/aslsearch/mp4/cheat2.mp4
check, https://media.signbsl.com/videos/asl/aslsearch/mp4/fit.mp4
check against, https://media.signbsl.com/videos/asl/youtube/mp4/lTuvmJgTQN4.mp4
checked, https://media.signbsl.com/videos/asl/youtube/mp4/h5rEjUVd7HA.mp4
checker, https://media.signbsl.com/videos/asl/youtube/mp4/6kwhN0xKtQs.mp4
checkered, https://media.signbsl.com/videos/asl/youtube/mp4/h5rEjUVd7HA.mp4
checkers, https://player.vimeo.com/external/395742694.sd.mp4?s=48b3e700bf5720336f5a3d12fe70e52dcdc25924&profile_id=164
checking out, https://media.signbsl.com/videos/asl/youtube/mp4/06hYryoaqgQ.mp4
check into, https://media.signbsl.com/videos/asl/aslsignbank/mp4/CHECK-1059.mp4
check it out, https://media.signbsl.com/videos/asl/aslsignbank/mp4/SEE-SEE-173.mp4
checklist, https://media.signbsl.com/videos/asl/youtube/mp4/DK5KJ03VCA0.mp4
check mark, https://media.signbsl.com/videos/asl/youtube/mp4/dhK71WnuPPQ.mp4
checkmate, https://media.signbsl.com/videos/asl/youtube/mp4/oDGSsaq6Slk.mp4
check off a list, https://media.signbsl.com/videos/asl/youtube/mp4/bgShdSwX1d4.mp4
check out, https://media.signbsl.com/videos/asl/aslsignbank/mp4/CHECK-1059.mp4
checkout, https://media.signbsl.com/videos/asl/aslsignbank/mp4/CHECK-1059.mp4
checkout counter, https://media.signbsl.com/videos/asl/youtube/mp4/oaTaw2T5uyw.mp4
check outdecipher, https://media.signbsl.com/videos/asl/youtube/mp4/bfvEnZtKfwE.mp4
check outinspect, https://media.signbsl.com/videos/asl/youtube/mp4/WEM2sUDePOs.mp4
check out procedure, https://media.signbsl.com/videos/asl/aslsearch/mp4/check5.mp4
check outsign out leave, https://media.signbsl.com/videos/asl/youtube/mp4/jXp53AOeLAE.mp4
check out sign out object, https://media.signbsl.com/videos/asl/youtube/mp4/OeD5xt2fuFo.mp4
checkout time, https://media.signbsl.com/videos/asl/youtube/mp4/3b3ZKva9UoE.mp4
check over, https://media.signbsl.com/videos/asl/aslsignbank/mp4/CHECK-1059.mp4
checkpoint, https://media.signbsl.com/videos/asl/youtube/mp4/J9uVMTkQzDU.mp4
checkroom, https://media.signbsl.com/videos/asl/youtube/mp4/u_sWoXAXyWs.mp4
checks and balances, https://media.signbsl.com/videos/asl/elementalaslconcepts/mp4/checks_and_balances.mp4
checkup, https://media.signbsl.com/videos/asl/youtube/mp4/s9bkh-DHJ3A.mp4
check up on, https://media.signbsl.com/videos/asl/aslsignbank/mp4/CHECK-1059.mp4
check your diaper, https://media.signbsl.com/videos/asl/youtube/mp4/MkIuDlFk0_M.mp4
cheek, https://media.signbsl.com/videos/asl/aslsearch/mp4/cheek.mp4
cheekier, https://media.signbsl.com/videos/asl/youtube/mp4/ftLcZ4hY6Hw.mp4
cheekiness, https://media.signbsl.com/videos/asl/youtube/mp4/nnvvEJ-VIAY.mp4
cheeky, https://media.signbsl.com/videos/asl/youtube/mp4/KKZcfRPEh-0.mp4
cheep, https://media.signbsl.com/videos/asl/youtube/mp4/wx2L-Qd8R74.mp4
cheer, https://media.signbsl.com/videos/asl/youtube/mp4/jeQ65RMeCjE.mp4
cheerful, https://media.signbsl.com/videos/asl/aslsearch/mp4/cheerful.mp4
cheerio, https://media.signbsl.com/videos/asl/startasl/mp4/bye.mp4
cheerlead, https://media.signbsl.com/videos/asl/aslsignbank/mp4/CHEERLEADER-374.mp4
cheerleader, https://media.signbsl.com/videos/asl/youtube/mp4/rejU07gDij8.mp4
cheerleader  strong supporter of a person organization or idea, NA
cheerleading, https://media.signbsl.com/videos/asl/youtube/mp4/o4k256g0CY8.mp4
cheerleading jump, https://media.signbsl.com/videos/asl/youtube/mp4/OK5tPda6nTU.mp4
cheerleading lift, https://media.signbsl.com/videos/asl/youtube/mp4/GhQn_g7h-tQ.mp4
cheerleading toss, https://media.signbsl.com/videos/asl/youtube/mp4/brOSRa973Gk.mp4
cheerless, https://media.signbsl.com/videos/asl/youtube/mp4/3xaTneNArVI.mp4
cheer up, https://media.signbsl.com/videos/asl/aslsearch/mp4/cheer.mp4
cheer up become happy, https://media.signbsl.com/videos/asl/youtube/mp4/e765doD-2oM.mp4
cheese, https://media.signbsl.com/videos/asl/startasl/mp4/cheese.mp4
cheeseboard, https://media.signbsl.com/videos/asl/youtube/mp4/_DiQaY2S0HI.mp4
cheeseburger, https://media.signbsl.com/videos/asl/aslsearch/mp4/cheeseburger.mp4
cheesecake, https://media.signbsl.com/videos/asl/youtube/mp4/xBlFUuFUIrU.mp4
cheesed off, https://media.signbsl.com/videos/asl/youtube/mp4/wFAg6lnwQ2Q.mp4
cheese it, https://media.signbsl.com/videos/asl/youtube/mp4/2OgXSR8-ecA.mp4
cheese sandwich, https://media.signbsl.com/videos/asl/aslsearch/mp4/cheese-sandwich.mp4
cheese tray, https://media.signbsl.com/videos/asl/youtube/mp4/_DiQaY2S0HI.mp4
cheesier, https://media.signbsl.com/videos/asl/youtube/mp4/0h-2jKfjACw.mp4
cheesiness, https://media.signbsl.com/videos/asl/youtube/mp4/rw8iTAi_THU.mp4
cheesy cheesier cheesiest cheese, https://media.signbsl.com/videos/asl/youtube/mp4/RFoZtlBvDH4.mp4
cheetah, https://player.vimeo.com/external/395743391.sd.mp4?s=d6ecb2994a17f1b54bd0a4c7c0199d0ff8539571&profile_id=164
chef, https://media.signbsl.com/videos/asl/aslsearch/mp4/chef.mp4
chef doeuvre, https://media.signbsl.com/videos/asl/youtube/mp4/GO_RUUt1dnc.mp4
chemic, https://player.vimeo.com/external/395743515.sd.mp4?s=f2d513358cce636d7520d30db5a68dd1323dff17&profile_id=164
chemical, https://player.vimeo.com/external/395743515.sd.mp4?s=f2d513358cce636d7520d30db5a68dd1323dff17&profile_id=164
chemical attraction, https://media.signbsl.com/videos/asl/youtube/mp4/1sdhvxVWGBs.mp4
chemical bond, https://media.signbsl.com/videos/asl/aslsearch/mp4/bond.mp4
chemical compound, https://media.signbsl.com/videos/asl/youtube/mp4/2W4R4moV4uU.mp4
chemical equilibrium, https://media.signbsl.com/videos/asl/youtube/mp4/Iih03ONr9Io.mp4
chemical mechanism, https://media.signbsl.com/videos/asl/youtube/mp4/PMknY0H2Nqw.mp4
chemical reaction, https://media.signbsl.com/videos/asl/deaftec/mp4/1355.mp4
chemical science, https://media.signbsl.com/videos/asl/startasl/mp4/chemistry.mp4
chemise, https://media.signbsl.com/videos/asl/youtube/mp4/thH8DjKhJeg.mp4
chemist, https://media.signbsl.com/videos/asl/youtube/mp4/rfHxXHcNFw8.mp4
chemistry, https://media.signbsl.com/videos/asl/startasl/mp4/chemistry.mp4
chemists, https://media.signbsl.com/videos/asl/aslsearch/mp4/pharmacy.mp4
chemists shop, https://media.signbsl.com/videos/asl/aslsearch/mp4/pharmacy.mp4
chemotherapy, https://media.signbsl.com/videos/asl/youtube/mp4/3B8fN1gw4UQ.mp4
cheque, https://media.signbsl.com/videos/asl/aslsearch/mp4/check.mp4
cheque check, https://player.vimeo.com/external/395743662.sd.mp4?s=8c9e013a276098fc2ce335dfd8f7a80ed1b70125&profile_id=164
chequered, https://media.signbsl.com/videos/asl/youtube/mp4/h5rEjUVd7HA.mp4
cherish, https://media.signbsl.com/videos/asl/aslsearch/mp4/cherish.mp4
Cherokee, https://player.vimeo.com/external/395744531.sd.mp4?s=0abbbddcae238f8b3f6446405284eac3c556452e&profile_id=164
cheroot, https://media.signbsl.com/videos/asl/youtube/mp4/8mtJtG442-o.mp4
cherry, https://media.signbsl.com/videos/asl/aslsignbank/mp4/CHERRY-1982.mp4
cherry blossom, https://player.vimeo.com/external/395744722.sd.mp4?s=55435f654b6fcb05283d9fc4d5531b4dc739497b&profile_id=164
cherry pick, https://player.vimeo.com/external/395744980.sd.mp4?s=8dfb14cd428e4cc67af0e9fbae29fb8308528732&profile_id=164
cherry red, https://media.signbsl.com/videos/asl/startasl/mp4/red.mp4
chess, https://player.vimeo.com/external/395745294.sd.mp4?s=74d4d73db5d682c2f51f8d93e6a7c46620d3e8ed&profile_id=164
chessboard, https://media.signbsl.com/videos/asl/youtube/mp4/sVEmGJ7rBdw.mp4
chess game, https://player.vimeo.com/external/395745294.sd.mp4?s=74d4d73db5d682c2f51f8d93e6a7c46620d3e8ed&profile_id=164
chest, https://media.signbsl.com/videos/asl/aslsearch/mp4/chest.mp4
chesterfield, https://media.signbsl.com/videos/asl/youtube/mp4/f-vfyW1oy6k.mp4
chestful, https://media.signbsl.com/videos/asl/youtube/mp4/Lc1HOogE7qQ.mp4
chestnut, https://media.signbsl.com/videos/asl/aslsearch/mp4/chestnut.mp4
chest of drawers, https://media.signbsl.com/videos/asl/startasl/mp4/dresser.mp4
chesty, https://media.signbsl.com/videos/asl/startasl/mp4/arrogant.mp4
chetah, https://player.vimeo.com/external/395743391.sd.mp4?s=d6ecb2994a17f1b54bd0a4c7c0199d0ff8539571&profile_id=164
chevrolet, https://player.vimeo.com/external/395745335.sd.mp4?s=493074c6c6c787a5a76b58b2b7afb66f532829ae&profile_id=164
chevron, https://media.signbsl.com/videos/asl/youtube/mp4/_LJ5TJ7-WFE.mp4
chevvy, https://player.vimeo.com/external/392414900.sd.mp4?s=597521931ac36aea6d75a430e51c495872dba2b8&profile_id=164
chevy, https://player.vimeo.com/external/392414900.sd.mp4?s=597521931ac36aea6d75a430e51c495872dba2b8&profile_id=164
chew, https://media.signbsl.com/videos/asl/aslsignbank/mp4/CHEW-718.mp4
chew awaychew off, https://media.signbsl.com/videos/asl/youtube/mp4/FShU6M1spfA.mp4
chewer, https://media.signbsl.com/videos/asl/youtube/mp4/6tIZ3ZWQHFU.mp4
chewier, https://media.signbsl.com/videos/asl/youtube/mp4/4e0FLZFutpw.mp4
chewiness, https://media.signbsl.com/videos/asl/youtube/mp4/dxOiLDNuzQ4.mp4
chewing out, https://media.signbsl.com/videos/asl/youtube/mp4/JtJroY6PzhY.mp4
chew out, https://media.signbsl.com/videos/asl/startasl/mp4/yell.mp4
chew over, https://media.signbsl.com/videos/asl/signlanguagestudent/mp4/ponder.mp4
chew the fat, https://media.signbsl.com/videos/asl/startasl/mp4/gossip.mp4
chew up, https://media.signbsl.com/videos/asl/startasl/mp4/yell.mp4
chew up bite, https://media.signbsl.com/videos/asl/youtube/mp4/htD8bqnBB8Q.mp4
chew up destroy, https://media.signbsl.com/videos/asl/youtube/mp4/3OaePYRHFag.mp4
Cheyenne, https://media.signbsl.com/videos/asl/uploads/mp4/user_upload60174cba0e0982.81413363.mp4
chi, https://player.vimeo.com/external/395745401.sd.mp4?s=4ce4b25e44d7dd67f311d12bc55e4f859d3f4a03&profile_id=164
chic, https://media.signbsl.com/videos/asl/mariekatzenbachschool/mp4/smart.mp4
Chicago, https://media.signbsl.com/videos/asl/youtube/mp4/s99BIEoZqeI.mp4
chicane, https://media.signbsl.com/videos/asl/youtube/mp4/qW_jfnDCcvQ.mp4
chicane raise trivial objections, https://media.signbsl.com/videos/asl/youtube/mp4/K4qS2-qFlVo.mp4
chicanery, https://media.signbsl.com/videos/asl/youtube/mp4/qW_jfnDCcvQ.mp4
chicer, https://media.signbsl.com/videos/asl/youtube/mp4/hJPLmn9Ds1c.mp4
chicha, https://player.vimeo.com/external/392184956.sd.mp4?s=0762a602630e6028ed32858ede539cd50493dc11&profile_id=164
chichi, https://media.signbsl.com/videos/asl/youtube/mp4/RsCh1dQfS4g.mp4
chick, https://media.signbsl.com/videos/asl/youtube/mp4/RolzjzRBDrE.mp4
chicken, https://media.signbsl.com/videos/asl/startasl/mp4/chicken.mp4
chicken childrens game, https://media.signbsl.com/videos/asl/youtube/mp4/eYvy2oOkdb4.mp4
chickenfeed, https://media.signbsl.com/videos/asl/youtube/mp4/FyIw6twg1XE.mp4
chicken groups or countries or people threaten each other, https://media.signbsl.com/videos/asl/youtube/mp4/bac1G3SNU9Y.mp4
chid, https://media.signbsl.com/videos/asl/youtube/mp4/-I7tjCA3WG8.mp4
chide, https://media.signbsl.com/videos/asl/startasl/mp4/yell.mp4
chief, https://media.signbsl.com/videos/asl/signlanguagestudent/mp4/chief.mp4
chief chiefer chiefest, https://media.signbsl.com/videos/asl/youtube/mp4/ggxKuUcKU5k.mp4
chief cook and bottle washer, https://media.signbsl.com/videos/asl/youtube/mp4/JiV2ywWmugI.mp4
chief initialized, https://media.signbsl.com/videos/asl/signlanguagestudent/mp4/chief%20(initialized).mp4
chiefly, https://media.signbsl.com/videos/asl/youtube/mp4/3vzDn9ZMq1U.mp4
chieftain, https://media.signbsl.com/videos/asl/aslsearch/mp4/captain.mp4
chifforobe, https://media.signbsl.com/videos/asl/aslsignbank/mp4/DRESSER-1278.mp4
Chihuahua, https://media.signbsl.com/videos/asl/youtube/mp4/i3ikpc4po1o.mp4
child, https://media.signbsl.com/videos/asl/startasl/mp4/children.mp4
childbearing, https://player.vimeo.com/external/395745664.sd.mp4?s=cb72aa35517311980285c3543d70aff82e80d973&profile_id=164
childbirth, https://player.vimeo.com/external/395745664.sd.mp4?s=cb72aa35517311980285c3543d70aff82e80d973&profile_id=164
child care, https://media.signbsl.com/videos/asl/youtube/mp4/dppns6adhYY.mp4
childcare, https://media.signbsl.com/videos/asl/youtube/mp4/dppns6adhYY.mp4
childhood, https://media.signbsl.com/videos/asl/aslsignbank/mp4/CHILDREN-76.mp4
childish, https://player.vimeo.com/external/395745700.sd.mp4?s=9e5ab7be4cbf702045595791ba5e9fc845b81e69&profile_id=164
childless, https://media.signbsl.com/videos/asl/youtube/mp4/LbqsOa1sTqk.mp4
child molester, https://media.signbsl.com/videos/asl/youtube/mp4/JKK-ijrSjvY.mp4
child of deaf adult, https://player.vimeo.com/external/391390850.sd.mp4?s=2da3b2be6760dfc264bd09026e8568c6ca5e9325&profile_id=164
childproof, https://media.signbsl.com/videos/asl/youtube/mp4/VaoESw2sQ4c.mp4
children, https://media.signbsl.com/videos/asl/startasl/mp4/children.mp4
childs play, https://media.signbsl.com/videos/asl/aslsignbank/mp4/TRITE-2362.mp4
Chile, https://player.vimeo.com/external/395745769.sd.mp4?s=94a9bce9721546a2c780d2891a1eb5eccae4abd7&profile_id=164
chili, https://player.vimeo.com/external/395745769.sd.mp4?s=94a9bce9721546a2c780d2891a1eb5eccae4abd7&profile_id=164
chili pepper, https://player.vimeo.com/external/395745769.sd.mp4?s=94a9bce9721546a2c780d2891a1eb5eccae4abd7&profile_id=164
chill, https://media.signbsl.com/videos/asl/aslsignbank/mp4/COLD-432.mp4
chiller, https://media.signbsl.com/videos/asl/youtube/mp4/x6thaq5cYbU.mp4
chilli, https://player.vimeo.com/external/395745769.sd.mp4?s=94a9bce9721546a2c780d2891a1eb5eccae4abd7&profile_id=164
chilliness, https://media.signbsl.com/videos/asl/youtube/mp4/aWjgROD_m7s.mp4
chilling, https://media.signbsl.com/videos/asl/youtube/mp4/GGia-_aStrg.mp4
chill out, https://media.signbsl.com/videos/asl/aslsignbank/mp4/E(calm-down)-1908.mp4
chilly, https://player.vimeo.com/external/395745769.sd.mp4?s=94a9bce9721546a2c780d2891a1eb5eccae4abd7&profile_id=164
chimaera, https://media.signbsl.com/videos/asl/youtube/mp4/IMVnG0NAaXc.mp4
chime, https://media.signbsl.com/videos/asl/youtube/mp4/FVPOQxMa86c.mp4
chime in, https://player.vimeo.com/external/391213445.sd.mp4?s=ec08a8328e34f17bb14ef623900ddd399b787446&profile_id=164
chime inchip in, https://media.signbsl.com/videos/asl/youtube/mp4/MlXjXSw-1gU.mp4
chimera, https://media.signbsl.com/videos/asl/youtube/mp4/IMVnG0NAaXc.mp4
chimney, https://media.signbsl.com/videos/asl/aslsearch/mp4/chimney.mp4
chimp, https://media.signbsl.com/videos/asl/aslsearch/mp4/chimpanzee.mp4
chimpanzee, https://media.signbsl.com/videos/asl/aslsearch/mp4/chimpanzee.mp4
chin, https://media.signbsl.com/videos/asl/aslsearch/mp4/chin.mp4
China, https://media.signbsl.com/videos/asl/startasl/mp4/china.mp4
Chinaman, https://media.signbsl.com/videos/asl/youtube/mp4/kKqVQaMQ20Y.mp4
chinch, https://media.signbsl.com/videos/asl/youtube/mp4/U-B87an-HzY.mp4
chinchy, https://media.signbsl.com/videos/asl/youtube/mp4/z4dRfwcMaJ4.mp4
Chinese, https://player.vimeo.com/external/392649673.sd.mp4?s=9406766e250436ff10bab51e4d9c1b3d484060c5&profile_id=164
chinese characters, https://player.vimeo.com/external/395746960.sd.mp4?s=16c298b7c2174602258adc777118b9dc361c5d48&profile_id=164
chinese new year, https://player.vimeo.com/external/392649650.sd.mp4?s=dac3edb8d49486425b0252093d763db425ba3925&profile_id=164
chink, https://media.signbsl.com/videos/asl/youtube/mp4/kKqVQaMQ20Y.mp4
chinless, https://media.signbsl.com/videos/asl/youtube/mp4/aPfMmDtS0tg.mp4
chin strap, https://player.vimeo.com/external/395746992.sd.mp4?s=7505fb7ae7dd26dea2bbcadd3ea751b4be81aa8b&profile_id=164
chinstrap, https://player.vimeo.com/external/395746992.sd.mp4?s=7505fb7ae7dd26dea2bbcadd3ea751b4be81aa8b&profile_id=164
chintzy, https://media.signbsl.com/videos/asl/youtube/mp4/z4dRfwcMaJ4.mp4
chin uppull up, https://media.signbsl.com/videos/asl/youtube/mp4/Vi1wambY2jo.mp4
chin wag, https://media.signbsl.com/videos/asl/youtube/mp4/3hA2liUUPTI.mp4
chin wagging, https://media.signbsl.com/videos/asl/youtube/mp4/3hA2liUUPTI.mp4
chip, https://media.signbsl.com/videos/asl/aslsearch/mp4/chip.mp4
chip awaychip away at chip, https://media.signbsl.com/videos/asl/youtube/mp4/rXyTktE34TY.mp4
chip awaychip away at reduce, https://media.signbsl.com/videos/asl/youtube/mp4/Tv1MmW_bXok.mp4
chip golf, https://media.signbsl.com/videos/asl/youtube/mp4/R1wDLjueIFs.mp4
chip in, https://player.vimeo.com/external/395747022.sd.mp4?s=88cc2d5560f9f28c1ab1a0a9a3ec47d21c7d600a&profile_id=164
chip in multiple people, https://player.vimeo.com/external/395747022.sd.mp4?s=88cc2d5560f9f28c1ab1a0a9a3ec47d21c7d600a&profile_id=164
chipmunk, https://media.signbsl.com/videos/asl/aslsearch/mp4/chipmunk.mp4
chip off the old block, https://media.signbsl.com/videos/asl/youtube/mp4/PtMzPT4cqKA.mp4
chip on your shoulder, https://media.signbsl.com/videos/asl/youtube/mp4/8tMBo7myvaA.mp4
chipotle, https://media.signbsl.com/videos/asl/youtube/mp4/NyT-46QCeNk.mp4
Chippendale, https://player.vimeo.com/external/395747053.sd.mp4?s=6229e8d159975413d506d2b6888a893e2f6ec0f8&profile_id=164
chipper, https://media.signbsl.com/videos/asl/youtube/mp4/VZA8Crmd2rc.mp4
chip shot, https://media.signbsl.com/videos/asl/youtube/mp4/R1wDLjueIFs.mp4
chipshot chip shot something easy to accomplish, https://media.signbsl.com/videos/asl/youtube/mp4/8rCtDMSCgJ0.mp4
chirk up, https://media.signbsl.com/videos/asl/aslsearch/mp4/cheer.mp4
chirography, https://media.signbsl.com/videos/asl/youtube/mp4/lEVIxPjsXZs.mp4
chiropodist, https://media.signbsl.com/videos/asl/youtube/mp4/NhQCZLkFoD4.mp4
chiropody, https://media.signbsl.com/videos/asl/youtube/mp4/qVopzoEER5g.mp4
chiropractic, https://media.signbsl.com/videos/asl/youtube/mp4/kh3HyRM0c6o.mp4
chiropractor, https://media.signbsl.com/videos/asl/aslsearch/mp4/chiropractor.mp4
chiropteran, https://media.signbsl.com/videos/asl/aslsignbank/mp4/VAMPIRE-1371.mp4
chirp, https://media.signbsl.com/videos/asl/youtube/mp4/Zh5E1d7l7Xc.mp4
chirpily, https://media.signbsl.com/videos/asl/youtube/mp4/Bk-FH-vZgFA.mp4
chirrup, https://media.signbsl.com/videos/asl/youtube/mp4/Zh5E1d7l7Xc.mp4
chisel, https://media.signbsl.com/videos/asl/AustinCommunityCollege/mp4/weld_chisel_.mp4
chiseler, https://media.signbsl.com/videos/asl/youtube/mp4/4XE_iwb-gT0.mp4
chisel in, https://player.vimeo.com/external/391213445.sd.mp4?s=ec08a8328e34f17bb14ef623900ddd399b787446&profile_id=164
chiseller, https://media.signbsl.com/videos/asl/youtube/mp4/4XE_iwb-gT0.mp4
chit chat, https://media.signbsl.com/videos/asl/startasl/mp4/gossip.mp4
chitchat, https://media.signbsl.com/videos/asl/startasl/mp4/gossip.mp4
chivalric, https://media.signbsl.com/videos/asl/youtube/mp4/HSz39v5Eva8.mp4
chivalrous, https://media.signbsl.com/videos/asl/youtube/mp4/PQ-FnBTjzKw.mp4
chivied, https://media.signbsl.com/videos/asl/youtube/mp4/LTup5tIigKo.mp4
chivvy, https://player.vimeo.com/external/392414900.sd.mp4?s=597521931ac36aea6d75a430e51c495872dba2b8&profile_id=164
chivy, https://player.vimeo.com/external/392414900.sd.mp4?s=597521931ac36aea6d75a430e51c495872dba2b8&profile_id=164
chlamydia, https://media.signbsl.com/videos/asl/youtube/mp4/CmiNebip3FM.mp4
chlorinate, https://media.signbsl.com/videos/asl/youtube/mp4/kNESDdnplhk.mp4
chlorine, https://media.signbsl.com/videos/asl/youtube/mp4/wLQdXwjaW8I.mp4
chloroform, https://media.signbsl.com/videos/asl/youtube/mp4/ANXHmW8fNjE.mp4
chock, https://media.signbsl.com/videos/asl/youtube/mp4/zhBqDlnZoIg.mp4
chock a block, https://media.signbsl.com/videos/asl/youtube/mp4/zhBqDlnZoIg.mp4
chocoholic, https://media.signbsl.com/videos/asl/youtube/mp4/S8c_pP-aphw.mp4
chocolate, https://media.signbsl.com/videos/asl/aslsignbank/mp4/CHOCOLATE-77.mp4
chocolate candy, https://media.signbsl.com/videos/asl/aslsignbank/mp4/CHOCOLATE-CANDY-3082.mp4
chocolate chip, https://media.signbsl.com/videos/asl/youtube/mp4/t5GOMVfs55A.mp4
choice, https://media.signbsl.com/videos/asl/aslsignbank/mp4/OPTION-1533.mp4
choice choicer choicest best, https://media.signbsl.com/videos/asl/youtube/mp4/xNIhvp3Tlvk.mp4
choice morsel, https://media.signbsl.com/videos/asl/youtube/mp4/XsMCXXmOL-M.mp4
choice of words, https://media.signbsl.com/videos/asl/youtube/mp4/QrJDaf7cGnw.mp4
choir, https://media.signbsl.com/videos/asl/startasl/mp4/choir.mp4
choirboy, https://media.signbsl.com/videos/asl/youtube/mp4/6-MsGlSaR9Y.mp4
choirmaster, https://media.signbsl.com/videos/asl/youtube/mp4/MtUSslPj0S8.mp4
choke, https://media.signbsl.com/videos/asl/aslsignbank/mp4/STRANGLE-1129.mp4
choke off, https://media.signbsl.com/videos/asl/youtube/mp4/rTthqSqbXVs.mp4
choke out plants, https://media.signbsl.com/videos/asl/youtube/mp4/MdtvtYq1vxY.mp4
chokepoint, https://media.signbsl.com/videos/asl/youtube/mp4/NNu0g4kmihU.mp4
choker, https://player.vimeo.com/external/395747285.sd.mp4?s=26f767733765852dec8e7c5c2aadf0cc544e43d9&profile_id=164
choke up bat, https://media.signbsl.com/videos/asl/youtube/mp4/Mm8wHmb3LTw.mp4
choke up emotions, https://media.signbsl.com/videos/asl/youtube/mp4/5fS2tzaj4xE.mp4
choler, https://media.signbsl.com/videos/asl/aslsignbank/mp4/ANGRY-15.mp4
cholesterin, https://media.signbsl.com/videos/asl/youtube/mp4/gyD-zCzJOtY.mp4
cholesterol, https://media.signbsl.com/videos/asl/youtube/mp4/gyD-zCzJOtY.mp4
choose, https://media.signbsl.com/videos/asl/elementalaslconcepts/mp4/select.mp4
chooser, https://media.signbsl.com/videos/asl/youtube/mp4/Gx9a_EF3xmg.mp4
choose up, https://media.signbsl.com/videos/asl/youtube/mp4/-urxYuMRNAk.mp4
choosey, https://media.signbsl.com/videos/asl/youtube/mp4/85lG5c1UyUA.mp4
choosier, https://media.signbsl.com/videos/asl/youtube/mp4/UvOALg_2kbc.mp4
choosy, https://media.signbsl.com/videos/asl/youtube/mp4/85lG5c1UyUA.mp4
chop, https://media.signbsl.com/videos/asl/aslsignbank/mp4/CHOP-78.mp4
chop and change, https://media.signbsl.com/videos/asl/youtube/mp4/Ksj-kX14eiY.mp4
chop block football, https://media.signbsl.com/videos/asl/youtube/mp4/TlPZPeHctrc.mp4
chop chop, https://media.signbsl.com/videos/asl/youtube/mp4/-dBM8Wo-on0.mp4
chop down, https://media.signbsl.com/videos/asl/youtube/mp4/ckGXg_dLj7o.mp4
chop downcut down, https://media.signbsl.com/videos/asl/youtube/mp4/2pUiIH5DnhQ.mp4
chopfallen, https://player.vimeo.com/external/392670638.sd.mp4?s=9dc55e1f5f6beaa81980dc5f63dd47437d229f5f&profile_id=164
chophouse, https://media.signbsl.com/videos/asl/youtube/mp4/V2YKwwioQn4.mp4
chop off, https://media.signbsl.com/videos/asl/youtube/mp4/sPe_kRajjZc.mp4
chopper, https://media.signbsl.com/videos/asl/aslsignbank/mp4/HELICOPTER-1770.mp4
choppers, https://media.signbsl.com/videos/asl/aslsignbank/mp4/HELICOPTER-1770.mp4
choppily, https://media.signbsl.com/videos/asl/youtube/mp4/H9YdkXOCAGY.mp4
chopstick, https://player.vimeo.com/external/395747480.sd.mp4?s=bb3010f9039c425ad06c2aed93213e16b2284446&profile_id=164
chopsticks, https://player.vimeo.com/external/395747480.sd.mp4?s=bb3010f9039c425ad06c2aed93213e16b2284446&profile_id=164
chop up, https://media.signbsl.com/videos/asl/aslsignbank/mp4/CHOP-78.mp4
chord, https://media.signbsl.com/videos/asl/youtube/mp4/FVc0roL7qqo.mp4
chordate, https://media.signbsl.com/videos/asl/youtube/mp4/W0ek1rKlp7k.mp4
chore, https://media.signbsl.com/videos/asl/aslsignbank/mp4/DUTY-1283.mp4
choreograph, https://media.signbsl.com/videos/asl/youtube/mp4/4Rpa4wl0zTk.mp4
choreograph carefully plan or organize a complicated event or activity, https://media.signbsl.com/videos/asl/youtube/mp4/b9-mxvtiJEo.mp4
choreographer, https://media.signbsl.com/videos/asl/youtube/mp4/6ULTrhyn-O0.mp4
chorine, https://media.signbsl.com/videos/asl/youtube/mp4/gfMZ0njJ034.mp4
chortle, https://media.signbsl.com/videos/asl/aslsignbank/mp4/LAUGH-380.mp4
chortler, https://media.signbsl.com/videos/asl/youtube/mp4/yrq-7a4nLq0.mp4
chorus, https://media.signbsl.com/videos/asl/aslsearch/mp4/chorus.mp4
chorus girl, https://media.signbsl.com/videos/asl/youtube/mp4/gfMZ0njJ034.mp4
chorus group of people expressing the same opinion, https://media.signbsl.com/videos/asl/youtube/mp4/wtbm7tkCpdU.mp4
chosen, https://media.signbsl.com/videos/asl/youtube/mp4/q_hSPCb5hjc.mp4
chosen family, https://media.signbsl.com/videos/asl/youtube/mp4/qMTN8e4n4PM.mp4
Choson, https://media.signbsl.com/videos/asl/startasl/mp4/korea.mp4
chou, https://media.signbsl.com/videos/asl/aslsearch/mp4/cabbage.mp4
chouse, https://media.signbsl.com/videos/asl/youtube/mp4/Wlcgdo6Wpsg.mp4
chowder, https://media.signbsl.com/videos/asl/youtube/mp4/K4K1D1zKWA0.mp4
chretien jean, https://player.vimeo.com/external/395747555.sd.mp4?s=58b66837419eb72f0faa1fdf4a3774899941b17b&profile_id=164
chrisianizes, https://media.signbsl.com/videos/asl/youtube/mp4/ZphRh93hAjE.mp4
Christ, https://media.signbsl.com/videos/asl/startasl/mp4/jesus.mp4
Christ-like, https://media.signbsl.com/videos/asl/ids/mp4/2013-11-830-christ-like-1500k-ase.mp4
christchurch new zealand, https://player.vimeo.com/external/395747865.sd.mp4?s=67b09040862b54a8e2b982f778f1d9b69e72b641&profile_id=164
christen, https://media.signbsl.com/videos/asl/aslsearch/mp4/annunciation.mp4
Christian, https://media.signbsl.com/videos/asl/startasl/mp4/christian.mp4
Christian Bible, https://media.signbsl.com/videos/asl/startasl/mp4/bible.mp4
Christianity, https://media.signbsl.com/videos/asl/youtube/mp4/knMGDCn2tw4.mp4
christianize cause become like christian, https://media.signbsl.com/videos/asl/youtube/mp4/1mOh93-9IfU.mp4
christianlike, https://media.signbsl.com/videos/asl/youtube/mp4/Zd0JwCR2J7g.mp4
Christian religion, https://media.signbsl.com/videos/asl/youtube/mp4/knMGDCn2tw4.mp4
christlike, https://media.signbsl.com/videos/asl/ids/mp4/2013-11-830-christ-like-1500k-ase.mp4
christly, https://media.signbsl.com/videos/asl/ids/mp4/2013-11-830-christ-like-1500k-ase.mp4
Christmas, https://media.signbsl.com/videos/asl/startasl/mp4/christmas.mp4
Christmas Day, https://media.signbsl.com/videos/asl/startasl/mp4/christmas.mp4
Christmas Eve, https://player.vimeo.com/external/392649695.sd.mp4?s=52c7bc27a1dba1adca76a149149788568d03ddc0&profile_id=164
Christmas flower, https://player.vimeo.com/external/392700394.sd.mp4?s=3ce5c289e45d969f63c0c94d02bb1b0e025d4ef8&profile_id=164
christmas lights, https://media.signbsl.com/videos/asl/mariekatzenbachschool/mp4/Christmas%20lights.mp4
Christmas star, https://player.vimeo.com/external/392700394.sd.mp4?s=3ce5c289e45d969f63c0c94d02bb1b0e025d4ef8&profile_id=164
Christmas stocking, https://media.signbsl.com/videos/asl/mariekatzenbachschool/mp4/Christmas%20stocking.mp4
Christmas tree, https://player.vimeo.com/external/395748770.sd.mp4?s=393eb91035bf2b402b9401c951a5c09b1ef02186&profile_id=164
christmas wreath, https://player.vimeo.com/external/392649712.sd.mp4?s=d652dd6cfc5dcdc2d57c54226ee5a96514ba8304&profile_id=164
Christs Resurrection, https://media.signbsl.com/videos/asl/ids/mp4/2013-11-4130-resurrection-1500k-ase.mp4
chroma, https://media.signbsl.com/videos/asl/youtube/mp4/3NYEzXNfkR0.mp4
chromatography, https://media.signbsl.com/videos/asl/youtube/mp4/Cev-qCT-Okg.mp4
chromatography column, https://media.signbsl.com/videos/asl/elementalaslconcepts/mp4/column.mp4
chrome, https://media.signbsl.com/videos/asl/youtube/mp4/jYwfnXZVCEQ.mp4
christmas wreath, https://player.vimeo.com/external/392649712.sd.mp4?s=d652dd6cfc5dcdc2d57c54226ee5a96514ba8304&profile_id=164
Christs Resurrection, https://media.signbsl.com/videos/asl/ids/mp4/2013-11-4130-resurrection-1500k-ase.mp4
chroma, https://media.signbsl.com/videos/asl/youtube/mp4/3NYEzXNfkR0.mp4
chromatography, https://media.signbsl.com/videos/asl/youtube/mp4/Cev-qCT-Okg.mp4
chromatography column, https://media.signbsl.com/videos/asl/elementalaslconcepts/mp4/column.mp4
chrome, https://media.signbsl.com/videos/asl/youtube/mp4/jYwfnXZVCEQ.mp4
chromium steel, https://media.signbsl.com/videos/asl/AustinCommunityCollege/mp4/weld_stainless_steel_.mp4
chromolly, https://media.signbsl.com/videos/asl/AustinCommunityCollege/mp4/weld_chromolly_.mp4
chromosomal, https://media.signbsl.com/videos/asl/youtube/mp4/dG9-6pMiYxs.mp4
chromosomal mutation, https://media.signbsl.com/videos/asl/deaftec/mp4/1403.mp4
chromosome, https://media.signbsl.com/videos/asl/deaftec/mp4/1356.mp4
chromosome mapping, https://media.signbsl.com/videos/asl/youtube/mp4/9_eD8-Ytc18.mp4
chronic, https://player.vimeo.com/external/395749093.sd.mp4?s=56faae2a92219ffe5d3e79a9e76a386dba6602e1&profile_id=164
chronicler, https://media.signbsl.com/videos/asl/youtube/mp4/ik-XDWlCJdw.mp4
chronograph, https://media.signbsl.com/videos/asl/youtube/mp4/3HHGk7nw40Y.mp4
chronological, https://media.signbsl.com/videos/asl/youtube/mp4/CCU2vqo0g9k.mp4
chronological record, https://media.signbsl.com/videos/asl/youtube/mp4/gxLskNwH9Ac.mp4
chronologist, https://media.signbsl.com/videos/asl/youtube/mp4/NPPnvEjzdHY.mp4
chronology, https://media.signbsl.com/videos/asl/elementalaslconcepts/mp4/chronology.mp4
chrysalis, https://media.signbsl.com/videos/asl/elementalaslconcepts/mp4/chrysalis.mp4
chubbierdumpierchubbiestdumpiest, https://media.signbsl.com/videos/asl/youtube/mp4/Yvh2CR037aM.mp4
chubbiness, https://media.signbsl.com/videos/asl/youtube/mp4/IvIrA8xboHE.mp4
chubby, https://media.signbsl.com/videos/asl/aslsearch/mp4/chubby.mp4
chuck, https://media.signbsl.com/videos/asl/startasl/mp4/throw-up.mp4
chucker out, https://media.signbsl.com/videos/asl/youtube/mp4/lkvSXHipL8Y.mp4
chuckhole, https://media.signbsl.com/videos/asl/youtube/mp4/t56jljv_Lq0.mp4
chuckle, https://media.signbsl.com/videos/asl/aslsignbank/mp4/LAUGH-380.mp4
chuck out, https://media.signbsl.com/videos/asl/startasl/mp4/discard.mp4
chuck up the sponge, https://media.signbsl.com/videos/asl/aslsignbank/mp4/QUIT-786.mp4
chug, https://player.vimeo.com/external/395749706.sd.mp4?s=d99327c002bb0437d00edb7b6cd89b7a6124aced&profile_id=164
chum, https://media.signbsl.com/videos/asl/youtube/mp4/gdF3X4a6A4g.mp4
chummier, https://media.signbsl.com/videos/asl/youtube/mp4/cKCybKBDqBw.mp4
chummily, https://media.signbsl.com/videos/asl/youtube/mp4/lMVfokb4b7w.mp4
chumminess, https://media.signbsl.com/videos/asl/youtube/mp4/rrWi5X90TCQ.mp4
chump, https://media.signbsl.com/videos/asl/youtube/mp4/sq_WJH8Guds.mp4
chump change, https://media.signbsl.com/videos/asl/youtube/mp4/FyIw6twg1XE.mp4
chum up, https://media.signbsl.com/videos/asl/aslsearch/mp4/pal.mp4
chunk, https://player.vimeo.com/external/395749789.sd.mp4?s=437cf602c02da25ef0cb7326b724253e804ad46a&profile_id=164
chunkier, https://media.signbsl.com/videos/asl/youtube/mp4/zo6vh_NZzeY.mp4
chunkiness, https://media.signbsl.com/videos/asl/youtube/mp4/-viO11GBFrY.mp4
church, https://media.signbsl.com/videos/asl/startasl/mp4/church.mp4
church building, https://media.signbsl.com/videos/asl/startasl/mp4/church.mp4
church discipline, https://media.signbsl.com/videos/asl/valleybible/mp4/Church%20Discipline.mp4
churchgoer, https://media.signbsl.com/videos/asl/youtube/mp4/iutwmFyXQMs.mp4
church history, https://media.signbsl.com/videos/asl/valleybible/mp4/Church%20History.mp4
church leadership, https://media.signbsl.com/videos/asl/valleybible/mp4/Church%20Leadership.mp4
churchman, https://media.signbsl.com/videos/asl/youtube/mp4/BZXj6zwvF4k.mp4
church member, https://media.signbsl.com/videos/asl/youtube/mp4/iutwmFyXQMs.mp4
church split, https://media.signbsl.com/videos/asl/valleybible/mp4/Church%20split.mp4
churchwarden, https://media.signbsl.com/videos/asl/youtube/mp4/nRvCXqkQl90.mp4
churchwoman, https://media.signbsl.com/videos/asl/youtube/mp4/a6RzOr6ySnU.mp4
churchyard, https://media.signbsl.com/videos/asl/youtube/mp4/lv1ma2i29nQ.mp4
churl, https://media.signbsl.com/videos/asl/youtube/mp4/JDGo2z30aco.mp4
churn, https://media.signbsl.com/videos/asl/youtube/mp4/lc0Nv7aKK7I.mp4
churning, https://media.signbsl.com/videos/asl/youtube/mp4/XHLD5PjKbUE.mp4
churn out, https://media.signbsl.com/videos/asl/youtube/mp4/obZKPHZNc8w.mp4
churn up, https://media.signbsl.com/videos/asl/youtube/mp4/Epf1VkNjY7w.mp4
churrigueresco, https://media.signbsl.com/videos/asl/youtube/mp4/NeiHhPdI8dY.mp4
churrigueresque, https://media.signbsl.com/videos/asl/youtube/mp4/NeiHhPdI8dY.mp4
chute, https://media.signbsl.com/videos/asl/aslsearch/mp4/parachute.mp4
chute the chute, https://media.signbsl.com/videos/asl/aslsearch/mp4/roller-coaster.mp4
chyme, https://media.signbsl.com/videos/asl/youtube/mp4/Q8sJtH2T7CM.mp4
chymosin, https://media.signbsl.com/videos/asl/youtube/mp4/OM3XZEiYgek.mp4
cicatrice, https://media.signbsl.com/videos/asl/aslsearch/mp4/scar.mp4
cicatrise, https://media.signbsl.com/videos/asl/youtube/mp4/CTZaZ_IroFU.mp4
cicatrix, https://media.signbsl.com/videos/asl/aslsearch/mp4/scar.mp4
cicatrize, https://media.signbsl.com/videos/asl/youtube/mp4/CTZaZ_IroFU.mp4
cider, https://media.signbsl.com/videos/asl/youtube/mp4/NUQicxpuYa4.mp4
cigar, https://media.signbsl.com/videos/asl/aslsignbank/mp4/CIGAR-2517.mp4
cigaret, https://media.signbsl.com/videos/asl/aslsignbank/mp4/CIGARETTE-2522.mp4
cigarette, https://media.signbsl.com/videos/asl/aslsignbank/mp4/CIGARETTE-2522.mp4
cigarette butt, https://player.vimeo.com/external/395755015.sd.mp4?s=44c394ac2cbd20116b805e753fe4c7bfafdb68c9&profile_id=164
cigarette lighter, https://media.signbsl.com/videos/asl/aslsignbank/mp4/LIGHTER-2301.mp4
cigar lighter, https://media.signbsl.com/videos/asl/aslsignbank/mp4/LIGHTER-2301.mp4
Cilia, https://media.signbsl.com/videos/asl/deaftec/mp4/1357.mp4
cilium, https://media.signbsl.com/videos/asl/aslsearch/mp4/eyelashes.mp4
cimarron, https://media.signbsl.com/videos/asl/youtube/mp4/201SV0UoxWs.mp4
Cimex lectularius, https://media.signbsl.com/videos/asl/youtube/mp4/U-B87an-HzY.mp4
cinch, https://media.signbsl.com/videos/asl/aslsignbank/mp4/TRITE-2362.mp4
Cinco De Mayo, https://player.vimeo.com/external/392649736.sd.mp4?s=25559518868a554fefc8bb9c7edd37df047541d6&profile_id=164
cincture, https://media.signbsl.com/videos/asl/aslsearch/mp4/sash.mp4
cinder, https://media.signbsl.com/videos/asl/youtube/mp4/9csNwci9kiw.mp4
Cinderella, https://media.signbsl.com/videos/asl/youtube/mp4/vYANKNzzCr4.mp4
cinema, https://media.signbsl.com/videos/asl/aslsearch/mp4/cinema.mp4
cinematographic, https://media.signbsl.com/videos/asl/youtube/mp4/8GlXfbriKfg.mp4
cinematography, https://media.signbsl.com/videos/asl/youtube/mp4/R-cawtEoknM.mp4
cipher, https://media.signbsl.com/videos/asl/aslsignbank/mp4/NONE-3092.mp4
circadian, https://media.signbsl.com/videos/asl/youtube/mp4/e3vnpKhAlHw.mp4
circle, https://media.signbsl.com/videos/asl/aslsignbank/mp4/CIRCLE-822.mp4
circle around loop around, https://media.signbsl.com/videos/asl/youtube/mp4/CPosXNzGuPE.mp4
circle graph, https://media.signbsl.com/videos/asl/tsdvideo/mp4/325.mp4
circle the drain, https://media.signbsl.com/videos/asl/youtube/mp4/HDMS6-ABkbQ.mp4
circle the wagons, https://media.signbsl.com/videos/asl/youtube/mp4/fECrn3CsoYc.mp4
circle time, https://media.signbsl.com/videos/asl/mariekatzenbachschool/mp4/circle%20time.mp4
circuit, https://media.signbsl.com/videos/asl/youtube/mp4/K5y9xE2xO7M.mp4
circuitous, https://media.signbsl.com/videos/asl/youtube/mp4/ht-bM10EyfE.mp4
circular, https://media.signbsl.com/videos/asl/youtube/mp4/0hzcQTiniS0.mp4
circular file, https://media.signbsl.com/videos/asl/youtube/mp4/8u3Z3D9Y4Cw.mp4
circular function, https://media.signbsl.com/videos/asl/tsdvideo/mp4/1513.mp4
circular functions, https://media.signbsl.com/videos/asl/tsdvideo/mp4/1513.mp4
circularise, https://media.signbsl.com/videos/asl/aslsearch/mp4/broadcast2.mp4
circularize, https://media.signbsl.com/videos/asl/aslsearch/mp4/broadcast2.mp4
circulate, https://media.signbsl.com/videos/asl/aslsearch/mp4/broadcast2.mp4
circulating decimal, https://media.signbsl.com/videos/asl/tsdvideo/mp4/573.mp4
circulation, https://media.signbsl.com/videos/asl/youtube/mp4/gQmVqzkuYbg.mp4
circulatory system, https://media.signbsl.com/videos/asl/deaftec/mp4/1350.mp4
circumboreal, https://media.signbsl.com/videos/asl/youtube/mp4/6tAr_dyxy4g.mp4
circumcenter, https://media.signbsl.com/videos/asl/youtube/mp4/pYcRARtky0s.mp4
circumcise, https://media.signbsl.com/videos/asl/youtube/mp4/fhbz9mx6J1k.mp4
circumcision, https://media.signbsl.com/videos/asl/aslsearch/mp4/circumcision.mp4
circumference, https://media.signbsl.com/videos/asl/tsdvideo/mp4/327.mp4
circumlocution, https://media.signbsl.com/videos/asl/youtube/mp4/Rwb8pNq29fA.mp4
circumnavigate, https://media.signbsl.com/videos/asl/youtube/mp4/Ron-FkuzNPY.mp4
circumpolar, https://media.signbsl.com/videos/asl/youtube/mp4/iMP0QoWswhU.mp4
circumscribe, https://media.signbsl.com/videos/asl/startasl/mp4/limit.mp4
circumstance, https://media.signbsl.com/videos/asl/aslsearch/mp4/circumstance.mp4
circumstances, https://media.signbsl.com/videos/asl/aslsearch/mp4/luck.mp4
circumvent, https://media.signbsl.com/videos/asl/youtube/mp4/tVkSgOZqRRM.mp4
circus, https://media.signbsl.com/videos/asl/aslsearch/mp4/circus.mp4
cirrhosis, https://media.signbsl.com/videos/asl/youtube/mp4/EigXYnh1MJc.mp4
cirrhosis of the liver, https://media.signbsl.com/videos/asl/youtube/mp4/EigXYnh1MJc.mp4
cirrus, https://media.signbsl.com/videos/asl/youtube/mp4/1mHm4JsDs3A.mp4
cissy, https://media.signbsl.com/videos/asl/youtube/mp4/UHrjZf2Xxu0.mp4
cistern, https://media.signbsl.com/videos/asl/youtube/mp4/SkN9vIF6UeY.mp4
cistron, https://media.signbsl.com/videos/asl/deaftec/mp4/1380.mp4
citation, https://media.signbsl.com/videos/asl/elementalaslconcepts/mp4/citation.mp4
cite, https://media.signbsl.com/videos/asl/aslsignbank/mp4/MENTION-1617.mp4
cities, https://media.signbsl.com/videos/asl/aslsignbank/mp4/CITY-551.mp4
citified, https://media.signbsl.com/videos/asl/youtube/mp4/QPTHSzfM1V0.mp4
citizen, https://media.signbsl.com/videos/asl/elementalaslconcepts/mp4/citizen.mp4
citizenship, https://media.signbsl.com/videos/asl/elementalaslconcepts/mp4/citizenship.mp4
citizenship obligations and responsibilities that you have as a citizen, https://media.signbsl.com/videos/asl/youtube/mp4/us7NgduoEvA.mp4
citric, https://media.signbsl.com/videos/asl/youtube/mp4/N-TnEA4T6Og.mp4
Citta del Vaticano, https://media.signbsl.com/videos/asl/youtube/mp4/A3xhrTX1wYA.mp4
city, https://media.signbsl.com/videos/asl/aslsignbank/mp4/CITY-551.mp4
city born, https://media.signbsl.com/videos/asl/youtube/mp4/QPTHSzfM1V0.mp4
city bred, https://media.signbsl.com/videos/asl/youtube/mp4/QPTHSzfM1V0.mp4
cityfied, https://media.signbsl.com/videos/asl/youtube/mp4/QPTHSzfM1V0.mp4
city mayor, https://player.vimeo.com/external/392649759.sd.mp4?s=2ada40b9018a50797c8aec4c0131d9b644d85ee8&profile_id=164
City of Brotherly Love, https://media.signbsl.com/videos/asl/aslsignbank/mp4/PHILADELPHIA-892.mp4
City of Light, https://media.signbsl.com/videos/asl/youtube/mp4/llou8S8njSs.mp4
City of the Angels, https://player.vimeo.com/external/392277242.sd.mp4?s=446ed331caa190449fdee3ebb0eb563039441f25&profile_id=164
cityscape the way that a city looks or a particular view of a city, https://media.signbsl.com/videos/asl/youtube/mp4/GvP_zKDIZng.mp4
citywide, https://media.signbsl.com/videos/asl/youtube/mp4/69Hs0x0qUxE.mp4
civic, https://media.signbsl.com/videos/asl/youtube/mp4/NDTEsd_j-KQ.mp4
civics, https://media.signbsl.com/videos/asl/youtube/mp4/9nj2YvOiCYk.mp4
civies, https://media.signbsl.com/videos/asl/youtube/mp4/gNvXr84-TXA.mp4
civil, https://media.signbsl.com/videos/asl/elementalaslconcepts/mp4/civil_war.mp4
civil death, https://media.signbsl.com/videos/asl/youtube/mp4/e2j76Occ9yE.mp4
civilian, https://media.signbsl.com/videos/asl/youtube/mp4/YuC9zmw754w.mp4
civilisation, https://media.signbsl.com/videos/asl/aslsearch/mp4/culture.mp4
civilise, https://media.signbsl.com/videos/asl/youtube/mp4/aleD3XXmqkE.mp4
civilised, https://media.signbsl.com/videos/asl/youtube/mp4/OsVMaNuqBfk.mp4
civilization, https://media.signbsl.com/videos/asl/aslsearch/mp4/culture.mp4
civilize, https://media.signbsl.com/videos/asl/youtube/mp4/aleD3XXmqkE.mp4
civilized, https://media.signbsl.com/videos/asl/youtube/mp4/OsVMaNuqBfk.mp4
civil liberties, https://media.signbsl.com/videos/asl/elementalaslconcepts/mp4/civil_liberties.mp4
civil liberty, https://media.signbsl.com/videos/asl/elementalaslconcepts/mp4/civil_liberties.mp4
civil order, https://media.signbsl.com/videos/asl/youtube/mp4/bHYM4LHYwFY.mp4
civil relating to or involving ordinary people not the military, https://media.signbsl.com/videos/asl/youtube/mp4/vByBO6IFkG0.mp4
civil relating to private legal disagreements, https://media.signbsl.com/videos/asl/youtube/mp4/EY4EkjOrZlo.mp4
civil right, https://media.signbsl.com/videos/asl/elementalaslconcepts/mp4/civil_rights.mp4
civil rights, https://media.signbsl.com/videos/asl/elementalaslconcepts/mp4/civil_rights.mp4
civil wrong, https://media.signbsl.com/videos/asl/youtube/mp4/aD_u3COvUaQ.mp4
civilzation civilized place where you have the modern things and culture that make life easy, https://media.signbsl.com/videos/asl/youtube/mp4/mAMuLipfOdI.mp4
civvies, https://media.signbsl.com/videos/asl/youtube/mp4/gNvXr84-TXA.mp4
Cl, https://media.signbsl.com/videos/asl/youtube/mp4/wLQdXwjaW8I.mp4
clack, https://player.vimeo.com/external/395755650.sd.mp4?s=e614f7ba9f29061f03aa1ebe5b2ac124960ff956&profile_id=164
clacketty, https://media.signbsl.com/videos/asl/youtube/mp4/9KITN4O3PQ8.mp4
clad, https://media.signbsl.com/videos/asl/youtube/mp4/-H6viNYkv10.mp4
cladding, https://media.signbsl.com/videos/asl/youtube/mp4/ydeBb_rJejg.mp4
claim, https://media.signbsl.com/videos/asl/aslsearch/mp4/claim.mp4
claimable, https://media.signbsl.com/videos/asl/youtube/mp4/Gj81pPnELxs.mp4
claim agent, https://media.signbsl.com/videos/asl/youtube/mp4/5uTBwGUZVcI.mp4
claimant, https://media.signbsl.com/videos/asl/youtube/mp4/zTgzfZEhLsg.mp4
claim piece of land that you say belongs to you, https://media.signbsl.com/videos/asl/youtube/mp4/OQ51070Xagg.mp4
claims adjuster, https://media.signbsl.com/videos/asl/youtube/mp4/5uTBwGUZVcI.mp4
claims adjustor, https://media.signbsl.com/videos/asl/youtube/mp4/5uTBwGUZVcI.mp4
clairvoyance, https://media.signbsl.com/videos/asl/youtube/mp4/lhYgHC5FSK0.mp4
clam, https://player.vimeo.com/external/395755724.sd.mp4?s=32bbedc49924173bf9552a26eceb8e93e15ffad8&profile_id=164
clamant demanding attention, https://media.signbsl.com/videos/asl/youtube/mp4/c25e653r4jA.mp4
clambake, https://media.signbsl.com/videos/asl/youtube/mp4/JZqiuIyYPCs.mp4
clammier, https://media.signbsl.com/videos/asl/youtube/mp4/SaCh8Duf_ME.mp4
clammily, https://media.signbsl.com/videos/asl/youtube/mp4/WmUvNydoRD4.mp4
clammy, https://media.signbsl.com/videos/asl/youtube/mp4/pbysa94zkAE.mp4
clamor, https://media.signbsl.com/videos/asl/youtube/mp4/iFo1rXi2TEY.mp4
clamp, https://media.signbsl.com/videos/asl/AustinCommunityCollege/mp4/weld_clamps_.mp4
clamp downclamp down oncrack downcrack down on restrict, https://media.signbsl.com/videos/asl/youtube/mp4/cY0a05zTUmc.mp4
clamp down secure, https://media.signbsl.com/videos/asl/youtube/mp4/vuE36G9YM00.mp4
clamps, https://media.signbsl.com/videos/asl/AustinCommunityCollege/mp4/weld_clamps_.mp4
clams, https://media.signbsl.com/videos/asl/youtube/mp4/3WtmZlJ5YxA.mp4
clam up, https://media.signbsl.com/videos/asl/aslsignbank/mp4/E(shh)-1888.mp4
clan, https://media.signbsl.com/videos/asl/uploads/mp4/user_upload602fef647ea202.53876418.mp4
clandestine, https://player.vimeo.com/external/395755756.sd.mp4?s=80582e1677da0f8f2bb87c43d35e4bc769e9f356&profile_id=164
clang, https://media.signbsl.com/videos/asl/aslsignbank/mp4/FALL-ASLEEP-1990.mp4
clangor, https://media.signbsl.com/videos/asl/aslsignbank/mp4/FALL-ASLEEP-1990.mp4
clangoring, https://media.signbsl.com/videos/asl/aslsignbank/mp4/FALL-ASLEEP-1990.mp4
clangor loud noise that continues for a long time, https://media.signbsl.com/videos/asl/youtube/mp4/yONe_jPG_Pw.mp4
clangour, https://media.signbsl.com/videos/asl/aslsignbank/mp4/FALL-ASLEEP-1990.mp4
clank, https://media.signbsl.com/videos/asl/aslsignbank/mp4/FALL-ASLEEP-1990.mp4
clankclangorclash noise made when metal is hit, https://media.signbsl.com/videos/asl/youtube/mp4/3T0tV3tdcI8.mp4
clan member, https://media.signbsl.com/videos/asl/youtube/mp4/c9eLJL8QOgU.mp4
clannish, https://media.signbsl.com/videos/asl/youtube/mp4/1JdKLIThEXQ.mp4
clansman, https://media.signbsl.com/videos/asl/youtube/mp4/c9eLJL8QOgU.mp4
clanswoman, https://media.signbsl.com/videos/asl/youtube/mp4/c9eLJL8QOgU.mp4
clap, https://media.signbsl.com/videos/asl/aslsignbank/mp4/&=claps-1949.mp4
clapper, https://media.signbsl.com/videos/asl/aslsearch/mp4/tongue.mp4
clapping, https://media.signbsl.com/videos/asl/youtube/mp4/XERB7nN8E_8.mp4
claptrap, https://media.signbsl.com/videos/asl/youtube/mp4/ZzVp0Uav_AM.mp4
claque, https://media.signbsl.com/videos/asl/youtube/mp4/N0F3pXcOFus.mp4
clarification, https://media.signbsl.com/videos/asl/elementalaslconcepts/mp4/clarification.mp4
clarify, https://media.signbsl.com/videos/asl/aslsearch/mp4/clarify.mp4
clarify make clear by removing impurities or solids, https://media.signbsl.com/videos/asl/youtube/mp4/TO8roDkyC9c.mp4
clarinet, https://media.signbsl.com/videos/asl/youtube/mp4/HkVAlIy4wkg.mp4
clarinetist, https://media.signbsl.com/videos/asl/youtube/mp4/pKaW_SNsl2w.mp4
clarinettist, https://media.signbsl.com/videos/asl/youtube/mp4/pKaW_SNsl2w.mp4
Clark, https://media.signbsl.com/videos/asl/elementalaslconcepts/mp4/william_clark.mp4
clash, https://media.signbsl.com/videos/asl/aslsignbank/mp4/FALL-ASLEEP-1990.mp4
clashbutt heads, https://media.signbsl.com/videos/asl/youtube/mp4/d8tFEb5ySC0.mp4
clashconflict, https://media.signbsl.com/videos/asl/youtube/mp4/6qt9Bw8RO7s.mp4
clasp, https://media.signbsl.com/videos/asl/tsdvideo/mp4/1025.mp4
class, https://media.signbsl.com/videos/asl/aslsignbank/mp4/CLASS-585.mp4
class act, https://media.signbsl.com/videos/asl/youtube/mp4/nHo51qVXJ7Q.mp4
class fellow, https://media.signbsl.com/videos/asl/aslsearch/mp4/classmate.mp4
classic, https://media.signbsl.com/videos/asl/youtube/mp4/UsdX5T46tok.mp4
classier, https://media.signbsl.com/videos/asl/youtube/mp4/U5SMDemPVVs.mp4
classifiable, https://media.signbsl.com/videos/asl/youtube/mp4/BEJa1imWCt8.mp4
classification, https://media.signbsl.com/videos/asl/aslsignbank/mp4/DIFFERENT-106.mp4
classified, https://media.signbsl.com/videos/asl/aslsearch/mp4/classified.mp4
classifier, https://player.vimeo.com/external/395766042.sd.mp4?s=b6249481b052e2c7e6e8d8de15cd718264fd4d5d&profile_id=164
classify, https://media.signbsl.com/videos/asl/signlanguagestudent/mp4/sort.mp4
classify secret, https://media.signbsl.com/videos/asl/youtube/mp4/axz_JW8SoMQ.mp4
classless, https://media.signbsl.com/videos/asl/youtube/mp4/iTeLGb2vRnE.mp4
classmate, https://media.signbsl.com/videos/asl/aslsearch/mp4/classmate.mp4
classroom, https://media.signbsl.com/videos/asl/startasl/mp4/classroom.mp4
classwork, https://media.signbsl.com/videos/asl/youtube/mp4/5dzYuRhPXIU.mp4
classy, https://media.signbsl.com/videos/asl/signlanguagestudent/mp4/class%20(classy).mp4
class year, https://media.signbsl.com/videos/asl/aslsignbank/mp4/SOPHOMORE-1096.mp4
clastic, https://media.signbsl.com/videos/asl/youtube/mp4/IdJc9qGJ3e8.mp4
clastic capable of being taken apart, https://media.signbsl.com/videos/asl/youtube/mp4/XdONl6yiqvA.mp4
clatter, https://media.signbsl.com/videos/asl/youtube/mp4/Sdjh0WGj8rc.mp4
claudication, https://media.signbsl.com/videos/asl/youtube/mp4/jsRDY2Tw50E.mp4
claus, https://media.signbsl.com/videos/asl/youtube/mp4/CrsnmUNnKtw.mp4
clausal, https://media.signbsl.com/videos/asl/youtube/mp4/NC2R5mBQfQw.mp4
clause, https://media.signbsl.com/videos/asl/youtube/mp4/HfWuTDmVfYY.mp4
clause in a contract, https://media.signbsl.com/videos/asl/elementalaslconcepts/mp4/clause_in_a_contract.mp4
clause sentence, https://media.signbsl.com/videos/asl/elementalaslconcepts/mp4/clause.mp4
claustrophobia, https://media.signbsl.com/videos/asl/youtube/mp4/hFXABFihdJk.mp4
claver, https://media.signbsl.com/videos/asl/startasl/mp4/gossip.mp4
claw, https://media.signbsl.com/videos/asl/youtube/mp4/hYgix75sYT4.mp4
claw back, https://media.signbsl.com/videos/asl/youtube/mp4/HqNqdqdqAJI.mp4
clawback, https://media.signbsl.com/videos/asl/youtube/mp4/HqNqdqdqAJI.mp4
claxon, https://media.signbsl.com/videos/asl/youtube/mp4/wtnpk7emBEk.mp4
clay, https://player.vimeo.com/external/395766151.sd.mp4?s=d71622131dd5276a7287be516567b5593199f6d5&profile_id=164
clean, https://media.signbsl.com/videos/asl/aslsignbank/mp4/NICE-198.mp4
cleanable, https://media.signbsl.com/videos/asl/youtube/mp4/5XPWbhJ0PwM.mp4
clean as a whistle, https://media.signbsl.com/videos/asl/youtube/mp4/UNuw1WrwkO8.mp4
clean bill of health, https://media.signbsl.com/videos/asl/youtube/mp4/wXjTsCIetpk.mp4
clean break, https://media.signbsl.com/videos/asl/youtube/mp4/xkGgVVRvWQM.mp4
cleaner, https://media.signbsl.com/videos/asl/youtube/mp4/LxXAMVxgRW0.mp4
clean handed, https://media.signbsl.com/videos/asl/aslsearch/mp4/innocent.mp4
clean house, https://media.signbsl.com/videos/asl/youtube/mp4/fspeZ5Ev-_8.mp4
cleanly, https://media.signbsl.com/videos/asl/youtube/mp4/sspjQtQniOo.mp4
clean nice, https://media.signbsl.com/videos/asl/startasl/mp4/clean.mp4
clean outclear out, https://media.signbsl.com/videos/asl/youtube/mp4/nk-ugYUtw6w.mp4
cleanser, https://media.signbsl.com/videos/asl/youtube/mp4/LxXAMVxgRW0.mp4
clean shaven, https://player.vimeo.com/external/395766184.sd.mp4?s=b7c86b6e79206b7b11dbb56f1f7546481aaf880d&profile_id=164
cleansing agent, https://media.signbsl.com/videos/asl/youtube/mp4/LxXAMVxgRW0.mp4
clean smelling, https://media.signbsl.com/videos/asl/youtube/mp4/euX4weTKwLA.mp4
clean up, https://player.vimeo.com/external/395766219.sd.mp4?s=9009535209a24f8afa148e90d85536672ad379b5&profile_id=164
clear, https://media.signbsl.com/videos/asl/aslsearch/mp4/earn.mp4
clearance, https://media.signbsl.com/videos/asl/youtube/mp4/EQVP7rMQ7II.mp4
clear and convincing evidence, https://media.signbsl.com/videos/asl/unoclimb/mp4/Bo2c5wyOisU.mp4
clear as mud, https://media.signbsl.com/videos/asl/youtube/mp4/0b3sLR2H8ac.mp4
cleared, https://media.signbsl.com/videos/asl/youtube/mp4/yv1I0CREdjY.mp4
clearer, https://media.signbsl.com/videos/asl/youtube/mp4/lGZIoXRi2IU.mp4
clearheaded, https://media.signbsl.com/videos/asl/youtube/mp4/IYaLQtPnSbg.mp4
clearing, https://media.signbsl.com/videos/asl/youtube/mp4/CRJzlFDc3ds.mp4
clearinghouse, NA
clearly, https://media.signbsl.com/videos/asl/signlanguagestudent/mp4/clearly.mp4
clear out, https://media.signbsl.com/videos/asl/aslsignbank/mp4/PUSH-ASIDE-990.mp4
clear sailing, https://media.signbsl.com/videos/asl/aslsearch/mp4/easy-going.mp4
clear skies, https://player.vimeo.com/external/392649795.sd.mp4?s=4a07fb6c8a42e4398ac9a5e57853f42c1eea94ee&profile_id=164
clear thinking, https://media.signbsl.com/videos/asl/youtube/mp4/IYaLQtPnSbg.mp4
clear up, https://media.signbsl.com/videos/asl/aslsearch/mp4/clarify.mp4
cleat, https://media.signbsl.com/videos/asl/youtube/mp4/uur163PTnHk.mp4
cleats, https://media.signbsl.com/videos/asl/youtube/mp4/EVQKGubquqw.mp4
cleavage, https://media.signbsl.com/videos/asl/youtube/mp4/M12CFzfFswM.mp4
cleave, https://media.signbsl.com/videos/asl/youtube/mp4/dcRXMqHkr-8.mp4
cleaver, https://media.signbsl.com/videos/asl/youtube/mp4/fr7E2bCiDU8.mp4
cleave to, https://media.signbsl.com/videos/asl/youtube/mp4/qF6T4Jz6oxA.mp4
cleft, https://media.signbsl.com/videos/asl/youtube/mp4/nNekPaMatI0.mp4
clemency, https://media.signbsl.com/videos/asl/signlanguagestudent/mp4/mercy.mp4
clench, https://media.signbsl.com/videos/asl/tsdvideo/mp4/1025.mp4
clenched fist, https://media.signbsl.com/videos/asl/aslsearch/mp4/fist.mp4
clerc laurent, https://player.vimeo.com/external/395766470.sd.mp4?s=6b2baa14cc5bcf854d8e71e6145f05c7d65be7d9&profile_id=164
clergies, https://media.signbsl.com/videos/asl/youtube/mp4/8o8J_p-17Vk.mp4
clergy, https://media.signbsl.com/videos/asl/youtube/mp4/8o8J_p-17Vk.mp4
clergywoman, https://media.signbsl.com/videos/asl/youtube/mp4/8hFeRGON1Dg.mp4
cleric, https://media.signbsl.com/videos/asl/youtube/mp4/BZXj6zwvF4k.mp4
clerical, https://media.signbsl.com/videos/asl/youtube/mp4/tFedMGnFh30.mp4
clerisy, https://media.signbsl.com/videos/asl/youtube/mp4/cYo13CN_a2s.mp4
clerk, https://media.signbsl.com/videos/asl/ids/mp4/2013-11-850-clerk-1500k-ase.mp4
clerking, https://player.vimeo.com/external/391208794.sd.mp4?s=c920add84b81096b2ca600f38998f45fd786c059&profile_id=164
clever, https://media.signbsl.com/videos/asl/aslsignbank/mp4/WISE-783.mp4
cleverness, https://media.signbsl.com/videos/asl/youtube/mp4/-RlduuborAQ.mp4
clew, https://media.signbsl.com/videos/asl/youtube/mp4/24jcc3gVAhI.mp4
cliche, https://player.vimeo.com/external/395766615.sd.mp4?s=9b69fab9cb80ecd9ec05ab9af58453ba3575b39c&profile_id=164
click, https://media.signbsl.com/videos/asl/aslsignbank/mp4/PRESS-927.mp4
click and drag, https://media.signbsl.com/videos/asl/aslsearch/mp4/click-and-drag.mp4
clickbait, https://player.vimeo.com/external/395766887.sd.mp4?s=0c8d9553886dfe4e41f082d44032c17e861483e4&profile_id=164
clicker, https://media.signbsl.com/videos/asl/aslsignbank/mp4/REMOTE-CONTROL-960.mp4
click rate, https://player.vimeo.com/external/395766681.sd.mp4?s=723e5abf47fdd49dc8cd85f095862d5d3f16525c&profile_id=164
click through, https://player.vimeo.com/external/395766737.sd.mp4?s=169c2ea87c3dfcb0364391b3478890a123377fcf&profile_id=164
client, https://media.signbsl.com/videos/asl/aslsearch/mp4/client.mp4
clientele, https://media.signbsl.com/videos/asl/youtube/mp4/RD1Yu3yl8yY.mp4
cliff, https://media.signbsl.com/videos/asl/aslsearch/mp4/cliff.mp4
cliffhanger, https://media.signbsl.com/videos/asl/youtube/mp4/C7WrCHNFqxQ.mp4
cliff hanging, https://player.vimeo.com/external/392379004.sd.mp4?s=805df4db21dbf93936e5b8fced57e30aa3f09e6f&profile_id=164
cliffhanging, https://player.vimeo.com/external/392379004.sd.mp4?s=805df4db21dbf93936e5b8fced57e30aa3f09e6f&profile_id=164
climactic, https://media.signbsl.com/videos/asl/youtube/mp4/trXw2AB2V3Y.mp4
climate, https://media.signbsl.com/videos/asl/elementalaslconcepts/mp4/climate.mp4
climatologist, https://media.signbsl.com/videos/asl/youtube/mp4/pvX9A1EVEQQ.mp4
climatology, https://media.signbsl.com/videos/asl/youtube/mp4/QDNmBvov_6Q.mp4
climax, https://player.vimeo.com/external/395767137.sd.mp4?s=a50b6e322fc655bea6ac9df7303be3e74b9c4e19&profile_id=164
climax community, https://media.signbsl.com/videos/asl/youtube/mp4/lyuz7HmoPKg.mp4
climb, https://media.signbsl.com/videos/asl/aslsearch/mp4/climb.mp4
climbable, https://media.signbsl.com/videos/asl/youtube/mp4/c4xiggd61_0.mp4
climb down, https://media.signbsl.com/videos/asl/tsdvideo/mp4/357.mp4
climber, https://media.signbsl.com/videos/asl/youtube/mp4/8nJrjXvHhUE.mp4
climbing iron, https://media.signbsl.com/videos/asl/youtube/mp4/8nJrjXvHhUE.mp4
climb on, https://media.signbsl.com/videos/asl/youtube/mp4/l7HsqLRJego.mp4
climb out, https://media.signbsl.com/videos/asl/youtube/mp4/507SH16e7VM.mp4
climb the stairs, https://media.signbsl.com/videos/asl/aslsignbank/mp4/STAIRS-1112.mp4
climb up, https://media.signbsl.com/videos/asl/aslsearch/mp4/climb.mp4
clime, https://media.signbsl.com/videos/asl/elementalaslconcepts/mp4/climate.mp4
clinch, https://media.signbsl.com/videos/asl/youtube/mp4/nuygJfCXCkg.mp4
clincher, https://media.signbsl.com/videos/asl/youtube/mp4/sp_nw_TIFYY.mp4
cling, https://media.signbsl.com/videos/asl/youtube/mp4/qF6T4Jz6oxA.mp4
cling to, https://media.signbsl.com/videos/asl/aslsignbank/mp4/HUG-154.mp4
clingy, https://media.signbsl.com/videos/asl/youtube/mp4/pTRRQEYNtT0.mp4
clinic, https://media.signbsl.com/videos/asl/aslsignbank/mp4/HOSPITAL-1759.mp4
clinical death, https://player.vimeo.com/external/395767342.sd.mp4?s=b706d29009e5365cc8033c67ad0128238ee7a39d&profile_id=164
clinical perspective, https://player.vimeo.com/external/395767404.sd.mp4?s=5144731fee9eb5490d7a3580ae4b85e00218cc09&profile_id=164
clinical psychologist, https://media.signbsl.com/videos/asl/youtube/mp4/uCgzcoCtEnI.mp4
clinician, https://media.signbsl.com/videos/asl/youtube/mp4/Oir0cjO628w.mp4
clink, https://media.signbsl.com/videos/asl/youtube/mp4/bAeli7a9ZPg.mp4
clinker, https://media.signbsl.com/videos/asl/youtube/mp4/9csNwci9kiw.mp4
clip, https://media.signbsl.com/videos/asl/aslsignbank/mp4/SCISSORS-CUT-99.mp4
clipboard, https://media.signbsl.com/videos/asl/youtube/mp4/1O8fgCIe_kc.mp4
clip carabiner, https://media.signbsl.com/videos/asl/youtube/mp4/BZM9MKhmOhs.mp4
clip cut, https://player.vimeo.com/external/395767499.sd.mp4?s=352e8f8c43b6a10fdb62ade7e38f6f0b991af657&profile_id=164
clip fasten, https://player.vimeo.com/external/395767558.sd.mp4?s=8270c23592d6838e76833ed1a7ed30925b7cb094&profile_id=164
clip hair, https://media.signbsl.com/videos/asl/youtube/mp4/CGdceYztvWU.mp4
clip nails, https://media.signbsl.com/videos/asl/aslsignbank/mp4/NAIL-CLIPPERS-2519.mp4
clip on earrings, https://player.vimeo.com/external/392649833.sd.mp4?s=ea4965232345d0f5bf068c47348a7a4f5ec4801e&profile_id=164
clipper, https://media.signbsl.com/videos/asl/aslsearch/mp4/clippers.mp4
clippers, https://media.signbsl.com/videos/asl/aslsearch/mp4/clippers.mp4
clipping, https://player.vimeo.com/external/392382056.sd.mp4?s=cd53252e93672b6d118c99c9d4ed0006bf7780df&profile_id=164
clip to hit something accidentally while passing it, https://media.signbsl.com/videos/asl/youtube/mp4/I3QQFFQZAWA.mp4
clique, https://media.signbsl.com/videos/asl/youtube/mp4/FipFZ1ClQB8.mp4
cliquish, https://media.signbsl.com/videos/asl/youtube/mp4/lHJNrKlXwxA.mp4
clit, https://media.signbsl.com/videos/asl/youtube/mp4/nr4bGFI7TW4.mp4
clitoris, https://media.signbsl.com/videos/asl/youtube/mp4/nr4bGFI7TW4.mp4
cloaca, https://media.signbsl.com/videos/asl/youtube/mp4/x3eCFtf1h7M.mp4
cloak, https://media.signbsl.com/videos/asl/youtube/mp4/OX0Q8tPEyeo.mp4
cloak and dagger, https://player.vimeo.com/external/395755756.sd.mp4?s=80582e1677da0f8f2bb87c43d35e4bc769e9f356&profile_id=164
cloakmaker, https://media.signbsl.com/videos/asl/youtube/mp4/eJzwI16MWfE.mp4
clobber, https://media.signbsl.com/videos/asl/youtube/mp4/GKCGlrVtltA.mp4
clock, https://media.signbsl.com/videos/asl/startasl/mp4/clock.mp4
clock face, NA
clock hand, https://media.signbsl.com/videos/asl/youtube/mp4/XnN-d-rjr8U.mp4
clock time, https://media.signbsl.com/videos/asl/startasl/mp4/time.mp4
clockwise, https://player.vimeo.com/external/395767741.sd.mp4?s=1c7efd9a407a42340b88fcf7897910b50acb07ec&profile_id=164
clockwork, https://player.vimeo.com/external/395767794.sd.mp4?s=748811652bf575d840b5adce8fac901097be41f1&profile_id=164
clod, https://player.vimeo.com/external/395749789.sd.mp4?s=437cf602c02da25ef0cb7326b724253e804ad46a&profile_id=164
clodhopper, https://media.signbsl.com/videos/asl/youtube/mp4/x0TfKGZIcXM.mp4
clog, https://media.signbsl.com/videos/asl/youtube/mp4/rTthqSqbXVs.mp4
clog up, https://media.signbsl.com/videos/asl/youtube/mp4/rTthqSqbXVs.mp4
cloister, https://media.signbsl.com/videos/asl/youtube/mp4/8wcjz_XAWsw.mp4
clomp, https://media.signbsl.com/videos/asl/youtube/mp4/NjvVd4I2kC8.mp4
clon, https://media.signbsl.com/videos/asl/youtube/mp4/-VYfffvcDRY.mp4
clone, https://media.signbsl.com/videos/asl/youtube/mp4/5WbgNkQLSfE.mp4
clone animal, https://media.signbsl.com/videos/asl/youtube/mp4/-VYfffvcDRY.mp4
close, https://media.signbsl.com/videos/asl/startasl/mp4/close.mp4
close at hand, https://player.vimeo.com/external/392194339.sd.mp4?s=2d565eef84f9e2dc7a79b83974823473064979b4&profile_id=164
close book, https://media.signbsl.com/videos/asl/youtube/mp4/KzD6cNSvZm4.mp4
close but no cigar, https://media.signbsl.com/videos/asl/youtube/mp4/68UGc1Ufh3Q.mp4
close call, https://player.vimeo.com/external/395767850.sd.mp4?s=03ce3ae137bd04410a60a227627c8ce53457e539&profile_id=164
closed, https://media.signbsl.com/videos/asl/signlanguagestudent/mp4/closed.mp4
closed book, https://player.vimeo.com/external/392378862.sd.mp4?s=a8c4f5748417c8d2027ce3977515c26a5e7b082f&profile_id=164
closed caption, https://media.signbsl.com/videos/asl/youtube/mp4/hbpYvWICTjM.mp4
closed captioning, https://player.vimeo.com/external/391390213.sd.mp4?s=b85baba03c20c1179d7ad503843e8d3986dd029e&profile_id=164
closed figure, https://media.signbsl.com/videos/asl/youtube/mp4/ZdmX9ZDnd3c.mp4
closed minded, https://media.signbsl.com/videos/asl/youtube/mp4/vopZo4qMd70.mp4
close door, https://media.signbsl.com/videos/asl/youtube/mp4/dg7dMa1LnrM.mp4
close doors, https://media.signbsl.com/videos/asl/youtube/mp4/FS1O2qziBZg.mp4
closed out of business, https://media.signbsl.com/videos/asl/signlanguagestudent/mp4/closed%20(out%20of%20business).mp4
close down, https://media.signbsl.com/videos/asl/aslsearch/mp4/bankrupt.mp4
closedown, https://media.signbsl.com/videos/asl/aslsearch/mp4/bankrupt.mp4
close eyes, https://media.signbsl.com/videos/asl/youtube/mp4/xwMOONfCW34.mp4
close feeling, https://player.vimeo.com/external/395767957.sd.mp4?s=f9c0b4ccb2c33f3bb7af3ba4144f0eb0ca75c776&profile_id=164
close friend, https://player.vimeo.com/external/395767905.sd.mp4?s=bf41fec8e98aa8027f665a0f093a91bcb7026cca&profile_id=164
close game, https://media.signbsl.com/videos/asl/youtube/mp4/8RcAYwMMux0.mp4
close knit, https://player.vimeo.com/external/391390124.sd.mp4?s=82193dd429e62ffb01e6847d7d7c93de8d9bc33d&profile_id=164
closelipped, https://player.vimeo.com/external/392518119.sd.mp4?s=54492d257b0086791bb3b4c3834ad98fc39933bd&profile_id=164
closely knit, https://player.vimeo.com/external/391390124.sd.mp4?s=82193dd429e62ffb01e6847d7d7c93de8d9bc33d&profile_id=164
close minded, https://media.signbsl.com/videos/asl/youtube/mp4/vopZo4qMd70.mp4
closemouthed, https://player.vimeo.com/external/392518119.sd.mp4?s=54492d257b0086791bb3b4c3834ad98fc39933bd&profile_id=164
close near, https://media.signbsl.com/videos/asl/signlanguagestudent/mp4/close%20(near).mp4
closeness, https://media.signbsl.com/videos/asl/youtube/mp4/q3DlIr-OrPQ.mp4
close off, https://media.signbsl.com/videos/asl/youtube/mp4/RXntJaKpJ3w.mp4
close out, https://player.vimeo.com/external/391390182.sd.mp4?s=a823fe06183d7e525838a2ed34262dc83671f401&profile_id=164
closeout, https://player.vimeo.com/external/391390182.sd.mp4?s=a823fe06183d7e525838a2ed34262dc83671f401&profile_id=164
close out of business, https://media.signbsl.com/videos/asl/signlanguagestudent/mp4/close%20(out%20of%20business).mp4
closer, https://media.signbsl.com/videos/asl/youtube/mp4/_FlAMa1h3fg.mp4
close shave, https://player.vimeo.com/external/395767850.sd.mp4?s=03ce3ae137bd04410a60a227627c8ce53457e539&profile_id=164
close shut, https://player.vimeo.com/external/395768058.sd.mp4?s=bdaee8ef79139bffc0ed3036a39a327a24cfb21d&profile_id=164
closet, https://media.signbsl.com/videos/asl/aslsignbank/mp4/PUSH-230.mp4
closeted, https://media.signbsl.com/videos/asl/youtube/mp4/y6oDVUIgfls.mp4
close the stable door after the horse has bolted, https://media.signbsl.com/videos/asl/youtube/mp4/ZbJ2y8Z-rmw.mp4
close to, https://media.signbsl.com/videos/asl/aslsignbank/mp4/APPROXIMATE-636.mp4
close to someone, https://media.signbsl.com/videos/asl/youtube/mp4/ZFWxp7e6Xyo.mp4
close up, https://media.signbsl.com/videos/asl/aslsignbank/mp4/E(shh)-1888.mp4
closeup, https://media.signbsl.com/videos/asl/aslsignbank/mp4/E(shh)-1888.mp4
close window, https://media.signbsl.com/videos/asl/youtube/mp4/BDaJ3z2nOIY.mp4
close window inward, https://media.signbsl.com/videos/asl/youtube/mp4/Cv9Yk7Et25s.mp4
close zipper, https://media.signbsl.com/videos/asl/aslsearch/mp4/close-zipper.mp4
closing, https://media.signbsl.com/videos/asl/youtube/mp4/BuIXzE_RWh8.mp4
closure, https://media.signbsl.com/videos/asl/youtube/mp4/BuIXzE_RWh8.mp4
closure property, https://media.signbsl.com/videos/asl/youtube/mp4/98d8WPL0cAk.mp4
clot, https://player.vimeo.com/external/391390272.sd.mp4?s=42c6ebd0e55d026553f1f600b6b5f27f30118135&profile_id=164
cloth, https://media.signbsl.com/videos/asl/startasl/mp4/fabric.mp4
clothe, https://media.signbsl.com/videos/asl/aslsearch/mp4/garment.mp4
clothed, https://media.signbsl.com/videos/asl/youtube/mp4/-H6viNYkv10.mp4
clothes, https://media.signbsl.com/videos/asl/startasl/mp4/clothes.mp4
clothes designer, https://media.signbsl.com/videos/asl/youtube/mp4/RtZKhp5BqrA.mp4
clotheshorse, https://media.signbsl.com/videos/asl/youtube/mp4/bYxak-4tucA.mp4
clothesline, https://player.vimeo.com/external/391390365.sd.mp4?s=ac641bd7cb7ba7430df1edd116f87ece24c47eb8&profile_id=164
clothes peg, https://media.signbsl.com/videos/asl/aslsearch/mp4/clothespin.mp4
clothes pin, https://media.signbsl.com/videos/asl/aslsearch/mp4/clothespin.mp4
clothespin, https://media.signbsl.com/videos/asl/aslsearch/mp4/clothespin.mp4
clothier, https://media.signbsl.com/videos/asl/youtube/mp4/nCv_kcmFT3s.mp4
clothing, https://media.signbsl.com/videos/asl/aslsignbank/mp4/VEST-337.mp4
clothing store, https://media.signbsl.com/videos/asl/youtube/mp4/MMriPf2DloM.mp4
cloud, https://media.signbsl.com/videos/asl/youtube/mp4/fl-pAxYEnVQ.mp4
cloudburst, https://media.signbsl.com/videos/asl/youtube/mp4/y3D4Xa4MweA.mp4
cloud computing, https://media.signbsl.com/videos/asl/deaftec/mp4/947.mp4
cloud cover, https://media.signbsl.com/videos/asl/youtube/mp4/s2FrKqrbp_A.mp4
cloud covered, https://media.signbsl.com/videos/asl/youtube/mp4/F71r3NBmF4k.mp4
clouded, https://media.signbsl.com/videos/asl/youtube/mp4/F71r3NBmF4k.mp4
cloudier, https://media.signbsl.com/videos/asl/youtube/mp4/-MG4tcolZxw.mp4
cloudiness, https://media.signbsl.com/videos/asl/youtube/mp4/s2FrKqrbp_A.mp4
cloudless, https://media.signbsl.com/videos/asl/youtube/mp4/ywG6co7OtCM.mp4
cloud nine, https://media.signbsl.com/videos/asl/youtube/mp4/jvw2yCiIy_0.mp4
cloud of smoke, https://media.signbsl.com/videos/asl/aslsignbank/mp4/SMOKE-1079.mp4
cloud on the horizon, https://media.signbsl.com/videos/asl/youtube/mp4/EhAG06KOwG8.mp4
cloudy, https://media.signbsl.com/videos/asl/elementalaslconcepts/mp4/cloudy.mp4
cloudy cloudier clodiest clouds, https://media.signbsl.com/videos/asl/youtube/mp4/J7O9Z7CdxCY.mp4
clout, https://media.signbsl.com/videos/asl/youtube/mp4/Q66gbsi8_YY.mp4
clout nail, https://media.signbsl.com/videos/asl/youtube/mp4/bzq7cXx2nYQ.mp4
clown, https://media.signbsl.com/videos/asl/aslsearch/mp4/clown.mp4
clowning, https://media.signbsl.com/videos/asl/youtube/mp4/0QEjOGmH_L8.mp4
cloy, https://media.signbsl.com/videos/asl/youtube/mp4/kU1p_eM3jH4.mp4
club, https://media.signbsl.com/videos/asl/youtube/mp4/EZGlV7XuuHI.mp4
clubby, https://media.signbsl.com/videos/asl/youtube/mp4/lHJNrKlXwxA.mp4
clubhouse, https://media.signbsl.com/videos/asl/youtube/mp4/lBgM-MU8riQ.mp4
club soda, https://player.vimeo.com/external/391389507.sd.mp4?s=6ea22e79aa10d058339d8d1cc1db8b02883849ab&profile_id=164
cluck, https://player.vimeo.com/external/391390446.sd.mp4?s=bba353b2b0103a75ed07418a469ea20a3d468120&profile_id=164
clue, https://player.vimeo.com/external/392180123.sd.mp4?s=4e97020336a7efd9f8a1d9772ee65f12a5e7b171&profile_id=164
clueless, https://media.signbsl.com/videos/asl/aslsignbank/mp4/KNOW-NOTHING-1693.mp4
clump, https://media.signbsl.com/videos/asl/tsdvideo/mp4/1215.mp4
clumsily, https://media.signbsl.com/videos/asl/youtube/mp4/ifDwGypNE7k.mp4
clumsy, https://media.signbsl.com/videos/asl/aslsignbank/mp4/INEPT-1735.mp4
clunk, https://media.signbsl.com/videos/asl/youtube/mp4/WYVC1eVypno.mp4
clunker, https://media.signbsl.com/videos/asl/youtube/mp4/HaLl-wKd3bs.mp4
clunkier, https://media.signbsl.com/videos/asl/youtube/mp4/vTHzJY3reJA.mp4
clunky, https://player.vimeo.com/external/392142344.sd.mp4?s=304d3140093167cf88788f757aff16338c7f8a02&profile_id=164
cluster, https://media.signbsl.com/videos/asl/tsdvideo/mp4/1215.mp4
clustered, https://media.signbsl.com/videos/asl/youtube/mp4/w3r07coqSoM.mp4
clustering, https://media.signbsl.com/videos/asl/tsdvideo/mp4/1215.mp4
clutch, https://media.signbsl.com/videos/asl/tsdvideo/mp4/1025.mp4
clutches, https://media.signbsl.com/videos/asl/tsdvideo/mp4/1025.mp4
clutch fan, https://media.signbsl.com/videos/asl/AustinCommunityCollege/mp4/auto_clutch_fan_.mp4
clutch pedal, https://media.signbsl.com/videos/asl/AustinCommunityCollege/mp4/auto_clutch_.mp4
clutter, https://player.vimeo.com/external/391390565.sd.mp4?s=383ac5c5790e55cf22c9165515add97686652be0&profile_id=164
clyster, https://media.signbsl.com/videos/asl/youtube/mp4/nZc6tSp2rG4.mp4
cm, https://media.signbsl.com/videos/asl/tsdvideo/mp4/276.mp4
cmere, https://media.signbsl.com/videos/asl/youtube/mp4/wShc8EDSmFE.mp4
CO, https://media.signbsl.com/videos/asl/youtube/mp4/CygSq68gRTI.mp4
CO2, https://media.signbsl.com/videos/asl/youtube/mp4/cC1TY8FZFQU.mp4
coach, https://media.signbsl.com/videos/asl/startasl/mp4/bus.mp4
coach dog, https://player.vimeo.com/external/391916263.sd.mp4?s=da113716815d6fbe422d08687fb7b1639bbbf8d5&profile_id=164
coachload, https://media.signbsl.com/videos/asl/youtube/mp4/knLVcZQMAE8.mp4
coachman, https://media.signbsl.com/videos/asl/youtube/mp4/fmdfdOd1T0I.mp4
coach station, https://player.vimeo.com/external/391223607.sd.mp4?s=f820e7ce9251ed1dc02715bb4d7cbb4974490268&profile_id=164
coagulant, https://media.signbsl.com/videos/asl/youtube/mp4/181pTUWeL5U.mp4
coagulator, https://media.signbsl.com/videos/asl/youtube/mp4/181pTUWeL5U.mp4
coagulum, https://player.vimeo.com/external/391390272.sd.mp4?s=42c6ebd0e55d026553f1f600b6b5f27f30118135&profile_id=164
coal, https://media.signbsl.com/videos/asl/youtube/mp4/z4kYxwxC2io.mp4
coal black, https://player.vimeo.com/external/392868354.sd.mp4?s=f956734e2da68ce31bd415b0770e83184864aecf&profile_id=164
coalesce, https://media.signbsl.com/videos/asl/aslsignbank/mp4/MATCH-1624.mp4
coalface, https://media.signbsl.com/videos/asl/youtube/mp4/KKbEbbljn1s.mp4
coalition, https://player.vimeo.com/external/391390608.sd.mp4?s=f80ecd11f86cf3a51f84247af2924f06afacf841&profile_id=164
coalminer, NA
coapt, https://media.signbsl.com/videos/asl/youtube/mp4/hw8fWrFscfs.mp4
coarse, https://media.signbsl.com/videos/asl/youtube/mp4/52ruDkn4Kww.mp4
coarse grained, https://media.signbsl.com/videos/asl/youtube/mp4/6pjpym0O8NQ.mp4
coarsen, https://media.signbsl.com/videos/asl/youtube/mp4/z2-adYbTC3Q.mp4
coarseness, https://media.signbsl.com/videos/asl/youtube/mp4/HtVlCFvWHes.mp4
coarser, https://media.signbsl.com/videos/asl/youtube/mp4/0K5pQeL__jM.mp4
coast, https://media.signbsl.com/videos/asl/aslsearch/mp4/coast.mp4
coaster, https://media.signbsl.com/videos/asl/aslsearch/mp4/coaster.mp4
coaster wagon, https://media.signbsl.com/videos/asl/aslsearch/mp4/wagon.mp4
coast guard, https://media.signbsl.com/videos/asl/aslsearch/mp4/coast-guard.mp4
coastguard, https://media.signbsl.com/videos/asl/aslsearch/mp4/coast-guard.mp4
coast is clear, https://media.signbsl.com/videos/asl/youtube/mp4/eylwlYWGShQ.mp4
coat, https://media.signbsl.com/videos/asl/aslsignbank/mp4/JACKET-95.mp4
coating, https://media.signbsl.com/videos/asl/youtube/mp4/f8FAVURsov8.mp4
coat of arms, https://media.signbsl.com/videos/asl/youtube/mp4/i4GxcStIyFc.mp4
coauthor, https://media.signbsl.com/videos/asl/youtube/mp4/t7IuoH63poo.mp4
coax, https://media.signbsl.com/videos/asl/aslsignbank/mp4/FLATTER-2289.mp4
coaxal, https://media.signbsl.com/videos/asl/youtube/mp4/AhvAyXM7pUY.mp4
coax cable, https://media.signbsl.com/videos/asl/aslsignbank/mp4/FLATTER-2289.mp4
coaxial, https://media.signbsl.com/videos/asl/youtube/mp4/AhvAyXM7pUY.mp4
coaxial cable, https://media.signbsl.com/videos/asl/aslsignbank/mp4/FLATTER-2289.mp4
cobble, https://player.vimeo.com/external/391390652.sd.mp4?s=ad8a3a62984f31b307643e0de682dd7faba23170&profile_id=164
cobbler, https://media.signbsl.com/videos/asl/youtube/mp4/9vgN1xL-KD8.mp4
cobblestone, https://player.vimeo.com/external/391390652.sd.mp4?s=ad8a3a62984f31b307643e0de682dd7faba23170&profile_id=164
cobra, https://media.signbsl.com/videos/asl/aslsearch/mp4/cobra.mp4
cobweb, https://media.signbsl.com/videos/asl/youtube/mp4/ofpBK6Wtx18.mp4
Coca Cola, https://player.vimeo.com/external/391391457.sd.mp4?s=c23ac2cb4d3507ab610a899598ca2c6ce7e1219c&profile_id=164
cocain, https://player.vimeo.com/external/391390673.sd.mp4?s=ee90c803fb1a5ae23566c4ddb4985f408560e063&profile_id=164
cocaine, https://player.vimeo.com/external/391390673.sd.mp4?s=ee90c803fb1a5ae23566c4ddb4985f408560e063&profile_id=164
cochlea, https://media.signbsl.com/videos/asl/youtube/mp4/69n8aTtwjxM.mp4
cochlear implant, https://media.signbsl.com/videos/asl/elementalaslconcepts/mp4/cochlear_implant.mp4
cochlear implant ci, https://player.vimeo.com/external/378513629.sd.mp4?s=86224b4e301d3d67616a2bc078d154c42a520408&profile_id=164&oauth2_token_id=1269733722
cochlear implant off, https://media.signbsl.com/videos/asl/youtube/mp4/hqCd9AXQ9Zc.mp4
cock, https://media.signbsl.com/videos/asl/aslsearch/mp4/dick.mp4
cock a doodle doo, https://media.signbsl.com/videos/asl/youtube/mp4/3vqyiOR3Wz8.mp4
cockamamie, https://media.signbsl.com/videos/asl/startasl/mp4/silly.mp4
cockamamy, https://media.signbsl.com/videos/asl/startasl/mp4/silly.mp4
cockatoo, https://media.signbsl.com/videos/asl/youtube/mp4/PF2776s_Lvo.mp4
cockcrow, https://player.vimeo.com/external/391917102.sd.mp4?s=51eed1c8462cb12376308ad1c796aa536f7881d4&profile_id=164
cocker, https://player.vimeo.com/external/391390882.sd.mp4?s=91d08175bafe0a828a342483af08724100380440&profile_id=164
cockeyed, https://player.vimeo.com/external/392518215.sd.mp4?s=113d53ba6f2c71f52d578ada70db149ecff96e8b&profile_id=164
cockfight, https://media.signbsl.com/videos/asl/youtube/mp4/D7JRvL8_LDk.mp4
cockier, https://media.signbsl.com/videos/asl/youtube/mp4/QsHkCVGE9gY.mp4
cockily, https://media.signbsl.com/videos/asl/youtube/mp4/GqYfDzygRsE.mp4
cockle, https://media.signbsl.com/videos/asl/youtube/mp4/20wLRQE9uh4.mp4
cockney, https://media.signbsl.com/videos/asl/youtube/mp4/mPAbWTIj1P4.mp4
cockpit, https://media.signbsl.com/videos/asl/youtube/mp4/ezBYYwupkJc.mp4
cockroach, https://media.signbsl.com/videos/asl/thefamilyvocab/mp4/cockroach.mp4
cockscomb, https://media.signbsl.com/videos/asl/youtube/mp4/QC8Sk0ioxWg.mp4
cocksucker, https://media.signbsl.com/videos/asl/aslsearch/mp4/asshole.mp4
cocksureness, https://media.signbsl.com/videos/asl/youtube/mp4/VUHp_3EvpSs.mp4
cocktail, https://media.signbsl.com/videos/asl/youtube/mp4/1xt6Z603BxE.mp4
cocktail party, https://player.vimeo.com/external/391390767.sd.mp4?s=c2f114ebd6ac7bdb8e2ca0e037bf07f7df34b4ab&profile_id=164
cocktail table, https://media.signbsl.com/videos/asl/startasl/mp4/coffee-table.mp4
cocoa, https://media.signbsl.com/videos/asl/aslsearch/mp4/chocolate.mp4
coachman, https://media.signbsl.com/videos/asl/youtube/mp4/fmdfdOd1T0I.mp4
coach station, https://player.vimeo.com/external/391223607.sd.mp4?s=f820e7ce9251ed1dc02715bb4d7cbb4974490268&profile_id=164
coagulant, https://media.signbsl.com/videos/asl/youtube/mp4/181pTUWeL5U.mp4
coagulator, https://media.signbsl.com/videos/asl/youtube/mp4/181pTUWeL5U.mp4
coagulum, https://player.vimeo.com/external/391390272.sd.mp4?s=42c6ebd0e55d026553f1f600b6b5f27f30118135&profile_id=164
coal, https://media.signbsl.com/videos/asl/youtube/mp4/z4kYxwxC2io.mp4
coal black, https://player.vimeo.com/external/392868354.sd.mp4?s=f956734e2da68ce31bd415b0770e83184864aecf&profile_id=164
coalesce, https://media.signbsl.com/videos/asl/aslsignbank/mp4/MATCH-1624.mp4
coalface, https://media.signbsl.com/videos/asl/youtube/mp4/KKbEbbljn1s.mp4
coalition, https://player.vimeo.com/external/391390608.sd.mp4?s=f80ecd11f86cf3a51f84247af2924f06afacf841&profile_id=164
coalminer, NA
coapt, https://media.signbsl.com/videos/asl/youtube/mp4/hw8fWrFscfs.mp4
coarse, https://media.signbsl.com/videos/asl/youtube/mp4/52ruDkn4Kww.mp4
coarse grained, https://media.signbsl.com/videos/asl/youtube/mp4/6pjpym0O8NQ.mp4
coarsen, https://media.signbsl.com/videos/asl/youtube/mp4/z2-adYbTC3Q.mp4
coarseness, https://media.signbsl.com/videos/asl/youtube/mp4/HtVlCFvWHes.mp4
coarser, https://media.signbsl.com/videos/asl/youtube/mp4/0K5pQeL__jM.mp4
coast, https://media.signbsl.com/videos/asl/aslsearch/mp4/coast.mp4
coaster, https://media.signbsl.com/videos/asl/aslsearch/mp4/coaster.mp4
coaster wagon, https://media.signbsl.com/videos/asl/aslsearch/mp4/wagon.mp4
coast guard, https://media.signbsl.com/videos/asl/aslsearch/mp4/coast-guard.mp4
coastguard, https://media.signbsl.com/videos/asl/aslsearch/mp4/coast-guard.mp4
coast is clear, https://media.signbsl.com/videos/asl/youtube/mp4/eylwlYWGShQ.mp4
coat, https://media.signbsl.com/videos/asl/aslsignbank/mp4/JACKET-95.mp4
coating, https://media.signbsl.com/videos/asl/youtube/mp4/f8FAVURsov8.mp4
coat of arms, https://media.signbsl.com/videos/asl/youtube/mp4/i4GxcStIyFc.mp4
coauthor, https://media.signbsl.com/videos/asl/youtube/mp4/t7IuoH63poo.mp4
coax, https://media.signbsl.com/videos/asl/aslsignbank/mp4/FLATTER-2289.mp4
coaxal, https://media.signbsl.com/videos/asl/youtube/mp4/AhvAyXM7pUY.mp4
coax cable, https://media.signbsl.com/videos/asl/aslsignbank/mp4/FLATTER-2289.mp4
coaxial, https://media.signbsl.com/videos/asl/youtube/mp4/AhvAyXM7pUY.mp4
coaxial cable, https://media.signbsl.com/videos/asl/aslsignbank/mp4/FLATTER-2289.mp4
cobble, https://player.vimeo.com/external/391390652.sd.mp4?s=ad8a3a62984f31b307643e0de682dd7faba23170&profile_id=164
cobbler, https://media.signbsl.com/videos/asl/youtube/mp4/9vgN1xL-KD8.mp4
cobblestone, https://player.vimeo.com/external/391390652.sd.mp4?s=ad8a3a62984f31b307643e0de682dd7faba23170&profile_id=164
cobra, https://media.signbsl.com/videos/asl/aslsearch/mp4/cobra.mp4
cobweb, https://media.signbsl.com/videos/asl/youtube/mp4/ofpBK6Wtx18.mp4
Coca Cola, https://player.vimeo.com/external/391391457.sd.mp4?s=c23ac2cb4d3507ab610a899598ca2c6ce7e1219c&profile_id=164
cocain, https://player.vimeo.com/external/391390673.sd.mp4?s=ee90c803fb1a5ae23566c4ddb4985f408560e063&profile_id=164
cocaine, https://player.vimeo.com/external/391390673.sd.mp4?s=ee90c803fb1a5ae23566c4ddb4985f408560e063&profile_id=164
cochlea, https://media.signbsl.com/videos/asl/youtube/mp4/69n8aTtwjxM.mp4
cochlear implant, https://media.signbsl.com/videos/asl/elementalaslconcepts/mp4/cochlear_implant.mp4
cochlear implant ci, https://player.vimeo.com/external/378513629.sd.mp4?s=86224b4e301d3d67616a2bc078d154c42a520408&profile_id=164&oauth2_token_id=1269733722
cochlear implant off, https://media.signbsl.com/videos/asl/youtube/mp4/hqCd9AXQ9Zc.mp4
cock, https://media.signbsl.com/videos/asl/aslsearch/mp4/dick.mp4
cock a doodle doo, https://media.signbsl.com/videos/asl/youtube/mp4/3vqyiOR3Wz8.mp4
cockamamie, https://media.signbsl.com/videos/asl/startasl/mp4/silly.mp4
cockamamy, https://media.signbsl.com/videos/asl/startasl/mp4/silly.mp4
cockatoo, https://media.signbsl.com/videos/asl/youtube/mp4/PF2776s_Lvo.mp4
cockcrow, https://player.vimeo.com/external/391917102.sd.mp4?s=51eed1c8462cb12376308ad1c796aa536f7881d4&profile_id=164
cocker, https://player.vimeo.com/external/391390882.sd.mp4?s=91d08175bafe0a828a342483af08724100380440&profile_id=164
cockeyed, https://player.vimeo.com/external/392518215.sd.mp4?s=113d53ba6f2c71f52d578ada70db149ecff96e8b&profile_id=164
cockfight, https://media.signbsl.com/videos/asl/youtube/mp4/D7JRvL8_LDk.mp4
cockier, https://media.signbsl.com/videos/asl/youtube/mp4/QsHkCVGE9gY.mp4
cockily, https://media.signbsl.com/videos/asl/youtube/mp4/GqYfDzygRsE.mp4
cockle, https://media.signbsl.com/videos/asl/youtube/mp4/20wLRQE9uh4.mp4
cockney, https://media.signbsl.com/videos/asl/youtube/mp4/mPAbWTIj1P4.mp4
cockpit, https://media.signbsl.com/videos/asl/youtube/mp4/ezBYYwupkJc.mp4
cockroach, https://media.signbsl.com/videos/asl/thefamilyvocab/mp4/cockroach.mp4
cockscomb, https://media.signbsl.com/videos/asl/youtube/mp4/QC8Sk0ioxWg.mp4
cocksucker, https://media.signbsl.com/videos/asl/aslsearch/mp4/asshole.mp4
cocksureness, https://media.signbsl.com/videos/asl/youtube/mp4/VUHp_3EvpSs.mp4
cocktail, https://media.signbsl.com/videos/asl/youtube/mp4/1xt6Z603BxE.mp4
cocktail party, https://player.vimeo.com/external/391390767.sd.mp4?s=c2f114ebd6ac7bdb8e2ca0e037bf07f7df34b4ab&profile_id=164
cocktail table, https://media.signbsl.com/videos/asl/startasl/mp4/coffee-table.mp4
cocoa, https://media.signbsl.com/videos/asl/aslsearch/mp4/chocolate.mp4
cocoanut, https://media.signbsl.com/videos/asl/youtube/mp4/Oquf1V_W9t0.mp4
coconut, https://media.signbsl.com/videos/asl/aslsignbank/mp4/COCONUT-2525.mp4
coconut meat, https://media.signbsl.com/videos/asl/aslsignbank/mp4/COCONUT-2525.mp4
cocoon, https://media.signbsl.com/videos/asl/youtube/mp4/D9vRHxeJVSA.mp4
cocotte, https://media.signbsl.com/videos/asl/aslsearch/mp4/whore.mp4
cod, https://player.vimeo.com/external/392129831.sd.mp4?s=5e359d9d8b8db54394581346d05e92bf6c30a7a9&profile_id=164
coda, https://player.vimeo.com/external/391390850.sd.mp4?s=2da3b2be6760dfc264bd09026e8568c6ca5e9325&profile_id=164
coddle, https://player.vimeo.com/external/391390882.sd.mp4?s=91d08175bafe0a828a342483af08724100380440&profile_id=164
coddled, https://media.signbsl.com/videos/asl/youtube/mp4/PUTD6mtG85w.mp4
code, https://media.signbsl.com/videos/asl/aslsignbank/mp4/ETHICS-3060.mp4
code of ethics, https://media.signbsl.com/videos/asl/youtube/mp4/aeaLRUxNv38.mp4
code of law, https://media.signbsl.com/videos/asl/youtube/mp4/NEf5bbi4-b8.mp4
codependence, https://media.signbsl.com/videos/asl/youtube/mp4/AxHFB9UxECI.mp4
coder, https://player.vimeo.com/external/392649969.sd.mp4?s=9d457beeee3ea3376f8c869c2616801f2572c219&profile_id=164
codex, https://media.signbsl.com/videos/asl/youtube/mp4/l5F7Fv79HEU.mp4
codex official list of chemicals or medicines, https://media.signbsl.com/videos/asl/youtube/mp4/copoNDbrCnA.mp4
codger, https://media.signbsl.com/videos/asl/youtube/mp4/RpsKIZ5TMK4.mp4
codicil, https://media.signbsl.com/videos/asl/youtube/mp4/2CCF_J6EH2o.mp4
codified, https://media.signbsl.com/videos/asl/youtube/mp4/I61XrO2_rPk.mp4
coding, https://media.signbsl.com/videos/asl/thefamilyvocab/mp4/coding.mp4
codominant alleles, https://media.signbsl.com/videos/asl/youtube/mp4/IUuyd7cMSfw.mp4
coed, NA
coefficient, https://media.signbsl.com/videos/asl/tsdvideo/mp4/1248.mp4
coequal, https://media.signbsl.com/videos/asl/youtube/mp4/LW8FwibPHUk.mp4
coerce, https://player.vimeo.com/external/391390981.sd.mp4?s=72785612ca70408cf65acb27e448092746c0ee25&profile_id=164
coercer, https://media.signbsl.com/videos/asl/youtube/mp4/D0tz4C42BV0.mp4
coeval, https://media.signbsl.com/videos/asl/youtube/mp4/8HQG8Dp8slA.mp4
coevals, https://media.signbsl.com/videos/asl/aslsignbank/mp4/GENERATION-1512.mp4
coexist, https://media.signbsl.com/videos/asl/youtube/mp4/0vgNhd1H11c.mp4
coffee, https://media.signbsl.com/videos/asl/startasl/mp4/coffee.mp4
coffee bar, https://player.vimeo.com/external/391226452.sd.mp4?s=d3c728086fcfcb256f78ef78fc4f9e39f3263da4&profile_id=164
coffee bean, https://player.vimeo.com/external/391391026.sd.mp4?s=976de859ffb657fbfeb664a073bc5ac9c7aaad43&profile_id=164
coffee berry, https://player.vimeo.com/external/391391026.sd.mp4?s=976de859ffb657fbfeb664a073bc5ac9c7aaad43&profile_id=164
coffee house, https://player.vimeo.com/external/391226452.sd.mp4?s=d3c728086fcfcb256f78ef78fc4f9e39f3263da4&profile_id=164
coffeehouse, https://player.vimeo.com/external/391226452.sd.mp4?s=d3c728086fcfcb256f78ef78fc4f9e39f3263da4&profile_id=164
coffeemaker, NA
coffeepot, https://media.signbsl.com/videos/asl/youtube/mp4/d_JLA-wKFss.mp4
coffee shop, https://player.vimeo.com/external/391226452.sd.mp4?s=d3c728086fcfcb256f78ef78fc4f9e39f3263da4&profile_id=164
coffee table, https://media.signbsl.com/videos/asl/startasl/mp4/coffee-table.mp4
coffer, https://media.signbsl.com/videos/asl/youtube/mp4/z2ZLGbIrvng.mp4
cofferbox, https://media.signbsl.com/videos/asl/youtube/mp4/dD_mQBgmVW0.mp4
coffin, https://media.signbsl.com/videos/asl/youtube/mp4/7yc5ZAX_EzA.mp4
coffin nail, https://media.signbsl.com/videos/asl/aslsignbank/mp4/CIGARETTE-2522.mp4
cog, https://media.signbsl.com/videos/asl/youtube/mp4/Hyz7qCNYkcM.mp4
cogency, https://media.signbsl.com/videos/asl/youtube/mp4/LzfBrZqsCz0.mp4
cogeneration, https://media.signbsl.com/videos/asl/youtube/mp4/ROaejg5jJko.mp4
cogent, https://media.signbsl.com/videos/asl/aslsignbank/mp4/POWER-802.mp4
cogent evidence, https://media.signbsl.com/videos/asl/aslsearch/mp4/proof.mp4
coggle, https://player.vimeo.com/external/392522700.sd.mp4?s=2f372d1be7a044e4007848cb03f6debdd3480b2b&profile_id=164
cognate, https://media.signbsl.com/videos/asl/youtube/mp4/-sfCo6QT2Uw.mp4
cognisable, https://media.signbsl.com/videos/asl/youtube/mp4/_g4wW290Nu4.mp4
cognisance, https://media.signbsl.com/videos/asl/youtube/mp4/AWaAS1-PMzU.mp4
cognise, https://media.signbsl.com/videos/asl/startasl/mp4/know.mp4
cognition, https://media.signbsl.com/videos/asl/aslsearch/mp4/knowledge.mp4
cognizable, https://media.signbsl.com/videos/asl/youtube/mp4/_g4wW290Nu4.mp4
cognizance, https://media.signbsl.com/videos/asl/youtube/mp4/AWaAS1-PMzU.mp4
cognize, https://media.signbsl.com/videos/asl/startasl/mp4/know.mp4
cognomen, https://media.signbsl.com/videos/asl/youtube/mp4/3uim_eaSkmI.mp4
cognoscente, https://media.signbsl.com/videos/asl/youtube/mp4/QbDCVXOouKI.mp4
cognoscible, https://media.signbsl.com/videos/asl/youtube/mp4/_g4wW290Nu4.mp4
cogwheel, https://media.signbsl.com/videos/asl/aslsearch/mp4/gear2.mp4
cohabit, https://media.signbsl.com/videos/asl/youtube/mp4/hfX1Ty9a8tw.mp4
cohabitation, https://media.signbsl.com/videos/asl/unoclimb/mp4/Xoc2jeVRa3w.mp4
coheir, https://media.signbsl.com/videos/asl/youtube/mp4/yM9lX3rAQvQ.mp4
cohere, https://media.signbsl.com/videos/asl/youtube/mp4/qF6T4Jz6oxA.mp4
coherence, https://media.signbsl.com/videos/asl/youtube/mp4/2-ujCNCGji8.mp4
coherency, https://media.signbsl.com/videos/asl/youtube/mp4/2-ujCNCGji8.mp4
coherent, https://media.signbsl.com/videos/asl/youtube/mp4/9Fb3L4zSHX8.mp4
coherent light, https://media.signbsl.com/videos/asl/youtube/mp4/A1zN0WyOtho.mp4
cohesion, https://media.signbsl.com/videos/asl/youtube/mp4/2-ujCNCGji8.mp4
cohesiveness, https://media.signbsl.com/videos/asl/youtube/mp4/2-ujCNCGji8.mp4
cohort, https://media.signbsl.com/videos/asl/youtube/mp4/N6v1SrcZs3M.mp4
coif, https://media.signbsl.com/videos/asl/youtube/mp4/T-MnwcJE7q0.mp4
coiffure, https://player.vimeo.com/external/392680164.sd.mp4?s=6f3848a44d34ab2efd0c808ec337df4dfec5220d&profile_id=164
coil, https://player.vimeo.com/external/391391117.sd.mp4?s=685253a23b630efd33b0b72290b6fe58890b2e7d&profile_id=164
coin, https://media.signbsl.com/videos/asl/tsdvideo/mp4/94.mp4
coinage, https://player.vimeo.com/external/392381093.sd.mp4?s=d905f6f4d82a68327bdb03be9865d9836c409f70&profile_id=164
coincide, https://media.signbsl.com/videos/asl/youtube/mp4/BzTU17Jr1GE.mp4
coincidence, https://media.signbsl.com/videos/asl/elementalaslconcepts/mp4/conjunction.mp4
coincident, https://media.signbsl.com/videos/asl/aslsearch/mp4/simultaneous.mp4
coincidental, https://media.signbsl.com/videos/asl/aslsearch/mp4/simultaneous.mp4
coinciding, https://media.signbsl.com/videos/asl/aslsearch/mp4/simultaneous.mp4
coin collecting, https://player.vimeo.com/external/391391301.sd.mp4?s=633c27d4d9b64ef2cdcce87d1cb97f6938d15a6b&profile_id=164
coin collection, https://player.vimeo.com/external/391391301.sd.mp4?s=633c27d4d9b64ef2cdcce87d1cb97f6938d15a6b&profile_id=164
coiner, https://media.signbsl.com/videos/asl/youtube/mp4/48tyAvWtpkk.mp4
coins, https://media.signbsl.com/videos/asl/tsdvideo/mp4/94.mp4
coital, https://media.signbsl.com/videos/asl/youtube/mp4/ADSxn1bT2KI.mp4
coke, https://player.vimeo.com/external/391391457.sd.mp4?s=c23ac2cb4d3507ab610a899598ca2c6ce7e1219c&profile_id=164
colander, https://media.signbsl.com/videos/asl/youtube/mp4/cVumRCU3eiM.mp4
cold, https://media.signbsl.com/videos/asl/startasl/mp4/cold.mp4
cold as hell, https://media.signbsl.com/videos/asl/youtube/mp4/AwbciSC7eL8.mp4
coldblooded, NA
coldcock, https://media.signbsl.com/videos/asl/youtube/mp4/oAuf4OYOCH0.mp4
colder, https://media.signbsl.com/videos/asl/tsdvideo/mp4/95.mp4
cold feet, https://media.signbsl.com/videos/asl/youtube/mp4/o4de4qv5vE4.mp4
cold front, https://media.signbsl.com/videos/asl/aslsearch/mp4/cold-front.mp4
cold hearted, https://player.vimeo.com/external/391391491.sd.mp4?s=b56d99f5fd6fe5e4ea8f59067db3156e7115337d&profile_id=164
coldhearted, https://player.vimeo.com/external/391391491.sd.mp4?s=b56d99f5fd6fe5e4ea8f59067db3156e7115337d&profile_id=164
coldness, https://media.signbsl.com/videos/asl/startasl/mp4/cold.mp4
cold shoulder, https://player.vimeo.com/external/391391526.sd.mp4?s=5a24af5a037b0356406d797ace57b4c5b068f98e&profile_id=164
cold sore, https://player.vimeo.com/external/391391563.sd.mp4?s=8f8cdb38fd9d64604e3675ad16b61ea04601cc5a&profile_id=164
cold turkey, https://player.vimeo.com/external/391391598.sd.mp4?s=bd5f98f571b7fd02117a40cb026668772e31aa60&profile_id=164
cole, https://player.vimeo.com/external/392685294.sd.mp4?s=fe63a2824a2e351a446b4738002173d3dc3e4bbe&profile_id=164
colic, https://media.signbsl.com/videos/asl/youtube/mp4/36Thp1sRZqM.mp4
colicky, https://media.signbsl.com/videos/asl/youtube/mp4/oVGemU8M-pA.mp4
colinear, https://media.signbsl.com/videos/asl/youtube/mp4/um0Xl7G_LhU.mp4
coliseum, https://media.signbsl.com/videos/asl/youtube/mp4/OseanC07JcY.mp4
colitis, https://media.signbsl.com/videos/asl/youtube/mp4/xgK2Psrcz0M.mp4
collaborate, https://media.signbsl.com/videos/asl/aslsearch/mp4/cooperate.mp4
collaborationist, https://media.signbsl.com/videos/asl/youtube/mp4/gr5IUqbA84A.mp4
collaborator, https://media.signbsl.com/videos/asl/youtube/mp4/TrxE3ZG_A0Q.mp4
collage, https://media.signbsl.com/videos/asl/youtube/mp4/orS5lptGSY4.mp4
collapsable, https://media.signbsl.com/videos/asl/youtube/mp4/EsxC1SfCFgg.mp4
collapse, https://media.signbsl.com/videos/asl/aslsignbank/mp4/BREAKDOWN-2036.mp4
collapsible, https://media.signbsl.com/videos/asl/youtube/mp4/EsxC1SfCFgg.mp4
collapsible shelter, https://media.signbsl.com/videos/asl/youtube/mp4/EpweU31Lx0M.mp4
collar, https://media.signbsl.com/videos/asl/aslsearch/mp4/apprehend.mp4
collarless, https://media.signbsl.com/videos/asl/youtube/mp4/2VNPGeZSyEM.mp4
collate, https://media.signbsl.com/videos/asl/youtube/mp4/c7-OVKeQtyQ.mp4
collateral, https://media.signbsl.com/videos/asl/youtube/mp4/6MdURBxuqCM.mp4
collateral damage, https://media.signbsl.com/videos/asl/youtube/mp4/JzlWPHNOjm8.mp4
collaterally, https://media.signbsl.com/videos/asl/youtube/mp4/OrN49DRi_BY.mp4
collator, https://media.signbsl.com/videos/asl/youtube/mp4/HWybHxkAwu8.mp4
colleague, https://player.vimeo.com/external/391391785.sd.mp4?s=a7b70c8cfb893c24409e7fb31c37f08a64aa6804&profile_id=164
collect, https://media.signbsl.com/videos/asl/aslsignbank/mp4/EARN-813.mp4
collectable, https://media.signbsl.com/videos/asl/youtube/mp4/qsjddrRVBbs.mp4
collectible, https://media.signbsl.com/videos/asl/youtube/mp4/qsjddrRVBbs.mp4
collection, https://media.signbsl.com/videos/asl/valleybible/mp4/collection.mp4
collective, https://media.signbsl.com/videos/asl/youtube/mp4/G4uCqRRQ9OI.mp4
collectively, https://media.signbsl.com/videos/asl/aslsearch/mp4/together.mp4
collectivist, https://media.signbsl.com/videos/asl/youtube/mp4/FUzwuQRdRGk.mp4
collect leaves, https://media.signbsl.com/videos/asl/aslsignbank/mp4/RAKE-946.mp4
collector, https://media.signbsl.com/videos/asl/youtube/mp4/1cOHnIknlCw.mp4
collectors item, https://media.signbsl.com/videos/asl/youtube/mp4/nV5D8PA9u5c.mp4
colleen, https://media.signbsl.com/videos/asl/youtube/mp4/RE1BCCUiFcs.mp4
college, https://media.signbsl.com/videos/asl/startasl/mp4/college.mp4
college boy, https://media.signbsl.com/videos/asl/youtube/mp4/IG7Ddpkh6WI.mp4
college man, https://media.signbsl.com/videos/asl/youtube/mp4/IG7Ddpkh6WI.mp4
collegial, https://media.signbsl.com/videos/asl/youtube/mp4/I9V3pu7hRAs.mp4
collegian, https://media.signbsl.com/videos/asl/youtube/mp4/IG7Ddpkh6WI.mp4
collegiate, https://media.signbsl.com/videos/asl/youtube/mp4/I9V3pu7hRAs.mp4
collide, https://media.signbsl.com/videos/asl/aslsearch/mp4/collide.mp4
collide with, https://media.signbsl.com/videos/asl/aslsearch/mp4/hit3.mp4
colligate, https://media.signbsl.com/videos/asl/aslsearch/mp4/associate.mp4
colligative, https://media.signbsl.com/videos/asl/youtube/mp4/AOdUR1J1Tmk.mp4
colloidal gel, https://media.signbsl.com/videos/asl/youtube/mp4/Qc8meImFAEU.mp4
colloquia, https://media.signbsl.com/videos/asl/youtube/mp4/zmmVPUvfCL4.mp4
colloquial, https://media.signbsl.com/videos/asl/youtube/mp4/7g82tXeOqkQ.mp4
colloquies, https://media.signbsl.com/videos/asl/youtube/mp4/YkUbhaZ79xo.mp4
colly, https://media.signbsl.com/videos/asl/mariekatzenbachschool/mp4/dirty.mp4
Cologne, https://media.signbsl.com/videos/asl/aslsignbank/mp4/PERFUME-886.mp4
Colombia, https://media.signbsl.com/videos/asl/youtube/mp4/gLXfAV0gsIY.mp4
colon, https://player.vimeo.com/external/391391915.sd.mp4?s=e09abb14847f9abde77321ad0b160a9bf8be9090&profile_id=164
colonel, https://media.signbsl.com/videos/asl/youtube/mp4/rJFw6n-XtEU.mp4
colonial, https://media.signbsl.com/videos/asl/youtube/mp4/SwsmWm5wd0o.mp4
colonialism, https://player.vimeo.com/external/391392019.sd.mp4?s=b32081fa7f09a7a484ea05357e3d1e322d754b4a&profile_id=164
colonies, https://media.signbsl.com/videos/asl/elementalaslconcepts/mp4/settlement.mp4
colonisation, https://media.signbsl.com/videos/asl/elementalaslconcepts/mp4/colonization.mp4
coloniser, https://media.signbsl.com/videos/asl/youtube/mp4/noKoLOS_xm4.mp4
colonist, https://media.signbsl.com/videos/asl/elementalaslconcepts/mp4/colonists.mp4
colonization, https://media.signbsl.com/videos/asl/elementalaslconcepts/mp4/colonization.mp4
colonized mind, https://player.vimeo.com/external/391392060.sd.mp4?s=c989be776a042cc6f3d336219f2e1641803cc3fa&profile_id=164
colonizer, https://media.signbsl.com/videos/asl/youtube/mp4/noKoLOS_xm4.mp4
colonnade, https://media.signbsl.com/videos/asl/youtube/mp4/OIeO4jWHSks.mp4
colonoscopies, https://media.signbsl.com/videos/asl/youtube/mp4/0TQvRTfPtRQ.mp4
colonoscopy, https://media.signbsl.com/videos/asl/youtube/mp4/0TQvRTfPtRQ.mp4
colon punctuation mark, https://player.vimeo.com/external/391391951.sd.mp4?s=209efb0b79b41bfd2ee280487917626a912009ae&profile_id=164
colony, https://media.signbsl.com/videos/asl/elementalaslconcepts/mp4/settlement.mp4
colony american, https://media.signbsl.com/videos/asl/elementalaslconcepts/mp4/colonies_-_american.mp4
colony general, https://media.signbsl.com/videos/asl/elementalaslconcepts/mp4/colony.mp4
colony thirteen, https://media.signbsl.com/videos/asl/elementalaslconcepts/mp4/colonies_-_13.mp4
color, https://media.signbsl.com/videos/asl/startasl/mp4/color.mp4
Colorado, https://media.signbsl.com/videos/asl/mariekatzenbachschool/mp4/Colorado.mp4
colorant, https://media.signbsl.com/videos/asl/youtube/mp4/2OYr4Mh5Eo4.mp4
colorblind, NA
color center, https://media.signbsl.com/videos/asl/youtube/mp4/o7EXzP4pGMY.mp4
colored, https://media.signbsl.com/videos/asl/youtube/mp4/pxvQ4zo4xwg.mp4
colored pencils, https://media.signbsl.com/videos/asl/elementalaslconcepts/mp4/colored_pencil.mp4
colorfast, https://media.signbsl.com/videos/asl/youtube/mp4/-zRghFQVchc.mp4
colorful, https://player.vimeo.com/external/391392147.sd.mp4?s=f6780449ef2326cf8136d9a5105936deec758c9e&profile_id=164
color in, https://media.signbsl.com/videos/asl/youtube/mp4/t6TMERNyu7E.mp4
colorise, https://media.signbsl.com/videos/asl/youtube/mp4/t6TMERNyu7E.mp4
colorize, https://media.signbsl.com/videos/asl/youtube/mp4/t6TMERNyu7E.mp4
colorless, https://media.signbsl.com/videos/asl/youtube/mp4/UFGIE7pQByU.mp4
colors, https://media.signbsl.com/videos/asl/startasl/mp4/colors.mp4
colossus, https://media.signbsl.com/videos/asl/aslsearch/mp4/monster.mp4
colostomies, https://media.signbsl.com/videos/asl/youtube/mp4/S3fNWd79spk.mp4
colostomy, https://media.signbsl.com/videos/asl/youtube/mp4/S3fNWd79spk.mp4
colour, https://media.signbsl.com/videos/asl/startasl/mp4/color.mp4
coloured, https://media.signbsl.com/videos/asl/youtube/mp4/pxvQ4zo4xwg.mp4
colourful, https://player.vimeo.com/external/391392147.sd.mp4?s=f6780449ef2326cf8136d9a5105936deec758c9e&profile_id=164
colour in, https://media.signbsl.com/videos/asl/youtube/mp4/t6TMERNyu7E.mp4
colourise, https://media.signbsl.com/videos/asl/youtube/mp4/t6TMERNyu7E.mp4
colourize, https://media.signbsl.com/videos/asl/youtube/mp4/t6TMERNyu7E.mp4
colourless, https://media.signbsl.com/videos/asl/youtube/mp4/UFGIE7pQByU.mp4
colours, https://media.signbsl.com/videos/asl/startasl/mp4/colors.mp4
colt, https://media.signbsl.com/videos/asl/youtube/mp4/EuW753Yv098.mp4
coltish, https://media.signbsl.com/videos/asl/youtube/mp4/CNYNfGkc2DQ.mp4
Coluber constrictor, https://media.signbsl.com/videos/asl/youtube/mp4/DF2HYSCptYU.mp4
Columbia, https://media.signbsl.com/videos/asl/youtube/mp4/H5W--35EkKU.mp4
Columbian, https://media.signbsl.com/videos/asl/elementalaslconcepts/mp4/columbian_exchange.mp4
Columbus, https://media.signbsl.com/videos/asl/youtube/mp4/aWKZ_CzODh0.mp4
Columbus Day, https://player.vimeo.com/external/392649885.sd.mp4?s=1d47ef1fc978e1bc5af71016f027910ae28c8512&profile_id=164
column, https://media.signbsl.com/videos/asl/elementalaslconcepts/mp4/column.mp4
column article, https://player.vimeo.com/external/391392201.sd.mp4?s=a1c90a7b2a8800b8544fa800d802d417754ffcac&profile_id=164
column inch, https://media.signbsl.com/videos/asl/aslsignbank/mp4/INCH-1741.mp4
columnist, https://media.signbsl.com/videos/asl/youtube/mp4/87yaaTM5Mys.mp4
columns building, https://player.vimeo.com/external/391392261.sd.mp4?s=4d3a7470351facd75daa4e2fa19d0b7444959b0a&profile_id=164
coma, https://media.signbsl.com/videos/asl/youtube/mp4/Yu33f_xY328.mp4
comatose, https://player.vimeo.com/external/391392298.sd.mp4?s=ebbfd82942b238d71f76c62b67e51db39da963f8&profile_id=164
comatoseness, https://media.signbsl.com/videos/asl/youtube/mp4/Yu33f_xY328.mp4
comb, https://media.signbsl.com/videos/asl/aslsearch/mp4/comb.mp4
combat, https://media.signbsl.com/videos/asl/startasl/mp4/fight.mp4
combatant, https://media.signbsl.com/videos/asl/youtube/mp4/Ik1oSOrGUBE.mp4
combative, https://media.signbsl.com/videos/asl/youtube/mp4/dRTW-YZZMvI.mp4
combativeness, https://media.signbsl.com/videos/asl/youtube/mp4/XQVS1zHLcOw.mp4
combat ship, https://media.signbsl.com/videos/asl/youtube/mp4/QUeiv9YjJZw.mp4
combination, https://media.signbsl.com/videos/asl/tsdvideo/mp4/1250.mp4
combine, https://media.signbsl.com/videos/asl/aslsignbank/mp4/MATCH-1624.mp4
combined, https://media.signbsl.com/videos/asl/youtube/mp4/14yQmh1FUVk.mp4
comb out, https://media.signbsl.com/videos/asl/youtube/mp4/IR2BJLDEbTQ.mp4
combust, https://media.signbsl.com/videos/asl/youtube/mp4/LMPPEKxGRjg.mp4
combustibility, https://media.signbsl.com/videos/asl/youtube/mp4/Dv7t-cCqz2g.mp4
combustion, https://media.signbsl.com/videos/asl/AustinCommunityCollege/mp4/auto_combustion_.mp4
come, https://media.signbsl.com/videos/asl/signlanguagestudent/mp4/come.mp4
come about, https://media.signbsl.com/videos/asl/aslsearch/mp4/happen.mp4
come across, https://player.vimeo.com/external/392010398.sd.mp4?s=31ad5d44c1da6ec335af49b0cc10db211f7935f4&profile_id=164
come across communicate, https://media.signbsl.com/videos/asl/youtube/mp4/a5xW-9DJC3k.mp4
come alive, https://media.signbsl.com/videos/asl/startasl/mp4/wake-up.mp4
come apart, https://media.signbsl.com/videos/asl/aslsearch/mp4/break4.mp4
come around, https://media.signbsl.com/videos/asl/youtube/mp4/Jx9NEwwx9O0.mp4
come back, https://media.signbsl.com/videos/asl/signlanguagestudent/mp4/back%20(come-back).mp4
comeback, https://media.signbsl.com/videos/asl/signlanguagestudent/mp4/back%20(come-back).mp4
come back to haunt you come back to bite you, https://media.signbsl.com/videos/asl/youtube/mp4/-qb5ENh9TR8.mp4
come clean, https://media.signbsl.com/videos/asl/youtube/mp4/M6xjDsFtzP4.mp4
comedian, https://media.signbsl.com/videos/asl/aslsearch/mp4/comedian.mp4
comedic, https://media.signbsl.com/videos/asl/youtube/mp4/jmNYMg1rTy0.mp4
come down, https://player.vimeo.com/external/391933420.sd.mp4?s=7f18276c5e21b9c2fad985c2234e033364438c6c&profile_id=164
come down get downhop down, https://media.signbsl.com/videos/asl/youtube/mp4/eaadElTsqAo.mp4
comedy, https://media.signbsl.com/videos/asl/aslsignbank/mp4/HUMOR-738.mp4
come from, https://player.vimeo.com/external/391392459.sd.mp4?s=f99e1c6a8bf93a3a8a72b3c9800161a60c7aa221&profile_id=164
come here, https://media.signbsl.com/videos/asl/aslsignbank/mp4/E(here)-1898.mp4
come here generally accepted, https://media.signbsl.com/videos/asl/signlanguagestudent/mp4/come-here%20(generally%20accepted).mp4
come here order, https://media.signbsl.com/videos/asl/signlanguagestudent/mp4/come-here%20(order).mp4
come here passive, https://media.signbsl.com/videos/asl/signlanguagestudent/mp4/come-here%20(passive).mp4
come in, https://media.signbsl.com/videos/asl/startasl/mp4/enter.mp4
come into, https://media.signbsl.com/videos/asl/aslsearch/mp4/inherit.mp4
comelier, https://media.signbsl.com/videos/asl/youtube/mp4/9i68Nfz4A10.mp4
comeliness, https://media.signbsl.com/videos/asl/youtube/mp4/I5ox7HypFNc.mp4
come on, https://media.signbsl.com/videos/asl/aslsignbank/mp4/E(come-on)-1906.mp4
come out, https://media.signbsl.com/videos/asl/signlanguagestudent/mp4/show-up.mp4
come out of your shell, https://media.signbsl.com/videos/asl/youtube/mp4/eZ4ig362aVk.mp4
come out tooth, https://media.signbsl.com/videos/asl/youtube/mp4/URzJaYEpE_g.mp4
come over, NA
come right behindcome right after, https://media.signbsl.com/videos/asl/youtube/mp4/MHJv6giERg0.mp4
come round, https://media.signbsl.com/videos/asl/youtube/mp4/Jx9NEwwx9O0.mp4
comestible, https://media.signbsl.com/videos/asl/youtube/mp4/7Nxg5_6yx3E.mp4
comet, https://player.vimeo.com/external/391392656.sd.mp4?s=440e899dfd1229ff2d319aacff9acd8b386ae6c3&profile_id=164
come to, https://media.signbsl.com/videos/asl/youtube/mp4/axYn_QVdQzs.mp4
come to a compromise, https://media.signbsl.com/videos/asl/youtube/mp4/R7uBu_MvhzM.mp4
come to mind, https://media.signbsl.com/videos/asl/youtube/mp4/wQHdlKHVGVU.mp4
Come unto Christ, https://media.signbsl.com/videos/asl/ids/mp4/2013-11-860-come-unto-christ-1600k-ase.mp4
come up, https://media.signbsl.com/videos/asl/signlanguagestudent/mp4/come.mp4
come upon, https://player.vimeo.com/external/391392432.sd.mp4?s=12cac95d74867a4427afd9416f866395320fa9f9&profile_id=164
come up to, https://player.vimeo.com/external/391146030.sd.mp4?s=5d872110cf52e532d9ba2b631204e45bc6c2b980&profile_id=164
come up to tall, https://media.signbsl.com/videos/asl/youtube/mp4/WJmxrYEapi8.mp4
come with, https://media.signbsl.com/videos/asl/aslsearch/mp4/accompany.mp4
comfort, https://media.signbsl.com/videos/asl/aslsignbank/mp4/COMFORTABLE-2039.mp4
comfortable, https://media.signbsl.com/videos/asl/aslsignbank/mp4/SIMPLE-761.mp4
comforter, https://media.signbsl.com/videos/asl/aslsignbank/mp4/PACIFIER-2278.mp4
comfortless, https://media.signbsl.com/videos/asl/youtube/mp4/p8CGPNNar4E.mp4
comforts, https://media.signbsl.com/videos/asl/youtube/mp4/FU3yEgbONYo.mp4
comfort station, https://media.signbsl.com/videos/asl/aslsearch/mp4/restroom.mp4
comfrims, https://media.signbsl.com/videos/asl/youtube/mp4/WanJnu0KtUM.mp4
comic, https://media.signbsl.com/videos/asl/aslsignbank/mp4/FUNNY-3015.mp4
comical, https://media.signbsl.com/videos/asl/aslsignbank/mp4/FUNNY-3015.mp4
comic book, https://media.signbsl.com/videos/asl/aslsearch/mp4/comic-book.mp4
coming, https://media.signbsl.com/videos/asl/youtube/mp4/IMCaD9Nqkoo.mp4
coming out, https://media.signbsl.com/videos/asl/youtube/mp4/U2REU8CI4jg.mp4
coming toward, https://media.signbsl.com/videos/asl/signlanguagestudent/mp4/coming-toward.mp4
comma, https://media.signbsl.com/videos/asl/aslsignbank/mp4/COMMA-3101.mp4
command, https://media.signbsl.com/videos/asl/aslsignbank/mp4/ORDER_2-805.mp4
commandeer, https://media.signbsl.com/videos/asl/youtube/mp4/ngs3j2HkCMs.mp4
commanding, https://media.signbsl.com/videos/asl/youtube/mp4/7vwNFRslj2o.mp4
commandment, https://media.signbsl.com/videos/asl/signlanguagestudent/mp4/commandmentr.mp4
commandments, https://media.signbsl.com/videos/asl/signlanguagestudent/mp4/commandmentr.mp4
commando, https://player.vimeo.com/external/391392801.sd.mp4?s=050568f841b1de2d72dc81e7fb20e293855c9a45&profile_id=164
Command Order, https://media.signbsl.com/videos/asl/ids/mp4/2013-11-890-command-order-1500k-ase.mp4
command prompt, https://player.vimeo.com/external/392423431.sd.mp4?s=3ee6b8f55d96f7aacbddfa5f0ce2d877eb0970be&profile_id=164
commemorate, https://media.signbsl.com/videos/asl/youtube/mp4/Pw0uZshp2ko.mp4
commemoration, https://media.signbsl.com/videos/asl/elementalaslconcepts/mp4/memorial.mp4
commence, https://media.signbsl.com/videos/asl/aslsignbank/mp4/START-619.mp4
commencement, https://media.signbsl.com/videos/asl/youtube/mp4/s4DS7M1mgYw.mp4
commencement ceremony, https://media.signbsl.com/videos/asl/youtube/mp4/s4DS7M1mgYw.mp4
commencement exercise, https://media.signbsl.com/videos/asl/youtube/mp4/s4DS7M1mgYw.mp4
commend, https://media.signbsl.com/videos/asl/aslsearch/mp4/commend.mp4
commendable, https://media.signbsl.com/videos/asl/youtube/mp4/hs7_yafRlKE.mp4
commensalism, https://media.signbsl.com/videos/asl/youtube/mp4/VJdS2ZkCprY.mp4
commensurate, https://media.signbsl.com/videos/asl/youtube/mp4/jhVeg3WM6Ps.mp4
comment, https://media.signbsl.com/videos/asl/aslsignbank/mp4/COMMENT-1088.mp4
commentaries, https://media.signbsl.com/videos/asl/youtube/mp4/SdzCxZv0jYE.mp4
commentary, https://media.signbsl.com/videos/asl/youtube/mp4/SdzCxZv0jYE.mp4
commentate, https://media.signbsl.com/videos/asl/youtube/mp4/DtwMUINfhUE.mp4
commentator, https://media.signbsl.com/videos/asl/youtube/mp4/J2xq-QymQtc.mp4
commerce, https://media.signbsl.com/videos/asl/youtube/mp4/_qlDFaKpsqs.mp4
commercial, https://media.signbsl.com/videos/asl/aslsearch/mp4/commercial.mp4
commercialise, https://media.signbsl.com/videos/asl/youtube/mp4/84AucSjUxns.mp4
commercialism, https://media.signbsl.com/videos/asl/youtube/mp4/_qlDFaKpsqs.mp4
commercialize, https://media.signbsl.com/videos/asl/youtube/mp4/84AucSjUxns.mp4
commie, https://media.signbsl.com/videos/asl/youtube/mp4/EfTT5jpXN0g.mp4
commingle, https://media.signbsl.com/videos/asl/aslsignbank/mp4/MATCH-1624.mp4
commiserate, https://media.signbsl.com/videos/asl/youtube/mp4/LGkB4JANsmA.mp4
commiseration, https://media.signbsl.com/videos/asl/aslsignbank/mp4/PITY-216.mp4
commisioning, https://media.signbsl.com/videos/asl/youtube/mp4/4475AMjbjR4.mp4
commisions, https://media.signbsl.com/videos/asl/youtube/mp4/dO7a1atfp5c.mp4
commissar, https://media.signbsl.com/videos/asl/youtube/mp4/T5jHRRKEirc.mp4
commissaries, https://media.signbsl.com/videos/asl/youtube/mp4/Fvt1n-K7lKg.mp4
commissary, https://media.signbsl.com/videos/asl/youtube/mp4/Fvt1n-K7lKg.mp4
commission, https://media.signbsl.com/videos/asl/aslsignbank/mp4/COMMITTEE-1089.mp4
commissioned, https://media.signbsl.com/videos/asl/ids/mp4/2013-11-910-commissioned-1500k-ase.mp4
commissioner, https://media.signbsl.com/videos/asl/youtube/mp4/DKSGb_FKArI.mp4
commit, https://media.signbsl.com/videos/asl/startasl/mp4/invest.mp4
Commit Commitment, https://media.signbsl.com/videos/asl/ids/mp4/2013-11-920-commit-commitment-1500k-ase.mp4
commitment, https://media.signbsl.com/videos/asl/youtube/mp4/w39wAB02sh8.mp4
committal to memory, https://media.signbsl.com/videos/asl/aslsignbank/mp4/MEMORIZE-1618.mp4
committee, https://media.signbsl.com/videos/asl/aslsignbank/mp4/COMMITTEE-1089.mp4
committeeman, https://media.signbsl.com/videos/asl/youtube/mp4/iEiA-o76cTk.mp4
committeewoman, https://media.signbsl.com/videos/asl/youtube/mp4/4B6zZJ4IprE.mp4
commix, https://media.signbsl.com/videos/asl/youtube/mp4/teY8UJZyMjk.mp4
commode, https://media.signbsl.com/videos/asl/aslsearch/mp4/potty.mp4
commodiousness, https://media.signbsl.com/videos/asl/youtube/mp4/GHe-Yrh52C4.mp4
commodities, https://media.signbsl.com/videos/asl/youtube/mp4/VopzLMPQyh4.mp4
commodity, https://media.signbsl.com/videos/asl/youtube/mp4/VopzLMPQyh4.mp4
common, https://media.signbsl.com/videos/asl/aslsignbank/mp4/DAILY-1203.mp4
common cold, https://media.signbsl.com/videos/asl/aslsignbank/mp4/COUGH-1169.mp4
common denominator, https://media.signbsl.com/videos/asl/tsdvideo/mp4/216.mp4
common difference, https://media.signbsl.com/videos/asl/youtube/mp4/Lu7714CZdeI.mp4
common divisor, https://media.signbsl.com/videos/asl/tsdvideo/mp4/439.mp4
commoner, https://media.signbsl.com/videos/asl/youtube/mp4/txkakpfitKc.mp4
common factor, https://media.signbsl.com/videos/asl/tsdvideo/mp4/439.mp4
common good, https://media.signbsl.com/videos/asl/elementalaslconcepts/mp4/common_good.mp4
common ground, https://media.signbsl.com/videos/asl/aslsignbank/mp4/OVERLAP-1527.mp4
common iguana, https://player.vimeo.com/external/392193042.sd.mp4?s=56c920158a4cab07dbed71ea144959d0eb0d0d51&profile_id=164
common law, https://player.vimeo.com/external/391907296.sd.mp4?s=36cbbdf7e16362737b7619dbdf953379e4ab846e&profile_id=164
common logarithm, https://media.signbsl.com/videos/asl/youtube/mp4/vh690D-IJGg.mp4
commonly, https://media.signbsl.com/videos/asl/youtube/mp4/qa-eI25U23s.mp4
common man, https://media.signbsl.com/videos/asl/youtube/mp4/txkakpfitKc.mp4
Common Market, https://media.signbsl.com/videos/asl/mariekatzenbachschool/mp4/European%20Union.mp4
common measure, https://media.signbsl.com/videos/asl/tsdvideo/mp4/439.mp4
common multiple, https://media.signbsl.com/videos/asl/tsdvideo/mp4/1252.mp4
common nuisance, https://media.signbsl.com/videos/asl/unoclimb/mp4/YKDLKfcFLTU.mp4
common people, https://player.vimeo.com/external/392129708.sd.mp4?s=24a2b0232c2b9e5f071c45e8c5cbc6381f54d48f&profile_id=164
common person, https://media.signbsl.com/videos/asl/youtube/mp4/txkakpfitKc.mp4
commonplace, https://player.vimeo.com/external/395766615.sd.mp4?s=9b69fab9cb80ecd9ec05ab9af58453ba3575b39c&profile_id=164
common ratio, https://media.signbsl.com/videos/asl/youtube/mp4/MFLrnKRpfUo.mp4
common salt, https://media.signbsl.com/videos/asl/startasl/mp4/salt.mp4
common sense, https://media.signbsl.com/videos/asl/aslsearch/mp4/common-sense.mp4
commonsense, https://media.signbsl.com/videos/asl/aslsearch/mp4/common-sense.mp4
commonsensible, https://media.signbsl.com/videos/asl/youtube/mp4/05haHiB9VuU.mp4
commonsensical, https://media.signbsl.com/videos/asl/youtube/mp4/05haHiB9VuU.mp4
common terminal, https://media.signbsl.com/videos/asl/AustinCommunityCollege/mp4/elec_common_terminal_.mp4
commonweal, https://media.signbsl.com/videos/asl/elementalaslconcepts/mp4/common_good.mp4
commonwealth, https://media.signbsl.com/videos/asl/aslsearch/mp4/nation.mp4
Commonwealth of Australia, https://media.signbsl.com/videos/asl/startasl/mp4/australia.mp4
Commonwealth of Puerto Rico, https://media.signbsl.com/videos/asl/startasl/mp4/puerto-rico.mp4
Commonwealth of the Bahamas, https://media.signbsl.com/videos/asl/youtube/mp4/S1SuVJ0_B_E.mp4
commotion, https://media.signbsl.com/videos/asl/youtube/mp4/TP1xGosEXRo.mp4
commove, https://media.signbsl.com/videos/asl/aslsearch/mp4/excite.mp4
communal, https://media.signbsl.com/videos/asl/youtube/mp4/apmgIP00ug0.mp4
communicability, https://media.signbsl.com/videos/asl/youtube/mp4/DZezMueDgFI.mp4
communicable, https://player.vimeo.com/external/392669749.sd.mp4?s=1a71ee94ea53017104fafd6fe25eaaf055e184b5&profile_id=164
communicate, https://media.signbsl.com/videos/asl/aslsignbank/mp4/COMMUNICATION-1108.mp4
communicating, https://media.signbsl.com/videos/asl/aslsignbank/mp4/CONTACT-1137.mp4
communication, https://media.signbsl.com/videos/asl/aslsignbank/mp4/CONTACT-1137.mp4
communications protocol, https://media.signbsl.com/videos/asl/deaftec/mp4/1040.mp4
communicative, https://media.signbsl.com/videos/asl/youtube/mp4/h0a2jRrUh4Q.mp4
communicator, https://media.signbsl.com/videos/asl/youtube/mp4/8ye6tksNHVc.mp4
Communion, https://media.signbsl.com/videos/asl/aslsearch/mp4/communion.mp4
communion table, https://media.signbsl.com/videos/asl/valleybible/mp4/altar.mp4
communique, https://media.signbsl.com/videos/asl/youtube/mp4/F9MMZ8SBZio.mp4
communisation, https://media.signbsl.com/videos/asl/youtube/mp4/-1Mz9JImAG4.mp4
communism, https://media.signbsl.com/videos/asl/youtube/mp4/PxvcgvNxaUY.mp4
communist, https://media.signbsl.com/videos/asl/youtube/mp4/EfTT5jpXN0g.mp4
Communist China, https://media.signbsl.com/videos/asl/startasl/mp4/china.mp4
communities, https://media.signbsl.com/videos/asl/signlanguagestudent/mp4/community.mp4
community, https://media.signbsl.com/videos/asl/signlanguagestudent/mp4/community.mp4
communization, https://media.signbsl.com/videos/asl/youtube/mp4/-1Mz9JImAG4.mp4
commutable, https://media.signbsl.com/videos/asl/youtube/mp4/qGhHQwQa4bw.mp4
commutation, https://media.signbsl.com/videos/asl/youtube/mp4/-IJMPeNRSgQ.mp4
commutative, https://media.signbsl.com/videos/asl/deaftec-math/mp4/9D-1.mp4
commutative property, https://media.signbsl.com/videos/asl/elementalaslconcepts/mp4/commutitive_property.mp4
commutative property of addition, https://media.signbsl.com/videos/asl/youtube/mp4/h8hTiQYAttU.mp4
commutative property of multiplication, https://media.signbsl.com/videos/asl/youtube/mp4/Sf80nOu9jck.mp4
commute, https://media.signbsl.com/videos/asl/aslsignbank/mp4/COMMUTE-1109.mp4
commuter, https://media.signbsl.com/videos/asl/youtube/mp4/cLimuB1Yua4.mp4
commuter train, https://media.signbsl.com/videos/asl/youtube/mp4/cLimuB1Yua4.mp4
commuting, https://media.signbsl.com/videos/asl/youtube/mp4/-IJMPeNRSgQ.mp4
Comoros, https://media.signbsl.com/videos/asl/youtube/mp4/53x1PAxoCWM.mp4
comp, https://media.signbsl.com/videos/asl/youtube/mp4/TnA3umTbThk.mp4
compact, https://media.signbsl.com/videos/asl/aslsearch/mp4/compact.mp4
compaction, https://media.signbsl.com/videos/asl/aslsearch/mp4/crush.mp4
companies, https://media.signbsl.com/videos/asl/aslsearch/mp4/company.mp4
companion, https://media.signbsl.com/videos/asl/aslsearch/mp4/comrade.mp4
companionship, https://media.signbsl.com/videos/asl/ids/mp4/2013-11-1700-fellowship-1500k-ase.mp4
companion volcano, https://media.signbsl.com/videos/asl/youtube/mp4/JfVXjqQid2k.mp4
company, https://media.signbsl.com/videos/asl/aslsearch/mp4/company.mp4
company visitors, https://media.signbsl.com/videos/asl/signlanguagestudent/mp4/company%20(visitors).mp4
comparability, https://media.signbsl.com/videos/asl/youtube/mp4/uzd45OVQLl8.mp4
comparative, https://media.signbsl.com/videos/asl/aslsignbank/mp4/THAN-1197.mp4
compare, https://media.signbsl.com/videos/asl/aslsignbank/mp4/COMPARE-2175.mp4
compare apples and oranges, https://media.signbsl.com/videos/asl/youtube/mp4/huQQfSv3IDM.mp4
comparison, https://media.signbsl.com/videos/asl/youtube/mp4/uzd45OVQLl8.mp4
compartment, https://media.signbsl.com/videos/asl/youtube/mp4/c8_jwBEmMnk.mp4
compartmental, https://media.signbsl.com/videos/asl/youtube/mp4/alrTZpGAb68.mp4
compartmentalisation, https://media.signbsl.com/videos/asl/aslsignbank/mp4/DIFFERENT-106.mp4
compartmentalised, https://media.signbsl.com/videos/asl/youtube/mp4/alrTZpGAb68.mp4
compartmentalization, https://media.signbsl.com/videos/asl/aslsignbank/mp4/DIFFERENT-106.mp4
compartmentalized, https://media.signbsl.com/videos/asl/youtube/mp4/alrTZpGAb68.mp4
compass, https://media.signbsl.com/videos/asl/aslsignbank/mp4/UNDERSTAND-311.mp4
compass drafting, https://player.vimeo.com/external/391907666.sd.mp4?s=d0339509c02d759b8b096c2d17e417e442c4617d&profile_id=164
compassion, https://media.signbsl.com/videos/asl/signlanguagestudent/mp4/compassion.mp4
compassionate, https://media.signbsl.com/videos/asl/youtube/mp4/2u4Bri-63oM.mp4
compassionateness, https://media.signbsl.com/videos/asl/signlanguagestudent/mp4/compassion.mp4
Compassionate Service, https://media.signbsl.com/videos/asl/ids/mp4/2013-11-930-compassionate-service-1500k-ase.mp4
compass navigation, https://player.vimeo.com/external/391907714.sd.mp4?s=33781028bab2af7981a33e89b9e9c64a499addcc&profile_id=164
compass rose, https://media.signbsl.com/videos/asl/elementalaslconcepts/mp4/compass_rose.mp4
compatibility, https://media.signbsl.com/videos/asl/youtube/mp4/X9oeDcVHcu4.mp4
compatible, https://media.signbsl.com/videos/asl/aslsearch/mp4/compatible.mp4
compatible numbers, https://media.signbsl.com/videos/asl/tsdvideo/mp4/441.mp4
compatiblism, https://media.signbsl.com/videos/asl/philosophy/mp4/Compatiblism-HD.mp4
compatriot, https://media.signbsl.com/videos/asl/youtube/mp4/i7gFNzcpWv4.mp4
compel, https://player.vimeo.com/external/391907910.sd.mp4?s=ab764c402586894d3e95be1eeff3907597c70ccc&profile_id=164
compelling, https://media.signbsl.com/videos/asl/youtube/mp4/4fjMT-jy960.mp4
compendium, https://media.signbsl.com/videos/asl/youtube/mp4/_wlxb-MUFTs.mp4
compensate, https://media.signbsl.com/videos/asl/aslsearch/mp4/compensate.mp4
compensation, https://media.signbsl.com/videos/asl/youtube/mp4/ra8uWo0KVlM.mp4
compete, https://media.signbsl.com/videos/asl/aslsignbank/mp4/SPORTS-587.mp4
competence, https://media.signbsl.com/videos/asl/youtube/mp4/0-_82i3ShzQ.mp4
competency, https://media.signbsl.com/videos/asl/youtube/mp4/0-_82i3ShzQ.mp4
competent, https://media.signbsl.com/videos/asl/aslsearch/mp4/competent.mp4
competition, https://media.signbsl.com/videos/asl/youtube/mp4/T5m6IypzLq4.mp4
competitive, https://player.vimeo.com/external/391907970.sd.mp4?s=33cca40a89b902683133187988fde546848e35f0&profile_id=164
competitor, https://media.signbsl.com/videos/asl/youtube/mp4/T5m6IypzLq4.mp4
competitory, https://player.vimeo.com/external/391907970.sd.mp4?s=33cca40a89b902683133187988fde546848e35f0&profile_id=164
compilation, https://media.signbsl.com/videos/asl/youtube/mp4/_lebkUauipI.mp4
compile, https://media.signbsl.com/videos/asl/aslsignbank/mp4/EARN-813.mp4
compiling, https://media.signbsl.com/videos/asl/youtube/mp4/_lebkUauipI.mp4
complacence, https://media.signbsl.com/videos/asl/youtube/mp4/Dr44keuKN2c.mp4
complacency, https://media.signbsl.com/videos/asl/youtube/mp4/Dr44keuKN2c.mp4
complain, https://media.signbsl.com/videos/asl/startasl/mp4/complain.mp4
complainant, https://media.signbsl.com/videos/asl/youtube/mp4/--wASLGwmyA.mp4
complainer, https://media.signbsl.com/videos/asl/youtube/mp4/Hg3v807Gkvg.mp4
complaisance, https://media.signbsl.com/videos/asl/youtube/mp4/_CWVg42azI8.mp4
complect, https://media.signbsl.com/videos/asl/youtube/mp4/LcNeHJm9tCs.mp4
complement, https://media.signbsl.com/videos/asl/youtube/mp4/sU6AT1j4qOQ.mp4
complementarity, https://player.vimeo.com/external/391908035.sd.mp4?s=c3b5e0d6739539d2809e373661ef335cfcba0360&profile_id=164
complementary, https://media.signbsl.com/videos/asl/tsdvideo/mp4/566.mp4
complementary angle, https://media.signbsl.com/videos/asl/tsdvideo/mp4/1253.mp4
complementary dna sequence, https://media.signbsl.com/videos/asl/deaftec/mp4/1359.mp4
complete, https://media.signbsl.com/videos/asl/aslsignbank/mp4/END-OF-1308.mp4
completed, https://media.signbsl.com/videos/asl/youtube/mp4/ujzMg9UQeaU.mp4
complete full, https://media.signbsl.com/videos/asl/signlanguagestudent/mp4/complete%20(full).mp4
completely, https://media.signbsl.com/videos/asl/aslsearch/mp4/whole.mp4
complex, https://media.signbsl.com/videos/asl/aslsignbank/mp4/COMPLEX-1120.mp4
complex fraction, https://media.signbsl.com/videos/asl/youtube/mp4/sk8PDHYrzaI.mp4
complexion, https://media.signbsl.com/videos/asl/youtube/mp4/pMVIkJRgq3g.mp4
complex number, https://media.signbsl.com/videos/asl/tsdvideo/mp4/1465.mp4
complex plane, https://media.signbsl.com/videos/asl/youtube/mp4/Zqg0fRAv3K0.mp4
complex quantity, https://media.signbsl.com/videos/asl/tsdvideo/mp4/1465.mp4
compliance, https://media.signbsl.com/videos/asl/youtube/mp4/UCPsIheVYc8.mp4
compliancy, https://media.signbsl.com/videos/asl/youtube/mp4/_CWVg42azI8.mp4
compliant, https://media.signbsl.com/videos/asl/youtube/mp4/WQul6p2CJIQ.mp4
complicate, https://media.signbsl.com/videos/asl/youtube/mp4/jLiQYyCMKCg.mp4
complicated, https://media.signbsl.com/videos/asl/aslsignbank/mp4/COMPLEX-2319.mp4
complicate the matter, https://media.signbsl.com/videos/asl/youtube/mp4/Ugotwojt7mM.mp4
complication, https://media.signbsl.com/videos/asl/aslsignbank/mp4/PROBLEM_2-935.mp4
complicit, https://media.signbsl.com/videos/asl/youtube/mp4/zVvVb4kc2Dc.mp4
compliment, https://media.signbsl.com/videos/asl/aslsignbank/mp4/CONGRATULATIONS-2545.mp4
complimentary, https://media.signbsl.com/videos/asl/youtube/mp4/5Q-K83FVAjc.mp4
comply, https://player.vimeo.com/external/391145567.sd.mp4?s=04321c8b4caf2d849e1522842f422b022aa87d3b&profile_id=164
component, https://media.signbsl.com/videos/asl/tsdvideo/mp4/223.mp4
components, https://media.signbsl.com/videos/asl/tsdvideo/mp4/223.mp4
comport, https://media.signbsl.com/videos/asl/aslsearch/mp4/behave.mp4
comportment, https://media.signbsl.com/videos/asl/AustinCommunityCollege/mp4/auto_bearing_.mp4
compose, https://media.signbsl.com/videos/asl/startasl/mp4/write.mp4
composite, https://media.signbsl.com/videos/asl/youtube/mp4/ypUuyyghPrM.mp4
compositely, https://media.signbsl.com/videos/asl/youtube/mp4/ji6HHxxyQOI.mp4
composite number, https://media.signbsl.com/videos/asl/tsdvideo/mp4/442.mp4
composition, https://media.signbsl.com/videos/asl/startasl/mp4/writing.mp4
composition board, https://media.signbsl.com/videos/asl/youtube/mp4/QiXZx6Atqw0.mp4
composition of functions, https://media.signbsl.com/videos/asl/youtube/mp4/o182T9QthOE.mp4
compositor, https://media.signbsl.com/videos/asl/youtube/mp4/zyz0xswSW14.mp4
compost, https://media.signbsl.com/videos/asl/thefamilyvocab/mp4/compost.mp4
composure, https://media.signbsl.com/videos/asl/youtube/mp4/899zhZJMPBw.mp4
computer programmer, https://player.vimeo.com/external/392649969.sd.mp4?s=9d457beeee3ea3376f8c869c2616801f2572c219&profile_id=164
computer virus, https://media.signbsl.com/videos/asl/youtube/mp4/nWU-qw2ptIo.mp4
computing, https://media.signbsl.com/videos/asl/youtube/mp4/1PGvfk3QQzA.mp4
computing device, https://media.signbsl.com/videos/asl/startasl/mp4/computer-2.mp4
computing machine, https://media.signbsl.com/videos/asl/startasl/mp4/computer-2.mp4
comrade, https://media.signbsl.com/videos/asl/aslsearch/mp4/comrade.mp4
comradeliness, https://media.signbsl.com/videos/asl/youtube/mp4/rrWi5X90TCQ.mp4
comradery, https://media.signbsl.com/videos/asl/youtube/mp4/rrWi5X90TCQ.mp4
comradeship, https://media.signbsl.com/videos/asl/youtube/mp4/rrWi5X90TCQ.mp4
con, https://media.signbsl.com/videos/asl/aslsignbank/mp4/FOOL-1491.mp4
concatenation, https://media.signbsl.com/videos/asl/youtube/mp4/GyMu7bwGglI.mp4
concave, https://media.signbsl.com/videos/asl/youtube/mp4/WxkI6_xvU9o.mp4
concave root surface suck back, https://media.signbsl.com/videos/asl/AustinCommunityCollege/mp4/weld_concave_surface_.mp4
concavo concave, https://media.signbsl.com/videos/asl/youtube/mp4/h7-LerOK6P4.mp4
conceal, https://media.signbsl.com/videos/asl/aslsignbank/mp4/HIDE-1768.mp4
concealable, https://media.signbsl.com/videos/asl/youtube/mp4/1vTO9nNsY08.mp4
concealment, https://player.vimeo.com/external/391910903.sd.mp4?s=3ab0c0cdccaff55355ab22ae98f63f0eebd8b59d&profile_id=164
concede sports, https://media.signbsl.com/videos/asl/youtube/mp4/hTX-5pa5jCw.mp4
conceit, https://media.signbsl.com/videos/asl/youtube/mp4/PeoR2THDOoE.mp4
conceited, https://media.signbsl.com/videos/asl/youtube/mp4/gLg4Pk49K2c.mp4
conceivable, https://media.signbsl.com/videos/asl/youtube/mp4/g7U1FnMa8sg.mp4
conceive, https://media.signbsl.com/videos/asl/valleybible/mp4/conceive.mp4
conceive of, https://media.signbsl.com/videos/asl/signlanguagestudent/mp4/imagine.mp4
conceive virgin mary only, https://media.signbsl.com/videos/asl/valleybible/mp4/conceive.mp4
concentrate, https://media.signbsl.com/videos/asl/youtube/mp4/puMH2-b5Is4.mp4
concentrated, https://media.signbsl.com/videos/asl/elementalaslconcepts/mp4/saturated.mp4
concentrate on, https://player.vimeo.com/external/392767064.sd.mp4?s=3b6f173c665a1dd9e60fbe7b2caf2da384b50c90&profile_id=164
concentration, https://media.signbsl.com/videos/asl/elementalaslconcepts/mp4/concentration.mp4
concentric, https://media.signbsl.com/videos/asl/youtube/mp4/O9ft6EIjOTw.mp4
concentrical, https://media.signbsl.com/videos/asl/youtube/mp4/O9ft6EIjOTw.mp4
concept, https://media.signbsl.com/videos/asl/aslsignbank/mp4/CONCEPT-1121.mp4
conception, https://media.signbsl.com/videos/asl/aslsignbank/mp4/CONCEPT-1121.mp4
conceptualisation, https://media.signbsl.com/videos/asl/youtube/mp4/q87vhESdciQ.mp4
conceptualization, https://media.signbsl.com/videos/asl/youtube/mp4/q87vhESdciQ.mp4
conceptus, https://media.signbsl.com/videos/asl/elementalaslconcepts/mp4/embryo.mp4
concern, https://media.signbsl.com/videos/asl/aslsignbank/mp4/CONCERN-1122.mp4
concerned, https://media.signbsl.com/videos/asl/aslsignbank/mp4/WORRY-850.mp4
concert, https://media.signbsl.com/videos/asl/youtube/mp4/Q2ipRqk4tiw.mp4
concert dance, https://media.signbsl.com/videos/asl/aslsearch/mp4/ballet.mp4
concerted, https://media.signbsl.com/videos/asl/youtube/mp4/14yQmh1FUVk.mp4
concertgoer, NA
concerto, https://media.signbsl.com/videos/asl/youtube/mp4/A6t5aRmOmj8.mp4
concession, https://media.signbsl.com/videos/asl/youtube/mp4/2yVd-gcAgnQ.mp4
concessionaire, https://media.signbsl.com/videos/asl/youtube/mp4/4_P5uBMuNTA.mp4
concessioner, https://media.signbsl.com/videos/asl/youtube/mp4/4_P5uBMuNTA.mp4
concession stand, https://media.signbsl.com/videos/asl/youtube/mp4/fGhYe7M0PMY.mp4
concierge, https://media.signbsl.com/videos/asl/youtube/mp4/vNCIhQ-TYck.mp4
conciliate, https://player.vimeo.com/external/392414630.sd.mp4?s=3a7fd0653661d8d31e18710537233f1a71c00885&profile_id=164
concise, https://media.signbsl.com/videos/asl/youtube/mp4/VQFkpGnelE0.mp4
conclude, https://media.signbsl.com/videos/asl/aslsearch/mp4/conclude.mp4
conclude officially make an agreement, https://media.signbsl.com/videos/asl/youtube/mp4/jMNEPjmIyVI.mp4
concluding, https://media.signbsl.com/videos/asl/youtube/mp4/U_0sbi05fkg.mp4
conclusion, https://media.signbsl.com/videos/asl/signlanguagestudent/mp4/decision.mp4
conclusive, https://media.signbsl.com/videos/asl/youtube/mp4/Yg8RCcxXSUg.mp4
conclusiveness, https://media.signbsl.com/videos/asl/youtube/mp4/hSz4nyTRCeI.mp4
concoct, https://media.signbsl.com/videos/asl/youtube/mp4/75tV48CcOxY.mp4
concoction, https://media.signbsl.com/videos/asl/youtube/mp4/95gucfxhAnA.mp4
concooperative, https://media.signbsl.com/videos/asl/youtube/mp4/gAUpF-3bTm8.mp4
concord, https://media.signbsl.com/videos/asl/aslsearch/mp4/agree.mp4
concordance, https://media.signbsl.com/videos/asl/youtube/mp4/hTto3dg3_fE.mp4
concourse, https://media.signbsl.com/videos/asl/signlanguagestudent/mp4/multitude.mp4
concrete, https://media.signbsl.com/videos/asl/aslsignbank/mp4/SOLID-263.mp4
concretion, https://media.signbsl.com/videos/asl/aslsearch/mp4/calculus.mp4
concretise, https://media.signbsl.com/videos/asl/youtube/mp4/SkK_HIjMGD0.mp4
concretize, https://media.signbsl.com/videos/asl/youtube/mp4/SkK_HIjMGD0.mp4
concubine, https://media.signbsl.com/videos/asl/youtube/mp4/EWcgko-3P2g.mp4
concupiscence, https://media.signbsl.com/videos/asl/youtube/mp4/CXoxuaHSmwc.mp4
concur, https://media.signbsl.com/videos/asl/aslsearch/mp4/agree.mp4
concurrence, https://media.signbsl.com/videos/asl/elementalaslconcepts/mp4/conjunction.mp4
concurrent, https://media.signbsl.com/videos/asl/aslsearch/mp4/simultaneous.mp4
concuss, https://media.signbsl.com/videos/asl/youtube/mp4/L0TrtIdnVvw.mp4
condemn, https://media.signbsl.com/videos/asl/signlanguagestudent/mp4/condemn.mp4
condemnation, https://media.signbsl.com/videos/asl/youtube/mp4/GW-czWjDrjI.mp4
condemned, https://media.signbsl.com/videos/asl/valleybible/mp4/condemned.mp4
condemner, https://media.signbsl.com/videos/asl/youtube/mp4/uhgsab4XA_s.mp4
condemn force a person to experience or do something, https://media.signbsl.com/videos/asl/youtube/mp4/DNTxs80uAK8.mp4
condensate, https://media.signbsl.com/videos/asl/youtube/mp4/syddYuOoSJg.mp4
condensation, https://media.signbsl.com/videos/asl/youtube/mp4/duwwhLvEyc0.mp4
condense, https://media.signbsl.com/videos/asl/aslsearch/mp4/condense.mp4
condense gas becomes liquid, https://media.signbsl.com/videos/asl/youtube/mp4/wCB_EDXXGqg.mp4
condenser, https://media.signbsl.com/videos/asl/AustinCommunityCollege/mp4/auto_capacitor_.mp4
condescend, https://player.vimeo.com/external/392386658.sd.mp4?s=af35bffa04816cad82d54f862342b79be3c22441&profile_id=164
condition, https://media.signbsl.com/videos/asl/youtube/mp4/xzCZD1ppQC8.mp4
conditional, https://media.signbsl.com/videos/asl/aslsignbank/mp4/IF-157.mp4
conditional probability, https://media.signbsl.com/videos/asl/tsdvideo/mp4/1489.mp4
conditional statement, https://media.signbsl.com/videos/asl/youtube/mp4/UO-FGbqeB6w.mp4
conditioner, https://media.signbsl.com/videos/asl/youtube/mp4/JYqdflXhu_E.mp4
conditioner exercise that helps the body, https://media.signbsl.com/videos/asl/youtube/mp4/tEJ7JL2iKiY.mp4
condition of ones health, https://media.signbsl.com/videos/asl/youtube/mp4/d3z8bmQV8es.mp4
condo, https://media.signbsl.com/videos/asl/youtube/mp4/QKSPSH7EuZg.mp4
condolence, https://media.signbsl.com/videos/asl/youtube/mp4/rjv4aiOuiEw.mp4
condole with, https://media.signbsl.com/videos/asl/youtube/mp4/2u4Bri-63oM.mp4
condom, https://media.signbsl.com/videos/asl/youtube/mp4/etZqk3lCC-c.mp4
condominium, https://media.signbsl.com/videos/asl/youtube/mp4/QKSPSH7EuZg.mp4
condone, https://media.signbsl.com/videos/asl/youtube/mp4/4RE8CHZtBJs.mp4
conduct, https://media.signbsl.com/videos/asl/youtube/mp4/1RpSyOpG2_w.mp4
Conduct Administrate, https://media.signbsl.com/videos/asl/ids/mp4/2013-11-960-conduct-adminstrate-1500k-ase.mp4
conducting wire, https://media.signbsl.com/videos/asl/aslsearch/mp4/wire.mp4
conduction, https://media.signbsl.com/videos/asl/youtube/mp4/lQKIDRCFgBA.mp4
conductivity, https://media.signbsl.com/videos/asl/youtube/mp4/lQKIDRCFgBA.mp4
conductor, https://media.signbsl.com/videos/asl/youtube/mp4/PdMf8gO84yU.mp4
conductors, https://media.signbsl.com/videos/asl/youtube/mp4/PdMf8gO84yU.mp4
conduit, https://media.signbsl.com/videos/asl/youtube/mp4/jvPFFeV4ia0.mp4
cone, https://media.signbsl.com/videos/asl/tsdvideo/mp4/97.mp4
cone bearing, https://media.signbsl.com/videos/asl/youtube/mp4/QX-EwGkuRKs.mp4
coney, https://media.signbsl.com/videos/asl/mariekatzenbachschool/mp4/rabbit.mp4
confab, https://media.signbsl.com/videos/asl/startasl/mp4/gossip.mp4
confabulate, https://media.signbsl.com/videos/asl/startasl/mp4/gossip.mp4
confection, https://media.signbsl.com/videos/asl/youtube/mp4/95gucfxhAnA.mp4
confectioner, https://media.signbsl.com/videos/asl/youtube/mp4/bOiNemrKn1M.mp4
confection something that is made of different parts that look attractive together, https://media.signbsl.com/videos/asl/youtube/mp4/E9A8nrbPXgM.mp4
confederacies, https://media.signbsl.com/videos/asl/youtube/mp4/UXwBWxoPzig.mp4
confederacy, https://media.signbsl.com/videos/asl/youtube/mp4/UXwBWxoPzig.mp4
confederacy secret agreement between two or more people to perform an unlawful act, https://media.signbsl.com/videos/asl/youtube/mp4/BTeWZC7175Y.mp4
confederate, https://media.signbsl.com/videos/asl/unoclimb/mp4/Pf7wq5f_GHg.mp4
Confederate Army, https://media.signbsl.com/videos/asl/elementalaslconcepts/mp4/confederate_army.mp4
Confederate States, https://media.signbsl.com/videos/asl/youtube/mp4/nAkOsgT15kY.mp4
Confederate States of America, https://media.signbsl.com/videos/asl/youtube/mp4/nAkOsgT15kY.mp4
confederation, https://media.signbsl.com/videos/asl/aslsearch/mp4/alliance.mp4
confer, https://media.signbsl.com/videos/asl/aslsignbank/mp4/MEETING-790.mp4
conference, https://media.signbsl.com/videos/asl/aslsignbank/mp4/LEAGUE-1684.mp4
conference badge, https://media.signbsl.com/videos/asl/aslsignbank/mp4/OFFICIAL-1548.mp4
conference group of teams, https://media.signbsl.com/videos/asl/youtube/mp4/sfa-gFQOtSo.mp4
conferrable, https://media.signbsl.com/videos/asl/youtube/mp4/BjXm-RtqPWg.mp4
confess, https://media.signbsl.com/videos/asl/aslsearch/mp4/confess.mp4
Confess Admit, https://media.signbsl.com/videos/asl/ids/mp4/2013-11-970-confess-admit-1500k-ase.mp4
confession, https://media.signbsl.com/videos/asl/handsofgrace/mp4/e_qc0Fos2QM.mp4
confetti, https://media.signbsl.com/videos/asl/youtube/mp4/BUcFi5abVrU.mp4
confidant, https://media.signbsl.com/videos/asl/youtube/mp4/ovYiAS64qeY.mp4
confide, https://player.vimeo.com/external/392012460.sd.mp4?s=c9c688f759c0932057515aa22d4f7da828c4bda6&profile_id=164
confidence, https://media.signbsl.com/videos/asl/aslsignbank/mp4/HEALTH-765.mp4
confidence game, https://media.signbsl.com/videos/asl/aslsignbank/mp4/FOOL-1491.mp4
confidence trick, https://media.signbsl.com/videos/asl/aslsignbank/mp4/FOOL-1491.mp4
confident, https://media.signbsl.com/videos/asl/startasl/mp4/confident.mp4
confidential, https://media.signbsl.com/videos/asl/aslsignbank/mp4/SECRET-1009.mp4
configuration, https://media.signbsl.com/videos/asl/youtube/mp4/_tkZxBm3Sn8.mp4
configure, https://media.signbsl.com/videos/asl/youtube/mp4/TUBYqNxMWNQ.mp4
confine, https://media.signbsl.com/videos/asl/startasl/mp4/limit.mp4
confines, https://media.signbsl.com/videos/asl/youtube/mp4/N1ERiFNL5XY.mp4
confirm, https://media.signbsl.com/videos/asl/startasl/mp4/support.mp4
confirmation, https://media.signbsl.com/videos/asl/aslsignbank/mp4/PROOF-753.mp4
confirmed bachelor, https://media.signbsl.com/videos/asl/youtube/mp4/5uRuE9pwkTw.mp4
confirm formally accept someone new in an important position, https://media.signbsl.com/videos/asl/youtube/mp4/U7BJXyID1O8.mp4
confiscate, https://media.signbsl.com/videos/asl/youtube/mp4/W8ON0WFfK4M.mp4
conflagration, https://media.signbsl.com/videos/asl/youtube/mp4/0qh4h5b1fL0.mp4
conflate, https://media.signbsl.com/videos/asl/aslsignbank/mp4/MATCH-1624.mp4
conflict, https://media.signbsl.com/videos/asl/aslsignbank/mp4/CONFLICT-1123.mp4
confluence, https://media.signbsl.com/videos/asl/youtube/mp4/EOvKRns-2fE.mp4
conform, https://media.signbsl.com/videos/asl/youtube/mp4/g34_JAUzxtk.mp4
conformation, https://media.signbsl.com/videos/asl/youtube/mp4/UCPsIheVYc8.mp4
conformer, https://media.signbsl.com/videos/asl/youtube/mp4/MeuRy6iPEhw.mp4
conformity, https://media.signbsl.com/videos/asl/youtube/mp4/UCPsIheVYc8.mp4
confound, https://media.signbsl.com/videos/asl/aslsearch/mp4/confuse.mp4
confounded, https://media.signbsl.com/videos/asl/aslsignbank/mp4/CONFUSED-2320.mp4
confound not understand, https://media.signbsl.com/videos/asl/youtube/mp4/r29ulMjGgGg.mp4
confront, https://media.signbsl.com/videos/asl/youtube/mp4/t48HzefhB8o.mp4
confrontation, https://media.signbsl.com/videos/asl/aslsearch/mp4/encounter.mp4
confuse, https://media.signbsl.com/videos/asl/aslsearch/mp4/confuse.mp4
confused, https://media.signbsl.com/videos/asl/aslsignbank/mp4/CONFUSED-2320.mp4
confutable, https://media.signbsl.com/videos/asl/youtube/mp4/Fijshoc_2vA.mp4
confutation, https://media.signbsl.com/videos/asl/youtube/mp4/BCQ_fh87yS0.mp4
confutative, https://media.signbsl.com/videos/asl/youtube/mp4/Fijshoc_2vA.mp4
conga, https://media.signbsl.com/videos/asl/youtube/mp4/qll926fPPk0.mp4
con game, https://media.signbsl.com/videos/asl/aslsignbank/mp4/FOOL-1491.mp4
congeal, https://media.signbsl.com/videos/asl/youtube/mp4/ACiD3MpHWr8.mp4
congenital, https://media.signbsl.com/videos/asl/youtube/mp4/xH2v4A5I2pE.mp4
congeries, https://player.vimeo.com/external/391153169.sd.mp4?s=bd3abaa73c4292b7aa6a5e99aff7c2aea0eed722&profile_id=164
congest, https://media.signbsl.com/videos/asl/youtube/mp4/rTthqSqbXVs.mp4
conglobation, https://media.signbsl.com/videos/asl/youtube/mp4/BMt4pIBAcsQ.mp4
conglomerate, https://media.signbsl.com/videos/asl/aslsignbank/mp4/INCREASE-2424.mp4
conglomeration, https://player.vimeo.com/external/391153169.sd.mp4?s=bd3abaa73c4292b7aa6a5e99aff7c2aea0eed722&profile_id=164
Congo, https://media.signbsl.com/videos/asl/youtube/mp4/vP9Y03-EHmQ.mp4
congrats, https://media.signbsl.com/videos/asl/youtube/mp4/Rg-V5U6gXf0.mp4
congratulate, https://media.signbsl.com/videos/asl/aslsignbank/mp4/CONGRATULATIONS-2545.mp4
congratulations, https://media.signbsl.com/videos/asl/signlanguagestudent/mp4/praise%20(alternate).mp4
congregant, https://media.signbsl.com/videos/asl/youtube/mp4/lGNNWr_q-bc.mp4
congregate, https://media.signbsl.com/videos/asl/aslsignbank/mp4/SOCIALIZE-1091.mp4
congregational, https://media.signbsl.com/videos/asl/youtube/mp4/86dnVQ4QMDk.mp4
congress, https://media.signbsl.com/videos/asl/signlanguagestudent/mp4/congress.mp4
congressman, https://media.signbsl.com/videos/asl/elementalaslconcepts/mp4/representive.mp4
congressperson, https://media.signbsl.com/videos/asl/aslsearch/mp4/companion.mp4
congresswoman, https://media.signbsl.com/videos/asl/elementalaslconcepts/mp4/representive.mp4
congruence, https://media.signbsl.com/videos/asl/youtube/mp4/VuRGBiRT7W4.mp4
congruence transformation, https://media.signbsl.com/videos/asl/youtube/mp4/zbtfU6xjm-k.mp4
congruent, https://media.signbsl.com/videos/asl/tsdvideo/mp4/1217.mp4
congruity, https://media.signbsl.com/videos/asl/youtube/mp4/VuRGBiRT7W4.mp4
congruous, https://media.signbsl.com/videos/asl/tsdvideo/mp4/1217.mp4
congruousness, https://media.signbsl.com/videos/asl/youtube/mp4/VuRGBiRT7W4.mp4
coniferous, https://media.signbsl.com/videos/asl/youtube/mp4/QX-EwGkuRKs.mp4
con into, https://media.signbsl.com/videos/asl/youtube/mp4/GShDCby606c.mp4
conjectural, https://media.signbsl.com/videos/asl/youtube/mp4/f5PUMjZX5Pk.mp4
conjoin, https://media.signbsl.com/videos/asl/startasl/mp4/marry.mp4
conjointly, https://media.signbsl.com/videos/asl/aslsearch/mp4/together.mp4
conjugal, https://media.signbsl.com/videos/asl/youtube/mp4/H16Fi5lJ_gk.mp4
conjugal rights, https://media.signbsl.com/videos/asl/unoclimb/mp4/63zNvTmPJbE.mp4
conjugate, https://media.signbsl.com/videos/asl/youtube/mp4/T-4SIWJN8BQ.mp4
conjugate solution, https://media.signbsl.com/videos/asl/youtube/mp4/T-4SIWJN8BQ.mp4
conjunct, https://media.signbsl.com/videos/asl/youtube/mp4/14yQmh1FUVk.mp4
conjunction, https://media.signbsl.com/videos/asl/elementalaslconcepts/mp4/conjunction.mp4
conjunctive, https://media.signbsl.com/videos/asl/youtube/mp4/14yQmh1FUVk.mp4
conjunctivitis, https://media.signbsl.com/videos/asl/youtube/mp4/BKCOIjwTrq4.mp4
conjuration, https://media.signbsl.com/videos/asl/youtube/mp4/Q7eAYOTN3Q8.mp4
conjure, https://media.signbsl.com/videos/asl/youtube/mp4/d7yeNWDpuXU.mp4
conjurer, https://media.signbsl.com/videos/asl/aslsearch/mp4/magician.mp4
conjure up, https://media.signbsl.com/videos/asl/youtube/mp4/d7yeNWDpuXU.mp4
conjure up create, https://media.signbsl.com/videos/asl/youtube/mp4/V35Km3rEWzg.mp4
conjure up magic, https://media.signbsl.com/videos/asl/youtube/mp4/OnykVzZrubU.mp4
conjuring trick, https://media.signbsl.com/videos/asl/youtube/mp4/noJ2N-r-K2A.mp4
conjuror, https://media.signbsl.com/videos/asl/aslsearch/mp4/magician.mp4
conk, https://media.signbsl.com/videos/asl/youtube/mp4/7Reav4BjWdQ.mp4
conk out, https://media.signbsl.com/videos/asl/aslsignbank/mp4/BREAK-420.mp4
conman, NA
connect, https://media.signbsl.com/videos/asl/aslsearch/mp4/associate.mp4
Connecticut, https://media.signbsl.com/videos/asl/youtube/mp4/ki5LBMjoKmo.mp4
connection, https://media.signbsl.com/videos/asl/aslsignbank/mp4/RELATIONSHIP-1164.mp4
connect the dots, https://media.signbsl.com/videos/asl/youtube/mp4/cSDwjqn8zyk.mp4
connexion, https://media.signbsl.com/videos/asl/aslsignbank/mp4/RELATIONSHIP-1164.mp4
conniption, https://media.signbsl.com/videos/asl/youtube/mp4/IzxS4yEDVHU.mp4
connive, https://media.signbsl.com/videos/asl/youtube/mp4/eppEgN03ulk.mp4
conniving, https://media.signbsl.com/videos/asl/aslsignbank/mp4/i(rub-hands)-1802.mp4
connotation, https://media.signbsl.com/videos/asl/youtube/mp4/VStPytylFRA.mp4
connote, https://media.signbsl.com/videos/asl/youtube/mp4/qY5BxxTBLKc.mp4
connubial, https://media.signbsl.com/videos/asl/youtube/mp4/H16Fi5lJ_gk.mp4
conquer, https://media.signbsl.com/videos/asl/aslsearch/mp4/conquer.mp4
conquerable, https://media.signbsl.com/videos/asl/youtube/mp4/rGzyFo2AaCc.mp4
conquer earn the love admiration or respect of someone, https://media.signbsl.com/videos/asl/youtube/mp4/Z0UsyDMMYtM.mp4
conquering, https://media.signbsl.com/videos/asl/youtube/mp4/3hO_1--eZqY.mp4
conqueror, https://media.signbsl.com/videos/asl/youtube/mp4/UWG87OwB41o.mp4
conquest, https://media.signbsl.com/videos/asl/youtube/mp4/3hO_1--eZqY.mp4
conquest someone you have persuaded to have sex with you, https://media.signbsl.com/videos/asl/youtube/mp4/iP-Qe0r2c9M.mp4
conquistador, https://media.signbsl.com/videos/asl/elementalaslconcepts/mp4/conquistador.mp4
consanguine, https://media.signbsl.com/videos/asl/youtube/mp4/m54wfBvHy8E.mp4
consanguineous, https://media.signbsl.com/videos/asl/youtube/mp4/m54wfBvHy8E.mp4
conscience, https://media.signbsl.com/videos/asl/aslsignbank/mp4/GUILTY-1851.mp4
conscienceless, https://media.signbsl.com/videos/asl/youtube/mp4/wvUKM1IGvlU.mp4
conscientious, https://media.signbsl.com/videos/asl/youtube/mp4/xdxA7OhDmIg.mp4
conscious, https://media.signbsl.com/videos/asl/youtube/mp4/nB4SB1LJ3Gg.mp4
consciousness, https://media.signbsl.com/videos/asl/youtube/mp4/AWaAS1-PMzU.mp4
conscript, https://media.signbsl.com/videos/asl/youtube/mp4/pW9jC3lA6zk.mp4
consecrate, https://media.signbsl.com/videos/asl/aslsearch/mp4/dedicate.mp4
Consecrated oil, https://media.signbsl.com/videos/asl/ids/mp4/2013-11-1010-consecrated-oil-1500k-ase.mp4
consecration, https://media.signbsl.com/videos/asl/ids/mp4/2013-11-1020-consecration-1500k-ase.mp4
consecutive, https://media.signbsl.com/videos/asl/youtube/mp4/9VceugS3Hxs.mp4
consecutive sides, https://media.signbsl.com/videos/asl/youtube/mp4/M5h4m7d_Va8.mp4
consent, https://media.signbsl.com/videos/asl/youtube/mp4/JXajqW4VRKQ.mp4
consentaneous, https://media.signbsl.com/videos/asl/unoclimb/mp4/SNK-WdmCeUI.mp4
consentient, https://media.signbsl.com/videos/asl/unoclimb/mp4/SNK-WdmCeUI.mp4
consequence, https://media.signbsl.com/videos/asl/aslsignbank/mp4/RESULT-970.mp4
consequent, https://media.signbsl.com/videos/asl/youtube/mp4/_gZO3THLO4w.mp4
consequentialism, https://media.signbsl.com/videos/asl/philosophy/mp4/Consequentialism%201-HD.mp4
Consequentialist, https://media.signbsl.com/videos/asl/philosophy/mp4/Consequentialist%201-HD.mp4
conservancies, https://media.signbsl.com/videos/asl/youtube/mp4/yEOrNijU_sU.mp4
conservancy, https://media.signbsl.com/videos/asl/youtube/mp4/yEOrNijU_sU.mp4
conservancy organization that is in charge of protecting an area of land or water from damage, https://media.signbsl.com/videos/asl/youtube/mp4/GykJkLquG3I.mp4
conservationist, https://media.signbsl.com/videos/asl/youtube/mp4/NnRUWYnbyJU.mp4
conservatism, https://media.signbsl.com/videos/asl/youtube/mp4/-8ga2X_OVAE.mp4
conservative, https://player.vimeo.com/external/392375847.sd.mp4?s=6774277435c61aa9503d52440e09d7d1800bcde6&profile_id=164
conservativism, https://media.signbsl.com/videos/asl/youtube/mp4/-8ga2X_OVAE.mp4
conservatoire, https://media.signbsl.com/videos/asl/youtube/mp4/Ca2YDHrdFLI.mp4
conservator, https://media.signbsl.com/videos/asl/thefamilyvocab/mp4/curator.mp4
conservatories, https://media.signbsl.com/videos/asl/youtube/mp4/Ca2YDHrdFLI.mp4
conservatory, https://media.signbsl.com/videos/asl/youtube/mp4/Ca2YDHrdFLI.mp4
conserve, https://media.signbsl.com/videos/asl/youtube/mp4/k8Z8wn4y_XI.mp4
consider, https://media.signbsl.com/videos/asl/startasl/mp4/think-about.mp4
considerate, https://media.signbsl.com/videos/asl/youtube/mp4/6LlcL4NrGrE.mp4
considered, https://media.signbsl.com/videos/asl/signlanguagestudent/mp4/considered%20(alternate%20sign).mp4
consign, https://media.signbsl.com/videos/asl/youtube/mp4/zB0VgZ0AjHg.mp4
consignee, https://media.signbsl.com/videos/asl/youtube/mp4/uw7VIUWIcW4.mp4
consigner, https://media.signbsl.com/videos/asl/youtube/mp4/hD26H1o6g4c.mp4
consignment, https://media.signbsl.com/videos/asl/youtube/mp4/fdfwrq6WTVA.mp4
consignment amount of goods that are delivered, https://media.signbsl.com/videos/asl/youtube/mp4/VaAgbB97ZoE.mp4
consignor, https://media.signbsl.com/videos/asl/youtube/mp4/hD26H1o6g4c.mp4
consist, https://media.signbsl.com/videos/asl/youtube/mp4/Ys5mxSHQr0o.mp4
consistence, https://media.signbsl.com/videos/asl/youtube/mp4/MdXp01RjxS4.mp4
consistency, https://media.signbsl.com/videos/asl/youtube/mp4/MdXp01RjxS4.mp4
consistency degree to which a substance is thick smooth or firm, https://media.signbsl.com/videos/asl/youtube/mp4/GYaaTBUJv_M.mp4
consistent, https://media.signbsl.com/videos/asl/youtube/mp4/HCDMah6meuM.mp4
consolable, https://media.signbsl.com/videos/asl/youtube/mp4/1Ft7BavaFJk.mp4
console, https://media.signbsl.com/videos/asl/aslsignbank/mp4/COMFORTABLE-2039.mp4
console as in commands, https://media.signbsl.com/videos/asl/deaftec/mp4/949.mp4
consolidate, https://media.signbsl.com/videos/asl/youtube/mp4/uFKnkMRRvEc.mp4
consonance, https://media.signbsl.com/videos/asl/youtube/mp4/cPWCpP8QypA.mp4
consort, https://media.signbsl.com/videos/asl/youtube/mp4/2G5YAoQONwY.mp4
consortium, https://media.signbsl.com/videos/asl/youtube/mp4/DdRzNk5jRXM.mp4
consort with the wrong crowd, https://media.signbsl.com/videos/asl/youtube/mp4/LKSzAD6txfw.mp4
conspecific belonging to the same group, https://media.signbsl.com/videos/asl/youtube/mp4/NfAc7DA8_kM.mp4
conspicuous, https://media.signbsl.com/videos/asl/signlanguagestudent/mp4/obvious.mp4
conspiracies, https://media.signbsl.com/videos/asl/youtube/mp4/9ouAYsU4fNs.mp4
conspiracy, https://media.signbsl.com/videos/asl/youtube/mp4/9ouAYsU4fNs.mp4
constabulary, https://media.signbsl.com/videos/asl/aslsignbank/mp4/POLICE-912.mp4
constancy, https://media.signbsl.com/videos/asl/youtube/mp4/mXKSwEzv1aM.mp4
constant, https://media.signbsl.com/videos/asl/tsdvideo/mp4/328.mp4
Constantinople, https://media.signbsl.com/videos/asl/youtube/mp4/0IIWKA9G9kE.mp4
constellate, https://media.signbsl.com/videos/asl/youtube/mp4/4BrzyVZZXr0.mp4
constellation, https://media.signbsl.com/videos/asl/aslsearch/mp4/constellation.mp4
consternation, https://media.signbsl.com/videos/asl/aslsignbank/mp4/ALARM-402.mp4
constipate, https://media.signbsl.com/videos/asl/youtube/mp4/z8hdjhGJSOc.mp4
constipation, https://media.signbsl.com/videos/asl/youtube/mp4/rGA07f-t7S8.mp4
constituencies, https://media.signbsl.com/videos/asl/youtube/mp4/U-fj77nPPd8.mp4
constituency, https://media.signbsl.com/videos/asl/youtube/mp4/U-fj77nPPd8.mp4
constituent, https://media.signbsl.com/videos/asl/tsdvideo/mp4/223.mp4
constitute, https://media.signbsl.com/videos/asl/youtube/mp4/6RNoxiJXfes.mp4
constitution, https://media.signbsl.com/videos/asl/aslsearch/mp4/constitution.mp4
constitutional, https://media.signbsl.com/videos/asl/elementalaslconcepts/mp4/constitutional.mp4
constitutionalism, https://media.signbsl.com/videos/asl/youtube/mp4/r1rjbP_7ov0.mp4
constitutionality, https://media.signbsl.com/videos/asl/youtube/mp4/q_QZ8AmXRUI.mp4
Constitution State, https://media.signbsl.com/videos/asl/youtube/mp4/ki5LBMjoKmo.mp4
constitutive, NA
constrain, https://media.signbsl.com/videos/asl/youtube/mp4/DCv1IRNRacA.mp4
constraint, https://media.signbsl.com/videos/asl/aslsignbank/mp4/LIMIT-1647.mp4
constrict, https://media.signbsl.com/videos/asl/aslsearch/mp4/compact.mp4
constriction, https://media.signbsl.com/videos/asl/youtube/mp4/NNu0g4kmihU.mp4
constrictor, https://media.signbsl.com/videos/asl/youtube/mp4/hGunJ1miNBo.mp4
constringe, https://media.signbsl.com/videos/asl/youtube/mp4/wgXOTMeUOdo.mp4
construct, https://media.signbsl.com/videos/asl/aslsignbank/mp4/BUILD-57.mp4
construct complicated idea created by making several simpler ideas fit together, https://media.signbsl.com/videos/asl/youtube/mp4/nbOXlXHrues.mp4
constructed action, https://media.signbsl.com/videos/asl/aslsignbank/mp4/DS-1917.mp4
construction, https://media.signbsl.com/videos/asl/aslsignbank/mp4/RENOVATE-2352.mp4
constructionist, https://media.signbsl.com/videos/asl/youtube/mp4/UheTNrBEuP0.mp4
construct object built from various parts, https://media.signbsl.com/videos/asl/youtube/mp4/SMcDEavURdY.mp4
construe, https://media.signbsl.com/videos/asl/aslsignbank/mp4/INTERPRET-1723.mp4
consul, https://media.signbsl.com/videos/asl/youtube/mp4/6zLoPbJTXFM.mp4
consulate, https://media.signbsl.com/videos/asl/youtube/mp4/3a9m9MunXaQ.mp4
consult, https://media.signbsl.com/videos/asl/aslsearch/mp4/refer.mp4
consultancies, https://media.signbsl.com/videos/asl/youtube/mp4/g0CGfZtY0-M.mp4
consultancy, https://media.signbsl.com/videos/asl/youtube/mp4/g0CGfZtY0-M.mp4
consultant, https://media.signbsl.com/videos/asl/aslsignbank/mp4/COUNSELOR-2548.mp4
consult ask for information or advice from someone who has special knowledge about a particular subj, https://media.signbsl.com/videos/asl/youtube/mp4/EcYaeJ3BgSE.mp4
consultation, https://media.signbsl.com/videos/asl/youtube/mp4/h-K_f1Hlits.mp4
consumable, https://media.signbsl.com/videos/asl/youtube/mp4/TF1VezOHg7w.mp4
consume, https://media.signbsl.com/videos/asl/aslsearch/mp4/use-up.mp4
consumer, https://media.signbsl.com/videos/asl/youtube/mp4/WEbSHo7Dv0Y.mp4
consumer buyer, https://media.signbsl.com/videos/asl/elementalaslconcepts/mp4/consumer_-_buyer.mp4
consumerism, https://media.signbsl.com/videos/asl/youtube/mp4/ASjDCTTHnxM.mp4
consummate, https://media.signbsl.com/videos/asl/youtube/mp4/xu3OguwKRFI.mp4
consumption, https://media.signbsl.com/videos/asl/youtube/mp4/YPNt8gTJREo.mp4
contact, https://media.signbsl.com/videos/asl/aslsignbank/mp4/TOUCH-305.mp4
contact lens, https://media.signbsl.com/videos/asl/youtube/mp4/5D5nGwilFm4.mp4
contact lenses, https://media.signbsl.com/videos/asl/youtube/mp4/5D5nGwilFm4.mp4
contactors, https://media.signbsl.com/videos/asl/AustinCommunityCollege/mp4/elec_conctactor_.mp4
contacts, https://media.signbsl.com/videos/asl/aslsignbank/mp4/TOUCH-305.mp4
contagion, https://media.signbsl.com/videos/asl/elementalaslconcepts/mp4/contagious_disease.mp4
contagious, https://player.vimeo.com/external/392669749.sd.mp4?s=1a71ee94ea53017104fafd6fe25eaaf055e184b5&profile_id=164
contagious disease, https://media.signbsl.com/videos/asl/elementalaslconcepts/mp4/contagious_disease.mp4
contain, https://media.signbsl.com/videos/asl/youtube/mp4/xIWoaQqiwTE.mp4
containable, https://media.signbsl.com/videos/asl/youtube/mp4/eklNFqwkRxI.mp4
container, https://media.signbsl.com/videos/asl/aslsearch/mp4/container.mp4
containment, https://media.signbsl.com/videos/asl/youtube/mp4/_ZTNapBtasU.mp4
contaminant, https://media.signbsl.com/videos/asl/youtube/mp4/DyaqJhcXsoQ.mp4
contaminate make impure, https://media.signbsl.com/videos/asl/youtube/mp4/BS5k0Q37DYM.mp4
contamination, https://media.signbsl.com/videos/asl/youtube/mp4/0B0ewMUBncA.mp4
contaminator, https://media.signbsl.com/videos/asl/youtube/mp4/PlbzPEQZbJw.mp4
contemn, https://media.signbsl.com/videos/asl/aslsearch/mp4/despise.mp4
contemplate, https://media.signbsl.com/videos/asl/signlanguagestudent/mp4/ponder.mp4
contemplation, https://media.signbsl.com/videos/asl/tsdvideo/mp4/507.mp4
contemplative, https://media.signbsl.com/videos/asl/elementalaslconcepts/mp4/reflect.mp4
contemporaneity, https://media.signbsl.com/videos/asl/youtube/mp4/o-nJ_i2aIus.mp4
contemporaneousness, https://media.signbsl.com/videos/asl/youtube/mp4/o-nJ_i2aIus.mp4
contemporaries, https://media.signbsl.com/videos/asl/aslsignbank/mp4/GENERATION-1512.mp4
contemporary, https://media.signbsl.com/videos/asl/youtube/mp4/8HQG8Dp8slA.mp4
contemporary world, https://player.vimeo.com/external/392418560.sd.mp4?s=faeb242650d37ec51f013df9f38f30e50bacbb57&profile_id=164
contemporise, https://media.signbsl.com/videos/asl/youtube/mp4/4GYkJcozhOI.mp4
contemporize, https://media.signbsl.com/videos/asl/youtube/mp4/4GYkJcozhOI.mp4
contempt, https://media.signbsl.com/videos/asl/aslsearch/mp4/contempt.mp4
contemptible, https://media.signbsl.com/videos/asl/youtube/mp4/Ytbtl9nicm4.mp4
contend, https://media.signbsl.com/videos/asl/aslsignbank/mp4/SPORTS-587.mp4
contender, https://media.signbsl.com/videos/asl/youtube/mp4/T5m6IypzLq4.mp4
contend handle successfully, https://media.signbsl.com/videos/asl/youtube/mp4/aHZo6lP-nWc.mp4
contend suggest something is true, https://media.signbsl.com/videos/asl/youtube/mp4/6m5zSeCyKK4.mp4
content, https://media.signbsl.com/videos/asl/aslsignbank/mp4/MEAT-1622.mp4
contention, https://media.signbsl.com/videos/asl/aslsearch/mp4/controversy.mp4
Contention Strife, https://media.signbsl.com/videos/asl/ids/mp4/2013-11-1030-contention-strife-1500k-ase.mp4
contentious, https://media.signbsl.com/videos/asl/youtube/mp4/dRTW-YZZMvI.mp4
contentious enjoy arguing, https://media.signbsl.com/videos/asl/youtube/mp4/-VidLuBb3HY.mp4
contentiousness, https://media.signbsl.com/videos/asl/youtube/mp4/eQPOSPKCtG0.mp4
contents, https://media.signbsl.com/videos/asl/elementalaslconcepts/mp4/table_of_contents.mp4
conterminous, https://media.signbsl.com/videos/asl/youtube/mp4/4vdqUPH8zFU.mp4
contest, https://media.signbsl.com/videos/asl/aslsearch/mp4/contest.mp4
contestable, https://media.signbsl.com/videos/asl/youtube/mp4/5ICHJjOzqr8.mp4
contestant, https://media.signbsl.com/videos/asl/youtube/mp4/j1kIfjcsY3U.mp4
contestation, https://media.signbsl.com/videos/asl/aslsearch/mp4/controversy.mp4
context, https://media.signbsl.com/videos/asl/aslsignbank/mp4/ENVIRONMENT-1965.mp4
context clues, https://media.signbsl.com/videos/asl/elementalaslconcepts/mp4/context_clues.mp4
context of use, https://media.signbsl.com/videos/asl/aslsignbank/mp4/ENVIRONMENT-1965.mp4
contextualize, https://media.signbsl.com/videos/asl/youtube/mp4/K7zhnPS3QDE.mp4
contiguous, https://media.signbsl.com/videos/asl/aslsearch/mp4/immediate.mp4
continence, https://media.signbsl.com/videos/asl/youtube/mp4/T8oWjJUvIIo.mp4
continency, https://media.signbsl.com/videos/asl/youtube/mp4/T8oWjJUvIIo.mp4
continent, https://media.signbsl.com/videos/asl/elementalaslconcepts/mp4/continent.mp4
contingence, https://media.signbsl.com/videos/asl/youtube/mp4/Gwg0-ouIchY.mp4
contingencies, https://media.signbsl.com/videos/asl/youtube/mp4/Gwg0-ouIchY.mp4
contingency, https://media.signbsl.com/videos/asl/youtube/mp4/Gwg0-ouIchY.mp4
contingent, https://media.signbsl.com/videos/asl/philosophy/mp4/Contingent-HD.mp4
contingent on, https://media.signbsl.com/videos/asl/philosophy/mp4/Contingent-HD.mp4
contingent probability, https://media.signbsl.com/videos/asl/tsdvideo/mp4/1489.mp4
continuance, https://player.vimeo.com/external/391993246.sd.mp4?s=e24af79fd54e36371d740ef2848955ed54e2cf1e&profile_id=164
continuation, https://media.signbsl.com/videos/asl/aslsignbank/mp4/PROCESS-936.mp4
continue, https://media.signbsl.com/videos/asl/startasl/mp4/continue.mp4
continuity, https://player.vimeo.com/external/392695410.sd.mp4?s=1a3915520dbf02fb8450cfdf4604e62ce471fd8d&profile_id=164
continuous, https://media.signbsl.com/videos/asl/youtube/mp4/Dgm30OH_Mjw.mp4
contort, https://player.vimeo.com/external/391919446.sd.mp4?s=af3a88f2aabe8ae08d679f191d58f5a260791c93&profile_id=164
contortionist, https://media.signbsl.com/videos/asl/youtube/mp4/LQJ17bgj1cA.mp4
contour, https://media.signbsl.com/videos/asl/youtube/mp4/KfgeuH0n5ko.mp4
contour line, https://media.signbsl.com/videos/asl/youtube/mp4/KfgeuH0n5ko.mp4
contraband, https://player.vimeo.com/external/391203299.sd.mp4?s=ee3bed0ddf4cd0cc030354037bd204571cb8ded5&profile_id=164
contrabandist, https://media.signbsl.com/videos/asl/youtube/mp4/Ot1tDQTaP_k.mp4
contraclockwise, https://player.vimeo.com/external/391910629.sd.mp4?s=e16b5e2f0f2d0935458aef118ba3c6703c9803e8&profile_id=164
contract, https://media.signbsl.com/videos/asl/aslsearch/mp4/compact.mp4
contractable, https://player.vimeo.com/external/392669749.sd.mp4?s=1a71ee94ea53017104fafd6fe25eaaf055e184b5&profile_id=164
contractible, https://media.signbsl.com/videos/asl/youtube/mp4/Mui4Fbpl0AI.mp4
contraction, https://media.signbsl.com/videos/asl/youtube/mp4/omON-vpws1c.mp4
contractions uterine, https://media.signbsl.com/videos/asl/youtube/mp4/omON-vpws1c.mp4
contract muscle becomes tighter, https://media.signbsl.com/videos/asl/youtube/mp4/6E7iKiC6UVE.mp4
contractor, https://media.signbsl.com/videos/asl/youtube/mp4/sQ8Rwpbn1iM.mp4
contract out, https://media.signbsl.com/videos/asl/youtube/mp4/jD0e6H2xYDM.mp4
contract out farm out, https://media.signbsl.com/videos/asl/youtube/mp4/jD0e6H2xYDM.mp4
contradict, https://media.signbsl.com/videos/asl/aslsearch/mp4/contradict.mp4
contraflow, https://media.signbsl.com/videos/asl/youtube/mp4/bZH9t1QFtHA.mp4
contrapositive, https://media.signbsl.com/videos/asl/youtube/mp4/zVlV4NArlho.mp4
contraption, https://media.signbsl.com/videos/asl/youtube/mp4/CFd-vgfyGog.mp4
contraries, https://media.signbsl.com/videos/asl/youtube/mp4/oOph4K90oCU.mp4
contrariwise, https://media.signbsl.com/videos/asl/youtube/mp4/e1GytnAnclo.mp4
contrary, https://media.signbsl.com/videos/asl/youtube/mp4/oOph4K90oCU.mp4
contrast, https://media.signbsl.com/videos/asl/aslsearch/mp4/contrast.mp4
contribute, https://media.signbsl.com/videos/asl/aslsignbank/mp4/BRING-51.mp4
contribute add, https://media.signbsl.com/videos/asl/elementalaslconcepts/mp4/contribute_add.mp4
contribute give, https://media.signbsl.com/videos/asl/elementalaslconcepts/mp4/contribute_give.mp4
contributer, https://media.signbsl.com/videos/asl/youtube/mp4/vIpZkDRuWEM.mp4
contribution, https://media.signbsl.com/videos/asl/elementalaslconcepts/mp4/contribution.mp4
Contributions of time or talents, https://media.signbsl.com/videos/asl/ids/mp4/2013-11-1040-contributions-of-time-talents-1500k-ase.mp4
contributor, https://media.signbsl.com/videos/asl/youtube/mp4/ziX6G4ZDpG0.mp4
contrite, https://media.signbsl.com/videos/asl/ids/mp4/2013-11-1050-contrite-1500k-ase.mp4
contrivance, https://media.signbsl.com/videos/asl/youtube/mp4/CFd-vgfyGog.mp4
contrive, https://media.signbsl.com/videos/asl/signlanguagestudent/mp4/plan-2.mp4
contrived, https://media.signbsl.com/videos/asl/youtube/mp4/meiDs1Kbbl0.mp4
control, https://media.signbsl.com/videos/asl/signlanguagestudent/mp4/control.mp4
control board, https://media.signbsl.com/videos/asl/AustinCommunityCollege/mp4/elec_panel_.mp4
controler, https://media.signbsl.com/videos/asl/youtube/mp4/4NT27uYu3HM.mp4
controllable, https://media.signbsl.com/videos/asl/youtube/mp4/JkI7IfrM9tw.mp4
controller, https://media.signbsl.com/videos/asl/startasl/mp4/accountant.mp4
control panel, https://media.signbsl.com/videos/asl/AustinCommunityCollege/mp4/elec_panel_.mp4
control stick, https://media.signbsl.com/videos/asl/aslsearch/mp4/joystick.mp4
control surface, https://media.signbsl.com/videos/asl/youtube/mp4/NcigEd2mCbE.mp4
controversial, https://media.signbsl.com/videos/asl/youtube/mp4/u0LV8wu5qNI.mp4
controversialist, https://media.signbsl.com/videos/asl/youtube/mp4/DQ3E00mm_OE.mp4
controversy, https://media.signbsl.com/videos/asl/aslsearch/mp4/controversy.mp4
contuse, https://player.vimeo.com/external/391218030.sd.mp4?s=6224cfec558b54f74c233fe0f86f5d3c76632d77&profile_id=164
conundrum, https://media.signbsl.com/videos/asl/youtube/mp4/vaZ_iknmWi0.mp4
convalesce, https://media.signbsl.com/videos/asl/startasl/mp4/recover.mp4
convection, https://media.signbsl.com/videos/asl/youtube/mp4/ICcUPz-U9QU.mp4
convector, https://media.signbsl.com/videos/asl/youtube/mp4/S1gaDTHuNuM.mp4
convener, https://media.signbsl.com/videos/asl/youtube/mp4/37OYkTDm2dc.mp4
convenience, https://media.signbsl.com/videos/asl/youtube/mp4/CFd-vgfyGog.mp4
conveniences, https://media.signbsl.com/videos/asl/youtube/mp4/FU3yEgbONYo.mp4
convenience sample, https://media.signbsl.com/videos/asl/youtube/mp4/4Z2O25HrUJ8.mp4
convenient, https://media.signbsl.com/videos/asl/aslsearch/mp4/convenient.mp4
conventicle, https://media.signbsl.com/videos/asl/ids/mp4/2013-11-2910-meetinghouse-1500k-ase.mp4
convention, https://media.signbsl.com/videos/asl/elementalaslconcepts/mp4/convention.mp4
conventional, https://player.vimeo.com/external/391908345.sd.mp4?s=e44ab84d59ef47ff6fa1472774f8437a04a3f5a6&profile_id=164
conventionalise, https://media.signbsl.com/videos/asl/youtube/mp4/AwV6XGPCT8w.mp4
conventionalize, https://media.signbsl.com/videos/asl/youtube/mp4/AwV6XGPCT8w.mp4
conventioneer, https://media.signbsl.com/videos/asl/youtube/mp4/C4LTCI4a6YQ.mp4
converge, NA
convergent series, https://media.signbsl.com/videos/asl/youtube/mp4/YI_OU3kv3IA.mp4
convergent strabismus, https://media.signbsl.com/videos/asl/youtube/mp4/M5IarTyas-E.mp4
conversance, https://player.vimeo.com/external/391146197.sd.mp4?s=758eb2409339a5fdcbed0e2802f07147580d8c01&profile_id=164
conversancy, https://player.vimeo.com/external/391146197.sd.mp4?s=758eb2409339a5fdcbed0e2802f07147580d8c01&profile_id=164
conversant, NA
conversation, https://media.signbsl.com/videos/asl/aslsearch/mp4/conversation.mp4
conversational, https://media.signbsl.com/videos/asl/youtube/mp4/7g82tXeOqkQ.mp4
conversationalist, https://media.signbsl.com/videos/asl/youtube/mp4/txDwIFMAqt8.mp4
conversational partner, https://media.signbsl.com/videos/asl/youtube/mp4/gQtSDmr3sTw.mp4
conversion, https://media.signbsl.com/videos/asl/tsdvideo/mp4/1256-2.mp4
convert, https://media.signbsl.com/videos/asl/signlanguagestudent/mp4/convert.mp4
converted, https://media.signbsl.com/videos/asl/valleybible/mp4/Born%20Again.mp4
converter, https://media.signbsl.com/videos/asl/youtube/mp4/UtPY7RGoSkg.mp4
convertible, https://media.signbsl.com/videos/asl/youtube/mp4/kcQUyAkvcQU.mp4
convertor, https://media.signbsl.com/videos/asl/youtube/mp4/UtPY7RGoSkg.mp4
convex, https://media.signbsl.com/videos/asl/youtube/mp4/Pjw1xj5L8e8.mp4
convey, https://player.vimeo.com/external/391215685.sd.mp4?s=71a8944f9861a0b79f027e3bd7a2a310e39b60dd&profile_id=164
conveyable, https://media.signbsl.com/videos/asl/youtube/mp4/w9BRsrB2FQE.mp4
conveyance, https://media.signbsl.com/videos/asl/startasl/mp4/transfer.mp4
conveyed, https://media.signbsl.com/videos/asl/unoclimb/mp4/9Kexn_aHV-w.mp4
conveyer, https://player.vimeo.com/external/391908480.sd.mp4?s=1d89caa9c771968b5bfa7c466dda6ffea70591a0&profile_id=164
conveyor, https://player.vimeo.com/external/391908480.sd.mp4?s=1d89caa9c771968b5bfa7c466dda6ffea70591a0&profile_id=164
convict, https://media.signbsl.com/videos/asl/youtube/mp4/jbEVRBPLKxA.mp4
conviction, https://media.signbsl.com/videos/asl/valleybible/mp4/conviction.mp4
convince, https://media.signbsl.com/videos/asl/aslsignbank/mp4/CONVINCE-1138.mp4
convincible, https://media.signbsl.com/videos/asl/youtube/mp4/dyryci5Nc0M.mp4
convincing argument, https://media.signbsl.com/videos/asl/elementalaslconcepts/mp4/convincing_argument.mp4
convolute, https://media.signbsl.com/videos/asl/youtube/mp4/jQgDZv8auXs.mp4
convoluted, https://media.signbsl.com/videos/asl/youtube/mp4/xmFDbX9J6O4.mp4
convoy, https://media.signbsl.com/videos/asl/youtube/mp4/bKe29IecWQ8.mp4
convulse, https://player.vimeo.com/external/391908586.sd.mp4?s=2c3dd4f9548d02b89aac0a06fd463d9c377dc813&profile_id=164
convulsion, https://player.vimeo.com/external/392535796.sd.mp4?s=dd8c300267549dc1848e61120d7172bcb2753a48&profile_id=164
cony, https://media.signbsl.com/videos/asl/mariekatzenbachschool/mp4/rabbit.mp4
coo, https://media.signbsl.com/videos/asl/youtube/mp4/izJrpKSVsa0.mp4
co occur, https://media.signbsl.com/videos/asl/youtube/mp4/BzTU17Jr1GE.mp4
cooccur, https://media.signbsl.com/videos/asl/youtube/mp4/BzTU17Jr1GE.mp4
co occur  be found together with something else, NA
co occurrence, https://media.signbsl.com/videos/asl/elementalaslconcepts/mp4/conjunction.mp4
cooccurring, https://media.signbsl.com/videos/asl/aslsearch/mp4/simultaneous.mp4
cook, https://media.signbsl.com/videos/asl/startasl/mp4/cook.mp4
cookbook, https://media.signbsl.com/videos/asl/youtube/mp4/b74Jrj020Fs.mp4
cooker, https://media.signbsl.com/videos/asl/youtube/mp4/sKlhWSHg2e0.mp4
cookery, https://media.signbsl.com/videos/asl/aslsignbank/mp4/KITCHEN-ROOM-2269.mp4
cookery book, https://media.signbsl.com/videos/asl/youtube/mp4/b74Jrj020Fs.mp4
cookhouse, https://media.signbsl.com/videos/asl/youtube/mp4/--QWE3K55R8.mp4
cookie, https://media.signbsl.com/videos/asl/startasl/mp4/cookie.mp4
cookie a small file that a website automatically sends to your computer when you connect to the webs, https://media.signbsl.com/videos/asl/youtube/mp4/u6s8aHCmcLA.mp4
cookie cutter, https://media.signbsl.com/videos/asl/youtube/mp4/L2oV4cHEVyc.mp4
cooking, https://media.signbsl.com/videos/asl/aslsignbank/mp4/KITCHEN-ROOM-2269.mp4
cooking oil, NA
cooking pan, https://media.signbsl.com/videos/asl/aslsearch/mp4/pan.mp4
cooking stove, https://media.signbsl.com/videos/asl/aslsearch/mp4/stove.mp4
cooking with gas, https://media.signbsl.com/videos/asl/youtube/mp4/c0hHVvcONOE.mp4
cook offcook offcookoff, https://media.signbsl.com/videos/asl/youtube/mp4/Q4PS1W1xuIQ.mp4
cook out, https://media.signbsl.com/videos/asl/youtube/mp4/IGEYKRQz3kc.mp4
cookout, https://media.signbsl.com/videos/asl/youtube/mp4/IGEYKRQz3kc.mp4
cook someones goose, https://media.signbsl.com/videos/asl/youtube/mp4/BL-GneYdvvg.mp4
cook the books, https://media.signbsl.com/videos/asl/youtube/mp4/nr-n_uA39Nw.mp4
cooktop, https://media.signbsl.com/videos/asl/youtube/mp4/cLKiQP_mVkM.mp4
cook up, https://media.signbsl.com/videos/asl/youtube/mp4/oP59oBf56y0.mp4
cooky, https://media.signbsl.com/videos/asl/startasl/mp4/cookie.mp4
cool, https://media.signbsl.com/videos/asl/aslsearch/mp4/cool.mp4
coolant, https://media.signbsl.com/videos/asl/AustinCommunityCollege/mp4/auto_coolant_.mp4
cool as a cucumber, https://media.signbsl.com/videos/asl/youtube/mp4/AFNyFEvJVhg.mp4
coolcoolercoolest temperature, https://media.signbsl.com/videos/asl/youtube/mp4/zBWStAxik_M.mp4
cool down, https://media.signbsl.com/videos/asl/youtube/mp4/H5mjkgcKATg.mp4
cooler, https://media.signbsl.com/videos/asl/youtube/mp4/z3dmZMeYDfE.mp4
cool it, https://media.signbsl.com/videos/asl/aslsignbank/mp4/E(calm-down)-1908.mp4
coolness, https://media.signbsl.com/videos/asl/youtube/mp4/aWjgROD_m7s.mp4
cool not like an idea, https://media.signbsl.com/videos/asl/youtube/mp4/bNrfDiB8O2w.mp4
cool off, https://media.signbsl.com/videos/asl/aslsignbank/mp4/E(calm-down)-1908.mp4
cool to, https://media.signbsl.com/videos/asl/youtube/mp4/K57ofWBvdsE.mp4
coon, https://media.signbsl.com/videos/asl/youtube/mp4/m_ZOi2IBsak.mp4
coon bear, https://media.signbsl.com/videos/asl/thefamilyvocab/mp4/panda.mp4
coons age, https://media.signbsl.com/videos/asl/youtube/mp4/rKduqmiZjw0.mp4
coonskin, https://media.signbsl.com/videos/asl/youtube/mp4/AvTvFTe_AkY.mp4
coonskin cap, https://media.signbsl.com/videos/asl/youtube/mp4/AvTvFTe_AkY.mp4
coop, https://media.signbsl.com/videos/asl/aslsearch/mp4/cage.mp4
cooperate, https://media.signbsl.com/videos/asl/aslsearch/mp4/cooperate.mp4
cooperater, https://media.signbsl.com/videos/asl/youtube/mp4/6W-OXtW8ta8.mp4
cooperative, https://media.signbsl.com/videos/asl/youtube/mp4/14yQmh1FUVk.mp4
cooperativeness, https://media.signbsl.com/videos/asl/youtube/mp4/QmF1WQuFarM.mp4
Co operative Republic of Guyana, https://media.signbsl.com/videos/asl/youtube/mp4/sMBdlp7QMFw.mp4
cooperator, https://media.signbsl.com/videos/asl/youtube/mp4/qNWEHvUVr1U.mp4
co opt   take someones idea or plan and use it as if it were your own, NA
co opt   try to control someone by bringing them into your own group or, NA
co ordinate, https://media.signbsl.com/videos/asl/tsdvideo/mp4/298b.mp4
coordinate, https://media.signbsl.com/videos/asl/tsdvideo/mp4/298b.mp4
coordinated, https://media.signbsl.com/videos/asl/youtube/mp4/FqVQYwSE59M.mp4
coordinate geometry, https://media.signbsl.com/videos/asl/youtube/mp4/4rnMPZuk7CI.mp4
coordinate grid, https://media.signbsl.com/videos/asl/tsdvideo/mp4/453.mp4
coordinate plane, https://media.signbsl.com/videos/asl/tsdvideo/mp4/1257.mp4
coordinate proof, https://media.signbsl.com/videos/asl/youtube/mp4/2TvVhUzL_HA.mp4
coordinates, https://media.signbsl.com/videos/asl/tsdvideo/mp4/298b.mp4
coordinate system, https://media.signbsl.com/videos/asl/youtube/mp4/O2xhChwsmgM.mp4
coordinator, https://media.signbsl.com/videos/asl/youtube/mp4/irYZNY7gaPI.mp4
coot, https://media.signbsl.com/videos/asl/youtube/mp4/v6kAIsELCNA.mp4
coquetry, https://media.signbsl.com/videos/asl/aslsearch/mp4/crush.mp4
coral, https://player.vimeo.com/external/391909239.sd.mp4?s=8470594a02e73de4b400fabdbbda1419d0c23def&profile_id=164
cord, https://media.signbsl.com/videos/asl/youtube/mp4/Fb-Axw8nT5o.mp4
cordage, https://media.signbsl.com/videos/asl/youtube/mp4/mzpUNkHGe78.mp4
Cordell Hull, https://media.signbsl.com/videos/asl/youtube/mp4/_TzTd6lH9U8.mp4
cordial, https://media.signbsl.com/videos/asl/aslsearch/mp4/amiable.mp4
cordial reception, https://player.vimeo.com/external/392185530.sd.mp4?s=84f301bb02c13ffc97e0a7916c4a051a1ba8e604&profile_id=164
cordless, https://media.signbsl.com/videos/asl/youtube/mp4/3450qZJHAFs.mp4
cordlikefuniculus, https://media.signbsl.com/videos/asl/youtube/mp4/JSKsjSJmJds.mp4
cordon off, https://media.signbsl.com/videos/asl/youtube/mp4/IQBpbVqbIas.mp4
cords, https://media.signbsl.com/videos/asl/aslsignbank/mp4/PANTS-LEG-870.mp4
corduroy, https://media.signbsl.com/videos/asl/youtube/mp4/Fb-Axw8nT5o.mp4
corduroys, https://media.signbsl.com/videos/asl/aslsignbank/mp4/PANTS-LEG-870.mp4
core, https://media.signbsl.com/videos/asl/philosophy/mp4/Essence-HD.mp4
coriaceous, https://media.signbsl.com/videos/asl/youtube/mp4/RfPeVnr6qv0.mp4
Corinthian, https://media.signbsl.com/videos/asl/youtube/mp4/JNDbsQ5lR0w.mp4
cork, https://player.vimeo.com/external/391909297.sd.mp4?s=c5de343df574e1761f9825fca31cfe0545a7be6d&profile_id=164
corking, https://media.signbsl.com/videos/asl/aslsearch/mp4/great.mp4
cork jacket, https://player.vimeo.com/external/392688304.sd.mp4?s=702150c0f4666fdaafd5804d31c441428a8e1538&profile_id=164
corkscrew, https://media.signbsl.com/videos/asl/aslsignbank/mp4/CORKSCREW-2547.mp4
corn, https://media.signbsl.com/videos/asl/aslsignbank/mp4/CORN_2-2464.mp4
cornbread, https://media.signbsl.com/videos/asl/youtube/mp4/dlNhJmPXHEE.mp4
corn dab, https://media.signbsl.com/videos/asl/youtube/mp4/zm1Q3jnPGi0.mp4
corn dodger, https://media.signbsl.com/videos/asl/youtube/mp4/zm1Q3jnPGi0.mp4
corner, https://media.signbsl.com/videos/asl/aslsignbank/mp4/CORNER-1166.mp4
corner 3d, https://media.signbsl.com/videos/asl/signlanguagestudent/mp4/corner.mp4
corner a market, https://media.signbsl.com/videos/asl/youtube/mp4/EXlOkDXGK2c.mp4
cornerback, https://media.signbsl.com/videos/asl/youtube/mp4/FPEY0ZPQXSY.mp4
cornerback football, https://media.signbsl.com/videos/asl/youtube/mp4/8k6p9esmN8U.mp4
corner classifier, https://media.signbsl.com/videos/asl/aslsignbank/mp4/DS-1924.mp4
cornerstone, https://media.signbsl.com/videos/asl/youtube/mp4/6BqRT9VFe9Y.mp4
corner the market control of an area of business so that no one else can succeed in it, https://media.signbsl.com/videos/asl/youtube/mp4/W_UwrD6MKHI.mp4
cornet, https://media.signbsl.com/videos/asl/aslsearch/mp4/trumpet.mp4
cornetist, https://media.signbsl.com/videos/asl/youtube/mp4/L2dudulmqVc.mp4
corn field, https://media.signbsl.com/videos/asl/youtube/mp4/6IRFUw_HmiQ.mp4
cornfield, https://media.signbsl.com/videos/asl/youtube/mp4/6IRFUw_HmiQ.mp4
Cornhusker State, https://media.signbsl.com/videos/asl/youtube/mp4/hb3ueUo7I_A.mp4
cornier, https://media.signbsl.com/videos/asl/youtube/mp4/eFx89BlZqns.mp4
cornstalk, https://media.signbsl.com/videos/asl/youtube/mp4/j1-8eNDIm3I.mp4
cornucopia, https://media.signbsl.com/videos/asl/youtube/mp4/BE5XoIcGMAU.mp4
corollaries, https://media.signbsl.com/videos/asl/youtube/mp4/kIXIJOSa2so.mp4
corollary, https://media.signbsl.com/videos/asl/youtube/mp4/kIXIJOSa2so.mp4
corona, https://media.signbsl.com/videos/asl/youtube/mp4/xlHQUmzfUd0.mp4
coronach, https://media.signbsl.com/videos/asl/youtube/mp4/8uaLo_Kwv3Q.mp4
coronal, https://media.signbsl.com/videos/asl/aslsearch/mp4/wreath.mp4
coronary artery disease, https://media.signbsl.com/videos/asl/youtube/mp4/Q2XWDJPdHm4.mp4
coronate, https://media.signbsl.com/videos/asl/youtube/mp4/AzroX0VFF6w.mp4
coronavirus, https://media.signbsl.com/videos/asl/thefamilyvocab/mp4/coronavirus.mp4
coroner, https://media.signbsl.com/videos/asl/youtube/mp4/pJskQBbRoAs.mp4
coroneted, https://media.signbsl.com/videos/asl/youtube/mp4/gZ9VKtXzk_Y.mp4
corp, https://player.vimeo.com/external/391909358.sd.mp4?s=27a4c1adbf8ea26a1747ff922552a738844b6001&profile_id=164
corporal, https://player.vimeo.com/external/392197665.sd.mp4?s=1003c425aaed4283a74c33ae6d4e264a2f4dd4fc&profile_id=164
corporate, https://player.vimeo.com/external/392197665.sd.mp4?s=1003c425aaed4283a74c33ae6d4e264a2f4dd4fc&profile_id=164
corporate shared by or including all the members of a group, https://media.signbsl.com/videos/asl/youtube/mp4/JEJnT0hEVDU.mp4
corporate trust, https://media.signbsl.com/videos/asl/youtube/mp4/26Pn6uByYAQ.mp4
corporation, https://player.vimeo.com/external/391909358.sd.mp4?s=27a4c1adbf8ea26a1747ff922552a738844b6001&profile_id=164
corporeal relating to the physical world and not to spiritual or emotional states, https://media.signbsl.com/videos/asl/youtube/mp4/GmZ3Qqn6-oQ.mp4
corps, https://media.signbsl.com/videos/asl/youtube/mp4/6HgL8SAfWT4.mp4
corpse, https://player.vimeo.com/external/391909380.sd.mp4?s=ef23c1e20787ce5d2450c584b4a41ecdbde93603&profile_id=164
corpsman, https://media.signbsl.com/videos/asl/youtube/mp4/X-6ERXjAdAI.mp4
corps of discovery, https://media.signbsl.com/videos/asl/elementalaslconcepts/mp4/corp_of_discovery.mp4
corpulence, https://media.signbsl.com/videos/asl/youtube/mp4/LalHh07WU-4.mp4
corpulent, https://media.signbsl.com/videos/asl/aslsearch/mp4/obese.mp4
corpus, https://media.signbsl.com/videos/asl/youtube/mp4/cUS8kH-xGiI.mp4
corpus callosum, https://player.vimeo.com/external/391909394.sd.mp4?s=4ed6aabc1093a5d3ffe89694f07076c88a1aecf0&profile_id=164
corpuscle, https://media.signbsl.com/videos/asl/youtube/mp4/povYBQ5NV5w.mp4
corral, https://media.signbsl.com/videos/asl/youtube/mp4/TRJDlAGNUUw.mp4
correct, https://media.signbsl.com/videos/asl/startasl/mp4/right.mp4
correctable, https://media.signbsl.com/videos/asl/youtube/mp4/3v_94YJy5gA.mp4
correction, https://media.signbsl.com/videos/asl/youtube/mp4/iYN7JNQ4XJs.mp4
correction fluid, https://player.vimeo.com/external/391909436.sd.mp4?s=7244b2841b7f4725d39eed9e20ea51854fedf826&profile_id=164
corrections, https://media.signbsl.com/videos/asl/startasl/mp4/corrections.mp4
correctitude, https://media.signbsl.com/videos/asl/youtube/mp4/00tD18rMof8.mp4
corrective, https://media.signbsl.com/videos/asl/youtube/mp4/yRm5GQyPFwA.mp4
correctly, https://media.signbsl.com/videos/asl/youtube/mp4/VJ18ndNRGWY.mp4
correct right, https://media.signbsl.com/videos/asl/signlanguagestudent/mp4/correct-right.mp4
correlate, https://player.vimeo.com/external/391909446.sd.mp4?s=ef43c5076aa852881f1ff43487dfa5d5f5fb26e4&profile_id=164
correlation, https://media.signbsl.com/videos/asl/tsdvideo/mp4/1258.mp4
correlativity, https://media.signbsl.com/videos/asl/tsdvideo/mp4/1258.mp4
correspond, https://media.signbsl.com/videos/asl/aslsearch/mp4/fit.mp4
correspondence, https://media.signbsl.com/videos/asl/tsdvideo/mp4/272.mp4
correspondent, https://media.signbsl.com/videos/asl/youtube/mp4/h-rRmcE99mI.mp4
corresponding angles, https://media.signbsl.com/videos/asl/tsdvideo/mp4/531.mp4
corresponding sides, https://media.signbsl.com/videos/asl/tsdvideo/mp4/532.mp4
corrida, https://media.signbsl.com/videos/asl/youtube/mp4/d09tmAfvhp4.mp4
corridor, https://media.signbsl.com/videos/asl/aslsearch/mp4/corridor.mp4
corroborate, https://media.signbsl.com/videos/asl/startasl/mp4/support.mp4
corroborator, https://media.signbsl.com/videos/asl/youtube/mp4/RK1djMqv_Ik.mp4
corrode, https://player.vimeo.com/external/391909460.sd.mp4?s=61220f7758304eb1b5d8f67618b67fadb2564cf7&profile_id=164
corrosive, https://media.signbsl.com/videos/asl/youtube/mp4/SPXmJfI1nQ8.mp4
corrugate, https://media.signbsl.com/videos/asl/youtube/mp4/0FhSSaNWVOw.mp4
corrupt, https://media.signbsl.com/videos/asl/aslsearch/mp4/bribe.mp4
corrupted, https://media.signbsl.com/videos/asl/youtube/mp4/NedpE4zrdqg.mp4
corruptible, https://media.signbsl.com/videos/asl/youtube/mp4/2S_TJgTpAYI.mp4
corruption, https://media.signbsl.com/videos/asl/valleybible/mp4/depravity.mp4
corruptness, https://player.vimeo.com/external/391910353.sd.mp4?s=3ef39456256de5fb70bbd05e6111d3c2f15ada01&profile_id=164
corsage, https://media.signbsl.com/videos/asl/aslsignbank/mp4/BRIDESMAID-2450.mp4
corset, https://media.signbsl.com/videos/asl/youtube/mp4/TTsWvoBn10Y.mp4
cortege, https://media.signbsl.com/videos/asl/youtube/mp4/pAP5EA8jrDs.mp4
cos, https://media.signbsl.com/videos/asl/tsdvideo/mp4/1467.mp4
cosec, https://media.signbsl.com/videos/asl/youtube/mp4/1k883oiXvMg.mp4
cosecant, https://media.signbsl.com/videos/asl/youtube/mp4/1k883oiXvMg.mp4
cosher, https://player.vimeo.com/external/392685584.sd.mp4?s=b1a19a888c50fe72510deec5888b4b0a616a83d2&profile_id=164
cosier, https://media.signbsl.com/videos/asl/youtube/mp4/r_wlBhyURj8.mp4
co sign, https://media.signbsl.com/videos/asl/youtube/mp4/JK7fAyVuYQo.mp4
cosign, https://media.signbsl.com/videos/asl/youtube/mp4/JK7fAyVuYQo.mp4
cosily, https://media.signbsl.com/videos/asl/youtube/mp4/xDavc02TPrk.mp4
cosine, https://media.signbsl.com/videos/asl/tsdvideo/mp4/1467.mp4
cosmetic, https://media.signbsl.com/videos/asl/aslsearch/mp4/cosmetics.mp4
cosmetic effect, https://media.signbsl.com/videos/asl/youtube/mp4/LyHtP-3zkMk.mp4
cosmetician, https://media.signbsl.com/videos/asl/youtube/mp4/WH0W_iHw2CQ.mp4
cosmetics, https://media.signbsl.com/videos/asl/aslsearch/mp4/cosmetics.mp4
cosmetology, https://media.signbsl.com/videos/asl/youtube/mp4/OFnK78l7YTQ.mp4
cosmic, https://media.signbsl.com/videos/asl/youtube/mp4/5HoXXRoc0eY.mp4
cosmography, https://media.signbsl.com/videos/asl/youtube/mp4/dwGZ3Qq0QDA.mp4
cosmology, https://media.signbsl.com/videos/asl/philosophy/mp4/Cosmology-HD.mp4
cosmonaut, https://media.signbsl.com/videos/asl/youtube/mp4/NtPOaREo2Aw.mp4
cosmopolitan, https://media.signbsl.com/videos/asl/philosophy/mp4/Universal-HD.mp4
cosmopolitan showing the influence of many different countries and cultures, https://media.signbsl.com/videos/asl/youtube/mp4/MmKPeOh1sCc.mp4
cosmos, https://media.signbsl.com/videos/asl/signlanguagestudent/mp4/universe.mp4
cosponsor, https://media.signbsl.com/videos/asl/youtube/mp4/yDVL_SvRjQk.mp4
cosset, https://player.vimeo.com/external/391390882.sd.mp4?s=91d08175bafe0a828a342483af08724100380440&profile_id=164
cost, https://media.signbsl.com/videos/asl/signlanguagestudent/mp4/price.mp4
costa, https://media.signbsl.com/videos/asl/youtube/mp4/ZZ6BafvVeeQ.mp4
co star, https://media.signbsl.com/videos/asl/youtube/mp4/ra16b1oUwCA.mp4
costar, https://media.signbsl.com/videos/asl/youtube/mp4/ra16b1oUwCA.mp4
Costa Rica, https://media.signbsl.com/videos/asl/youtube/mp4/baeOH3uZ8P4.mp4
cost benefit analysis, https://media.signbsl.com/videos/asl/elementalaslconcepts/mp4/cost_benefit_analysis.mp4
cost cause someone to lose something, https://media.signbsl.com/videos/asl/youtube/mp4/oSnjRn1uxgA.mp4
cost fee, https://media.signbsl.com/videos/asl/signlanguagestudent/mp4/cost%20(fee).mp4
cost how much, https://media.signbsl.com/videos/asl/signlanguagestudent/mp4/cost%20(how-much).mp4
costless, https://media.signbsl.com/videos/asl/youtube/mp4/5Q-K83FVAjc.mp4
costlier, https://media.signbsl.com/videos/asl/youtube/mp4/5CgFmwHekPE.mp4
costliness, https://media.signbsl.com/videos/asl/youtube/mp4/76B4AEnMh2U.mp4
costly, https://media.signbsl.com/videos/asl/aslsignbank/mp4/EXPENSIVE-2399.mp4
costume, https://media.signbsl.com/videos/asl/aslsearch/mp4/costume.mp4
costume designer, https://media.signbsl.com/videos/asl/youtube/mp4/mkmEkRm3mS8.mp4
costumer, https://media.signbsl.com/videos/asl/youtube/mp4/mkmEkRm3mS8.mp4
costumier, https://media.signbsl.com/videos/asl/youtube/mp4/mkmEkRm3mS8.mp4
cosy, https://media.signbsl.com/videos/asl/aslsearch/mp4/cozy.mp4
cot, https://player.vimeo.com/external/391912623.sd.mp4?s=7cccfb5ddc8664c8fdc5df115455a44a5c6fdb61&profile_id=164
cotan, https://media.signbsl.com/videos/asl/youtube/mp4/dDY3gPMrRpY.mp4
cotangent, https://media.signbsl.com/videos/asl/youtube/mp4/dDY3gPMrRpY.mp4
Cote dIvoire, https://media.signbsl.com/videos/asl/youtube/mp4/ncJsutGC_xQ.mp4
coterie, https://media.signbsl.com/videos/asl/youtube/mp4/FipFZ1ClQB8.mp4
coterminal angles, https://media.signbsl.com/videos/asl/youtube/mp4/DFXijwINo_Q.mp4
cotilion, https://media.signbsl.com/videos/asl/youtube/mp4/GHzsNbycx2w.mp4
cotillion, https://media.signbsl.com/videos/asl/youtube/mp4/GHzsNbycx2w.mp4
cottage, https://player.vimeo.com/external/391910466.sd.mp4?s=67788692675e6d7c81a41b79bb257c5b1944328d&profile_id=164
cotton, https://media.signbsl.com/videos/asl/aslsearch/mp4/cotton.mp4
cotton candy, https://media.signbsl.com/videos/asl/aslsearch/mp4/cotton-candy.mp4
cotton on, https://player.vimeo.com/external/392531434.sd.mp4?s=f5b3a5eea9560c700b244282d9747066cfa24316&profile_id=164
cottontail, https://media.signbsl.com/videos/asl/youtube/mp4/uIHawPqc7is.mp4
cottontail rabbit, https://media.signbsl.com/videos/asl/youtube/mp4/uIHawPqc7is.mp4
cotton to, https://media.signbsl.com/videos/asl/youtube/mp4/ZuiPT9j2yDo.mp4
cotton wool, https://media.signbsl.com/videos/asl/aslsearch/mp4/cotton.mp4
cottony, https://media.signbsl.com/videos/asl/youtube/mp4/2CikYJNs1dA.mp4
cotyledon, https://media.signbsl.com/videos/asl/elementalaslconcepts/mp4/cotyledon.mp4
couch, https://media.signbsl.com/videos/asl/startasl/mp4/sofa.mp4
couch potato, https://player.vimeo.com/external/392669793.sd.mp4?s=99d45eeafa6bf65479cc40b8f610d673ad89eb95&profile_id=164
cougar, https://player.vimeo.com/external/391910530.sd.mp4?s=1cf1ed5f6b437f42bac29608e99212d47c87afb5&profile_id=164
cough, https://media.signbsl.com/videos/asl/startasl/mp4/cough.mp4
cough out, https://media.signbsl.com/videos/asl/youtube/mp4/ft0RLJPiK24.mp4
cough syrup, https://player.vimeo.com/external/391910544.sd.mp4?s=f91e2b65e549f92a53faeffd3f7340e7004fb794&profile_id=164
cough up, https://media.signbsl.com/videos/asl/youtube/mp4/ft0RLJPiK24.mp4
cough up something in throat, https://media.signbsl.com/videos/asl/youtube/mp4/TyzSD26MuvI.mp4
cough upspill, https://media.signbsl.com/videos/asl/youtube/mp4/eycXAnvJNZA.mp4
could, https://media.signbsl.com/videos/asl/signlanguagestudent/mp4/could.mp4
could eat a horse, https://media.signbsl.com/videos/asl/youtube/mp4/qPOaRWYSY5A.mp4
couldnt, https://media.signbsl.com/videos/asl/signlanguagestudent/mp4/couldn't.mp4
council, https://media.signbsl.com/videos/asl/ids/mp4/2013-11-1070-council-1500k-ase.mp4
council chamber, https://player.vimeo.com/external/391206779.sd.mp4?s=345ae5cf82fc9cb43c424098852bf06b60f71a58&profile_id=164
counsel, https://media.signbsl.com/videos/asl/aslsignbank/mp4/EAST-1290.mp4
counseling, https://media.signbsl.com/videos/asl/aslsignbank/mp4/EAST-1290.mp4
counselling, https://media.signbsl.com/videos/asl/aslsignbank/mp4/EAST-1290.mp4
counsellor, https://media.signbsl.com/videos/asl/ids/mp4/2013-11-1100-counselor-1500k-ase.mp4
counselor, https://media.signbsl.com/videos/asl/ids/mp4/2013-11-1100-counselor-1500k-ase.mp4
counselor at law, https://media.signbsl.com/videos/asl/ids/mp4/2013-11-1100-counselor-1500k-ase.mp4
count, https://media.signbsl.com/videos/asl/aslsearch/mp4/count.mp4
countable, https://media.signbsl.com/videos/asl/youtube/mp4/mkpMxqbOqj8.mp4
count against, https://media.signbsl.com/videos/asl/youtube/mp4/2C6CBdjlz7A.mp4
count among, https://media.signbsl.com/videos/asl/youtube/mp4/jq6zNhl0veU.mp4
count back, https://media.signbsl.com/videos/asl/youtube/mp4/98O56TvQ5XQ.mp4
count backward, https://media.signbsl.com/videos/asl/elementalaslconcepts/mp4/count_backwards.mp4
count down, https://media.signbsl.com/videos/asl/youtube/mp4/XFIttTmShjs.mp4
count each crime that someone is charged with, https://media.signbsl.com/videos/asl/youtube/mp4/lEv66KRNlVs.mp4
countenance, https://media.signbsl.com/videos/asl/youtube/mp4/4TDLZQ0KbBk.mp4
counter, https://media.signbsl.com/videos/asl/aslsearch/mp4/counter.mp4
counteract, https://player.vimeo.com/external/392547305.sd.mp4?s=b866c1dd268e78484238eeb0c44c4b7ac754eb60&profile_id=164
counterargument, https://media.signbsl.com/videos/asl/elementalaslconcepts/mp4/counterargument.mp4
counterattack, https://media.signbsl.com/videos/asl/youtube/mp4/K8u9lVSMXh0.mp4
counterbalance, https://media.signbsl.com/videos/asl/youtube/mp4/yOOOzJlcbWw.mp4
countercharge charge in court brought by an accused person against the accuser, https://media.signbsl.com/videos/asl/youtube/mp4/wiz_6RsEEsI.mp4
counterclaim, https://media.signbsl.com/videos/asl/youtube/mp4/SjI_yohPgw0.mp4
counterclockwise, https://player.vimeo.com/external/391910629.sd.mp4?s=e16b5e2f0f2d0935458aef118ba3c6703c9803e8&profile_id=164
counterculture, https://media.signbsl.com/videos/asl/youtube/mp4/3H4NwIGzaoM.mp4
countercurrent, https://media.signbsl.com/videos/asl/youtube/mp4/D4Za6lURxRQ.mp4
countercurrent actions opposite to the main group activity, https://media.signbsl.com/videos/asl/youtube/mp4/Dg-Drkue0_Y.mp4
counterespionage, https://media.signbsl.com/videos/asl/youtube/mp4/kWPeIJyzeyw.mp4
counterexample, https://media.signbsl.com/videos/asl/youtube/mp4/uMgeKSokF_M.mp4
counterfeit, https://media.signbsl.com/videos/asl/aslsearch/mp4/counterfeit.mp4
counterfeiter, https://media.signbsl.com/videos/asl/youtube/mp4/CPwnGx5odSc.mp4
counterinsurgencies, https://media.signbsl.com/videos/asl/youtube/mp4/aKnHE8AgB7c.mp4
counterinsurgency, https://media.signbsl.com/videos/asl/youtube/mp4/aKnHE8AgB7c.mp4
counter machine or piece of equipment that counts something and shows the total, https://media.signbsl.com/videos/asl/youtube/mp4/0808ksSaioQ.mp4
counterman, https://media.signbsl.com/videos/asl/youtube/mp4/j3SDeizPGLc.mp4
countermand, https://media.signbsl.com/videos/asl/aslsearch/mp4/annul.mp4
countermarch a march in the reverse direction or back along the same route, https://media.signbsl.com/videos/asl/youtube/mp4/rXL457_sEbQ.mp4
countermeasure, https://media.signbsl.com/videos/asl/youtube/mp4/phpB3r8UmtA.mp4
countermine, https://player.vimeo.com/external/392547305.sd.mp4?s=b866c1dd268e78484238eeb0c44c4b7ac754eb60&profile_id=164
countermove, https://media.signbsl.com/videos/asl/youtube/mp4/K8u9lVSMXh0.mp4
counteroffer, https://media.signbsl.com/videos/asl/youtube/mp4/CJFPM8h1gp8.mp4
counterpane, https://media.signbsl.com/videos/asl/startasl/mp4/bedspread.mp4
counterpart, https://media.signbsl.com/videos/asl/youtube/mp4/ppr33rj0-9s.mp4
counterperson, https://media.signbsl.com/videos/asl/youtube/mp4/j3SDeizPGLc.mp4
counterplot a plan intended to defeat another plan, https://media.signbsl.com/videos/asl/youtube/mp4/poVYjsAbFMk.mp4
counterpoint, https://media.signbsl.com/videos/asl/youtube/mp4/ALh0XWCfs70.mp4
counterpoison, https://player.vimeo.com/external/391166281.sd.mp4?s=466e7df2acd1f20aa1ebcab8087363494a716c77&profile_id=164
counterproductive, https://media.signbsl.com/videos/asl/youtube/mp4/EIoo9x6pels.mp4
counterrevolution, https://media.signbsl.com/videos/asl/youtube/mp4/c2UiYxjxBzM.mp4
countersign, https://media.signbsl.com/videos/asl/mariekatzenbachschool/mp4/password.mp4
countersignature, https://media.signbsl.com/videos/asl/youtube/mp4/_KPkcpq5tjY.mp4
counter top, https://media.signbsl.com/videos/asl/aslsignbank/mp4/SURFACE-1148.mp4
countertop, https://media.signbsl.com/videos/asl/aslsignbank/mp4/SURFACE-1148.mp4
counterwoman, https://media.signbsl.com/videos/asl/youtube/mp4/j3SDeizPGLc.mp4
countess, https://media.signbsl.com/videos/asl/youtube/mp4/dpMQlJKGYAI.mp4
count for, https://media.signbsl.com/videos/asl/youtube/mp4/v1GaoyGeVpc.mp4
count forward, https://media.signbsl.com/videos/asl/elementalaslconcepts/mp4/counting_foward.mp4
counties, https://media.signbsl.com/videos/asl/youtube/mp4/FnjcHd_0aG0.mp4
count in, https://media.signbsl.com/videos/asl/youtube/mp4/q1cAIn_FvEU.mp4
counting, https://media.signbsl.com/videos/asl/aslsearch/mp4/counting.mp4
counting on, https://media.signbsl.com/videos/asl/elementalaslconcepts/mp4/count_on.mp4
countless, https://media.signbsl.com/videos/asl/ids/mp4/2013-11-2405-infinite-1500k-ase.mp4
count off, https://media.signbsl.com/videos/asl/youtube/mp4/Gg_mLEPCJls.mp4
count on, https://media.signbsl.com/videos/asl/youtube/mp4/-8Ut9pxnjSo.mp4
count out divvy up portion, https://media.signbsl.com/videos/asl/youtube/mp4/0mkNOqLBvtQ.mp4
countries, https://media.signbsl.com/videos/asl/startasl/mp4/country.mp4
countrified, https://media.signbsl.com/videos/asl/youtube/mp4/4_XICxkw1YE.mp4
country, https://media.signbsl.com/videos/asl/startasl/mp4/country.mp4
countryfied, https://media.signbsl.com/videos/asl/youtube/mp4/4_XICxkw1YE.mp4
country of origin, https://media.signbsl.com/videos/asl/youtube/mp4/scR5fPQlI8c.mp4
countryside, https://player.vimeo.com/external/391910688.sd.mp4?s=0a5ea702838b869bdf5fbab3e2a98ce1035c243e&profile_id=164
countrywide, https://media.signbsl.com/videos/asl/youtube/mp4/rWYQpVzDgZ8.mp4
countrywoman, https://media.signbsl.com/videos/asl/youtube/mp4/WfPQQBgqE7s.mp4
count sheep, https://media.signbsl.com/videos/asl/youtube/mp4/LN7_VDwusUw.mp4
count towards get credit, https://media.signbsl.com/videos/asl/youtube/mp4/k42EKUF_qcI.mp4
county, https://media.signbsl.com/videos/asl/youtube/mp4/FnjcHd_0aG0.mp4
count your blessings, https://media.signbsl.com/videos/asl/youtube/mp4/x1oj2Yje20I.mp4
county regional, https://media.signbsl.com/videos/asl/signlanguagestudent/mp4/county%20(regional).mp4
county regional alternate, https://media.signbsl.com/videos/asl/signlanguagestudent/mp4/county%20(regional%20alternate).mp4
countywide, https://media.signbsl.com/videos/asl/youtube/mp4/02mF4gt3-84.mp4
coup, https://media.signbsl.com/videos/asl/youtube/mp4/fuKB0WuQKC4.mp4
coup de grace, https://media.signbsl.com/videos/asl/youtube/mp4/YFDSfhlvUqw.mp4
coup doeil, https://media.signbsl.com/videos/asl/aslsearch/mp4/glance.mp4
couple, https://media.signbsl.com/videos/asl/youtube/mp4/x0fjxStgk2c.mp4
couplet, https://media.signbsl.com/videos/asl/youtube/mp4/cN94zer8G6s.mp4
coupon, https://media.signbsl.com/videos/asl/youtube/mp4/X-TamuPWHVQ.mp4
courage, https://media.signbsl.com/videos/asl/aslsearch/mp4/courage.mp4
courageous, https://media.signbsl.com/videos/asl/aslsignbank/mp4/STRONG-1132.mp4
courageousness, https://media.signbsl.com/videos/asl/aslsearch/mp4/courage.mp4
courgette, https://media.signbsl.com/videos/asl/mariekatzenbachschool/mp4/zucchini.mp4
courier, https://media.signbsl.com/videos/asl/youtube/mp4/odlfHiRj5v8.mp4
course, https://media.signbsl.com/videos/asl/startasl/mp4/class.mp4
course a class, https://media.signbsl.com/videos/asl/signlanguagestudent/mp4/course%20(a%20class).mp4
course catalog, https://media.signbsl.com/videos/asl/youtube/mp4/896DkL60AVU.mp4
course catalogue, https://media.signbsl.com/videos/asl/youtube/mp4/896DkL60AVU.mp4
course credit, https://media.signbsl.com/videos/asl/youtube/mp4/cy5pgLVCnIw.mp4
course of instruction, https://media.signbsl.com/videos/asl/startasl/mp4/class.mp4
course of medication, https://media.signbsl.com/videos/asl/youtube/mp4/rZMlFeZPvGY.mp4
course of study, https://media.signbsl.com/videos/asl/startasl/mp4/program.mp4
course path, https://media.signbsl.com/videos/asl/signlanguagestudent/mp4/course%20(path).mp4
courser, https://media.signbsl.com/videos/asl/youtube/mp4/2KlP8Kjl-8E.mp4
court, https://media.signbsl.com/videos/asl/aslsignbank/mp4/LAWYER-2991.mp4
courteous, https://media.signbsl.com/videos/asl/aslsignbank/mp4/FANCY-1382.mp4
courtesan, https://media.signbsl.com/videos/asl/youtube/mp4/EWcgko-3P2g.mp4
court favor, https://media.signbsl.com/videos/asl/youtube/mp4/frQxITgfqZg.mp4
court favour, https://media.signbsl.com/videos/asl/youtube/mp4/frQxITgfqZg.mp4
courthouse, https://media.signbsl.com/videos/asl/youtube/mp4/jOtbWi2ZHQQ.mp4
courtier, https://media.signbsl.com/videos/asl/youtube/mp4/IeTJhMgfmtw.mp4
courting, https://player.vimeo.com/external/391910821.sd.mp4?s=d7ece049093fab7ce86001536e93da697ac058cb&profile_id=164
courtliness, https://media.signbsl.com/videos/asl/youtube/mp4/B88kz06bOdM.mp4
court martial trial in a military court, https://media.signbsl.com/videos/asl/youtube/mp4/6729dyHRsNY.mp4
court of record, https://media.signbsl.com/videos/asl/unoclimb/mp4/3KZIPRCUuFc.mp4
court reporter, https://player.vimeo.com/external/391910753.sd.mp4?s=f0ceaaf163de6f48ac052f904a64218621ef0b47&profile_id=164
courtroom, https://media.signbsl.com/videos/asl/youtube/mp4/7RwR0qSFY1E.mp4
courtship, https://player.vimeo.com/external/391910821.sd.mp4?s=d7ece049093fab7ce86001536e93da697ac058cb&profile_id=164
court trouble behave in a way that is likely to bring a bad result, https://media.signbsl.com/videos/asl/youtube/mp4/kmOTwfGBj3w.mp4
courtyard, https://media.signbsl.com/videos/asl/youtube/mp4/Y7F2D0ojc98.mp4
cousin, https://media.signbsl.com/videos/asl/aslsignbank/mp4/COUSIN-1171.mp4
cousin female, https://media.signbsl.com/videos/asl/startasl/mp4/cousin-female.mp4
cousin german, https://media.signbsl.com/videos/asl/aslsignbank/mp4/COUSIN-1171.mp4
cousin male, https://media.signbsl.com/videos/asl/startasl/mp4/cousin-male.mp4
cout came, https://media.signbsl.com/videos/asl/youtube/mp4/j9HvlomGOlc.mp4
couth, https://media.signbsl.com/videos/asl/youtube/mp4/5asMcNOhyM0.mp4
coutre, https://media.signbsl.com/videos/asl/youtube/mp4/szaCsCaxCwU.mp4
couture, https://media.signbsl.com/videos/asl/youtube/mp4/62UMCngGzDs.mp4
couturier, https://media.signbsl.com/videos/asl/youtube/mp4/RtZKhp5BqrA.mp4
covalence, https://media.signbsl.com/videos/asl/youtube/mp4/tE85CL3IAJw.mp4
covalency, https://media.signbsl.com/videos/asl/youtube/mp4/tE85CL3IAJw.mp4
covalent bond, https://media.signbsl.com/videos/asl/deaftec/mp4/1361.mp4
cove, https://media.signbsl.com/videos/asl/youtube/mp4/UIeh79c09-E.mp4
coven, https://media.signbsl.com/videos/asl/youtube/mp4/2wXefDyfouo.mp4
covenant, https://media.signbsl.com/videos/asl/signlanguagestudent/mp4/covenant%20(alternate%20a).mp4
Covenant People, https://media.signbsl.com/videos/asl/ids/mp4/2013-11-1120-covenant-people-1500k-ase.mp4
cover, https://media.signbsl.com/videos/asl/startasl/mp4/blanket.mp4
coverage, https://media.signbsl.com/videos/asl/youtube/mp4/gdAsvWByVQw.mp4
cover all the bases, https://media.signbsl.com/videos/asl/youtube/mp4/Cximd_WssDk.mp4
covered stand, https://media.signbsl.com/videos/asl/youtube/mp4/vequTD2d3RA.mp4
cover false story that is used for hiding who someone really is, https://media.signbsl.com/videos/asl/youtube/mp4/O01xwmOhIW8.mp4
cover for alibi, https://media.signbsl.com/videos/asl/youtube/mp4/uA8DvYzjGag.mp4
cover have enough money to pay, https://media.signbsl.com/videos/asl/youtube/mp4/YdmBimFaTqA.mp4
cover legal business that is used for hiding an illegal or secret activity, https://media.signbsl.com/videos/asl/youtube/mp4/owtyALlEtIA.mp4
cover my ass, https://media.signbsl.com/videos/asl/youtube/mp4/qG0bN8eFvYw.mp4
cover my eyes, https://media.signbsl.com/videos/asl/youtube/mp4/naJrAh2f2Us.mp4
cover prevent someone from moving or escaping by pointing a gun toward them, https://media.signbsl.com/videos/asl/youtube/mp4/96hhoX1TahA.mp4
cover protect someone from attack by pointing a gun at someone who might shoot them, https://media.signbsl.com/videos/asl/youtube/mp4/HqCj-WJOUnM.mp4
cover song that is recorded by someone who is not the original performer, https://media.signbsl.com/videos/asl/youtube/mp4/yu4HKuKKFKM.mp4
covert, https://player.vimeo.com/external/391910903.sd.mp4?s=3ab0c0cdccaff55355ab22ae98f63f0eebd8b59d&profile_id=164
cover to stay very close to an opposing player, https://media.signbsl.com/videos/asl/youtube/mp4/3QA3Cf-MjTQ.mp4
cover up, https://player.vimeo.com/external/391910863.sd.mp4?s=39b61f74d83882fb77131042fd9b22b07d7b7fcb&profile_id=164
cover up truth, https://media.signbsl.com/videos/asl/youtube/mp4/t16zJHrrWeA.mp4
cover your mouth, https://media.signbsl.com/videos/asl/mariekatzenbachschool/mp4/cover%20your%20mouth.mp4
covet, https://player.vimeo.com/external/391910921.sd.mp4?s=8d8e065fc16bd00d141b68f7e4f898d606b88121&profile_id=164
covetous, https://media.signbsl.com/videos/asl/startasl/mp4/jealous.mp4
covetousness, https://media.signbsl.com/videos/asl/aslsearch/mp4/greed.mp4
covid, https://media.signbsl.com/videos/asl/thefamilyvocab/mp4/coronavirus.mp4
covid 19, https://media.signbsl.com/videos/asl/thefamilyvocab/mp4/coronavirus.mp4
cow, https://media.signbsl.com/videos/asl/startasl/mp4/cow.mp4
coward, https://media.signbsl.com/videos/asl/aslsearch/mp4/coward.mp4
cowboy, https://player.vimeo.com/external/391911143.sd.mp4?s=e3fa4109a132028b1af5bc6e9f45b1a5bc309af5&profile_id=164
cowboy up, https://media.signbsl.com/videos/asl/youtube/mp4/EzhT0kn7FRQ.mp4
cowed, https://player.vimeo.com/external/392684936.sd.mp4?s=c5d276d5f1e902c18c8f26bf7eca95f69207f564&profile_id=164
cower, https://media.signbsl.com/videos/asl/youtube/mp4/0PoMBfgovQU.mp4
cowgirl, https://media.signbsl.com/videos/asl/youtube/mp4/FOou3NACBG8.mp4
cowhand, https://player.vimeo.com/external/391911143.sd.mp4?s=e3fa4109a132028b1af5bc6e9f45b1a5bc309af5&profile_id=164
cowherd, https://player.vimeo.com/external/391911143.sd.mp4?s=e3fa4109a132028b1af5bc6e9f45b1a5bc309af5&profile_id=164
cowhide, https://media.signbsl.com/videos/asl/youtube/mp4/mpxrHQO-ocU.mp4
cowl, https://media.signbsl.com/videos/asl/youtube/mp4/AA6wmps1zr8.mp4
cowlick, https://media.signbsl.com/videos/asl/youtube/mp4/LvMHgYQf9gQ.mp4
cowling, https://media.signbsl.com/videos/asl/youtube/mp4/AA6wmps1zr8.mp4
cowman, https://player.vimeo.com/external/391911143.sd.mp4?s=e3fa4109a132028b1af5bc6e9f45b1a5bc309af5&profile_id=164
co worker, https://player.vimeo.com/external/391391785.sd.mp4?s=a7b70c8cfb893c24409e7fb31c37f08a64aa6804&profile_id=164
coworker, https://player.vimeo.com/external/391391785.sd.mp4?s=a7b70c8cfb893c24409e7fb31c37f08a64aa6804&profile_id=164
cow pen, https://media.signbsl.com/videos/asl/youtube/mp4/TRJDlAGNUUw.mp4
cowpoke, https://player.vimeo.com/external/391911143.sd.mp4?s=e3fa4109a132028b1af5bc6e9f45b1a5bc309af5&profile_id=164
cowpuncher, https://player.vimeo.com/external/391911143.sd.mp4?s=e3fa4109a132028b1af5bc6e9f45b1a5bc309af5&profile_id=164
cowrite, https://media.signbsl.com/videos/asl/youtube/mp4/ip1G0XQhlVk.mp4
cows, https://media.signbsl.com/videos/asl/aslsearch/mp4/cattle.mp4
cowskin, https://media.signbsl.com/videos/asl/youtube/mp4/mpxrHQO-ocU.mp4
cowtown, https://player.vimeo.com/external/391911211.sd.mp4?s=d9d398a6521d2cfa35b3e57638a0ca167785e0b5&profile_id=164
coxcomb, https://media.signbsl.com/videos/asl/youtube/mp4/QC8Sk0ioxWg.mp4
coy, https://media.signbsl.com/videos/asl/youtube/mp4/gxIWprVepd8.mp4
coyote, https://media.signbsl.com/videos/asl/youtube/mp4/4872Sn65-Mw.mp4
Coyote State, https://media.signbsl.com/videos/asl/youtube/mp4/Lc3icR3NOvk.mp4
cozen, https://media.signbsl.com/videos/asl/aslsearch/mp4/betray.mp4
cozenage, https://media.signbsl.com/videos/asl/youtube/mp4/Cd9T89mYqPk.mp4
cozily, https://media.signbsl.com/videos/asl/youtube/mp4/xDavc02TPrk.mp4
cozy, https://media.signbsl.com/videos/asl/aslsearch/mp4/cozy.mp4
CPR, https://player.vimeo.com/external/395726575.sd.mp4?s=bfa99945920b59264c2e3774a375fb854d32c497&profile_id=164
cps, https://media.signbsl.com/videos/asl/AustinCommunityCollege/mp4/elec_hertz_.mp4
CPU, https://media.signbsl.com/videos/asl/youtube/mp4/lst5vnbK7yU.mp4
crab, https://media.signbsl.com/videos/asl/aslsearch/mp4/crab.mp4
crabbed, https://media.signbsl.com/videos/asl/aslsignbank/mp4/CROSS-2560.mp4
crabber, https://media.signbsl.com/videos/asl/youtube/mp4/52cIwoHqxyw.mp4
crabbier, https://media.signbsl.com/videos/asl/youtube/mp4/icycJAsa8Jo.mp4
crabby, https://media.signbsl.com/videos/asl/aslsignbank/mp4/CROSS-2560.mp4
crablike, https://media.signbsl.com/videos/asl/youtube/mp4/QvzVVPIOpcQ.mp4
crack, https://media.signbsl.com/videos/asl/elementalaslconcepts/mp4/break.mp4
crack a code, https://media.signbsl.com/videos/asl/youtube/mp4/HwJHAt8i1z8.mp4
crack and admit a secret, https://media.signbsl.com/videos/asl/youtube/mp4/8UyRES8Gr4Q.mp4
crack an egg, https://media.signbsl.com/videos/asl/youtube/mp4/PhqbxXHcfVY.mp4
crack a nut, https://media.signbsl.com/videos/asl/youtube/mp4/P3Z4b9FsC1Q.mp4
crack a nut with a sledgehammer, https://media.signbsl.com/videos/asl/youtube/mp4/tEOJXsVyP7M.mp4
crackbrained, https://player.vimeo.com/external/392192762.sd.mp4?s=3c474e0e75459007a36bc93481222799be8d65fa&profile_id=164
crack code, https://media.signbsl.com/videos/asl/youtube/mp4/jobHmkxx6i8.mp4
crackdown, https://media.signbsl.com/videos/asl/youtube/mp4/s2G3tbN-uNE.mp4
cracked, https://media.signbsl.com/videos/asl/startasl/mp4/nuts.mp4
cracker, https://media.signbsl.com/videos/asl/youtube/mp4/lLvskYjMhcY.mp4
crackers, https://media.signbsl.com/videos/asl/startasl/mp4/nuts.mp4
crackilng with, https://media.signbsl.com/videos/asl/youtube/mp4/teQtWjTLDsQ.mp4
cracking, https://media.signbsl.com/videos/asl/aslsearch/mp4/great.mp4
crackle, https://media.signbsl.com/videos/asl/youtube/mp4/G1Z_Ehs6jHc.mp4
cracklings, https://media.signbsl.com/videos/asl/youtube/mp4/J9-YPXhyURE.mp4
cracklycrackliercrackliest, https://media.signbsl.com/videos/asl/youtube/mp4/Q9GLPOJvWD0.mp4
crackpot, https://media.signbsl.com/videos/asl/youtube/mp4/6KLd-weQ9B4.mp4
crack shot, https://media.signbsl.com/videos/asl/youtube/mp4/6X4ouES1HUo.mp4
crack the code, https://media.signbsl.com/videos/asl/youtube/mp4/R_Pm1mGFneM.mp4
crack up, https://media.signbsl.com/videos/asl/youtube/mp4/UN3dd8BH46E.mp4
crack upbreak up phone reception, https://media.signbsl.com/videos/asl/youtube/mp4/E4QP8UiIAVw.mp4
crack up cause someone to laugh really hard, https://media.signbsl.com/videos/asl/youtube/mp4/S-Se0d_ulBw.mp4
crack voice goes higher and lower and you cannot control it especially because of a strong emotion, https://media.signbsl.com/videos/asl/youtube/mp4/hvc5hIG3dVQ.mp4
cradle, https://media.signbsl.com/videos/asl/youtube/mp4/hFtNY8E1BmI.mp4
cradlesong, https://media.signbsl.com/videos/asl/aslsearch/mp4/lullaby.mp4
craft, https://media.signbsl.com/videos/asl/elementalaslconcepts/mp4/craft.mp4
craftier, https://media.signbsl.com/videos/asl/youtube/mp4/NwQz7cEgvyg.mp4
craftily, https://media.signbsl.com/videos/asl/youtube/mp4/uGV1YIlRMsg.mp4
craftiness, https://media.signbsl.com/videos/asl/youtube/mp4/zbf2Q-WwC6k.mp4
craftmanship, https://media.signbsl.com/videos/asl/youtube/mp4/e57g7_evif4.mp4
crafts, https://media.signbsl.com/videos/asl/elementalaslconcepts/mp4/craft.mp4
craftsman, https://media.signbsl.com/videos/asl/youtube/mp4/150dIZwLn6Y.mp4
craftswoman, https://media.signbsl.com/videos/asl/youtube/mp4/8KdE5pKflOY.mp4
crafty, https://media.signbsl.com/videos/asl/youtube/mp4/6ghfSzLcMK0.mp4
crag, https://media.signbsl.com/videos/asl/youtube/mp4/tyB8QlOtHtI.mp4
cragged, https://media.signbsl.com/videos/asl/youtube/mp4/xjF3dbfsMac.mp4
craggier, https://media.signbsl.com/videos/asl/youtube/mp4/w9F8I949BNM.mp4
craggy, https://media.signbsl.com/videos/asl/youtube/mp4/xjF3dbfsMac.mp4
cram, https://player.vimeo.com/external/391911411.sd.mp4?s=24c297dad15c72962ff0f08a4524ce66502fb979&profile_id=164
cramp, https://media.signbsl.com/videos/asl/startasl/mp4/cramp.mp4
cramped, https://media.signbsl.com/videos/asl/youtube/mp4/RbygjSL25KE.mp4
crampon, https://media.signbsl.com/videos/asl/youtube/mp4/8nJrjXvHhUE.mp4
crampoon, https://media.signbsl.com/videos/asl/youtube/mp4/8nJrjXvHhUE.mp4
cranch, https://media.signbsl.com/videos/asl/aslsearch/mp4/grind.mp4
crane, https://media.signbsl.com/videos/asl/youtube/mp4/GR-8edglNNU.mp4
crane construction, https://player.vimeo.com/external/393600297.sd.mp4?s=45c2e9fff9961feeac8f73c406f1aa8930a6525b&profile_id=164
crania, https://media.signbsl.com/videos/asl/youtube/mp4/YxUaLZpCU5c.mp4
craniate, https://media.signbsl.com/videos/asl/elementalaslconcepts/mp4/vertebrate.mp4
crank, https://media.signbsl.com/videos/asl/youtube/mp4/6KLd-weQ9B4.mp4
crankier, https://media.signbsl.com/videos/asl/youtube/mp4/sXPG8GxnT3M.mp4
crank out, https://media.signbsl.com/videos/asl/youtube/mp4/RECPs6vnwnA.mp4
crank shaft, https://media.signbsl.com/videos/asl/AustinCommunityCollege/mp4/auto_crankshaft_.mp4
crankshaft, https://media.signbsl.com/videos/asl/AustinCommunityCollege/mp4/auto_crankshaft_.mp4
crank up, https://media.signbsl.com/videos/asl/youtube/mp4/NBzdTogeAJ0.mp4
cranky, https://player.vimeo.com/external/392684947.sd.mp4?s=25b140140ab5fde397ff8f68752e12ae1370b033&profile_id=164
crap, https://media.signbsl.com/videos/asl/startasl/mp4/darn.mp4
crape, https://media.signbsl.com/videos/asl/youtube/mp4/bcHahEqTzuA.mp4
crap game, https://media.signbsl.com/videos/asl/youtube/mp4/0D9FdcUT8j8.mp4
crappier, https://media.signbsl.com/videos/asl/youtube/mp4/-XBjIHwqNKk.mp4
crappy, https://media.signbsl.com/videos/asl/startasl/mp4/lousy.mp4
craps, https://media.signbsl.com/videos/asl/youtube/mp4/0D9FdcUT8j8.mp4
crap shoot, https://media.signbsl.com/videos/asl/youtube/mp4/0D9FdcUT8j8.mp4
crapshoot, https://media.signbsl.com/videos/asl/youtube/mp4/0D9FdcUT8j8.mp4
crapshooter, https://media.signbsl.com/videos/asl/youtube/mp4/fNUGn1QMnqg.mp4
crap shooting, https://media.signbsl.com/videos/asl/youtube/mp4/0D9FdcUT8j8.mp4
crash, https://media.signbsl.com/videos/asl/aslsignbank/mp4/FALL-ASLEEP-1990.mp4
crash a party, https://media.signbsl.com/videos/asl/youtube/mp4/6hSDGqXGl30.mp4
crasher, https://media.signbsl.com/videos/asl/youtube/mp4/IbhNS4B-OcU.mp4
crash sleep somewhere for the night usually when you did not plan to do this, https://media.signbsl.com/videos/asl/youtube/mp4/pFdJWz-BreE.mp4
crate, https://media.signbsl.com/videos/asl/youtube/mp4/99x8QPXswlM.mp4
crater, https://media.signbsl.com/videos/asl/youtube/mp4/hfrehbWGouI.mp4
craunch, https://media.signbsl.com/videos/asl/aslsearch/mp4/grind.mp4
cravat, https://media.signbsl.com/videos/asl/youtube/mp4/yl2IAEr4Yjg.mp4
crave, https://media.signbsl.com/videos/asl/aslsignbank/mp4/CRAVE-1181.mp4
crave three variations, https://player.vimeo.com/external/391911582.sd.mp4?s=e0d4a1038d5899b8ffbd9fc250f11e47a1ea6998&profile_id=164
crawdad, https://media.signbsl.com/videos/asl/elementalaslconcepts/mp4/crayfish.mp4
crawdaddy, https://media.signbsl.com/videos/asl/elementalaslconcepts/mp4/crayfish.mp4
crawfish, https://media.signbsl.com/videos/asl/elementalaslconcepts/mp4/crayfish.mp4
crawl, https://media.signbsl.com/videos/asl/aslsignbank/mp4/CRAWL-2559.mp4
crawl creep move very very slowly, https://media.signbsl.com/videos/asl/youtube/mp4/HV94eCAsixw.mp4
crawlier, https://media.signbsl.com/videos/asl/youtube/mp4/4ThWaosC_sE.mp4
crawlies, https://media.signbsl.com/videos/asl/youtube/mp4/ioHPB5v2cVE.mp4
crawl in, https://media.signbsl.com/videos/asl/aslsearch/mp4/go-to-sleep.mp4
crawl space, https://player.vimeo.com/external/391911631.sd.mp4?s=ca1084a1aed7d419eb1abcc87fa5eea112977ef8&profile_id=164
crawlspace, https://player.vimeo.com/external/391911631.sd.mp4?s=ca1084a1aed7d419eb1abcc87fa5eea112977ef8&profile_id=164
crawl time feels like it is going very slowly, https://media.signbsl.com/videos/asl/youtube/mp4/Mdutdn7Y_V8.mp4
crayfish, https://media.signbsl.com/videos/asl/elementalaslconcepts/mp4/crayfish.mp4
crayon, https://media.signbsl.com/videos/asl/aslsearch/mp4/crayon.mp4
crayons, https://media.signbsl.com/videos/asl/aslsearch/mp4/crayon.mp4
craze, https://player.vimeo.com/external/392123445.sd.mp4?s=e995934f3b5de543f57d9b31314b8f802962f15d&profile_id=164
crazed, https://player.vimeo.com/external/391933283.sd.mp4?s=e72f0f9da757f0a3ff9d3e6eeab2016b8da825ba&profile_id=164
crazier, https://media.signbsl.com/videos/asl/youtube/mp4/-fG0Hm4gZgQ.mp4
craziness, https://media.signbsl.com/videos/asl/aslsignbank/mp4/CRAZY-1184.mp4
crazy, https://media.signbsl.com/videos/asl/aslsearch/mp4/crazy.mp4
crazy about something, https://media.signbsl.com/videos/asl/youtube/mp4/etHsCemQ4qk.mp4
crazy as a loon, https://media.signbsl.com/videos/asl/youtube/mp4/-spULYGOQ_M.mp4
crazy bone, https://player.vimeo.com/external/392141331.sd.mp4?s=efd41f1d5d21cab10bcb7a637757b92b628a2472&profile_id=164
crazy house, https://media.signbsl.com/videos/asl/youtube/mp4/PWhjU4vMZCc.mp4
C reactive protein, https://player.vimeo.com/external/392669967.sd.mp4?s=e09452ac6a6627871413b2d5daf3c57a22f34493&profile_id=164
creak, https://media.signbsl.com/videos/asl/youtube/mp4/tIa-8IRuO5A.mp4
creakier, https://media.signbsl.com/videos/asl/youtube/mp4/LU343eBUtvI.mp4
creak if a system method or organization creaks it no longer works well, https://media.signbsl.com/videos/asl/youtube/mp4/wN5j0FAGYS8.mp4
creaky, https://media.signbsl.com/videos/asl/youtube/mp4/tsHiws3D0G0.mp4
cream, https://media.signbsl.com/videos/asl/aslsearch/mp4/cream.mp4
cream cheese, https://media.signbsl.com/videos/asl/mariekatzenbachschool/mp4/cream%20cheese.mp4
creameries, https://media.signbsl.com/videos/asl/youtube/mp4/eWp7esoBJLk.mp4
creamery, https://media.signbsl.com/videos/asl/youtube/mp4/eWp7esoBJLk.mp4
creamier, https://media.signbsl.com/videos/asl/youtube/mp4/0ob0Dln9Lk0.mp4
cream off, https://media.signbsl.com/videos/asl/youtube/mp4/LYxuHHX9vpc.mp4
cream rises to the top, https://media.signbsl.com/videos/asl/youtube/mp4/EtzOv3oRYk8.mp4
creamy, https://media.signbsl.com/videos/asl/youtube/mp4/NLoqtk5hrjM.mp4
crease, https://media.signbsl.com/videos/asl/youtube/mp4/URfnYW6YMaQ.mp4
create, https://media.signbsl.com/videos/asl/aslsignbank/mp4/MAKE-502.mp4
Create Creation Form, https://media.signbsl.com/videos/asl/ids/mp4/2013-11-1130-create-creation-form-1500k-ase.mp4
creation, https://media.signbsl.com/videos/asl/signlanguagestudent/mp4/universe.mp4
creationist, https://media.signbsl.com/videos/asl/youtube/mp4/EnQgi7ZW5GA.mp4
creative, https://media.signbsl.com/videos/asl/aslsignbank/mp4/CREATE-1188.mp4
creative person, https://media.signbsl.com/videos/asl/startasl/mp4/artist.mp4
creative thinker, https://media.signbsl.com/videos/asl/youtube/mp4/LMYrn2w7u-I.mp4
creator, https://media.signbsl.com/videos/asl/aslsignbank/mp4/LORD-2412.mp4
creature, https://media.signbsl.com/videos/asl/startasl/mp4/animal.mp4
creature comforts, https://media.signbsl.com/videos/asl/youtube/mp4/FU3yEgbONYo.mp4
cred, https://media.signbsl.com/videos/asl/youtube/mp4/6SQfCS1YTks.mp4
credence, https://media.signbsl.com/videos/asl/youtube/mp4/DLJ0aGXeHnc.mp4
credential, https://media.signbsl.com/videos/asl/aslsignbank/mp4/CERTIFICATE-1050.mp4
credentials, https://media.signbsl.com/videos/asl/aslsignbank/mp4/CERTIFICATE-1050.mp4
credibility, https://media.signbsl.com/videos/asl/unoclimb/mp4/1sUJJOPznTQ.mp4
credible, https://media.signbsl.com/videos/asl/youtube/mp4/q6onpl33llo.mp4
credibleness, https://media.signbsl.com/videos/asl/unoclimb/mp4/1sUJJOPznTQ.mp4
credit, https://media.signbsl.com/videos/asl/elementalaslconcepts/mp4/citation.mp4
credit card, https://media.signbsl.com/videos/asl/aslsearch/mp4/credit-card.mp4
credit line maximum credit that a customer is allowed, https://media.signbsl.com/videos/asl/youtube/mp4/sl8GW70lQp4.mp4
creditor, https://media.signbsl.com/videos/asl/youtube/mp4/HpAJjKKhZLA.mp4
credits course, https://player.vimeo.com/external/391911846.sd.mp4?s=fdfe679ebd6a6e85219a703fa0a05ed4aebcf23d&profile_id=164
credits film, https://player.vimeo.com/external/391911875.sd.mp4?s=beaa1f910ffcdb5f9972b7b6bf3637af15c1fe7a&profile_id=164
credits movie, https://media.signbsl.com/videos/asl/youtube/mp4/cXSANvnGanI.mp4
credo, https://media.signbsl.com/videos/asl/youtube/mp4/ri72f9DwvB8.mp4
credulity, https://media.signbsl.com/videos/asl/youtube/mp4/CGkozV99unA.mp4
creed, https://media.signbsl.com/videos/asl/youtube/mp4/ri72f9DwvB8.mp4
creek, https://media.signbsl.com/videos/asl/youtube/mp4/tYpT26X4rgA.mp4
creep, https://media.signbsl.com/videos/asl/aslsignbank/mp4/CRAWL-2559.mp4
creepier, https://media.signbsl.com/videos/asl/youtube/mp4/qGCUuee2BrE.mp4
creep increep into, https://media.signbsl.com/videos/asl/youtube/mp4/wIARriK-GEg.mp4
creep me out, https://media.signbsl.com/videos/asl/youtube/mp4/koiNn7V0018.mp4
creep out figurative, https://media.signbsl.com/videos/asl/youtube/mp4/ol5k3EutiO4.mp4
creep upcreep up on sneak up sneak up on run up on move in on, https://media.signbsl.com/videos/asl/youtube/mp4/u1ComwgzfCg.mp4
creepy, https://player.vimeo.com/external/391911904.sd.mp4?s=098f56a0ee4be31177cdf0ff3474503233f530b8&profile_id=164
creepy crawly, https://player.vimeo.com/external/391911904.sd.mp4?s=098f56a0ee4be31177cdf0ff3474503233f530b8&profile_id=164
cremate, https://media.signbsl.com/videos/asl/youtube/mp4/X18GJJoZT94.mp4
cremation, https://player.vimeo.com/external/391911927.sd.mp4?s=d1f79170dc0121c31333041ae4985388ce6d27ff&profile_id=164
crematoria, https://media.signbsl.com/videos/asl/youtube/mp4/xGcvkK1H4qA.mp4
creme, https://media.signbsl.com/videos/asl/youtube/mp4/HpRLwEPTMuM.mp4
crenelate, https://media.signbsl.com/videos/asl/youtube/mp4/Y99RCwIYMs8.mp4
crenelated, https://media.signbsl.com/videos/asl/youtube/mp4/Y99RCwIYMs8.mp4
crenellate, https://media.signbsl.com/videos/asl/youtube/mp4/Y99RCwIYMs8.mp4
crenellated, https://media.signbsl.com/videos/asl/youtube/mp4/Y99RCwIYMs8.mp4
crepe, https://media.signbsl.com/videos/asl/youtube/mp4/bcHahEqTzuA.mp4
crepe hanger, https://media.signbsl.com/videos/asl/youtube/mp4/mEtcMsz9Sbw.mp4
crepitate, https://media.signbsl.com/videos/asl/youtube/mp4/G1Z_Ehs6jHc.mp4
crepuscle, https://player.vimeo.com/external/391993324.sd.mp4?s=e7e461e8294722f18eade08c87fbfce7a74645d8&profile_id=164
crepuscular, https://media.signbsl.com/videos/asl/youtube/mp4/MhDA9dLDn7s.mp4
crepuscule, https://player.vimeo.com/external/391993324.sd.mp4?s=e7e461e8294722f18eade08c87fbfce7a74645d8&profile_id=164
crescent, https://media.signbsl.com/videos/asl/aslsearch/mp4/crescent.mp4
cresheim school, https://media.signbsl.com/videos/asl/aslsignbank/mp4/CRESHEIM-SCHOOL-1191.mp4
crest, https://media.signbsl.com/videos/asl/youtube/mp4/7gF-PJa3mK0.mp4
crestfallen, https://player.vimeo.com/external/392670638.sd.mp4?s=9dc55e1f5f6beaa81980dc5f63dd47437d229f5f&profile_id=164
crestless, https://media.signbsl.com/videos/asl/youtube/mp4/gaPkEHZhLQs.mp4
crest of a wave, https://media.signbsl.com/videos/asl/youtube/mp4/hQC7EstQwDE.mp4
Cretaceous, https://media.signbsl.com/videos/asl/youtube/mp4/KXcS_bsdt84.mp4
Cretaceous period, https://media.signbsl.com/videos/asl/youtube/mp4/KXcS_bsdt84.mp4
cretin, https://media.signbsl.com/videos/asl/aslsignbank/mp4/IDIOT-2180.mp4
cretinism, https://media.signbsl.com/videos/asl/youtube/mp4/TkZ5_PPswIg.mp4
crew, https://player.vimeo.com/external/391912600.sd.mp4?s=6a68f6fbc251d69899c59c7a737478e9965ec68a&profile_id=164
crew cut, https://player.vimeo.com/external/391912610.sd.mp4?s=b3713ec3d5688a820b3f5c3465131635fe825b61&profile_id=164
crewcut, https://player.vimeo.com/external/391912610.sd.mp4?s=b3713ec3d5688a820b3f5c3465131635fe825b61&profile_id=164
crewman, https://media.signbsl.com/videos/asl/aslsearch/mp4/sailor.mp4
crews and tango, https://media.signbsl.com/videos/asl/youtube/mp4/FEtuh0vPOAk.mp4
crib, https://player.vimeo.com/external/391912623.sd.mp4?s=7cccfb5ddc8664c8fdc5df115455a44a5c6fdb61&profile_id=164
crick, https://media.signbsl.com/videos/asl/youtube/mp4/e-Yd-lB3n_g.mp4
cricket, https://player.vimeo.com/external/391912818.sd.mp4?s=eced89c2108195c72bb5c7ded6ecd875547db120&profile_id=164
crier peddler who shouts to advertises the goods he sells, https://media.signbsl.com/videos/asl/youtube/mp4/KyPtYEGk0eg.mp4
crime, https://player.vimeo.com/external/391912853.sd.mp4?s=3136103a67b919533433b241c6ffff4f33614d72&profile_id=164
crime doesnt pay, https://media.signbsl.com/videos/asl/youtube/mp4/f9_JYkwHxZc.mp4
criminal, https://media.signbsl.com/videos/asl/aslsignbank/mp4/FRAUD-2923.mp4
criminal conversation, https://media.signbsl.com/videos/asl/signlanguagestudent/mp4/adultery.mp4
criminalise, https://media.signbsl.com/videos/asl/youtube/mp4/b08m5OJYmJ8.mp4
criminalize, https://media.signbsl.com/videos/asl/youtube/mp4/b08m5OJYmJ8.mp4
criminate, https://media.signbsl.com/videos/asl/aslsignbank/mp4/BLAME-552.mp4
criminative, https://media.signbsl.com/videos/asl/unoclimb/mp4/4IIuf8PdRmY.mp4
criminatory, https://media.signbsl.com/videos/asl/unoclimb/mp4/4IIuf8PdRmY.mp4
criminologist, https://media.signbsl.com/videos/asl/youtube/mp4/JL0d9MCe0B8.mp4
criminology, https://media.signbsl.com/videos/asl/youtube/mp4/u4ajlWulqzA.mp4
criminate, https://media.signbsl.com/videos/asl/aslsignbank/mp4/BLAME-552.mp4
criminative, https://media.signbsl.com/videos/asl/unoclimb/mp4/4IIuf8PdRmY.mp4
criminatory, https://media.signbsl.com/videos/asl/unoclimb/mp4/4IIuf8PdRmY.mp4
criminologist, https://media.signbsl.com/videos/asl/youtube/mp4/JL0d9MCe0B8.mp4
criminology, https://media.signbsl.com/videos/asl/youtube/mp4/u4ajlWulqzA.mp4
crimp, https://media.signbsl.com/videos/asl/youtube/mp4/2_Ws_-twxRk.mp4
crimper, https://media.signbsl.com/videos/asl/youtube/mp4/owgecGTa_LA.mp4
crimper someone who tricks or coerces men into service as sailors or soldiers, https://media.signbsl.com/videos/asl/youtube/mp4/_s38Ys2ZwGY.mp4
crimson, https://media.signbsl.com/videos/asl/startasl/mp4/red.mp4
cringe, https://media.signbsl.com/videos/asl/aslsearch/mp4/quail.mp4
cringeworthy, https://player.vimeo.com/external/391912951.sd.mp4?s=95a23538dac3b172c9fb416930b2f0109c9a54c8&profile_id=164
cringing, https://media.signbsl.com/videos/asl/youtube/mp4/ayNEjuTQXBM.mp4
crinkle, https://media.signbsl.com/videos/asl/youtube/mp4/URfnYW6YMaQ.mp4
cripes, https://media.signbsl.com/videos/asl/youtube/mp4/NTOtd8kaYqI.mp4
cripple, https://media.signbsl.com/videos/asl/youtube/mp4/0Gcnhp4YWUw.mp4
crippler, https://media.signbsl.com/videos/asl/youtube/mp4/efkt8WrUzjY.mp4
crises, https://media.signbsl.com/videos/asl/youtube/mp4/Qn2nVM6U5mg.mp4
crisis, https://media.signbsl.com/videos/asl/youtube/mp4/tWmjJzBRRkA.mp4
crisp, https://media.signbsl.com/videos/asl/youtube/mp4/URfnYW6YMaQ.mp4
crispcrispercrispest movement, https://media.signbsl.com/videos/asl/youtube/mp4/DeTvPwgIIfY.mp4
crispcrispercrispest speech, https://media.signbsl.com/videos/asl/youtube/mp4/FNwjlYNfChs.mp4
crisped, https://media.signbsl.com/videos/asl/youtube/mp4/5oCNnSqiing.mp4
crisper, https://media.signbsl.com/videos/asl/youtube/mp4/tcnQbwFi4m4.mp4
crisply, https://media.signbsl.com/videos/asl/youtube/mp4/O1457jzrxAM.mp4
crisp newfresh, https://media.signbsl.com/videos/asl/youtube/mp4/nkA5iyN9lt4.mp4
crispy, https://media.signbsl.com/videos/asl/youtube/mp4/zkb5lt6Ne34.mp4
crisscross, https://media.signbsl.com/videos/asl/youtube/mp4/6lDYBN_-xAo.mp4
criteria, https://media.signbsl.com/videos/asl/aslsearch/mp4/criteria.mp4
criterion, https://media.signbsl.com/videos/asl/aslsearch/mp4/criteria.mp4
critic, https://player.vimeo.com/external/391912992.sd.mp4?s=a01aec994d2c242ece095d95533c5e2cd36a490e&profile_id=164
critical, https://media.signbsl.com/videos/asl/aslsignbank/mp4/GRILL-3258.mp4
critical angle, https://media.signbsl.com/videos/asl/youtube/mp4/jwUweMWUWxE.mp4
critical injury, https://player.vimeo.com/external/391913045.sd.mp4?s=2c1d624ab8af214d348dd833b8bacab72c3af49c&profile_id=164
critical mass, https://media.signbsl.com/videos/asl/youtube/mp4/7Mm3Dtoxb2A.mp4
critical point, https://media.signbsl.com/videos/asl/youtube/mp4/IPf_LygnD9c.mp4
critical reading, https://media.signbsl.com/videos/asl/elementalaslconcepts/mp4/critical_reading.mp4
critical thinking, https://player.vimeo.com/external/391913088.sd.mp4?s=a682ef2e3eddab4471a67499383e140e4da37e67&profile_id=164
criticise, https://media.signbsl.com/videos/asl/aslsignbank/mp4/CORRECT-1167.mp4
criticism, https://media.signbsl.com/videos/asl/youtube/mp4/kGl3FSN8VLw.mp4
criticize, https://media.signbsl.com/videos/asl/aslsignbank/mp4/CORRECT-1167.mp4
criticize harshly, https://media.signbsl.com/videos/asl/youtube/mp4/NIP-5WOqWOw.mp4
criticize me, https://media.signbsl.com/videos/asl/aslsignbank/mp4/CORRECT-1167.mp4
criticizer, https://media.signbsl.com/videos/asl/youtube/mp4/9utZTcm_WDs.mp4
CRO, https://media.signbsl.com/videos/asl/AustinCommunityCollege/mp4/elec_oscilloscope_.mp4
croak, https://media.signbsl.com/videos/asl/youtube/mp4/7Reav4BjWdQ.mp4
croakier, https://media.signbsl.com/videos/asl/youtube/mp4/9rKlr_7MIUQ.mp4
croaking, https://media.signbsl.com/videos/asl/youtube/mp4/FC-BGKlu3Q8.mp4
croaky, https://media.signbsl.com/videos/asl/youtube/mp4/FC-BGKlu3Q8.mp4
Croatia, https://media.signbsl.com/videos/asl/youtube/mp4/UrFxhVpg-I0.mp4
crochet, https://player.vimeo.com/external/391913343.sd.mp4?s=2119dc74fa2fd9f0915aa2fa72f69f74a75e4ebf&profile_id=164
crock, https://media.signbsl.com/videos/asl/youtube/mp4/Tu_qrBlswD4.mp4
crocked, https://player.vimeo.com/external/392518215.sd.mp4?s=113d53ba6f2c71f52d578ada70db149ecff96e8b&profile_id=164
Crock Pot, https://player.vimeo.com/external/392669923.sd.mp4?s=c51f6db7f4f35354cef5e7cfdbed7e548006a535&profile_id=164
crockpot, https://player.vimeo.com/external/392669923.sd.mp4?s=c51f6db7f4f35354cef5e7cfdbed7e548006a535&profile_id=164
crock up, https://media.signbsl.com/videos/asl/youtube/mp4/LGy0qiwx-zk.mp4
crocodile, https://media.signbsl.com/videos/asl/aslsearch/mp4/crocodile.mp4
crocodile tears, https://media.signbsl.com/videos/asl/youtube/mp4/qinyUCp0zvQ.mp4
croft, https://media.signbsl.com/videos/asl/youtube/mp4/lVU2_YcZgZo.mp4
Cro magnon, https://media.signbsl.com/videos/asl/youtube/mp4/Kcu6TBgLh5M.mp4
crone, https://media.signbsl.com/videos/asl/youtube/mp4/cscjFe9DfiM.mp4
cronies, https://media.signbsl.com/videos/asl/youtube/mp4/gdF3X4a6A4g.mp4
crony, https://media.signbsl.com/videos/asl/youtube/mp4/gdF3X4a6A4g.mp4
crook, https://media.signbsl.com/videos/asl/aslsignbank/mp4/FRAUD-2923.mp4
crooked, https://player.vimeo.com/external/391913450.sd.mp4?s=ea957057225c6695e55e7a19a0418ed3dcc154dc&profile_id=164
crookeder, https://media.signbsl.com/videos/asl/youtube/mp4/kQH1oU-DpZ4.mp4
crooked thin items, https://media.signbsl.com/videos/asl/aslsignbank/mp4/DS-1937.mp4
crooner, https://media.signbsl.com/videos/asl/youtube/mp4/6pGS4iLQO-w.mp4
crop, https://media.signbsl.com/videos/asl/youtube/mp4/-nBiK_qYJl4.mp4
crop a picture, https://media.signbsl.com/videos/asl/youtube/mp4/e-UeXa6oP2M.mp4
crop dusting, https://media.signbsl.com/videos/asl/youtube/mp4/bsGQSKBkNfc.mp4
cropper, https://media.signbsl.com/videos/asl/youtube/mp4/nUD9KgRctYo.mp4
crop up, https://media.signbsl.com/videos/asl/aslsearch/mp4/pop-up.mp4
croquet, https://media.signbsl.com/videos/asl/youtube/mp4/-Ic8cg0Zhqs.mp4
cross, https://media.signbsl.com/videos/asl/aslsignbank/mp4/CROSS-2560.mp4
cross appear for a short time, https://media.signbsl.com/videos/asl/youtube/mp4/crIObEbA54A.mp4
crossbar, https://media.signbsl.com/videos/asl/youtube/mp4/TRJPiyWVK1s.mp4
cross bedding, https://media.signbsl.com/videos/asl/youtube/mp4/kITqeYJw98I.mp4
crossbow, https://media.signbsl.com/videos/asl/youtube/mp4/s3G05V_XfzQ.mp4
crossbowman, https://media.signbsl.com/videos/asl/youtube/mp4/kwJOeEsCVOc.mp4
crossbreed, https://media.signbsl.com/videos/asl/deaftec/mp4/1390.mp4
crossbreeding, https://media.signbsl.com/videos/asl/youtube/mp4/bIKSAd0iqkc.mp4
cross check, https://media.signbsl.com/videos/asl/youtube/mp4/txd-9FJ_62s.mp4
crosscheck, https://media.signbsl.com/videos/asl/youtube/mp4/txd-9FJ_62s.mp4
cross country running, https://player.vimeo.com/external/391913553.sd.mp4?s=9b906135be1978cf97a1d10db7ce88105b13db5d&profile_id=164
cross country skiing, https://player.vimeo.com/external/391913603.sd.mp4?s=a50cb901cc7b4eb30a93175c5763f869aa8018d4&profile_id=164
cross cultural, https://player.vimeo.com/external/391913627.sd.mp4?s=adfe6b6f8ec837b1c709868a38b2dbc093a3ab81&profile_id=164
crosscurrent, https://media.signbsl.com/videos/asl/youtube/mp4/D4Za6lURxRQ.mp4
crosscut, https://media.signbsl.com/videos/asl/youtube/mp4/ytfPBJFpLuQ.mp4
cross cutting, https://media.signbsl.com/videos/asl/youtube/mp4/Sh9EhrsUg7o.mp4
crossed, https://media.signbsl.com/videos/asl/youtube/mp4/z7jTYI7vZhE.mp4
crossed eye, https://media.signbsl.com/videos/asl/youtube/mp4/M5IarTyas-E.mp4
crossed his legs, https://media.signbsl.com/videos/asl/youtube/mp4/BWoSzu9yvCo.mp4
crossed his legs up shorter, https://media.signbsl.com/videos/asl/youtube/mp4/MKZamzJrab8.mp4
cross examine, https://player.vimeo.com/external/391913644.sd.mp4?s=1763d475bbc98c66444178eba31879e3dacc58c7&profile_id=164
cross eye, https://media.signbsl.com/videos/asl/youtube/mp4/M5IarTyas-E.mp4
cross eyed, https://player.vimeo.com/external/391913660.sd.mp4?s=93dc8517a0f02d1a87554f6a3d1466ec74ad2b80&profile_id=164
crosseyed, https://player.vimeo.com/external/391913660.sd.mp4?s=93dc8517a0f02d1a87554f6a3d1466ec74ad2b80&profile_id=164
cross eyes, https://media.signbsl.com/videos/asl/youtube/mp4/M5IarTyas-E.mp4
crossfertilize, NA
cross fertilize cross pollinate ideas, https://media.signbsl.com/videos/asl/youtube/mp4/0k0WKqwjJ6I.mp4
cross fertilizecross pollinate pollen, https://media.signbsl.com/videos/asl/youtube/mp4/AyfcAeBxulo.mp4
crossfire, https://media.signbsl.com/videos/asl/youtube/mp4/Ph3n4k8S9BM.mp4
crossfire anger, https://media.signbsl.com/videos/asl/youtube/mp4/DD9ZU6Rs9WM.mp4
crossfire interchange of ideas, https://media.signbsl.com/videos/asl/youtube/mp4/5UqaleR2O8M.mp4
cross grained, https://media.signbsl.com/videos/asl/youtube/mp4/aXdsnI-5pKY.mp4
cross heart, https://media.signbsl.com/videos/asl/aslsignbank/mp4/CROSS-HEART-1985.mp4
cross index, https://media.signbsl.com/videos/asl/youtube/mp4/jU_M_Ux7ESc.mp4
crossing, https://media.signbsl.com/videos/asl/youtube/mp4/Y139up0Z714.mp4
crossing the rubicon, https://media.signbsl.com/videos/asl/youtube/mp4/97xWQ22hKQ4.mp4
cross legged, https://player.vimeo.com/external/391913677.sd.mp4?s=477810e305b9138e7bb8171fbe264618ef0019f5&profile_id=164
crosslight, https://media.signbsl.com/videos/asl/youtube/mp4/3GYuy9Lkcsw.mp4
crossness, https://media.signbsl.com/videos/asl/youtube/mp4/A9OLapOO_Ys.mp4
cross off, https://player.vimeo.com/external/391913863.sd.mp4?s=6ba2b224855b7d584d9a94725901fb30c1b64187&profile_id=164
cross ones eyes, https://media.signbsl.com/videos/asl/aslsearch/mp4/squint.mp4
cross out, https://player.vimeo.com/external/391913863.sd.mp4?s=6ba2b224855b7d584d9a94725901fb30c1b64187&profile_id=164
cross pollinate, https://media.signbsl.com/videos/asl/youtube/mp4/oF6AjAE0bh8.mp4
cross product, https://media.signbsl.com/videos/asl/tsdvideo/mp4/533.mp4
cross products, https://media.signbsl.com/videos/asl/tsdvideo/mp4/533.mp4
cross question, https://player.vimeo.com/external/391913644.sd.mp4?s=1763d475bbc98c66444178eba31879e3dacc58c7&profile_id=164
cross reference, https://media.signbsl.com/videos/asl/youtube/mp4/jU_M_Ux7ESc.mp4
crossroad, https://media.signbsl.com/videos/asl/youtube/mp4/Y139up0Z714.mp4
crossroads, https://media.signbsl.com/videos/asl/youtube/mp4/V_5o3nsxul0.mp4
cross section, https://media.signbsl.com/videos/asl/youtube/mp4/l-jC5wNYDpc.mp4
cross shape, https://player.vimeo.com/external/391913901.sd.mp4?s=f49c2d57f80f590e5f96ecac548d00c30430caca&profile_id=164
cross that bridge when you come to it, https://media.signbsl.com/videos/asl/youtube/mp4/IGtJHbDo-O4.mp4
cross the line, https://media.signbsl.com/videos/asl/youtube/mp4/31lz28BI78c.mp4
cross thwart, https://media.signbsl.com/videos/asl/youtube/mp4/FXRMFJVVphg.mp4
cross town, https://media.signbsl.com/videos/asl/youtube/mp4/FEW-q0HIz-U.mp4
crosstown, https://media.signbsl.com/videos/asl/youtube/mp4/FEW-q0HIz-U.mp4
cross up, https://media.signbsl.com/videos/asl/youtube/mp4/1qsZHJQz7wk.mp4
crossway, https://media.signbsl.com/videos/asl/youtube/mp4/Y139up0Z714.mp4
crosswind, https://media.signbsl.com/videos/asl/youtube/mp4/Kc0Nr4hengI.mp4
crotchet, https://media.signbsl.com/videos/asl/youtube/mp4/pxlZNR4c2Ks.mp4
crotchety, https://media.signbsl.com/videos/asl/youtube/mp4/ARkL-1Sbc6s.mp4
crouch, https://media.signbsl.com/videos/asl/youtube/mp4/aHmYY7kWbBw.mp4
crouch squat, https://player.vimeo.com/external/391913937.sd.mp4?s=5bc08fa107ba9af64a38da0345fc79dc91e79cd7&profile_id=164
croup, https://media.signbsl.com/videos/asl/youtube/mp4/TKf5yIOFBfU.mp4
croupe, https://media.signbsl.com/videos/asl/youtube/mp4/TKf5yIOFBfU.mp4
croupycroupiercroupiest, https://media.signbsl.com/videos/asl/youtube/mp4/ztvMMSYFeUg.mp4
crow, https://player.vimeo.com/external/391914015.sd.mp4?s=0546a570e663eaf61c780e1ffdb9fbebb409f7c1&profile_id=164
crowbar, https://media.signbsl.com/videos/asl/youtube/mp4/zXvyoSBL2mo.mp4
crowd, https://media.signbsl.com/videos/asl/aslsearch/mp4/crowd.mp4
crowd a person, https://media.signbsl.com/videos/asl/youtube/mp4/THRwgXy6DCQ.mp4
crowded, https://media.signbsl.com/videos/asl/youtube/mp4/IxVBaPuHLT8.mp4
crowd in crowd into, https://media.signbsl.com/videos/asl/youtube/mp4/tma5Yny3rWo.mp4
crowd in on, https://media.signbsl.com/videos/asl/youtube/mp4/MWvysn8xhYg.mp4
crowd mind, https://media.signbsl.com/videos/asl/youtube/mp4/ZUT7aOfxQx8.mp4
crowd out push out, https://media.signbsl.com/videos/asl/youtube/mp4/dZV8qAJB_Vc.mp4
crown, https://media.signbsl.com/videos/asl/signlanguagestudent/mp4/crown.mp4
crowned head, https://media.signbsl.com/videos/asl/youtube/mp4/dh3wRe0O3nU.mp4
crownless, https://media.signbsl.com/videos/asl/youtube/mp4/RV2odlOtE_4.mp4
CRP, https://player.vimeo.com/external/392669967.sd.mp4?s=e09452ac6a6627871413b2d5daf3c57a22f34493&profile_id=164
cruces, https://media.signbsl.com/videos/asl/youtube/mp4/_UY5LLQNVxI.mp4
crucial, https://player.vimeo.com/external/391914130.sd.mp4?s=209396689c357ff2ee6fcc14e6d5e869f11a1ab8&profile_id=164
crucible, https://media.signbsl.com/videos/asl/youtube/mp4/mBL4LKfN1NY.mp4
crucified, https://media.signbsl.com/videos/asl/youtube/mp4/OQqyNKpm4DA.mp4
crucifixion, https://media.signbsl.com/videos/asl/signlanguagestudent/mp4/crucifixion.mp4
Crucifixion Crucify, https://media.signbsl.com/videos/asl/ids/mp4/2013-11-1160-crucifixion-crucify-1500k-ase.mp4
crucify, https://media.signbsl.com/videos/asl/signlanguagestudent/mp4/crucify.mp4
crud, https://media.signbsl.com/videos/asl/youtube/mp4/BemLKVmLpXc.mp4
crude, https://media.signbsl.com/videos/asl/youtube/mp4/52ruDkn4Kww.mp4
crude oil, https://media.signbsl.com/videos/asl/youtube/mp4/4FdOHtHqfoM.mp4
cruder, https://media.signbsl.com/videos/asl/youtube/mp4/ks_seiohh0U.mp4
cruel, https://media.signbsl.com/videos/asl/aslsignbank/mp4/MEAN-185.mp4
crueler, https://media.signbsl.com/videos/asl/youtube/mp4/V-RR-XNmUy4.mp4
cruelty, https://media.signbsl.com/videos/asl/aslsignbank/mp4/MEAN-185.mp4
cruise, https://media.signbsl.com/videos/asl/youtube/mp4/FECIqaOlJOc.mp4
cruise in, https://media.signbsl.com/videos/asl/youtube/mp4/1XqqKV3axpI.mp4
cruise looking for sex, https://media.signbsl.com/videos/asl/youtube/mp4/8A_64csSJ9I.mp4
cruiser, https://media.signbsl.com/videos/asl/aslsearch/mp4/police-car.mp4
cruller, https://media.signbsl.com/videos/asl/youtube/mp4/aOddFY7wAZU.mp4
crumb, https://media.signbsl.com/videos/asl/youtube/mp4/7LYI9dK_sEY.mp4
crumbier, https://media.signbsl.com/videos/asl/youtube/mp4/5lZPh2on6KY.mp4
crumby, https://media.signbsl.com/videos/asl/youtube/mp4/RdBKvqrARTU.mp4
crumpet, https://player.vimeo.com/external/392011445.sd.mp4?s=018b718a2b06bbe6acdf71d5d51f7ead6e449653&profile_id=164
crumple, https://media.signbsl.com/videos/asl/youtube/mp4/OgzaEyCj_rc.mp4
crunch, https://media.signbsl.com/videos/asl/aslsearch/mp4/grind.mp4
crunchier, https://media.signbsl.com/videos/asl/youtube/mp4/ncWZe136MNo.mp4
crunch time, https://media.signbsl.com/videos/asl/youtube/mp4/Onpd116FRvE.mp4
crusade, https://media.signbsl.com/videos/asl/youtube/mp4/7EctMRImw0s.mp4
crusader, https://media.signbsl.com/videos/asl/youtube/mp4/7SN_qWsx3N8.mp4
crush, https://media.signbsl.com/videos/asl/aslsignbank/mp4/SQUISH-1107.mp4
crushed, https://media.signbsl.com/videos/asl/youtube/mp4/efaCvus6pvI.mp4
crusher, https://media.signbsl.com/videos/asl/youtube/mp4/tinQeQfUk_s.mp4
crushing, https://media.signbsl.com/videos/asl/youtube/mp4/UP-6_TkcD2M.mp4
crushing victory, https://media.signbsl.com/videos/asl/youtube/mp4/lZWEnU1x9ko.mp4
crush sleeve, https://media.signbsl.com/videos/asl/AustinCommunityCollege/mp4/auto_crush_sleeve_.mp4
crust, https://media.signbsl.com/videos/asl/youtube/mp4/Qy0hl4qHcZY.mp4
crustacean, https://media.signbsl.com/videos/asl/elementalaslconcepts/mp4/crustaceans.mp4
crustaceans, https://media.signbsl.com/videos/asl/elementalaslconcepts/mp4/crustaceans.mp4
crustily, https://media.signbsl.com/videos/asl/youtube/mp4/5nvR1tRPcEs.mp4
crustiness, https://media.signbsl.com/videos/asl/youtube/mp4/dedzHjsX_5g.mp4
crusty, https://media.signbsl.com/videos/asl/youtube/mp4/PFfpu6ICWtM.mp4
crustycrustiercrustiest bread, https://media.signbsl.com/videos/asl/youtube/mp4/cViMp6mSXBA.mp4
crustycrustiercrustiest old and dirty, https://media.signbsl.com/videos/asl/youtube/mp4/vHzOqbNrGv0.mp4
crutch, https://media.signbsl.com/videos/asl/youtube/mp4/1NcnsNgTlqE.mp4
crutch support, https://media.signbsl.com/videos/asl/youtube/mp4/Pz1vTq2wSCg.mp4
cry, https://media.signbsl.com/videos/asl/startasl/mp4/cry.mp4
cry all the way to the bank, https://media.signbsl.com/videos/asl/youtube/mp4/iUuVLRGREoc.mp4
crybabies, https://media.signbsl.com/videos/asl/aslsearch/mp4/chicken.mp4
cry baby, https://media.signbsl.com/videos/asl/aslsearch/mp4/chicken.mp4
crybaby, https://media.signbsl.com/videos/asl/aslsearch/mp4/chicken.mp4
cry heavily, https://media.signbsl.com/videos/asl/aslsearch/mp4/cry2.mp4
crying, https://media.signbsl.com/videos/asl/youtube/mp4/3Whh7nNz1MY.mp4
cryogenic, https://media.signbsl.com/videos/asl/youtube/mp4/ha2Tr6sINJU.mp4
cryosurgery, https://media.signbsl.com/videos/asl/youtube/mp4/7acMcptA6o0.mp4
cry out, https://media.signbsl.com/videos/asl/aslsignbank/mp4/SHOUT-598.mp4
cry over spilled milk, https://media.signbsl.com/videos/asl/youtube/mp4/slHJM24M7yQ.mp4
crypt, https://media.signbsl.com/videos/asl/youtube/mp4/49yVC9eY79o.mp4
cryptanalyst, https://media.signbsl.com/videos/asl/youtube/mp4/YqpkREYxA3k.mp4
cryptic, https://media.signbsl.com/videos/asl/youtube/mp4/2j5PBlGDM-g.mp4
cryptical, https://media.signbsl.com/videos/asl/youtube/mp4/2j5PBlGDM-g.mp4
cryptographer, https://media.signbsl.com/videos/asl/youtube/mp4/YqpkREYxA3k.mp4
cryptography, https://media.signbsl.com/videos/asl/thefamilyvocab/mp4/coding.mp4
cryptologist, https://media.signbsl.com/videos/asl/youtube/mp4/YqpkREYxA3k.mp4
crystal, https://media.signbsl.com/videos/asl/elementalaslconcepts/mp4/crystal.mp4
crystal clear, https://media.signbsl.com/videos/asl/elementalaslconcepts/mp4/transparent.mp4
crystalise, https://media.signbsl.com/videos/asl/youtube/mp4/Q4cKIqDyKZ0.mp4
crystalised, https://media.signbsl.com/videos/asl/youtube/mp4/ScntrGPj-z8.mp4
crystalize, https://media.signbsl.com/videos/asl/youtube/mp4/Q4cKIqDyKZ0.mp4
crystalized, https://media.signbsl.com/videos/asl/youtube/mp4/ScntrGPj-z8.mp4
crystalline, https://media.signbsl.com/videos/asl/elementalaslconcepts/mp4/transparent.mp4
crystalline transparent, https://media.signbsl.com/videos/asl/youtube/mp4/XGCiCfH6YpE.mp4
crystallisation, https://media.signbsl.com/videos/asl/youtube/mp4/gjF__q8LC7s.mp4
crystallise, https://media.signbsl.com/videos/asl/youtube/mp4/p2pp6xbUNW0.mp4
crystallization, https://media.signbsl.com/videos/asl/youtube/mp4/gjF__q8LC7s.mp4
crystallize, https://media.signbsl.com/videos/asl/youtube/mp4/p2pp6xbUNW0.mp4
crystallize become definite, https://media.signbsl.com/videos/asl/youtube/mp4/_k7Vjz3UXFQ.mp4
crystallizing, https://media.signbsl.com/videos/asl/youtube/mp4/gjF__q8LC7s.mp4
crystal rectifier, https://media.signbsl.com/videos/asl/youtube/mp4/OaLYxorIPZs.mp4
cry wolf, https://media.signbsl.com/videos/asl/youtube/mp4/rnQ5lsmgv1c.mp4
C section, https://media.signbsl.com/videos/asl/aslsearch/mp4/caesarean.mp4
CT, https://media.signbsl.com/videos/asl/youtube/mp4/ki5LBMjoKmo.mp4
Cu, https://media.signbsl.com/videos/asl/youtube/mp4/G1Z6q2gVKUM.mp4
cub, https://media.signbsl.com/videos/asl/youtube/mp4/1UcRWhfYNmM.mp4
Cuba, https://media.signbsl.com/videos/asl/youtube/mp4/caqvrVq77P0.mp4
Cuban capital, https://media.signbsl.com/videos/asl/youtube/mp4/reEkETwXNH4.mp4
cubbies, https://media.signbsl.com/videos/asl/youtube/mp4/5PaIiRS1hj0.mp4
cubby, https://media.signbsl.com/videos/asl/youtube/mp4/5PaIiRS1hj0.mp4
cubbyhole, https://media.signbsl.com/videos/asl/youtube/mp4/tv-FmvNm-48.mp4
cube, https://media.signbsl.com/videos/asl/tsdvideo/mp4/104.mp4
cubed, https://media.signbsl.com/videos/asl/tsdvideo/mp4/330.mp4
cube power, https://media.signbsl.com/videos/asl/deaftec-math/mp4/12D-1.mp4
cube root, https://media.signbsl.com/videos/asl/deaftec-math/mp4/13D-1.mp4
cubic centimeter, https://media.signbsl.com/videos/asl/tsdvideo/mp4/479.mp4
cubic centimetre, https://media.signbsl.com/videos/asl/tsdvideo/mp4/479.mp4
cubic decimeter, https://media.signbsl.com/videos/asl/tsdvideo/mp4/235.mp4
cubic decimetre, https://media.signbsl.com/videos/asl/tsdvideo/mp4/235.mp4
cubic function, https://media.signbsl.com/videos/asl/youtube/mp4/nI1yNFQ5GlM.mp4
cubicle, https://media.signbsl.com/videos/asl/aslsearch/mp4/cubicle.mp4
cubic meter, https://media.signbsl.com/videos/asl/youtube/mp4/aEsoFnT9e4Q.mp4
cubic metre, https://media.signbsl.com/videos/asl/youtube/mp4/aEsoFnT9e4Q.mp4
cubic unit, https://media.signbsl.com/videos/asl/tsdvideo/mp4/444.mp4
cubic units, https://media.signbsl.com/videos/asl/youtube/mp4/dEoYFZR-IKU.mp4
cubist, https://media.signbsl.com/videos/asl/youtube/mp4/p1wSOi77Pys.mp4
cubistic, https://media.signbsl.com/videos/asl/youtube/mp4/p1wSOi77Pys.mp4
cubital joint, https://media.signbsl.com/videos/asl/aslsearch/mp4/elbow.mp4
cubitus, https://media.signbsl.com/videos/asl/aslsearch/mp4/elbow.mp4
cuckold, https://media.signbsl.com/videos/asl/aslsearch/mp4/cheat2.mp4
cuckoo, https://media.signbsl.com/videos/asl/youtube/mp4/0hiZOlDJB4U.mp4
cuckoos nest, https://media.signbsl.com/videos/asl/youtube/mp4/PWhjU4vMZCc.mp4
cucumber, https://media.signbsl.com/videos/asl/aslsearch/mp4/cucumber.mp4
cud, https://media.signbsl.com/videos/asl/aslsignbank/mp4/CHEW-718.mp4
cuddle, https://media.signbsl.com/videos/asl/aslsearch/mp4/nest.mp4
cuddle cuddle up, https://media.signbsl.com/videos/asl/youtube/mp4/oFtQlbU9YVI.mp4
cuddlesome, https://media.signbsl.com/videos/asl/youtube/mp4/rY6bepgqYEU.mp4
cuddlier, https://media.signbsl.com/videos/asl/youtube/mp4/7p3wWgdNpQY.mp4
cuddling, https://player.vimeo.com/external/392380749.sd.mp4?s=e9db38157d1680d5cda5968ce9f87323b597ee9c&profile_id=164
cuddly, https://media.signbsl.com/videos/asl/youtube/mp4/rY6bepgqYEU.mp4
cue, https://media.signbsl.com/videos/asl/youtube/mp4/RYQSMesyMTc.mp4
cued speech, https://media.signbsl.com/videos/asl/youtube/mp4/86cOAjcnjPc.mp4
cue up, https://media.signbsl.com/videos/asl/youtube/mp4/9IHWQxQYeSY.mp4
cuff, https://media.signbsl.com/videos/asl/youtube/mp4/nHRTwTWpsWI.mp4
cufflink, https://media.signbsl.com/videos/asl/youtube/mp4/_xv9_COMhpk.mp4
cuff links, https://media.signbsl.com/videos/asl/youtube/mp4/_xv9_COMhpk.mp4
cuffs, https://media.signbsl.com/videos/asl/aslsearch/mp4/handcuffs.mp4
cuisine, https://media.signbsl.com/videos/asl/youtube/mp4/dSs43Q850Xk.mp4
cuke, https://media.signbsl.com/videos/asl/aslsearch/mp4/cucumber.mp4
culinary, https://media.signbsl.com/videos/asl/youtube/mp4/Tn5uB2rToIc.mp4
culinary art, https://media.signbsl.com/videos/asl/youtube/mp4/dSs43Q850Xk.mp4
cull, https://media.signbsl.com/videos/asl/youtube/mp4/RtDJ-8JwcBg.mp4
cullender, https://media.signbsl.com/videos/asl/youtube/mp4/cVumRCU3eiM.mp4
culminate peak, https://media.signbsl.com/videos/asl/youtube/mp4/txMFOF7botc.mp4
culmination, https://media.signbsl.com/videos/asl/youtube/mp4/brfWo8LQx68.mp4
culpability, https://media.signbsl.com/videos/asl/youtube/mp4/LT-aOhFdsU8.mp4
culpable, https://player.vimeo.com/external/391204275.sd.mp4?s=f7e1f9664483b187696640c552b6d1297c77fcc8&profile_id=164
culpableness, https://media.signbsl.com/videos/asl/youtube/mp4/LT-aOhFdsU8.mp4
culprit, https://media.signbsl.com/videos/asl/youtube/mp4/LJq-oPFVNyI.mp4
cult, https://media.signbsl.com/videos/asl/valleybible/mp4/cult.mp4
cultist, https://media.signbsl.com/videos/asl/youtube/mp4/-mS1pyUAKk0.mp4
cultivable, https://media.signbsl.com/videos/asl/youtube/mp4/Jwco2ldupTY.mp4
cultivatable, https://media.signbsl.com/videos/asl/youtube/mp4/Jwco2ldupTY.mp4
cultivate, https://media.signbsl.com/videos/asl/youtube/mp4/LB3vICCstkE.mp4
cultivated, https://media.signbsl.com/videos/asl/youtube/mp4/OsVMaNuqBfk.mp4
cultivated carrot, https://media.signbsl.com/videos/asl/startasl/mp4/carrot.mp4
cultivator, https://media.signbsl.com/videos/asl/youtube/mp4/YsG-EYcbVnQ.mp4
cultural, https://media.signbsl.com/videos/asl/aslsignbank/mp4/CULTURE-1193.mp4
cultural appropriation, https://player.vimeo.com/external/391914804.sd.mp4?s=03c2a09d0cc530ad748ba82e406510041138dcba&profile_id=164
cultural regions, https://media.signbsl.com/videos/asl/elementalaslconcepts/mp4/cultural_region.mp4
cultural studies, https://player.vimeo.com/external/391914837.sd.mp4?s=25067ec3bac9b630b4120ee0da0aee8b970615de&profile_id=164
culture, https://media.signbsl.com/videos/asl/aslsearch/mp4/culture.mp4
cultured, https://media.signbsl.com/videos/asl/youtube/mp4/OsVMaNuqBfk.mp4
culture shock, https://player.vimeo.com/external/391914867.sd.mp4?s=120169e64eff6890559e76e9063026279c7b2ec9&profile_id=164
cum, https://media.signbsl.com/videos/asl/youtube/mp4/503CFnKuiEg.mp4
cumber, https://media.signbsl.com/videos/asl/youtube/mp4/DCv1IRNRacA.mp4
cumbersome, https://media.signbsl.com/videos/asl/aslsignbank/mp4/INEPT-1735.mp4
cumbersomeness, https://media.signbsl.com/videos/asl/youtube/mp4/2kJwRyPMNes.mp4
cumulate, https://media.signbsl.com/videos/asl/aslsignbank/mp4/INCREASE-2424.mp4
cumulative, https://media.signbsl.com/videos/asl/youtube/mp4/96AGjAn9p8s.mp4
cumulative frequency, https://media.signbsl.com/videos/asl/youtube/mp4/XYiOtzTA1QU.mp4
cumulative frequency histogram, https://media.signbsl.com/videos/asl/youtube/mp4/KzI9bz05LDM.mp4
cumuli, https://media.signbsl.com/videos/asl/youtube/mp4/P-hJ-MBNYn0.mp4
cumulonimbi, https://media.signbsl.com/videos/asl/youtube/mp4/7vEpCIuVUu4.mp4
cumulonimbus, https://media.signbsl.com/videos/asl/youtube/mp4/93cgH-4316M.mp4
cumulonimbus cloud, https://media.signbsl.com/videos/asl/youtube/mp4/93cgH-4316M.mp4
cumulus, https://media.signbsl.com/videos/asl/aslsignbank/mp4/HEAP-1774.mp4
cunning, https://media.signbsl.com/videos/asl/youtube/mp4/6ghfSzLcMK0.mp4
cunninger, https://media.signbsl.com/videos/asl/youtube/mp4/8gq4iEiTPjw.mp4
cunningly, https://media.signbsl.com/videos/asl/youtube/mp4/uGV1YIlRMsg.mp4
cunt, https://media.signbsl.com/videos/asl/aslsignbank/mp4/BITCH-2114.mp4
cup, https://media.signbsl.com/videos/asl/tsdvideo/mp4/277.mp4
cupboard, https://media.signbsl.com/videos/asl/startasl/mp4/closet.mp4
cupcake, https://player.vimeo.com/external/392670114.sd.mp4?s=37f1ffd8d6cd5ebbde3d7a7959ba3ab02db1abfa&profile_id=164
cupful, https://media.signbsl.com/videos/asl/youtube/mp4/1Xwg2IYXTww.mp4
cup holder, https://player.vimeo.com/external/392670078.sd.mp4?s=c0bd6f85349d1df6c99602767409397364edb388&profile_id=164
Cupid, https://player.vimeo.com/external/392670141.sd.mp4?s=dc16062a839e754de41e6827022f73f311a16aa8&profile_id=164
cur, https://media.signbsl.com/videos/asl/youtube/mp4/XSi6WbW0KH8.mp4
curable, https://media.signbsl.com/videos/asl/youtube/mp4/ggeurZwSwrw.mp4
curate, https://media.signbsl.com/videos/asl/aslsearch/mp4/pastor.mp4
curative, https://media.signbsl.com/videos/asl/aslsignbank/mp4/THERAPY-1206.mp4
curator, https://media.signbsl.com/videos/asl/thefamilyvocab/mp4/curator.mp4
curb, https://media.signbsl.com/videos/asl/aslsearch/mp4/conquer.mp4
curbing, https://media.signbsl.com/videos/asl/youtube/mp4/U-ePa39DUpk.mp4
curbside, https://media.signbsl.com/videos/asl/youtube/mp4/sA1YTa9b9vk.mp4
curd, https://media.signbsl.com/videos/asl/youtube/mp4/XE93y90KXAo.mp4
curdle, https://media.signbsl.com/videos/asl/youtube/mp4/KQHj2194pec.mp4
curdle lump, https://media.signbsl.com/videos/asl/youtube/mp4/YMmSBZOET2c.mp4
curdle your blood, https://media.signbsl.com/videos/asl/youtube/mp4/BC3RBhBiRnU.mp4
cure, https://media.signbsl.com/videos/asl/aslsearch/mp4/cure.mp4
cure all, https://media.signbsl.com/videos/asl/youtube/mp4/RiamW8Xf3Z8.mp4
cure harden, https://media.signbsl.com/videos/asl/youtube/mp4/A52QaZnQHm4.mp4
cureless, https://media.signbsl.com/videos/asl/youtube/mp4/AUU_g8XTSSM.mp4
curfew, https://media.signbsl.com/videos/asl/youtube/mp4/vZ9Yd7R0eCQ.mp4
curing, https://media.signbsl.com/videos/asl/youtube/mp4/76Qvag-V35E.mp4
curio, https://media.signbsl.com/videos/asl/youtube/mp4/xVfeVGz1zZo.mp4
curiosities, https://media.signbsl.com/videos/asl/aslsignbank/mp4/CURIOUS-1194.mp4
curiosity, https://media.signbsl.com/videos/asl/aslsignbank/mp4/CURIOUS-1194.mp4
curious, https://media.signbsl.com/videos/asl/aslsearch/mp4/inquire.mp4
curl, https://media.signbsl.com/videos/asl/youtube/mp4/zR7CAW_hON4.mp4
curled up, NA
curler, https://media.signbsl.com/videos/asl/youtube/mp4/owgecGTa_LA.mp4
curling, https://player.vimeo.com/external/391915026.sd.mp4?s=0c02da7a093c5882556b2f8f1860d4412b6ae2aa&profile_id=164
curls, https://media.signbsl.com/videos/asl/youtube/mp4/zR7CAW_hON4.mp4
curl up, https://player.vimeo.com/external/391915005.sd.mp4?s=99060523738385403c0e8af7b12928320126fe49&profile_id=164
curl upcurl around, https://media.signbsl.com/videos/asl/youtube/mp4/0HqmzIfcnh0.mp4
curl up sit, https://media.signbsl.com/videos/asl/youtube/mp4/vOh37E9QBwc.mp4
curly, https://media.signbsl.com/videos/asl/aslsignbank/mp4/CURLY-HAIR-1195.mp4
curly hair, https://media.signbsl.com/videos/asl/youtube/mp4/bHxo_k3lRcA.mp4
curmudgeonly, https://media.signbsl.com/videos/asl/youtube/mp4/PFfpu6ICWtM.mp4
currency, https://media.signbsl.com/videos/asl/aslsignbank/mp4/MONEY-670.mp4
current, https://media.signbsl.com/videos/asl/aslsignbank/mp4/FLOW-704.mp4
current of air, https://media.signbsl.com/videos/asl/startasl/mp4/wind.mp4
curricula, https://media.signbsl.com/videos/asl/startasl/mp4/program.mp4
curriculum, https://media.signbsl.com/videos/asl/startasl/mp4/program.mp4
curriculum vitae, https://media.signbsl.com/videos/asl/youtube/mp4/VUAgLIlfIOo.mp4
curry favor, https://media.signbsl.com/videos/asl/youtube/mp4/frQxITgfqZg.mp4
curry favour, https://media.signbsl.com/videos/asl/youtube/mp4/frQxITgfqZg.mp4
curse, https://media.signbsl.com/videos/asl/aslsearch/mp4/curse.mp4
cursed, https://media.signbsl.com/videos/asl/youtube/mp4/tj7dbs5J9DU.mp4
curser, https://media.signbsl.com/videos/asl/youtube/mp4/iOmPI-hgN-M.mp4
curse swear, https://player.vimeo.com/external/391915182.sd.mp4?s=923934606aacc12c996088a74e00a4a476f9eee8&profile_id=164
Curse Swear Profanity, https://media.signbsl.com/videos/asl/ids/mp4/2013-11-1170-curse-swear-profanity-1500k-ase.mp4
cursive, https://media.signbsl.com/videos/asl/youtube/mp4/7QQ9An7Xl5g.mp4
cursive script, https://media.signbsl.com/videos/asl/youtube/mp4/7QQ9An7Xl5g.mp4
cursorily, https://media.signbsl.com/videos/asl/youtube/mp4/-fWvFGYc4qI.mp4
curt, https://media.signbsl.com/videos/asl/youtube/mp4/tzt-6bTeQQc.mp4
curtain, https://media.signbsl.com/videos/asl/startasl/mp4/curtains.mp4
curtain raiser opening act, https://media.signbsl.com/videos/asl/youtube/mp4/XwxmkY_h3AY.mp4
curtains, https://media.signbsl.com/videos/asl/startasl/mp4/curtains.mp4
curtilage, https://media.signbsl.com/videos/asl/startasl/mp4/yard.mp4
curtsey, https://media.signbsl.com/videos/asl/youtube/mp4/Rls-xT0Z9Nc.mp4
curtsy, https://media.signbsl.com/videos/asl/youtube/mp4/Rls-xT0Z9Nc.mp4
curvaceous, https://media.signbsl.com/videos/asl/youtube/mp4/y_aCi3I-Uv8.mp4
curvature, https://media.signbsl.com/videos/asl/youtube/mp4/ivqtbCPGBes.mp4
curve, https://media.signbsl.com/videos/asl/tsdvideo/mp4/1461.mp4
curve ball, https://player.vimeo.com/external/391915254.sd.mp4?s=9ede1e0156b293168073d149ff7457330a9b22a5&profile_id=164
curveball, https://player.vimeo.com/external/391915254.sd.mp4?s=9ede1e0156b293168073d149ff7457330a9b22a5&profile_id=164
curve ball trick, https://media.signbsl.com/videos/asl/youtube/mp4/6rCHKYVb-9M.mp4
curved surface, https://media.signbsl.com/videos/asl/tsdvideo/mp4/105.mp4
curvey, https://media.signbsl.com/videos/asl/youtube/mp4/NWzCAau8N7g.mp4
curvier, https://media.signbsl.com/videos/asl/youtube/mp4/y2JteCzgLCc.mp4
curvy, https://media.signbsl.com/videos/asl/youtube/mp4/y_aCi3I-Uv8.mp4
curvy road, https://media.signbsl.com/videos/asl/aslsearch/mp4/curvy-road.mp4
cushier, https://media.signbsl.com/videos/asl/youtube/mp4/S-jQMJ-DKTk.mp4
cushiness, https://media.signbsl.com/videos/asl/youtube/mp4/QEYbWvv29cM.mp4
cushion, https://media.signbsl.com/videos/asl/aslsearch/mp4/cushion.mp4
cushionier, https://media.signbsl.com/videos/asl/youtube/mp4/Tp8ljJs0Glw.mp4
cushy, https://media.signbsl.com/videos/asl/youtube/mp4/1cx2tFpFgss.mp4
cushycushiercushiest job, https://media.signbsl.com/videos/asl/youtube/mp4/ZNv-5cmeeQk.mp4
cusp, https://media.signbsl.com/videos/asl/youtube/mp4/TpFwhQ0nbhE.mp4
cuss, https://media.signbsl.com/videos/asl/aslsearch/mp4/curse.mp4
custodial, https://media.signbsl.com/videos/asl/youtube/mp4/i07nr7H7cIc.mp4
custodian, https://media.signbsl.com/videos/asl/youtube/mp4/KlACg_3vYME.mp4
custody, https://player.vimeo.com/external/391915275.sd.mp4?s=5f0fff517ac017786906a76d157e1e773496e4a8&profile_id=164
custom, https://media.signbsl.com/videos/asl/aslsignbank/mp4/TRADITION-1297.mp4
customary, https://player.vimeo.com/external/391915299.sd.mp4?s=5d5040fa8fdf14cbe72643add36df5d04a62a70b&profile_id=164
customary system, https://media.signbsl.com/videos/asl/tsdvideo/mp4/278.mp4
customer, https://media.signbsl.com/videos/asl/aslsearch/mp4/customer.mp4
customise, https://media.signbsl.com/videos/asl/youtube/mp4/M-lhykjNqa4.mp4
customize, https://media.signbsl.com/videos/asl/youtube/mp4/M-lhykjNqa4.mp4
cut, https://media.signbsl.com/videos/asl/aslsearch/mp4/scissors.mp4
Cut-off Disconnect, NA
cut above, https://media.signbsl.com/videos/asl/youtube/mp4/N9eXTpzdpwc.mp4
cut across range, https://media.signbsl.com/videos/asl/youtube/mp4/-NxT7tjVSnM.mp4
cut a long story short, https://media.signbsl.com/videos/asl/youtube/mp4/hkB1EZYo5FY.mp4
cut and run, https://media.signbsl.com/videos/asl/youtube/mp4/Eh7I80_2GQw.mp4
cutaneal, https://media.signbsl.com/videos/asl/youtube/mp4/kgxw6gZfCNk.mp4
cutaneous, https://media.signbsl.com/videos/asl/youtube/mp4/kgxw6gZfCNk.mp4
cut a rug, https://media.signbsl.com/videos/asl/youtube/mp4/ZiWIiJBa3dI.mp4
cut back, https://media.signbsl.com/videos/asl/tsdvideo/mp4/348.mp4
cut back cut away, https://media.signbsl.com/videos/asl/youtube/mp4/pSPxKuH-Hho.mp4
cut corners, https://media.signbsl.com/videos/asl/youtube/mp4/fi9w5KnReeg.mp4
cutcut away, https://media.signbsl.com/videos/asl/youtube/mp4/24J_E2hPYHQ.mp4
cut down, https://media.signbsl.com/videos/asl/tsdvideo/mp4/348.mp4
cut down object, https://media.signbsl.com/videos/asl/youtube/mp4/z5lsTgxbHHo.mp4
cute, https://media.signbsl.com/videos/asl/startasl/mp4/cute.mp4
cute as a button,as cute as a button, https://media.signbsl.com/videos/asl/youtube/mp4/KmdzOuRKwe8.mp4
cute as a buttonas cute as a button, https://media.signbsl.com/videos/asl/youtube/mp4/KmdzOuRKwe8.mp4
cute clever, https://media.signbsl.com/videos/asl/youtube/mp4/mkWH8SIvjGQ.mp4
cuter, https://media.signbsl.com/videos/asl/youtube/mp4/w1nxkRhn8Ow.mp4
cutesie, https://media.signbsl.com/videos/asl/youtube/mp4/CFzLNFenBY8.mp4
cutesier, https://media.signbsl.com/videos/asl/youtube/mp4/Qvkb90jdRFY.mp4
cut hair, https://media.signbsl.com/videos/asl/youtube/mp4/yy6bPZ84FA0.mp4
cut hairstyle, https://media.signbsl.com/videos/asl/youtube/mp4/fpKcGurlRmw.mp4
cuticle, https://media.signbsl.com/videos/asl/elementalaslconcepts/mp4/carapace.mp4
cut in, https://player.vimeo.com/external/391213445.sd.mp4?s=ec08a8328e34f17bb14ef623900ddd399b787446&profile_id=164
cut in announcement, https://media.signbsl.com/videos/asl/youtube/mp4/cNgx6d4IDDw.mp4
cut in cooking, https://media.signbsl.com/videos/asl/youtube/mp4/7LoPKdYyhO0.mp4
cut in cut in front ofcut off, https://media.signbsl.com/videos/asl/youtube/mp4/P4XEDkA5px8.mp4
cut in dance, https://media.signbsl.com/videos/asl/youtube/mp4/oBJP3CDLQ6Y.mp4
cut in picture, https://media.signbsl.com/videos/asl/youtube/mp4/3XdhjrRZKmk.mp4
cut into, https://media.signbsl.com/videos/asl/aslsignbank/mp4/SHOVEL-815.mp4
cut into pie slices, https://media.signbsl.com/videos/asl/youtube/mp4/7Sv7Nfri3YY.mp4
cut into time, https://media.signbsl.com/videos/asl/youtube/mp4/3jf4_53vouo.mp4
cut into vertical slices, https://media.signbsl.com/videos/asl/youtube/mp4/Pq_iat3m9Aw.mp4
cut it fine, https://media.signbsl.com/videos/asl/youtube/mp4/4hSc8SRQzlA.mp4
cut it out, https://media.signbsl.com/videos/asl/aslsignbank/mp4/STOP-544.mp4
cut knife, https://media.signbsl.com/videos/asl/youtube/mp4/EjNWDilkKmc.mp4
cut leg, https://player.vimeo.com/external/392670173.sd.mp4?s=aa94d8605ad5459107bbbb7dccd9cd47084b32f0&profile_id=164
cutler, https://media.signbsl.com/videos/asl/youtube/mp4/QvQcfCCTmXs.mp4
cutlery, https://media.signbsl.com/videos/asl/youtube/mp4/Q_0siu0GwSs.mp4
cutlet, https://player.vimeo.com/external/391915520.sd.mp4?s=cfc0849c00434a776cf8dfbd0123f6e9bb420278&profile_id=164
cut meat, https://media.signbsl.com/videos/asl/youtube/mp4/Fh-oRAbhqwk.mp4
cut of cloth, https://media.signbsl.com/videos/asl/youtube/mp4/bfkjeK1UmBk.mp4
cut off, https://media.signbsl.com/videos/asl/aslsearch/mp4/amputate.mp4
cutoff, https://media.signbsl.com/videos/asl/aslsearch/mp4/amputate.mp4
cut off his head, https://media.signbsl.com/videos/asl/youtube/mp4/-psIg1eRlpI.mp4
cut off no longer give, https://media.signbsl.com/videos/asl/youtube/mp4/LvLnFZs83wA.mp4
cut off stop giving, https://media.signbsl.com/videos/asl/youtube/mp4/I4rOaj22Wsw.mp4
cut off your nose to spite your face, https://media.signbsl.com/videos/asl/youtube/mp4/wg2UJ4-MieE.mp4
cut open, https://media.signbsl.com/videos/asl/youtube/mp4/8rozlpesysg.mp4
cut out, https://player.vimeo.com/external/391915426.sd.mp4?s=d7705bcfedb4abbfbf4a2ccd5acf478051fd9c8c&profile_id=164
cutpurse, https://media.signbsl.com/videos/asl/aslsearch/mp4/pickpocket.mp4
cut short end, https://media.signbsl.com/videos/asl/youtube/mp4/yqX5pUFInKg.mp4
cut short end early, https://media.signbsl.com/videos/asl/youtube/mp4/dRXxzJFJcaA.mp4
cut short make shorter, https://media.signbsl.com/videos/asl/youtube/mp4/GfvkboUSdp4.mp4
cuts like a knife, https://media.signbsl.com/videos/asl/youtube/mp4/58bdNC2xPWY.mp4
cutter, https://media.signbsl.com/videos/asl/youtube/mp4/Q_0siu0GwSs.mp4
cutter carver, https://media.signbsl.com/videos/asl/youtube/mp4/_FWBw75s9so.mp4
cutthroat, https://media.signbsl.com/videos/asl/youtube/mp4/oOJfDc3L93g.mp4
cutting, https://media.signbsl.com/videos/asl/youtube/mp4/chx_W2i6YLg.mp4
cutting edge, https://media.signbsl.com/videos/asl/youtube/mp4/UFma1G7TCj4.mp4
cutting edge edge of knife, https://media.signbsl.com/videos/asl/youtube/mp4/_Q9VpVx4xn4.mp4
cutting edgeforefrontleading edgeprogressive, https://media.signbsl.com/videos/asl/youtube/mp4/gyE0wgHLL6A.mp4
cutting edge newest technology, https://media.signbsl.com/videos/asl/youtube/mp4/xCZPPg-19tQ.mp4
cutting edge technology, https://media.signbsl.com/videos/asl/youtube/mp4/UFma1G7TCj4.mp4
cutting goggles, https://media.signbsl.com/videos/asl/AustinCommunityCollege/mp4/weld_cutting_goggles_.mp4
cutting out, https://player.vimeo.com/external/392026161.sd.mp4?s=0dd4995750a4c57f1532749baadc3e57a97a1889&profile_id=164
cutting tool, https://media.signbsl.com/videos/asl/youtube/mp4/Q_0siu0GwSs.mp4
cuttle, https://media.signbsl.com/videos/asl/youtube/mp4/x_bucq_nc-c.mp4
cuttlefish, https://media.signbsl.com/videos/asl/youtube/mp4/x_bucq_nc-c.mp4
cut to the chase get to the point, https://media.signbsl.com/videos/asl/youtube/mp4/bAesjHfIUwA.mp4
cut up, https://media.signbsl.com/videos/asl/aslsignbank/mp4/SLICE-1074.mp4
cut up behavior, https://media.signbsl.com/videos/asl/youtube/mp4/eRxODmPJfts.mp4
cut up cuts, https://media.signbsl.com/videos/asl/youtube/mp4/tv1S5q2Dbfw.mp4
cut your teeth on, https://media.signbsl.com/videos/asl/youtube/mp4/7PClmxe3gck.mp4
cuuning, https://media.signbsl.com/videos/asl/youtube/mp4/wQn81fR_U58.mp4
cuvette, https://media.signbsl.com/videos/asl/deaftec/mp4/1363.mp4
cuz, https://media.signbsl.com/videos/asl/youtube/mp4/kHhSglJuyOo.mp4
CV, https://media.signbsl.com/videos/asl/youtube/mp4/VUAgLIlfIOo.mp4
cv joints, https://media.signbsl.com/videos/asl/AustinCommunityCollege/mp4/auto_CV_joints_.mp4
cwt, https://media.signbsl.com/videos/asl/youtube/mp4/qSjyWSP9Xpk.mp4
cx, https://media.signbsl.com/videos/asl/aslsearch/mp4/1-10.mp4
cybercafe, https://media.signbsl.com/videos/asl/youtube/mp4/9B0663tQL18.mp4
cybernate, https://media.signbsl.com/videos/asl/youtube/mp4/HaQOR36XZvs.mp4
cybernetic, https://media.signbsl.com/videos/asl/youtube/mp4/Kx_1XgU5cV0.mp4
cyberpunk, https://media.signbsl.com/videos/asl/deaftec/mp4/984.mp4
cyberspace, https://media.signbsl.com/videos/asl/startasl/mp4/internet.mp4
cyber terrorist, https://media.signbsl.com/videos/asl/deaftec/mp4/984.mp4
cycle, https://media.signbsl.com/videos/asl/startasl/mp4/bicycle.mp4
cycle per second, https://media.signbsl.com/videos/asl/AustinCommunityCollege/mp4/elec_hertz_.mp4
cycles/second, NA
cyclic, https://media.signbsl.com/videos/asl/youtube/mp4/bJ1NpQYRVEQ.mp4
cycling, https://media.signbsl.com/videos/asl/aslsearch/mp4/cycling.mp4
cyclist, https://media.signbsl.com/videos/asl/youtube/mp4/49vXNvqNJMs.mp4
cyclonal, https://media.signbsl.com/videos/asl/youtube/mp4/wt8RC6nEtlU.mp4
cyclone, https://media.signbsl.com/videos/asl/startasl/mp4/tornado.mp4
cyclonic, https://media.signbsl.com/videos/asl/youtube/mp4/wt8RC6nEtlU.mp4
cyclonical, https://media.signbsl.com/videos/asl/youtube/mp4/wt8RC6nEtlU.mp4
cyclopaedia, https://media.signbsl.com/videos/asl/aslsearch/mp4/encyclopedia.mp4
cyclopedia, https://media.signbsl.com/videos/asl/aslsearch/mp4/encyclopedia.mp4
Cyclops, https://media.signbsl.com/videos/asl/youtube/mp4/EuePBpzTaw0.mp4
cyder, https://media.signbsl.com/videos/asl/youtube/mp4/NUQicxpuYa4.mp4
cylinder, https://media.signbsl.com/videos/asl/aslsignbank/mp4/POLE-911.mp4
cylinder block, https://media.signbsl.com/videos/asl/AustinCommunityCollege/mp4/auto_engine_block_.mp4
cylinder walls, https://media.signbsl.com/videos/asl/AustinCommunityCollege/mp4/auto_cylinder_wall_.mp4
cymbal, https://media.signbsl.com/videos/asl/aslsearch/mp4/cymbals.mp4
cymbals, https://media.signbsl.com/videos/asl/aslsearch/mp4/cymbals.mp4
Cymru, https://media.signbsl.com/videos/asl/youtube/mp4/ZfAGF2eSPuc.mp4
cynic, https://media.signbsl.com/videos/asl/youtube/mp4/eOZYqwUzGOM.mp4
cynical, https://media.signbsl.com/videos/asl/youtube/mp4/3nOwiFRVlHk.mp4
cynosure, https://media.signbsl.com/videos/asl/youtube/mp4/F7L4mklGjCg.mp4
cypher, https://media.signbsl.com/videos/asl/aslsignbank/mp4/NONE-3092.mp4
cyprian, https://media.signbsl.com/videos/asl/aslsearch/mp4/whore.mp4
Cyprus, https://media.signbsl.com/videos/asl/youtube/mp4/OozqQwvHwRM.mp4
cyst, https://player.vimeo.com/external/391915665.sd.mp4?s=bc1989277185c3f2961e46a7229aeed2beeaf51d&profile_id=164
cystitis, https://media.signbsl.com/videos/asl/youtube/mp4/BrJi4VzZwVw.mp4
cytokinesis, https://media.signbsl.com/videos/asl/youtube/mp4/7SAW51SF1TM.mp4
cytologist, https://media.signbsl.com/videos/asl/youtube/mp4/MZ3RR9b8wB4.mp4
cytology, https://media.signbsl.com/videos/asl/youtube/mp4/mxyn0mAec5U.mp4
cytoplasm, https://media.signbsl.com/videos/asl/youtube/mp4/HKucOia9ulY.mp4
czar, https://media.signbsl.com/videos/asl/youtube/mp4/4jts-HwrH7E.mp4
czarina, https://media.signbsl.com/videos/asl/youtube/mp4/hNB4Mjk0dAw.mp4
czaritza, https://media.signbsl.com/videos/asl/youtube/mp4/hNB4Mjk0dAw.mp4
Czech capital, https://media.signbsl.com/videos/asl/youtube/mp4/5_2M4hJl11E.mp4
Czechoslovakia, https://media.signbsl.com/videos/asl/youtube/mp4/rv8ej3AlgHs.mp4
Czech Republic, https://media.signbsl.com/videos/asl/youtube/mp4/BLIB2IdlEOw.mp4
