D, https://media.signbsl.com/videos/asl/aslsignbank/mp4/LETTER-D-494.mp4
D.P.R.K., https://media.signbsl.com/videos/asl/mariekatzenbachschool/mp4/North%20Korea.mp4
dabble, https://player.vimeo.com/external/391916135.sd.mp4?s=8ec41933fcbc27acef6f291c2de2b75a22c40a1d&profile_id=164
dabbler, https://media.signbsl.com/videos/asl/youtube/mp4/ZGnAgPzkYZY.mp4
dabble splash around, https://media.signbsl.com/videos/asl/youtube/mp4/vFI5tcJKaEs.mp4
dabbling duck, https://media.signbsl.com/videos/asl/youtube/mp4/3l-EGkHBor4.mp4
dactyl, https://media.signbsl.com/videos/asl/youtube/mp4/GPislv5xWfY.mp4
dad, https://media.signbsl.com/videos/asl/aslsignbank/mp4/FATHER-764.mp4
dada, https://media.signbsl.com/videos/asl/aslsignbank/mp4/FATHER-764.mp4
daddy, https://media.signbsl.com/videos/asl/aslsignbank/mp4/FATHER-764.mp4
Dad is at work, https://media.signbsl.com/videos/asl/mariekatzenbachschool/mp4/Dad%20is%20at%20work.mp4
daemon, https://media.signbsl.com/videos/asl/aslsignbank/mp4/DEVIL-2739.mp4
daffier, https://media.signbsl.com/videos/asl/youtube/mp4/fXHBdGvY-64.mp4
daft, https://media.signbsl.com/videos/asl/startasl/mp4/nuts.mp4
dafter, https://media.signbsl.com/videos/asl/youtube/mp4/hFjx1N0VpcE.mp4
daftly, https://media.signbsl.com/videos/asl/youtube/mp4/YAy2iV0JQBc.mp4
daftness, https://media.signbsl.com/videos/asl/aslsignbank/mp4/CRAZY-1186.mp4
daguerreotype, https://media.signbsl.com/videos/asl/youtube/mp4/kJvD1xWbqrE.mp4
Dahomey, https://media.signbsl.com/videos/asl/youtube/mp4/qOMq1sL-pyA.mp4
dailiness, https://media.signbsl.com/videos/asl/youtube/mp4/-202SO495xI.mp4
daily, https://media.signbsl.com/videos/asl/signlanguagestudent/mp4/daily.mp4
daimon, https://media.signbsl.com/videos/asl/aslsignbank/mp4/DEVIL-2739.mp4
daintier, https://media.signbsl.com/videos/asl/youtube/mp4/WBVOLAq6K4A.mp4
daintily, https://media.signbsl.com/videos/asl/youtube/mp4/HxFhCrDsNAw.mp4
daintiness, https://media.signbsl.com/videos/asl/youtube/mp4/JrJLp4OpAPQ.mp4
dainty, https://media.signbsl.com/videos/asl/youtube/mp4/E_a6_sqn9NQ.mp4
dairies, https://media.signbsl.com/videos/asl/youtube/mp4/Bdm_ABllV94.mp4
dairy, https://media.signbsl.com/videos/asl/youtube/mp4/Bdm_ABllV94.mp4
dairy cattle, https://media.signbsl.com/videos/asl/youtube/mp4/cPH4CZpU-v0.mp4
dairy cow, https://media.signbsl.com/videos/asl/youtube/mp4/cPH4CZpU-v0.mp4
dairy farm, https://media.signbsl.com/videos/asl/youtube/mp4/Bdm_ABllV94.mp4
dairy farmer, https://media.signbsl.com/videos/asl/youtube/mp4/924S6ratm-8.mp4
Dairy Free, https://player.vimeo.com/external/392670246.sd.mp4?s=6b1e9376ca2c7eca69bee27932c084e739e87eec&profile_id=164
dairymaid, https://media.signbsl.com/videos/asl/youtube/mp4/1lj9-bKywLY.mp4
dairyman, https://media.signbsl.com/videos/asl/youtube/mp4/924S6ratm-8.mp4
Dairy Queen, https://player.vimeo.com/external/391916207.sd.mp4?s=b47fc3c71be146c0995a1121d68dbd5f854c164d&profile_id=164
dais, https://media.signbsl.com/videos/asl/youtube/mp4/I8u-XbOb5xY.mp4
daisy, https://player.vimeo.com/external/391916233.sd.mp4?s=abf9e31be0aab60a665839c0d5cdd5213bc2c5cb&profile_id=164
daisy chain, https://media.signbsl.com/videos/asl/youtube/mp4/1YnUL4iwyZM.mp4
daisy cutter, https://media.signbsl.com/videos/asl/youtube/mp4/W7BcdvPjQ98.mp4
dalliance, https://media.signbsl.com/videos/asl/aslsearch/mp4/crush.mp4
dalmatian, https://player.vimeo.com/external/391916263.sd.mp4?s=da113716815d6fbe422d08687fb7b1639bbbf8d5&profile_id=164
dam, https://media.signbsl.com/videos/asl/aslsearch/mp4/dam.mp4
damage, https://media.signbsl.com/videos/asl/aslsignbank/mp4/DESTROY-1250.mp4
damageable, https://media.signbsl.com/videos/asl/youtube/mp4/3eg1bbgFA54.mp4
damaged, https://media.signbsl.com/videos/asl/youtube/mp4/L_6C0D_xBGQ.mp4
damage money, https://media.signbsl.com/videos/asl/youtube/mp4/2qAyLttOn9U.mp4
damages, https://media.signbsl.com/videos/asl/unoclimb/mp4/-96e-9Zw4aQ.mp4
damaging, https://media.signbsl.com/videos/asl/youtube/mp4/DNa7BM-Vd3E.mp4
Damascus, https://media.signbsl.com/videos/asl/youtube/mp4/49b7mDeIy7k.mp4
dame, https://media.signbsl.com/videos/asl/youtube/mp4/K4NO4YYYmYY.mp4
dammit, https://media.signbsl.com/videos/asl/aslsearch/mp4/crap2.mp4
damn, https://media.signbsl.com/videos/asl/aslsearch/mp4/crap2.mp4
damnable, https://media.signbsl.com/videos/asl/youtube/mp4/oMWioqROU84.mp4
damnation, https://media.signbsl.com/videos/asl/signlanguagestudent/mp4/damnation.mp4
damndest strangest, https://media.signbsl.com/videos/asl/youtube/mp4/Ydd4O1m3VXM.mp4
damned, https://media.signbsl.com/videos/asl/youtube/mp4/tj7dbs5J9DU.mp4
damned if you do and damed if you don'tt, https://media.signbsl.com/videos/asl/youtube/mp4/ZAVPCjav1i4.mp4
damned if you do and damed if you dontt, https://media.signbsl.com/videos/asl/youtube/mp4/ZAVPCjav1i4.mp4
damn send to hell, https://media.signbsl.com/videos/asl/youtube/mp4/V2rodelJTfE.mp4
damp, https://media.signbsl.com/videos/asl/aslsearch/mp4/damp.mp4
dampen, https://media.signbsl.com/videos/asl/youtube/mp4/ys80vbuHNlY.mp4
dampener, https://media.signbsl.com/videos/asl/youtube/mp4/eRhdt1nszyc.mp4
damper, https://media.signbsl.com/videos/asl/youtube/mp4/2kK8PFQUrN0.mp4
dampish, https://media.signbsl.com/videos/asl/aslsearch/mp4/damp.mp4
dance, https://media.signbsl.com/videos/asl/startasl/mp4/dance.mp4
danced up and down, https://media.signbsl.com/videos/asl/youtube/mp4/tp0LPs9e3HQ.mp4
dance hall, https://media.signbsl.com/videos/asl/aslsearch/mp4/ballroom.mp4
dance palace, https://media.signbsl.com/videos/asl/aslsearch/mp4/ballroom.mp4
dancer, https://player.vimeo.com/external/391916363.sd.mp4?s=68a507fe6158999f27b5e1dc63e9849af046ff05&profile_id=164
dances to the beat of a different drummer, https://media.signbsl.com/videos/asl/youtube/mp4/pQ9iWbtEe04.mp4
dancing on someone's grave, https://media.signbsl.com/videos/asl/youtube/mp4/qnkCZcGH93w.mp4
dancing on someones grave, https://media.signbsl.com/videos/asl/youtube/mp4/qnkCZcGH93w.mp4
dandelion, https://player.vimeo.com/external/391916374.sd.mp4?s=8801eddc2671955b603bba64a593cefc13f02318&profile_id=164
dandier, https://media.signbsl.com/videos/asl/youtube/mp4/XssYEKoOYFQ.mp4
dandified, https://media.signbsl.com/videos/asl/youtube/mp4/IG1sWA2jjZ8.mp4
dandily, https://media.signbsl.com/videos/asl/youtube/mp4/FeU4VBCXkmY.mp4
dandle, https://media.signbsl.com/videos/asl/youtube/mp4/W7lvBKZHOiE.mp4
dandle board, https://media.signbsl.com/videos/asl/aslsearch/mp4/seesaw.mp4
dandruff, https://media.signbsl.com/videos/asl/youtube/mp4/d-QiqB8pK50.mp4
dandyish, https://media.signbsl.com/videos/asl/youtube/mp4/IG1sWA2jjZ8.mp4
dang, https://media.signbsl.com/videos/asl/startasl/mp4/darn.mp4
danger, https://media.signbsl.com/videos/asl/aslsignbank/mp4/DANGEROUS-2474.mp4
dangerous, https://player.vimeo.com/external/391916399.sd.mp4?s=aba59ad5b31438242d53a9870c27dbeb3ba4d8ac&profile_id=164
dangerous undertaking, https://media.signbsl.com/videos/asl/aslsignbank/mp4/TRAVEL-1307.mp4
dangle, https://player.vimeo.com/external/391916413.sd.mp4?s=ec0675be4afe84296f32102ce9a6acf3975f551a&profile_id=164
dangle a carrot in front of him, https://media.signbsl.com/videos/asl/youtube/mp4/p0ybB8k5hZI.mp4
Daniel, https://media.signbsl.com/videos/asl/valleybible/mp4/Daniel.mp4
Daniel Boone, https://media.signbsl.com/videos/asl/youtube/mp4/qDuc4fjF8Ms.mp4
dank, https://media.signbsl.com/videos/asl/youtube/mp4/pbysa94zkAE.mp4
danker, https://media.signbsl.com/videos/asl/youtube/mp4/6nLLwJ7LfXs.mp4
Danmark, https://media.signbsl.com/videos/asl/youtube/mp4/UqZPHD9wdf8.mp4
danseuse, https://player.vimeo.com/external/392645960.sd.mp4?s=0c2229095c7b53b881876c6270c09d829d5c6a41&profile_id=164
dapper, https://media.signbsl.com/videos/asl/youtube/mp4/U7x9aQI941s.mp4
dapperer, https://media.signbsl.com/videos/asl/youtube/mp4/NwcNuBkKdBU.mp4
dapple, https://player.vimeo.com/external/392128425.sd.mp4?s=56921882407a74f24c77f309af73e5bff639a1ca&profile_id=164
dare, https://player.vimeo.com/external/391916430.sd.mp4?s=a2ba947f9210a0e6510f55836b9ec2217685ee51&profile_id=164
daredevil, https://player.vimeo.com/external/391916514.sd.mp4?s=0c05cec8334ac5582a09617aaaaa5b8586260a9d&profile_id=164
darer, https://media.signbsl.com/videos/asl/youtube/mp4/lAY4zjdSafI.mp4
daresay, https://media.signbsl.com/videos/asl/youtube/mp4/oTCYdaiJJh0.mp4
daring, https://player.vimeo.com/external/391916547.sd.mp4?s=02b1720ae07b8d3d4d954e5a3795330b77e9a434&profile_id=164
daring new and different, https://media.signbsl.com/videos/asl/youtube/mp4/q0EWme0zb38.mp4
dark, https://media.signbsl.com/videos/asl/aslsignbank/mp4/DARK-100.mp4
dark blue, https://media.signbsl.com/videos/asl/startasl/mp4/blue.mp4
dark brown, https://media.signbsl.com/videos/asl/startasl/mp4/brown.mp4
dark darkest, https://media.signbsl.com/videos/asl/youtube/mp4/sFwzkAPTt3U.mp4
darken, https://media.signbsl.com/videos/asl/youtube/mp4/Ea-7v3hpcCk.mp4
dark glasses, https://media.signbsl.com/videos/asl/startasl/mp4/sunglasses.mp4
dark green, https://media.signbsl.com/videos/asl/startasl/mp4/green.mp4
dark horse literal a dark horse, https://media.signbsl.com/videos/asl/youtube/mp4/DIgo5dswGDA.mp4
darkling, https://media.signbsl.com/videos/asl/youtube/mp4/AiG9G7N7V70.mp4
darkness, https://media.signbsl.com/videos/asl/youtube/mp4/tBPDgUmFwOQ.mp4
darkroom, https://media.signbsl.com/videos/asl/youtube/mp4/jIf7LKesIos.mp4
dark secret very very secret, https://media.signbsl.com/videos/asl/youtube/mp4/a-3mMES_mP0.mp4
dark skinned, https://media.signbsl.com/videos/asl/youtube/mp4/pxvQ4zo4xwg.mp4
darling, https://media.signbsl.com/videos/asl/aslsearch/mp4/dear.mp4
darn, https://media.signbsl.com/videos/asl/startasl/mp4/darn.mp4
darn damn damn, https://media.signbsl.com/videos/asl/youtube/mp4/y1TUF09lTTk.mp4
darned, https://media.signbsl.com/videos/asl/youtube/mp4/y1TUF09lTTk.mp4
darning needle, https://media.signbsl.com/videos/asl/thefamilyvocab/mp4/dragonfly.mp4
darn it, https://player.vimeo.com/external/391916621.sd.mp4?s=f0548e49309d6f2ee932aa72cd63a22892aebf6f&profile_id=164
dart, https://media.signbsl.com/videos/asl/youtube/mp4/Ac70FEfWl68.mp4
dartboard, https://media.signbsl.com/videos/asl/youtube/mp4/YQhHO9zGuVE.mp4
dart board, https://media.signbsl.com/videos/asl/youtube/mp4/YQhHO9zGuVE.mp4
dartmouth ns, https://player.vimeo.com/external/391916670.sd.mp4?s=0e66ab42d454a8a516e85963ad19000d53764a72&profile_id=164
darts, https://media.signbsl.com/videos/asl/aslsearch/mp4/darts.mp4
dash, https://media.signbsl.com/videos/asl/aslsignbank/mp4/HYPHEN-1752.mp4
dashboard, https://media.signbsl.com/videos/asl/youtube/mp4/ipF__DYQLS4.mp4
dashboard lights, https://media.signbsl.com/videos/asl/AustinCommunityCollege/mp4/auto_dashboard_lights_.mp4
dash crash waves, https://media.signbsl.com/videos/asl/youtube/mp4/YJZZuinIsCM.mp4
dashing, https://media.signbsl.com/videos/asl/youtube/mp4/U7x9aQI941s.mp4
dash off write, https://media.signbsl.com/videos/asl/youtube/mp4/TXjHzJEnUBk.mp4
dash throw violently to break, https://media.signbsl.com/videos/asl/youtube/mp4/zHz0hhfh4y0.mp4
dastard, https://media.signbsl.com/videos/asl/youtube/mp4/g6i66IsCnmM.mp4
data, https://media.signbsl.com/videos/asl/tsdvideo/mp4/446.mp4
databank, https://media.signbsl.com/videos/asl/youtube/mp4/AKRqPRhRgMM.mp4
database, https://player.vimeo.com/external/391916727.sd.mp4?s=e113b7e92e3d4274fd8458ee3e5446eec338f4eb&profile_id=164
data center, https://media.signbsl.com/videos/asl/deaftec/mp4/953.mp4
data compression, https://media.signbsl.com/videos/asl/deaftec/mp4/954.mp4
data file, https://media.signbsl.com/videos/asl/mariekatzenbachschool/mp4/file.mp4
datagram, https://media.signbsl.com/videos/asl/deaftec/mp4/1105.mp4
data link layer, https://media.signbsl.com/videos/asl/deaftec/mp4/955.mp4
data mining, https://media.signbsl.com/videos/asl/deaftec/mp4/956.mp4
data processing, https://media.signbsl.com/videos/asl/mariekatzenbachschool/mp4/data%20processing.mp4
data processor, https://media.signbsl.com/videos/asl/startasl/mp4/computer-2.mp4
date, https://media.signbsl.com/videos/asl/aslsignbank/mp4/DATE-370.mp4
datebook, https://media.signbsl.com/videos/asl/youtube/mp4/oOQHx5SFQz8.mp4
dated, https://media.signbsl.com/videos/asl/youtube/mp4/AOEdvBbC49w.mp4
dateless, https://media.signbsl.com/videos/asl/youtube/mp4/NRgJVZNxHIY.mp4
datelesstimeless not affected by time, https://media.signbsl.com/videos/asl/youtube/mp4/CCYqsMkvHiU.mp4
date stamp, https://media.signbsl.com/videos/asl/youtube/mp4/y1puAysPZuw.mp4
dating, https://media.signbsl.com/videos/asl/startasl/mp4/date.mp4
daub, https://player.vimeo.com/external/391916800.sd.mp4?s=e84d64b60ea7be556f7779e8cc8cf27c37054f3f&profile_id=164
dauber, https://media.signbsl.com/videos/asl/youtube/mp4/zuMrbBmCC18.mp4
Daucus carota sativa, https://media.signbsl.com/videos/asl/startasl/mp4/carrot.mp4
daughter, https://media.signbsl.com/videos/asl/startasl/mp4/daughter.mp4
daughter in-law, https://media.signbsl.com/videos/asl/aslsearch/mp4/daughter-in-law.mp4
daughter in law, https://media.signbsl.com/videos/asl/aslsearch/mp4/daughter-in-law.mp4
daughterly, https://media.signbsl.com/videos/asl/youtube/mp4/B32iOFl1TuE.mp4
daunt, https://media.signbsl.com/videos/asl/youtube/mp4/_EXy0sNHGBc.mp4
daunted, https://media.signbsl.com/videos/asl/aslsignbank/mp4/OVERWHELM-1524.mp4
daunting, https://media.signbsl.com/videos/asl/youtube/mp4/ZU7_q9op7BQ.mp4
dauntless, https://player.vimeo.com/external/391173383.sd.mp4?s=00d3659bd86759911fa99c13b627d028b80ac251&profile_id=164
David, https://media.signbsl.com/videos/asl/valleybible/mp4/David.mp4
David Hume, https://media.signbsl.com/videos/asl/philosophy/mp4/Hume-HD.mp4
david versus goliath, https://media.signbsl.com/videos/asl/youtube/mp4/v8XFhboJ3aA.mp4
Davy Jones, https://media.signbsl.com/videos/asl/youtube/mp4/wF5UFtsAQJI.mp4
Davy Joness locker, https://media.signbsl.com/videos/asl/youtube/mp4/wF5UFtsAQJI.mp4
dawdle, https://player.vimeo.com/external/391916915.sd.mp4?s=c30aafb34ee9b2e8aede10e2c4f5b01f70c18940&profile_id=164
dawdler, https://media.signbsl.com/videos/asl/youtube/mp4/MAmY_C_6A-k.mp4
dawn, https://player.vimeo.com/external/391917102.sd.mp4?s=51eed1c8462cb12376308ad1c796aa536f7881d4&profile_id=164
dawning, https://player.vimeo.com/external/391917102.sd.mp4?s=51eed1c8462cb12376308ad1c796aa536f7881d4&profile_id=164
dawn on, https://player.vimeo.com/external/391917021.sd.mp4?s=b7a599b3b3babb1ac237edbbe1f7374b03b1052d&profile_id=164
day, https://media.signbsl.com/videos/asl/startasl/mp4/day.mp4
day after tomorrow, https://media.signbsl.com/videos/asl/mariekatzenbachschool/mp4/day%20after%20tomorrow.mp4
day and night, https://media.signbsl.com/videos/asl/youtube/mp4/jyR250tZpwE.mp4
day before yesterday, https://media.signbsl.com/videos/asl/mariekatzenbachschool/mp4/day%20before%20yesterday.mp4
day book, https://media.signbsl.com/videos/asl/youtube/mp4/dPf39YQF_4o.mp4
daybreak, https://player.vimeo.com/external/391917102.sd.mp4?s=51eed1c8462cb12376308ad1c796aa536f7881d4&profile_id=164
day by day, https://media.signbsl.com/videos/asl/youtube/mp4/qgus-Jp4hXA.mp4
day care, https://player.vimeo.com/external/391917054.sd.mp4?s=bfd5754adde207652a95135461698285cb8e5c55&profile_id=164
daycare, https://player.vimeo.com/external/391917054.sd.mp4?s=bfd5754adde207652a95135461698285cb8e5c55&profile_id=164
daydream, https://media.signbsl.com/videos/asl/aslsignbank/mp4/DREAM-1277.mp4
daydreamer, https://media.signbsl.com/videos/asl/youtube/mp4/UM1S1YK0Dqc.mp4
day in the sun, https://media.signbsl.com/videos/asl/youtube/mp4/WtULW0YZOn8.mp4
daylight, https://media.signbsl.com/videos/asl/youtube/mp4/T79m5MlDZMU.mp4
daylight robbery, https://media.signbsl.com/videos/asl/youtube/mp4/K0USPEfznq4.mp4
Day of Atonement, https://player.vimeo.com/external/392760559.sd.mp4?s=d58d1ce5c8326260d7c90da2ec74b1bf433ce23e&profile_id=164
day of reckoning, https://media.signbsl.com/videos/asl/youtube/mp4/GAKho6Y_VDM.mp4
day of remembrance, https://media.signbsl.com/videos/asl/startasl/mp4/anniversary.mp4
day of the month, https://media.signbsl.com/videos/asl/mariekatzenbachschool/mp4/date%202.mp4
days are numbered, https://media.signbsl.com/videos/asl/youtube/mp4/1j2KXXlrV7U.mp4
dayspring, https://player.vimeo.com/external/391917102.sd.mp4?s=51eed1c8462cb12376308ad1c796aa536f7881d4&profile_id=164
daytime, https://media.signbsl.com/videos/asl/youtube/mp4/T79m5MlDZMU.mp4
day to day daily, https://media.signbsl.com/videos/asl/youtube/mp4/AMcGNymcKqE.mp4
day to day normalregular, https://media.signbsl.com/videos/asl/youtube/mp4/OpcDzj8LTm8.mp4
daze, https://media.signbsl.com/videos/asl/aslsignbank/mp4/SHOCK-1038.mp4
dazzle, https://media.signbsl.com/videos/asl/youtube/mp4/59GHEiC_LN4.mp4
dazzle blind, https://media.signbsl.com/videos/asl/youtube/mp4/q_XxyY8eOY4.mp4
dazzler, https://media.signbsl.com/videos/asl/youtube/mp4/2JvP7v-Cfbg.mp4
dB, https://media.signbsl.com/videos/asl/tsdvideo/mp4/1293.mp4
DC, https://media.signbsl.com/videos/asl/AustinCommunityCollege/mp4/elec_direct_curent_.mp4
DD, https://media.signbsl.com/videos/asl/aslsearch/mp4/dd.mp4
deacon, https://media.signbsl.com/videos/asl/signlanguagestudent/mp4/deacon.mp4
deaconess, https://media.signbsl.com/videos/asl/youtube/mp4/YLDCj2YXyDM.mp4
Deacon office in the Aaronic Priesthood, https://media.signbsl.com/videos/asl/ids/mp4/2013-11-1200-deacon-office-in-aaronic-priesthood-1500k-ase.mp4
deactivate, https://media.signbsl.com/videos/asl/youtube/mp4/-bVgcgqYu0E.mp4
dead, https://media.signbsl.com/videos/asl/startasl/mp4/dead.mp4
dead ahead, https://media.signbsl.com/videos/asl/youtube/mp4/-YO4JxO1T2g.mp4
dead air, https://media.signbsl.com/videos/asl/youtube/mp4/v021LVesj_8.mp4
dead as a doornail, https://media.signbsl.com/videos/asl/youtube/mp4/swz_FlYD4XA.mp4
dead audience, https://media.signbsl.com/videos/asl/youtube/mp4/euSaIDqlaes.mp4
dead ball in game, https://media.signbsl.com/videos/asl/youtube/mp4/b5akIms9SAA.mp4
deadbeat, https://media.signbsl.com/videos/asl/youtube/mp4/xSv9iJW-5o0.mp4
deaddeaderdeadest, https://media.signbsl.com/videos/asl/youtube/mp4/nd6V4lhuNOA.mp4
dead duck, https://media.signbsl.com/videos/asl/youtube/mp4/IkTCVxJ67VA.mp4
deaden, https://media.signbsl.com/videos/asl/youtube/mp4/ys80vbuHNlY.mp4
dead end, https://player.vimeo.com/external/391917238.sd.mp4?s=b23cb33657623856a81088f415188198a820e5b2&profile_id=164
dead end only progress so far not successful, https://media.signbsl.com/videos/asl/youtube/mp4/42U-S9kXr-U.mp4
dead end street that ends, https://media.signbsl.com/videos/asl/youtube/mp4/w3WzvO9ln_4.mp4
deadening, https://media.signbsl.com/videos/asl/aslsearch/mp4/dull.mp4
deadeye, https://media.signbsl.com/videos/asl/youtube/mp4/szEi9K40ODI.mp4
dead heat, https://media.signbsl.com/videos/asl/youtube/mp4/wDUsdOOsh8E.mp4
dead in the water, https://media.signbsl.com/videos/asl/youtube/mp4/L3rAY6qoskc.mp4
dead letter, https://media.signbsl.com/videos/asl/youtube/mp4/rP_SGN8vGQA.mp4
dead level best, https://media.signbsl.com/videos/asl/youtube/mp4/jxP94z-c7-U.mp4
deadlier, https://media.signbsl.com/videos/asl/youtube/mp4/Nk9tOYqaz3U.mp4
deadline, https://media.signbsl.com/videos/asl/youtube/mp4/yXxJ50xmhT4.mp4
deadline is approaching, https://media.signbsl.com/videos/asl/youtube/mp4/pLZAmDQXJ3o.mp4
deadliness, https://media.signbsl.com/videos/asl/youtube/mp4/cs7WusD0eyA.mp4
deadlock, https://player.vimeo.com/external/391917238.sd.mp4?s=b23cb33657623856a81088f415188198a820e5b2&profile_id=164
deadly, https://media.signbsl.com/videos/asl/youtube/mp4/3AHeMsFhZpQ.mp4
deadly always able to achieve the intended result, https://media.signbsl.com/videos/asl/youtube/mp4/3sO15ymV0Ks.mp4
dead man walking, https://media.signbsl.com/videos/asl/youtube/mp4/3_g7ktmNkts.mp4
dead meat, https://media.signbsl.com/videos/asl/youtube/mp4/bhjl6NUvijw.mp4
dead mens shoes, https://media.signbsl.com/videos/asl/youtube/mp4/LBtsqLbBmeU.mp4
dead of night, https://media.signbsl.com/videos/asl/youtube/mp4/ue8jD8IQx10.mp4
deadpan, https://media.signbsl.com/videos/asl/youtube/mp4/CFeZ6ukgpR8.mp4
dead reckoning, https://media.signbsl.com/videos/asl/youtube/mp4/Eg8n0QOY9aU.mp4
dead right, https://media.signbsl.com/videos/asl/youtube/mp4/mbVi4kmhWwc.mp4
dead ringer, https://media.signbsl.com/videos/asl/youtube/mp4/5WbgNkQLSfE.mp4
dead room, https://player.vimeo.com/external/392690469.sd.mp4?s=210eaedd82a1d6bc468e0cc802324f9a2c585eff&profile_id=164
dead to me, https://media.signbsl.com/videos/asl/youtube/mp4/rIQgmVV9_wk.mp4
dead to rights, https://media.signbsl.com/videos/asl/youtube/mp4/ZmnfwdMVEB4.mp4
dead to the world, https://media.signbsl.com/videos/asl/youtube/mp4/wiJhKCKyEyI.mp4
deadweight, NA
deaf, https://media.signbsl.com/videos/asl/startasl/mp4/deaf.mp4
deaf aid, https://media.signbsl.com/videos/asl/aslsignbank/mp4/HEARING-AID-1772.mp4
deaf as a post, https://media.signbsl.com/videos/asl/youtube/mp4/UNNei2cpHVo.mp4
deaf awareness day, https://player.vimeo.com/external/392670309.sd.mp4?s=edadfc3cabdd7a51c19828dfb9a7a95bfc17d6b4&profile_id=164
deafblind, https://media.signbsl.com/videos/asl/youtube/mp4/FPFxDs3ehMk.mp4
deaf centric, https://player.vimeo.com/external/391917296.sd.mp4?s=63a6b3066b458520d16919b10ebdebdcb8d4fe1b&profile_id=164
deaf church, https://media.signbsl.com/videos/asl/valleybible/mp4/Deaf%20Church.mp4
deaf community, https://player.vimeo.com/external/391917315.sd.mp4?s=aee77694d6acb9c15fbdb8ea19afdab1ddd4e781&profile_id=164
deaf culture, https://player.vimeo.com/external/391917343.sd.mp4?s=9a290b5e023644042689f1733967be04b59a7e99&profile_id=164
deafen, https://media.signbsl.com/videos/asl/youtube/mp4/hL9671gHzOs.mp4
deafened, https://player.vimeo.com/external/391917555.sd.mp4?s=c2137c777395211cb38f4459bfaabc790049064c&profile_id=164
deafening, https://media.signbsl.com/videos/asl/youtube/mp4/HQIUSoYRw6o.mp4
deafer, https://media.signbsl.com/videos/asl/youtube/mp4/eL9hDgs3EF8.mp4
Deaf Friendly, https://player.vimeo.com/external/391917369.sd.mp4?s=34c0fe93eb24c9962071d72a743a092fec50fbed&profile_id=164
deaf gain, https://player.vimeo.com/external/391917390.sd.mp4?s=7bc5773fb2fad043ed2b2a6fa03abfaad9ae4f69&profile_id=164
deafhood, https://player.vimeo.com/external/391917576.sd.mp4?s=3badf91ca2ce3be52c567941f430cb6244e0a7dc&profile_id=164
deaflympics, https://player.vimeo.com/external/391917606.sd.mp4?s=0e575608047f2def5f4bae05a9270e19c5097736&profile_id=164
deaf ministry, https://media.signbsl.com/videos/asl/valleybible/mp4/Deaf%20Ministry-2.mp4
deafness, https://media.signbsl.com/videos/asl/youtube/mp4/PvFmr0BwDo4.mp4
deaf power, https://media.signbsl.com/videos/asl/youtube/mp4/9ozDR9bYX1Y.mp4
deaf president now, https://media.signbsl.com/videos/asl/mariekatzenbachschool/mp4/Deaf%20President%20Now.mp4
deaf profoundly, https://player.vimeo.com/external/391917415.sd.mp4?s=ab469c5c0a9d9508df3e49eac5e0870e85aff541&profile_id=164
deaf school, https://media.signbsl.com/videos/asl/aslsearch/mp4/deaf-school.mp4
deaf spectrum, https://media.signbsl.com/videos/asl/youtube/mp4/aWv7k8yc2Bw.mp4
deaf to, https://player.vimeo.com/external/392197493.sd.mp4?s=4d73da5a1096e8a1180dc612a01e8e27b1d1be67&profile_id=164
deaf way, https://player.vimeo.com/external/391917452.sd.mp4?s=4cc62ebe3cb1a48e7e2ccba81f53a91c3d8ccc8c&profile_id=164
deaf world, https://player.vimeo.com/external/391917512.sd.mp4?s=b26c61c8282fa7add9bc40fae0b605dead5662a0&profile_id=164
deal, https://media.signbsl.com/videos/asl/aslsearch/mp4/lot.mp4
deal cards, https://media.signbsl.com/videos/asl/aslsignbank/mp4/DEAL-CARDS-757.mp4
dealer, https://player.vimeo.com/external/392528440.sd.mp4?s=cb3e1cedd3b9441af8dd6b8bb6def61dbcdb441c&profile_id=164
dealership, https://media.signbsl.com/videos/asl/youtube/mp4/JXioz0w_gfM.mp4
deal give take, https://media.signbsl.com/videos/asl/signlanguagestudent/mp4/deal%20(give-take).mp4
deal indeal someone in, https://media.signbsl.com/videos/asl/youtube/mp4/v2zcAp0A4CE.mp4
dealing, https://media.signbsl.com/videos/asl/youtube/mp4/yq-xF1omy6w.mp4
dealings, https://media.signbsl.com/videos/asl/startasl/mp4/traffic-2.mp4
dealt a bad hand, https://media.signbsl.com/videos/asl/youtube/mp4/RgCH2yhjleg.mp4
dealt a fatal blow, https://media.signbsl.com/videos/asl/youtube/mp4/0TXhgJZuB1Y.mp4
deal with, https://media.signbsl.com/videos/asl/youtube/mp4/t48HzefhB8o.mp4
deal with it, https://media.signbsl.com/videos/asl/youtube/mp4/dpg-fgdXgkU.mp4
dean, https://media.signbsl.com/videos/asl/youtube/mp4/WQOHC8qVgWc.mp4
dear, https://media.signbsl.com/videos/asl/aslsearch/mp4/dear.mp4
deardearerdearest precious, https://media.signbsl.com/videos/asl/youtube/mp4/y_TSgg3MNtQ.mp4
deardearerdearestsweetersweetest, https://media.signbsl.com/videos/asl/youtube/mp4/tU5UsbQqlqA.mp4
dearer, https://media.signbsl.com/videos/asl/youtube/mp4/cJCr5QTWYQY.mp4
dearest, https://media.signbsl.com/videos/asl/youtube/mp4/1S82rH6tVWg.mp4
dearie, https://media.signbsl.com/videos/asl/youtube/mp4/XniyS0bOUU8.mp4
dear john letter, https://media.signbsl.com/videos/asl/youtube/mp4/OJsnzjS5Z_s.mp4
dearly, https://player.vimeo.com/external/391917705.sd.mp4?s=26273c8f513c6c43643056eb6c7656daba8020a2&profile_id=164
dearness, https://media.signbsl.com/videos/asl/youtube/mp4/76B4AEnMh2U.mp4
dearth, https://player.vimeo.com/external/392401731.sd.mp4?s=5cea399ef3fc8b7ec57c57bf4e6a8132ea87e9c0&profile_id=164
deary, https://media.signbsl.com/videos/asl/youtube/mp4/XniyS0bOUU8.mp4
death, https://media.signbsl.com/videos/asl/signlanguagestudent/mp4/death.mp4
deathbed, https://media.signbsl.com/videos/asl/youtube/mp4/Yv-vqzLbFro.mp4
deathblow, https://media.signbsl.com/videos/asl/youtube/mp4/YFDSfhlvUqw.mp4
deathless, https://media.signbsl.com/videos/asl/youtube/mp4/Sn5C4LJDR4A.mp4
deathlike, https://media.signbsl.com/videos/asl/youtube/mp4/1JGEH_blzJ8.mp4
deathly, https://media.signbsl.com/videos/asl/youtube/mp4/1JGEH_blzJ8.mp4
death rate, https://media.signbsl.com/videos/asl/signlanguagestudent/mp4/mortality.mp4
deathrate, https://media.signbsl.com/videos/asl/signlanguagestudent/mp4/mortality.mp4
death stare, https://media.signbsl.com/videos/asl/youtube/mp4/xc3zH_0MPBQ.mp4
deathtrap, https://media.signbsl.com/videos/asl/youtube/mp4/07VCbteqjcY.mp4
death warmed over, https://media.signbsl.com/videos/asl/youtube/mp4/g0YBKlABfc8.mp4
deathwatch, https://media.signbsl.com/videos/asl/youtube/mp4/E-fEto31QC8.mp4
deathwatch beetle, https://media.signbsl.com/videos/asl/youtube/mp4/E-fEto31QC8.mp4
deb, https://media.signbsl.com/videos/asl/youtube/mp4/ojBbYK_wsFo.mp4
debacle, https://player.vimeo.com/external/392125695.sd.mp4?s=4e36114f8263d02e1d0e2e91614543be101879ac&profile_id=164
debar, https://media.signbsl.com/videos/asl/youtube/mp4/IRLoe0ze1_E.mp4
debase, https://player.vimeo.com/external/392481453.sd.mp4?s=73e63fa38bd5184728b61f57bfadb920517f98b6&profile_id=164
debasement, https://media.signbsl.com/videos/asl/youtube/mp4/H5tWlP_KAUs.mp4
debatable, https://media.signbsl.com/videos/asl/youtube/mp4/BkRaE-7kwtw.mp4
debate, https://media.signbsl.com/videos/asl/startasl/mp4/argue.mp4
debater, https://media.signbsl.com/videos/asl/youtube/mp4/o5I0jboUuEI.mp4
debauch, https://media.signbsl.com/videos/asl/youtube/mp4/ieO7kFDFEsk.mp4
debauched, https://media.signbsl.com/videos/asl/youtube/mp4/QTAtKY8Uvl4.mp4
debauchee, https://media.signbsl.com/videos/asl/youtube/mp4/bUJ9g44CWq0.mp4
debauchery, https://media.signbsl.com/videos/asl/youtube/mp4/ieO7kFDFEsk.mp4
de beauvoir, https://media.signbsl.com/videos/asl/philosophy/mp4/De%20Beauvoir-HD.mp4
debile, https://media.signbsl.com/videos/asl/youtube/mp4/jpn0a5rTRa8.mp4
debilitate, https://media.signbsl.com/videos/asl/youtube/mp4/JAgrGCJTLyM.mp4
debit, https://player.vimeo.com/external/391918114.sd.mp4?s=d14e32df2349903f92cee77b0cfe34c4e82d1f5d&profile_id=164
debit card, https://media.signbsl.com/videos/asl/aslsearch/mp4/debit-card.mp4
debit entry, https://player.vimeo.com/external/391918114.sd.mp4?s=d14e32df2349903f92cee77b0cfe34c4e82d1f5d&profile_id=164
debonair, https://media.signbsl.com/videos/asl/youtube/mp4/VZA8Crmd2rc.mp4
debonaire, https://media.signbsl.com/videos/asl/youtube/mp4/VZA8Crmd2rc.mp4
debone, https://media.signbsl.com/videos/asl/youtube/mp4/WYitiibw0Mk.mp4
debouch, https://media.signbsl.com/videos/asl/youtube/mp4/idzG8rmBZwc.mp4
debrief, https://player.vimeo.com/external/391918155.sd.mp4?s=2c683abedd10aa466c253796c69c94422ea33ba7&profile_id=164
debris, https://media.signbsl.com/videos/asl/aslsearch/mp4/debris.mp4
debt, https://media.signbsl.com/videos/asl/aslsignbank/mp4/OWE-780.mp4
debtless, https://media.signbsl.com/videos/asl/youtube/mp4/W8uHWD35Nx4.mp4
debtor, https://media.signbsl.com/videos/asl/youtube/mp4/OGSBAjg0KKg.mp4
debug, https://media.signbsl.com/videos/asl/mariekatzenbachschool/mp4/debug.mp4
debunk, https://media.signbsl.com/videos/asl/youtube/mp4/yZRLxuVVdak.mp4
debut, https://media.signbsl.com/videos/asl/youtube/mp4/AWG2fJsm-TE.mp4
debutante, https://media.signbsl.com/videos/asl/youtube/mp4/ojBbYK_wsFo.mp4
Dec, https://player.vimeo.com/external/391918420.sd.mp4?s=ff36b047f480b31dfaa86dd43d71f8c96ebddb43&profile_id=164
Dec 24, https://player.vimeo.com/external/392649695.sd.mp4?s=52c7bc27a1dba1adca76a149149788568d03ddc0&profile_id=164
Dec 25, https://media.signbsl.com/videos/asl/startasl/mp4/christmas.mp4
decade, https://player.vimeo.com/external/391918224.sd.mp4?s=83e4b28710c1b4a8a6332de142cd30eef3486861&profile_id=164
decadence, https://media.signbsl.com/videos/asl/youtube/mp4/pceavzeSnoY.mp4
decadency, https://media.signbsl.com/videos/asl/youtube/mp4/pceavzeSnoY.mp4
decaf, https://media.signbsl.com/videos/asl/youtube/mp4/QrWyY_VRC9M.mp4
decaffeinated coffee, https://media.signbsl.com/videos/asl/youtube/mp4/QrWyY_VRC9M.mp4
decagon, https://media.signbsl.com/videos/asl/youtube/mp4/YfiLIkaKZ4Y.mp4
decal, https://media.signbsl.com/videos/asl/aslsearch/mp4/decal.mp4
decalcomania, https://media.signbsl.com/videos/asl/aslsearch/mp4/decal.mp4
Decalogue, https://media.signbsl.com/videos/asl/valleybible/mp4/Ten%20Commandments.mp4
decamp, https://media.signbsl.com/videos/asl/youtube/mp4/bkf_si4leDg.mp4
decant, https://media.signbsl.com/videos/asl/aslsignbank/mp4/POUR-2910.mp4
decapitate, https://player.vimeo.com/external/391200360.sd.mp4?s=e648b352e9d095c0be725bd243173eb508ec160c&profile_id=164
decathlete, https://media.signbsl.com/videos/asl/youtube/mp4/AZDfkYWKhrw.mp4
decathlon, https://media.signbsl.com/videos/asl/youtube/mp4/CyJCmqxUxy4.mp4
decay, https://player.vimeo.com/external/391918295.sd.mp4?s=9b35284832b86d3905f32d036a917968cc72e4ee&profile_id=164
decease, https://media.signbsl.com/videos/asl/aslsearch/mp4/die.mp4
deceased, https://media.signbsl.com/videos/asl/aslsignbank/mp4/GONE-470.mp4
deceit, https://media.signbsl.com/videos/asl/youtube/mp4/TbkoertkRLY.mp4
Deceit Deceive Betray, https://media.signbsl.com/videos/asl/ids/mp4/2013-11-1210-deceit-deceive-betray-1500k-ase.mp4
deceitful, https://player.vimeo.com/external/392539026.sd.mp4?s=cd8fe4e5cefac7e3ba61198d0556ba8fd965b2ad&profile_id=164
deceive, https://media.signbsl.com/videos/asl/aslsearch/mp4/betray.mp4
deceiver, https://media.signbsl.com/videos/asl/youtube/mp4/XA5of11vrek.mp4
decelerate, https://media.signbsl.com/videos/asl/youtube/mp4/kH73ZXFidhg.mp4
decelerator, https://media.signbsl.com/videos/asl/youtube/mp4/hdx7hFSQIck.mp4
December, https://player.vimeo.com/external/391918420.sd.mp4?s=ff36b047f480b31dfaa86dd43d71f8c96ebddb43&profile_id=164
December 31, https://player.vimeo.com/external/392691404.sd.mp4?s=037f217904a1a50f7fb7461f22b85a153a743c49&profile_id=164
decennary, https://player.vimeo.com/external/391918224.sd.mp4?s=83e4b28710c1b4a8a6332de142cd30eef3486861&profile_id=164
decennial, https://media.signbsl.com/videos/asl/youtube/mp4/4iAmjys_tqQ.mp4
decennium, https://player.vimeo.com/external/391918224.sd.mp4?s=83e4b28710c1b4a8a6332de142cd30eef3486861&profile_id=164
decent, https://media.signbsl.com/videos/asl/youtube/mp4/8D-BkttjrTA.mp4
decentralise, https://media.signbsl.com/videos/asl/youtube/mp4/fzn7MEo1VO8.mp4
decentralize, https://media.signbsl.com/videos/asl/youtube/mp4/fzn7MEo1VO8.mp4
deception, https://media.signbsl.com/videos/asl/youtube/mp4/noJ2N-r-K2A.mp4
decibel, https://media.signbsl.com/videos/asl/tsdvideo/mp4/1293.mp4
decidable, https://media.signbsl.com/videos/asl/youtube/mp4/yv0OF5agu5E.mp4
decide, https://media.signbsl.com/videos/asl/startasl/mp4/decide.mp4
decide against, https://media.signbsl.com/videos/asl/youtube/mp4/RQhQ7GJgIEs.mp4
decided, https://media.signbsl.com/videos/asl/aslsignbank/mp4/MIND-SET-2744.mp4
deciduous, https://media.signbsl.com/videos/asl/youtube/mp4/hgGqpD96A7g.mp4
decimal, https://media.signbsl.com/videos/asl/tsdvideo/mp4/109.mp4
decimal fraction, https://media.signbsl.com/videos/asl/tsdvideo/mp4/109.mp4
decimalisation, https://media.signbsl.com/videos/asl/youtube/mp4/QszOGOHD1_o.mp4
decimalization, https://media.signbsl.com/videos/asl/youtube/mp4/QszOGOHD1_o.mp4
decimal number, https://media.signbsl.com/videos/asl/tsdvideo/mp4/1540.mp4
decimate, https://media.signbsl.com/videos/asl/youtube/mp4/XDYMecdoS0E.mp4
decimeter, https://media.signbsl.com/videos/asl/elementalaslconcepts/mp4/decimeter.mp4
decimetre, https://media.signbsl.com/videos/asl/elementalaslconcepts/mp4/decimeter.mp4
decipher, https://media.signbsl.com/videos/asl/youtube/mp4/jobHmkxx6i8.mp4
decipherable, https://media.signbsl.com/videos/asl/youtube/mp4/tApVwS7fMyU.mp4
decipherable easily broken code, https://media.signbsl.com/videos/asl/youtube/mp4/tApVwS7fMyU.mp4
decipherable sloppy but legible, https://media.signbsl.com/videos/asl/youtube/mp4/e22t5Ir_AHo.mp4
decipherer, https://media.signbsl.com/videos/asl/youtube/mp4/f7t6CBpp4nU.mp4
decipherment, https://media.signbsl.com/videos/asl/deaftec/mp4/959.mp4
decision, https://media.signbsl.com/videos/asl/signlanguagestudent/mp4/decision.mp4
decision initialized, https://media.signbsl.com/videos/asl/signlanguagestudent/mp4/decision%20(initialized).mp4
decision maker, https://media.signbsl.com/videos/asl/aslsearch/mp4/administrator.mp4
decisive, https://media.signbsl.com/videos/asl/youtube/mp4/cYvnuMvC8gs.mp4
decisiveness, https://media.signbsl.com/videos/asl/youtube/mp4/hSz4nyTRCeI.mp4
deck, https://player.vimeo.com/external/391918475.sd.mp4?s=a12c09d44435e7cfa0a672dd904cc070ec8b3460&profile_id=164
deckhand, https://media.signbsl.com/videos/asl/youtube/mp4/tUPAmNccySU.mp4
deck out, https://media.signbsl.com/videos/asl/aslsearch/mp4/dress-up.mp4
deck up, https://media.signbsl.com/videos/asl/aslsearch/mp4/dress-up.mp4
declaim, https://media.signbsl.com/videos/asl/youtube/mp4/AhQnodj2Ug8.mp4
declarable, https://media.signbsl.com/videos/asl/youtube/mp4/gvRrYc5eQZs.mp4
declaration, https://media.signbsl.com/videos/asl/youtube/mp4/OWwVIUxltrk.mp4
Declaration of Independence, https://media.signbsl.com/videos/asl/elementalaslconcepts/mp4/declaration_of_independence.mp4
declarative, https://media.signbsl.com/videos/asl/elementalaslconcepts/mp4/declarative_sentence.mp4
declarative sentence, https://player.vimeo.com/external/391918508.sd.mp4?s=78de51e9e260f35e988c04c066d2145356e19cf1&profile_id=164
declaratory, https://media.signbsl.com/videos/asl/elementalaslconcepts/mp4/declarative_sentence.mp4
declaratory sentence, https://player.vimeo.com/external/391918508.sd.mp4?s=78de51e9e260f35e988c04c066d2145356e19cf1&profile_id=164
declare, https://media.signbsl.com/videos/asl/aslsearch/mp4/declare.mp4
declare for, https://media.signbsl.com/videos/asl/youtube/mp4/cdo7J_IxUBk.mp4
declassification, https://media.signbsl.com/videos/asl/youtube/mp4/-YFPcM1llLQ.mp4
declaw, https://media.signbsl.com/videos/asl/youtube/mp4/5dV4MEM-xTA.mp4
declination, https://media.signbsl.com/videos/asl/youtube/mp4/SldME_uAIrc.mp4
decline, https://media.signbsl.com/videos/asl/signlanguagestudent/mp4/reject.mp4
declutter, https://player.vimeo.com/external/391918604.sd.mp4?s=292b1900e2540e31cbee4fae4ef08617168f9169&profile_id=164
decoagulant, https://media.signbsl.com/videos/asl/youtube/mp4/yw5gH7vbdao.mp4
decode, https://media.signbsl.com/videos/asl/youtube/mp4/jobHmkxx6i8.mp4
decoding, https://media.signbsl.com/videos/asl/deaftec/mp4/959.mp4
decolonise, https://media.signbsl.com/videos/asl/youtube/mp4/GxPc1D1j6o8.mp4
decolonize, https://media.signbsl.com/videos/asl/youtube/mp4/GxPc1D1j6o8.mp4
decolorisation, https://media.signbsl.com/videos/asl/youtube/mp4/ydlAgIMjcYk.mp4
decommission, https://media.signbsl.com/videos/asl/youtube/mp4/W4QQh18pvdc.mp4
decomposable, https://media.signbsl.com/videos/asl/youtube/mp4/mpeYMN6uRSY.mp4
decompose, https://media.signbsl.com/videos/asl/deaftec/mp4/1364.mp4
decomposer, https://media.signbsl.com/videos/asl/youtube/mp4/yZ9M86Ir0d8.mp4
decompress, https://media.signbsl.com/videos/asl/youtube/mp4/-D9gQ57MRQU.mp4
deconcentrate, https://media.signbsl.com/videos/asl/youtube/mp4/fzn7MEo1VO8.mp4
decongestant, https://media.signbsl.com/videos/asl/youtube/mp4/OuIUFB2FT5E.mp4
deconstruct, https://media.signbsl.com/videos/asl/youtube/mp4/GvGl1m2vjzE.mp4
decontaminate, https://media.signbsl.com/videos/asl/youtube/mp4/BF6kdU43nqo.mp4
decontrol, https://media.signbsl.com/videos/asl/youtube/mp4/BZq6Nb07klw.mp4
decor, https://media.signbsl.com/videos/asl/youtube/mp4/n_CKf4zChPU.mp4
decorate, https://media.signbsl.com/videos/asl/aslsignbank/mp4/DECORATE-1227.mp4
decorate something long, https://media.signbsl.com/videos/asl/youtube/mp4/ksYp99CTbu4.mp4
decorating, https://media.signbsl.com/videos/asl/youtube/mp4/pBwUm_szbYk.mp4
decoration, https://media.signbsl.com/videos/asl/aslsearch/mp4/palm.mp4
decorations, https://media.signbsl.com/videos/asl/aslsearch/mp4/palm.mp4
decorative, https://media.signbsl.com/videos/asl/youtube/mp4/6wWC7VDdJMY.mp4
decorator, https://player.vimeo.com/external/391933606.sd.mp4?s=f0061e9aba1cb2af8aff79035435bdc0694f826f&profile_id=164
decorous, https://media.signbsl.com/videos/asl/youtube/mp4/lYsM9CgyanQ.mp4
decorousness, https://media.signbsl.com/videos/asl/youtube/mp4/jzp5jPVBdX4.mp4
decorticate, https://media.signbsl.com/videos/asl/youtube/mp4/2YT2xURIUbE.mp4
decorum, https://media.signbsl.com/videos/asl/youtube/mp4/jzp5jPVBdX4.mp4
decoy, https://media.signbsl.com/videos/asl/youtube/mp4/odGjny3mTxU.mp4
decrease, https://media.signbsl.com/videos/asl/aslsignbank/mp4/DECREASE-1235.mp4
decreased vision, https://player.vimeo.com/external/392670404.sd.mp4?s=5e2ba9dc93b30ead20f17de5c19e83df190a6b28&profile_id=164
decreasing function, https://media.signbsl.com/videos/asl/tsdvideo/mp4/1492.mp4
decree, https://media.signbsl.com/videos/asl/unoclimb/mp4/FrJNHZcW7ns.mp4
decrepit, https://media.signbsl.com/videos/asl/youtube/mp4/jpn0a5rTRa8.mp4
decrescendo, https://media.signbsl.com/videos/asl/youtube/mp4/HkiZZaqJAyU.mp4
decried, https://media.signbsl.com/videos/asl/youtube/mp4/4blNvtgymsQ.mp4
decriminalise, https://media.signbsl.com/videos/asl/youtube/mp4/2ELeivbn1Ec.mp4
decriminalize, https://media.signbsl.com/videos/asl/youtube/mp4/2ELeivbn1Ec.mp4
decry, https://media.signbsl.com/videos/asl/signlanguagestudent/mp4/condemn.mp4
decrypt, https://media.signbsl.com/videos/asl/youtube/mp4/jobHmkxx6i8.mp4
decryption, https://media.signbsl.com/videos/asl/deaftec/mp4/959.mp4
dedicate, https://media.signbsl.com/videos/asl/aslsearch/mp4/dedicate.mp4
dedicated, https://media.signbsl.com/videos/asl/youtube/mp4/bl3Wfv07LTc.mp4
Dedicate Dedication, https://media.signbsl.com/videos/asl/ids/mp4/2013-11-1220-dedicate-dedication-1500k-ase.mp4
dedicated time, https://media.signbsl.com/videos/asl/youtube/mp4/bl3Wfv07LTc.mp4
dedicate give to a cause, https://media.signbsl.com/videos/asl/youtube/mp4/fcj_XN8p5Qs.mp4
dedicate offer, https://media.signbsl.com/videos/asl/signlanguagestudent/mp4/dedicate%20(offer).mp4
dedicate open to public use, https://media.signbsl.com/videos/asl/youtube/mp4/iWt00N_-CXg.mp4
dedication, https://media.signbsl.com/videos/asl/youtube/mp4/w39wAB02sh8.mp4
deduce, https://media.signbsl.com/videos/asl/elementalaslconcepts/mp4/infer.mp4
deduceeduceelict, https://media.signbsl.com/videos/asl/youtube/mp4/so9XSfMULoA.mp4
deduct, https://media.signbsl.com/videos/asl/startasl/mp4/subtract.mp4
deduction, https://media.signbsl.com/videos/asl/tsdvideo/mp4/332.mp4
deductive reasoning, https://media.signbsl.com/videos/asl/philosophy/mp4/Deduction-HD.mp4
deducts, https://media.signbsl.com/videos/asl/startasl/mp4/subtract.mp4
deed, https://media.signbsl.com/videos/asl/aslsearch/mp4/deed2.mp4
deed of conveyance, https://media.signbsl.com/videos/asl/aslsearch/mp4/deed.mp4
deem, https://media.signbsl.com/videos/asl/youtube/mp4/Q9o8GPPS-lg.mp4
deemphasize, NA
deep, https://media.signbsl.com/videos/asl/aslsignbank/mp4/DEEP-1237.mp4
deep big breath in, https://media.signbsl.com/videos/asl/youtube/mp4/eOpaKqPWz7M.mp4
deepen, https://media.signbsl.com/videos/asl/youtube/mp4/VhnRtZYSgzQ.mp4
deeper, https://media.signbsl.com/videos/asl/youtube/mp4/H1f4rIc2Guc.mp4
deep freeze, https://media.signbsl.com/videos/asl/startasl/mp4/freezer.mp4
Deepfreeze, https://media.signbsl.com/videos/asl/startasl/mp4/freezer.mp4
deep freezer, https://media.signbsl.com/videos/asl/startasl/mp4/freezer.mp4
deep fried, https://media.signbsl.com/videos/asl/youtube/mp4/5T6fL5p5U_M.mp4
deep fry, https://media.signbsl.com/videos/asl/youtube/mp4/Yyk1NkGn09w.mp4
deep kiss, https://player.vimeo.com/external/392132916.sd.mp4?s=a4679a63939fcdda6fe726e5769d2403bddb8479&profile_id=164
deeply, https://media.signbsl.com/videos/asl/youtube/mp4/Iv_wHpIcJuE.mp4
deep pocket, https://media.signbsl.com/videos/asl/youtube/mp4/VJ-OhAEnPuo.mp4
deep pockets, https://media.signbsl.com/videos/asl/youtube/mp4/VJ-OhAEnPuo.mp4
deep rooted, https://player.vimeo.com/external/392209557.sd.mp4?s=f0cce65b014b9686de39fa45fffa390af920d83a&profile_id=164
deep seated, https://player.vimeo.com/external/392209557.sd.mp4?s=f0cce65b014b9686de39fa45fffa390af920d83a&profile_id=164
deer, https://media.signbsl.com/videos/asl/aslsearch/mp4/deer.mp4
deerhunter, NA
deerskin, https://media.signbsl.com/videos/asl/youtube/mp4/fDjlN6pegX4.mp4
deface, https://media.signbsl.com/videos/asl/youtube/mp4/ipIhMYsLsSs.mp4
defacement, https://media.signbsl.com/videos/asl/youtube/mp4/NGg0tyfAsfo.mp4
defalcate, https://media.signbsl.com/videos/asl/aslsearch/mp4/embezzle.mp4
defalcation, https://media.signbsl.com/videos/asl/youtube/mp4/A84WYs51OOA.mp4
defalcator, https://media.signbsl.com/videos/asl/youtube/mp4/mRx3Xd4thJ0.mp4
defamation, https://media.signbsl.com/videos/asl/youtube/mp4/vVMPQLp0DR8.mp4
defame, https://media.signbsl.com/videos/asl/youtube/mp4/sWjkhrcOwdE.mp4
defamer, https://media.signbsl.com/videos/asl/youtube/mp4/ueT-rdm1fgU.mp4
defang, https://media.signbsl.com/videos/asl/youtube/mp4/HrP9D3okcFQ.mp4
default, https://media.signbsl.com/videos/asl/mariekatzenbachschool/mp4/default.mp4
defaulter, https://media.signbsl.com/videos/asl/youtube/mp4/9YQ29Rqf8_8.mp4
defeat, https://media.signbsl.com/videos/asl/aslsearch/mp4/defeat.mp4
defeated, https://media.signbsl.com/videos/asl/aslsignbank/mp4/FRUSTRATED-1506.mp4
defeater, https://media.signbsl.com/videos/asl/youtube/mp4/vecDSiBdXe4.mp4
defeathering, https://player.vimeo.com/external/391919026.sd.mp4?s=1fa320ac7d73f88a9cd926bad8392d80b8fed4ce&profile_id=164
defeatism, https://media.signbsl.com/videos/asl/youtube/mp4/-ySMuQyhORI.mp4
defeatist, https://player.vimeo.com/external/391919072.sd.mp4?s=377dbbc40e39818eaef3d7bd5c62d670c417e80d&profile_id=164
defeat the purpose, https://player.vimeo.com/external/391918953.sd.mp4?s=c30998027637317b7c8d70a417f294fd507eafdb&profile_id=164
defeat they defeat you, https://player.vimeo.com/external/392670443.sd.mp4?s=2214cc92c9d4d592aafd7a485e08948b6c4e3f1e&profile_id=164
defeat you defeat them, https://player.vimeo.com/external/392670475.sd.mp4?s=a37bc4e20714a07ab31148680705ba3f6444395d&profile_id=164
defecate, https://media.signbsl.com/videos/asl/aslsignbank/mp4/POOP-916.mp4
defecation, https://media.signbsl.com/videos/asl/aslsearch/mp4/defecation.mp4
defect, https://media.signbsl.com/videos/asl/youtube/mp4/TktSBV915BE.mp4
defection, https://media.signbsl.com/videos/asl/ids/mp4/2013-11-340-apostasy-astray-1500k-ase.mp4
defect of speech, https://player.vimeo.com/external/392449137.sd.mp4?s=93500c928b0110daf2f046e1df1d269150595036&profile_id=164
defector, https://media.signbsl.com/videos/asl/youtube/mp4/S6fRfhfyZVw.mp4
defence, https://media.signbsl.com/videos/asl/youtube/mp4/Vm9hBn94IBo.mp4
defenceless, https://media.signbsl.com/videos/asl/youtube/mp4/RKU7ismLmTU.mp4
defend, https://media.signbsl.com/videos/asl/signlanguagestudent/mp4/defend.mp4
defendable, https://media.signbsl.com/videos/asl/youtube/mp4/R8HNkJqyQEM.mp4
defendant, https://media.signbsl.com/videos/asl/youtube/mp4/DZA2WrUpjH0.mp4
defender, https://player.vimeo.com/external/392679984.sd.mp4?s=cb757ff4887de280d6a2761c05f83a02a4fe28d8&profile_id=164
defending team, https://media.signbsl.com/videos/asl/youtube/mp4/Vm9hBn94IBo.mp4
defend initialized, https://media.signbsl.com/videos/asl/signlanguagestudent/mp4/defend%20(initialized).mp4
defend the faith, https://media.signbsl.com/videos/asl/valleybible/mp4/Defend%20the%20Faith.mp4
defense, https://media.signbsl.com/videos/asl/youtube/mp4/Vm9hBn94IBo.mp4
defense attorney, https://player.vimeo.com/external/391919195.sd.mp4?s=f142741b0a7d6cf35ce9f9b1d2efba679e5147f0&profile_id=164
defense lawyer, https://player.vimeo.com/external/391919195.sd.mp4?s=f142741b0a7d6cf35ce9f9b1d2efba679e5147f0&profile_id=164
defenseless, https://media.signbsl.com/videos/asl/youtube/mp4/RKU7ismLmTU.mp4
defensible, https://media.signbsl.com/videos/asl/youtube/mp4/R8HNkJqyQEM.mp4
defensive, https://player.vimeo.com/external/391919232.sd.mp4?s=067952fcb8e59b943d07cad46f7d3c68660ea528&profile_id=164
defensive end, https://media.signbsl.com/videos/asl/youtube/mp4/Bos99mFrG84.mp4
defensive end football, https://media.signbsl.com/videos/asl/youtube/mp4/944PAzHow9A.mp4
defer, https://media.signbsl.com/videos/asl/aslsearch/mp4/defer.mp4
deference, https://media.signbsl.com/videos/asl/youtube/mp4/_CWVg42azI8.mp4
deferred payment, https://media.signbsl.com/videos/asl/aslsearch/mp4/checkout.mp4
defiance, https://media.signbsl.com/videos/asl/youtube/mp4/Pnqpgkk-HYs.mp4
defiant, https://player.vimeo.com/external/391919294.sd.mp4?s=66fb62fa59b9ff22dd8f5592125857dddacbf543&profile_id=164
defibrillator, https://media.signbsl.com/videos/asl/uploads/mp4/4db9687422ee2f1bd3a4e3f4aee5e126.mp4
deficiencies, https://media.signbsl.com/videos/asl/youtube/mp4/6pVpXn7G7rA.mp4
deficiency, https://media.signbsl.com/videos/asl/youtube/mp4/6pVpXn7G7rA.mp4
deficient, https://player.vimeo.com/external/391919332.sd.mp4?s=f1525584e8c1abf0c7f22b708cb79a59b78a1b70&profile_id=164
deficit, https://media.signbsl.com/videos/asl/youtube/mp4/gXlOTxh4s2k.mp4
defile, https://media.signbsl.com/videos/asl/valleybible/mp4/defile.mp4
defiler, https://media.signbsl.com/videos/asl/youtube/mp4/nlTWDmj_Stw.mp4
definable, https://media.signbsl.com/videos/asl/youtube/mp4/ObPUs7S40nc.mp4
define, https://media.signbsl.com/videos/asl/aslsignbank/mp4/EXPLANATION-1353.mp4
definition, https://media.signbsl.com/videos/asl/elementalaslconcepts/mp4/definition.mp4
definitive, https://media.signbsl.com/videos/asl/youtube/mp4/EY-fizzB_bc.mp4
deflate, https://media.signbsl.com/videos/asl/aslsearch/mp4/deflate.mp4
deflated, https://player.vimeo.com/external/392670638.sd.mp4?s=9dc55e1f5f6beaa81980dc5f63dd47437d229f5f&profile_id=164
deflation, https://media.signbsl.com/videos/asl/youtube/mp4/7-PO6uHLBx4.mp4
deflect, https://media.signbsl.com/videos/asl/youtube/mp4/IRLoe0ze1_E.mp4
deflection, https://media.signbsl.com/videos/asl/youtube/mp4/VuBxlNzjguU.mp4
deflector, https://media.signbsl.com/videos/asl/youtube/mp4/RmIOdmaqDss.mp4
deflexion, https://media.signbsl.com/videos/asl/deaftec/mp4/1424.mp4
deflower, https://media.signbsl.com/videos/asl/aslsearch/mp4/impair.mp4
defog, https://media.signbsl.com/videos/asl/youtube/mp4/hKWCI7cV3NY.mp4
defogger, https://media.signbsl.com/videos/asl/youtube/mp4/SG64tWTm3pg.mp4
defoliant, https://media.signbsl.com/videos/asl/youtube/mp4/zsuHPxr7UQc.mp4
deforest, https://media.signbsl.com/videos/asl/youtube/mp4/zfaMFgE3w7M.mp4
deform, https://player.vimeo.com/external/391919446.sd.mp4?s=af3a88f2aabe8ae08d679f191d58f5a260791c93&profile_id=164
deformed, https://player.vimeo.com/external/392282966.sd.mp4?s=6301f9d23b399dd097548e1317e2137b1f4f8c0c&profile_id=164
defraud, https://media.signbsl.com/videos/asl/youtube/mp4/uA31P9Lwrqo.mp4
defrauder, https://media.signbsl.com/videos/asl/youtube/mp4/pKJq8xdgxKc.mp4
defray, https://media.signbsl.com/videos/asl/youtube/mp4/SszGt8d29rU.mp4
defrock, https://media.signbsl.com/videos/asl/youtube/mp4/e3eCHi0rzvs.mp4
defrost, https://media.signbsl.com/videos/asl/youtube/mp4/GqDlreRaf8Q.mp4
deft, https://media.signbsl.com/videos/asl/youtube/mp4/Dlk7Ge3Vjko.mp4
defunct, https://media.signbsl.com/videos/asl/youtube/mp4/_BSdO6giY8w.mp4
defuse, https://media.signbsl.com/videos/asl/youtube/mp4/EsltIgvEjqE.mp4
defy, https://media.signbsl.com/videos/asl/signlanguagestudent/mp4/resist.mp4
degauss, https://media.signbsl.com/videos/asl/youtube/mp4/UzrcscF_fLM.mp4
degeneracy, https://media.signbsl.com/videos/asl/valleybible/mp4/depravity.mp4
degenerate, https://media.signbsl.com/videos/asl/youtube/mp4/QTAtKY8Uvl4.mp4
degeneration, https://media.signbsl.com/videos/asl/youtube/mp4/pceavzeSnoY.mp4
degradable, https://media.signbsl.com/videos/asl/youtube/mp4/jXiV38K8dlM.mp4
degradation, https://media.signbsl.com/videos/asl/youtube/mp4/H5tWlP_KAUs.mp4
degrade, https://media.signbsl.com/videos/asl/youtube/mp4/_T2kcgqgyAM.mp4
degraded, https://media.signbsl.com/videos/asl/youtube/mp4/QTAtKY8Uvl4.mp4
degrade me, https://media.signbsl.com/videos/asl/youtube/mp4/85qzI0kFY3I.mp4
degree, https://media.signbsl.com/videos/asl/aslsignbank/mp4/DEGREE-800.mp4
degree math, https://media.signbsl.com/videos/asl/signlanguagestudent/mp4/degree%20(math).mp4
degree of a monomial, https://media.signbsl.com/videos/asl/youtube/mp4/O_ArwfJ_GY8.mp4
degree of a polynomial, https://media.signbsl.com/videos/asl/youtube/mp4/I1_ACLOIRKs.mp4
degrees, https://media.signbsl.com/videos/asl/aslsignbank/mp4/DEGREE-800.mp4
Degrees of Glory, https://media.signbsl.com/videos/asl/ids/mp4/2013-11-1230-degrees-of-glory-1500k-ase.mp4
degress, https://media.signbsl.com/videos/asl/youtube/mp4/iChUZhJAtDM.mp4
dehorn, https://media.signbsl.com/videos/asl/youtube/mp4/0-JXK5Vql5U.mp4
dehumanise, https://media.signbsl.com/videos/asl/youtube/mp4/ituhQtwiZUg.mp4
dehumanize, https://media.signbsl.com/videos/asl/youtube/mp4/ituhQtwiZUg.mp4
dehumidifier, https://media.signbsl.com/videos/asl/youtube/mp4/cbUHuJXy15Y.mp4
dehydrated, https://media.signbsl.com/videos/asl/youtube/mp4/FRzHzpsEvek.mp4
dehydration, https://player.vimeo.com/external/391931055.sd.mp4?s=f40419fda959c2788525468248a906a4980a6e0f&profile_id=164
dehydrator, https://media.signbsl.com/videos/asl/youtube/mp4/5leRGjYyjCU.mp4
de ice, https://media.signbsl.com/videos/asl/youtube/mp4/GqDlreRaf8Q.mp4
deice, https://media.signbsl.com/videos/asl/youtube/mp4/GqDlreRaf8Q.mp4
deictic, https://media.signbsl.com/videos/asl/aslsignbank/mp4/RELATIVE-THAT-1200.mp4
deictic word, https://media.signbsl.com/videos/asl/aslsignbank/mp4/RELATIVE-THAT-1200.mp4
deification, https://media.signbsl.com/videos/asl/youtube/mp4/ZE_FkU5xgb4.mp4
deign, https://media.signbsl.com/videos/asl/youtube/mp4/2-zop9K1VhA.mp4
deism, https://media.signbsl.com/videos/asl/youtube/mp4/JRNOs3FZzTo.mp4
deist, https://media.signbsl.com/videos/asl/youtube/mp4/W1zyyhzcwWg.mp4
deject, https://media.signbsl.com/videos/asl/aslsearch/mp4/depress.mp4
dejected, https://media.signbsl.com/videos/asl/aslsearch/mp4/dejected.mp4
dejeuner, https://media.signbsl.com/videos/asl/startasl/mp4/lunch.mp4
deke, https://media.signbsl.com/videos/asl/youtube/mp4/EBWR_wyactY.mp4
Delaware, https://media.signbsl.com/videos/asl/youtube/mp4/Uf-76wSX9DU.mp4
Delaware River, https://media.signbsl.com/videos/asl/youtube/mp4/Uf-76wSX9DU.mp4
delay, https://media.signbsl.com/videos/asl/aslsignbank/mp4/EXTEND-2971.mp4
delectable, https://media.signbsl.com/videos/asl/youtube/mp4/wWE0Z7MX-Xk.mp4
delectation, https://media.signbsl.com/videos/asl/aslsearch/mp4/delight.mp4
delegacy, https://media.signbsl.com/videos/asl/youtube/mp4/zO1B_n_LkIU.mp4
delegate, https://media.signbsl.com/videos/asl/aslsignbank/mp4/ASSIGN-2076.mp4
delegation, https://media.signbsl.com/videos/asl/youtube/mp4/zO1B_n_LkIU.mp4
delete, https://media.signbsl.com/videos/asl/aslsignbank/mp4/ELIMINATE-123.mp4
deli, https://media.signbsl.com/videos/asl/aslsignbank/mp4/RESTAURANT-969.mp4
deliberate, https://media.signbsl.com/videos/asl/aslsearch/mp4/deliberate.mp4
delicacies, https://media.signbsl.com/videos/asl/aslsignbank/mp4/HANDLE-SITUATION-1843.mp4
delicacy, https://media.signbsl.com/videos/asl/aslsignbank/mp4/HANDLE-SITUATION-1843.mp4
delicate, https://media.signbsl.com/videos/asl/aslsearch/mp4/fragile.mp4
delicatessen, https://media.signbsl.com/videos/asl/aslsignbank/mp4/RESTAURANT-969.mp4
delicious, https://media.signbsl.com/videos/asl/startasl/mp4/delicious.mp4
delight, https://media.signbsl.com/videos/asl/aslsearch/mp4/delight.mp4
delightful, https://media.signbsl.com/videos/asl/startasl/mp4/delicious.mp4
delimit, https://media.signbsl.com/videos/asl/youtube/mp4/pyRIkSuO6T4.mp4
delimitate, https://media.signbsl.com/videos/asl/youtube/mp4/pyRIkSuO6T4.mp4
delimitation, https://media.signbsl.com/videos/asl/youtube/mp4/QUMuhZPmMoA.mp4
delineate, https://media.signbsl.com/videos/asl/youtube/mp4/pyRIkSuO6T4.mp4
delinquencies, https://media.signbsl.com/videos/asl/youtube/mp4/qjn9znRs2RQ.mp4
delinquency, https://media.signbsl.com/videos/asl/youtube/mp4/qjn9znRs2RQ.mp4
delinquent, https://player.vimeo.com/external/391933323.sd.mp4?s=2f394f975281a9d444f1801dd0136d5e578f64ba&profile_id=164
delinquent, https://player.vimeo.com/external/391933323.sd.mp4?s=2f394f975281a9d444f1801dd0136d5e578f64ba&profile_id=164
deliquesce, https://media.signbsl.com/videos/asl/youtube/mp4/rSDaUvEXCf4.mp4
deliquium, https://media.signbsl.com/videos/asl/aslsignbank/mp4/KNOCK-OUT-3264.mp4
deliria, https://media.signbsl.com/videos/asl/youtube/mp4/ionJANT7rMI.mp4
delirious, https://player.vimeo.com/external/391931318.sd.mp4?s=7f8a2a34b65c6c786a70d1430ae04f05b87bde14&profile_id=164
deliver, https://media.signbsl.com/videos/asl/aslsearch/mp4/redeem.mp4
deliverable, https://media.signbsl.com/videos/asl/youtube/mp4/oHlmMAGR2ok.mp4
deliver a blow, https://media.signbsl.com/videos/asl/youtube/mp4/0E7BX8JiTtE.mp4
deliverance, https://media.signbsl.com/videos/asl/youtube/mp4/33tfRCT-99E.mp4
deliverer, https://media.signbsl.com/videos/asl/youtube/mp4/5OH3Gp-3oHw.mp4
deliveries, https://player.vimeo.com/external/392670671.sd.mp4?s=fdce968dc8902392ade6b6ff0c0215f1c8cce12c&profile_id=164
delivery, https://player.vimeo.com/external/392670671.sd.mp4?s=fdce968dc8902392ade6b6ff0c0215f1c8cce12c&profile_id=164
delivery boy, https://media.signbsl.com/videos/asl/youtube/mp4/5OH3Gp-3oHw.mp4
deliveryman, https://media.signbsl.com/videos/asl/youtube/mp4/5OH3Gp-3oHw.mp4
delouse, https://media.signbsl.com/videos/asl/youtube/mp4/e6Du7erh3mM.mp4
delta, https://media.signbsl.com/videos/asl/youtube/mp4/FZ3h2Hu9d7U.mp4
delta epsilon sorority, https://player.vimeo.com/external/391931390.sd.mp4?s=e597a2d4d0ff3c6d4407f8c72746d6f1e921e6fa&profile_id=164
delta sigma phi fraternity, https://player.vimeo.com/external/391931413.sd.mp4?s=0e385711202d214c68e98a56848ca54cc9d103c3&profile_id=164
delude, https://media.signbsl.com/videos/asl/aslsearch/mp4/betray.mp4
deluded, https://player.vimeo.com/external/391931432.sd.mp4?s=f4be42a8ac7994f87aaf880a53b4a62dce100830&profile_id=164
deluge, https://media.signbsl.com/videos/asl/startasl/mp4/flood.mp4
delusion, https://media.signbsl.com/videos/asl/youtube/mp4/d5gzgiYGYQw.mp4
delusional, https://media.signbsl.com/videos/asl/youtube/mp4/VqVu1aoQPx8.mp4
de luxe, https://player.vimeo.com/external/392280586.sd.mp4?s=6c174e17ef38e2ac200c1d56f715b95dd72d928c&profile_id=164
deluxe, https://player.vimeo.com/external/392280586.sd.mp4?s=6c174e17ef38e2ac200c1d56f715b95dd72d928c&profile_id=164
delve, https://media.signbsl.com/videos/asl/aslsignbank/mp4/SHOVEL-815.mp4
demagnetise, https://media.signbsl.com/videos/asl/youtube/mp4/UzrcscF_fLM.mp4
demagnetize, https://media.signbsl.com/videos/asl/youtube/mp4/UzrcscF_fLM.mp4
demagog, https://media.signbsl.com/videos/asl/youtube/mp4/oLnfGOYDBbI.mp4
demagogue, https://media.signbsl.com/videos/asl/youtube/mp4/oLnfGOYDBbI.mp4
demand, https://media.signbsl.com/videos/asl/startasl/mp4/need.mp4
demaning, https://media.signbsl.com/videos/asl/youtube/mp4/vI6i_zMePVM.mp4
demarcate, https://media.signbsl.com/videos/asl/youtube/mp4/YwkhHf2VUbU.mp4
dematerailzed, https://media.signbsl.com/videos/asl/youtube/mp4/fbz6eMpeDcM.mp4
demean, https://media.signbsl.com/videos/asl/youtube/mp4/5ySBBraRbSw.mp4
demeanor, https://media.signbsl.com/videos/asl/youtube/mp4/qJDOcL0FBrQ.mp4
demeanour, https://media.signbsl.com/videos/asl/youtube/mp4/qJDOcL0FBrQ.mp4
demented, https://media.signbsl.com/videos/asl/aslsearch/mp4/crazy.mp4
dementedness, https://media.signbsl.com/videos/asl/youtube/mp4/DCf7O58f8wI.mp4
dementia, https://media.signbsl.com/videos/asl/youtube/mp4/DCf7O58f8wI.mp4
dementia praecox, https://media.signbsl.com/videos/asl/youtube/mp4/MngfzI73A-4.mp4
demerit, https://media.signbsl.com/videos/asl/youtube/mp4/Ixwb4wkNQIg.mp4
demigod, https://media.signbsl.com/videos/asl/aslsearch/mp4/superman.mp4
demigoddess, https://media.signbsl.com/videos/asl/youtube/mp4/EpCcp5gH0LE.mp4
demilitarise, https://media.signbsl.com/videos/asl/youtube/mp4/PIR2AYWmeC8.mp4
demilitarize, https://media.signbsl.com/videos/asl/youtube/mp4/PIR2AYWmeC8.mp4
demilitarized zone dmz, https://media.signbsl.com/videos/asl/deaftec/mp4/960.mp4
demise, https://player.vimeo.com/external/391993659.sd.mp4?s=2b61aa790cfa6a123e39c6c7539be7210c0acdf0&profile_id=164
demist, https://media.signbsl.com/videos/asl/youtube/mp4/72eo8tS-U8M.mp4
demister, https://media.signbsl.com/videos/asl/youtube/mp4/hCad0K35ib4.mp4
demo, https://media.signbsl.com/videos/asl/startasl/mp4/show.mp4
demob, https://media.signbsl.com/videos/asl/youtube/mp4/XniBHjzj1l4.mp4
demobilise, https://media.signbsl.com/videos/asl/youtube/mp4/XniBHjzj1l4.mp4
demobilize, https://media.signbsl.com/videos/asl/youtube/mp4/XniBHjzj1l4.mp4
democracies, https://media.signbsl.com/videos/asl/elementalaslconcepts/mp4/democracy.mp4
democracy, https://media.signbsl.com/videos/asl/elementalaslconcepts/mp4/democracy.mp4
Democrat, https://media.signbsl.com/videos/asl/aslsearch/mp4/democrat.mp4
democratic, https://media.signbsl.com/videos/asl/elementalaslconcepts/mp4/democratic.mp4
Democratic and Popular Republic of Algeria, https://media.signbsl.com/videos/asl/youtube/mp4/Bv3BN5O8quI.mp4
Democratic Peoples Republic of Korea, https://media.signbsl.com/videos/asl/mariekatzenbachschool/mp4/North%20Korea.mp4
Democratic Republic of the Congo, https://media.signbsl.com/videos/asl/youtube/mp4/vP9Y03-EHmQ.mp4
Democratic Socialist Republic of Sri Lanka, https://media.signbsl.com/videos/asl/youtube/mp4/_Z1YZRt7Q2k.mp4
democratise, https://media.signbsl.com/videos/asl/youtube/mp4/ILoda6gvO6I.mp4
democratize, https://media.signbsl.com/videos/asl/youtube/mp4/ILoda6gvO6I.mp4
demode, https://media.signbsl.com/videos/asl/aslsearch/mp4/antique.mp4
demodulate, https://media.signbsl.com/videos/asl/youtube/mp4/w7hgSEqjXTc.mp4
demographer, https://media.signbsl.com/videos/asl/youtube/mp4/0thVLWdxdK8.mp4
demographic, https://media.signbsl.com/videos/asl/youtube/mp4/X0AAI3t_ATs.mp4
demographist, https://media.signbsl.com/videos/asl/youtube/mp4/0thVLWdxdK8.mp4
demolish, https://media.signbsl.com/videos/asl/aslsearch/mp4/abolish.mp4
demolished, https://media.signbsl.com/videos/asl/elementalaslconcepts/mp4/abolish.mp4
demon, https://media.signbsl.com/videos/asl/aslsignbank/mp4/DEVIL-2739.mp4
demonetise, https://media.signbsl.com/videos/asl/youtube/mp4/tfZ8SlhlnNE.mp4
demonetize, https://media.signbsl.com/videos/asl/youtube/mp4/tfZ8SlhlnNE.mp4
demoniac, https://media.signbsl.com/videos/asl/youtube/mp4/_uxOYuPpTYM.mp4
demoniacal, https://media.signbsl.com/videos/asl/youtube/mp4/_uxOYuPpTYM.mp4
demonic, https://media.signbsl.com/videos/asl/youtube/mp4/qLpYTL83C4w.mp4
demonise, https://media.signbsl.com/videos/asl/youtube/mp4/wBAwWVTY27A.mp4
demonize, https://media.signbsl.com/videos/asl/youtube/mp4/wBAwWVTY27A.mp4
demonologist, https://media.signbsl.com/videos/asl/youtube/mp4/hnRHZiAM2og.mp4
demonstrability, https://media.signbsl.com/videos/asl/youtube/mp4/ZLuUFvdoe_k.mp4
demonstrate, https://media.signbsl.com/videos/asl/startasl/mp4/show.mp4
demonstrative, https://media.signbsl.com/videos/asl/aslsignbank/mp4/THIS-1215.mp4
demonstrative pronoun, https://media.signbsl.com/videos/asl/aslsignbank/mp4/THIS-1215.mp4
demonstrator, https://media.signbsl.com/videos/asl/youtube/mp4/5c4Ah1MMvvw.mp4
demoralise, https://media.signbsl.com/videos/asl/aslsearch/mp4/depress.mp4
demoralised, https://player.vimeo.com/external/391978856.sd.mp4?s=75b91802784a5c23cb615c7c6b260890b623e23d&profile_id=164
demoralize, https://media.signbsl.com/videos/asl/aslsearch/mp4/depress.mp4
demoralized, https://player.vimeo.com/external/391978856.sd.mp4?s=75b91802784a5c23cb615c7c6b260890b623e23d&profile_id=164
demote, https://player.vimeo.com/external/391931560.sd.mp4?s=9577b54a6ee3efb140efb5e2488dcebcac262308&profile_id=164
demotivate, https://media.signbsl.com/videos/asl/youtube/mp4/Bcq-BmvpN40.mp4
demur, https://media.signbsl.com/videos/asl/youtube/mp4/pnY_6IifxMc.mp4
demure, https://media.signbsl.com/videos/asl/youtube/mp4/gxIWprVepd8.mp4
demur polite rejection, https://media.signbsl.com/videos/asl/youtube/mp4/pnY_6IifxMc.mp4
demurrer, https://media.signbsl.com/videos/asl/youtube/mp4/ZJzz-2ENOvA.mp4
demystification, https://media.signbsl.com/videos/asl/youtube/mp4/8UmEF5OIntE.mp4
demythologise, https://media.signbsl.com/videos/asl/youtube/mp4/ZFvhPqEWfXg.mp4
demythologize, https://media.signbsl.com/videos/asl/youtube/mp4/ZFvhPqEWfXg.mp4
den, https://media.signbsl.com/videos/asl/youtube/mp4/nKITNZGBepI.mp4
denationalise, https://media.signbsl.com/videos/asl/youtube/mp4/PCK5SvqsPks.mp4
denationalize, https://media.signbsl.com/videos/asl/youtube/mp4/PCK5SvqsPks.mp4
denaturation, https://media.signbsl.com/videos/asl/youtube/mp4/MsF7gQBTTpc.mp4
denature, https://media.signbsl.com/videos/asl/youtube/mp4/kTEuMqHvOlw.mp4
dendriform, https://media.signbsl.com/videos/asl/youtube/mp4/B9FBVzDREUU.mp4
dendrite, https://media.signbsl.com/videos/asl/deaftec/mp4/1365.mp4
dendrites, https://media.signbsl.com/videos/asl/deaftec/mp4/1365.mp4
dendrochronology, https://media.signbsl.com/videos/asl/youtube/mp4/CyqrDWdDpe8.mp4
dendroid, https://media.signbsl.com/videos/asl/youtube/mp4/B9FBVzDREUU.mp4
dendroidal, https://media.signbsl.com/videos/asl/youtube/mp4/B9FBVzDREUU.mp4
dene, https://player.vimeo.com/external/391932671.sd.mp4?s=5ac3cbfca4c9b4ee673604c7e076f1f92ab8fd53&profile_id=164
deniable, https://media.signbsl.com/videos/asl/youtube/mp4/POqN4KfUENs.mp4
denial, https://media.signbsl.com/videos/asl/aslsignbank/mp4/DENY-2737.mp4
denial of service dos, https://media.signbsl.com/videos/asl/deaftec/mp4/961.mp4
denier, https://media.signbsl.com/videos/asl/youtube/mp4/6jbZ7UnP_sw.mp4
denigrate, https://media.signbsl.com/videos/asl/aslsearch/mp4/belittle.mp4
denigration, https://media.signbsl.com/videos/asl/youtube/mp4/vVMPQLp0DR8.mp4
denim, https://media.signbsl.com/videos/asl/aslsignbank/mp4/JEANS-2902.mp4
denizen, https://media.signbsl.com/videos/asl/youtube/mp4/lsKom0MfGHk.mp4
Denmark, https://media.signbsl.com/videos/asl/youtube/mp4/UqZPHD9wdf8.mp4
denominate, https://media.signbsl.com/videos/asl/youtube/mp4/g6oXpSDgvLY.mp4
denomination, https://media.signbsl.com/videos/asl/aslsearch/mp4/denomination.mp4
denominator, https://media.signbsl.com/videos/asl/tsdvideo/mp4/217.mp4
denominator denominators, https://media.signbsl.com/videos/asl/youtube/mp4/9GfqHjB5v_A.mp4
denotation, https://media.signbsl.com/videos/asl/youtube/mp4/Hj5oLX_SuZo.mp4
denote, https://media.signbsl.com/videos/asl/aslsignbank/mp4/ANNOUNCE-2202.mp4
denouement, https://media.signbsl.com/videos/asl/youtube/mp4/GGyW1H2yJyU.mp4
denounce, https://player.vimeo.com/external/391932777.sd.mp4?s=0332a720a7a58b861d2c8b2276dbe081853a6b33&profile_id=164
denque, https://media.signbsl.com/videos/asl/youtube/mp4/eaeyYqLFD_Q.mp4
dense, https://media.signbsl.com/videos/asl/aslsignbank/mp4/ROCK-241.mp4
denseness, https://media.signbsl.com/videos/asl/tsdvideo/mp4/1468.mp4
denser, https://media.signbsl.com/videos/asl/youtube/mp4/mAeygcbB0jk.mp4
densities, https://media.signbsl.com/videos/asl/tsdvideo/mp4/1468.mp4
density, https://media.signbsl.com/videos/asl/tsdvideo/mp4/1468.mp4
density property, https://media.signbsl.com/videos/asl/youtube/mp4/KLbBdxvj31k.mp4
density property for real numbers, https://media.signbsl.com/videos/asl/youtube/mp4/N-HV2b-XhJ8.mp4
dent, https://media.signbsl.com/videos/asl/youtube/mp4/qNfiIWW60XE.mp4
dental, https://media.signbsl.com/videos/asl/aslsignbank/mp4/DENTIST-2572.mp4
dental caries, https://media.signbsl.com/videos/asl/youtube/mp4/Q4Z5Csdu20A.mp4
dental hygienist, https://media.signbsl.com/videos/asl/aslsearch/mp4/dental-hygienist.mp4
dental orthopaedics, https://media.signbsl.com/videos/asl/youtube/mp4/BNXzZ0p2vkk.mp4
dental orthopedics, https://media.signbsl.com/videos/asl/youtube/mp4/BNXzZ0p2vkk.mp4
dental plate, https://media.signbsl.com/videos/asl/youtube/mp4/7K-OT_J_JS0.mp4
dental practitioner, https://media.signbsl.com/videos/asl/startasl/mp4/dentist.mp4
dentist, https://media.signbsl.com/videos/asl/startasl/mp4/dentist.mp4
dentition, https://media.signbsl.com/videos/asl/aslsignbank/mp4/TEETH-1187.mp4
denture, https://media.signbsl.com/videos/asl/youtube/mp4/7K-OT_J_JS0.mp4
denuclearise, https://media.signbsl.com/videos/asl/youtube/mp4/68_MXdDOQh4.mp4
denudation, https://media.signbsl.com/videos/asl/youtube/mp4/LKk10vhfovo.mp4
denumerable, https://media.signbsl.com/videos/asl/youtube/mp4/mkpMxqbOqj8.mp4
deny, https://media.signbsl.com/videos/asl/aslsignbank/mp4/REFUSE-953.mp4
deodorant, https://media.signbsl.com/videos/asl/aslsignbank/mp4/DEODORANT-2960.mp4
deodorise, https://media.signbsl.com/videos/asl/youtube/mp4/JrKFHKAE4SQ.mp4
deodoriser, https://media.signbsl.com/videos/asl/youtube/mp4/ZwWYEDQxCMs.mp4
deodorize, https://media.signbsl.com/videos/asl/youtube/mp4/JrKFHKAE4SQ.mp4
deodourant, https://media.signbsl.com/videos/asl/aslsignbank/mp4/DEODORANT-2960.mp4
deodourise, https://media.signbsl.com/videos/asl/youtube/mp4/JrKFHKAE4SQ.mp4
deodrant, https://media.signbsl.com/videos/asl/youtube/mp4/xbUmvJB_zkU.mp4
deomocratic republic of the congo, https://media.signbsl.com/videos/asl/youtube/mp4/hD-S68mco_Y.mp4
deontology, https://media.signbsl.com/videos/asl/philosophy/mp4/Deontology-HD.mp4
deoxyribonucleic acid, https://media.signbsl.com/videos/asl/youtube/mp4/qXM2qT8u5kY.mp4
deoxyribonucleic dna, https://media.signbsl.com/videos/asl/deaftec/mp4/1366.mp4
depart, https://media.signbsl.com/videos/asl/aslsignbank/mp4/DEPART-286.mp4
departed, https://media.signbsl.com/videos/asl/startasl/mp4/gone.mp4
departer, https://media.signbsl.com/videos/asl/youtube/mp4/4jAekn0iqNQ.mp4
department, https://media.signbsl.com/videos/asl/aslsignbank/mp4/DEPARTMENT-737.mp4
departmentalise, https://media.signbsl.com/videos/asl/youtube/mp4/fszY3X_2ZwU.mp4
department store, https://player.vimeo.com/external/391932948.sd.mp4?s=cebf3fa0e1872f8041e8450faec87dd48a1177cf&profile_id=164
departure, https://media.signbsl.com/videos/asl/signlanguagestudent/mp4/going.mp4
departure time, https://player.vimeo.com/external/391933046.sd.mp4?s=7de846465428e6f086edff33db00547acef1ebf2&profile_id=164
depend, https://media.signbsl.com/videos/asl/aslsearch/mp4/depend.mp4
dependability, https://media.signbsl.com/videos/asl/youtube/mp4/oiW_fvd1cbE.mp4
dependableness, https://media.signbsl.com/videos/asl/youtube/mp4/oiW_fvd1cbE.mp4
dependant, https://media.signbsl.com/videos/asl/startasl/mp4/dependent.mp4
dependant on, https://media.signbsl.com/videos/asl/philosophy/mp4/Contingent-HD.mp4
dependence, https://media.signbsl.com/videos/asl/aslsearch/mp4/addiction.mp4
dependency, https://media.signbsl.com/videos/asl/aslsearch/mp4/addiction.mp4
dependent, https://media.signbsl.com/videos/asl/startasl/mp4/dependent.mp4
dependent clause, https://media.signbsl.com/videos/asl/elementalaslconcepts/mp4/dependent_clause.mp4
dependent events, https://media.signbsl.com/videos/asl/tsdvideo/mp4/1294.mp4
dependent on, https://media.signbsl.com/videos/asl/philosophy/mp4/Contingent-HD.mp4
dependent variable, https://media.signbsl.com/videos/asl/elementalaslconcepts/mp4/dependent_variable.mp4
depending on, https://media.signbsl.com/videos/asl/philosophy/mp4/Contingent-HD.mp4
depend on, https://media.signbsl.com/videos/asl/youtube/mp4/YcJ87dqo6TQ.mp4
depend upon, https://media.signbsl.com/videos/asl/youtube/mp4/YcJ87dqo6TQ.mp4
depersonalise, https://media.signbsl.com/videos/asl/youtube/mp4/jfT-kyBO6V8.mp4
depersonalize, https://media.signbsl.com/videos/asl/youtube/mp4/jfT-kyBO6V8.mp4
depict, https://media.signbsl.com/videos/asl/aslsearch/mp4/describe.mp4
depicting sign hand configuration, https://media.signbsl.com/videos/asl/aslsignbank/mp4/DS-1944.mp4
depilator, https://media.signbsl.com/videos/asl/youtube/mp4/IeyL4BxcksQ.mp4
depilatories, https://media.signbsl.com/videos/asl/youtube/mp4/IeyL4BxcksQ.mp4
depilatory, https://media.signbsl.com/videos/asl/youtube/mp4/IeyL4BxcksQ.mp4
deplane, https://media.signbsl.com/videos/asl/youtube/mp4/YQhN2efmZKU.mp4
deplete, https://media.signbsl.com/videos/asl/aslsearch/mp4/use-up.mp4
depleted, https://media.signbsl.com/videos/asl/aslsearch/mp4/deplete.mp4
deplorable, https://media.signbsl.com/videos/asl/youtube/mp4/OhW1JxbNX8Y.mp4
deplore, https://media.signbsl.com/videos/asl/youtube/mp4/7JyZ5NVkd5Y.mp4
deploy, https://media.signbsl.com/videos/asl/youtube/mp4/79qyvBClI0U.mp4
deployment, https://media.signbsl.com/videos/asl/youtube/mp4/79qyvBClI0U.mp4
deploy use something, https://media.signbsl.com/videos/asl/youtube/mp4/Hd6jlFwtgF4.mp4
depolarise, https://media.signbsl.com/videos/asl/youtube/mp4/ObO5f6jGYYw.mp4
depolarize, https://media.signbsl.com/videos/asl/youtube/mp4/ObO5f6jGYYw.mp4
depoliticise, https://media.signbsl.com/videos/asl/youtube/mp4/UgVzw8i0gaU.mp4
depolymerization, https://media.signbsl.com/videos/asl/youtube/mp4/Do46OB0au78.mp4
deponent, https://media.signbsl.com/videos/asl/youtube/mp4/ylIUD-wprig.mp4
depopulate, https://media.signbsl.com/videos/asl/youtube/mp4/PCrRB6-CntI.mp4
deport, https://player.vimeo.com/external/391933133.sd.mp4?s=b9ea7aa8d1b69a4763f25a9d2974efe8e0f75f66&profile_id=164
deportee, https://media.signbsl.com/videos/asl/youtube/mp4/IqPjTiDaBbg.mp4
deportment, https://media.signbsl.com/videos/asl/youtube/mp4/qJDOcL0FBrQ.mp4
deposit, https://media.signbsl.com/videos/asl/aslsearch/mp4/sediment.mp4
deposition, https://media.signbsl.com/videos/asl/youtube/mp4/Uw-ZTWYRzkA.mp4
depositor, https://media.signbsl.com/videos/asl/youtube/mp4/OIHxwIMDnXA.mp4
depository, https://media.signbsl.com/videos/asl/youtube/mp4/DNY7ecoP110.mp4
depository financial institution, https://media.signbsl.com/videos/asl/youtube/mp4/YxlgxRkyOts.mp4
deposit slip, https://player.vimeo.com/external/391933154.sd.mp4?s=053fa9e2e35f0b2488dfbd88af2d2667de3a07ae&profile_id=164
depot, https://media.signbsl.com/videos/asl/youtube/mp4/QEyuraKCojQ.mp4
deprave, https://media.signbsl.com/videos/asl/youtube/mp4/C-3vwdlF-Bk.mp4
depraved, https://media.signbsl.com/videos/asl/youtube/mp4/wHF65ZbvBAw.mp4
depravity, https://media.signbsl.com/videos/asl/valleybible/mp4/depravity.mp4
deprecate, https://media.signbsl.com/videos/asl/youtube/mp4/nD-sUNfa9ns.mp4
depreciate, https://media.signbsl.com/videos/asl/youtube/mp4/nD-sUNfa9ns.mp4
depreciation, https://media.signbsl.com/videos/asl/aslsearch/mp4/depreciation.mp4
depreciator, https://media.signbsl.com/videos/asl/youtube/mp4/_G5pWdlEL1E.mp4
depredation, https://media.signbsl.com/videos/asl/youtube/mp4/eBu3bJB2EIE.mp4
depress, https://media.signbsl.com/videos/asl/aslsearch/mp4/depress.mp4
depressant, https://media.signbsl.com/videos/asl/youtube/mp4/Asrb1UOeap8.mp4
depressed, https://media.signbsl.com/videos/asl/startasl/mp4/depressed.mp4
depressed polynomial, https://media.signbsl.com/videos/asl/youtube/mp4/Ai0yMEF9Jok.mp4
depressing, https://media.signbsl.com/videos/asl/youtube/mp4/AEcKE4GQhBs.mp4
depression, https://media.signbsl.com/videos/asl/startasl/mp4/depressed.mp4
depressurise, https://media.signbsl.com/videos/asl/youtube/mp4/lk9DearUaLM.mp4
depressurize, https://media.signbsl.com/videos/asl/youtube/mp4/lk9DearUaLM.mp4
deprivation, https://media.signbsl.com/videos/asl/youtube/mp4/l39pG61DYCk.mp4
deprive, https://media.signbsl.com/videos/asl/aslsearch/mp4/strip.mp4
deprived, https://media.signbsl.com/videos/asl/youtube/mp4/jm9_yq28uac.mp4
deprogram, https://media.signbsl.com/videos/asl/youtube/mp4/UJv5coMUTbg.mp4
depth, https://media.signbsl.com/videos/asl/aslsearch/mp4/depth.mp4
deputation, https://media.signbsl.com/videos/asl/youtube/mp4/zO1B_n_LkIU.mp4
depute, https://media.signbsl.com/videos/asl/aslsignbank/mp4/ASSIGN-2076.mp4
deputies, https://media.signbsl.com/videos/asl/youtube/mp4/4Rg_tzDiYso.mp4
deputy, https://media.signbsl.com/videos/asl/youtube/mp4/4Rg_tzDiYso.mp4
deputy sheriff, https://media.signbsl.com/videos/asl/youtube/mp4/4Rg_tzDiYso.mp4
deracinate, https://media.signbsl.com/videos/asl/youtube/mp4/6nrf7gq946s.mp4
derail, https://player.vimeo.com/external/391933239.sd.mp4?s=6977ef8180f11a51fd1ab6598e201d488a30bead&profile_id=164
deranged, https://player.vimeo.com/external/391933283.sd.mp4?s=e72f0f9da757f0a3ff9d3e6eeab2016b8da825ba&profile_id=164
derby, https://media.signbsl.com/videos/asl/youtube/mp4/LuaKLSYVUn8.mp4
deregulate, https://media.signbsl.com/videos/asl/youtube/mp4/Yto5f-yJRa8.mp4
derelict, https://player.vimeo.com/external/391933323.sd.mp4?s=2f394f975281a9d444f1801dd0136d5e578f64ba&profile_id=164
Der Fuhrer, https://player.vimeo.com/external/392178150.sd.mp4?s=41895ffce02f04b101402e5f0abf1e42587a5ac3&profile_id=164
deride, https://media.signbsl.com/videos/asl/youtube/mp4/kiwpbozCEuo.mp4
derision, https://media.signbsl.com/videos/asl/youtube/mp4/qX0GlhkYmNM.mp4
derisory, https://media.signbsl.com/videos/asl/youtube/mp4/QAG-10YBpdY.mp4
derivation, https://media.signbsl.com/videos/asl/tsdvideo/mp4/1370.mp4
derivative, https://media.signbsl.com/videos/asl/AustinCommunityCollege/mp4/auto_differential_.mp4
derive, https://media.signbsl.com/videos/asl/elementalaslconcepts/mp4/infer.mp4
derived function, https://media.signbsl.com/videos/asl/AustinCommunityCollege/mp4/auto_differential_.mp4
deriving, https://media.signbsl.com/videos/asl/tsdvideo/mp4/1370.mp4
dermal, https://media.signbsl.com/videos/asl/youtube/mp4/x2VE4TrR4HY.mp4
dermatitis, https://media.signbsl.com/videos/asl/youtube/mp4/R1SiIRBStAY.mp4
dermatologic, https://media.signbsl.com/videos/asl/youtube/mp4/3P7RpM9_h8c.mp4
dermatological, https://media.signbsl.com/videos/asl/youtube/mp4/3P7RpM9_h8c.mp4
dermatologist, https://player.vimeo.com/external/391933385.sd.mp4?s=cbd967b1078dd12c4c4f642b0da9d9254d9c5eaf&profile_id=164
dermic, https://media.signbsl.com/videos/asl/youtube/mp4/x2VE4TrR4HY.mp4
derogate, https://media.signbsl.com/videos/asl/aslsearch/mp4/belittle.mp4
derriere, https://media.signbsl.com/videos/asl/youtube/mp4/k4acAbNtqrg.mp4
desalinate, https://media.signbsl.com/videos/asl/youtube/mp4/fTDr63PzOFs.mp4
desalination, https://media.signbsl.com/videos/asl/youtube/mp4/Gbzik42-GI0.mp4
desalinisation, https://media.signbsl.com/videos/asl/youtube/mp4/Gbzik42-GI0.mp4
desalinise, https://media.signbsl.com/videos/asl/youtube/mp4/fTDr63PzOFs.mp4
desalinization, https://media.signbsl.com/videos/asl/youtube/mp4/Gbzik42-GI0.mp4
desalinize, https://media.signbsl.com/videos/asl/youtube/mp4/fTDr63PzOFs.mp4
desalt, https://media.signbsl.com/videos/asl/youtube/mp4/fTDr63PzOFs.mp4
descale, https://media.signbsl.com/videos/asl/youtube/mp4/yWJzg8Jk28U.mp4
descant, https://media.signbsl.com/videos/asl/youtube/mp4/ioxdg50uM4g.mp4
Descartes, https://media.signbsl.com/videos/asl/philosophy/mp4/Descartes-HD.mp4
descend, https://media.signbsl.com/videos/asl/signlanguagestudent/mp4/descend.mp4
descendant, https://media.signbsl.com/videos/asl/signlanguagestudent/mp4/descendant.mp4
Descendants Posterity, https://media.signbsl.com/videos/asl/ids/mp4/2013-11-1250-descendants-posterity-1500k-ase.mp4
descendent, https://media.signbsl.com/videos/asl/signlanguagestudent/mp4/descendant.mp4
descent, https://media.signbsl.com/videos/asl/youtube/mp4/5_Jwyq1jWKE.mp4
describable, https://media.signbsl.com/videos/asl/youtube/mp4/5zAw0PQUD9g.mp4
describe, https://media.signbsl.com/videos/asl/aslsearch/mp4/describe.mp4
described, https://media.signbsl.com/videos/asl/signlanguagestudent/mp4/described.mp4
described initialized, https://media.signbsl.com/videos/asl/signlanguagestudent/mp4/described%20(initialized).mp4
descried, https://media.signbsl.com/videos/asl/youtube/mp4/ezEjvQUlh34.mp4
descriptive, https://media.signbsl.com/videos/asl/elementalaslconcepts/mp4/descriptive.mp4
descriptor, https://media.signbsl.com/videos/asl/tsdvideo/mp4/526.mp4
desecrate, https://media.signbsl.com/videos/asl/youtube/mp4/RM_hTO0KVeI.mp4
desegrated, https://media.signbsl.com/videos/asl/youtube/mp4/AqdyGi6dlxs.mp4
desegregate, https://media.signbsl.com/videos/asl/youtube/mp4/LVbt-0occGQ.mp4
deselect, https://media.signbsl.com/videos/asl/youtube/mp4/n7m-OhQRRHc.mp4
desensitise, https://player.vimeo.com/external/391933474.sd.mp4?s=948d2cf1c43f5d21538dc03bb513c868ae3d1212&profile_id=164
desensitize, https://player.vimeo.com/external/391933474.sd.mp4?s=948d2cf1c43f5d21538dc03bb513c868ae3d1212&profile_id=164
desert, https://media.signbsl.com/videos/asl/startasl/mp4/desert.mp4
deserted, https://media.signbsl.com/videos/asl/youtube/mp4/ke3jMH-EEXw.mp4
deserter, https://media.signbsl.com/videos/asl/youtube/mp4/AIINMoIv-OA.mp4
desertification, https://media.signbsl.com/videos/asl/youtube/mp4/nXxCACIpmKM.mp4
deserve, https://media.signbsl.com/videos/asl/aslsignbank/mp4/VALUE-1370.mp4
desex, https://media.signbsl.com/videos/asl/youtube/mp4/Axbc8ruWqG0.mp4
desexualise, https://media.signbsl.com/videos/asl/youtube/mp4/cxA6OFdUrM8.mp4
desexualize, https://media.signbsl.com/videos/asl/youtube/mp4/cxA6OFdUrM8.mp4
deshabille not, https://media.signbsl.com/videos/asl/youtube/mp4/zBzZsv5m6hg.mp4
desiccate, https://media.signbsl.com/videos/asl/aslsignbank/mp4/DESERT-685.mp4
desiccated, https://media.signbsl.com/videos/asl/aslsignbank/mp4/DESERT-685.mp4
desiccation, https://player.vimeo.com/external/391931055.sd.mp4?s=f40419fda959c2788525468248a906a4980a6e0f&profile_id=164
desiderata, https://media.signbsl.com/videos/asl/youtube/mp4/A3rrOl3eu2I.mp4
design, https://media.signbsl.com/videos/asl/aslsignbank/mp4/GOAL-854.mp4
designate, https://media.signbsl.com/videos/asl/aslsignbank/mp4/ASSIGN-2076.mp4
designation, https://media.signbsl.com/videos/asl/aslsignbank/mp4/IDENTIFY-2238.mp4
designer, https://media.signbsl.com/videos/asl/startasl/mp4/architect.mp4
designing, https://media.signbsl.com/videos/asl/aslsignbank/mp4/DESIGN-561.mp4
design initialized, https://media.signbsl.com/videos/asl/signlanguagestudent/mp4/design%20(initialized).mp4
desirability, https://media.signbsl.com/videos/asl/youtube/mp4/nqZ0oz1cQbo.mp4
desirableness, https://media.signbsl.com/videos/asl/youtube/mp4/nqZ0oz1cQbo.mp4
desire, https://media.signbsl.com/videos/asl/aslsignbank/mp4/DESIRE-488.mp4
desist, https://player.vimeo.com/external/392766087.sd.mp4?s=ffd7cae66198b0f7424b436e19892e0fabc5439c&profile_id=164
desk, https://media.signbsl.com/videos/asl/startasl/mp4/desk.mp4
desktop, https://media.signbsl.com/videos/asl/youtube/mp4/DJ-xZHvbaiI.mp4
desolate, https://media.signbsl.com/videos/asl/valleybible/mp4/forsake.mp4
desoxyribonucleic acid, https://media.signbsl.com/videos/asl/youtube/mp4/qXM2qT8u5kY.mp4
despair, https://media.signbsl.com/videos/asl/aslsearch/mp4/despair.mp4
despairing, https://media.signbsl.com/videos/asl/youtube/mp4/Halsp3e46ik.mp4
despatch, https://player.vimeo.com/external/391984369.sd.mp4?s=b3d777c9d1768b12ef79db34d8a81a3f1b4dc082&profile_id=164
despatcher, https://media.signbsl.com/videos/asl/youtube/mp4/uDI2ISytovA.mp4
desperado, https://media.signbsl.com/videos/asl/youtube/mp4/CEd7bS2ka5U.mp4
desperate, https://media.signbsl.com/videos/asl/youtube/mp4/Halsp3e46ik.mp4
desperate criminal, https://media.signbsl.com/videos/asl/youtube/mp4/CEd7bS2ka5U.mp4
desperation, https://media.signbsl.com/videos/asl/aslsearch/mp4/despair.mp4
despicable, https://media.signbsl.com/videos/asl/youtube/mp4/Ytbtl9nicm4.mp4
de Spinoza, https://media.signbsl.com/videos/asl/philosophy/mp4/Spinoza-HD.mp4
despise, https://media.signbsl.com/videos/asl/aslsearch/mp4/despise.mp4
despite, https://media.signbsl.com/videos/asl/aslsearch/mp4/contempt.mp4
despoil, https://media.signbsl.com/videos/asl/youtube/mp4/QJs6kbs_QFE.mp4
despoiler, https://media.signbsl.com/videos/asl/youtube/mp4/AsARS28zh9s.mp4
despondence, https://media.signbsl.com/videos/asl/youtube/mp4/tzSPT1fbTac.mp4
despondency, https://media.signbsl.com/videos/asl/youtube/mp4/tzSPT1fbTac.mp4
despondent, https://player.vimeo.com/external/391933698.sd.mp4?s=85f4017bef080c4d02038a68a4778a1bf76225f5&profile_id=164
despot, https://media.signbsl.com/videos/asl/youtube/mp4/g2_csX-dNFQ.mp4
despotic, https://media.signbsl.com/videos/asl/youtube/mp4/ybP0xK-11Qc.mp4
despotism, https://player.vimeo.com/external/392541606.sd.mp4?s=1b3a2da28dbc0126def9f3efaab34660701135c4&profile_id=164
dessert, https://media.signbsl.com/videos/asl/aslsignbank/mp4/PIE-SLICE-900.mp4
dessertspoon, https://media.signbsl.com/videos/asl/youtube/mp4/vptRUoutL2M.mp4
dessertspoonful, https://media.signbsl.com/videos/asl/youtube/mp4/vptRUoutL2M.mp4
destination, https://media.signbsl.com/videos/asl/youtube/mp4/RP5Hy5ihdVA.mp4
destine, https://media.signbsl.com/videos/asl/youtube/mp4/QnSyLRKmgLQ.mp4
destinies, https://media.signbsl.com/videos/asl/aslsearch/mp4/luck.mp4
destiny, https://media.signbsl.com/videos/asl/aslsearch/mp4/luck.mp4
destroy, https://media.signbsl.com/videos/asl/aslsearch/mp4/destroy.mp4
Destroy Destruction, https://media.signbsl.com/videos/asl/ids/mp4/2013-11-1260-destroy-destruction-1500k-ase.mp4
destroyer, https://media.signbsl.com/videos/asl/youtube/mp4/7sL9AHHV82o.mp4
destruct, https://media.signbsl.com/videos/asl/aslsearch/mp4/destroy.mp4
destructibility, https://media.signbsl.com/videos/asl/youtube/mp4/vtFdnpXFJJE.mp4
desultorily, https://media.signbsl.com/videos/asl/youtube/mp4/xY3qTGui_UY.mp4
detach, https://media.signbsl.com/videos/asl/aslsearch/mp4/detach.mp4
detachable, https://media.signbsl.com/videos/asl/youtube/mp4/8y71ulFvBxA.mp4
detached, https://media.signbsl.com/videos/asl/youtube/mp4/rRDZeveZ_vY.mp4
detached garage, https://player.vimeo.com/external/391966205.sd.mp4?s=403a1d1869c1e8c509f7cc2cb9d1d2b18d14c2fb&profile_id=164
detachment, https://media.signbsl.com/videos/asl/youtube/mp4/qkA99OGjcfg.mp4
detail, https://media.signbsl.com/videos/asl/aslsignbank/mp4/EXACT-810.mp4
details, https://media.signbsl.com/videos/asl/elementalaslconcepts/mp4/details.mp4
detain, https://media.signbsl.com/videos/asl/aslsignbank/mp4/EXTEND-2971.mp4
detainee, https://media.signbsl.com/videos/asl/youtube/mp4/EU5fIrBU-MI.mp4
detect, https://media.signbsl.com/videos/asl/aslsignbank/mp4/GLIMPSE-2150.mp4
detectable, https://media.signbsl.com/videos/asl/youtube/mp4/zQSNxScQvpY.mp4
detective, https://media.signbsl.com/videos/asl/ids/mp4/2013-11-2480-investigator-1500k-ase.mp4
detector, https://media.signbsl.com/videos/asl/AustinCommunityCollege/mp4/auto_sensor_.mp4
detente, https://media.signbsl.com/videos/asl/youtube/mp4/QqB4Qme2pKE.mp4
detention, https://player.vimeo.com/external/391915275.sd.mp4?s=5f0fff517ac017786906a76d157e1e773496e4a8&profile_id=164
deter, https://media.signbsl.com/videos/asl/youtube/mp4/Sm8ZnJjmSxc.mp4
detergent, https://media.signbsl.com/videos/asl/youtube/mp4/BalVc6d_RnM.mp4
detergent builder, https://media.signbsl.com/videos/asl/youtube/mp4/Xuat9gHOdHs.mp4
deteriorate, https://media.signbsl.com/videos/asl/aslsearch/mp4/deteriorate.mp4
determinant, https://media.signbsl.com/videos/asl/youtube/mp4/Mz-DoZIBLvo.mp4
determination, https://media.signbsl.com/videos/asl/signlanguagestudent/mp4/decision.mp4
determinative, https://media.signbsl.com/videos/asl/youtube/mp4/Mz-DoZIBLvo.mp4
determine, https://media.signbsl.com/videos/asl/startasl/mp4/decide.mp4
determined, https://media.signbsl.com/videos/asl/aslsignbank/mp4/STUBBORN-1136.mp4
determine decide, https://player.vimeo.com/external/391966477.sd.mp4?s=4a80923a2e16a598893ddadabe4b901ea4bba280&profile_id=164
determinedmore determinedmost determined determined to succeed, https://media.signbsl.com/videos/asl/youtube/mp4/G9I_Dx8WBB4.mp4
determine fix, https://player.vimeo.com/external/391966566.sd.mp4?s=4d3f3ae0f45a1475cbbc09e1733f3a99e056874c&profile_id=164
determine identify, https://player.vimeo.com/external/391966615.sd.mp4?s=89e3f27ca59397c38df75969fe4ef38d18909c02&profile_id=164
determiner, https://media.signbsl.com/videos/asl/youtube/mp4/Mz-DoZIBLvo.mp4
determining factor, https://media.signbsl.com/videos/asl/youtube/mp4/Mz-DoZIBLvo.mp4
determinism, https://media.signbsl.com/videos/asl/philosophy/mp4/Determinism-HD.mp4
determinist, https://media.signbsl.com/videos/asl/youtube/mp4/E2jFWjNHt5g.mp4
deterrence, https://media.signbsl.com/videos/asl/youtube/mp4/d97fxoEOmTo.mp4
detest, https://media.signbsl.com/videos/asl/aslsignbank/mp4/HATE-1780.mp4
detestable, https://player.vimeo.com/external/391145557.sd.mp4?s=eb50b886119c7534a3fb5ecaceabb8084956620b&profile_id=164
dethaw, https://media.signbsl.com/videos/asl/youtube/mp4/ycYcIOC2YIQ.mp4
dethrone, https://media.signbsl.com/videos/asl/youtube/mp4/uTUh7hCjVJk.mp4
detonate, https://media.signbsl.com/videos/asl/youtube/mp4/A-dRiZEd7qA.mp4
detonating device, https://media.signbsl.com/videos/asl/youtube/mp4/GtOerZ6ZosI.mp4
detonation, https://media.signbsl.com/videos/asl/aslsearch/mp4/explosion.mp4
detonator, https://media.signbsl.com/videos/asl/youtube/mp4/GtOerZ6ZosI.mp4
detour, https://player.vimeo.com/external/391966732.sd.mp4?s=03c2bdfbcb9ceb5dc37d2adb1ca5d24b55e06311&profile_id=164
detox, https://media.signbsl.com/videos/asl/youtube/mp4/Ej0L2ZgbMD4.mp4
detractor, https://media.signbsl.com/videos/asl/youtube/mp4/_G5pWdlEL1E.mp4
detriment, https://media.signbsl.com/videos/asl/youtube/mp4/krS41G_ce5A.mp4
detrimental, https://media.signbsl.com/videos/asl/youtube/mp4/DNa7BM-Vd3E.mp4
detritus, https://media.signbsl.com/videos/asl/aslsearch/mp4/debris.mp4
Detroit, https://media.signbsl.com/videos/asl/youtube/mp4/cZF1vHeQUTw.mp4
detusk, https://media.signbsl.com/videos/asl/aslsearch/mp4/tusk.mp4
deuce, https://media.signbsl.com/videos/asl/youtube/mp4/WEfnptBcmFU.mp4
deuce ace, https://media.signbsl.com/videos/asl/aslsearch/mp4/triplets2.mp4
deuced, https://media.signbsl.com/videos/asl/youtube/mp4/y1TUF09lTTk.mp4
deuces, https://media.signbsl.com/videos/asl/youtube/mp4/h4Ak6XDB7gM.mp4
Deutschland, https://media.signbsl.com/videos/asl/startasl/mp4/germany.mp4
devaluate, https://media.signbsl.com/videos/asl/youtube/mp4/9aux6N_JYuw.mp4
devaluation, https://media.signbsl.com/videos/asl/youtube/mp4/g-Q-DtadMCM.mp4
devalue, https://media.signbsl.com/videos/asl/youtube/mp4/9aux6N_JYuw.mp4
devastate, https://media.signbsl.com/videos/asl/youtube/mp4/b9iTPqRcfpQ.mp4
devastated, https://media.signbsl.com/videos/asl/youtube/mp4/9G7Jh2SJkb8.mp4
devastating, https://media.signbsl.com/videos/asl/youtube/mp4/UP-6_TkcD2M.mp4
develop, https://media.signbsl.com/videos/asl/aslsignbank/mp4/DEVELOP-1251.mp4
developed, https://media.signbsl.com/videos/asl/signlanguagestudent/mp4/developed.mp4
developed initialized, https://media.signbsl.com/videos/asl/signlanguagestudent/mp4/developed%20(initialized).mp4
developer, https://media.signbsl.com/videos/asl/youtube/mp4/wtqnvYbdLI4.mp4
developing, https://media.signbsl.com/videos/asl/youtube/mp4/crJ5KAoc3zI.mp4
develop initialized, https://media.signbsl.com/videos/asl/signlanguagestudent/mp4/develop%20(initialized).mp4
development, https://media.signbsl.com/videos/asl/aslsearch/mp4/development.mp4
devia, https://player.vimeo.com/external/391917159.sd.mp4?s=42465832d64f9d56913b11d29f340b5aa03ba07b&profile_id=164
deviance, https://media.signbsl.com/videos/asl/youtube/mp4/MoOu6Vvjgf4.mp4
deviant, https://media.signbsl.com/videos/asl/youtube/mp4/ZrjrDPCeEho.mp4
deviate, https://media.signbsl.com/videos/asl/aslsignbank/mp4/DEPART-286.mp4
device, https://media.signbsl.com/videos/asl/mariekatzenbachschool/mp4/device.mp4
devil, https://media.signbsl.com/videos/asl/aslsignbank/mp4/BOTHER-2129.mp4
devil dog, https://media.signbsl.com/videos/asl/youtube/mp4/6VHbFTsu9T4.mp4
devilfish, https://media.signbsl.com/videos/asl/aslsearch/mp4/octopus.mp4
devilise, https://media.signbsl.com/videos/asl/youtube/mp4/9Xd5NRLHhhE.mp4
devilize, https://media.signbsl.com/videos/asl/youtube/mp4/9Xd5NRLHhhE.mp4
devil may care, https://media.signbsl.com/videos/asl/youtube/mp4/OuhdZ569Kak.mp4
devilment, https://media.signbsl.com/videos/asl/youtube/mp4/WMntYWP2Pgw.mp4
devilry, https://media.signbsl.com/videos/asl/youtube/mp4/WMntYWP2Pgw.mp4
devils darning needle, https://media.signbsl.com/videos/asl/thefamilyvocab/mp4/dragonfly.mp4
deviltry, https://media.signbsl.com/videos/asl/youtube/mp4/WMntYWP2Pgw.mp4
devious, https://media.signbsl.com/videos/asl/youtube/mp4/ht-bM10EyfE.mp4
devise, https://media.signbsl.com/videos/asl/aslsearch/mp4/invent.mp4
devitalise, https://media.signbsl.com/videos/asl/youtube/mp4/GPudNyDOX_g.mp4
devitalize, https://media.signbsl.com/videos/asl/youtube/mp4/GPudNyDOX_g.mp4
devoid, https://media.signbsl.com/videos/asl/youtube/mp4/VnyBsQAWsEQ.mp4
devolution, https://media.signbsl.com/videos/asl/youtube/mp4/C7b1OBqPXx0.mp4
devolve, https://media.signbsl.com/videos/asl/youtube/mp4/Z2SF_-ctYLw.mp4
devolvement, https://media.signbsl.com/videos/asl/youtube/mp4/C7b1OBqPXx0.mp4
devolve on, https://media.signbsl.com/videos/asl/youtube/mp4/YcJ87dqo6TQ.mp4
devote, https://media.signbsl.com/videos/asl/aslsearch/mp4/dedicate.mp4
devoted, https://media.signbsl.com/videos/asl/valleybible/mp4/devoted.mp4
devotedness, https://media.signbsl.com/videos/asl/aslsearch/mp4/devotion.mp4
devoted to a person, https://media.signbsl.com/videos/asl/youtube/mp4/Q0F11HlhJQc.mp4
devoted to god, https://media.signbsl.com/videos/asl/valleybible/mp4/devoted.mp4
devotee, https://media.signbsl.com/videos/asl/youtube/mp4/froIXi71WMs.mp4
devotion, https://media.signbsl.com/videos/asl/aslsearch/mp4/devotion.mp4
devotional life, https://media.signbsl.com/videos/asl/valleybible/mp4/devotional%20life.mp4
devour, https://media.signbsl.com/videos/asl/aslsignbank/mp4/CONSUME-1133.mp4
devout, https://player.vimeo.com/external/392172247.sd.mp4?s=e0fc6dc40234272f3e9532511ccd86f7ca8633d8&profile_id=164
dew, https://media.signbsl.com/videos/asl/aslsearch/mp4/dew.mp4
dewdrop, https://media.signbsl.com/videos/asl/youtube/mp4/ZeflN8oYjr4.mp4
dewiness, https://media.signbsl.com/videos/asl/youtube/mp4/05yh04g3fyE.mp4
dew point, https://media.signbsl.com/videos/asl/youtube/mp4/l7d0-zSzneQ.mp4
dexterity, https://media.signbsl.com/videos/asl/youtube/mp4/sQwhJkatB9w.mp4
dexterous, https://media.signbsl.com/videos/asl/youtube/mp4/Dlk7Ge3Vjko.mp4
dextroglucose, https://media.signbsl.com/videos/asl/youtube/mp4/m3Bw9a4WqQM.mp4
dextrorotary, https://media.signbsl.com/videos/asl/youtube/mp4/hzTwC4usxl8.mp4
dextrorotatory, https://media.signbsl.com/videos/asl/youtube/mp4/hzTwC4usxl8.mp4
dextrose, https://media.signbsl.com/videos/asl/youtube/mp4/m3Bw9a4WqQM.mp4
dextrous, https://media.signbsl.com/videos/asl/youtube/mp4/Dlk7Ge3Vjko.mp4
diabetes, https://media.signbsl.com/videos/asl/aslsearch/mp4/diabetes.mp4
diabolic, https://media.signbsl.com/videos/asl/youtube/mp4/qLpYTL83C4w.mp4
diabolical, https://media.signbsl.com/videos/asl/youtube/mp4/qLpYTL83C4w.mp4
diabolise, https://media.signbsl.com/videos/asl/youtube/mp4/9Xd5NRLHhhE.mp4
diabolize, https://media.signbsl.com/videos/asl/youtube/mp4/9Xd5NRLHhhE.mp4
diacritical slant, https://media.signbsl.com/videos/asl/youtube/mp4/ixauIAEhH-o.mp4
diadem, https://media.signbsl.com/videos/asl/signlanguagestudent/mp4/crown.mp4
diagnose, https://media.signbsl.com/videos/asl/aslsearch/mp4/diagnose.mp4
diagnosing, https://media.signbsl.com/videos/asl/deaftec/mp4/1367.mp4
diagnosis, https://media.signbsl.com/videos/asl/deaftec/mp4/1367.mp4
diagnostic, https://media.signbsl.com/videos/asl/youtube/mp4/V7qaGWDjwII.mp4
diagnostician, https://media.signbsl.com/videos/asl/youtube/mp4/OorEZI0zNrk.mp4
diagnostics dx, https://media.signbsl.com/videos/asl/AustinCommunityCollege/mp4/auto_diagnostics_.mp4
diagonal, https://media.signbsl.com/videos/asl/tsdvideo/mp4/331.mp4
diagram, https://media.signbsl.com/videos/asl/elementalaslconcepts/mp4/diagram.mp4
dial, https://player.vimeo.com/external/391967571.sd.mp4?s=a228f2ff0fabc1b60413f73ae553247b3fec0916&profile_id=164
dialect, https://media.signbsl.com/videos/asl/youtube/mp4/pG87XNhXBfE.mp4
dialectic, https://media.signbsl.com/videos/asl/youtube/mp4/7_6Wmvp9bZk.mp4
dial in, https://media.signbsl.com/videos/asl/youtube/mp4/kNIfbi2Gb7I.mp4
dialog, https://media.signbsl.com/videos/asl/elementalaslconcepts/mp4/dialogue.mp4
dialogue, https://media.signbsl.com/videos/asl/elementalaslconcepts/mp4/dialogue.mp4
dial phone, https://player.vimeo.com/external/391967422.sd.mp4?s=8ab73235a9c46b434fe6cbdcaffc5e2d71944fb4&profile_id=164
dial telephone, https://player.vimeo.com/external/391967422.sd.mp4?s=8ab73235a9c46b434fe6cbdcaffc5e2d71944fb4&profile_id=164
dial up internet connection, https://player.vimeo.com/external/391967485.sd.mp4?s=4aea97ac409ef05476b9784375d5005b43400805&profile_id=164
dialyses, https://media.signbsl.com/videos/asl/youtube/mp4/w_75o4DK-yY.mp4
diam, https://media.signbsl.com/videos/asl/tsdvideo/mp4/534.mp4
diameter, https://media.signbsl.com/videos/asl/tsdvideo/mp4/534.mp4
diametrical opposition, https://media.signbsl.com/videos/asl/youtube/mp4/ZG7eddC7kC0.mp4
diamond, https://media.signbsl.com/videos/asl/aslsignbank/mp4/DIAMOND-717.mp4
diamond shap, https://player.vimeo.com/external/378989866.sd.mp4?s=4ec2335b54d3e867fa7317bb3d2413c28a3d1b46&profile_id=164&oauth2_token_id=1269733722
diamond shaped, https://player.vimeo.com/external/391967775.sd.mp4?s=057fecbd2f70ae7e8b12372908e60b0d6c4cbe0a&profile_id=164
Diana, https://player.vimeo.com/external/392419715.sd.mp4?s=aa67c0058c8dab5967712c5ea4ad5891e2bf41ae&profile_id=164
diaper, https://media.signbsl.com/videos/asl/startasl/mp4/diaper.mp4
diaper change, https://player.vimeo.com/external/391967917.sd.mp4?s=daad03579a933f827582cdeb4fef2313de2c5cb4&profile_id=164
diaper dirty, https://media.signbsl.com/videos/asl/youtube/mp4/Is-8-IBWfQA.mp4
diaper wet, https://media.signbsl.com/videos/asl/youtube/mp4/JHWlccgfgAU.mp4
diaphragm, https://media.signbsl.com/videos/asl/youtube/mp4/eMMV6IuYrX8.mp4
diaries, https://media.signbsl.com/videos/asl/aslsignbank/mp4/PUBLICATION-2010.mp4
diarrhea, https://media.signbsl.com/videos/asl/startasl/mp4/diarrhea.mp4
diarrhoea, https://media.signbsl.com/videos/asl/startasl/mp4/diarrhea.mp4
diary, https://media.signbsl.com/videos/asl/aslsignbank/mp4/PUBLICATION-2010.mp4
diastole, https://media.signbsl.com/videos/asl/youtube/mp4/PtP0Ji3GJjw.mp4
diathermy, https://media.signbsl.com/videos/asl/youtube/mp4/AJGnyU8sZHI.mp4
diatomic, https://media.signbsl.com/videos/asl/youtube/mp4/jilAS-Qwczs.mp4
diatribe, https://media.signbsl.com/videos/asl/youtube/mp4/ssoc2Ijfq8U.mp4
dice, https://media.signbsl.com/videos/asl/aslsearch/mp4/dice.mp4
dicey, https://media.signbsl.com/videos/asl/youtube/mp4/REWdP-od_zE.mp4
dichotomies, https://media.signbsl.com/videos/asl/youtube/mp4/KYt8EfcfRv4.mp4
dichotomy, https://media.signbsl.com/videos/asl/youtube/mp4/KYt8EfcfRv4.mp4
dichromatic, https://media.signbsl.com/videos/asl/youtube/mp4/ujgqxBpgw4Q.mp4
dick, https://media.signbsl.com/videos/asl/aslsearch/mp4/dick.mp4
dicker, https://media.signbsl.com/videos/asl/youtube/mp4/2aMwhJIIK44.mp4
dickhead, https://media.signbsl.com/videos/asl/aslsearch/mp4/asshole.mp4
dictate, https://media.signbsl.com/videos/asl/aslsignbank/mp4/ORDER-1530.mp4
dictation, https://media.signbsl.com/videos/asl/aslsignbank/mp4/ORDER_2-805.mp4
dictator, https://media.signbsl.com/videos/asl/youtube/mp4/U9p9xDHrrU8.mp4
dictatorial, https://media.signbsl.com/videos/asl/youtube/mp4/ybP0xK-11Qc.mp4
dictatorship, https://player.vimeo.com/external/392541606.sd.mp4?s=1b3a2da28dbc0126def9f3efaab34660701135c4&profile_id=164
diction, https://media.signbsl.com/videos/asl/youtube/mp4/QrJDaf7cGnw.mp4
dictionaries, https://media.signbsl.com/videos/asl/startasl/mp4/dictionary.mp4
dictionary, https://media.signbsl.com/videos/asl/startasl/mp4/dictionary.mp4
did, https://media.signbsl.com/videos/asl/aslsearch/mp4/did.mp4
didactic, https://media.signbsl.com/videos/asl/youtube/mp4/oim06KwBsvA.mp4
didactical, https://media.signbsl.com/videos/asl/youtube/mp4/oim06KwBsvA.mp4
did away with doing away with, https://media.signbsl.com/videos/asl/youtube/mp4/EKUkL4frVRg.mp4
diddle, https://media.signbsl.com/videos/asl/youtube/mp4/uA31P9Lwrqo.mp4
diddle diddle dum, https://media.signbsl.com/videos/asl/youtube/mp4/RtVjd0Ppn1w.mp4
didn't matter, https://media.signbsl.com/videos/asl/youtube/mp4/ExFB8zQbxw4.mp4
didnn++t, NA
did not know, https://media.signbsl.com/videos/asl/youtube/mp4/MIKlZpUTaUk.mp4
didnt matter, https://media.signbsl.com/videos/asl/youtube/mp4/ExFB8zQbxw4.mp4
didnt want, https://media.signbsl.com/videos/asl/youtube/mp4/2UC6cJpjQqc.mp4
did you ever, https://media.signbsl.com/videos/asl/youtube/mp4/JPvSp6jjqso.mp4
die, https://media.signbsl.com/videos/asl/aslsignbank/mp4/BREAK-420.mp4
die away, https://media.signbsl.com/videos/asl/youtube/mp4/-JsLBvL9Fck.mp4
die cutting, https://player.vimeo.com/external/391968387.sd.mp4?s=5a49cd72579fc0e7b8058704b8465baee1211031&profile_id=164
die down, https://media.signbsl.com/videos/asl/youtube/mp4/Hxe5DDksRW8.mp4
diehard, https://media.signbsl.com/videos/asl/youtube/mp4/ycStW7p0xOM.mp4
dielectric, https://media.signbsl.com/videos/asl/AustinCommunityCollege/mp4/elec_insulator_.mp4
die off, https://media.signbsl.com/videos/asl/youtube/mp4/ohw64CJhr2c.mp4
die out, https://media.signbsl.com/videos/asl/youtube/mp4/ohw64CJhr2c.mp4
diesel, https://media.signbsl.com/videos/asl/youtube/mp4/uOBavzHd6L8.mp4
diesel engine, https://media.signbsl.com/videos/asl/youtube/mp4/uOBavzHd6L8.mp4
diesel motor, https://media.signbsl.com/videos/asl/youtube/mp4/uOBavzHd6L8.mp4
diet, https://media.signbsl.com/videos/asl/aslsearch/mp4/diet.mp4
dietary, https://media.signbsl.com/videos/asl/youtube/mp4/ObdW5FObU6E.mp4
dieter, https://media.signbsl.com/videos/asl/youtube/mp4/GvqLc9eWI9E.mp4
dietetic, https://media.signbsl.com/videos/asl/youtube/mp4/ObdW5FObU6E.mp4
dietetical, https://media.signbsl.com/videos/asl/youtube/mp4/ObdW5FObU6E.mp4
diethyl ether, https://media.signbsl.com/videos/asl/youtube/mp4/RYmM-xeHBeQ.mp4
dietician, https://player.vimeo.com/external/391975683.sd.mp4?s=6fb991422650b69246f58b73aec46ee2909cefdc&profile_id=164
dietitian, https://player.vimeo.com/external/391975683.sd.mp4?s=6fb991422650b69246f58b73aec46ee2909cefdc&profile_id=164
diet pills, https://player.vimeo.com/external/391968559.sd.mp4?s=e6198ea25189bb977848073147624c396d1b4836&profile_id=164
differ, https://media.signbsl.com/videos/asl/startasl/mp4/disagree.mp4
difference, https://media.signbsl.com/videos/asl/signlanguagestudent/mp4/difference.mp4
difference answer, https://media.signbsl.com/videos/asl/elementalaslconcepts/mp4/difference.mp4
difference, https://media.signbsl.com/videos/asl/signlanguagestudent/mp4/difference.mp4
difference answer, https://media.signbsl.com/videos/asl/elementalaslconcepts/mp4/difference.mp4
difference math, https://media.signbsl.com/videos/asl/youtube/mp4/NY-HwREBkZg.mp4
difference of opinion, https://media.signbsl.com/videos/asl/aslsearch/mp4/dispute.mp4
difference of squares, https://media.signbsl.com/videos/asl/youtube/mp4/jr1ahBVlLFc.mp4
different, https://media.signbsl.com/videos/asl/startasl/mp4/different.mp4
differential, https://media.signbsl.com/videos/asl/AustinCommunityCollege/mp4/auto_differential_.mp4
differential coefficient, https://media.signbsl.com/videos/asl/AustinCommunityCollege/mp4/auto_differential_.mp4
differentiate, https://media.signbsl.com/videos/asl/youtube/mp4/RQRYjUrdbTg.mp4
differentiation, https://media.signbsl.com/videos/asl/youtube/mp4/PqiitjTkm14.mp4
different way, https://media.signbsl.com/videos/asl/elementalaslconcepts/mp4/different_way.mp4
difficult, https://media.signbsl.com/videos/asl/startasl/mp4/hard.mp4
difficulty, NA
diffidence, https://media.signbsl.com/videos/asl/youtube/mp4/0316VKnxDgo.mp4
diffident, https://media.signbsl.com/videos/asl/youtube/mp4/HBXfj0ZMbus.mp4
diffract, https://media.signbsl.com/videos/asl/youtube/mp4/D_QGj8gHhfQ.mp4
diffuse, https://media.signbsl.com/videos/asl/aslsearch/mp4/broadcast2.mp4
diffusion, https://media.signbsl.com/videos/asl/youtube/mp4/rebW1EXg_Jk.mp4
dig, https://media.signbsl.com/videos/asl/aslsignbank/mp4/SHOVEL-815.mp4
dig at, https://media.signbsl.com/videos/asl/youtube/mp4/TvEqqISZlwY.mp4
digerati, https://media.signbsl.com/videos/asl/youtube/mp4/ybys29XSfaE.mp4
digest, https://media.signbsl.com/videos/asl/aslsignbank/mp4/PATIENT-250.mp4
digestibility, https://media.signbsl.com/videos/asl/youtube/mp4/5DuwQ0_m2Vs.mp4
digestibleness, https://media.signbsl.com/videos/asl/youtube/mp4/5DuwQ0_m2Vs.mp4
digestion, https://player.vimeo.com/external/391975958.sd.mp4?s=1eb3940d2737daf89e0153ef1f10dc46df656961&profile_id=164
digestive sytem, https://media.signbsl.com/videos/asl/deaftec/mp4/1368.mp4
digger, https://media.signbsl.com/videos/asl/aslsearch/mp4/shovel.mp4
diggings, https://media.signbsl.com/videos/asl/youtube/mp4/k96nCjAUABE.mp4
digging up, https://media.signbsl.com/videos/asl/youtube/mp4/fM7QhVHffLg.mp4
digibet asl writing, https://player.vimeo.com/external/391976009.sd.mp4?s=3f3412f7d2b74de27e500c1a47a53a222dec7b5f&profile_id=164
dig in, https://media.signbsl.com/videos/asl/aslsignbank/mp4/ROLL-UP-SLEEVES-981.mp4
digit, https://media.signbsl.com/videos/asl/tsdvideo/mp4/447.mp4
digital, https://media.signbsl.com/videos/asl/tsdvideo/mp4/113.mp4
digitalis, https://media.signbsl.com/videos/asl/youtube/mp4/LrqiDq--L7s.mp4
digitalise, https://media.signbsl.com/videos/asl/youtube/mp4/we3IPNQ0Gzo.mp4
digitalize, https://media.signbsl.com/videos/asl/youtube/mp4/we3IPNQ0Gzo.mp4
digital scanner, https://media.signbsl.com/videos/asl/mariekatzenbachschool/mp4/scanner.mp4
digital subscriber line, https://media.signbsl.com/videos/asl/deaftec/mp4/966.mp4
digit asl writing, https://player.vimeo.com/external/391976043.sd.mp4?s=939c2eb7a9a70ae85c8c849ec147c5eb418c737d&profile_id=164
digitise, https://media.signbsl.com/videos/asl/youtube/mp4/we3IPNQ0Gzo.mp4
digitize, https://media.signbsl.com/videos/asl/youtube/mp4/we3IPNQ0Gzo.mp4
dignified, https://media.signbsl.com/videos/asl/youtube/mp4/qGw49sboJrU.mp4
dignitaries, https://media.signbsl.com/videos/asl/youtube/mp4/5X19jwvEyLM.mp4
dignitary, https://media.signbsl.com/videos/asl/youtube/mp4/5X19jwvEyLM.mp4
dignities, https://media.signbsl.com/videos/asl/youtube/mp4/lgluJcjK1d0.mp4
dignity, https://media.signbsl.com/videos/asl/youtube/mp4/lgluJcjK1d0.mp4
dig out, https://media.signbsl.com/videos/asl/youtube/mp4/W4A6E0LZzpg.mp4
digress, https://media.signbsl.com/videos/asl/youtube/mp4/JY1ZcIBZF8E.mp4
digs, https://media.signbsl.com/videos/asl/youtube/mp4/k96nCjAUABE.mp4
dig yourself into a hole, https://media.signbsl.com/videos/asl/youtube/mp4/rISnsRwz8xo.mp4
dike, https://media.signbsl.com/videos/asl/aslsearch/mp4/dam.mp4
dilapidated, https://media.signbsl.com/videos/asl/youtube/mp4/rq2xbImkdiE.mp4
dilatation, https://media.signbsl.com/videos/asl/tsdvideo/mp4/535.mp4
dilate, https://media.signbsl.com/videos/asl/aslsignbank/mp4/EXPAND-1349.mp4
dilate eyes, https://media.signbsl.com/videos/asl/aslsearch/mp4/dilate.mp4
dilation, https://media.signbsl.com/videos/asl/tsdvideo/mp4/535.mp4
dilator, https://media.signbsl.com/videos/asl/youtube/mp4/qFbPl6lesBM.mp4
dilatory, https://media.signbsl.com/videos/asl/youtube/mp4/_kInxcfotgg.mp4
dilemma, https://media.signbsl.com/videos/asl/aslsignbank/mp4/DILEMMA-1255.mp4
dilettante, https://media.signbsl.com/videos/asl/youtube/mp4/ZGnAgPzkYZY.mp4
diligence, https://media.signbsl.com/videos/asl/signlanguagestudent/mp4/diligence.mp4
diligent, https://player.vimeo.com/external/391976208.sd.mp4?s=7c4ce4c5603f08120cc640031f61ce77b9e450d4&profile_id=164
Diligent Diligence Enthusiastic Eager, https://media.signbsl.com/videos/asl/ids/mp4/2013-11-1280-diligiant-diligance-enthusiastic-eager-motivated-1500k-ase.mp4
dilly dally, https://media.signbsl.com/videos/asl/signlanguagestudent/mp4/procrastinate.mp4
dillydally, https://media.signbsl.com/videos/asl/signlanguagestudent/mp4/procrastinate.mp4
diluent, https://media.signbsl.com/videos/asl/youtube/mp4/Xx-VmcytUEA.mp4
dilutant, https://media.signbsl.com/videos/asl/youtube/mp4/Xx-VmcytUEA.mp4
dilute, https://player.vimeo.com/external/392481453.sd.mp4?s=73e63fa38bd5184728b61f57bfadb920517f98b6&profile_id=164
dilute solution, https://media.signbsl.com/videos/asl/elementalaslconcepts/mp4/dilute_solution.mp4
dim, https://media.signbsl.com/videos/asl/aslsignbank/mp4/DUMB-604.mp4
dimbulb, https://media.signbsl.com/videos/asl/youtube/mp4/NBqmnbSgczI.mp4
dime, https://media.signbsl.com/videos/asl/tsdvideo/mp4/114.mp4
dimension, https://media.signbsl.com/videos/asl/tsdvideo/mp4/1262.mp4
dimensions, https://media.signbsl.com/videos/asl/tsdvideo/mp4/1262.mp4
dimethyl ketone, https://media.signbsl.com/videos/asl/AustinCommunityCollege/mp4/weld_acetone_.mp4
diminish, https://media.signbsl.com/videos/asl/aslsignbank/mp4/DECREASE-1235.mp4
diminished, https://media.signbsl.com/videos/asl/youtube/mp4/5ZL7keTwV9E.mp4
diminuendo, https://media.signbsl.com/videos/asl/youtube/mp4/HkiZZaqJAyU.mp4
diminution, https://media.signbsl.com/videos/asl/youtube/mp4/lvQaBUj2TuE.mp4
diminutive, https://player.vimeo.com/external/392520787.sd.mp4?s=0b76cce8f13515bc4666a6742cbd71b118525152&profile_id=164
diminutiveness, https://media.signbsl.com/videos/asl/youtube/mp4/Kmnm0Y-Qfxk.mp4
dim lights, https://media.signbsl.com/videos/asl/youtube/mp4/3LigPUAKALM.mp4
dimmed, https://media.signbsl.com/videos/asl/aslsearch/mp4/dim.mp4
dimmer, https://player.vimeo.com/external/391976441.sd.mp4?s=1e6285358c513e50b5f37caca1c90054caa823e9&profile_id=164
dimout, https://media.signbsl.com/videos/asl/aslsignbank/mp4/FAINT-752.mp4
dimple, https://media.signbsl.com/videos/asl/youtube/mp4/FZWpwbDBiFs.mp4
dimpled chad, https://media.signbsl.com/videos/asl/youtube/mp4/FZWpwbDBiFs.mp4
dimwit, https://media.signbsl.com/videos/asl/startasl/mp4/nit-wit.mp4
din, https://media.signbsl.com/videos/asl/youtube/mp4/iFo1rXi2TEY.mp4
dine, https://media.signbsl.com/videos/asl/aslsearch/mp4/dine.mp4
dine out, https://player.vimeo.com/external/392000445.sd.mp4?s=e27f30eefe92bcb1b9587e92abda12055aac09f4&profile_id=164
diner, https://player.vimeo.com/external/392670759.sd.mp4?s=246d03a97c96cf741ea8943e4de47d5aed34b147&profile_id=164
dinero, https://media.signbsl.com/videos/asl/youtube/mp4/3WtmZlJ5YxA.mp4
ding, https://media.signbsl.com/videos/asl/youtube/mp4/57PGIIz9dFM.mp4
dingdong, https://media.signbsl.com/videos/asl/youtube/mp4/57PGIIz9dFM.mp4
dinge, https://media.signbsl.com/videos/asl/youtube/mp4/jjs2zB9xt90.mp4
dinghies, https://media.signbsl.com/videos/asl/youtube/mp4/Kx1MtbtzmXQ.mp4
dinghy, https://media.signbsl.com/videos/asl/youtube/mp4/Kx1MtbtzmXQ.mp4
dingier, https://media.signbsl.com/videos/asl/youtube/mp4/TQyCFpVdGsY.mp4
dingily, https://media.signbsl.com/videos/asl/youtube/mp4/j4ryvden1Yo.mp4
dingy, https://player.vimeo.com/external/391988733.sd.mp4?s=dbcca024c809cc118b1c1bd6e23ffad29a085572&profile_id=164
dining room, https://media.signbsl.com/videos/asl/startasl/mp4/dining-room.mp4
dink, https://media.signbsl.com/videos/asl/youtube/mp4/BzkuNpgkRJg.mp4
dinkey, https://media.signbsl.com/videos/asl/youtube/mp4/1c1P_nk1dQc.mp4
dinky, https://media.signbsl.com/videos/asl/youtube/mp4/1c1P_nk1dQc.mp4
dinner, https://media.signbsl.com/videos/asl/startasl/mp4/dinner.mp4
dinner jacket, https://player.vimeo.com/external/392536605.sd.mp4?s=eee1736529acc82c50315c6f9f34256f0469a69a&profile_id=164
dinnertime, https://media.signbsl.com/videos/asl/youtube/mp4/tG-rN43SwU0.mp4
dinosaur, https://media.signbsl.com/videos/asl/aslsearch/mp4/dinosaur.mp4
diocesan, https://media.signbsl.com/videos/asl/youtube/mp4/A-mFYuO45ZQ.mp4
diocese, https://media.signbsl.com/videos/asl/signlanguagestudent/mp4/bishopric.mp4
diode, https://media.signbsl.com/videos/asl/youtube/mp4/OaLYxorIPZs.mp4
dioxide, https://media.signbsl.com/videos/asl/youtube/mp4/M6TGjsfMTc0.mp4
dip, https://media.signbsl.com/videos/asl/youtube/mp4/TuvEWmqgpVo.mp4
diphtheria, https://media.signbsl.com/videos/asl/youtube/mp4/oBLUbQ-Jb5A.mp4
diploid, https://media.signbsl.com/videos/asl/youtube/mp4/fF_tQqXTT5w.mp4
diploma, https://media.signbsl.com/videos/asl/aslsearch/mp4/diploma.mp4
diplomacy, https://media.signbsl.com/videos/asl/aslsignbank/mp4/HANDLE-SITUATION-1843.mp4
diplomatic, https://player.vimeo.com/external/391976674.sd.mp4?s=1ce504a144998bf8323a4e99aa38e3d757a99d17&profile_id=164
dipole, https://media.signbsl.com/videos/asl/youtube/mp4/MppalpZ16fo.mp4
dipsomaniac, https://media.signbsl.com/videos/asl/aslsearch/mp4/alcoholic.mp4
dire, https://media.signbsl.com/videos/asl/startasl/mp4/awful.mp4
direct, https://media.signbsl.com/videos/asl/youtube/mp4/1RpSyOpG2_w.mp4
direct contrast, https://media.signbsl.com/videos/asl/aslsearch/mp4/contrast.mp4
direct correlation, https://media.signbsl.com/videos/asl/tsdvideo/mp4/1273.mp4
direct current, https://media.signbsl.com/videos/asl/AustinCommunityCollege/mp4/elec_direct_curent_.mp4
direct current dc, https://media.signbsl.com/videos/asl/AustinCommunityCollege/mp4/elec_direct_curent_.mp4
direction, https://media.signbsl.com/videos/asl/aslsignbank/mp4/EAST-1290.mp4
directionless, https://media.signbsl.com/videos/asl/youtube/mp4/Kng5owImeDA.mp4
directly, https://media.signbsl.com/videos/asl/signlanguagestudent/mp4/immediately%20(alternate%202).mp4
director, https://media.signbsl.com/videos/asl/startasl/mp4/manager.mp4
directorate, https://media.signbsl.com/videos/asl/signlanguagestudent/mp4/board%20(of%20directors).mp4
directories, https://media.signbsl.com/videos/asl/youtube/mp4/qmgFUSX6-q4.mp4
directory, https://media.signbsl.com/videos/asl/youtube/mp4/qmgFUSX6-q4.mp4
direct proportion, https://media.signbsl.com/videos/asl/youtube/mp4/uTswQtYR0Qw.mp4
direct service, https://media.signbsl.com/videos/asl/elementalaslconcepts/mp4/direct_services.mp4
direful, https://media.signbsl.com/videos/asl/startasl/mp4/awful.mp4
dirge, https://media.signbsl.com/videos/asl/youtube/mp4/8uaLo_Kwv3Q.mp4
dirigible, https://media.signbsl.com/videos/asl/youtube/mp4/VKUlZfZUz4Y.mp4
dirt, https://media.signbsl.com/videos/asl/aslsignbank/mp4/DIRTY-109.mp4
dirtbag, https://media.signbsl.com/videos/asl/youtube/mp4/F239mrsuqMQ.mp4
dirtied, https://media.signbsl.com/videos/asl/youtube/mp4/7_U2GhEOuZI.mp4
dirtier, https://media.signbsl.com/videos/asl/youtube/mp4/hVFZpTHvVR8.mp4
dirty, https://media.signbsl.com/videos/asl/startasl/mp4/dirty.mp4
dirty dog, https://media.signbsl.com/videos/asl/youtube/mp4/7LYI9dK_sEY.mp4
dirty money, https://media.signbsl.com/videos/asl/youtube/mp4/tJNaWI_1WiY.mp4
dirty profane, https://media.signbsl.com/videos/asl/youtube/mp4/sb9quJRdQpE.mp4
disabilities, https://media.signbsl.com/videos/asl/signlanguagestudent/mp4/disability.mp4
disability, https://media.signbsl.com/videos/asl/signlanguagestudent/mp4/disability.mp4
disability awareness month, https://player.vimeo.com/external/392670839.sd.mp4?s=9c1ba88271ebd9ac05073827b70f1bb60658ca84&profile_id=164
disable, https://media.signbsl.com/videos/asl/youtube/mp4/jeLhZeumy6U.mp4
disabled, https://media.signbsl.com/videos/asl/signlanguagestudent/mp4/disabled.mp4
disablement, https://media.signbsl.com/videos/asl/signlanguagestudent/mp4/disability.mp4
disabuse, https://media.signbsl.com/videos/asl/youtube/mp4/PlulBVNQCvA.mp4
disadvantage, https://media.signbsl.com/videos/asl/youtube/mp4/h9AF4AKzPSc.mp4
disadvantaged, https://media.signbsl.com/videos/asl/youtube/mp4/jm9_yq28uac.mp4
disaffect, https://media.signbsl.com/videos/asl/youtube/mp4/sPpEasyvPdo.mp4
disafforest, https://media.signbsl.com/videos/asl/youtube/mp4/zfaMFgE3w7M.mp4
disagree, https://media.signbsl.com/videos/asl/startasl/mp4/disagree.mp4
disagreement, https://media.signbsl.com/videos/asl/youtube/mp4/KS11C8aD1qI.mp4
disallow, https://media.signbsl.com/videos/asl/aslsearch/mp4/prohibit.mp4
disappear, https://media.signbsl.com/videos/asl/aslsignbank/mp4/DISAPPEAR-110.mp4
disappoint, https://media.signbsl.com/videos/asl/aslsearch/mp4/disappoint.mp4
disappointed, https://media.signbsl.com/videos/asl/aslsignbank/mp4/FRUSTRATED-1506.mp4
disapprobation, https://media.signbsl.com/videos/asl/youtube/mp4/GW-czWjDrjI.mp4
disapproval, https://media.signbsl.com/videos/asl/youtube/mp4/Uf4F5IDFcDM.mp4
disapprove, https://player.vimeo.com/external/391977235.sd.mp4?s=34d7c5fe23efff0275fae197a79deb7afe84af83&profile_id=164
disarm, https://media.signbsl.com/videos/asl/youtube/mp4/PIR2AYWmeC8.mp4
disarmer, https://media.signbsl.com/videos/asl/youtube/mp4/j9Jk7GjufAc.mp4
disarray, https://media.signbsl.com/videos/asl/youtube/mp4/9Y_NkuUa3Ok.mp4
disassemble, https://media.signbsl.com/videos/asl/youtube/mp4/FY3boVNHj2g.mp4
disassociate, https://media.signbsl.com/videos/asl/youtube/mp4/hwpLyl6Y2fU.mp4
disaster, https://player.vimeo.com/external/395727234.sd.mp4?s=c01088a8f7d7fcaf5fa73b23f5af66d789930953&profile_id=164
disastrous, https://media.signbsl.com/videos/asl/aslsearch/mp4/disastrous.mp4
disavow, https://player.vimeo.com/external/391978178.sd.mp4?s=43e30c574e38c0b90992095d7a9f0e76fbdf9d39&profile_id=164
disavowal, https://media.signbsl.com/videos/asl/youtube/mp4/Qvrvu8ED97w.mp4
disband, https://media.signbsl.com/videos/asl/youtube/mp4/2bEL9CS1b-o.mp4
disbar, https://media.signbsl.com/videos/asl/youtube/mp4/YQWLZ4S-JnA.mp4
disbelief, https://media.signbsl.com/videos/asl/aslsignbank/mp4/DOUBT-1274.mp4
disbeliever, https://media.signbsl.com/videos/asl/valleybible/mp4/unbeliever.mp4
disbelieving, https://media.signbsl.com/videos/asl/youtube/mp4/yRzrz6SvoAE.mp4
disburden, https://player.vimeo.com/external/392544284.sd.mp4?s=3edb6a6b1081c72185ef2c432ee7dd5728f35a3d&profile_id=164
disbursal, https://media.signbsl.com/videos/asl/aslsearch/mp4/expense.mp4
disburse, https://player.vimeo.com/external/391978280.sd.mp4?s=31ef032c9d7051c128e487a0610244e8b61cfb2f&profile_id=164
disbursement, https://media.signbsl.com/videos/asl/aslsearch/mp4/expense.mp4
disc, https://media.signbsl.com/videos/asl/aslsignbank/mp4/FRISBEE-2640.mp4
discant, https://media.signbsl.com/videos/asl/youtube/mp4/ioxdg50uM4g.mp4
discard, https://media.signbsl.com/videos/asl/startasl/mp4/discard.mp4
discase, https://media.signbsl.com/videos/asl/aslsearch/mp4/undress.mp4
disc drive, https://media.signbsl.com/videos/asl/mariekatzenbachschool/mp4/hard%20drive.mp4
disceptation, https://media.signbsl.com/videos/asl/aslsearch/mp4/controversy.mp4
discern, https://media.signbsl.com/videos/asl/youtube/mp4/DNCsk3qmXkk.mp4
discernability, https://media.signbsl.com/videos/asl/youtube/mp4/nosS9N8sDDA.mp4
discernable, https://media.signbsl.com/videos/asl/youtube/mp4/kkTTiAmAUl0.mp4
Discern Discernment, https://media.signbsl.com/videos/asl/ids/mp4/2013-11-1290-discern-discernment-1500k-ase.mp4
discernible, https://media.signbsl.com/videos/asl/youtube/mp4/kkTTiAmAUl0.mp4
discerp, https://media.signbsl.com/videos/asl/aslsearch/mp4/sever.mp4
discharge, https://media.signbsl.com/videos/asl/aslsearch/mp4/discharge.mp4
discharged, https://media.signbsl.com/videos/asl/startasl/mp4/fired-2.mp4
discharge from a pipe, https://media.signbsl.com/videos/asl/youtube/mp4/0kms_wqQR_s.mp4
discharge from infection, https://media.signbsl.com/videos/asl/youtube/mp4/_lL0qpBeb0c.mp4
disciple, https://media.signbsl.com/videos/asl/signlanguagestudent/mp4/disciple.mp4
discipleship, https://media.signbsl.com/videos/asl/valleybible/mp4/discipleship.mp4
disciplinal, https://media.signbsl.com/videos/asl/youtube/mp4/yRm5GQyPFwA.mp4
disciplinarian, https://media.signbsl.com/videos/asl/youtube/mp4/dNi2E6zI6kY.mp4
disciplinary, https://media.signbsl.com/videos/asl/youtube/mp4/yRm5GQyPFwA.mp4
discipline, https://media.signbsl.com/videos/asl/youtube/mp4/nzEDrnPlMp8.mp4
disciplined, https://media.signbsl.com/videos/asl/youtube/mp4/TW2L5Xm2_5k.mp4
discipline punish, https://media.signbsl.com/videos/asl/signlanguagestudent/mp4/discipline%20(punish).mp4
disclaim, https://player.vimeo.com/external/391978494.sd.mp4?s=df5cc17d695978acb7c9b4651df5cf09fc93596f&profile_id=164
disclaimer, https://media.signbsl.com/videos/asl/youtube/mp4/Qvrvu8ED97w.mp4
disclose, https://player.vimeo.com/external/392143995.sd.mp4?s=e6bfb68f36f1205d91fc549b81d345a068e0b2ed&profile_id=164
disclosure, https://media.signbsl.com/videos/asl/youtube/mp4/WcnDW2iZPlI.mp4
disco, https://player.vimeo.com/external/391978539.sd.mp4?s=2d8b82c969fc6ae221ba231e8eec095f58fa3c76&profile_id=164
discolor, https://player.vimeo.com/external/391978581.sd.mp4?s=1f794c2ad36a782776a1e62ad373e7ae14817bd7&profile_id=164
discolour, https://player.vimeo.com/external/391978581.sd.mp4?s=1f794c2ad36a782776a1e62ad373e7ae14817bd7&profile_id=164
discombobulate, https://media.signbsl.com/videos/asl/aslsearch/mp4/confuse.mp4
discombobulated, https://media.signbsl.com/videos/asl/aslsignbank/mp4/DISGUSTED-1261.mp4
discomfit, https://media.signbsl.com/videos/asl/youtube/mp4/kh9-omjOlQg.mp4
discomfited, https://media.signbsl.com/videos/asl/aslsignbank/mp4/FRUSTRATED-1506.mp4
discomfort, https://media.signbsl.com/videos/asl/youtube/mp4/l3qpMGZtdqQ.mp4
discommode, https://media.signbsl.com/videos/asl/youtube/mp4/lnH9XpV3r7I.mp4
discompose, https://media.signbsl.com/videos/asl/youtube/mp4/kh9-omjOlQg.mp4
discomposure, https://media.signbsl.com/videos/asl/youtube/mp4/JxCOoBqhkyg.mp4
disconcert, https://media.signbsl.com/videos/asl/youtube/mp4/kh9-omjOlQg.mp4
disconcerted, https://media.signbsl.com/videos/asl/aslsignbank/mp4/DISGUSTED-1261.mp4
disconcerting, https://player.vimeo.com/external/391978633.sd.mp4?s=effc0ced7244fde3390320ccb0c775b712eeb796&profile_id=164
disconnect, https://media.signbsl.com/videos/asl/aslsignbank/mp4/DISCONNECT-1259.mp4
disconnected, https://media.signbsl.com/videos/asl/aslsearch/mp4/abrupt.mp4
disconnection, https://media.signbsl.com/videos/asl/youtube/mp4/ZuAC7iGK_sY.mp4
disconsolate, https://media.signbsl.com/videos/asl/youtube/mp4/gkja55dr6lY.mp4
disconsolateness, https://media.signbsl.com/videos/asl/youtube/mp4/tzSPT1fbTac.mp4
discontent, https://player.vimeo.com/external/391978750.sd.mp4?s=6daf538b63f568df9871be10c17a3b2395b2edbc&profile_id=164
discontentedness, https://player.vimeo.com/external/391978750.sd.mp4?s=6daf538b63f568df9871be10c17a3b2395b2edbc&profile_id=164
discontentment, https://player.vimeo.com/external/391978750.sd.mp4?s=6daf538b63f568df9871be10c17a3b2395b2edbc&profile_id=164
discontinuance, https://media.signbsl.com/videos/asl/youtube/mp4/pkGve44CdAQ.mp4
discontinuation, https://media.signbsl.com/videos/asl/youtube/mp4/pkGve44CdAQ.mp4
discontinue, https://media.signbsl.com/videos/asl/aslsearch/mp4/cease.mp4
discontinued, https://player.vimeo.com/external/391978794.sd.mp4?s=ca99c15d6d60b7209846a962a4342dbbd2e13559&profile_id=164
discontinuous, https://media.signbsl.com/videos/asl/youtube/mp4/ymxIea6EDnc.mp4
discord, https://player.vimeo.com/external/391984740.sd.mp4?s=dd54d57009fe10a709897425bad6c9f567a12583&profile_id=164
discordance, https://media.signbsl.com/videos/asl/youtube/mp4/oMjTdZj3WMo.mp4
discordant, https://media.signbsl.com/videos/asl/youtube/mp4/w7k8UHMNFlk.mp4
discorporate, https://media.signbsl.com/videos/asl/youtube/mp4/mu709Az6Tz0.mp4
discotheque, https://player.vimeo.com/external/391978539.sd.mp4?s=2d8b82c969fc6ae221ba231e8eec095f58fa3c76&profile_id=164
discount, https://media.signbsl.com/videos/asl/aslsignbank/mp4/EXCUSE-833.mp4
discounter, https://media.signbsl.com/videos/asl/youtube/mp4/-z-qO2ib2pM.mp4
discount house, https://media.signbsl.com/videos/asl/youtube/mp4/-z-qO2ib2pM.mp4
discount store, https://media.signbsl.com/videos/asl/youtube/mp4/-z-qO2ib2pM.mp4
discourage, https://media.signbsl.com/videos/asl/valleybible/mp4/Admonish.mp4
discouraged, https://player.vimeo.com/external/391978856.sd.mp4?s=75b91802784a5c23cb615c7c6b260890b623e23d&profile_id=164
discourse, https://media.signbsl.com/videos/asl/aslsearch/mp4/discuss.mp4
discourtesy, https://media.signbsl.com/videos/asl/aslsearch/mp4/offense.mp4
discover, https://media.signbsl.com/videos/asl/aslsignbank/mp4/FIND-2916.mp4
discoverable, https://media.signbsl.com/videos/asl/youtube/mp4/9RKEmQ4mV10.mp4
discoverer, https://media.signbsl.com/videos/asl/youtube/mp4/fuvCpmCRKlU.mp4
Discovery Day, https://player.vimeo.com/external/392649885.sd.mp4?s=1d47ef1fc978e1bc5af71016f027910ae28c8512&profile_id=164
discreet, https://media.signbsl.com/videos/asl/youtube/mp4/AyVplyN4Xok.mp4
discreetness, https://media.signbsl.com/videos/asl/aslsignbank/mp4/HANDLE-SITUATION-1843.mp4
discrepancies, https://media.signbsl.com/videos/asl/youtube/mp4/KS11C8aD1qI.mp4
discrepancy, https://media.signbsl.com/videos/asl/youtube/mp4/KS11C8aD1qI.mp4
discrete, https://media.signbsl.com/videos/asl/youtube/mp4/Db-qfe5hzJY.mp4
discretion, https://media.signbsl.com/videos/asl/youtube/mp4/xO_zaBgvN4Q.mp4
discriminant, https://media.signbsl.com/videos/asl/youtube/mp4/1dvtCDhknZo.mp4
discriminate, https://media.signbsl.com/videos/asl/aslsearch/mp4/discriminate.mp4
discrimination, https://media.signbsl.com/videos/asl/aslsignbank/mp4/DISCRIMINATE-2313.mp4
discriminatory, https://media.signbsl.com/videos/asl/youtube/mp4/V1sdYyjGNck.mp4
discus, https://media.signbsl.com/videos/asl/youtube/mp4/G49JiHKpzb8.mp4
discuss, https://media.signbsl.com/videos/asl/aslsearch/mp4/discuss.mp4
discuss back and forth, https://media.signbsl.com/videos/asl/youtube/mp4/E0znfAUo3bg.mp4
discuss consulting, https://media.signbsl.com/videos/asl/startasl/mp4/discuss-consulting.mp4
discussion, https://media.signbsl.com/videos/asl/youtube/mp4/TlLjOIiVFiY.mp4
discussion forum, https://player.vimeo.com/external/391979002.sd.mp4?s=9a74efac11f60a38f0769125c48ec5c7700fe8df&profile_id=164
discussion group, https://media.signbsl.com/videos/asl/aslsearch/mp4/discussion-group.mp4
discus throw, https://media.signbsl.com/videos/asl/youtube/mp4/48WV2_V8n-s.mp4
disdain, https://media.signbsl.com/videos/asl/aslsearch/mp4/despise.mp4
disease, https://media.signbsl.com/videos/asl/aslsignbank/mp4/DISEASE-3087.mp4
diseased, https://media.signbsl.com/videos/asl/youtube/mp4/loLJRaGY_tM.mp4
diseased person, https://media.signbsl.com/videos/asl/youtube/mp4/vtAuM7rlZVc.mp4
disease outbreak, https://media.signbsl.com/videos/asl/youtube/mp4/VY4tRLtVjec.mp4
disembodied, https://media.signbsl.com/videos/asl/youtube/mp4/mu709Az6Tz0.mp4
disembowel, https://media.signbsl.com/videos/asl/youtube/mp4/J6oR_lIovGY.mp4
disempowerment, https://player.vimeo.com/external/391979107.sd.mp4?s=7ad9e63cb15f70ab78ece7d8b65d99d606b44543&profile_id=164
disenable, https://media.signbsl.com/videos/asl/youtube/mp4/jeLhZeumy6U.mp4
disenchant, https://media.signbsl.com/videos/asl/youtube/mp4/8pT8i2VbB68.mp4
disenchanted, https://player.vimeo.com/external/391979153.sd.mp4?s=40e22f748bb9f38c614def830dc049326b9930cc&profile_id=164
disenchantment, https://media.signbsl.com/videos/asl/youtube/mp4/bxQF7E3BkMk.mp4
disencumber, https://media.signbsl.com/videos/asl/youtube/mp4/Bta4nB-NNTc.mp4
disenfranchise, https://media.signbsl.com/videos/asl/youtube/mp4/0R4W5G23u4I.mp4
disengage, https://media.signbsl.com/videos/asl/aslsearch/mp4/disengage.mp4
disengage gears, https://media.signbsl.com/videos/asl/youtube/mp4/ZHSNTXjpDoo.mp4
disengage military, https://media.signbsl.com/videos/asl/youtube/mp4/Px_Xh-Ofh8Y.mp4
disentangle, https://media.signbsl.com/videos/asl/youtube/mp4/Bta4nB-NNTc.mp4
disequilibrium, https://media.signbsl.com/videos/asl/youtube/mp4/xP164L_grpA.mp4
disestablish, https://media.signbsl.com/videos/asl/youtube/mp4/7bBZwYlrSIY.mp4
disfavor, https://media.signbsl.com/videos/asl/youtube/mp4/opVfKOcDzGw.mp4
disfavour, https://media.signbsl.com/videos/asl/youtube/mp4/opVfKOcDzGw.mp4
Disfellowship, https://media.signbsl.com/videos/asl/ids/mp4/2013-11-1320-disfellowship-1500k-ase.mp4
disfiguration, https://media.signbsl.com/videos/asl/youtube/mp4/NGg0tyfAsfo.mp4
disfigurement, https://media.signbsl.com/videos/asl/youtube/mp4/NGg0tyfAsfo.mp4
disforest, https://media.signbsl.com/videos/asl/youtube/mp4/zfaMFgE3w7M.mp4
disfranchise, https://media.signbsl.com/videos/asl/youtube/mp4/0R4W5G23u4I.mp4
disfunction, https://media.signbsl.com/videos/asl/youtube/mp4/GcJcD_ek4Sc.mp4
disfunctional, https://media.signbsl.com/videos/asl/youtube/mp4/i-fwFqVWYpU.mp4
disgorge, https://media.signbsl.com/videos/asl/startasl/mp4/throw-up.mp4
disgrace, https://media.signbsl.com/videos/asl/youtube/mp4/uOfiGLLeqXQ.mp4
disgraceful, https://media.signbsl.com/videos/asl/youtube/mp4/Qwn3BrtC678.mp4
disgruntle, https://media.signbsl.com/videos/asl/youtube/mp4/dEZzFm-e37U.mp4
disgruntled, https://media.signbsl.com/videos/asl/aslsearch/mp4/disgruntled.mp4
disguise, https://media.signbsl.com/videos/asl/youtube/mp4/9iyibC-eLTQ.mp4
disgust, https://media.signbsl.com/videos/asl/aslsearch/mp4/disgust.mp4
disgusted, https://media.signbsl.com/videos/asl/youtube/mp4/mqZH7F4bvJ8.mp4
disgustful, https://player.vimeo.com/external/392438285.sd.mp4?s=7788e41045bbb664e3772d01efbb2665c9ac374c&profile_id=164
disgusting, https://player.vimeo.com/external/392438285.sd.mp4?s=7788e41045bbb664e3772d01efbb2665c9ac374c&profile_id=164
dish, https://media.signbsl.com/videos/asl/startasl/mp4/sweetheart.mp4
dish aerial, https://player.vimeo.com/external/391979233.sd.mp4?s=dc03836e0f97e52a2be92d324e0168845aa43220&profile_id=164
dish antenna, https://player.vimeo.com/external/391979233.sd.mp4?s=dc03836e0f97e52a2be92d324e0168845aa43220&profile_id=164
disharmonious, https://media.signbsl.com/videos/asl/youtube/mp4/w7k8UHMNFlk.mp4
dishcloth, https://media.signbsl.com/videos/asl/youtube/mp4/YxEndVeQyAM.mp4
disheartened, https://player.vimeo.com/external/391978856.sd.mp4?s=75b91802784a5c23cb615c7c6b260890b623e23d&profile_id=164
dishes, https://media.signbsl.com/videos/asl/startasl/mp4/sweetheart.mp4
dishevel, https://media.signbsl.com/videos/asl/youtube/mp4/1gS_qQ0FCYA.mp4
dish for food, https://player.vimeo.com/external/391979277.sd.mp4?s=9253cd70d4a710d7551b5a47a329976c40302046&profile_id=164
dishful, https://media.signbsl.com/videos/asl/youtube/mp4/AtKkcMz5eXQ.mp4
dishonest, https://media.signbsl.com/videos/asl/aslsearch/mp4/dishonest.mp4
dishonor, https://media.signbsl.com/videos/asl/unoclimb/mp4/VPfSCSj0G7Y.mp4
dishonorable, https://media.signbsl.com/videos/asl/aslsearch/mp4/dishonest.mp4
dishonour, https://media.signbsl.com/videos/asl/unoclimb/mp4/VPfSCSj0G7Y.mp4
dishpan, https://media.signbsl.com/videos/asl/youtube/mp4/UJwCWx09xHQ.mp4
dishrag, https://media.signbsl.com/videos/asl/youtube/mp4/YxEndVeQyAM.mp4
dish washer, https://media.signbsl.com/videos/asl/startasl/mp4/dishwasher.mp4
dishwasher, https://media.signbsl.com/videos/asl/startasl/mp4/dishwasher.mp4
dishwashing, https://media.signbsl.com/videos/asl/youtube/mp4/eqZ_O5k83so.mp4
dishwashing machine, https://media.signbsl.com/videos/asl/startasl/mp4/dishwasher.mp4
dishwater, https://media.signbsl.com/videos/asl/youtube/mp4/qH2HOHJO_k4.mp4
disillusion, https://media.signbsl.com/videos/asl/youtube/mp4/bxQF7E3BkMk.mp4
disillusionment, https://media.signbsl.com/videos/asl/youtube/mp4/bxQF7E3BkMk.mp4
disincentive, https://media.signbsl.com/videos/asl/youtube/mp4/d97fxoEOmTo.mp4
disinclination, https://media.signbsl.com/videos/asl/youtube/mp4/roC-scf8BIM.mp4
disinfect, https://media.signbsl.com/videos/asl/youtube/mp4/IgO9QxbpV44.mp4
disinfectant, https://media.signbsl.com/videos/asl/youtube/mp4/QGKHmnKRgqg.mp4
disinflation, https://media.signbsl.com/videos/asl/youtube/mp4/dMFRZvXZT4Y.mp4
disinformation, https://media.signbsl.com/videos/asl/youtube/mp4/O5JW_triLoQ.mp4
disinherit, https://player.vimeo.com/external/391984338.sd.mp4?s=a73725665a345b876f2f2a877e10858c32f455c0&profile_id=164
disinitegrate, https://media.signbsl.com/videos/asl/youtube/mp4/OslAtcCgg98.mp4
disintegrate, https://media.signbsl.com/videos/asl/aslsearch/mp4/decay.mp4
disinter, https://media.signbsl.com/videos/asl/aslsearch/mp4/exhume.mp4
disinterested, https://player.vimeo.com/external/391979431.sd.mp4?s=db9072c7cb22b4bc381a46367119f2449fa0d79d&profile_id=164
disinterment, https://media.signbsl.com/videos/asl/youtube/mp4/fM7QhVHffLg.mp4
disinvestment, https://media.signbsl.com/videos/asl/youtube/mp4/JUv1UTaPRDo.mp4
disjoin, https://media.signbsl.com/videos/asl/youtube/mp4/SIViKPSIdXM.mp4
disjoint, https://media.signbsl.com/videos/asl/youtube/mp4/hwpLyl6Y2fU.mp4
disjointed, https://media.signbsl.com/videos/asl/youtube/mp4/2a3tVs49KHg.mp4
disjoint events, https://media.signbsl.com/videos/asl/youtube/mp4/HK7pVKAOG2g.mp4
disjunction, https://media.signbsl.com/videos/asl/youtube/mp4/ZuAC7iGK_sY.mp4
disk, https://media.signbsl.com/videos/asl/aslsignbank/mp4/FRISBEE-2640.mp4
disk drive, https://media.signbsl.com/videos/asl/mariekatzenbachschool/mp4/hard%20drive.mp4
diskette, https://player.vimeo.com/external/391984048.sd.mp4?s=ca4ce9d4d83395030faa4bf7535706f0e5af0a83&profile_id=164
dislike, https://media.signbsl.com/videos/asl/aslsignbank/mp4/DON'T-LIKE-114.mp4
dislocate, https://media.signbsl.com/videos/asl/youtube/mp4/U-UfSLwUFR8.mp4
dislodge, https://media.signbsl.com/videos/asl/youtube/mp4/gysUcU861Lg.mp4
disloyal, https://media.signbsl.com/videos/asl/youtube/mp4/udKuc8o2xHg.mp4
dismal, https://player.vimeo.com/external/391988733.sd.mp4?s=dbcca024c809cc118b1c1bd6e23ffad29a085572&profile_id=164
dismantle, https://media.signbsl.com/videos/asl/youtube/mp4/FY3boVNHj2g.mp4
dismantled, https://media.signbsl.com/videos/asl/elementalaslconcepts/mp4/abolish.mp4
dismay, https://media.signbsl.com/videos/asl/aslsignbank/mp4/ALARM-402.mp4
dismayed, https://media.signbsl.com/videos/asl/youtube/mp4/Daxtk4Z34Jg.mp4
dismember, https://media.signbsl.com/videos/asl/youtube/mp4/OAC63brRMsQ.mp4
dismiss, https://media.signbsl.com/videos/asl/aslsignbank/mp4/EXCUSE-833.mp4
dismissed, https://media.signbsl.com/videos/asl/startasl/mp4/fired-2.mp4
dismissed with prejudice, https://media.signbsl.com/videos/asl/unoclimb/mp4/DDcZ6milGco.mp4
dismissive, https://player.vimeo.com/external/391984200.sd.mp4?s=86768184a6ab6fdfc89ef78f1d6bad8b01f088d3&profile_id=164
dismount, https://media.signbsl.com/videos/asl/youtube/mp4/BXK_iG78bZc.mp4
Disney, https://media.signbsl.com/videos/asl/aslsignbank/mp4/DISNEY-2742.mp4
Disneyland, https://player.vimeo.com/external/391984268.sd.mp4?s=ee1e3e7d2e09ff946fa9dc4cc7d7fb477c6ea223&profile_id=164
disobedience, https://media.signbsl.com/videos/asl/unoclimb/mp4/0z7YhSg_nb4.mp4
Disobedience Disobey, https://media.signbsl.com/videos/asl/ids/mp4/2013-11-1330-disobediene-disobey-1500k-ase.mp4
disoblige, https://media.signbsl.com/videos/asl/youtube/mp4/lnH9XpV3r7I.mp4
disorder, https://media.signbsl.com/videos/asl/youtube/mp4/ddFfUcrlA2E.mp4
disordered, https://media.signbsl.com/videos/asl/youtube/mp4/2a3tVs49KHg.mp4
disorderliness, https://media.signbsl.com/videos/asl/youtube/mp4/9Y_NkuUa3Ok.mp4
disorganise, https://media.signbsl.com/videos/asl/youtube/mp4/YLPwqtof-lI.mp4
disorganised, https://media.signbsl.com/videos/asl/startasl/mp4/disorganized.mp4
disorganize, https://media.signbsl.com/videos/asl/youtube/mp4/YLPwqtof-lI.mp4
disorganized, https://media.signbsl.com/videos/asl/startasl/mp4/disorganized.mp4
disorientation, https://media.signbsl.com/videos/asl/aslsignbank/mp4/PARANOID-873.mp4
disoriented, https://media.signbsl.com/videos/asl/youtube/mp4/wM3TrodayWQ.mp4
disown, https://player.vimeo.com/external/391984338.sd.mp4?s=a73725665a345b876f2f2a877e10858c32f455c0&profile_id=164
disparager, https://media.signbsl.com/videos/asl/youtube/mp4/_G5pWdlEL1E.mp4
disparate, https://media.signbsl.com/videos/asl/youtube/mp4/M4dCpsOEjFA.mp4
disparity, https://media.signbsl.com/videos/asl/youtube/mp4/nFYqcQb1NJ0.mp4
dispassion, https://media.signbsl.com/videos/asl/youtube/mp4/2dfhMNVwgqM.mp4
dispassionateness, https://media.signbsl.com/videos/asl/youtube/mp4/2dfhMNVwgqM.mp4
dispatch, https://player.vimeo.com/external/391984369.sd.mp4?s=b3d777c9d1768b12ef79db34d8a81a3f1b4dc082&profile_id=164
dispel, https://media.signbsl.com/videos/asl/youtube/mp4/ygAT-uomaTE.mp4
dispensable, https://media.signbsl.com/videos/asl/youtube/mp4/L7xjmrgS6NA.mp4
dispensaries, https://media.signbsl.com/videos/asl/youtube/mp4/qZNsp4mGerQ.mp4
dispensary, https://media.signbsl.com/videos/asl/youtube/mp4/qZNsp4mGerQ.mp4
dispensation, https://media.signbsl.com/videos/asl/ids/mp4/2013-11-1340-dispenesation-1500k-ase.mp4
dispenser, https://media.signbsl.com/videos/asl/youtube/mp4/PuIYPKRYpDo.mp4
dispense with, https://media.signbsl.com/videos/asl/youtube/mp4/AY9z2L-sW7k.mp4
dispersal, https://media.signbsl.com/videos/asl/youtube/mp4/rebW1EXg_Jk.mp4
disperse, https://media.signbsl.com/videos/asl/aslsearch/mp4/broadcast2.mp4
dispersion, https://media.signbsl.com/videos/asl/youtube/mp4/rebW1EXg_Jk.mp4
dispirit, https://media.signbsl.com/videos/asl/aslsearch/mp4/depress.mp4
dispirited, https://media.signbsl.com/videos/asl/startasl/mp4/depressed.mp4
dispiriting, https://media.signbsl.com/videos/asl/youtube/mp4/AEcKE4GQhBs.mp4
displace, https://media.signbsl.com/videos/asl/signlanguagestudent/mp4/move.mp4
displaced, https://media.signbsl.com/videos/asl/youtube/mp4/DT8v5bn5OCo.mp4
displacement, https://media.signbsl.com/videos/asl/youtube/mp4/MZeymO0lVQk.mp4
display, https://media.signbsl.com/videos/asl/aslsearch/mp4/expose.mp4
displease, https://media.signbsl.com/videos/asl/youtube/mp4/SLRrjFyWPdw.mp4
displeased, https://media.signbsl.com/videos/asl/aslsearch/mp4/displeased.mp4
disport, https://media.signbsl.com/videos/asl/youtube/mp4/Xuf_VyrFYos.mp4
disposable, https://media.signbsl.com/videos/asl/youtube/mp4/X0io2jbdXAg.mp4
disposal, https://player.vimeo.com/external/391150925.sd.mp4?s=6abfb0d533bf3765b2b6b807b1e1ce1145f610e8&profile_id=164
dispose, https://media.signbsl.com/videos/asl/startasl/mp4/discard.mp4
disposed, https://media.signbsl.com/videos/asl/youtube/mp4/avNylkR_TXo.mp4
disposition, https://media.signbsl.com/videos/asl/youtube/mp4/b2jH75fOYBc.mp4
dispossess, https://media.signbsl.com/videos/asl/youtube/mp4/fSVbZe8NFN8.mp4
dispossessed, https://player.vimeo.com/external/392184439.sd.mp4?s=9b7a01f5c293045d51035011fb56b9af013cc219&profile_id=164
disproof, https://media.signbsl.com/videos/asl/youtube/mp4/fNUAFHuVCN4.mp4
disproportion, https://media.signbsl.com/videos/asl/youtube/mp4/RKluVrBY1rM.mp4
disprovable, https://media.signbsl.com/videos/asl/youtube/mp4/Xh1364MoLqQ.mp4
disputable, https://media.signbsl.com/videos/asl/youtube/mp4/vO77AZWEEVo.mp4
disputant, https://media.signbsl.com/videos/asl/youtube/mp4/DQ3E00mm_OE.mp4
disputation, https://media.signbsl.com/videos/asl/aslsearch/mp4/controversy.mp4
dispute, https://media.signbsl.com/videos/asl/aslsearch/mp4/dispute.mp4
disqualification, https://media.signbsl.com/videos/asl/youtube/mp4/I578bkEsvUE.mp4
disqualify, https://media.signbsl.com/videos/asl/youtube/mp4/dQ2LkgW1URg.mp4
disquiet, https://media.signbsl.com/videos/asl/youtube/mp4/ddFfUcrlA2E.mp4
disquieted, https://media.signbsl.com/videos/asl/startasl/mp4/upset.mp4
disquietude, https://media.signbsl.com/videos/asl/youtube/mp4/FpAhQj_gUlo.mp4
disregard, https://media.signbsl.com/videos/asl/aslsignbank/mp4/EXCUSE-833.mp4
disrepair, https://media.signbsl.com/videos/asl/youtube/mp4/EV506Tln2vE.mp4
disreputable, https://media.signbsl.com/videos/asl/youtube/mp4/6heCyYm4zPs.mp4
disrespectful, https://player.vimeo.com/external/391984565.sd.mp4?s=cdefd0997489c8f03fd8dd9b2547821732327549&profile_id=164
disrobe, https://media.signbsl.com/videos/asl/aslsearch/mp4/undress.mp4
disrupt, https://media.signbsl.com/videos/asl/aslsearch/mp4/interrupt.mp4
disrupted, https://player.vimeo.com/external/392670895.sd.mp4?s=5bcc785a4ce1f814383b88e3fb473c1f4e975baf&profile_id=164
disruption, https://media.signbsl.com/videos/asl/youtube/mp4/TP1xGosEXRo.mp4
disruptive, https://player.vimeo.com/external/392757061.sd.mp4?s=e51daa4d8279084c6db1e0648b94334848a36b02&profile_id=164
diss, https://media.signbsl.com/videos/asl/aslsignbank/mp4/INSULT-2970.mp4
dissatisfaction, https://media.signbsl.com/videos/asl/youtube/mp4/3AfPKuajdHQ.mp4
dissatisfied, https://media.signbsl.com/videos/asl/aslsearch/mp4/disgruntled.mp4
dissect, https://player.vimeo.com/external/391984661.sd.mp4?s=c16bb6ce8e1f1993b9886b5607a7e6729bbbf035&profile_id=164
dissemblance, https://media.signbsl.com/videos/asl/youtube/mp4/Q0SNdeCZZhw.mp4
dissemble, https://media.signbsl.com/videos/asl/aslsearch/mp4/pretend.mp4
dissembler, https://media.signbsl.com/videos/asl/aslsignbank/mp4/HYPOCRITE-754.mp4
disseminate, https://media.signbsl.com/videos/asl/aslsearch/mp4/broadcast2.mp4
dissemination, https://media.signbsl.com/videos/asl/youtube/mp4/rebW1EXg_Jk.mp4
disseminator, https://media.signbsl.com/videos/asl/youtube/mp4/bX_qotQqNOo.mp4
dissension, https://player.vimeo.com/external/391984740.sd.mp4?s=dd54d57009fe10a709897425bad6c9f567a12583&profile_id=164
dissent, https://media.signbsl.com/videos/asl/startasl/mp4/disagree.mp4
dissent among the authorities, https://media.signbsl.com/videos/asl/youtube/mp4/pPjcHeTI4fw.mp4
dissentious, https://media.signbsl.com/videos/asl/youtube/mp4/iCbJ73OREkA.mp4
dissertation, https://media.signbsl.com/videos/asl/youtube/mp4/chQdo1i_rQQ.mp4
disservice, https://media.signbsl.com/videos/asl/youtube/mp4/uRga5BICuqU.mp4
dissever, https://media.signbsl.com/videos/asl/aslsignbank/mp4/DIVIDE-803.mp4
dissidence, https://media.signbsl.com/videos/asl/youtube/mp4/nRbbCDeSFJ8.mp4
dissimilar, https://media.signbsl.com/videos/asl/aslsearch/mp4/unlike.mp4
dissimulate, https://media.signbsl.com/videos/asl/youtube/mp4/puHvNkMoeTg.mp4
dissipate, https://media.signbsl.com/videos/asl/youtube/mp4/soT1b-94hg4.mp4
dissipated, https://media.signbsl.com/videos/asl/youtube/mp4/QTAtKY8Uvl4.mp4
dissociate, https://media.signbsl.com/videos/asl/youtube/mp4/hwpLyl6Y2fU.mp4
dissociated, https://media.signbsl.com/videos/asl/youtube/mp4/XlM38Q9cUIs.mp4
dissoluble, https://media.signbsl.com/videos/asl/youtube/mp4/Zx0W46KfHdk.mp4
dissolute, https://media.signbsl.com/videos/asl/youtube/mp4/QTAtKY8Uvl4.mp4
dissoluteness, https://media.signbsl.com/videos/asl/youtube/mp4/Tq5ih3Oppjo.mp4
dissolution, https://media.signbsl.com/videos/asl/aslsearch/mp4/lack.mp4
dissolvable, https://media.signbsl.com/videos/asl/youtube/mp4/Zx0W46KfHdk.mp4
dissolve, https://media.signbsl.com/videos/asl/aslsignbank/mp4/DISSOLVE-1262.mp4
dissolvent, https://media.signbsl.com/videos/asl/youtube/mp4/RU8T5Kfg1zM.mp4
dissolver, https://media.signbsl.com/videos/asl/youtube/mp4/RU8T5Kfg1zM.mp4
dissolving agent, https://media.signbsl.com/videos/asl/youtube/mp4/RU8T5Kfg1zM.mp4
dissonance, https://media.signbsl.com/videos/asl/youtube/mp4/8VdQWpN-skI.mp4
dissonant, https://media.signbsl.com/videos/asl/youtube/mp4/w7k8UHMNFlk.mp4
dissuade, https://media.signbsl.com/videos/asl/youtube/mp4/FCCs1_vu3uQ.mp4
distance, https://media.signbsl.com/videos/asl/aslsignbank/mp4/FAR-699.mp4
distance formula, https://media.signbsl.com/videos/asl/youtube/mp4/7nE2GYL0ZnU.mp4
dissociate, https://media.signbsl.com/videos/asl/youtube/mp4/hwpLyl6Y2fU.mp4
dissociated, https://media.signbsl.com/videos/asl/youtube/mp4/XlM38Q9cUIs.mp4
dissoluble, https://media.signbsl.com/videos/asl/youtube/mp4/Zx0W46KfHdk.mp4
dissolute, https://media.signbsl.com/videos/asl/youtube/mp4/QTAtKY8Uvl4.mp4
dissoluteness, https://media.signbsl.com/videos/asl/youtube/mp4/Tq5ih3Oppjo.mp4
dissolution, https://media.signbsl.com/videos/asl/aslsearch/mp4/lack.mp4
dissolvable, https://media.signbsl.com/videos/asl/youtube/mp4/Zx0W46KfHdk.mp4
dissolve, https://media.signbsl.com/videos/asl/aslsignbank/mp4/DISSOLVE-1262.mp4
dissolvent, https://media.signbsl.com/videos/asl/youtube/mp4/RU8T5Kfg1zM.mp4
dissolver, https://media.signbsl.com/videos/asl/youtube/mp4/RU8T5Kfg1zM.mp4
dissolving agent, https://media.signbsl.com/videos/asl/youtube/mp4/RU8T5Kfg1zM.mp4
dissonance, https://media.signbsl.com/videos/asl/youtube/mp4/8VdQWpN-skI.mp4
dissonant, https://media.signbsl.com/videos/asl/youtube/mp4/w7k8UHMNFlk.mp4
dissuade, https://media.signbsl.com/videos/asl/youtube/mp4/FCCs1_vu3uQ.mp4
distance, https://media.signbsl.com/videos/asl/aslsignbank/mp4/FAR-699.mp4
distance formula, https://media.signbsl.com/videos/asl/youtube/mp4/7nE2GYL0ZnU.mp4
distant, https://media.signbsl.com/videos/asl/youtube/mp4/DTiTVEfoiSM.mp4
distaste, https://media.signbsl.com/videos/asl/youtube/mp4/v82jkEYo5Pg.mp4
distasteful, https://player.vimeo.com/external/392438285.sd.mp4?s=7788e41045bbb664e3772d01efbb2665c9ac374c&profile_id=164
distemper, https://media.signbsl.com/videos/asl/youtube/mp4/TLnVi8jG-n8.mp4
distend, https://media.signbsl.com/videos/asl/aslsearch/mp4/dilate.mp4
distended, https://media.signbsl.com/videos/asl/startasl/mp4/swollen.mp4
distich, https://media.signbsl.com/videos/asl/youtube/mp4/cN94zer8G6s.mp4
distil, https://media.signbsl.com/videos/asl/youtube/mp4/B9yMfmtY8zo.mp4
distill, https://media.signbsl.com/videos/asl/youtube/mp4/B9yMfmtY8zo.mp4
distillation, https://media.signbsl.com/videos/asl/deaftec/mp4/1369.mp4
distiller, https://media.signbsl.com/videos/asl/youtube/mp4/1HJFQubTcx8.mp4
distillery, https://media.signbsl.com/videos/asl/youtube/mp4/iqnOi5yIEtc.mp4
distillment, https://media.signbsl.com/videos/asl/deaftec/mp4/1369.mp4
distinct, https://media.signbsl.com/videos/asl/aslsignbank/mp4/MIND-SET-2744.mp4
distinction, https://media.signbsl.com/videos/asl/youtube/mp4/6FXXwRAy3Wc.mp4
distinctive, https://media.signbsl.com/videos/asl/youtube/mp4/BEJa1imWCt8.mp4
distinguish, https://media.signbsl.com/videos/asl/youtube/mp4/RQRYjUrdbTg.mp4
distinguishable, https://media.signbsl.com/videos/asl/youtube/mp4/PLrgbkEfVFo.mp4
distinguished, https://player.vimeo.com/external/391984929.sd.mp4?s=a25624e3782b76154b670b77748a3187322ea0fa&profile_id=164
distort, https://media.signbsl.com/videos/asl/youtube/mp4/zxxGNhIjZ6U.mp4
distorted, https://player.vimeo.com/external/392282966.sd.mp4?s=6301f9d23b399dd097548e1317e2137b1f4f8c0c&profile_id=164
distract, https://media.signbsl.com/videos/asl/youtube/mp4/ddFfUcrlA2E.mp4
distracted, https://media.signbsl.com/videos/asl/youtube/mp4/0EV3dfu-9ns.mp4
distracted driving, https://player.vimeo.com/external/391985000.sd.mp4?s=54befa5a60ce1bc0e789159d712ee6648fe06f59&profile_id=164
distrait, https://media.signbsl.com/videos/asl/youtube/mp4/0EV3dfu-9ns.mp4
distraught, https://media.signbsl.com/videos/asl/youtube/mp4/UtPwVLFGoWM.mp4
distress, https://media.signbsl.com/videos/asl/valleybible/mp4/suffering.mp4
distressed, https://media.signbsl.com/videos/asl/startasl/mp4/upset.mp4
distressing, https://media.signbsl.com/videos/asl/youtube/mp4/OhW1JxbNX8Y.mp4
distribute, https://media.signbsl.com/videos/asl/aslsearch/mp4/broadcast2.mp4
distributed, https://media.signbsl.com/videos/asl/AustinCommunityCollege/mp4/elec_distributed_.mp4
distributer, https://media.signbsl.com/videos/asl/AustinCommunityCollege/mp4/auto_distributor_.mp4
distributive, https://media.signbsl.com/videos/asl/deaftec-math/mp4/19D-1.mp4
distributive property, https://media.signbsl.com/videos/asl/elementalaslconcepts/mp4/distributive_property.mp4
distributive property of multiplication, https://media.signbsl.com/videos/asl/youtube/mp4/i7BBF4SaxAk.mp4
distributive property of multiplication over addition, https://media.signbsl.com/videos/asl/youtube/mp4/ekhelVnmyT0.mp4
distributor, https://media.signbsl.com/videos/asl/AustinCommunityCollege/mp4/auto_distributor_.mp4
district, https://media.signbsl.com/videos/asl/signlanguagestudent/mp4/district.mp4
District President, https://media.signbsl.com/videos/asl/ids/mp4/2013-11-1370-district-president-1500k-ase.mp4
distrust, https://media.signbsl.com/videos/asl/aslsearch/mp4/suspect.mp4
disturb, https://media.signbsl.com/videos/asl/aslsearch/mp4/disturb.mp4
disturbance, https://media.signbsl.com/videos/asl/youtube/mp4/TP1xGosEXRo.mp4
disturbed, https://media.signbsl.com/videos/asl/startasl/mp4/upset.mp4
disunite, https://media.signbsl.com/videos/asl/aslsearch/mp4/separate.mp4
disuse, https://media.signbsl.com/videos/asl/youtube/mp4/5TPaoiQDzqI.mp4
ditch, https://media.signbsl.com/videos/asl/youtube/mp4/JUiJUHrwOUk.mp4
ditch dug, https://player.vimeo.com/external/391985223.sd.mp4?s=8b07d7abf3435a1e94a75bc304f3676d541d9001&profile_id=164
ditchmoss, https://media.signbsl.com/videos/asl/elementalaslconcepts/mp4/elodea.mp4
dither, https://media.signbsl.com/videos/asl/youtube/mp4/IkOn4AJRX6g.mp4
ditties, https://media.signbsl.com/videos/asl/youtube/mp4/wLSkrtpD8EA.mp4
ditto, https://media.signbsl.com/videos/asl/youtube/mp4/0b2v-kbWuT8.mp4
ditto mark, https://media.signbsl.com/videos/asl/youtube/mp4/0b2v-kbWuT8.mp4
ditty, https://media.signbsl.com/videos/asl/youtube/mp4/wLSkrtpD8EA.mp4
ditz around, https://media.signbsl.com/videos/asl/youtube/mp4/oSmdxkzsUPM.mp4
diuretic, https://media.signbsl.com/videos/asl/youtube/mp4/EpVmVaHO9HU.mp4
diuretic drug, https://media.signbsl.com/videos/asl/youtube/mp4/EpVmVaHO9HU.mp4
diurnal, https://media.signbsl.com/videos/asl/youtube/mp4/LHjJ6wFNB04.mp4
diva, https://media.signbsl.com/videos/asl/youtube/mp4/lRs-5uMLF4o.mp4
divagate, https://media.signbsl.com/videos/asl/youtube/mp4/JY1ZcIBZF8E.mp4
dive, https://media.signbsl.com/videos/asl/aslsignbank/mp4/DIVE-2743.mp4
dive into, https://media.signbsl.com/videos/asl/aslsignbank/mp4/REALLY-INTO-949.mp4
diver, https://media.signbsl.com/videos/asl/youtube/mp4/j4yKlbEemzo.mp4
diverge, https://media.signbsl.com/videos/asl/aslsignbank/mp4/DEPART-286.mp4
divergence, https://media.signbsl.com/videos/asl/youtube/mp4/KS11C8aD1qI.mp4
divers, https://media.signbsl.com/videos/asl/aslsearch/mp4/diverse.mp4
diverse, https://media.signbsl.com/videos/asl/aslsearch/mp4/diverse.mp4
diverseness, https://media.signbsl.com/videos/asl/startasl/mp4/diversity.mp4
diversion, https://media.signbsl.com/videos/asl/youtube/mp4/twZ9YucoVMw.mp4
diversity, https://media.signbsl.com/videos/asl/startasl/mp4/diversity.mp4
divert, https://media.signbsl.com/videos/asl/aslsignbank/mp4/ENJOY-574.mp4
diverticulitis, https://media.signbsl.com/videos/asl/youtube/mp4/GG0y6337R8g.mp4
divertimento, https://media.signbsl.com/videos/asl/youtube/mp4/jiE_O24ASEI.mp4
diverting, https://media.signbsl.com/videos/asl/aslsignbank/mp4/FUN-141.mp4
divest, https://media.signbsl.com/videos/asl/aslsearch/mp4/strip.mp4
dividable, https://media.signbsl.com/videos/asl/youtube/mp4/NIp98qWTc_0.mp4
divide, https://media.signbsl.com/videos/asl/aslsignbank/mp4/DIVIDE-803.mp4
divide into, https://media.signbsl.com/videos/asl/youtube/mp4/lQECikepU4g.mp4
dividend, https://media.signbsl.com/videos/asl/tsdvideo/mp4/448.mp4
divinatory, https://media.signbsl.com/videos/asl/youtube/mp4/f5PUMjZX5Pk.mp4
Divine, https://media.signbsl.com/videos/asl/aslsignbank/mp4/LORD-2412.mp4
diviner, https://media.signbsl.com/videos/asl/youtube/mp4/rRaDye4T_RA.mp4
diving, https://media.signbsl.com/videos/asl/aslsignbank/mp4/DIVE-2743.mp4
divinity, https://media.signbsl.com/videos/asl/aslsearch/mp4/theology.mp4
divinyl ether, https://media.signbsl.com/videos/asl/youtube/mp4/RYmM-xeHBeQ.mp4
divisibility, https://media.signbsl.com/videos/asl/tsdvideo/mp4/218.mp4
divisible, https://media.signbsl.com/videos/asl/youtube/mp4/SpwTQdIlj84.mp4
division, https://media.signbsl.com/videos/asl/aslsignbank/mp4/QUARTER-998.mp4
division property for inequality, https://media.signbsl.com/videos/asl/youtube/mp4/0KsbBAZtHWE.mp4
division property of equality, https://media.signbsl.com/videos/asl/youtube/mp4/_CIorl21BNE.mp4
division sign, https://player.vimeo.com/external/391985437.sd.mp4?s=952f40aef0159e4fa2c07b2395c06945916c919e&profile_id=164
divisive, https://media.signbsl.com/videos/asl/youtube/mp4/iCbJ73OREkA.mp4
divisor, https://media.signbsl.com/videos/asl/tsdvideo/mp4/450.mp4
divisordivisors, https://media.signbsl.com/videos/asl/youtube/mp4/l4OSfWEFzSE.mp4
divorce, https://media.signbsl.com/videos/asl/aslsearch/mp4/divorce.mp4
divorced, https://media.signbsl.com/videos/asl/startasl/mp4/divorce.mp4
divorcee, https://media.signbsl.com/videos/asl/youtube/mp4/u454InQjIIY.mp4
divorce rate, https://player.vimeo.com/external/391985525.sd.mp4?s=b256768558c1383d008c02e888a057ed63dcce4f&profile_id=164
divulge, https://player.vimeo.com/external/392143995.sd.mp4?s=e6bfb68f36f1205d91fc549b81d345a068e0b2ed&profile_id=164
divvy up, https://media.signbsl.com/videos/asl/aslsearch/mp4/sort.mp4
diwali, https://player.vimeo.com/external/391987580.sd.mp4?s=2d7af168cddb5063cfb16fed94ebc095a6ff5de0&profile_id=164
Dixie, https://media.signbsl.com/videos/asl/youtube/mp4/nAkOsgT15kY.mp4
Dixieland, https://media.signbsl.com/videos/asl/youtube/mp4/nAkOsgT15kY.mp4
dizen, https://media.signbsl.com/videos/asl/youtube/mp4/MtmV4aH0FDU.mp4
dizzy, https://media.signbsl.com/videos/asl/startasl/mp4/dizzy.mp4
dj disc jockey, https://player.vimeo.com/external/392671690.sd.mp4?s=4248151d973768986c8e6d3a93aad4c9c421d812&profile_id=164
Djibouti, https://media.signbsl.com/videos/asl/youtube/mp4/VT261GvFMh0.mp4
djinni, https://media.signbsl.com/videos/asl/youtube/mp4/VSYF9A6sho8.mp4
djinny, https://media.signbsl.com/videos/asl/youtube/mp4/VSYF9A6sho8.mp4
dm, https://media.signbsl.com/videos/asl/elementalaslconcepts/mp4/decimeter.mp4
DNA, https://media.signbsl.com/videos/asl/youtube/mp4/qXM2qT8u5kY.mp4
dns, https://media.signbsl.com/videos/asl/deaftec/mp4/964.mp4
do, https://media.signbsl.com/videos/asl/signlanguagestudent/mp4/do.mp4
doable, https://media.signbsl.com/videos/asl/youtube/mp4/WlGsV1dqb7g.mp4
do alternate, https://media.signbsl.com/videos/asl/signlanguagestudent/mp4/do%20(alternate).mp4
do away with, https://media.signbsl.com/videos/asl/aslsearch/mp4/eliminate.mp4
doc, https://media.signbsl.com/videos/asl/startasl/mp4/doctor.mp4
docent, https://media.signbsl.com/videos/asl/youtube/mp4/6m_ynG3cW4I.mp4
docile, https://media.signbsl.com/videos/asl/youtube/mp4/u-3hJQpPdIg.mp4
dock, https://media.signbsl.com/videos/asl/youtube/mp4/YIbXLIlz8hw.mp4
docker, https://media.signbsl.com/videos/asl/youtube/mp4/pjDwhof8pAc.mp4
docket, https://media.signbsl.com/videos/asl/unoclimb/mp4/NstDyBwNjrE.mp4
dockhand, https://media.signbsl.com/videos/asl/youtube/mp4/pjDwhof8pAc.mp4
dock walloper, https://media.signbsl.com/videos/asl/youtube/mp4/pjDwhof8pAc.mp4
dock worker, https://media.signbsl.com/videos/asl/youtube/mp4/pjDwhof8pAc.mp4
dockyard, https://media.signbsl.com/videos/asl/youtube/mp4/o3PDjsur1Bk.mp4
doctor, https://media.signbsl.com/videos/asl/startasl/mp4/doctor.mp4
doctorate phd, https://player.vimeo.com/external/391987830.sd.mp4?s=09d1fb8ea0daa37dd417fe3897d3db59663111b3&profile_id=164
doctorcontaminate, https://media.signbsl.com/videos/asl/youtube/mp4/ciFHe376efE.mp4
Doctor of Divinity, https://media.signbsl.com/videos/asl/aslsearch/mp4/dd.mp4
doctor stethoscope, https://media.signbsl.com/videos/asl/aslsignbank/mp4/DOCTOR-STETHOSCOPE-3199.mp4
doctrinal, https://media.signbsl.com/videos/asl/youtube/mp4/ADJxdKvanuk.mp4
doctrine, https://media.signbsl.com/videos/asl/signlanguagestudent/mp4/doctrine.mp4
Doctrine and Covenants, https://media.signbsl.com/videos/asl/ids/mp4/2013-11-1400-doctrine-and-covenants-1500k-ase.mp4
doctrine of christ, https://media.signbsl.com/videos/asl/valleybible/mp4/Doctrine%20of%20Christ.mp4
docudrama, https://player.vimeo.com/external/392671757.sd.mp4?s=eb42adbe215208172548bcafd8e76b2b6d155023&profile_id=164
document, https://media.signbsl.com/videos/asl/aslsearch/mp4/document.mp4
documentaries, https://player.vimeo.com/external/392671757.sd.mp4?s=eb42adbe215208172548bcafd8e76b2b6d155023&profile_id=164
documentary, https://player.vimeo.com/external/392671757.sd.mp4?s=eb42adbe215208172548bcafd8e76b2b6d155023&profile_id=164
documentary film, https://player.vimeo.com/external/392671757.sd.mp4?s=eb42adbe215208172548bcafd8e76b2b6d155023&profile_id=164
documentation, https://media.signbsl.com/videos/asl/aslsearch/mp4/documentation.mp4
documents, https://media.signbsl.com/videos/asl/aslsearch/mp4/document.mp4
dodder, https://player.vimeo.com/external/392522700.sd.mp4?s=2f372d1be7a044e4007848cb03f6debdd3480b2b&profile_id=164
doddering, https://media.signbsl.com/videos/asl/youtube/mp4/1Ft_uHRJMeE.mp4
doddery, https://media.signbsl.com/videos/asl/youtube/mp4/1Ft_uHRJMeE.mp4
dodge, https://media.signbsl.com/videos/asl/youtube/mp4/tVkSgOZqRRM.mp4
dodgeball, https://media.signbsl.com/videos/asl/youtube/mp4/63IEmTamsW0.mp4
Dodgem, https://player.vimeo.com/external/391222357.sd.mp4?s=557741c379b49c18b56a6c0d1c0c7656a2c9be45&profile_id=164
dodger, https://media.signbsl.com/videos/asl/youtube/mp4/zm1Q3jnPGi0.mp4
dodgy, https://media.signbsl.com/videos/asl/youtube/mp4/6ghfSzLcMK0.mp4
do do, https://media.signbsl.com/videos/asl/youtube/mp4/QAt27obT31k.mp4
dodo, https://media.signbsl.com/videos/asl/youtube/mp4/QAt27obT31k.mp4
doe, https://media.signbsl.com/videos/asl/youtube/mp4/bA2bcF6PCFc.mp4
doer, https://media.signbsl.com/videos/asl/aslsearch/mp4/worker.mp4
doeskin, https://media.signbsl.com/videos/asl/youtube/mp4/sChWPpwEvfg.mp4
does not, https://media.signbsl.com/videos/asl/aslsearch/mp4/does-not.mp4
doesnt matter, https://media.signbsl.com/videos/asl/startasl/mp4/doesnt-matter.mp4
dog, https://media.signbsl.com/videos/asl/startasl/mp4/dog.mp4
dogcatcher, NA
dog collar, NA
dogfight, https://media.signbsl.com/videos/asl/youtube/mp4/-44GWguEIcc.mp4
dogfingt, https://media.signbsl.com/videos/asl/youtube/mp4/nOEe6Vqk3YU.mp4
dogfish, https://media.signbsl.com/videos/asl/youtube/mp4/TVyNzYVDKv8.mp4
doggerel, https://media.signbsl.com/videos/asl/youtube/mp4/ObpSIq8MxdQ.mp4
doggerel verse, https://media.signbsl.com/videos/asl/youtube/mp4/ObpSIq8MxdQ.mp4
doggie, https://media.signbsl.com/videos/asl/youtube/mp4/UDv_rqKV9f4.mp4
doggie bag, https://media.signbsl.com/videos/asl/youtube/mp4/X_G8WnaxAdY.mp4
doggone, https://media.signbsl.com/videos/asl/youtube/mp4/bWJxG1giMbQ.mp4
doggy, https://media.signbsl.com/videos/asl/youtube/mp4/UDv_rqKV9f4.mp4
doggy bag, https://media.signbsl.com/videos/asl/youtube/mp4/X_G8WnaxAdY.mp4
dog house, https://media.signbsl.com/videos/asl/aslsearch/mp4/kennel.mp4
doghouse, https://media.signbsl.com/videos/asl/aslsearch/mp4/kennel.mp4
dogie, https://media.signbsl.com/videos/asl/youtube/mp4/bXuxtuU63zM.mp4
dog lapping water, https://media.signbsl.com/videos/asl/youtube/mp4/dDCc4CyfrK8.mp4
dogma, https://media.signbsl.com/videos/asl/youtube/mp4/DGx8f4sQFEg.mp4
dogmatise, https://media.signbsl.com/videos/asl/youtube/mp4/Dgv362a7fIc.mp4
dogmatism, https://media.signbsl.com/videos/asl/youtube/mp4/gR4TF7batdg.mp4
dogmatize, https://media.signbsl.com/videos/asl/youtube/mp4/Dgv362a7fIc.mp4
dogshit, https://media.signbsl.com/videos/asl/aslsearch/mp4/crap.mp4
dog show, https://player.vimeo.com/external/392671812.sd.mp4?s=161eb3ea5923df6aba6706a02dd8bbc45b8e1a4b&profile_id=164
dog sled, https://media.signbsl.com/videos/asl/youtube/mp4/XS34IR6jHJI.mp4
dogsled, https://media.signbsl.com/videos/asl/youtube/mp4/XS34IR6jHJI.mp4
dog sleigh, https://media.signbsl.com/videos/asl/youtube/mp4/XS34IR6jHJI.mp4
dog tired, https://media.signbsl.com/videos/asl/aslsignbank/mp4/WORN-OUT-1461.mp4
dogy, https://media.signbsl.com/videos/asl/youtube/mp4/bXuxtuU63zM.mp4
Doha, https://media.signbsl.com/videos/asl/youtube/mp4/Zjr7JrZZGDg.mp4
dohickey, https://media.signbsl.com/videos/asl/youtube/mp4/pDK-as85qjU.mp4
doing, https://media.signbsl.com/videos/asl/aslsignbank/mp4/DO-DO-440.mp4
doing nothing, https://media.signbsl.com/videos/asl/youtube/mp4/KGHK-5Su7ak.mp4
doings, https://media.signbsl.com/videos/asl/aslsignbank/mp4/BEHAVIOR-2103.mp4
doing the same thing over and over again, https://media.signbsl.com/videos/asl/youtube/mp4/8IIyLmGQNMQ.mp4
do it yourself, https://player.vimeo.com/external/391987702.sd.mp4?s=59c6e2279d4194f1adbc2d546bc22cf33e364073&profile_id=164
dojigger, https://media.signbsl.com/videos/asl/youtube/mp4/pDK-as85qjU.mp4
doldrums, https://media.signbsl.com/videos/asl/youtube/mp4/gBrgK8R5Bpc.mp4
doleful, https://media.signbsl.com/videos/asl/youtube/mp4/PmHAFcbMxJk.mp4
doll, https://media.signbsl.com/videos/asl/aslsignbank/mp4/PLAYTOY-1295.mp4
dollar, https://media.signbsl.com/videos/asl/aslsignbank/mp4/DOLLAR-1268.mp4
dollar mark, https://media.signbsl.com/videos/asl/tsdvideo/mp4/1544.mp4
dollars, https://media.signbsl.com/videos/asl/aslsignbank/mp4/DOLLAR-1268.mp4
dollar sign, https://media.signbsl.com/videos/asl/tsdvideo/mp4/1544.mp4
dollhouse, https://media.signbsl.com/videos/asl/youtube/mp4/LHra5r3df-Y.mp4
dolls house, https://media.signbsl.com/videos/asl/youtube/mp4/LHra5r3df-Y.mp4
dolly, https://media.signbsl.com/videos/asl/aslsignbank/mp4/PLAYTOY-1295.mp4
dolophine hydrochloride, https://media.signbsl.com/videos/asl/youtube/mp4/UDnn7_vPZys.mp4
dolphin, https://media.signbsl.com/videos/asl/aslsignbank/mp4/DOLPHIN-2431.mp4
dolt, https://media.signbsl.com/videos/asl/youtube/mp4/8XhgGnhsOFw.mp4
domain, https://media.signbsl.com/videos/asl/aslsearch/mp4/sphere.mp4
domain name system, https://media.signbsl.com/videos/asl/deaftec/mp4/964.mp4
domain name system dns, https://media.signbsl.com/videos/asl/deaftec/mp4/964.mp4
dome, https://media.signbsl.com/videos/asl/youtube/mp4/jeRLmXPSc9o.mp4
domed, https://media.signbsl.com/videos/asl/youtube/mp4/NumFx8NO5DA.mp4
domestic, https://media.signbsl.com/videos/asl/aslsearch/mp4/domestic.mp4
domestic ass, https://media.signbsl.com/videos/asl/aslsearch/mp4/donkey.mp4
domestic dog, https://media.signbsl.com/videos/asl/startasl/mp4/dog.mp4
domestic fowl, https://media.signbsl.com/videos/asl/aslsearch/mp4/poultry.mp4
domicile, https://media.signbsl.com/videos/asl/aslsearch/mp4/live.mp4
domiciliate, https://media.signbsl.com/videos/asl/aslsearch/mp4/live.mp4
domiciliation, https://media.signbsl.com/videos/asl/youtube/mp4/k96nCjAUABE.mp4
dominance, https://media.signbsl.com/videos/asl/ids/mp4/2013-11-420-authority-1500k-ase.mp4
dominant, https://media.signbsl.com/videos/asl/youtube/mp4/CiKsFIp2QMs.mp4
dominant genetics, https://media.signbsl.com/videos/asl/deaftec/mp4/1370.mp4
dominated, https://media.signbsl.com/videos/asl/youtube/mp4/J1h8KNbk2Z0.mp4
dominating, https://player.vimeo.com/external/391209793.sd.mp4?s=fffad125c766bc15de55b0924d5a4efa9cc0fbeb&profile_id=164
domination, https://media.signbsl.com/videos/asl/youtube/mp4/uT_vB9T1jbw.mp4
Dominica, https://media.signbsl.com/videos/asl/youtube/mp4/xb6Y8ZRcUMQ.mp4
Dominican Republic, https://media.signbsl.com/videos/asl/youtube/mp4/NQDPwmQNnh8.mp4
Dominicus, https://media.signbsl.com/videos/asl/startasl/mp4/sunday.mp4
dominion, https://media.signbsl.com/videos/asl/signlanguagestudent/mp4/district.mp4
don, https://media.signbsl.com/videos/asl/aslsignbank/mp4/MISS-GET-1602.mp4
don't, https://media.signbsl.com/videos/asl/aslsignbank/mp4/E(don't)-1905.mp4
don't know, https://media.signbsl.com/videos/asl/startasl/mp4/dont-know.mp4
Donald Trump, https://media.signbsl.com/videos/asl/thefamilyvocab/mp4/Trump.mp4
donate, https://media.signbsl.com/videos/asl/startasl/mp4/donate.mp4
donation, https://media.signbsl.com/videos/asl/elementalaslconcepts/mp4/contribution.mp4
done, https://media.signbsl.com/videos/asl/aslsignbank/mp4/HAD-ENOUGH-1849.mp4
donee, https://media.signbsl.com/videos/asl/youtube/mp4/pXO1fN0aT2c.mp4
done in, https://media.signbsl.com/videos/asl/youtube/mp4/Eu_8tNXIiKs.mp4
done with topic, https://media.signbsl.com/videos/asl/youtube/mp4/Y4pXgyrDBvA.mp4
dong, https://media.signbsl.com/videos/asl/youtube/mp4/57PGIIz9dFM.mp4
donkey, https://media.signbsl.com/videos/asl/aslsearch/mp4/donkey.mp4
donkeywork, https://media.signbsl.com/videos/asl/youtube/mp4/SC_gLyVQRRE.mp4
donor, https://media.signbsl.com/videos/asl/youtube/mp4/J2dpjPDpEHI.mp4
do not, https://player.vimeo.com/external/391987733.sd.mp4?s=83baf891e491d7feb48bc74bde94ce2df611579f&profile_id=164
do not believe, https://media.signbsl.com/videos/asl/aslsignbank/mp4/SKEPTICAL-3053.mp4
do not have, https://media.signbsl.com/videos/asl/aslsignbank/mp4/DON'T-HAVE-3050.mp4
do not know, https://media.signbsl.com/videos/asl/aslsignbank/mp4/DON'T-KNOW-113.mp4
do not mind, https://media.signbsl.com/videos/asl/aslsignbank/mp4/DON'T-CARE-1270.mp4
do not need, https://media.signbsl.com/videos/asl/aslsignbank/mp4/NOT-NEED-1557.mp4
dont, https://media.signbsl.com/videos/asl/aslsignbank/mp4/E(don't)-1905.mp4
dont, NA
dont care, https://media.signbsl.com/videos/asl/startasl/mp4/dont-care.mp4
dont do that, https://media.signbsl.com/videos/asl/aslsignbank/mp4/E(no)-1894.mp4
dont eat, https://media.signbsl.com/videos/asl/elementalaslconcepts/mp4/dont_eat.mp4
dont have, https://media.signbsl.com/videos/asl/aslsignbank/mp4/i(nah)-2798.mp4
dont judge a book by cover, https://media.signbsl.com/videos/asl/youtube/mp4/3CTCx0aueQE.mp4
dont know, https://media.signbsl.com/videos/asl/startasl/mp4/dont-know.mp4
dont like, https://media.signbsl.com/videos/asl/startasl/mp4/dont-like.mp4
dont move, https://media.signbsl.com/videos/asl/aslsignbank/mp4/E(stay-there)-1884.mp4
dont need, https://media.signbsl.com/videos/asl/aslsignbank/mp4/DON'T-NEED-1272.mp4
dont touch, https://media.signbsl.com/videos/asl/elementalaslconcepts/mp4/dont_touch.mp4
dont understand, https://media.signbsl.com/videos/asl/elementalaslconcepts/mp4/dont_understand.mp4
dont want, https://media.signbsl.com/videos/asl/startasl/mp4/dont-want.mp4
dont worry about it, https://media.signbsl.com/videos/asl/aslsignbank/mp4/E(forget-it)-1903.mp4
donut, https://media.signbsl.com/videos/asl/aslsignbank/mp4/DONUT-3284.mp4
doodad, https://media.signbsl.com/videos/asl/youtube/mp4/pDK-as85qjU.mp4
doodle, https://media.signbsl.com/videos/asl/youtube/mp4/XofiY8T7dl4.mp4
doodler, https://media.signbsl.com/videos/asl/youtube/mp4/q9UvJrrm_eE.mp4
doofus, https://media.signbsl.com/videos/asl/startasl/mp4/nit-wit.mp4
doohickey, https://media.signbsl.com/videos/asl/youtube/mp4/pDK-as85qjU.mp4
doom, https://media.signbsl.com/videos/asl/youtube/mp4/QnSyLRKmgLQ.mp4
doomed, https://media.signbsl.com/videos/asl/youtube/mp4/tj7dbs5J9DU.mp4
doomsayer, https://media.signbsl.com/videos/asl/youtube/mp4/tkbpprMd4dk.mp4
doomsday, https://media.signbsl.com/videos/asl/youtube/mp4/GAKho6Y_VDM.mp4
door, https://media.signbsl.com/videos/asl/startasl/mp4/door.mp4
doorbell, https://media.signbsl.com/videos/asl/youtube/mp4/t3EFmWy_26g.mp4
door guard, https://media.signbsl.com/videos/asl/youtube/mp4/W2QiXe302Zk.mp4
doorhandle, https://media.signbsl.com/videos/asl/youtube/mp4/65MwsCujnIY.mp4
doorkeeper, https://media.signbsl.com/videos/asl/youtube/mp4/W2QiXe302Zk.mp4
doorknob, https://media.signbsl.com/videos/asl/youtube/mp4/65MwsCujnIY.mp4
doorknocker, https://media.signbsl.com/videos/asl/youtube/mp4/EY-HYWI8Vwg.mp4
doorman, https://media.signbsl.com/videos/asl/youtube/mp4/W2QiXe302Zk.mp4
doorsill, https://media.signbsl.com/videos/asl/youtube/mp4/51A1CotPvZU.mp4
door step, https://media.signbsl.com/videos/asl/youtube/mp4/51A1CotPvZU.mp4
doorstep, https://media.signbsl.com/videos/asl/youtube/mp4/51A1CotPvZU.mp4
doorway, https://media.signbsl.com/videos/asl/youtube/mp4/v1o5CA1T9Wg.mp4
dope, https://media.signbsl.com/videos/asl/youtube/mp4/FdUZb3NFrj0.mp4
dope off, https://media.signbsl.com/videos/asl/youtube/mp4/6T2tA6p8D3A.mp4
doper, https://media.signbsl.com/videos/asl/youtube/mp4/ZPaFeXh21mw.mp4
dopier, https://media.signbsl.com/videos/asl/youtube/mp4/qS4X3a2CyOo.mp4
doppelganger, https://media.signbsl.com/videos/asl/youtube/mp4/sTO766eyboU.mp4
Doppler effect, https://media.signbsl.com/videos/asl/youtube/mp4/-XIrNOwsRoY.mp4
Doppler shift, https://media.signbsl.com/videos/asl/youtube/mp4/-XIrNOwsRoY.mp4
dorm, https://media.signbsl.com/videos/asl/startasl/mp4/dorm.mp4
dormancy, https://media.signbsl.com/videos/asl/youtube/mp4/Z_6zu4CAbDA.mp4
dormic, https://media.signbsl.com/videos/asl/youtube/mp4/BtTA-gBARjc.mp4
dormitory, https://media.signbsl.com/videos/asl/startasl/mp4/dorm.mp4
dorothy, https://media.signbsl.com/videos/asl/youtube/mp4/BmmcGk63p2k.mp4
dorsal, https://media.signbsl.com/videos/asl/youtube/mp4/9-A0JzUOfgc.mp4
dory, https://media.signbsl.com/videos/asl/youtube/mp4/Kx1MtbtzmXQ.mp4
dosage, https://media.signbsl.com/videos/asl/youtube/mp4/qFb849jewVw.mp4
dose, https://media.signbsl.com/videos/asl/youtube/mp4/qFb849jewVw.mp4
doss, https://media.signbsl.com/videos/asl/youtube/mp4/hQYqvZOhx4c.mp4
doss down, https://media.signbsl.com/videos/asl/youtube/mp4/hQYqvZOhx4c.mp4
dosser, https://media.signbsl.com/videos/asl/youtube/mp4/8-xKFgm4f94.mp4
dosshouse, https://media.signbsl.com/videos/asl/youtube/mp4/QIqvK5N0Uog.mp4
dossier, https://media.signbsl.com/videos/asl/youtube/mp4/zvSk8Qzsy1k.mp4
dot, https://media.signbsl.com/videos/asl/youtube/mp4/4BrzyVZZXr0.mp4
dotage, https://media.signbsl.com/videos/asl/youtube/mp4/eiSV3gNqNm0.mp4
dot all the is and cross all the ts, https://media.signbsl.com/videos/asl/youtube/mp4/xKdmX6Ye8dQ.mp4
dot com, https://media.signbsl.com/videos/asl/mariekatzenbachschool/mp4/dot%20com.mp4
dotcom, https://media.signbsl.com/videos/asl/mariekatzenbachschool/mp4/dot%20com.mp4
dot com company, https://media.signbsl.com/videos/asl/mariekatzenbachschool/mp4/dot%20com.mp4
dote, https://media.signbsl.com/videos/asl/youtube/mp4/HD81Jd4IW58.mp4
do that again, https://media.signbsl.com/videos/asl/youtube/mp4/Vom1anGC4h8.mp4
dots, https://media.signbsl.com/videos/asl/youtube/mp4/4BrzyVZZXr0.mp4
dottily, https://media.signbsl.com/videos/asl/youtube/mp4/YAy2iV0JQBc.mp4
dotty, https://media.signbsl.com/videos/asl/startasl/mp4/nuts.mp4
double, https://media.signbsl.com/videos/asl/aslsignbank/mp4/DOUBLE-814.mp4
double back, https://media.signbsl.com/videos/asl/youtube/mp4/F-EIG1ei2lE.mp4
double dealing, https://player.vimeo.com/external/392539026.sd.mp4?s=cd8fe4e5cefac7e3ba61198d0556ba8fd965b2ad&profile_id=164
double decker, https://media.signbsl.com/videos/asl/startasl/mp4/bus.mp4
double displacement, https://media.signbsl.com/videos/asl/youtube/mp4/5WCyeQvrLK0.mp4
double faced, https://player.vimeo.com/external/392539026.sd.mp4?s=cd8fe4e5cefac7e3ba61198d0556ba8fd965b2ad&profile_id=164
double feature, https://media.signbsl.com/videos/asl/youtube/mp4/w4vAz6S6FhI.mp4
doubleheader, https://media.signbsl.com/videos/asl/youtube/mp4/w4vAz6S6FhI.mp4
double pole single throw, https://media.signbsl.com/videos/asl/AustinCommunityCollege/mp4/elec_double_pole_.mp4
doublespeak, https://media.signbsl.com/videos/asl/youtube/mp4/P-IKfNv93wE.mp4
double tongued, https://player.vimeo.com/external/392539026.sd.mp4?s=cd8fe4e5cefac7e3ba61198d0556ba8fd965b2ad&profile_id=164
double up, https://media.signbsl.com/videos/asl/youtube/mp4/ZJpG3O4_Pws.mp4
doubt, https://media.signbsl.com/videos/asl/signlanguagestudent/mp4/doubt.mp4
doubter, https://media.signbsl.com/videos/asl/youtube/mp4/tIKaRRdjcTo.mp4
doubtful, https://player.vimeo.com/external/391992744.sd.mp4?s=8e5bd513f77e9d051173a1e71670883d4238914e&profile_id=164
doubtfulness, https://media.signbsl.com/videos/asl/signlanguagestudent/mp4/doubt.mp4
doubtless, https://media.signbsl.com/videos/asl/youtube/mp4/yDtd6XAypd4.mp4
doubt wavering, https://media.signbsl.com/videos/asl/signlanguagestudent/mp4/doubt%20(wavering).mp4
douche, https://media.signbsl.com/videos/asl/youtube/mp4/yEK-YQl8i_I.mp4
dough, https://media.signbsl.com/videos/asl/youtube/mp4/TkKnWVP21KQ.mp4
doughboy, https://media.signbsl.com/videos/asl/youtube/mp4/XVJ1y6bUzGI.mp4
doughnut, https://media.signbsl.com/videos/asl/aslsignbank/mp4/DONUT-3284.mp4
doughy, https://media.signbsl.com/videos/asl/youtube/mp4/hdP1T4sAdns.mp4
dour, https://media.signbsl.com/videos/asl/youtube/mp4/HM-daTl4YH8.mp4
douse, https://media.signbsl.com/videos/asl/youtube/mp4/TuvEWmqgpVo.mp4
dove, https://media.signbsl.com/videos/asl/aslsearch/mp4/dove.mp4
dowager, https://media.signbsl.com/videos/asl/youtube/mp4/lOga31VSjpE.mp4
dowdily, https://media.signbsl.com/videos/asl/youtube/mp4/yOnszAP0nRE.mp4
dower, https://media.signbsl.com/videos/asl/youtube/mp4/Ujag0BFK_dk.mp4
dowery, https://media.signbsl.com/videos/asl/youtube/mp4/Ujag0BFK_dk.mp4
down, https://media.signbsl.com/videos/asl/startasl/mp4/down.mp4
down!, NA
downbeat, https://media.signbsl.com/videos/asl/youtube/mp4/t9XY4hHbPSk.mp4
downburst, https://media.signbsl.com/videos/asl/youtube/mp4/a-hz1ThCiRY.mp4
down came the rain, https://media.signbsl.com/videos/asl/youtube/mp4/6SrTCfy92N8.mp4
downcast, https://media.signbsl.com/videos/asl/startasl/mp4/depressed.mp4
downdraft, https://media.signbsl.com/videos/asl/youtube/mp4/YYJ5IoHOUQU.mp4
downer, https://media.signbsl.com/videos/asl/youtube/mp4/Asrb1UOeap8.mp4
downfall, https://media.signbsl.com/videos/asl/youtube/mp4/sbkTObhP5ac.mp4
down feather, https://media.signbsl.com/videos/asl/youtube/mp4/KM8b0_05j4Y.mp4
down football, https://media.signbsl.com/videos/asl/youtube/mp4/bjPOrZCBe7g.mp4
downhearted, https://media.signbsl.com/videos/asl/startasl/mp4/depressed.mp4
downhill, https://media.signbsl.com/videos/asl/aslsignbank/mp4/SLIDE-2015.mp4
downhill skiing, https://media.signbsl.com/videos/asl/aslsearch/mp4/downhill-skiing.mp4
downiness, https://media.signbsl.com/videos/asl/youtube/mp4/Qvrkj7wDqE0.mp4
down in the mouth, https://media.signbsl.com/videos/asl/startasl/mp4/depressed.mp4
download, https://media.signbsl.com/videos/asl/aslsignbank/mp4/DOWNLOAD-2748.mp4
down payment, https://media.signbsl.com/videos/asl/aslsearch/mp4/deposit.mp4
downplay, https://media.signbsl.com/videos/asl/youtube/mp4/Ik-6LsUBRZg.mp4
downpour, https://media.signbsl.com/videos/asl/youtube/mp4/y3D4Xa4MweA.mp4
downrange, https://media.signbsl.com/videos/asl/youtube/mp4/28ngW9cUyY4.mp4
downriver, https://media.signbsl.com/videos/asl/youtube/mp4/KPIpcbWOSP8.mp4
downside, https://media.signbsl.com/videos/asl/youtube/mp4/t6iOXU3PwBM.mp4
downsize, https://media.signbsl.com/videos/asl/youtube/mp4/4tqOLdo767Y.mp4
downspout, https://media.signbsl.com/videos/asl/youtube/mp4/hUTE3FMKif4.mp4
downstairs, https://media.signbsl.com/videos/asl/aslsignbank/mp4/BOTTOM-700.mp4
downstream, https://media.signbsl.com/videos/asl/youtube/mp4/KPIpcbWOSP8.mp4
down the path, https://media.signbsl.com/videos/asl/youtube/mp4/WHIU3xYNPfk.mp4
down the stairs, https://media.signbsl.com/videos/asl/aslsignbank/mp4/BOTTOM-700.mp4
downtime, https://media.signbsl.com/videos/asl/youtube/mp4/bZtrhHKtD_0.mp4
downtown, https://media.signbsl.com/videos/asl/aslsignbank/mp4/DOWNTOWN-2963.mp4
downward, https://media.signbsl.com/videos/asl/startasl/mp4/down.mp4
downwardly, https://media.signbsl.com/videos/asl/startasl/mp4/down.mp4
downwards, https://media.signbsl.com/videos/asl/startasl/mp4/down.mp4
downwind, https://media.signbsl.com/videos/asl/youtube/mp4/ZQ7vvdBL83U.mp4
downy, https://media.signbsl.com/videos/asl/youtube/mp4/s5XQM2MN-l0.mp4
dowries, https://media.signbsl.com/videos/asl/youtube/mp4/Ujag0BFK_dk.mp4
dowry, https://media.signbsl.com/videos/asl/youtube/mp4/Ujag0BFK_dk.mp4
dowse, https://media.signbsl.com/videos/asl/youtube/mp4/0OFFHdDzBog.mp4
dowsing, https://media.signbsl.com/videos/asl/youtube/mp4/0OFFHdDzBog.mp4
doxologies, https://media.signbsl.com/videos/asl/youtube/mp4/rkbP_wWDO7E.mp4
doxology, https://media.signbsl.com/videos/asl/youtube/mp4/rkbP_wWDO7E.mp4
doxy, https://media.signbsl.com/videos/asl/youtube/mp4/EWcgko-3P2g.mp4
do you have a knife and fork, https://media.signbsl.com/videos/asl/mariekatzenbachschool/mp4/Do%20you%20have%20a%20knife%20and%20fork.mp4
do you have change for a dollar, https://media.signbsl.com/videos/asl/mariekatzenbachschool/mp4/Do%20you%20have%20change%20for%20a%20dollar.mp4
do you have change for a ten dollar bill, https://media.signbsl.com/videos/asl/mariekatzenbachschool/mp4/Do%20you%20have%20change%20for%20a%20ten%20dollar%20bill.mp4
do you have children, https://media.signbsl.com/videos/asl/startasl/mp4/doyouhavechildren.mp4
do you know, https://media.signbsl.com/videos/asl/aslsignbank/mp4/KNOW-THAT-1692.mp4
do you know how to, https://media.signbsl.com/videos/asl/mariekatzenbachschool/mp4/Do%20you%20know%20how%20to%20sign.mp4
do you like it, https://media.signbsl.com/videos/asl/youtube/mp4/vlxxhtGPEfA.mp4
do you mind, https://media.signbsl.com/videos/asl/aslsignbank/mp4/DON'T-MIND-115.mp4
do you mind if i borrow your car, https://media.signbsl.com/videos/asl/startasl/mp4/do-you-mind-if-i-borrow-your-car.mp4
do you need to pee, https://media.signbsl.com/videos/asl/youtube/mp4/BietFu57Z4k.mp4
do you read lips, https://media.signbsl.com/videos/asl/startasl/mp4/doyoureadlips.mp4
do you want a hamburger or a hot dog, https://media.signbsl.com/videos/asl/mariekatzenbachschool/mp4/Do%20you%20want%20a%20hamburger%20or%20a%20hot%20dog.mp4
do you want to eat, https://media.signbsl.com/videos/asl/mariekatzenbachschool/mp4/Do%20you%20want%20to%20eat.mp4
do you want to go out, https://media.signbsl.com/videos/asl/youtube/mp4/jmy08CXdXOo.mp4
do you want to play a game or watch a movie, https://media.signbsl.com/videos/asl/mariekatzenbachschool/mp4/Do%20you%20want%20to%20play%20a%20game%20or%20watch%20a%20movie.mp4
doze, https://media.signbsl.com/videos/asl/aslsearch/mp4/doze.mp4
dozen, https://media.signbsl.com/videos/asl/aslsignbank/mp4/TWELVE-2286.mp4
dozens, https://media.signbsl.com/videos/asl/aslsignbank/mp4/AUDIENCE-2081.mp4
dozenth, https://media.signbsl.com/videos/asl/youtube/mp4/6p4f3BBNEFo.mp4
doze off, https://media.signbsl.com/videos/asl/youtube/mp4/6T2tA6p8D3A.mp4
dozer, https://media.signbsl.com/videos/asl/aslsearch/mp4/bulldozer.mp4
dozily, https://media.signbsl.com/videos/asl/youtube/mp4/rE7Zc3ML060.mp4
DPRK, https://media.signbsl.com/videos/asl/mariekatzenbachschool/mp4/North%20Korea.mp4
Dr., NA
drab, https://player.vimeo.com/external/391988733.sd.mp4?s=dbcca024c809cc118b1c1bd6e23ffad29a085572&profile_id=164
drabber, https://media.signbsl.com/videos/asl/youtube/mp4/aPwR81MVWLU.mp4
Draconian, https://media.signbsl.com/videos/asl/youtube/mp4/vJloUMR21N0.mp4
draft, https://media.signbsl.com/videos/asl/aslsignbank/mp4/ROUGH-985.mp4
draftee, https://media.signbsl.com/videos/asl/youtube/mp4/pW9jC3lA6zk.mp4
draftier, https://media.signbsl.com/videos/asl/youtube/mp4/orFqs5NgMNQ.mp4
drafting, https://media.signbsl.com/videos/asl/youtube/mp4/USvNkUqR53E.mp4
draftswoman, https://media.signbsl.com/videos/asl/youtube/mp4/J_liZwKaRzw.mp4
drag, https://media.signbsl.com/videos/asl/aslsignbank/mp4/PULL-229.mp4
dragged out, https://media.signbsl.com/videos/asl/aslsignbank/mp4/LONG-TIME-175.mp4
draggy, https://media.signbsl.com/videos/asl/youtube/mp4/n4LI9kDOzAY.mp4
drag his feet, https://media.signbsl.com/videos/asl/youtube/mp4/AALsFYtfaDY.mp4
drag in, https://media.signbsl.com/videos/asl/youtube/mp4/DQ350LeQwnw.mp4
dragnet, https://media.signbsl.com/videos/asl/youtube/mp4/vj65vVhemtQ.mp4
drag on, https://media.signbsl.com/videos/asl/aslsearch/mp4/dragon.mp4
dragon, https://media.signbsl.com/videos/asl/aslsearch/mp4/dragon.mp4
drag ones feet, https://media.signbsl.com/videos/asl/signlanguagestudent/mp4/procrastinate.mp4
drag ones heels, https://media.signbsl.com/videos/asl/signlanguagestudent/mp4/procrastinate.mp4
dragonflies, https://media.signbsl.com/videos/asl/thefamilyvocab/mp4/dragonfly.mp4
dragonfly, https://media.signbsl.com/videos/asl/thefamilyvocab/mp4/dragonfly.mp4
dragoon, https://media.signbsl.com/videos/asl/youtube/mp4/eY3QAMtJlak.mp4
drag out, https://media.signbsl.com/videos/asl/youtube/mp4/ndAz0DIQg4Q.mp4
drag queen, https://player.vimeo.com/external/391988401.sd.mp4?s=a5e397fd152cbd03a85c7df5d1ad2f8804f4a3ee&profile_id=164
drag through the mud, https://media.signbsl.com/videos/asl/youtube/mp4/7-ArsnAitRs.mp4
drain, https://media.signbsl.com/videos/asl/aslsignbank/mp4/LEAK-2365.mp4
drainage area, https://media.signbsl.com/videos/asl/youtube/mp4/iTObAla4GH4.mp4
drainage basin, https://media.signbsl.com/videos/asl/youtube/mp4/iTObAla4GH4.mp4
drain pan, https://media.signbsl.com/videos/asl/AustinCommunityCollege/mp4/auto_drain_pan_.mp4
drainpipe, https://media.signbsl.com/videos/asl/youtube/mp4/FaYHVIpzj6I.mp4
drain sink, https://player.vimeo.com/external/391988516.sd.mp4?s=306cf9906240f45c05cbb5c231dd662c52a06c9e&profile_id=164
drain the cup, https://player.vimeo.com/external/391989082.sd.mp4?s=ddb162c8dd188edc7649bf4f4cc253d88c023201&profile_id=164
drain tube, https://media.signbsl.com/videos/asl/AustinCommunityCollege/mp4/auto_drain_tube_.mp4
drama, https://media.signbsl.com/videos/asl/startasl/mp4/drama.mp4
dramatic, https://media.signbsl.com/videos/asl/youtube/mp4/4Iv128b1uKw.mp4
dramatic play, https://media.signbsl.com/videos/asl/startasl/mp4/drama.mp4
dramatic speech, https://media.signbsl.com/videos/asl/youtube/mp4/bdUz6v6zE0Q.mp4
dramatisation, https://media.signbsl.com/videos/asl/youtube/mp4/sXbgvJYwTxA.mp4
dramatise, https://media.signbsl.com/videos/asl/AustinCommunityCollege/mp4/auto_pads_.mp4
dramatist, https://media.signbsl.com/videos/asl/youtube/mp4/rOBuD_r-03I.mp4
dramatization, https://media.signbsl.com/videos/asl/youtube/mp4/sXbgvJYwTxA.mp4
dramatize, https://media.signbsl.com/videos/asl/AustinCommunityCollege/mp4/auto_pads_.mp4
drama within a group, https://media.signbsl.com/videos/asl/youtube/mp4/5vayi4vPuA4.mp4
drank, https://media.signbsl.com/videos/asl/youtube/mp4/Fvo-4rdUOCM.mp4
drape, https://media.signbsl.com/videos/asl/startasl/mp4/curtains.mp4
draper, https://media.signbsl.com/videos/asl/youtube/mp4/ZnMfX78qwRA.mp4
drapery, https://media.signbsl.com/videos/asl/startasl/mp4/curtains.mp4
drastic, https://media.signbsl.com/videos/asl/youtube/mp4/Q_dQk9_Kguo.mp4
drat, https://media.signbsl.com/videos/asl/startasl/mp4/darn.mp4
draughts, https://player.vimeo.com/external/395742694.sd.mp4?s=48b3e700bf5720336f5a3d12fe70e52dcdc25924&profile_id=164
draw, https://media.signbsl.com/videos/asl/startasl/mp4/draw.mp4
draw a bead on, https://player.vimeo.com/external/392762264.sd.mp4?s=7f940383bf95d94bc2487cf15ecfecd0d05d508c&profile_id=164
draw a blank, https://player.vimeo.com/external/392671870.sd.mp4?s=30b521a1710cf664777acbc03645d4c5513dddf0&profile_id=164
draw a breath, https://media.signbsl.com/videos/asl/youtube/mp4/r8OdPBzVSDQ.mp4
draw a firearm, https://media.signbsl.com/videos/asl/youtube/mp4/GurLmGZgoV8.mp4
draw a line in the sand, https://media.signbsl.com/videos/asl/youtube/mp4/32Dy91kUy1I.mp4
draw a sword, https://media.signbsl.com/videos/asl/youtube/mp4/fj3RoTUvD74.mp4
draw back, https://media.signbsl.com/videos/asl/youtube/mp4/26-pq93XoWI.mp4
draw blood, https://media.signbsl.com/videos/asl/youtube/mp4/4Ps5a9ea1_U.mp4
draw close, https://media.signbsl.com/videos/asl/aslsearch/mp4/nest.mp4
drawer, https://media.signbsl.com/videos/asl/startasl/mp4/drawer.mp4
drawers, https://media.signbsl.com/videos/asl/youtube/mp4/Y0kmKEMkhLE.mp4
draw in, https://media.signbsl.com/videos/asl/aslsearch/mp4/attract.mp4
drawing, https://media.signbsl.com/videos/asl/startasl/mp4/drawing.mp4
drawing pin, https://media.signbsl.com/videos/asl/aslsearch/mp4/pushpin.mp4
drawl, https://media.signbsl.com/videos/asl/youtube/mp4/NU-FhkLHbhc.mp4
drawn, https://media.signbsl.com/videos/asl/youtube/mp4/M5Psjq7zDjg.mp4
draw off, https://player.vimeo.com/external/392627868.sd.mp4?s=5c1cee4488bbcb9bbfba317d39d4d22074399d7e&profile_id=164
draw on, https://media.signbsl.com/videos/asl/youtube/mp4/FRzWR1SH4jw.mp4
draw out, https://media.signbsl.com/videos/asl/aslsearch/mp4/pull-out.mp4
dread, https://media.signbsl.com/videos/asl/startasl/mp4/awful.mp4
dreaded, https://media.signbsl.com/videos/asl/startasl/mp4/awful.mp4
dreadful, https://media.signbsl.com/videos/asl/startasl/mp4/awful.mp4
dreadlock, https://media.signbsl.com/videos/asl/youtube/mp4/jxC4NPmWH_o.mp4
dreadlocks, https://media.signbsl.com/videos/asl/youtube/mp4/jxC4NPmWH_o.mp4
dream, https://media.signbsl.com/videos/asl/aslsignbank/mp4/DREAM-578.mp4
dreamboat, https://media.signbsl.com/videos/asl/youtube/mp4/FH21EC3gfbk.mp4
dreamcatcher, https://player.vimeo.com/external/391988690.sd.mp4?s=fbca6c76175e6d645c5626e3c8ed4e77c2a3db47&profile_id=164
dreamer, https://media.signbsl.com/videos/asl/youtube/mp4/Y4c45dJ0uCw.mp4
dreamfully, https://media.signbsl.com/videos/asl/youtube/mp4/NtAQ95fIhMI.mp4
dreamier, https://media.signbsl.com/videos/asl/youtube/mp4/kz38bB2x_qo.mp4
dreamily, https://media.signbsl.com/videos/asl/youtube/mp4/NtAQ95fIhMI.mp4
dreaming, https://media.signbsl.com/videos/asl/aslsignbank/mp4/DREAM-578.mp4
dreamland, https://media.signbsl.com/videos/asl/youtube/mp4/vi8ce0I8fw8.mp4
dreamless, https://media.signbsl.com/videos/asl/youtube/mp4/8Gc5-BtiVDo.mp4
dreamlike, https://media.signbsl.com/videos/asl/youtube/mp4/j_VRXVT6ars.mp4
dream up, https://media.signbsl.com/videos/asl/youtube/mp4/2JGcvyq1v-0.mp4
dreamworld, https://media.signbsl.com/videos/asl/youtube/mp4/vi8ce0I8fw8.mp4
drear, https://player.vimeo.com/external/391988733.sd.mp4?s=dbcca024c809cc118b1c1bd6e23ffad29a085572&profile_id=164
drearier, https://media.signbsl.com/videos/asl/youtube/mp4/xV_Px6jJSGM.mp4
dreary, https://player.vimeo.com/external/391988733.sd.mp4?s=dbcca024c809cc118b1c1bd6e23ffad29a085572&profile_id=164
dredge, https://media.signbsl.com/videos/asl/youtube/mp4/9Jp9RNmlUMA.mp4
dregs, https://media.signbsl.com/videos/asl/youtube/mp4/2wmvDDRSXEc.mp4
drench, https://media.signbsl.com/videos/asl/youtube/mp4/li_uedMKG-A.mp4
dress, https://media.signbsl.com/videos/asl/startasl/mp4/dress-2.mp4
dress down, https://media.signbsl.com/videos/asl/startasl/mp4/yell.mp4
dresser, https://media.signbsl.com/videos/asl/startasl/mp4/dresser.mp4
dresser job, https://media.signbsl.com/videos/asl/youtube/mp4/46EFoVXeQdw.mp4
dress in, https://media.signbsl.com/videos/asl/youtube/mp4/e1Z_Yt9U-2E.mp4
dressiness, https://media.signbsl.com/videos/asl/youtube/mp4/CfyzEfFpCnE.mp4
dressing, https://media.signbsl.com/videos/asl/aslsearch/mp4/salad-dressing.mp4
dressing down, https://media.signbsl.com/videos/asl/youtube/mp4/JtJroY6PzhY.mp4
dressmaker, https://player.vimeo.com/external/392747452.sd.mp4?s=9f7f40bcff8dce6040fedf24f46adce34710fdf3&profile_id=164
dress shop, https://media.signbsl.com/videos/asl/youtube/mp4/waWM6fpP7E8.mp4
dress up, https://media.signbsl.com/videos/asl/aslsearch/mp4/dress-up.mp4
dress up nice, https://media.signbsl.com/videos/asl/youtube/mp4/6-oN55wQeIs.mp4
dribble, https://media.signbsl.com/videos/asl/youtube/mp4/LjLMhZtxWas.mp4
dribble between legs, https://media.signbsl.com/videos/asl/youtube/mp4/GBHTVxobEfg.mp4
dribbling, https://media.signbsl.com/videos/asl/youtube/mp4/Nv4VGW4RT1Y.mp4
dried, https://media.signbsl.com/videos/asl/youtube/mp4/dFP7srYBx5M.mp4
dried him off, https://media.signbsl.com/videos/asl/youtube/mp4/aT4uIrHk8Wk.mp4
dried plum, https://media.signbsl.com/videos/asl/youtube/mp4/tt_ACVUhEp0.mp4
drier, https://media.signbsl.com/videos/asl/aslsignbank/mp4/DRYER-2751.mp4
drift, https://media.signbsl.com/videos/asl/aslsignbank/mp4/BLOW-UP-43.mp4
drift apart, https://player.vimeo.com/external/391988910.sd.mp4?s=02b0429612b4d6f015c7475c1e83f628a4b7c6b0&profile_id=164
drift away, https://player.vimeo.com/external/391988910.sd.mp4?s=02b0429612b4d6f015c7475c1e83f628a4b7c6b0&profile_id=164
drifter, https://media.signbsl.com/videos/asl/youtube/mp4/mbTQ-lEXW2g.mp4
drifting, https://player.vimeo.com/external/391988944.sd.mp4?s=4033cd11c400207fe1c25b46f760978646bfe88a&profile_id=164
drift off, https://media.signbsl.com/videos/asl/youtube/mp4/6T2tA6p8D3A.mp4
drill, https://media.signbsl.com/videos/asl/startasl/mp4/exercise.mp4
drill hole, https://player.vimeo.com/external/391988988.sd.mp4?s=e8b488e622c2d3bf6ed721b4504fc5e9e73a9e1f&profile_id=164
drilling, https://media.signbsl.com/videos/asl/youtube/mp4/b5jCQs0-q3I.mp4
drilling rig, https://media.signbsl.com/videos/asl/youtube/mp4/Ybwd7OR-LRY.mp4
drill oil, https://media.signbsl.com/videos/asl/youtube/mp4/g4CihVS9D-g.mp4
drill rig, https://media.signbsl.com/videos/asl/youtube/mp4/Ybwd7OR-LRY.mp4
drily, https://media.signbsl.com/videos/asl/youtube/mp4/kiOYrGAa1dg.mp4
drink, https://media.signbsl.com/videos/asl/startasl/mp4/drink.mp4
drinkable, https://media.signbsl.com/videos/asl/aslsignbank/mp4/DRINK-119.mp4
drinker, https://media.signbsl.com/videos/asl/youtube/mp4/b-rp1uzhnrQ.mp4
drinking, https://player.vimeo.com/external/392671916.sd.mp4?s=16372ef2d2385fa7635e4c67e3cf1b5a779785f9&profile_id=164
drinking chocolate, https://media.signbsl.com/videos/asl/aslsearch/mp4/chocolate.mp4
drinking fountain, https://media.signbsl.com/videos/asl/youtube/mp4/h7RlUZlTdZw.mp4
drive away, https://media.signbsl.com/videos/asl/youtube/mp4/ygAT-uomaTE.mp4
drive carefully, https://media.signbsl.com/videos/asl/youtube/mp4/iG9NhRXq8Qc.mp4
drive for a while, https://media.signbsl.com/videos/asl/youtube/mp4/JcSh1Muiokc.mp4
drive home, https://media.signbsl.com/videos/asl/youtube/mp4/0E7BX8JiTtE.mp4
drivel, https://media.signbsl.com/videos/asl/aslsignbank/mp4/GARBAGE-3232.mp4
driven, https://media.signbsl.com/videos/asl/youtube/mp4/8GBnTHlDyII.mp4
drive off, https://media.signbsl.com/videos/asl/youtube/mp4/ygAT-uomaTE.mp4
drive out, https://media.signbsl.com/videos/asl/youtube/mp4/ygAT-uomaTE.mp4
driver, https://player.vimeo.com/external/391989249.sd.mp4?s=74e456ced37c165d4e56cd24da12c1240764ff6c&profile_id=164
drivers licence, https://player.vimeo.com/external/391989289.sd.mp4?s=f6360e60288eca829a26410389d7168392d2fb87&profile_id=164
drivers license, https://player.vimeo.com/external/391989289.sd.mp4?s=f6360e60288eca829a26410389d7168392d2fb87&profile_id=164
drivers seat, https://player.vimeo.com/external/392671996.sd.mp4?s=11150ee1fcc8f8a37871208a136bb8ea032c5f23&profile_id=164
drives, https://media.signbsl.com/videos/asl/startasl/mp4/drive.mp4
driveshaft, https://media.signbsl.com/videos/asl/AustinCommunityCollege/mp4/auto_driveshaft_.mp4
drive somewhere, https://media.signbsl.com/videos/asl/youtube/mp4/8TcpkpGfkig.mp4
drive up, https://media.signbsl.com/videos/asl/youtube/mp4/IN-lMtTr6tM.mp4
driveway, https://media.signbsl.com/videos/asl/aslsearch/mp4/driveway.mp4
driving casually, https://media.signbsl.com/videos/asl/youtube/mp4/yYGm3hzApB0.mp4
driving licence, https://player.vimeo.com/external/391989289.sd.mp4?s=f6360e60288eca829a26410389d7168392d2fb87&profile_id=164
driving license, https://player.vimeo.com/external/391989289.sd.mp4?s=f6360e60288eca829a26410389d7168392d2fb87&profile_id=164
driving range, https://player.vimeo.com/external/391989327.sd.mp4?s=c6e1567ce145de0bc1596d53451b182c15c748ec&profile_id=164
drizzle, https://media.signbsl.com/videos/asl/aslsignbank/mp4/RAIN-1011.mp4
dr martin luther king, https://media.signbsl.com/videos/asl/elementalaslconcepts/mp4/martin_luther_king_jr.mp4
droll, https://media.signbsl.com/videos/asl/youtube/mp4/-yJ4T-xQT9I.mp4
drollery, https://media.signbsl.com/videos/asl/youtube/mp4/xduoVJX1Kj0.mp4
drone, https://player.vimeo.com/external/391989390.sd.mp4?s=69c757c91f2e9c90740eb75ac06d7026ec741ebb&profile_id=164
droning, https://media.signbsl.com/videos/asl/youtube/mp4/smcI3z7AzAI.mp4
drool, https://media.signbsl.com/videos/asl/aslsearch/mp4/drool.mp4
droop, https://media.signbsl.com/videos/asl/youtube/mp4/FATt3_DatHg.mp4
droopier, https://media.signbsl.com/videos/asl/youtube/mp4/PSrSgGieMIs.mp4
droopiness, https://media.signbsl.com/videos/asl/youtube/mp4/q5Gg5ITxaVw.mp4
droop plant, https://media.signbsl.com/videos/asl/youtube/mp4/FATt3_DatHg.mp4
drop, https://media.signbsl.com/videos/asl/startasl/mp4/drop.mp4
drop a bomb, https://player.vimeo.com/external/391989449.sd.mp4?s=ee7e3fe265134563aaae634a0b26113cf630525a&profile_id=164
drop around, https://media.signbsl.com/videos/asl/youtube/mp4/k_z3aMQiQII.mp4
drop behind, https://media.signbsl.com/videos/asl/youtube/mp4/F0kTkH_upyw.mp4
drop by the wayside, https://media.signbsl.com/videos/asl/aslsignbank/mp4/QUIT-786.mp4
drop dead, https://media.signbsl.com/videos/asl/youtube/mp4/7Reav4BjWdQ.mp4
drop down, https://media.signbsl.com/videos/asl/startasl/mp4/drop.mp4
dropdown, https://media.signbsl.com/videos/asl/startasl/mp4/drop.mp4
drop down menu, https://media.signbsl.com/videos/asl/youtube/mp4/H734mf9S86A.mp4
dropdown menu, https://media.signbsl.com/videos/asl/youtube/mp4/H734mf9S86A.mp4
drop off, https://media.signbsl.com/videos/asl/aslsearch/mp4/cliff.mp4
drop out, https://media.signbsl.com/videos/asl/aslsignbank/mp4/QUIT-786.mp4
dropout, https://media.signbsl.com/videos/asl/aslsignbank/mp4/QUIT-786.mp4
dropping, https://media.signbsl.com/videos/asl/youtube/mp4/HtVbG6RQJcs.mp4
dropping fast, https://media.signbsl.com/videos/asl/youtube/mp4/meIiNrg8Sjs.mp4
droppings, https://media.signbsl.com/videos/asl/youtube/mp4/_ft3N_T0n-Q.mp4
drop shot, https://media.signbsl.com/videos/asl/youtube/mp4/BzkuNpgkRJg.mp4
dross, https://media.signbsl.com/videos/asl/youtube/mp4/1t0M7H9jMxM.mp4
drought, https://player.vimeo.com/external/392672067.sd.mp4?s=0e4c3f3dec05d128b05165a064105f24b4a98478&profile_id=164
drover, https://media.signbsl.com/videos/asl/youtube/mp4/DAcI8dFznsI.mp4
drovex, https://media.signbsl.com/videos/asl/youtube/mp4/6kDrKDr3fVU.mp4
drown, https://media.signbsl.com/videos/asl/aslsignbank/mp4/DROWN-2749.mp4
drowse, https://media.signbsl.com/videos/asl/aslsearch/mp4/doze.mp4
drowse off, https://media.signbsl.com/videos/asl/youtube/mp4/6T2tA6p8D3A.mp4
drowsier, https://media.signbsl.com/videos/asl/youtube/mp4/KakV9VZkDPY.mp4
drowsy, https://media.signbsl.com/videos/asl/aslsearch/mp4/drowsy.mp4
drudge, https://media.signbsl.com/videos/asl/youtube/mp4/M2lXc_3P77M.mp4
drudgery, https://media.signbsl.com/videos/asl/youtube/mp4/SC_gLyVQRRE.mp4
drug, https://media.signbsl.com/videos/asl/aslsearch/mp4/drug.mp4
drug abuse, https://player.vimeo.com/external/391989611.sd.mp4?s=b65199a28c74f6710eecf08911126519e9edd9cb&profile_id=164
drug addicted, https://media.signbsl.com/videos/asl/youtube/mp4/pI1K3xT8Pfg.mp4
drug dealer, https://media.signbsl.com/videos/asl/youtube/mp4/adyH7g3t1nM.mp4
drug dependence, https://player.vimeo.com/external/391989644.sd.mp4?s=bd3affade3360e85a8fa86707a56e63a1d26ea08&profile_id=164
druggist, https://media.signbsl.com/videos/asl/youtube/mp4/rfHxXHcNFw8.mp4
drug overdose, https://player.vimeo.com/external/392672142.sd.mp4?s=452f943eeb4592a0d54ce70a8e4dec9686d765cd&profile_id=164
drug peddler, https://media.signbsl.com/videos/asl/youtube/mp4/adyH7g3t1nM.mp4
drugstore, https://media.signbsl.com/videos/asl/aslsearch/mp4/pharmacy.mp4
drug trafficker, https://media.signbsl.com/videos/asl/youtube/mp4/adyH7g3t1nM.mp4
druid, https://media.signbsl.com/videos/asl/youtube/mp4/CXJJoFha2rU.mp4
drum, https://media.signbsl.com/videos/asl/startasl/mp4/drums.mp4
drumbeat, https://media.signbsl.com/videos/asl/youtube/mp4/EVmCTNOWENg.mp4
drummer, https://media.signbsl.com/videos/asl/youtube/mp4/z6nxL_goAMw.mp4
drum out, https://media.signbsl.com/videos/asl/youtube/mp4/Jo3FgMabrUQ.mp4
drums, https://media.signbsl.com/videos/asl/startasl/mp4/drums.mp4
drum sander, https://media.signbsl.com/videos/asl/youtube/mp4/7XM6o6jvBIg.mp4
drumstick, https://media.signbsl.com/videos/asl/youtube/mp4/wOEaDs6YN5o.mp4
drunk, https://media.signbsl.com/videos/asl/aslsearch/mp4/drunk.mp4
drunkard, https://media.signbsl.com/videos/asl/aslsearch/mp4/drunk.mp4
drunk driving, https://player.vimeo.com/external/392672215.sd.mp4?s=8ad27b8b7bdd301c86a950074ff6a831b6d223a4&profile_id=164
drunken revelry, https://media.signbsl.com/videos/asl/youtube/mp4/ieO7kFDFEsk.mp4
dry, https://media.signbsl.com/videos/asl/aslsearch/mp4/dry.mp4
dry cause something to become dry, https://media.signbsl.com/videos/asl/youtube/mp4/shuRggtifdY.mp4
dry cell, https://media.signbsl.com/videos/asl/youtube/mp4/dlC7M0IYJT0.mp4
drydrierdriest, https://media.signbsl.com/videos/asl/youtube/mp4/y0DFHccBsNU.mp4
dry drink, https://media.signbsl.com/videos/asl/youtube/mp4/BwCOKEggROw.mp4
dryer, https://media.signbsl.com/videos/asl/aslsignbank/mp4/DRYER-2751.mp4
dry eyed, https://media.signbsl.com/videos/asl/youtube/mp4/xSlXF4_KyRo.mp4
drying up, https://player.vimeo.com/external/391931055.sd.mp4?s=f40419fda959c2788525468248a906a4980a6e0f&profile_id=164
dry land, https://media.signbsl.com/videos/asl/aslsearch/mp4/ground.mp4
dry no alcohol allowed, https://media.signbsl.com/videos/asl/youtube/mp4/tl-7bKnrs4g.mp4
dry out alcohol or drugs, https://media.signbsl.com/videos/asl/youtube/mp4/7pJO8RwXqSQ.mp4
dry run, https://media.signbsl.com/videos/asl/youtube/mp4/pnvnC8q7AHM.mp4
DSL, https://media.signbsl.com/videos/asl/deaftec/mp4/966.mp4
duad, https://media.signbsl.com/videos/asl/youtube/mp4/cN94zer8G6s.mp4
dual, https://media.signbsl.com/videos/asl/youtube/mp4/z5rV4RtXZ8o.mp4
dualism, https://media.signbsl.com/videos/asl/philosophy/mp4/Dualism-HD.mp4
duality, https://media.signbsl.com/videos/asl/youtube/mp4/KYt8EfcfRv4.mp4
dub, https://media.signbsl.com/videos/asl/aslsearch/mp4/nickname.mp4
dubai uae, https://player.vimeo.com/external/391992707.sd.mp4?s=2f7cf2a4f344de15832ab5dd33e18e17ed2bd6dd&profile_id=164
dubiety, https://media.signbsl.com/videos/asl/signlanguagestudent/mp4/doubt.mp4
dubious, https://player.vimeo.com/external/391992744.sd.mp4?s=8e5bd513f77e9d051173a1e71670883d4238914e&profile_id=164
dubiousness, https://media.signbsl.com/videos/asl/signlanguagestudent/mp4/doubt.mp4
dubknight, https://media.signbsl.com/videos/asl/youtube/mp4/Q-bm0Z-Ct1M.mp4
dub name, https://media.signbsl.com/videos/asl/youtube/mp4/zpuJlGGYe18.mp4
dub replace, https://media.signbsl.com/videos/asl/youtube/mp4/G9wxL40F7s0.mp4
duce, https://media.signbsl.com/videos/asl/aslsignbank/mp4/E(peace)-1892.mp4
duces, https://media.signbsl.com/videos/asl/aslsignbank/mp4/E(peace)-1892.mp4
duchess, https://media.signbsl.com/videos/asl/youtube/mp4/0lxDSDqtSz4.mp4
duchies, https://media.signbsl.com/videos/asl/youtube/mp4/OtEGwqtEo6w.mp4
duchy, https://media.signbsl.com/videos/asl/youtube/mp4/OtEGwqtEo6w.mp4
duck, https://media.signbsl.com/videos/asl/aslsearch/mp4/duck.mp4
duckbill, https://player.vimeo.com/external/392416049.sd.mp4?s=ccb49134b266f3092b17571c7b37e345e6c40268&profile_id=164
duck billed platypus, https://player.vimeo.com/external/392416049.sd.mp4?s=ccb49134b266f3092b17571c7b37e345e6c40268&profile_id=164
duckbilled platypus, https://player.vimeo.com/external/392416049.sd.mp4?s=ccb49134b266f3092b17571c7b37e345e6c40268&profile_id=164
duck into, https://media.signbsl.com/videos/asl/youtube/mp4/IawGAqx22xw.mp4
duckling, https://media.signbsl.com/videos/asl/youtube/mp4/5uG7ZG7neIY.mp4
ducks in a row, https://media.signbsl.com/videos/asl/youtube/mp4/7rxwg3XXv4U.mp4
duck soup, https://media.signbsl.com/videos/asl/aslsignbank/mp4/TRITE-2362.mp4
duck soup an easy task, https://media.signbsl.com/videos/asl/youtube/mp4/KmrZVX9Cm6c.mp4
duckwalk, https://player.vimeo.com/external/391992825.sd.mp4?s=8a7b4d441671811d75bf475b08b6c8480dcf79b1&profile_id=164
ducky, https://media.signbsl.com/videos/asl/youtube/mp4/XniyS0bOUU8.mp4
ducky duckier duckiest, https://media.signbsl.com/videos/asl/youtube/mp4/tvbeDqdHVng.mp4
duct, https://media.signbsl.com/videos/asl/youtube/mp4/t4AafunZL3w.mp4
ductile, https://player.vimeo.com/external/392416274.sd.mp4?s=3f4cecd1e89d66b4b8b82d3956dc657a0e6b94c8&profile_id=164
ductless, https://media.signbsl.com/videos/asl/youtube/mp4/9y28kTHuhoo.mp4
duct tape, https://player.vimeo.com/external/392672260.sd.mp4?s=35254a657df485cac6f808ab07e3a5e9ab058a57&profile_id=164
dud, https://media.signbsl.com/videos/asl/youtube/mp4/5zC5XFCaMEw.mp4
dude, https://media.signbsl.com/videos/asl/youtube/mp4/_BkdL-AhgsA.mp4
due, https://media.signbsl.com/videos/asl/aslsearch/mp4/due.mp4
due date, https://player.vimeo.com/external/391992884.sd.mp4?s=aece3ac0b0852946d7f684d33216a30ba7a6523a&profile_id=164
duel, https://media.signbsl.com/videos/asl/youtube/mp4/4v_kine3emA.mp4
dueler, https://media.signbsl.com/videos/asl/youtube/mp4/l9sdp5AG23M.mp4
duelist, https://media.signbsl.com/videos/asl/youtube/mp4/l9sdp5AG23M.mp4
dueller, https://media.signbsl.com/videos/asl/youtube/mp4/l9sdp5AG23M.mp4
duellist, https://media.signbsl.com/videos/asl/youtube/mp4/l9sdp5AG23M.mp4
duelshootout, https://media.signbsl.com/videos/asl/youtube/mp4/6wyTo-9qZck.mp4
duel sword, https://media.signbsl.com/videos/asl/youtube/mp4/syV51t-pl1g.mp4
dues, https://media.signbsl.com/videos/asl/aslsearch/mp4/due.mp4
duet, https://player.vimeo.com/external/391993154.sd.mp4?s=f34720965e7fdf4f407458bdf671d78aa0354d6b&profile_id=164
due to, https://media.signbsl.com/videos/asl/aslsignbank/mp4/FOR-135.mp4
due to arrive, https://media.signbsl.com/videos/asl/youtube/mp4/OKITtLNWOsM.mp4
due what you have earned, https://media.signbsl.com/videos/asl/youtube/mp4/TjxC3xPELoY.mp4
duff, https://media.signbsl.com/videos/asl/youtube/mp4/Xeo2keK2LMg.mp4
duffer, https://media.signbsl.com/videos/asl/youtube/mp4/DYTKSDvMnFQ.mp4
dugout, https://media.signbsl.com/videos/asl/youtube/mp4/K6MQmwDgu8M.mp4
duh, https://media.signbsl.com/videos/asl/youtube/mp4/4rA84P-9QMQ.mp4
dui, https://media.signbsl.com/videos/asl/youtube/mp4/mPxU49mTnx4.mp4
duke, https://media.signbsl.com/videos/asl/youtube/mp4/GwKLPlEulJ8.mp4
dukedom, https://media.signbsl.com/videos/asl/youtube/mp4/OtEGwqtEo6w.mp4
dukes, https://media.signbsl.com/videos/asl/youtube/mp4/GwKLPlEulJ8.mp4
dulcet, https://media.signbsl.com/videos/asl/youtube/mp4/Lm0ul9S8kLo.mp4
dull, https://media.signbsl.com/videos/asl/aslsignbank/mp4/DUMB-604.mp4
dullard, https://media.signbsl.com/videos/asl/youtube/mp4/8XhgGnhsOFw.mp4
dull color, https://player.vimeo.com/external/391992954.sd.mp4?s=88e5963e28c40e4fb15efeb33ff00d3925ead216&profile_id=164
dull duller dullest boring, https://media.signbsl.com/videos/asl/youtube/mp4/v3g4EhyCKhM.mp4
dull duller dullest not shiney, https://media.signbsl.com/videos/asl/youtube/mp4/yupov2KGAXo.mp4
dull uninteresting, https://player.vimeo.com/external/391992988.sd.mp4?s=57e6eb6329ee2f90f9fb4d0708a09aabb07c6b5c&profile_id=164
dull witted, https://player.vimeo.com/external/391992918.sd.mp4?s=7158c1bf3a8dcca4c52e911cdb1a5d998cc99a0d&profile_id=164
duly, https://media.signbsl.com/videos/asl/youtube/mp4/4mreakuUaNM.mp4
dumb, https://media.signbsl.com/videos/asl/aslsignbank/mp4/DUMB-604.mp4
dumb as a fox, https://media.signbsl.com/videos/asl/youtube/mp4/TPXeRt-6Axs.mp4
dumbass, https://media.signbsl.com/videos/asl/youtube/mp4/UrZfYNNMusw.mp4
dumbbell, https://media.signbsl.com/videos/asl/youtube/mp4/ZHm41Ke-Xs8.mp4
dumb down reduce complexity to enhance popularity, https://media.signbsl.com/videos/asl/youtube/mp4/6nqg3pftulY.mp4
dumb dumber dumbest dimmerdimmest stupiderstupidest, https://media.signbsl.com/videos/asl/youtube/mp4/KRmdBG4UdBk.mp4
dumbfounded, https://player.vimeo.com/external/392517281.sd.mp4?s=2cbaf82c07e2a11f5e2a44e0f6654f00457dc8bf&profile_id=164
dumbwaiter, https://media.signbsl.com/videos/asl/youtube/mp4/fa2GUoxZmV0.mp4
dumfounded, https://player.vimeo.com/external/392517281.sd.mp4?s=2cbaf82c07e2a11f5e2a44e0f6654f00457dc8bf&profile_id=164
dummies, https://player.vimeo.com/external/391204549.sd.mp4?s=a22ba988d6833fcfa69b00aff9c2cb9a7fb0ab28&profile_id=164
dummy, https://player.vimeo.com/external/391204549.sd.mp4?s=a22ba988d6833fcfa69b00aff9c2cb9a7fb0ab28&profile_id=164
dummy up, https://media.signbsl.com/videos/asl/aslsignbank/mp4/E(shh)-1888.mp4
dump, https://media.signbsl.com/videos/asl/youtube/mp4/QHjyZWoBSQA.mp4
dump army, https://media.signbsl.com/videos/asl/youtube/mp4/hfDmYmmbKds.mp4
dumper, https://media.signbsl.com/videos/asl/youtube/mp4/uLrSBsNES28.mp4
dumpiness, https://media.signbsl.com/videos/asl/youtube/mp4/QzvihEUUnr8.mp4
dumpling, https://player.vimeo.com/external/391993058.sd.mp4?s=4c8fe2ad3e55ebbfa9feced74e3a5e4d7abda532&profile_id=164
dump on, https://media.signbsl.com/videos/asl/youtube/mp4/Xifr_u5Dryc.mp4
dump truck, https://media.signbsl.com/videos/asl/youtube/mp4/uLrSBsNES28.mp4
dumpy, https://media.signbsl.com/videos/asl/youtube/mp4/KUaQ3NMc-dI.mp4
dun, https://media.signbsl.com/videos/asl/youtube/mp4/w--LRlgqfwY.mp4
dunce, https://player.vimeo.com/external/391206075.sd.mp4?s=70036e65baeb2a49618c767f8923c823ff04370d&profile_id=164
dunderhead, https://player.vimeo.com/external/391206075.sd.mp4?s=70036e65baeb2a49618c767f8923c823ff04370d&profile_id=164
dune, https://media.signbsl.com/videos/asl/youtube/mp4/EHsCvTs87DY.mp4
dung, https://media.signbsl.com/videos/asl/youtube/mp4/_ft3N_T0n-Q.mp4
dungeon, https://media.signbsl.com/videos/asl/youtube/mp4/pRYqiyIxgWw.mp4
dunghill, https://media.signbsl.com/videos/asl/youtube/mp4/mNtfjVS4BPY.mp4
dunk, https://media.signbsl.com/videos/asl/youtube/mp4/TuvEWmqgpVo.mp4
dunno, https://player.vimeo.com/external/391993125.sd.mp4?s=f6947eaddd38df628019be727916a77429cf875f&profile_id=164
duo, https://player.vimeo.com/external/391993154.sd.mp4?s=f34720965e7fdf4f407458bdf671d78aa0354d6b&profile_id=164
duologue, https://media.signbsl.com/videos/asl/elementalaslconcepts/mp4/dialogue.mp4
dupe, https://player.vimeo.com/external/392129831.sd.mp4?s=5e359d9d8b8db54394581346d05e92bf6c30a7a9&profile_id=164
dupery, https://player.vimeo.com/external/392132442.sd.mp4?s=e96ea722e17267e18d365b22eef81126fe6a1090&profile_id=164
duple, https://media.signbsl.com/videos/asl/youtube/mp4/z5rV4RtXZ8o.mp4
duplex, https://media.signbsl.com/videos/asl/youtube/mp4/iXdyoty5eQs.mp4
duplex apartment, https://media.signbsl.com/videos/asl/youtube/mp4/iXdyoty5eQs.mp4
duplicate, https://media.signbsl.com/videos/asl/aslsignbank/mp4/DOUBLE-814.mp4
duplicator, https://media.signbsl.com/videos/asl/youtube/mp4/IZ0oTMMLFdo.mp4
duplicitous, https://player.vimeo.com/external/392539026.sd.mp4?s=cd8fe4e5cefac7e3ba61198d0556ba8fd965b2ad&profile_id=164
durable, https://player.vimeo.com/external/391993217.sd.mp4?s=46d7f2bc8b6c5d49017022860bd7fdf0afa309c4&profile_id=164
duration, https://player.vimeo.com/external/391993246.sd.mp4?s=e24af79fd54e36371d740ef2848955ed54e2cf1e&profile_id=164
duress, https://media.signbsl.com/videos/asl/youtube/mp4/6qAXcFXJfJ8.mp4
during, https://media.signbsl.com/videos/asl/aslsignbank/mp4/WHILE-1429.mp4
during a professorship, https://media.signbsl.com/videos/asl/youtube/mp4/DOHCdxwf5Qk.mp4
dusk, https://player.vimeo.com/external/391993324.sd.mp4?s=e7e461e8294722f18eade08c87fbfce7a74645d8&profile_id=164
duskier, https://media.signbsl.com/videos/asl/youtube/mp4/AjX6WRNWfl0.mp4
duskiness, https://media.signbsl.com/videos/asl/youtube/mp4/tBPDgUmFwOQ.mp4
dust, https://player.vimeo.com/external/391993359.sd.mp4?s=46884081daeac72c9a91f93275f3985f33fa34a6&profile_id=164
dustbin, https://media.signbsl.com/videos/asl/aslsearch/mp4/trash-can.mp4
dust dustier dustiest, https://media.signbsl.com/videos/asl/youtube/mp4/YLX2juY8gLo.mp4
dustdust off baseball, https://media.signbsl.com/videos/asl/youtube/mp4/HZoLtaoQY1Q.mp4
duster, https://player.vimeo.com/external/392672292.sd.mp4?s=b9f9bdf7c7e215c1fbe6367530aa3456e28c36c8&profile_id=164
dustier, https://media.signbsl.com/videos/asl/youtube/mp4/1_c74FJZ92M.mp4
dustless, https://media.signbsl.com/videos/asl/youtube/mp4/70o4FR1qPyQ.mp4
dustman, https://media.signbsl.com/videos/asl/youtube/mp4/McDhJWgHRiA.mp4
dust off revive, https://media.signbsl.com/videos/asl/youtube/mp4/5gK8eclE87Q.mp4
dustpan, https://media.signbsl.com/videos/asl/aslsearch/mp4/dustpan.mp4
dust storm, https://player.vimeo.com/external/392672292.sd.mp4?s=b9f9bdf7c7e215c1fbe6367530aa3456e28c36c8&profile_id=164
dustup, https://media.signbsl.com/videos/asl/aslsearch/mp4/quarrel.mp4
Dutch, https://player.vimeo.com/external/391993398.sd.mp4?s=39ab91675eeb6e9fada47e6357c948eaa6daf621&profile_id=164
dutch clover, https://media.signbsl.com/videos/asl/youtube/mp4/LGpHnpOauRE.mp4
Dutch East Indies, https://media.signbsl.com/videos/asl/aslsignbank/mp4/INDONESIA-3324.mp4
dutch treat go dutch, https://media.signbsl.com/videos/asl/youtube/mp4/ZzgmDf1OqWQ.mp4
duteous, https://media.signbsl.com/videos/asl/youtube/mp4/WK_Mkb11cbI.mp4
duties, https://media.signbsl.com/videos/asl/aslsearch/mp4/duty.mp4
dutiful, https://media.signbsl.com/videos/asl/youtube/mp4/WK_Mkb11cbI.mp4
duty, https://media.signbsl.com/videos/asl/aslsearch/mp4/duty.mp4
duty assignment, https://media.signbsl.com/videos/asl/aslsignbank/mp4/HOMEWORK-2937.mp4
duty cycle, https://media.signbsl.com/videos/asl/AustinCommunityCollege/mp4/weld_duty_cycle_.mp4
duty tax, https://media.signbsl.com/videos/asl/youtube/mp4/il3poJ1QuBo.mp4
DVD, https://media.signbsl.com/videos/asl/startasl/mp4/dvd.mp4
dwarf, https://media.signbsl.com/videos/asl/aslsignbank/mp4/ELF-2176.mp4
dwarf star, https://media.signbsl.com/videos/asl/youtube/mp4/T7qGAEyxH_k.mp4
dweeb, https://player.vimeo.com/external/392381191.sd.mp4?s=469d98b8ea7cc9d3952b27307d3eb1d8f7563246&profile_id=164
dwell, https://media.signbsl.com/videos/asl/aslsearch/mp4/live.mp4
dweller, https://media.signbsl.com/videos/asl/youtube/mp4/lsKom0MfGHk.mp4
dwelling, https://media.signbsl.com/videos/asl/youtube/mp4/SC3CrgjM7kA.mp4
dwelling house, https://media.signbsl.com/videos/asl/youtube/mp4/SC3CrgjM7kA.mp4
dwell on, https://player.vimeo.com/external/391993519.sd.mp4?s=4c1630d0e1dc5cc8e2d2d8137052ca03a922f292&profile_id=164
dwi, https://player.vimeo.com/external/391993564.sd.mp4?s=1b0d9435419e2ebeefb92c63e4dd06c8087513c3&profile_id=164
Dwight Lyman Moody, https://media.signbsl.com/videos/asl/aslsearch/mp4/moody.mp4
dwindle, https://player.vimeo.com/external/391993601.sd.mp4?s=745ed464cef951e6cf6a75a8afd5723608a16791&profile_id=164
dwindle away, https://player.vimeo.com/external/391993601.sd.mp4?s=745ed464cef951e6cf6a75a8afd5723608a16791&profile_id=164
dwindle down, https://player.vimeo.com/external/391993601.sd.mp4?s=745ed464cef951e6cf6a75a8afd5723608a16791&profile_id=164
dyad, https://media.signbsl.com/videos/asl/youtube/mp4/cN94zer8G6s.mp4
dye, https://media.signbsl.com/videos/asl/aslsignbank/mp4/DYE-1284.mp4
dyed in the wool, https://media.signbsl.com/videos/asl/youtube/mp4/rRbbeOQasfQ.mp4
dyer, https://media.signbsl.com/videos/asl/youtube/mp4/OnPfRy8tXHc.mp4
dying, https://player.vimeo.com/external/391993659.sd.mp4?s=2b61aa790cfa6a123e39c6c7539be7210c0acdf0&profile_id=164
dyke, https://media.signbsl.com/videos/asl/aslsearch/mp4/dam.mp4
dynamic, https://media.signbsl.com/videos/asl/youtube/mp4/0M9n6seTqzg.mp4
dynamical, https://media.signbsl.com/videos/asl/youtube/mp4/0M9n6seTqzg.mp4
dynamic headroom, https://media.signbsl.com/videos/asl/youtube/mp4/v8ZhBzND_xE.mp4
dynamic host configuration dhcp, NA
dynamism, https://media.signbsl.com/videos/asl/youtube/mp4/QYFxcXcq0O4.mp4
dynamite something that has the potential to o have devastating repercussions, https://media.signbsl.com/videos/asl/youtube/mp4/mR6yMQjX-b4.mp4
dynamo, https://media.signbsl.com/videos/asl/youtube/mp4/zAyK6x9zB10.mp4
dynastic, https://media.signbsl.com/videos/asl/youtube/mp4/syeQtj6qTDA.mp4
dysentery, https://media.signbsl.com/videos/asl/youtube/mp4/e3MT2hTZz14.mp4
dysfunction, https://media.signbsl.com/videos/asl/youtube/mp4/GcJcD_ek4Sc.mp4
dyslectic, https://media.signbsl.com/videos/asl/youtube/mp4/U_t-voAi6vI.mp4
dyslexia, https://player.vimeo.com/external/391993684.sd.mp4?s=8c8690ede9573672fd8fa9d737fe3ff78b2cd462&profile_id=164
dyslexic, https://media.signbsl.com/videos/asl/youtube/mp4/U_t-voAi6vI.mp4
dyspepsia, https://media.signbsl.com/videos/asl/startasl/mp4/upset-stomach.mp4
dyspeptic, https://media.signbsl.com/videos/asl/youtube/mp4/QQGd6gNgvDk.mp4
dysphemism, https://player.vimeo.com/external/391993713.sd.mp4?s=f3b6933a6fa291e2acfaab37393fe1acefd6858e&profile_id=164
dyssynergia, https://media.signbsl.com/videos/asl/youtube/mp4/7YCpm43oEEY.mp4
