E, https://media.signbsl.com/videos/asl/aslsignbank/mp4/LETTER-E-1672.mp4
e.g., NA
E.S.P., https://media.signbsl.com/videos/asl/youtube/mp4/lhYgHC5FSK0.mp4
each, https://media.signbsl.com/videos/asl/aslsignbank/mp4/EVERY-1328.mp4
each day, https://media.signbsl.com/videos/asl/signlanguagestudent/mp4/daily.mp4
each month, https://media.signbsl.com/videos/asl/youtube/mp4/isiNSuNbURM.mp4
each other, https://media.signbsl.com/videos/asl/aslsearch/mp4/each-other.mp4
each to their own, https://media.signbsl.com/videos/asl/youtube/mp4/w4zK727-ay0.mp4
each year, https://media.signbsl.com/videos/asl/youtube/mp4/ElXw89A3jc4.mp4
eager, https://media.signbsl.com/videos/asl/aslsearch/mp4/eager.mp4
eager beaver, https://media.signbsl.com/videos/asl/youtube/mp4/D1BKVEZFbLk.mp4
eagerer, https://media.signbsl.com/videos/asl/youtube/mp4/INFmiTHXpwA.mp4
eagle, https://media.signbsl.com/videos/asl/aslsearch/mp4/eagle.mp4
eaglet, https://media.signbsl.com/videos/asl/youtube/mp4/wyEvEtNAFls.mp4
ear, https://media.signbsl.com/videos/asl/aslsignbank/mp4/SOUND-1097.mp4
ear ache, https://media.signbsl.com/videos/asl/youtube/mp4/4XQBGPvA6PM.mp4
earache, https://media.signbsl.com/videos/asl/youtube/mp4/4XQBGPvA6PM.mp4
earbuds, https://media.signbsl.com/videos/asl/startasl/mp4/headphones.mp4
earful, https://media.signbsl.com/videos/asl/youtube/mp4/JtJroY6PzhY.mp4
ear infection, https://player.vimeo.com/external/392672372.sd.mp4?s=19d2ac2c7ec7f58c56c942565609498cea6d4cd8&profile_id=164
Earl, https://media.signbsl.com/videos/asl/youtube/mp4/Clj0pLHUg_I.mp4
earless, https://media.signbsl.com/videos/asl/youtube/mp4/PX2hKQGILMk.mp4
earlier, https://media.signbsl.com/videos/asl/startasl/mp4/before.mp4
earliness, https://media.signbsl.com/videos/asl/youtube/mp4/FGobxQgYtxM.mp4
Earl Russell, https://media.signbsl.com/videos/asl/philosophy/mp4/Russell-HD.mp4
early, https://media.signbsl.com/videos/asl/startasl/mp4/early.mp4
early bird catches the worm, https://media.signbsl.com/videos/asl/youtube/mp4/Q3yRnrnlUcI.mp4
early childhood, https://media.signbsl.com/videos/asl/youtube/mp4/oEQdQQY9BN4.mp4
early earlier earliest, https://media.signbsl.com/videos/asl/youtube/mp4/iVuaRPG_Nsc.mp4
early morning, https://media.signbsl.com/videos/asl/aslsearch/mp4/early-morning.mp4
early on the very beginning of a task, https://media.signbsl.com/videos/asl/youtube/mp4/WN8qe-TUXpM.mp4
earmark, https://media.signbsl.com/videos/asl/youtube/mp4/ZdikiUJtXtM.mp4
earmuff, https://media.signbsl.com/videos/asl/elementalaslconcepts/mp4/ear_muffs.mp4
ear muffs, https://media.signbsl.com/videos/asl/elementalaslconcepts/mp4/ear_muffs.mp4
earn, https://media.signbsl.com/videos/asl/aslsearch/mp4/earn.mp4
earn a living, https://media.signbsl.com/videos/asl/youtube/mp4/2s1yFZxMMTY.mp4
earner, https://media.signbsl.com/videos/asl/youtube/mp4/OELALQS-i0g.mp4
earnest, https://player.vimeo.com/external/392172247.sd.mp4?s=e0fc6dc40234272f3e9532511ccd86f7ca8633d8&profile_id=164
earnings, https://media.signbsl.com/videos/asl/aslsearch/mp4/salary.mp4
earphone, https://media.signbsl.com/videos/asl/startasl/mp4/headphones.mp4
earpiece, https://media.signbsl.com/videos/asl/startasl/mp4/headphones.mp4
ear piercing, https://media.signbsl.com/videos/asl/youtube/mp4/S6OsmRklfDc.mp4
ear piercings, https://media.signbsl.com/videos/asl/youtube/mp4/OI3sO6OAZq4.mp4
ear piercing specific area, https://media.signbsl.com/videos/asl/youtube/mp4/vI0B7jIOllg.mp4
earplugs, https://media.signbsl.com/videos/asl/youtube/mp4/7hCXRmDk-v8.mp4
earring, https://media.signbsl.com/videos/asl/aslsignbank/mp4/EARRING-1289.mp4
ears, https://media.signbsl.com/videos/asl/aslsignbank/mp4/SOUND-1097.mp4
earsplitting, https://media.signbsl.com/videos/asl/youtube/mp4/HQIUSoYRw6o.mp4
ears pop, https://media.signbsl.com/videos/asl/youtube/mp4/MoEXpZ5KZC0.mp4
Earth, https://media.signbsl.com/videos/asl/aslsignbank/mp4/ALUMNI-2232.mp4
earthborn, https://media.signbsl.com/videos/asl/youtube/mp4/_df7t2hMD6s.mp4
earthborn connected to earth, https://media.signbsl.com/videos/asl/youtube/mp4/A_MKs6LsAYk.mp4
earthborn earth, https://media.signbsl.com/videos/asl/youtube/mp4/_df7t2hMD6s.mp4
earthbound, https://media.signbsl.com/videos/asl/youtube/mp4/wS2tQB_ncqU.mp4
earthenware jar, https://media.signbsl.com/videos/asl/youtube/mp4/Tu_qrBlswD4.mp4
earthiness, https://media.signbsl.com/videos/asl/youtube/mp4/IZUUL1nC_Xg.mp4
earthlike, https://media.signbsl.com/videos/asl/youtube/mp4/KcEpyvC5HeE.mp4
earthling, https://media.signbsl.com/videos/asl/youtube/mp4/8DY3atgrEU8.mp4
earthly, https://media.signbsl.com/videos/asl/youtube/mp4/V0sn3E3muqE.mp4
earthman, https://media.signbsl.com/videos/asl/youtube/mp4/8DY3atgrEU8.mp4
earthnut, https://media.signbsl.com/videos/asl/youtube/mp4/3_v9vxps058.mp4
earthquake, https://media.signbsl.com/videos/asl/startasl/mp4/earthquake.mp4
earths axis, https://media.signbsl.com/videos/asl/youtube/mp4/6ILDORb4QpQ.mp4
Earths crust, https://media.signbsl.com/videos/asl/youtube/mp4/Qy0hl4qHcZY.mp4
earthward, https://media.signbsl.com/videos/asl/youtube/mp4/hycY-tXRqtE.mp4
earthy, https://media.signbsl.com/videos/asl/youtube/mp4/52ruDkn4Kww.mp4
earthy earthier earthiest dirt, https://media.signbsl.com/videos/asl/youtube/mp4/kLyoEClevSQ.mp4
ear vibrations, https://media.signbsl.com/videos/asl/aslsignbank/mp4/NOISE-1561.mp4
earx, https://media.signbsl.com/videos/asl/aslsignbank/mp4/EAR-2752.mp4
ease, https://player.vimeo.com/external/392438708.sd.mp4?s=b3bdb9269b02dac9dfaa804393f01931db65d5eb&profile_id=164
eased, https://media.signbsl.com/videos/asl/startasl/mp4/relieved.mp4
ease into, https://media.signbsl.com/videos/asl/youtube/mp4/BKQSjEbg3rU.mp4
easel, https://media.signbsl.com/videos/asl/aslsearch/mp4/easel.mp4
easement, https://media.signbsl.com/videos/asl/youtube/mp4/mScEU_9BECc.mp4
ease off gas pedal, https://media.signbsl.com/videos/asl/youtube/mp4/9agDU0yUTes.mp4
ease reduce problem, https://media.signbsl.com/videos/asl/youtube/mp4/yQYWC1xpSmQ.mp4
easier, https://media.signbsl.com/videos/asl/youtube/mp4/Fe4tI3SPJTY.mp4
easier said than done, https://media.signbsl.com/videos/asl/youtube/mp4/bU1ZIyZDfyQ.mp4
easing, https://media.signbsl.com/videos/asl/youtube/mp4/mScEU_9BECc.mp4
east, https://media.signbsl.com/videos/asl/startasl/mp4/east.mp4
eastbound, https://media.signbsl.com/videos/asl/youtube/mp4/wWMvgPaorh0.mp4
Easter, https://media.signbsl.com/videos/asl/startasl/mp4/easter.mp4
Easter bunny, https://player.vimeo.com/external/392672407.sd.mp4?s=b5462298a8e6051ebdd174370c3f225c20112953&profile_id=164
Easter Day, https://player.vimeo.com/external/392672460.sd.mp4?s=7443c6ae502d55edd231e3035e3400c0b3cdefd1&profile_id=164
easter egg hunt, https://player.vimeo.com/external/392672539.sd.mp4?s=2ca98ce1e6b3af293b584b707a8177f71299affe&profile_id=164
easterner, https://media.signbsl.com/videos/asl/youtube/mp4/zMcK4XvxZag.mp4
eastern europe, https://media.signbsl.com/videos/asl/mariekatzenbachschool/mp4/Eastern%20Europe.mp4
easternmost, https://media.signbsl.com/videos/asl/youtube/mp4/AfMG4GqKZS8.mp4
Easter Sunday, https://player.vimeo.com/external/392672460.sd.mp4?s=7443c6ae502d55edd231e3035e3400c0b3cdefd1&profile_id=164
East India, https://media.signbsl.com/videos/asl/elementalaslconcepts/mp4/east_indies.mp4
East Indies, https://media.signbsl.com/videos/asl/elementalaslconcepts/mp4/east_indies.mp4
eastmost, https://media.signbsl.com/videos/asl/youtube/mp4/AfMG4GqKZS8.mp4
East Pakistan, https://media.signbsl.com/videos/asl/youtube/mp4/YUEsILL38p0.mp4
eastward, https://media.signbsl.com/videos/asl/youtube/mp4/wWMvgPaorh0.mp4
easy, https://media.signbsl.com/videos/asl/aslsignbank/mp4/SIMPLE-761.mp4
easy as pie, https://player.vimeo.com/external/392000375.sd.mp4?s=9be63c4c64d651181b3f116526076b97deb1c285&profile_id=164
easy come easy go, https://media.signbsl.com/videos/asl/youtube/mp4/R7ZR5vq_3qc.mp4
easy does it, https://media.signbsl.com/videos/asl/youtube/mp4/102YptIDrxg.mp4
easy going, https://media.signbsl.com/videos/asl/aslsearch/mp4/easy-going.mp4
easygoing, https://media.signbsl.com/videos/asl/aslsearch/mp4/easy-going.mp4
easy money, https://media.signbsl.com/videos/asl/youtube/mp4/4Rp_dDG2y1w.mp4
eat, https://media.signbsl.com/videos/asl/startasl/mp4/eat.mp4
eatable, https://media.signbsl.com/videos/asl/youtube/mp4/7Nxg5_6yx3E.mp4
eatage, https://media.signbsl.com/videos/asl/youtube/mp4/d2KMePFJoN0.mp4
eater, https://media.signbsl.com/videos/asl/youtube/mp4/Pv7XD2acrjk.mp4
eater consume, https://media.signbsl.com/videos/asl/youtube/mp4/DeaT_ZYB9uk.mp4
eat hamburger, https://media.signbsl.com/videos/asl/youtube/mp4/1WxlbCMc6TM.mp4
eat humble pie, https://media.signbsl.com/videos/asl/youtube/mp4/3WlU_d-LHbA.mp4
eat ice cream, https://media.signbsl.com/videos/asl/aslsignbank/mp4/ICECREAM-371.mp4
eat in at home, https://media.signbsl.com/videos/asl/youtube/mp4/xrfxn9tV7ZM.mp4
eating away, https://media.signbsl.com/videos/asl/youtube/mp4/iVXxVavtD-U.mp4
eating house, https://media.signbsl.com/videos/asl/startasl/mp4/restaurant.mp4
eating place, https://media.signbsl.com/videos/asl/startasl/mp4/restaurant.mp4
eating with a fork, https://media.signbsl.com/videos/asl/youtube/mp4/WYfM9L-59xw.mp4
eat it for breakfast do a task so easily, https://media.signbsl.com/videos/asl/youtube/mp4/xWXAe_fmXB0.mp4
eat lead be shot, https://media.signbsl.com/videos/asl/youtube/mp4/jYrwXHCQ7zc.mp4
eat like a pig, https://media.signbsl.com/videos/asl/youtube/mp4/uxoFf0kU_s0.mp4
eat my hat say that something will not happen and be shocked and humbled if it does, https://media.signbsl.com/videos/asl/youtube/mp4/edfJnGQPYBM.mp4
eat out, https://player.vimeo.com/external/392000445.sd.mp4?s=e27f30eefe92bcb1b9587e92abda12055aac09f4&profile_id=164
eat someone alive beat someone easily, https://media.signbsl.com/videos/asl/youtube/mp4/egcBy-f_XCs.mp4
eat up, https://media.signbsl.com/videos/asl/aslsearch/mp4/use-up.mp4
eat your words, https://media.signbsl.com/videos/asl/youtube/mp4/ze653sLXu_g.mp4
eavesdrop, https://media.signbsl.com/videos/asl/youtube/mp4/TbHXn5bUxxs.mp4
ebb, https://media.signbsl.com/videos/asl/youtube/mp4/bLV0Eig8gEE.mp4
ebenezer scrooge, https://media.signbsl.com/videos/asl/youtube/mp4/M_aG-fd4CNs.mp4
Ebola, https://player.vimeo.com/external/392000472.sd.mp4?s=add2acab1ab80b28c7ace7a7bb88d15a03f6ef47&profile_id=164
Ebola fever, https://player.vimeo.com/external/392000472.sd.mp4?s=add2acab1ab80b28c7ace7a7bb88d15a03f6ef47&profile_id=164
Ebola hemorrhagic fever, https://player.vimeo.com/external/392000472.sd.mp4?s=add2acab1ab80b28c7ace7a7bb88d15a03f6ef47&profile_id=164
ebonise, https://media.signbsl.com/videos/asl/youtube/mp4/dyL-EqbLs2U.mp4
ebonize, https://media.signbsl.com/videos/asl/youtube/mp4/dyL-EqbLs2U.mp4
ebony, https://player.vimeo.com/external/392868354.sd.mp4?s=f956734e2da68ce31bd415b0770e83184864aecf&profile_id=164
ebullience, https://media.signbsl.com/videos/asl/signlanguagestudent/mp4/enthusiasm.mp4
ebullition, https://player.vimeo.com/external/392161165.sd.mp4?s=bfba9dde2353dd46be440e35d0f1eabdc4f0881a&profile_id=164
EC, https://media.signbsl.com/videos/asl/mariekatzenbachschool/mp4/European%20Union.mp4
eccentric, https://media.signbsl.com/videos/asl/aslsearch/mp4/bizarre.mp4
eccentric person, https://media.signbsl.com/videos/asl/youtube/mp4/GAoqBeLW2zA.mp4
ecclesiastic, https://media.signbsl.com/videos/asl/youtube/mp4/BZXj6zwvF4k.mp4
ecclesiastical benefice, https://media.signbsl.com/videos/asl/youtube/mp4/Ul_sCW4AXzA.mp4
ecdysis, https://media.signbsl.com/videos/asl/elementalaslconcepts/mp4/molt.mp4
ECG, https://media.signbsl.com/videos/asl/youtube/mp4/Zr9zusMDz3g.mp4
echelon, https://media.signbsl.com/videos/asl/youtube/mp4/aPtQY0B5y0E.mp4
echo, https://media.signbsl.com/videos/asl/youtube/mp4/vKEIB3NOqIY.mp4
echolalia, https://media.signbsl.com/videos/asl/youtube/mp4/KEgtmsmjTlk.mp4
echoless, https://media.signbsl.com/videos/asl/youtube/mp4/U4-6nzxMAEE.mp4
echolocation, https://media.signbsl.com/videos/asl/youtube/mp4/RkpufQc-4OQ.mp4
echo sounder, https://media.signbsl.com/videos/asl/youtube/mp4/GKHCo6jPvVw.mp4
echo sounding, https://media.signbsl.com/videos/asl/youtube/mp4/RkpufQc-4OQ.mp4
echt, https://media.signbsl.com/videos/asl/youtube/mp4/bo4Vvk4-67I.mp4
eclat, https://media.signbsl.com/videos/asl/youtube/mp4/kCsAOcdIecA.mp4
eclat approvalpraise, https://media.signbsl.com/videos/asl/youtube/mp4/kCsAOcdIecA.mp4
eclat great success, https://media.signbsl.com/videos/asl/youtube/mp4/KM0KkM4ljBo.mp4
eclat social elegance, https://media.signbsl.com/videos/asl/youtube/mp4/MEFDEwPIgdU.mp4
eclectic, https://player.vimeo.com/external/392000501.sd.mp4?s=292873ceaa2a06bb7af78978b4ac7f3cb232d428&profile_id=164
eclipse, https://player.vimeo.com/external/392000525.sd.mp4?s=c906766d0594c01674f30a3df96b79edb0295845&profile_id=164
eclipse be better than the past one, https://media.signbsl.com/videos/asl/youtube/mp4/OaohmYngtbU.mp4
eclipsis, https://media.signbsl.com/videos/asl/youtube/mp4/kQEKTqu2ye4.mp4
ecocide, https://media.signbsl.com/videos/asl/youtube/mp4/EM-nu-k018o.mp4
ecologic, https://media.signbsl.com/videos/asl/youtube/mp4/i3HQUknuF4w.mp4
ecological, https://media.signbsl.com/videos/asl/youtube/mp4/i3HQUknuF4w.mp4
ecologist, https://media.signbsl.com/videos/asl/youtube/mp4/PWGYNRqeky0.mp4
economic, https://media.signbsl.com/videos/asl/youtube/mp4/frJWX8OLqiM.mp4
economical, https://player.vimeo.com/external/392133739.sd.mp4?s=1e8e6705004a2f7dc852236a3e1db04856c90ed2&profile_id=164
economical cost, https://media.signbsl.com/videos/asl/youtube/mp4/Fi4MO3NgvbE.mp4
economical effort, https://media.signbsl.com/videos/asl/youtube/mp4/zFUxwWeKD4A.mp4
economic expert, https://media.signbsl.com/videos/asl/youtube/mp4/I-KsJAKhRsc.mp4
economic system, https://media.signbsl.com/videos/asl/aslsearch/mp4/economy.mp4
economic value, https://media.signbsl.com/videos/asl/signlanguagestudent/mp4/value.mp4
economies, https://media.signbsl.com/videos/asl/aslsearch/mp4/economy.mp4
economise, https://media.signbsl.com/videos/asl/youtube/mp4/k8Z8wn4y_XI.mp4
economist, https://media.signbsl.com/videos/asl/youtube/mp4/I-KsJAKhRsc.mp4
economize, https://media.signbsl.com/videos/asl/youtube/mp4/k8Z8wn4y_XI.mp4
economy, https://media.signbsl.com/videos/asl/aslsearch/mp4/economy.mp4
econsecration, https://media.signbsl.com/videos/asl/youtube/mp4/qaLhR5vSQrI.mp4
ecosystem, https://media.signbsl.com/videos/asl/thefamilyvocab/mp4/ecosystem.mp4
ecotourism, https://media.signbsl.com/videos/asl/youtube/mp4/lMCRKto7k_k.mp4
ecru, https://player.vimeo.com/external/392762963.sd.mp4?s=3e700b310f8a2c26b4e0d04812c7ac5378ef7b5b&profile_id=164
ecstasies, https://media.signbsl.com/videos/asl/valleybible/mp4/Rapture.mp4
ecstasy, https://media.signbsl.com/videos/asl/valleybible/mp4/Rapture.mp4
ecstatic, https://media.signbsl.com/videos/asl/youtube/mp4/S-vdSu37zro.mp4
ECT, https://media.signbsl.com/videos/asl/youtube/mp4/3Xw--zgQpX0.mp4
ectomorph, https://media.signbsl.com/videos/asl/youtube/mp4/S28-VXQOJ98.mp4
ectotherm, https://media.signbsl.com/videos/asl/youtube/mp4/DoAP2EwsdX4.mp4
Ecuador, https://media.signbsl.com/videos/asl/aslsignbank/mp4/ECUADOR-3201.mp4
ecumenical, https://media.signbsl.com/videos/asl/philosophy/mp4/Universal-HD.mp4
edacious, https://media.signbsl.com/videos/asl/youtube/mp4/rRrJTBhzZzI.mp4
edacity, https://media.signbsl.com/videos/asl/youtube/mp4/l2Sb4gsK8AA.mp4
eddies, https://media.signbsl.com/videos/asl/youtube/mp4/0J8fKZJEcks.mp4
eddy, https://media.signbsl.com/videos/asl/youtube/mp4/0J8fKZJEcks.mp4
Eden, https://media.signbsl.com/videos/asl/ids/mp4/2013-11-3420-paradise-1500k-ase.mp4
edge, https://media.signbsl.com/videos/asl/aslsignbank/mp4/BORDER-2959.mp4
edge down slowly reduce, https://media.signbsl.com/videos/asl/youtube/mp4/OP3EGG8JJ04.mp4
edge joint, https://media.signbsl.com/videos/asl/AustinCommunityCollege/mp4/weld_edgejoint_.mp4
edgeless, https://media.signbsl.com/videos/asl/youtube/mp4/TxXrNeAc08Q.mp4
edge out slowly get rid of, https://media.signbsl.com/videos/asl/youtube/mp4/5FDZHoeHq68.mp4
edge up slowly increase, https://media.signbsl.com/videos/asl/youtube/mp4/IA2PKz_uX04.mp4
edgeways, https://media.signbsl.com/videos/asl/youtube/mp4/e00VMSEk15g.mp4
edgewayssidewayscrabwise, https://media.signbsl.com/videos/asl/youtube/mp4/-ZJmvQ-28FA.mp4
edgewise, https://media.signbsl.com/videos/asl/youtube/mp4/e00VMSEk15g.mp4
edgier, https://media.signbsl.com/videos/asl/youtube/mp4/da3P9APF_n8.mp4
edgily, https://media.signbsl.com/videos/asl/youtube/mp4/KtMQOBjQd8k.mp4
edginess, https://media.signbsl.com/videos/asl/youtube/mp4/FpAhQj_gUlo.mp4
edgy, https://media.signbsl.com/videos/asl/youtube/mp4/tAz2v9Oqpg4.mp4
edgy edgier edgiest cutting edge, https://media.signbsl.com/videos/asl/youtube/mp4/vOK59nMC2_E.mp4
edible, https://media.signbsl.com/videos/asl/youtube/mp4/7Nxg5_6yx3E.mp4
edible bean, https://media.signbsl.com/videos/asl/aslsearch/mp4/bean.mp4
edict, https://media.signbsl.com/videos/asl/unoclimb/mp4/FrJNHZcW7ns.mp4
edification, https://media.signbsl.com/videos/asl/youtube/mp4/6XxoCjQHkRI.mp4
edifice, https://media.signbsl.com/videos/asl/startasl/mp4/building.mp4
edify, https://media.signbsl.com/videos/asl/youtube/mp4/UVi3qjt8kko.mp4
edit, https://media.signbsl.com/videos/asl/aslsearch/mp4/edit.mp4
edit in, https://media.signbsl.com/videos/asl/youtube/mp4/vzPPpuGbGU4.mp4
edition, https://media.signbsl.com/videos/asl/youtube/mp4/YauGsNrRKV4.mp4
editor, https://media.signbsl.com/videos/asl/elementalaslconcepts/mp4/editor.mp4
editorial, https://media.signbsl.com/videos/asl/youtube/mp4/A_2H5jgkXSk.mp4
editorialise, https://media.signbsl.com/videos/asl/youtube/mp4/RdBeFTK5bbg.mp4
editorialist, https://media.signbsl.com/videos/asl/youtube/mp4/87yaaTM5Mys.mp4
editorialize, https://media.signbsl.com/videos/asl/youtube/mp4/RdBeFTK5bbg.mp4
editor in chief, https://media.signbsl.com/videos/asl/elementalaslconcepts/mp4/editor.mp4
editorship, https://media.signbsl.com/videos/asl/youtube/mp4/TTvFft59-9g.mp4
edit out, https://media.signbsl.com/videos/asl/aslsignbank/mp4/EDIT-1291.mp4
Edmonton, https://player.vimeo.com/external/392000679.sd.mp4?s=e982a1982550b7c851f7005c4a6427ea7ebda04d&profile_id=164
Edo, https://media.signbsl.com/videos/asl/youtube/mp4/V9_lAs-SpRc.mp4
educable, https://media.signbsl.com/videos/asl/youtube/mp4/W3CM1E4jt4Y.mp4
educate, https://media.signbsl.com/videos/asl/aslsignbank/mp4/EDUCATION-1292.mp4
educated, https://media.signbsl.com/videos/asl/youtube/mp4/aZFY_8HUTZs.mp4
educatee, https://media.signbsl.com/videos/asl/startasl/mp4/student.mp4
educate in, https://media.signbsl.com/videos/asl/youtube/mp4/acNuROXwJlw.mp4
educate me, https://media.signbsl.com/videos/asl/youtube/mp4/25qgwnUoVLc.mp4
education, https://media.signbsl.com/videos/asl/aslsignbank/mp4/STUDY-1139.mp4
educational activity, https://media.signbsl.com/videos/asl/aslsignbank/mp4/STUDY-1139.mp4
educator, https://media.signbsl.com/videos/asl/aslsignbank/mp4/TEACHER-792.mp4
edutainment, https://media.signbsl.com/videos/asl/youtube/mp4/-EUPteJPcNs.mp4
Edward Calvin Kendall, https://media.signbsl.com/videos/asl/youtube/mp4/wNJI8rJN_Jg.mp4
Edward Kendall, https://media.signbsl.com/videos/asl/youtube/mp4/wNJI8rJN_Jg.mp4
EE, https://media.signbsl.com/videos/asl/aslsearch/mp4/ee.mp4
EEC, https://media.signbsl.com/videos/asl/mariekatzenbachschool/mp4/European%20Union.mp4
eek, https://media.signbsl.com/videos/asl/youtube/mp4/kYp9zhOn_x8.mp4
eerie, https://player.vimeo.com/external/392000834.sd.mp4?s=e882bea4750f9de7192825c911b1f12cad4f8404&profile_id=164
eerier, https://media.signbsl.com/videos/asl/youtube/mp4/jMZWpf-VlIA.mp4
eery, https://player.vimeo.com/external/392000834.sd.mp4?s=e882bea4750f9de7192825c911b1f12cad4f8404&profile_id=164
eeyore, https://media.signbsl.com/videos/asl/youtube/mp4/URv-eICVrOE.mp4
efface, https://media.signbsl.com/videos/asl/youtube/mp4/Ut8_zTMdUsk.mp4
effaceable, https://media.signbsl.com/videos/asl/youtube/mp4/YiF4kNe3SIw.mp4
effect, https://media.signbsl.com/videos/asl/aslsignbank/mp4/RESULT-970.mp4
effective, https://media.signbsl.com/videos/asl/youtube/mp4/Z77j2frfhk4.mp4
effective does its intended purpose, https://media.signbsl.com/videos/asl/youtube/mp4/0PnEFuYupfo.mp4
effectively, https://media.signbsl.com/videos/asl/youtube/mp4/_VZ83L9WaAM.mp4
effectual, https://media.signbsl.com/videos/asl/youtube/mp4/Z77j2frfhk4.mp4
effectuate, https://media.signbsl.com/videos/asl/youtube/mp4/et4SUrzsEVM.mp4
effeminate, https://media.signbsl.com/videos/asl/youtube/mp4/UHrjZf2Xxu0.mp4
effeminize, https://media.signbsl.com/videos/asl/youtube/mp4/JlvZlgDAofM.mp4
efferent, https://media.signbsl.com/videos/asl/youtube/mp4/E-2n69MchfA.mp4
effervesce, https://player.vimeo.com/external/392129309.sd.mp4?s=3a19b4d3ea8cdf2a7bd2bef3c92bf24b46872eba&profile_id=164
efficacious, https://media.signbsl.com/videos/asl/youtube/mp4/Z77j2frfhk4.mp4
efficaciously, https://media.signbsl.com/videos/asl/youtube/mp4/_VZ83L9WaAM.mp4
efficiency, https://media.signbsl.com/videos/asl/AustinCommunityCollege/mp4/elec_efficiency_.mp4
efficient, https://media.signbsl.com/videos/asl/aslsearch/mp4/efficient.mp4
effigies, https://media.signbsl.com/videos/asl/youtube/mp4/Gce7i_yGI7A.mp4
effigy, https://media.signbsl.com/videos/asl/youtube/mp4/Gce7i_yGI7A.mp4
effloresce, https://media.signbsl.com/videos/asl/youtube/mp4/Q4cKIqDyKZ0.mp4
efflorescence, https://media.signbsl.com/videos/asl/startasl/mp4/rash.mp4
efflorescent, https://media.signbsl.com/videos/asl/youtube/mp4/NnI5Ushyn0k.mp4
effluent, https://media.signbsl.com/videos/asl/youtube/mp4/rHoq4p28Sv0.mp4
effort, https://media.signbsl.com/videos/asl/aslsignbank/mp4/TRY-2309.mp4
effortless, https://media.signbsl.com/videos/asl/youtube/mp4/D7NPliaiMlg.mp4
effuse, https://media.signbsl.com/videos/asl/youtube/mp4/7ZgsJWKKSZw.mp4
effusion, https://player.vimeo.com/external/392161165.sd.mp4?s=bfba9dde2353dd46be440e35d0f1eabdc4f0881a&profile_id=164
effusive, https://media.signbsl.com/videos/asl/youtube/mp4/ePhqlYrOfZk.mp4
egalitarian, https://media.signbsl.com/videos/asl/youtube/mp4/geTY-BPY1fM.mp4
egg, https://media.signbsl.com/videos/asl/startasl/mp4/eggs.mp4
egg boiled, https://player.vimeo.com/external/392000926.sd.mp4?s=d33f3b0a24fdf81219dac1cd88c722b620e56bb3&profile_id=164
eggnog, https://media.signbsl.com/videos/asl/youtube/mp4/NVgtXgTpokA.mp4
eggplant, https://player.vimeo.com/external/392000976.sd.mp4?s=fe0d7e7bce853918dd337b985389964ff3916658&profile_id=164
egg poached, https://player.vimeo.com/external/392000948.sd.mp4?s=3f671cc326f3dc4e3e9dc03bd7f12ad5785157af&profile_id=164
eggs, https://media.signbsl.com/videos/asl/startasl/mp4/eggs.mp4
eggshell, https://media.signbsl.com/videos/asl/youtube/mp4/Sd25EdLjbng.mp4
egis, https://media.signbsl.com/videos/asl/signlanguagestudent/mp4/breastplate.mp4
ego, https://media.signbsl.com/videos/asl/aslsignbank/mp4/EGO-2753.mp4
egocentric, https://media.signbsl.com/videos/asl/youtube/mp4/hQdq8XVUR14.mp4
egocentrism, https://media.signbsl.com/videos/asl/philosophy/mp4/Ethical%20Egoism-HD.mp4
ego conscious, https://media.signbsl.com/videos/asl/youtube/mp4/5Kl-tR1A5m0.mp4
egoism, https://media.signbsl.com/videos/asl/philosophy/mp4/Ethical%20Egoism-HD.mp4
egoist, https://player.vimeo.com/external/392001042.sd.mp4?s=846dc64e02b1ba6ddfdeef348a65a8db04655a19&profile_id=164
egoistical, https://media.signbsl.com/videos/asl/youtube/mp4/hQdq8XVUR14.mp4
ego opinion of self, https://media.signbsl.com/videos/asl/youtube/mp4/wVpF2eksW8M.mp4
egostic, https://media.signbsl.com/videos/asl/aslsearch/mp4/egostic.mp4
egostical, https://media.signbsl.com/videos/asl/youtube/mp4/mwnr-0TQ8mA.mp4
egotism, https://media.signbsl.com/videos/asl/aslsignbank/mp4/EGO-2753.mp4
egotistic, https://media.signbsl.com/videos/asl/youtube/mp4/gLg4Pk49K2c.mp4
egotistical, https://media.signbsl.com/videos/asl/youtube/mp4/gLg4Pk49K2c.mp4
egregious, https://media.signbsl.com/videos/asl/youtube/mp4/Iu-srSSRo-k.mp4
egress, https://media.signbsl.com/videos/asl/youtube/mp4/1SOrnuo1h3Y.mp4
egression, https://media.signbsl.com/videos/asl/youtube/mp4/1SOrnuo1h3Y.mp4
Egypt, https://media.signbsl.com/videos/asl/startasl/mp4/egypt.mp4
Egyptian capital, https://media.signbsl.com/videos/asl/youtube/mp4/6hKLvCPaKnI.mp4
eh, https://media.signbsl.com/videos/asl/youtube/mp4/apR4flQ9AKc.mp4
eight, https://media.signbsl.com/videos/asl/aslsignbank/mp4/EIGHT-635.mp4
eight days, https://media.signbsl.com/videos/asl/aslsignbank/mp4/NUMBER-DAYS-2817.mp4
eight days ago, https://media.signbsl.com/videos/asl/youtube/mp4/-uZllZaFN_M.mp4
eight days later, https://media.signbsl.com/videos/asl/youtube/mp4/gJhMrTQ_HGI.mp4
eight dollars, https://media.signbsl.com/videos/asl/youtube/mp4/bRfcQgq-BAM.mp4
eighteen, https://media.signbsl.com/videos/asl/aslsignbank/mp4/EIGHTEEN-2512.mp4
eighteenth, https://media.signbsl.com/videos/asl/youtube/mp4/SPyktC4SD5E.mp4
eightfold, https://player.vimeo.com/external/392001343.sd.mp4?s=1686419b52a583d47d54091db9d4ff8e43d993a6&profile_id=164
eighth, https://media.signbsl.com/videos/asl/tsdvideo/mp4/121.mp4
eighth ordinal, https://player.vimeo.com/external/392003295.sd.mp4?s=c8f7789a6b77b8fc3df92070ef8d0c21db3271e3&profile_id=164
eight hours, https://media.signbsl.com/videos/asl/youtube/mp4/1gXN6wQiK5A.mp4
eighth place, https://media.signbsl.com/videos/asl/youtube/mp4/4SxO_QWivLA.mp4
eighths, https://media.signbsl.com/videos/asl/tsdvideo/mp4/121.mp4
eightieth, https://media.signbsl.com/videos/asl/youtube/mp4/t0hU60pUvik.mp4
eight minutes, https://media.signbsl.com/videos/asl/youtube/mp4/PuzVwkqHaDM.mp4
eight months, https://media.signbsl.com/videos/asl/aslsignbank/mp4/EIGHT-MONTHS-1987.mp4
eight oclock, https://media.signbsl.com/videos/asl/youtube/mp4/FqQnM0lB6FM.mp4
eight of them, https://media.signbsl.com/videos/asl/youtube/mp4/WTyYe0prZR8.mp4
eight of us, https://media.signbsl.com/videos/asl/youtube/mp4/2YqdWmBqR5M.mp4
eight points, https://media.signbsl.com/videos/asl/youtube/mp4/88tOCJaOy6o.mp4
eight times, https://media.signbsl.com/videos/asl/youtube/mp4/U4YqC_bvly0.mp4
eight weeks, https://media.signbsl.com/videos/asl/youtube/mp4/gkERRy_w39w.mp4
eight weeks ago, https://media.signbsl.com/videos/asl/youtube/mp4/VAjDSAjrK6c.mp4
eight weeks later, https://media.signbsl.com/videos/asl/youtube/mp4/WOpMxw8wNPo.mp4
eighty, https://media.signbsl.com/videos/asl/aslsignbank/mp4/EIGHTY-2665.mp4
eight years ago, https://media.signbsl.com/videos/asl/youtube/mp4/w7eg2eP20bQ.mp4
eight years later, https://media.signbsl.com/videos/asl/youtube/mp4/6OnCLuZiE3Q.mp4
eighty eight, https://media.signbsl.com/videos/asl/aslsignbank/mp4/EIGHTY-EIGHT-2833.mp4
eighty eight cents, https://media.signbsl.com/videos/asl/mariekatzenbachschool/mp4/eighty%20eight%20cents.mp4
eighty five, https://media.signbsl.com/videos/asl/aslsignbank/mp4/EIGHTY-FIVE-2831.mp4
eighty four, https://media.signbsl.com/videos/asl/aslsignbank/mp4/EIGHTY-FOUR-2827.mp4
eighty nine, https://media.signbsl.com/videos/asl/aslsignbank/mp4/EIGHTY-NINE-2834.mp4
eighty one, https://media.signbsl.com/videos/asl/aslsignbank/mp4/EIGHTY-ONE-2828.mp4
eighty seven, https://media.signbsl.com/videos/asl/youtube/mp4/u_R6NlFYaJU.mp4
eighty six, https://media.signbsl.com/videos/asl/aslsignbank/mp4/EIGHTY-SIX-2832.mp4
eighty three, https://media.signbsl.com/videos/asl/aslsignbank/mp4/EIGHTY-THREE-2830.mp4
eighty two, https://media.signbsl.com/videos/asl/aslsignbank/mp4/EIGHTY-TWO-2829.mp4
eigth, https://media.signbsl.com/videos/asl/youtube/mp4/GaSkUlZxEOc.mp4
Einstein, https://media.signbsl.com/videos/asl/aslsearch/mp4/genius.mp4
Eire, https://media.signbsl.com/videos/asl/startasl/mp4/ireland.mp4
eir formula, https://media.signbsl.com/videos/asl/AustinCommunityCollege/mp4/elec_EIR_.mp4
either, https://media.signbsl.com/videos/asl/aslsignbank/mp4/EITHER-744.mp4
either or, https://player.vimeo.com/external/392004272.sd.mp4?s=6847cf4baa2465c59d79126d4083207f01af10b9&profile_id=164
ejaculate, https://media.signbsl.com/videos/asl/youtube/mp4/503CFnKuiEg.mp4
eject, https://media.signbsl.com/videos/asl/aslsearch/mp4/expel.mp4
ejection, https://media.signbsl.com/videos/asl/aslsearch/mp4/expulsion.mp4
eject plane, https://media.signbsl.com/videos/asl/youtube/mp4/cH281gnnmPE.mp4
Ekbom syndrome, https://media.signbsl.com/videos/asl/youtube/mp4/mCS-HVAWJfE.mp4
eke out obtain, https://media.signbsl.com/videos/asl/youtube/mp4/obF744cZuTw.mp4
EKG, https://media.signbsl.com/videos/asl/youtube/mp4/Zr9zusMDz3g.mp4
elaborate, https://media.signbsl.com/videos/asl/aslsignbank/mp4/EXPAND-1349.mp4
elaborateness, https://media.signbsl.com/videos/asl/youtube/mp4/kW4xukBXi5A.mp4
elaboration, https://media.signbsl.com/videos/asl/youtube/mp4/kW4xukBXi5A.mp4
elan, https://media.signbsl.com/videos/asl/youtube/mp4/ojQtEeiBd6U.mp4
elanstylish, https://media.signbsl.com/videos/asl/youtube/mp4/I-pM9If5Hq4.mp4
elapse, https://media.signbsl.com/videos/asl/youtube/mp4/6dO2ZrV_Yj0.mp4
elapsed time, https://media.signbsl.com/videos/asl/tsdvideo/mp4/370.mp4
elastic, https://media.signbsl.com/videos/asl/aslsearch/mp4/elastic.mp4
elasticflexible, https://media.signbsl.com/videos/asl/youtube/mp4/ApGAbaBbuoE.mp4
elasticise, https://media.signbsl.com/videos/asl/youtube/mp4/obMTWFHTXiI.mp4
elate, https://media.signbsl.com/videos/asl/youtube/mp4/8veYyus_t94.mp4
elated, https://media.signbsl.com/videos/asl/youtube/mp4/51BzgA2UATM.mp4
El Beda, https://media.signbsl.com/videos/asl/youtube/mp4/Zjr7JrZZGDg.mp4
elbow, https://media.signbsl.com/videos/asl/aslsearch/mp4/elbow.mp4
elbow grease, https://media.signbsl.com/videos/asl/youtube/mp4/CD9KjHsstts.mp4
elbow joint, https://media.signbsl.com/videos/asl/aslsearch/mp4/elbow.mp4
elbow room, https://media.signbsl.com/videos/asl/youtube/mp4/frif0Qed8bE.mp4
elbowroom, https://media.signbsl.com/videos/asl/youtube/mp4/frif0Qed8bE.mp4
eld.aged., NA
elder, https://media.signbsl.com/videos/asl/signlanguagestudent/mp4/elder.mp4
eldercare, https://media.signbsl.com/videos/asl/youtube/mp4/MMFYXCbNjzQ.mp4
elderly, https://media.signbsl.com/videos/asl/aslsearch/mp4/elder.mp4
elder person, https://media.signbsl.com/videos/asl/youtube/mp4/FmiY_0MdLHk.mp4
elders, https://media.signbsl.com/videos/asl/signlanguagestudent/mp4/elder.mp4
Elders Quorum, https://media.signbsl.com/videos/asl/ids/mp4/2013-11-1420-elders-quorum-1500k-ase.mp4
eldest, https://media.signbsl.com/videos/asl/youtube/mp4/BKV2OtSkcJ4.mp4
elect, https://media.signbsl.com/videos/asl/aslsearch/mp4/elect.mp4
electable, https://media.signbsl.com/videos/asl/youtube/mp4/l0KnwQ0M-bU.mp4
elect choice, https://media.signbsl.com/videos/asl/signlanguagestudent/mp4/elect%20(choice).mp4
Elect Chosen, https://media.signbsl.com/videos/asl/ids/mp4/2013-11-1430-elect-chosen-1500k-ase.mp4
election, https://media.signbsl.com/videos/asl/valleybible/mp4/election.mp4
electioneer, https://media.signbsl.com/videos/asl/youtube/mp4/6vszc01Ddas.mp4
electioneering, https://media.signbsl.com/videos/asl/youtube/mp4/yoK_VV-BMTg.mp4
elector, https://media.signbsl.com/videos/asl/youtube/mp4/8fBVG1SpkkQ.mp4
electoral, https://media.signbsl.com/videos/asl/youtube/mp4/AMUY1RDCGdk.mp4
electorate, https://media.signbsl.com/videos/asl/youtube/mp4/RnMlez1KLL0.mp4
electric, https://media.signbsl.com/videos/asl/aslsearch/mp4/electric.mp4
electrical, https://media.signbsl.com/videos/asl/aslsearch/mp4/electric.mp4
electrical capacity, https://media.signbsl.com/videos/asl/tsdvideo/mp4/86.mp4
electrical circuit, https://media.signbsl.com/videos/asl/AustinCommunityCollege/mp4/auto_circuit_.mp4
electrical condenser, https://media.signbsl.com/videos/asl/AustinCommunityCollege/mp4/auto_capacitor_.mp4
electrical engineering, https://media.signbsl.com/videos/asl/aslsearch/mp4/ee.mp4
electrical fuse, https://media.signbsl.com/videos/asl/AustinCommunityCollege/mp4/auto_fuse_.mp4
electrical outlet, https://media.signbsl.com/videos/asl/mariekatzenbachschool/mp4/outlet.mp4
electrical power, https://media.signbsl.com/videos/asl/AustinCommunityCollege/mp4/elec_wattage_.mp4
electrical resistance, https://media.signbsl.com/videos/asl/youtube/mp4/u5K9NBqfGLQ.mp4
electrical shock, https://media.signbsl.com/videos/asl/aslsearch/mp4/electrical-shock.mp4
electrical storm, https://media.signbsl.com/videos/asl/aslsearch/mp4/thunderstorm.mp4
electrical test, https://media.signbsl.com/videos/asl/AustinCommunityCollege/mp4/elec_test_.mp4
electric battery, https://media.signbsl.com/videos/asl/aslsignbank/mp4/BATTERY-345.mp4
electric charge, https://media.signbsl.com/videos/asl/deaftec/mp4/1354.mp4
electric circuit, https://media.signbsl.com/videos/asl/AustinCommunityCollege/mp4/auto_circuit_.mp4
electric current, https://media.signbsl.com/videos/asl/AustinCommunityCollege/mp4/elec_current_.mp4
electric guitar, https://player.vimeo.com/external/392005228.sd.mp4?s=6714691715e8750527b656e25e188c730b4563bf&profile_id=164
electrician, https://media.signbsl.com/videos/asl/aslsignbank/mp4/ELECTRICIAN-2754.mp4
electricity, https://player.vimeo.com/external/392005626.sd.mp4?s=2f763ee0677445a5a1d80fa7d897e21e8c7f4009&profile_id=164
electricity out, https://media.signbsl.com/videos/asl/startasl/mp4/electricity-out.mp4
electric light, https://media.signbsl.com/videos/asl/aslsearch/mp4/lightbulb.mp4
electric light bulb, https://media.signbsl.com/videos/asl/aslsearch/mp4/lightbulb.mp4
electric outlet, https://media.signbsl.com/videos/asl/mariekatzenbachschool/mp4/outlet.mp4
electric pig, https://player.vimeo.com/external/392678213.sd.mp4?s=3aa4b1ef40063c8dc43976b1cab6946acd7c23ee&profile_id=164
electric power, https://media.signbsl.com/videos/asl/AustinCommunityCollege/mp4/elec_wattage_.mp4
electric receptacle, https://media.signbsl.com/videos/asl/mariekatzenbachschool/mp4/outlet.mp4
electric refrigerator, https://media.signbsl.com/videos/asl/aslsignbank/mp4/REFRIGERATOR-952.mp4
electric resistance, https://media.signbsl.com/videos/asl/youtube/mp4/u5K9NBqfGLQ.mp4
electric sander, https://media.signbsl.com/videos/asl/youtube/mp4/7XM6o6jvBIg.mp4
electric shock, https://media.signbsl.com/videos/asl/aslsearch/mp4/electrical-shock.mp4
electric storm, https://media.signbsl.com/videos/asl/aslsearch/mp4/thunderstorm.mp4
electrification, https://media.signbsl.com/videos/asl/youtube/mp4/XQcXY42eHWY.mp4
electrocardiogram, https://media.signbsl.com/videos/asl/youtube/mp4/Zr9zusMDz3g.mp4
electrochemical, https://media.signbsl.com/videos/asl/youtube/mp4/nA6Y8aJ1-8E.mp4
electroconvulsive therapy, https://media.signbsl.com/videos/asl/youtube/mp4/3Xw--zgQpX0.mp4
electrocute, https://media.signbsl.com/videos/asl/youtube/mp4/2aww4-41xQs.mp4
electrode, https://media.signbsl.com/videos/asl/AustinCommunityCollege/mp4/weld_electrode_.mp4
electrode 6010 7018 18 332, https://media.signbsl.com/videos/asl/AustinCommunityCollege/mp4/weld_electrode_.mp4
electrode angle, https://media.signbsl.com/videos/asl/AustinCommunityCollege/mp4/weld_electrode_angle_.mp4
electrologist, https://media.signbsl.com/videos/asl/youtube/mp4/egOpj03gvpQ.mp4
electrolysis, https://media.signbsl.com/videos/asl/youtube/mp4/VPGEtEBeKt4.mp4
electrolyte, https://media.signbsl.com/videos/asl/youtube/mp4/FOf4bCPVk9M.mp4
electromagnet, https://media.signbsl.com/videos/asl/youtube/mp4/dXCscyQv8ao.mp4
electromotive, https://media.signbsl.com/videos/asl/youtube/mp4/Ys0b9Myc5jk.mp4
electromotive force, https://media.signbsl.com/videos/asl/AustinCommunityCollege/mp4/elec_voltage_.mp4
electron, https://media.signbsl.com/videos/asl/deaftec/mp4/1371.mp4
electron cloud, https://media.signbsl.com/videos/asl/youtube/mp4/7qu-Wl26_Iw.mp4
electronegative, https://media.signbsl.com/videos/asl/youtube/mp4/IzYRrbZAY1g.mp4
electroneutral, https://player.vimeo.com/external/392381441.sd.mp4?s=135a353e500a5b73b7a8f0fb557e9355be3f0af5&profile_id=164
electronic, https://player.vimeo.com/external/392008906.sd.mp4?s=00df6f88e2cb5f23b3ad53759a4ea7b37d09aa24&profile_id=164
electronic computer, https://media.signbsl.com/videos/asl/startasl/mp4/computer-2.mp4
electronic mail, https://media.signbsl.com/videos/asl/aslsignbank/mp4/EMAIL-2755.mp4
electronics equipment, https://media.signbsl.com/videos/asl/youtube/mp4/yhH6zEv-Z0Q.mp4
electronic tag, https://media.signbsl.com/videos/asl/youtube/mp4/V-pcl22GeMQ.mp4
electronic transistor, https://media.signbsl.com/videos/asl/youtube/mp4/-X5zTkf9_3s.mp4
electron shell, https://media.signbsl.com/videos/asl/youtube/mp4/6hsXmIkk8_o.mp4
electron shells, https://media.signbsl.com/videos/asl/youtube/mp4/6hsXmIkk8_o.mp4
electroplate, https://media.signbsl.com/videos/asl/youtube/mp4/RlnOkLOorXo.mp4
electroshock, https://media.signbsl.com/videos/asl/youtube/mp4/3Xw--zgQpX0.mp4
electroshock therapy, https://media.signbsl.com/videos/asl/youtube/mp4/3Xw--zgQpX0.mp4
electrostatic, https://media.signbsl.com/videos/asl/youtube/mp4/QHwmJZ_R86E.mp4
electrostatic bond, https://media.signbsl.com/videos/asl/deaftec/mp4/1395.mp4
electrovalent bond, https://media.signbsl.com/videos/asl/deaftec/mp4/1395.mp4
eleemosynary, https://media.signbsl.com/videos/asl/youtube/mp4/Lz8U1jAFXek.mp4
elegance, https://media.signbsl.com/videos/asl/youtube/mp4/gkVHh99eMZo.mp4
elegant, https://media.signbsl.com/videos/asl/aslsearch/mp4/elegant.mp4
elegy, https://media.signbsl.com/videos/asl/youtube/mp4/chXboQDiKPY.mp4
element, https://media.signbsl.com/videos/asl/tsdvideo/mp4/223.mp4
elemental chemical, https://media.signbsl.com/videos/asl/youtube/mp4/c7UADFVFHh4.mp4
elemental nature, https://media.signbsl.com/videos/asl/youtube/mp4/7jCam7H1hvQ.mp4
elementary, https://media.signbsl.com/videos/asl/aslsignbank/mp4/ELEMENTARY-SCHOOL-743.mp4
elementary school, https://media.signbsl.com/videos/asl/startasl/mp4/elementary-school.mp4
elephant, https://media.signbsl.com/videos/asl/startasl/mp4/elephant.mp4
elephantine, https://media.signbsl.com/videos/asl/aslsearch/mp4/jumbo.mp4
elevate, https://media.signbsl.com/videos/asl/aslsignbank/mp4/LIFT-1649.mp4
elevator, https://media.signbsl.com/videos/asl/startasl/mp4/elevator.mp4
eleven, https://media.signbsl.com/videos/asl/aslsignbank/mp4/ELEVEN-1303.mp4
eleven oclock, https://media.signbsl.com/videos/asl/youtube/mp4/WpxUw8n2Xu4.mp4
eleventh, https://media.signbsl.com/videos/asl/youtube/mp4/3moVg5TML4Y.mp4
eleventh hour, https://player.vimeo.com/external/392009407.sd.mp4?s=ee812585ec7c7798edc70a642683eb237fb12389&profile_id=164
elevenths, https://media.signbsl.com/videos/asl/youtube/mp4/3moVg5TML4Y.mp4
elf, https://player.vimeo.com/external/392009471.sd.mp4?s=cfe3a9912745b9cbdf2b5589e3d3c80c212ce5d0&profile_id=164
elicit, https://media.signbsl.com/videos/asl/youtube/mp4/kaURhjFOeyM.mp4
eligibility, https://media.signbsl.com/videos/asl/youtube/mp4/HpTVtWi2QjQ.mp4
eligibleavailable singlenot married, https://media.signbsl.com/videos/asl/youtube/mp4/bBP3Iwm8ieI.mp4
eligible skills, https://media.signbsl.com/videos/asl/youtube/mp4/_EmuO5_R-_M.mp4
Elijah, https://media.signbsl.com/videos/asl/valleybible/mp4/Elijah.mp4
eliminate, https://media.signbsl.com/videos/asl/aslsearch/mp4/eliminate.mp4
elision, https://media.signbsl.com/videos/asl/youtube/mp4/SiTY8MNnuA8.mp4
elite, https://player.vimeo.com/external/392009589.sd.mp4?s=e484d2c859d0bc58e3bb62db56b983d072b2e54f&profile_id=164
elite group, https://player.vimeo.com/external/392009589.sd.mp4?s=e484d2c859d0bc58e3bb62db56b983d072b2e54f&profile_id=164
elitism, https://media.signbsl.com/videos/asl/youtube/mp4/UdM9RA1SeXk.mp4
elixir, https://media.signbsl.com/videos/asl/youtube/mp4/JxwAxR5VHf8.mp4
elk, https://media.signbsl.com/videos/asl/aslsearch/mp4/elk.mp4
Ellas, https://media.signbsl.com/videos/asl/startasl/mp4/greece.mp4
ellbert einstein, https://player.vimeo.com/external/392005754.sd.mp4?s=089eb9790166aeaf7b19fb1d220cc1609aa362b7&profile_id=164
ellipse, https://media.signbsl.com/videos/asl/tsdvideo/mp4/1494.mp4
ellipsis, https://media.signbsl.com/videos/asl/youtube/mp4/kQEKTqu2ye4.mp4
El Nino, https://media.signbsl.com/videos/asl/youtube/mp4/HufRGanyuME.mp4
elocution, https://media.signbsl.com/videos/asl/youtube/mp4/IpYw2r0_PgA.mp4
elocutionist, https://media.signbsl.com/videos/asl/youtube/mp4/HMHFivM35t0.mp4
Elodea, https://media.signbsl.com/videos/asl/elementalaslconcepts/mp4/elodea.mp4
Elohim, https://media.signbsl.com/videos/asl/signlanguagestudent/mp4/Elohim.mp4
elongate, https://media.signbsl.com/videos/asl/youtube/mp4/HfNKaEF1_Pw.mp4
elope, https://media.signbsl.com/videos/asl/aslsearch/mp4/elope.mp4
eloquence, https://media.signbsl.com/videos/asl/youtube/mp4/3Xujl6tLdLM.mp4
eloquent, https://player.vimeo.com/external/392009626.sd.mp4?s=757186da0cf93857349e587eb54d66d28e61db84&profile_id=164
El Qahira, https://media.signbsl.com/videos/asl/youtube/mp4/6hKLvCPaKnI.mp4
El Salvador, https://media.signbsl.com/videos/asl/youtube/mp4/2tczjT4EU8E.mp4
el salvador variation not recommended, https://media.signbsl.com/videos/asl/youtube/mp4/wxsSTec3pMQ.mp4
else, https://media.signbsl.com/videos/asl/aslsearch/mp4/else.mp4
elsewhere, https://media.signbsl.com/videos/asl/youtube/mp4/RSfms5m3qeE.mp4
elucidate, https://media.signbsl.com/videos/asl/aslsearch/mp4/clarify.mp4
elude, https://media.signbsl.com/videos/asl/youtube/mp4/tVkSgOZqRRM.mp4
elusive, https://media.signbsl.com/videos/asl/youtube/mp4/WpaFc5STKHQ.mp4
elwyn, https://media.signbsl.com/videos/asl/aslsignbank/mp4/ELWYN-3209.mp4
elysian, https://media.signbsl.com/videos/asl/youtube/mp4/Kmpu8gH12NI.mp4
Elysian Fields, https://media.signbsl.com/videos/asl/youtube/mp4/pJp12u3_9B0.mp4
Elysium, https://media.signbsl.com/videos/asl/youtube/mp4/pJp12u3_9B0.mp4
em, https://media.signbsl.com/videos/asl/youtube/mp4/mmSPRUAM9ac.mp4
emaciate, https://media.signbsl.com/videos/asl/youtube/mp4/VVh-ZHm6hIo.mp4
emaciated, https://media.signbsl.com/videos/asl/youtube/mp4/Vj8jma8Zt80.mp4
e mail, https://media.signbsl.com/videos/asl/aslsignbank/mp4/EMAIL-2755.mp4
email, https://media.signbsl.com/videos/asl/aslsignbank/mp4/EMAIL-2755.mp4
email address, https://media.signbsl.com/videos/asl/mariekatzenbachschool/mp4/email%20address.mp4
email me, https://media.signbsl.com/videos/asl/youtube/mp4/Lq-FeKbJjmY.mp4
emanate, https://media.signbsl.com/videos/asl/youtube/mp4/ebloDvFV8Jw.mp4
emanation, https://media.signbsl.com/videos/asl/youtube/mp4/V1Bh8cn6zAs.mp4
emancipate, https://media.signbsl.com/videos/asl/youtube/mp4/s7kuh78fAAU.mp4
emancipationist, https://media.signbsl.com/videos/asl/youtube/mp4/WJyd_rvh2og.mp4
emancipation proclamation, https://media.signbsl.com/videos/asl/elementalaslconcepts/mp4/emancipation_proclamation.mp4
emancipator, https://media.signbsl.com/videos/asl/youtube/mp4/qf6TTmK49s0.mp4
emasculate, https://media.signbsl.com/videos/asl/youtube/mp4/WnBLkehzDtI.mp4
embalm, https://media.signbsl.com/videos/asl/youtube/mp4/zOngbZRQep8.mp4
embalmer, https://media.signbsl.com/videos/asl/youtube/mp4/umo_Ty3lTCc.mp4
embank, https://media.signbsl.com/videos/asl/youtube/mp4/5JCaKoKYUfc.mp4
embankment, https://media.signbsl.com/videos/asl/youtube/mp4/h43aAio8Vac.mp4
embargo, https://media.signbsl.com/videos/asl/youtube/mp4/jHUZ78fCGVo.mp4
embark, https://media.signbsl.com/videos/asl/aslsearch/mp4/venture.mp4
embarkation, https://player.vimeo.com/external/392763883.sd.mp4?s=12d9a677eaaa42f14db759ee8833f26b848c1826&profile_id=164
embarkment, https://player.vimeo.com/external/392763883.sd.mp4?s=12d9a677eaaa42f14db759ee8833f26b848c1826&profile_id=164
embarrass, https://media.signbsl.com/videos/asl/aslsignbank/mp4/EMBARRASS-2756.mp4
embarrassed, https://media.signbsl.com/videos/asl/aslsearch/mp4/abashed.mp4
embarrassing, https://player.vimeo.com/external/391178515.sd.mp4?s=a0230a9d6440dca090b5c1e70ab6ee1cd326930a&profile_id=164
embassador, https://media.signbsl.com/videos/asl/aslsearch/mp4/ambassador.mp4
embassies, https://media.signbsl.com/videos/asl/aslsignbank/mp4/EMPEROR-2886.mp4
embassy, https://media.signbsl.com/videos/asl/aslsignbank/mp4/EMPEROR-2886.mp4
embattled, https://media.signbsl.com/videos/asl/youtube/mp4/Y99RCwIYMs8.mp4
embattled criticized, https://media.signbsl.com/videos/asl/youtube/mp4/wS434u7nI8c.mp4
embattled fight, https://media.signbsl.com/videos/asl/youtube/mp4/RBQedaedgLM.mp4
embattled prepared for battle, https://media.signbsl.com/videos/asl/youtube/mp4/llzytdlXV0s.mp4
embed, https://media.signbsl.com/videos/asl/aslsignbank/mp4/PUT-IN-219.mp4
embellish, https://media.signbsl.com/videos/asl/aslsignbank/mp4/DECORATE-1227.mp4
embellishembroider, https://media.signbsl.com/videos/asl/youtube/mp4/uPN9_NAUzUM.mp4
embellish make something more attractive by the addition of decorative details or features, https://media.signbsl.com/videos/asl/youtube/mp4/9jf86Dh587A.mp4
embellishmp4, https://player.vimeo.com/external/392009819.sd.mp4?s=f87b881a9f58d4b66c571af1b45fc243b6674c3b&profile_id=164
ember, https://media.signbsl.com/videos/asl/youtube/mp4/z4kYxwxC2io.mp4
embezzle, https://media.signbsl.com/videos/asl/aslsearch/mp4/embezzle.mp4
embezzlement, https://media.signbsl.com/videos/asl/youtube/mp4/A84WYs51OOA.mp4
embezzlemp4, https://player.vimeo.com/external/392009859.sd.mp4?s=a2b691b6a785f8352f8da321faf49ca32c613ef9&profile_id=164
embezzler, https://media.signbsl.com/videos/asl/youtube/mp4/mRx3Xd4thJ0.mp4
embitter, https://media.signbsl.com/videos/asl/youtube/mp4/NASEIKNZkWk.mp4
emblem, https://media.signbsl.com/videos/asl/aslsearch/mp4/emblem.mp4
embodied, https://player.vimeo.com/external/392197665.sd.mp4?s=1003c425aaed4283a74c33ae6d4e264a2f4dd4fc&profile_id=164
embolden, https://media.signbsl.com/videos/asl/youtube/mp4/jeQ65RMeCjE.mp4
embonpoint, https://media.signbsl.com/videos/asl/aslsearch/mp4/chubby.mp4
emboss, https://media.signbsl.com/videos/asl/youtube/mp4/xiyyYx7AT6c.mp4
embosser, https://media.signbsl.com/videos/asl/youtube/mp4/p2o8eVIQyLk.mp4
embossment, https://media.signbsl.com/videos/asl/youtube/mp4/iOmkFiVTEJQ.mp4
embrace, https://media.signbsl.com/videos/asl/startasl/mp4/hug.mp4
embraceable, https://media.signbsl.com/videos/asl/youtube/mp4/UQrUzcd1NQI.mp4
embrocate, https://media.signbsl.com/videos/asl/ids/mp4/2013-11-330-anoint-1500k-ase.mp4
embroider, https://media.signbsl.com/videos/asl/AustinCommunityCollege/mp4/auto_pads_.mp4
embroiderer, https://media.signbsl.com/videos/asl/youtube/mp4/Qzt5jtNlWUk.mp4
embroil, https://media.signbsl.com/videos/asl/youtube/mp4/DQ350LeQwnw.mp4
embrown, https://media.signbsl.com/videos/asl/youtube/mp4/8vrjVUpY0Is.mp4
embryo, https://media.signbsl.com/videos/asl/elementalaslconcepts/mp4/embryo.mp4
embryologist, https://media.signbsl.com/videos/asl/youtube/mp4/uNGKjKlcNhU.mp4
embryology, https://media.signbsl.com/videos/asl/youtube/mp4/2W79Aewe2aM.mp4
embryonal, https://media.signbsl.com/videos/asl/youtube/mp4/kbp7fkh4jAg.mp4
embryonic, https://media.signbsl.com/videos/asl/youtube/mp4/kbp7fkh4jAg.mp4
embryotic, https://media.signbsl.com/videos/asl/youtube/mp4/B7qTFWyez78.mp4
emcee, https://media.signbsl.com/videos/asl/youtube/mp4/TOaGoHkzYtQ.mp4
emeer, https://media.signbsl.com/videos/asl/youtube/mp4/ZRYMn_JHb_s.mp4
emerge, https://media.signbsl.com/videos/asl/aslsearch/mp4/emerge.mp4
emergence, https://media.signbsl.com/videos/asl/youtube/mp4/1SOrnuo1h3Y.mp4
emergencies, https://media.signbsl.com/videos/asl/startasl/mp4/emergency.mp4
emergency, https://media.signbsl.com/videos/asl/startasl/mp4/emergency.mp4
emergency brake, https://media.signbsl.com/videos/asl/AustinCommunityCollege/mp4/auto_emerg_brake_.mp4
emergency brake handle, https://media.signbsl.com/videos/asl/AustinCommunityCollege/mp4/auto_emerg_brake_handle_.mp4
emergency do immediately, https://media.signbsl.com/videos/asl/youtube/mp4/j-SwJ_a9j0g.mp4
emergency list, https://player.vimeo.com/external/392672669.sd.mp4?s=1823326c0855ed41eed73b450bc1af741f420dd0&profile_id=164
emergency room, https://media.signbsl.com/videos/asl/aslsearch/mp4/emergency-room.mp4
emergent, https://media.signbsl.com/videos/asl/youtube/mp4/5_R_CShrmyA.mp4
emerging, https://media.signbsl.com/videos/asl/youtube/mp4/5_R_CShrmyA.mp4
emery paper, https://media.signbsl.com/videos/asl/youtube/mp4/6NoqM6CNRJk.mp4
emetic, https://media.signbsl.com/videos/asl/youtube/mp4/dZXh8fD477o.mp4
emf, https://media.signbsl.com/videos/asl/AustinCommunityCollege/mp4/elec_voltage_.mp4
emigrant, https://media.signbsl.com/videos/asl/youtube/mp4/lkUQ2cXxuIA.mp4
emigrate, https://player.vimeo.com/external/392009970.sd.mp4?s=4c19f01d49700b3596f923ef10b4052e92ffa004&profile_id=164
emigration, https://media.signbsl.com/videos/asl/elementalaslconcepts/mp4/emigration.mp4
emigre, https://media.signbsl.com/videos/asl/youtube/mp4/lkUQ2cXxuIA.mp4
emigree, https://media.signbsl.com/videos/asl/youtube/mp4/lkUQ2cXxuIA.mp4
emiiters, https://media.signbsl.com/videos/asl/youtube/mp4/kEU8UaLstXk.mp4
eminence, https://media.signbsl.com/videos/asl/youtube/mp4/6FXXwRAy3Wc.mp4
eminent, https://player.vimeo.com/external/391984929.sd.mp4?s=a25624e3782b76154b670b77748a3187322ea0fa&profile_id=164
emir, https://media.signbsl.com/videos/asl/youtube/mp4/ZRYMn_JHb_s.mp4
emissaries, https://media.signbsl.com/videos/asl/youtube/mp4/LmBN8foslDs.mp4
emissary, https://media.signbsl.com/videos/asl/youtube/mp4/LmBN8foslDs.mp4
emission, https://media.signbsl.com/videos/asl/youtube/mp4/V1Bh8cn6zAs.mp4
emission standards, https://media.signbsl.com/videos/asl/AustinCommunityCollege/mp4/auto_emission_standards_.mp4
emmanuel, https://media.signbsl.com/videos/asl/valleybible/mp4/Emmanuel.mp4
emmet, https://media.signbsl.com/videos/asl/aslsearch/mp4/ant.mp4
emo, https://media.signbsl.com/videos/asl/youtube/mp4/hvX_QkoXh-s.mp4
emollient, https://media.signbsl.com/videos/asl/youtube/mp4/vP3Ik9fPWoo.mp4
emotion, https://media.signbsl.com/videos/asl/aslsignbank/mp4/EMOTION-2884.mp4
emotional, https://media.signbsl.com/videos/asl/youtube/mp4/C59jcSo4fEI.mp4
emotional abuse, https://player.vimeo.com/external/392010057.sd.mp4?s=b56d5c157ac4a86011448a019a787c09f1953ba6&profile_id=164
emotional breakdown, https://media.signbsl.com/videos/asl/youtube/mp4/RiyywiziKRQ.mp4
emotionalise, https://media.signbsl.com/videos/asl/youtube/mp4/yId_bDzZqKo.mp4
emotional roller coaster, https://media.signbsl.com/videos/asl/youtube/mp4/Q5fTK3Hx1zY.mp4
emotive, https://media.signbsl.com/videos/asl/youtube/mp4/RQZGR0WxlMg.mp4
emove back, https://media.signbsl.com/videos/asl/aslsignbank/mp4/E(move-back)-2414.mp4
empale, https://player.vimeo.com/external/392194683.sd.mp4?s=d9150e0ce438ce98a2cdb4c9a8db575d37287261&profile_id=164
empanel, https://media.signbsl.com/videos/asl/youtube/mp4/-6Q4Q_ghMXs.mp4
empanel jury, https://media.signbsl.com/videos/asl/youtube/mp4/ymdNWSfaYzI.mp4
empathetic, https://media.signbsl.com/videos/asl/youtube/mp4/0yA3xi6N8rg.mp4
empathic, https://media.signbsl.com/videos/asl/youtube/mp4/0yA3xi6N8rg.mp4
empathy, https://media.signbsl.com/videos/asl/aslsearch/mp4/empathy.mp4
emperor, https://media.signbsl.com/videos/asl/aslsearch/mp4/emperor.mp4
emphasis, https://media.signbsl.com/videos/asl/aslsignbank/mp4/IMPRESSION-1744.mp4
emphasise, https://media.signbsl.com/videos/asl/aslsearch/mp4/emphasize.mp4
emphasised, https://media.signbsl.com/videos/asl/youtube/mp4/cPphMp1t1WY.mp4
emphasize, https://media.signbsl.com/videos/asl/aslsearch/mp4/emphasize.mp4
emphasized, https://media.signbsl.com/videos/asl/youtube/mp4/cPphMp1t1WY.mp4
emphatic, https://media.signbsl.com/videos/asl/youtube/mp4/cPphMp1t1WY.mp4
emphysema, https://media.signbsl.com/videos/asl/youtube/mp4/RCwwbUpDgdk.mp4
empire, https://media.signbsl.com/videos/asl/youtube/mp4/ItFzNdWQGT8.mp4
Empire State of the South, https://media.signbsl.com/videos/asl/youtube/mp4/KXdagT4O0KM.mp4
empiric, https://media.signbsl.com/videos/asl/youtube/mp4/71lWHhLBZuw.mp4
empirical, https://media.signbsl.com/videos/asl/youtube/mp4/71lWHhLBZuw.mp4
empiricism, https://media.signbsl.com/videos/asl/philosophy/mp4/Empiricism%201-HD.mp4
empiricist, https://media.signbsl.com/videos/asl/youtube/mp4/9qnIuxFpWPE.mp4
empiricist philosophy, https://media.signbsl.com/videos/asl/philosophy/mp4/Empiricism%201-HD.mp4
Empirin, https://media.signbsl.com/videos/asl/startasl/mp4/aspirin.mp4
emplace, https://media.signbsl.com/videos/asl/youtube/mp4/pPXcDDIe0Go.mp4
emplacement, https://media.signbsl.com/videos/asl/youtube/mp4/5-3E4jr6syc.mp4
emplane, https://media.signbsl.com/videos/asl/youtube/mp4/eA8HpjL9j18.mp4
employ, https://media.signbsl.com/videos/asl/startasl/mp4/use.mp4
employable, https://media.signbsl.com/videos/asl/youtube/mp4/yU_3cc_aqJE.mp4
employe, https://media.signbsl.com/videos/asl/youtube/mp4/bebc0hv9PA0.mp4
employee, https://media.signbsl.com/videos/asl/aslsignbank/mp4/WORKER-1451.mp4
employee turnover, https://media.signbsl.com/videos/asl/aslbricks/mp4/turnover.mp4
employer, https://media.signbsl.com/videos/asl/aslsearch/mp4/employer.mp4
employment, https://media.signbsl.com/videos/asl/elementalaslconcepts/mp4/work.mp4
emporia, https://media.signbsl.com/videos/asl/youtube/mp4/Cjq2gKOBDrA.mp4
emporium, https://player.vimeo.com/external/391932948.sd.mp4?s=cebf3fa0e1872f8041e8450faec87dd48a1177cf&profile_id=164
empower, https://player.vimeo.com/external/392010240.sd.mp4?s=9b0105930f5dc6bdf5899c5ca05ac505e669fd27&profile_id=164
emptied, https://media.signbsl.com/videos/asl/youtube/mp4/oMwhNo40i94.mp4
emptiness emotional emptiness, https://media.signbsl.com/videos/asl/youtube/mp4/fmusQZODKTk.mp4
emptor, https://media.signbsl.com/videos/asl/youtube/mp4/dJThpOkvL0M.mp4
empty, https://media.signbsl.com/videos/asl/startasl/mp4/empty.mp4
empty emptier emptiest, https://media.signbsl.com/videos/asl/youtube/mp4/asVH8-Jh3Ek.mp4
empty flattery, https://media.signbsl.com/videos/asl/youtube/mp4/6fpnpUROza4.mp4
empty handed, https://media.signbsl.com/videos/asl/youtube/mp4/rA4U0l36GN8.mp4
empty headed, https://media.signbsl.com/videos/asl/youtube/mp4/euXTA2TStZ0.mp4
emptying, https://media.signbsl.com/videos/asl/mariekatzenbachschool/mp4/evacuation.mp4
empty into, https://media.signbsl.com/videos/asl/youtube/mp4/12RTlaAH-q8.mp4
empty nester, https://media.signbsl.com/videos/asl/youtube/mp4/15UipWndJto.mp4
empty plate, https://media.signbsl.com/videos/asl/youtube/mp4/AalxXj61RRU.mp4
empty pockets, https://media.signbsl.com/videos/asl/youtube/mp4/icPrgqQqmzg.mp4
empty set, https://media.signbsl.com/videos/asl/deaftec-math/mp4/105D-1.mp4
empty vessels make the most noise, https://media.signbsl.com/videos/asl/youtube/mp4/aHtoE568fT0.mp4
empyreal, https://media.signbsl.com/videos/asl/youtube/mp4/e8T3j2swnGs.mp4
empyrean, https://media.signbsl.com/videos/asl/signlanguagestudent/mp4/firmament.mp4
emulate, https://media.signbsl.com/videos/asl/youtube/mp4/gFqr2ApgTPo.mp4
emulator, https://player.vimeo.com/external/391909021.sd.mp4?s=66b8cf5a7deeb6f5ff7aac2f8f3c51b9e2186b20&profile_id=164
emulous eager to surpass others, https://media.signbsl.com/videos/asl/youtube/mp4/t3Hk2FQUiqA.mp4
emulsification, https://media.signbsl.com/videos/asl/youtube/mp4/GrIhcYW4Zp4.mp4
enable, https://media.signbsl.com/videos/asl/aslsearch/mp4/enable.mp4
enabler, https://media.signbsl.com/videos/asl/youtube/mp4/YLzcWsBTNgc.mp4
enact, https://media.signbsl.com/videos/asl/signlanguagestudent/mp4/ordain.mp4
enactment, https://media.signbsl.com/videos/asl/aslsignbank/mp4/ACT-5.mp4
enamel, https://media.signbsl.com/videos/asl/youtube/mp4/HsVic14dPXM.mp4
enamor, https://media.signbsl.com/videos/asl/aslsearch/mp4/fascinate.mp4
enamored, https://media.signbsl.com/videos/asl/youtube/mp4/47JR5-ETrzI.mp4
enamour, https://media.signbsl.com/videos/asl/aslsearch/mp4/fascinate.mp4
enateenation, https://media.signbsl.com/videos/asl/youtube/mp4/2z87m7EzP_c.mp4
en bloc, https://player.vimeo.com/external/392010266.sd.mp4?s=fafb76f7411f5e5f0420c7f17221fedd14569cfb&profile_id=164
encamp, https://media.signbsl.com/videos/asl/youtube/mp4/MHMpHemxLuc.mp4
encampment, https://media.signbsl.com/videos/asl/aslsearch/mp4/camp.mp4
enceinte, https://media.signbsl.com/videos/asl/youtube/mp4/gO-yU-cXPE4.mp4
encephalitis, https://media.signbsl.com/videos/asl/youtube/mp4/sfm6ntKI6pc.mp4
enchant, https://media.signbsl.com/videos/asl/youtube/mp4/QWXdiSqPXlA.mp4
enchanter, https://media.signbsl.com/videos/asl/youtube/mp4/Cj6Do7y2KmQ.mp4
enchanting, https://player.vimeo.com/external/391389424.sd.mp4?s=d75903ec7ae5f913693077dd68599f8326bc0f6b&profile_id=164
enchantment, https://media.signbsl.com/videos/asl/youtube/mp4/SAvBvcuRLcY.mp4
enchantress, https://media.signbsl.com/videos/asl/rmdsco/mp4/witch.mp4
enchiridion, https://media.signbsl.com/videos/asl/youtube/mp4/Bg-ayeG_MKs.mp4
encipher, https://media.signbsl.com/videos/asl/aslsignbank/mp4/ETHICS-3060.mp4
encircle, https://media.signbsl.com/videos/asl/youtube/mp4/l-Bamywu35w.mp4
encircled, https://media.signbsl.com/videos/asl/youtube/mp4/BMt94FcJIG4.mp4
enclave, https://media.signbsl.com/videos/asl/youtube/mp4/wSwRYG2fYB8.mp4
enclose, https://media.signbsl.com/videos/asl/youtube/mp4/HS0J3Ae3Y5I.mp4
enclosure, https://media.signbsl.com/videos/asl/youtube/mp4/C-FYMK15J5E.mp4
enclothe, https://media.signbsl.com/videos/asl/aslsearch/mp4/garment.mp4
encode, https://media.signbsl.com/videos/asl/aslsignbank/mp4/ETHICS-3060.mp4
encomium, https://media.signbsl.com/videos/asl/youtube/mp4/Yx5otkn5IKQ.mp4
encompass, https://player.vimeo.com/external/392010353.sd.mp4?s=b33ca115e112100f8d560c53921390c9b44ee5fb&profile_id=164
encompassing, https://media.signbsl.com/videos/asl/youtube/mp4/U7RaP1unBYU.mp4
encore, https://media.signbsl.com/videos/asl/youtube/mp4/w5QnOKxDPZc.mp4
encounter, https://player.vimeo.com/external/391222247.sd.mp4?s=9ec52db974578ce0b1b134ba9b84c984cdd0b31d&profile_id=164
encourage, https://media.signbsl.com/videos/asl/aslsignbank/mp4/ENCOURAGE-1306.mp4
encouraged, https://media.signbsl.com/videos/asl/aslsignbank/mp4/MOTIVATE-1589.mp4
encouragement, https://media.signbsl.com/videos/asl/youtube/mp4/Cw4cZUxpO-0.mp4
encourager, https://media.signbsl.com/videos/asl/youtube/mp4/nMZSPcOXZ24.mp4
encroach, https://media.signbsl.com/videos/asl/youtube/mp4/Znl1pICi1YY.mp4
encroaching, https://media.signbsl.com/videos/asl/youtube/mp4/Nk2_W-yRSaQ.mp4
encroach time, https://media.signbsl.com/videos/asl/youtube/mp4/fycNmD_0Mq8.mp4
encroach upon, https://media.signbsl.com/videos/asl/aslsearch/mp4/invade.mp4
encrust, https://media.signbsl.com/videos/asl/youtube/mp4/xaEVn3_xj80.mp4
encrypt, https://media.signbsl.com/videos/asl/aslsignbank/mp4/ETHICS-3060.mp4
encumber, https://media.signbsl.com/videos/asl/youtube/mp4/DCv1IRNRacA.mp4
encumbrance, https://media.signbsl.com/videos/asl/youtube/mp4/3IG_Ya9W4G4.mp4
encyclical, https://media.signbsl.com/videos/asl/youtube/mp4/AuRWhSTlhYY.mp4
encyclical letter, https://media.signbsl.com/videos/asl/youtube/mp4/AuRWhSTlhYY.mp4
encyclopaedia, https://media.signbsl.com/videos/asl/aslsearch/mp4/encyclopedia.mp4
encyclopaedism, https://media.signbsl.com/videos/asl/youtube/mp4/3oOoZ3QbTA4.mp4
encyclopedia, https://media.signbsl.com/videos/asl/aslsearch/mp4/encyclopedia.mp4
encyclopedism, https://media.signbsl.com/videos/asl/youtube/mp4/3oOoZ3QbTA4.mp4
end, https://media.signbsl.com/videos/asl/signlanguagestudent/mp4/finish.mp4
endanger, https://media.signbsl.com/videos/asl/aslsearch/mp4/endanger.mp4
endangered, https://player.vimeo.com/external/392011018.sd.mp4?s=f9b2a22da91ba1787323cd0698f0e6cf655ce770&profile_id=164
end at, https://media.signbsl.com/videos/asl/youtube/mp4/6IbiQq9gg-w.mp4
endear, https://media.signbsl.com/videos/asl/youtube/mp4/khzCRngW1Qg.mp4
endearing, https://media.signbsl.com/videos/asl/youtube/mp4/NgbSkTFoPpU.mp4
endeavor, https://media.signbsl.com/videos/asl/aslsignbank/mp4/TRY-2309.mp4
endeavour, https://media.signbsl.com/videos/asl/aslsignbank/mp4/TRY-2309.mp4
endemic, https://media.signbsl.com/videos/asl/uploads/mp4/user_upload602fee2b246031.94593548.mp4
end end up, https://media.signbsl.com/videos/asl/youtube/mp4/tVOmpS4cPFM.mp4
endergonic, https://media.signbsl.com/videos/asl/youtube/mp4/eYq123UP92U.mp4
end in, https://media.signbsl.com/videos/asl/youtube/mp4/-eXcrBjjePw.mp4
ending, https://media.signbsl.com/videos/asl/youtube/mp4/xFHMEwDNN8M.mp4
endless, https://media.signbsl.com/videos/asl/youtube/mp4/fta1WZ-Tbqo.mp4
endmost, https://media.signbsl.com/videos/asl/youtube/mp4/OrT4_OLXsds.mp4
endocrine, https://media.signbsl.com/videos/asl/youtube/mp4/m3gITuUK4i4.mp4
endocrinologist, https://media.signbsl.com/videos/asl/youtube/mp4/W63rAxO6VKM.mp4
endocrinology, https://media.signbsl.com/videos/asl/youtube/mp4/EdocuKq1Yqk.mp4
endocytosis, https://media.signbsl.com/videos/asl/youtube/mp4/_uEn_-NWh0c.mp4
end of discussion, https://media.signbsl.com/videos/asl/youtube/mp4/jnR1G1KVZTI.mp4
end of story, https://player.vimeo.com/external/392010548.sd.mp4?s=dfd9fae914116f06819c8efe3c532b2d02174fef&profile_id=164
end of the world, https://media.signbsl.com/videos/asl/youtube/mp4/GAKho6Y_VDM.mp4
endogenic, https://media.signbsl.com/videos/asl/youtube/mp4/PoitW_w-_8Q.mp4
endogenous, https://media.signbsl.com/videos/asl/youtube/mp4/PoitW_w-_8Q.mp4
end on, https://media.signbsl.com/videos/asl/youtube/mp4/WFQLGa2aLd8.mp4
endorse, https://media.signbsl.com/videos/asl/aslsearch/mp4/endorse.mp4
endorse a check, https://media.signbsl.com/videos/asl/youtube/mp4/3exPDObqeNE.mp4
endorsement, https://media.signbsl.com/videos/asl/youtube/mp4/g9GD3mUPJ6o.mp4
endorser, https://media.signbsl.com/videos/asl/aslsearch/mp4/subscriber.mp4
endoskeleton, https://media.signbsl.com/videos/asl/youtube/mp4/D9P5RocuuhI.mp4
endotherm, https://media.signbsl.com/videos/asl/youtube/mp4/M6NawXGYZw4.mp4
endovenous, https://media.signbsl.com/videos/asl/youtube/mp4/nx_KdfRvZhI.mp4
end over end, https://media.signbsl.com/videos/asl/youtube/mp4/hsV3B0wdvsQ.mp4
endow, https://player.vimeo.com/external/392010240.sd.mp4?s=9b0105930f5dc6bdf5899c5ca05ac505e669fd27&profile_id=164
endowment, https://media.signbsl.com/videos/asl/signlanguagestudent/mp4/endowment.mp4
end point, https://media.signbsl.com/videos/asl/youtube/mp4/WMqHUL0-WKA.mp4
endpoint, https://media.signbsl.com/videos/asl/youtube/mp4/WMqHUL0-WKA.mp4
end product, https://media.signbsl.com/videos/asl/mariekatzenbachschool/mp4/output.mp4
ends justify the means, https://media.signbsl.com/videos/asl/youtube/mp4/B27TH5R7Ggw.mp4
endtable, https://media.signbsl.com/videos/asl/youtube/mp4/qAr_ToV6JPs.mp4
end times, https://media.signbsl.com/videos/asl/valleybible/mp4/end%20times.mp4
end to end, https://media.signbsl.com/videos/asl/youtube/mp4/2pY7ETy2KZI.mp4
endue, https://player.vimeo.com/external/392010240.sd.mp4?s=9b0105930f5dc6bdf5899c5ca05ac505e669fd27&profile_id=164
end up, https://media.signbsl.com/videos/asl/youtube/mp4/tVOmpS4cPFM.mp4
endurable, https://media.signbsl.com/videos/asl/youtube/mp4/gCqHQ55O9Xc.mp4
endurance, https://media.signbsl.com/videos/asl/aslsearch/mp4/endurance.mp4
endurance contest, https://player.vimeo.com/external/392287131.sd.mp4?s=bbef384d49f8330e0eeac4efcb0e3e43e406d53f&profile_id=164
endure, https://media.signbsl.com/videos/asl/aslsignbank/mp4/PATIENT-250.mp4
Endure to the End, https://media.signbsl.com/videos/asl/ids/mp4/2013-11-1470-endure-to-the-end-1500k-ase.mp4
enduring, https://media.signbsl.com/videos/asl/youtube/mp4/5PRHDz2Y3PI.mp4
endways, https://media.signbsl.com/videos/asl/youtube/mp4/WFQLGa2aLd8.mp4
endwise, https://media.signbsl.com/videos/asl/youtube/mp4/WFQLGa2aLd8.mp4
endzone, https://media.signbsl.com/videos/asl/youtube/mp4/fNFR5Xe8TPk.mp4
enema, https://media.signbsl.com/videos/asl/youtube/mp4/nZc6tSp2rG4.mp4
enemies, https://media.signbsl.com/videos/asl/aslsearch/mp4/enemy.mp4
enemy, https://media.signbsl.com/videos/asl/aslsearch/mp4/enemy.mp4
energetic, https://media.signbsl.com/videos/asl/aslsignbank/mp4/ENERGY-798.mp4
energies, https://media.signbsl.com/videos/asl/aslsignbank/mp4/ENERGY-ON-2149.mp4
energise, https://media.signbsl.com/videos/asl/AustinCommunityCollege/mp4/elec_energize_.mp4
energiser, https://media.signbsl.com/videos/asl/youtube/mp4/yzpRvHh0s_I.mp4
energising, https://player.vimeo.com/external/392648747.sd.mp4?s=20dc891e76c40a99fd1cf0f6756012522b7e825f&profile_id=164
energize, https://media.signbsl.com/videos/asl/AustinCommunityCollege/mp4/elec_energize_.mp4
energizer, https://media.signbsl.com/videos/asl/youtube/mp4/yzpRvHh0s_I.mp4
energizing, https://player.vimeo.com/external/392648747.sd.mp4?s=20dc891e76c40a99fd1cf0f6756012522b7e825f&profile_id=164
energy, https://media.signbsl.com/videos/asl/aslsignbank/mp4/ENERGY-ON-2149.mp4
energy level, https://media.signbsl.com/videos/asl/youtube/mp4/rQJC9LP_udU.mp4
energy levels, https://media.signbsl.com/videos/asl/youtube/mp4/rQJC9LP_udU.mp4
energy off, https://media.signbsl.com/videos/asl/aslsignbank/mp4/ENERGY-OFF-125.mp4
energy state, https://media.signbsl.com/videos/asl/youtube/mp4/rQJC9LP_udU.mp4
energy volt, https://media.signbsl.com/videos/asl/AustinCommunityCollege/mp4/elec_energy_volt_.mp4
enervate, https://media.signbsl.com/videos/asl/youtube/mp4/jBFKBXVGoU0.mp4
enfeeble, https://media.signbsl.com/videos/asl/youtube/mp4/JAgrGCJTLyM.mp4
enfilade, https://media.signbsl.com/videos/asl/youtube/mp4/wMjfNZB_roA.mp4
enfilade fire, https://media.signbsl.com/videos/asl/youtube/mp4/wMjfNZB_roA.mp4
enfold, https://media.signbsl.com/videos/asl/youtube/mp4/HS0J3Ae3Y5I.mp4
enforce, https://player.vimeo.com/external/392195571.sd.mp4?s=cfb66643fe7bea344e8730551fde76644b729ce6&profile_id=164
enforceable, https://media.signbsl.com/videos/asl/youtube/mp4/TpQ9HIG5fYQ.mp4
enforcement, https://media.signbsl.com/videos/asl/youtube/mp4/UvMl3JqPv0w.mp4
enforcer, https://media.signbsl.com/videos/asl/youtube/mp4/6xG26BRPLN8.mp4
enfranchise, https://media.signbsl.com/videos/asl/youtube/mp4/_Xq6Tb1AJeQ.mp4
engage, https://media.signbsl.com/videos/asl/aslsignbank/mp4/ENGAGE-1309.mp4
engaged, https://media.signbsl.com/videos/asl/startasl/mp4/engaged.mp4
engagement, https://media.signbsl.com/videos/asl/aslsearch/mp4/appointment.mp4
engagement ring, https://player.vimeo.com/external/392672730.sd.mp4?s=b95a176b872d71413b088f2e307eb875c48096cf&profile_id=164
engage start battle, https://media.signbsl.com/videos/asl/youtube/mp4/-0zMBylf3e0.mp4
engaging, https://media.signbsl.com/videos/asl/youtube/mp4/C8dSAQKO4Oc.mp4
engender, https://media.signbsl.com/videos/asl/youtube/mp4/ZdipnLROb6s.mp4
engine, https://media.signbsl.com/videos/asl/startasl/mp4/engine.mp4
engine block, https://media.signbsl.com/videos/asl/AustinCommunityCollege/mp4/auto_engine_block_.mp4
enginecatalystagent, https://media.signbsl.com/videos/asl/youtube/mp4/IpeY8bkxZ4E.mp4
engineer, https://media.signbsl.com/videos/asl/aslsignbank/mp4/ENGINEER-2889.mp4
engineering, https://media.signbsl.com/videos/asl/aslsignbank/mp4/ENGINEERING-1988.mp4
engineering school, https://media.signbsl.com/videos/asl/youtube/mp4/G2o3Rwsll_g.mp4
engineering science, https://media.signbsl.com/videos/asl/aslsignbank/mp4/ENGINEERING-1988.mp4
engineer person who oversees a boat or plane mechanical and electrical systems, https://media.signbsl.com/videos/asl/youtube/mp4/z91u3VbeFeA.mp4
engine grind, https://media.signbsl.com/videos/asl/youtube/mp4/-3kJpZNTvYA.mp4
engine trouble, https://player.vimeo.com/external/392672800.sd.mp4?s=c1d83eaeb01aeb6ee799918493a8c386b7bcd1aa&profile_id=164
England, https://media.signbsl.com/videos/asl/startasl/mp4/england.mp4
English, https://media.signbsl.com/videos/asl/startasl/mp4/english.mp4
English muffin, https://player.vimeo.com/external/392011445.sd.mp4?s=018b718a2b06bbe6acdf71d5d51f7ead6e449653&profile_id=164
englut, https://media.signbsl.com/videos/asl/youtube/mp4/EnExJmA5Af4.mp4
engorge, https://media.signbsl.com/videos/asl/youtube/mp4/EnExJmA5Af4.mp4
engraft, https://media.signbsl.com/videos/asl/aslsignbank/mp4/PUT-IN-219.mp4
engrain, https://media.signbsl.com/videos/asl/youtube/mp4/BGE7FWgInFY.mp4
engrave, https://media.signbsl.com/videos/asl/youtube/mp4/NMuJ3uzrGsw.mp4
engraver, https://media.signbsl.com/videos/asl/youtube/mp4/0f41-If5_lU.mp4
engross, https://media.signbsl.com/videos/asl/youtube/mp4/hmjQQjj4EUI.mp4
engrossed, https://media.signbsl.com/videos/asl/aslsignbank/mp4/FASCINATED-1386.mp4
engrossing, https://media.signbsl.com/videos/asl/aslsignbank/mp4/INTERESTING-1724.mp4
engrossment, https://media.signbsl.com/videos/asl/youtube/mp4/E44FqK65BiY.mp4
engulf, https://media.signbsl.com/videos/asl/youtube/mp4/hmjQQjj4EUI.mp4
engulfed, https://media.signbsl.com/videos/asl/youtube/mp4/3kpZOGWcI_s.mp4
engulf seriously affect, https://media.signbsl.com/videos/asl/youtube/mp4/IwfeFyjL5-w.mp4
engulf with flames, https://media.signbsl.com/videos/asl/youtube/mp4/X7AAaXq0YOo.mp4
enhance, https://media.signbsl.com/videos/asl/aslsearch/mp4/enhance.mp4
enigma, https://player.vimeo.com/external/392378862.sd.mp4?s=a8c4f5748417c8d2027ce3977515c26a5e7b082f&profile_id=164
enigmatic, https://media.signbsl.com/videos/asl/youtube/mp4/dheIfBxoWPo.mp4
enigmatical, https://media.signbsl.com/videos/asl/youtube/mp4/dheIfBxoWPo.mp4
enjoining, https://media.signbsl.com/videos/asl/unoclimb/mp4/5_X4fi_xQg0.mp4
enjoinment, https://media.signbsl.com/videos/asl/unoclimb/mp4/5_X4fi_xQg0.mp4
enjoy, https://media.signbsl.com/videos/asl/startasl/mp4/enjoy.mp4
enjoyable, https://media.signbsl.com/videos/asl/youtube/mp4/aPE9njwftCk.mp4
enjoyment, https://media.signbsl.com/videos/asl/youtube/mp4/H-m9vg7T0Lg.mp4
enkindle, https://media.signbsl.com/videos/asl/youtube/mp4/kaURhjFOeyM.mp4
enlace, https://media.signbsl.com/videos/asl/youtube/mp4/VtbniczJW80.mp4
enlarge, https://media.signbsl.com/videos/asl/tsdvideo/mp4/538a.mp4
enlargeable, https://media.signbsl.com/videos/asl/youtube/mp4/SgpYFpCfw_Y.mp4
enlarged, https://media.signbsl.com/videos/asl/youtube/mp4/9u0kl9EQ6s4.mp4
enlargement, https://media.signbsl.com/videos/asl/tsdvideo/mp4/538b.mp4
enlarger, https://media.signbsl.com/videos/asl/youtube/mp4/nUdD9bm0FoE.mp4
enlighten, https://media.signbsl.com/videos/asl/youtube/mp4/UVi3qjt8kko.mp4
enlightenment, https://media.signbsl.com/videos/asl/youtube/mp4/lUN7rAvbofI.mp4
enlist, https://player.vimeo.com/external/392011792.sd.mp4?s=1bc1b09f85dda07a6d7f177a7b8c3469e650f1b7&profile_id=164
enlistee, https://media.signbsl.com/videos/asl/youtube/mp4/j6nRvc_oVP0.mp4
enliven, https://media.signbsl.com/videos/asl/signlanguagestudent/mp4/inspire.mp4
en masse, https://player.vimeo.com/external/392010266.sd.mp4?s=fafb76f7411f5e5f0420c7f17221fedd14569cfb&profile_id=164
enmesh, https://media.signbsl.com/videos/asl/youtube/mp4/-fi6KMhLDzg.mp4
enmities, https://player.vimeo.com/external/392011866.sd.mp4?s=75e2a7ed2888ae0a94bc36aac634e04ee4a6eb0c&profile_id=164
enmity, https://player.vimeo.com/external/392011866.sd.mp4?s=75e2a7ed2888ae0a94bc36aac634e04ee4a6eb0c&profile_id=164
ennoble, https://media.signbsl.com/videos/asl/youtube/mp4/c1p-YNPfk_k.mp4
ennoble confer dignity or honor upon, https://media.signbsl.com/videos/asl/youtube/mp4/w4Jhcj3E2HY.mp4
enormous, https://media.signbsl.com/videos/asl/aslsearch/mp4/enormous.mp4
enough, https://media.signbsl.com/videos/asl/aslsignbank/mp4/ENOUGH-1314.mp4
enounce, https://player.vimeo.com/external/392012501.sd.mp4?s=13c9dd2c6bf00598b4076eb7a086bb0f60be8e6b&profile_id=164
enplane, https://media.signbsl.com/videos/asl/youtube/mp4/eA8HpjL9j18.mp4
enquire, https://media.signbsl.com/videos/asl/aslsignbank/mp4/ASK-22.mp4
enquirer, https://media.signbsl.com/videos/asl/youtube/mp4/iJ24BomQXcM.mp4
enquiries, https://media.signbsl.com/videos/asl/aslsearch/mp4/query.mp4
enquiry, https://media.signbsl.com/videos/asl/aslsearch/mp4/query.mp4
enrage, https://media.signbsl.com/videos/asl/aslsearch/mp4/enrage.mp4
enraged, https://media.signbsl.com/videos/asl/youtube/mp4/3Vmhq2WrEus.mp4
enrapture, https://media.signbsl.com/videos/asl/youtube/mp4/xoORs45VRuw.mp4
enraptured, https://media.signbsl.com/videos/asl/youtube/mp4/S-vdSu37zro.mp4
enrich, https://media.signbsl.com/videos/asl/youtube/mp4/f-7BHKZ72JY.mp4
enrich cause someone to become richer, https://media.signbsl.com/videos/asl/youtube/mp4/A8nv0I3qm34.mp4
enrol, https://media.signbsl.com/videos/asl/aslsearch/mp4/enroll.mp4
enroll, https://media.signbsl.com/videos/asl/aslsearch/mp4/enroll.mp4
enrollment, https://media.signbsl.com/videos/asl/youtube/mp4/zZiwOQPrAp8.mp4
enrolment, https://media.signbsl.com/videos/asl/youtube/mp4/zZiwOQPrAp8.mp4
ensconceensconced in put in a safe or comfortable position, https://media.signbsl.com/videos/asl/youtube/mp4/LnnkZ1ZrvcU.mp4
ensemble, https://media.signbsl.com/videos/asl/youtube/mp4/PZt9ZN5i044.mp4
ensemble  group of things, NA
enshrine, https://media.signbsl.com/videos/asl/youtube/mp4/6-YEiYYmHLo.mp4
enshroud, https://media.signbsl.com/videos/asl/youtube/mp4/U4TEAXSFBes.mp4
ensign, https://media.signbsl.com/videos/asl/youtube/mp4/GJxbU4GiJsA.mp4
enslave, https://media.signbsl.com/videos/asl/youtube/mp4/PWo5XkCAP_0.mp4
enslaved, https://media.signbsl.com/videos/asl/elementalaslconcepts/mp4/enslave.mp4
enslave, https://media.signbsl.com/videos/asl/youtube/mp4/PWo5XkCAP_0.mp4
enslaved, https://media.signbsl.com/videos/asl/elementalaslconcepts/mp4/enslave.mp4
ensnare, https://media.signbsl.com/videos/asl/youtube/mp4/Xxmr6Zi00q0.mp4
ensnarl, https://media.signbsl.com/videos/asl/youtube/mp4/-fi6KMhLDzg.mp4
ensorcelled, https://media.signbsl.com/videos/asl/youtube/mp4/HzL5bK56has.mp4
ensuant, https://media.signbsl.com/videos/asl/youtube/mp4/_gZO3THLO4w.mp4
ensue, https://media.signbsl.com/videos/asl/youtube/mp4/pUIj7ptvGzc.mp4
ensure, https://media.signbsl.com/videos/asl/aslsearch/mp4/guarantee.mp4
ensurer, https://media.signbsl.com/videos/asl/youtube/mp4/5KC7Ga9c8rg.mp4
entail, https://player.vimeo.com/external/392011974.sd.mp4?s=cc0b9ad064dac4bd2fa08640c3f6bfd486fafb47&profile_id=164
entailment, https://player.vimeo.com/external/392195164.sd.mp4?s=b672061e0c3a2245a784bbe6e85a6732a14ad313&profile_id=164
entangle, https://media.signbsl.com/videos/asl/youtube/mp4/e1okGWgRkco.mp4
entangle involve, https://media.signbsl.com/videos/asl/youtube/mp4/3cNz-DsVzpM.mp4
enter, https://media.signbsl.com/videos/asl/startasl/mp4/enter.mp4
enterprise, https://media.signbsl.com/videos/asl/youtube/mp4/l8Dz64bwF2I.mp4
enterpriser, https://media.signbsl.com/videos/asl/elementalaslconcepts/mp4/entrepreneur.mp4
enterprising, https://media.signbsl.com/videos/asl/youtube/mp4/WCrdMWdeKk0.mp4
enterprisingness, https://media.signbsl.com/videos/asl/youtube/mp4/l8Dz64bwF2I.mp4
entertain, https://media.signbsl.com/videos/asl/aslsearch/mp4/entertain.mp4
entertainer, https://media.signbsl.com/videos/asl/youtube/mp4/d_EaUlyc4_k.mp4
entertainment, https://media.signbsl.com/videos/asl/youtube/mp4/wQiEVwIIdAI.mp4
entertainment industry, https://media.signbsl.com/videos/asl/youtube/mp4/VEzhVgLeZJA.mp4
enthalpy, https://media.signbsl.com/videos/asl/youtube/mp4/Kod3CPuGuGc.mp4
enthral, https://media.signbsl.com/videos/asl/youtube/mp4/xoORs45VRuw.mp4
enthrall, https://media.signbsl.com/videos/asl/youtube/mp4/xoORs45VRuw.mp4
enthralled, https://media.signbsl.com/videos/asl/elementalaslconcepts/mp4/enslave.mp4
enthralling, https://player.vimeo.com/external/391389424.sd.mp4?s=d75903ec7ae5f913693077dd68599f8326bc0f6b&profile_id=164
enthrone, https://media.signbsl.com/videos/asl/aslsearch/mp4/vest.mp4
enthroned, https://player.vimeo.com/external/392012166.sd.mp4?s=c7be97b1ff4a694cbc85f2f29c3516ad1110a3ad&profile_id=164
enthusiasm, https://media.signbsl.com/videos/asl/signlanguagestudent/mp4/enthusiasm.mp4
enthusiast, https://media.signbsl.com/videos/asl/youtube/mp4/H2WHIeHP2fo.mp4
enthusiastic, https://media.signbsl.com/videos/asl/aslsearch/mp4/enthusiastic.mp4
enthusiastic about, https://media.signbsl.com/videos/asl/aslsignbank/mp4/FREAK-OUT-3379.mp4
entice, https://player.vimeo.com/external/392012296.sd.mp4?s=483f81668cb0f6bc24f7ba6dee4f3668c9d5a878&profile_id=164
enticement, https://media.signbsl.com/videos/asl/youtube/mp4/zsBs25Myuu0.mp4
entire, https://media.signbsl.com/videos/asl/signlanguagestudent/mp4/total%20(alternate).mp4
entirely, https://media.signbsl.com/videos/asl/aslsearch/mp4/whole.mp4
entities, https://media.signbsl.com/videos/asl/youtube/mp4/SxknBHS-pLg.mp4
entitle, https://media.signbsl.com/videos/asl/youtube/mp4/YEjx0O5ZizI.mp4
entitled, https://media.signbsl.com/videos/asl/youtube/mp4/Sfh_Vv6qW00.mp4
entity, https://media.signbsl.com/videos/asl/youtube/mp4/SxknBHS-pLg.mp4
entomb, https://media.signbsl.com/videos/asl/aslsearch/mp4/bury.mp4
entombment, https://media.signbsl.com/videos/asl/aslsignbank/mp4/FUNERAL-3358.mp4
entomologic, https://media.signbsl.com/videos/asl/youtube/mp4/QB6Y-EpA8uc.mp4
entomological, https://media.signbsl.com/videos/asl/youtube/mp4/QB6Y-EpA8uc.mp4
entomologist, https://media.signbsl.com/videos/asl/youtube/mp4/o1G6YSlMKGQ.mp4
entomology, https://media.signbsl.com/videos/asl/youtube/mp4/FIJSlhM94sw.mp4
entourage, https://media.signbsl.com/videos/asl/youtube/mp4/pAP5EA8jrDs.mp4
entrails, https://media.signbsl.com/videos/asl/youtube/mp4/RWZdr1zFQw8.mp4
entrance, https://player.vimeo.com/external/392672898.sd.mp4?s=08095376d94b9c3c67983a15ad0f8c002b2bf382&profile_id=164
entrance hall, https://player.vimeo.com/external/392265369.sd.mp4?s=e5855665f155677d40889b1281073c48f7450fa2&profile_id=164
entranceway, https://player.vimeo.com/external/392672898.sd.mp4?s=08095376d94b9c3c67983a15ad0f8c002b2bf382&profile_id=164
entrancing, https://player.vimeo.com/external/391389424.sd.mp4?s=d75903ec7ae5f913693077dd68599f8326bc0f6b&profile_id=164
entrant, https://media.signbsl.com/videos/asl/aslsearch/mp4/freshman.mp4
entrap, https://media.signbsl.com/videos/asl/youtube/mp4/Xxmr6Zi00q0.mp4
entre, https://media.signbsl.com/videos/asl/youtube/mp4/rxcesRqcVeU.mp4
entreat, https://player.vimeo.com/external/391200984.sd.mp4?s=9c73b059fbcdf7cb4713a2d3eb9811222efb391a&profile_id=164
entree, https://player.vimeo.com/external/392672898.sd.mp4?s=08095376d94b9c3c67983a15ad0f8c002b2bf382&profile_id=164
entrench, https://media.signbsl.com/videos/asl/youtube/mp4/Znl1pICi1YY.mp4
entrenched, https://player.vimeo.com/external/392012403.sd.mp4?s=895392a2b5681f043687dfec2e81445dd74af30f&profile_id=164
entrepreneur, https://media.signbsl.com/videos/asl/elementalaslconcepts/mp4/entrepreneur.mp4
entropy, https://media.signbsl.com/videos/asl/youtube/mp4/f_dYx5262QA.mp4
entrust, https://player.vimeo.com/external/392012460.sd.mp4?s=c9c688f759c0932057515aa22d4f7da828c4bda6&profile_id=164
entry, https://player.vimeo.com/external/392672898.sd.mp4?s=08095376d94b9c3c67983a15ad0f8c002b2bf382&profile_id=164
entryway, https://player.vimeo.com/external/392672898.sd.mp4?s=08095376d94b9c3c67983a15ad0f8c002b2bf382&profile_id=164
entwine, https://media.signbsl.com/videos/asl/youtube/mp4/VtbniczJW80.mp4
enumerable, https://media.signbsl.com/videos/asl/youtube/mp4/mkpMxqbOqj8.mp4
enumerate, https://media.signbsl.com/videos/asl/aslsearch/mp4/count.mp4
enumeration, https://media.signbsl.com/videos/asl/aslsearch/mp4/counting.mp4
enunciate, https://player.vimeo.com/external/392012501.sd.mp4?s=13c9dd2c6bf00598b4076eb7a086bb0f60be8e6b&profile_id=164
enuresis, https://media.signbsl.com/videos/asl/youtube/mp4/aZP7Mrq4F3w.mp4
envelop, https://media.signbsl.com/videos/asl/youtube/mp4/HS0J3Ae3Y5I.mp4
envelope, https://media.signbsl.com/videos/asl/startasl/mp4/envelope.mp4
envenom, https://media.signbsl.com/videos/asl/youtube/mp4/NASEIKNZkWk.mp4
enviable, https://media.signbsl.com/videos/asl/youtube/mp4/49xBpkhPz00.mp4
envied, https://media.signbsl.com/videos/asl/youtube/mp4/T_q21j1nTeE.mp4
envious, https://media.signbsl.com/videos/asl/startasl/mp4/jealous.mp4
environment, https://media.signbsl.com/videos/asl/startasl/mp4/environment.mp4
environmentalism, https://media.signbsl.com/videos/asl/youtube/mp4/bJWPdb7sWDo.mp4
environmentalist, https://media.signbsl.com/videos/asl/youtube/mp4/NnRUWYnbyJU.mp4
environs, https://media.signbsl.com/videos/asl/startasl/mp4/environment.mp4
envisage, https://media.signbsl.com/videos/asl/signlanguagestudent/mp4/imagine.mp4
envision, https://media.signbsl.com/videos/asl/aslsignbank/mp4/VISUALIZE-579.mp4
envoi, https://media.signbsl.com/videos/asl/youtube/mp4/RYBtzdrf-iE.mp4
envoy, https://media.signbsl.com/videos/asl/youtube/mp4/LmBN8foslDs.mp4
envy, https://media.signbsl.com/videos/asl/aslsignbank/mp4/JEALOUSix-3238.mp4
enwrap, https://media.signbsl.com/videos/asl/youtube/mp4/HS0J3Ae3Y5I.mp4
enwrapped, https://media.signbsl.com/videos/asl/aslsignbank/mp4/FASCINATED-1386.mp4
enzyme, https://media.signbsl.com/videos/asl/deaftec/mp4/1373.mp4
eon, https://media.signbsl.com/videos/asl/youtube/mp4/Pp41-aByfDU.mp4
epee abbe charles michael de, https://player.vimeo.com/external/392014352.sd.mp4?s=5efbd36f819705776357d72e87cf62f5e4fcd41e&profile_id=164
ephemera, https://media.signbsl.com/videos/asl/youtube/mp4/oD_vpx51tJo.mp4
ephemeral, https://media.signbsl.com/videos/asl/youtube/mp4/5Grpd1gwdn0.mp4
ephemeris time, https://media.signbsl.com/videos/asl/aslsearch/mp4/tt.mp4
ephemeron, https://media.signbsl.com/videos/asl/youtube/mp4/oD_vpx51tJo.mp4
epic, https://media.signbsl.com/videos/asl/youtube/mp4/gEkWn1pKYM4.mp4
epicene, https://media.signbsl.com/videos/asl/youtube/mp4/UHrjZf2Xxu0.mp4
epicenter, https://media.signbsl.com/videos/asl/youtube/mp4/Kx_z1vrgNzQ.mp4
epicentre, https://media.signbsl.com/videos/asl/youtube/mp4/Kx_z1vrgNzQ.mp4
epicine, https://media.signbsl.com/videos/asl/youtube/mp4/2aUBkugYsUw.mp4
epicine person, https://media.signbsl.com/videos/asl/youtube/mp4/2aUBkugYsUw.mp4
epic poem, https://media.signbsl.com/videos/asl/youtube/mp4/gEkWn1pKYM4.mp4
epicure, https://media.signbsl.com/videos/asl/youtube/mp4/BhaQAUfJiew.mp4
epicurean, https://media.signbsl.com/videos/asl/youtube/mp4/BhaQAUfJiew.mp4
epidemic, https://player.vimeo.com/external/392014412.sd.mp4?s=0209dd65b419718700623b3787ef857013d315c5&profile_id=164
epidemic parotitis, https://player.vimeo.com/external/392867565.sd.mp4?s=9b08e52b2883c184717b514a909473179e489e36&profile_id=164
epidemiologic, https://media.signbsl.com/videos/asl/youtube/mp4/FbcM2yCa6Yo.mp4
epidemiological, https://media.signbsl.com/videos/asl/youtube/mp4/FbcM2yCa6Yo.mp4
epidemiologist, https://media.signbsl.com/videos/asl/youtube/mp4/xZFwHKg4KHM.mp4
epidural, https://media.signbsl.com/videos/asl/youtube/mp4/amvXOrpBA7w.mp4
epidural anaesthesia, https://media.signbsl.com/videos/asl/youtube/mp4/amvXOrpBA7w.mp4
epidural anesthesia, https://media.signbsl.com/videos/asl/youtube/mp4/amvXOrpBA7w.mp4
epilator, https://media.signbsl.com/videos/asl/youtube/mp4/IeyL4BxcksQ.mp4
epilogueepilog, https://media.signbsl.com/videos/asl/youtube/mp4/FvT_kd1BW_Q.mp4
epiphanies, https://media.signbsl.com/videos/asl/youtube/mp4/blZC2oIgbVY.mp4
epiphany, https://media.signbsl.com/videos/asl/youtube/mp4/blZC2oIgbVY.mp4
epiphysis, https://player.vimeo.com/external/392410901.sd.mp4?s=b01691de4c3d59918a02642252749331bbd509f8&profile_id=164
epiphysis cerebri, https://player.vimeo.com/external/392410901.sd.mp4?s=b01691de4c3d59918a02642252749331bbd509f8&profile_id=164
episcopal, https://media.signbsl.com/videos/asl/valleybible/mp4/Episcopal.mp4
episode, https://player.vimeo.com/external/392014461.sd.mp4?s=f76c02810bb2e0894b861ad3b62fa2102da22fec&profile_id=164
episodic, https://media.signbsl.com/videos/asl/youtube/mp4/YaoRVFL59UQ.mp4
episperm, https://media.signbsl.com/videos/asl/elementalaslconcepts/mp4/seed_coat.mp4
epistaxis, https://player.vimeo.com/external/392383732.sd.mp4?s=dc61cf1d837dc7eb95cbcca055d621ed09045741&profile_id=164
epistemology, https://media.signbsl.com/videos/asl/philosophy/mp4/Epistemology-HD.mp4
epitaph, https://media.signbsl.com/videos/asl/youtube/mp4/u7t2Rr4rtWo.mp4
epitome, https://media.signbsl.com/videos/asl/youtube/mp4/RqH0CoJpcWc.mp4
epos, https://media.signbsl.com/videos/asl/youtube/mp4/gEkWn1pKYM4.mp4
equal, https://media.signbsl.com/videos/asl/aslsignbank/mp4/LEVEL-2585.mp4
equalise, https://player.vimeo.com/external/392143360.sd.mp4?s=d52f99c72cd530691ff6fd1b1c54663973d7926a&profile_id=164
equalitarian, https://media.signbsl.com/videos/asl/youtube/mp4/geTY-BPY1fM.mp4
equality, https://media.signbsl.com/videos/asl/youtube/mp4/ks8LAQ4hGVw.mp4
Equality State, https://media.signbsl.com/videos/asl/youtube/mp4/YK1QL3wiJAc.mp4
equalize, https://player.vimeo.com/external/392143360.sd.mp4?s=d52f99c72cd530691ff6fd1b1c54663973d7926a&profile_id=164
equally, https://media.signbsl.com/videos/asl/aslsearch/mp4/as.mp4
equally likely, https://media.signbsl.com/videos/asl/tsdvideo/mp4/452.mp4
equal parts, https://media.signbsl.com/videos/asl/tsdvideo/mp4/171.mp4
equal ratios, https://media.signbsl.com/videos/asl/tsdvideo/mp4/335.mp4
equanimity, https://media.signbsl.com/videos/asl/youtube/mp4/899zhZJMPBw.mp4
equatable, https://media.signbsl.com/videos/asl/youtube/mp4/CJlzyNZdC6U.mp4
equate, https://player.vimeo.com/external/392014523.sd.mp4?s=e82b6e1f2c3345036856b418f75726fb2c220f5c&profile_id=164
equation, https://media.signbsl.com/videos/asl/tsdvideo/mp4/279.mp4
equator, https://media.signbsl.com/videos/asl/aslsearch/mp4/equator.mp4
Equatorial Guinea, https://media.signbsl.com/videos/asl/youtube/mp4/LQTytgwLUkI.mp4
equestrian, https://media.signbsl.com/videos/asl/youtube/mp4/VZ33DvCZmMQ.mp4
equiangular, https://media.signbsl.com/videos/asl/youtube/mp4/cjSyV4yfcGI.mp4
equiangular triangle, https://media.signbsl.com/videos/asl/tsdvideo/mp4/455.mp4
equidistance, https://media.signbsl.com/videos/asl/youtube/mp4/RZh_PaLXfA8.mp4
equilateral, https://media.signbsl.com/videos/asl/youtube/mp4/n0accjKgzaU.mp4
equilateral triangle, https://media.signbsl.com/videos/asl/tsdvideo/mp4/455.mp4
equilibrate, https://media.signbsl.com/videos/asl/youtube/mp4/9-5WgPkAw3A.mp4
equilibrium, https://media.signbsl.com/videos/asl/youtube/mp4/Iih03ONr9Io.mp4
equinoctial, https://media.signbsl.com/videos/asl/youtube/mp4/AGhqt6Bj0pU.mp4
equinoctial circle, https://media.signbsl.com/videos/asl/youtube/mp4/AGhqt6Bj0pU.mp4
equinoctial line, https://media.signbsl.com/videos/asl/youtube/mp4/AGhqt6Bj0pU.mp4
equipage, https://media.signbsl.com/videos/asl/aslsearch/mp4/carriage.mp4
equipment, https://media.signbsl.com/videos/asl/aslsearch/mp4/equipment.mp4
equipotential, https://media.signbsl.com/videos/asl/youtube/mp4/GyRILGAWNhY.mp4
equitable, https://media.signbsl.com/videos/asl/aslsearch/mp4/just3.mp4
equities, https://player.vimeo.com/external/392014881.sd.mp4?s=d4efc9a20c949b5f4b0a2783b23de631bdad682a&profile_id=164
equity, https://player.vimeo.com/external/392014881.sd.mp4?s=d4efc9a20c949b5f4b0a2783b23de631bdad682a&profile_id=164
equivalence, https://media.signbsl.com/videos/asl/youtube/mp4/ks8LAQ4hGVw.mp4
equivalent, https://player.vimeo.com/external/392014975.sd.mp4?s=ddb9da009f03c6d0fd7da84fc698389ac3fb95de&profile_id=164
equivalent amounts, https://media.signbsl.com/videos/asl/tsdvideo/mp4/220.mp4
equivalent fraction, https://media.signbsl.com/videos/asl/elementalaslconcepts/mp4/even.mp4
equivalent fractions, https://media.signbsl.com/videos/asl/tsdvideo/mp4/221.mp4
equivalent word, https://media.signbsl.com/videos/asl/elementalaslconcepts/mp4/synomym.mp4
equivocal, https://media.signbsl.com/videos/asl/aslsignbank/mp4/BLUR-2119.mp4
equivocate, https://player.vimeo.com/external/391197298.sd.mp4?s=522664f387ec446f6838dee858a7a7d855f8f5d4&profile_id=164
Equus asinus, https://media.signbsl.com/videos/asl/aslsearch/mp4/donkey.mp4
Equus caballus, https://media.signbsl.com/videos/asl/startasl/mp4/horse.mp4
ER, https://media.signbsl.com/videos/asl/aslsearch/mp4/emergency-room.mp4
era, https://media.signbsl.com/videos/asl/aslsignbank/mp4/ERA-3166.mp4
eradicable, https://media.signbsl.com/videos/asl/youtube/mp4/7LtHfISNStQ.mp4
eradicate, https://media.signbsl.com/videos/asl/youtube/mp4/NJ5gdmZt-L4.mp4
eradicator, https://media.signbsl.com/videos/asl/youtube/mp4/pX9LOkuASSQ.mp4
erasable, https://media.signbsl.com/videos/asl/youtube/mp4/YiF4kNe3SIw.mp4
erase, https://media.signbsl.com/videos/asl/aslsignbank/mp4/ELIMINATE-123.mp4
eraser, https://media.signbsl.com/videos/asl/startasl/mp4/eraser.mp4
erect, https://media.signbsl.com/videos/asl/aslsearch/mp4/erect.mp4
erection, https://media.signbsl.com/videos/asl/youtube/mp4/w-VGJ8O_e_w.mp4
eremetic, https://media.signbsl.com/videos/asl/youtube/mp4/uNsONjWMI-Y.mp4
eremitic, https://media.signbsl.com/videos/asl/youtube/mp4/_jufYPHbva8.mp4
eremitical, https://media.signbsl.com/videos/asl/youtube/mp4/_jufYPHbva8.mp4
ergo, https://media.signbsl.com/videos/asl/youtube/mp4/ZJAgUUQ0uRM.mp4
ergonomic, https://media.signbsl.com/videos/asl/youtube/mp4/ZhJxnoNPSqk.mp4
ergonomics, https://media.signbsl.com/videos/asl/youtube/mp4/Eevsq8vx9kA.mp4
eristic, https://media.signbsl.com/videos/asl/youtube/mp4/DQ3E00mm_OE.mp4
Eritrea, https://media.signbsl.com/videos/asl/aslsignbank/mp4/ERITREA-3210.mp4
Ernst Mach, https://media.signbsl.com/videos/asl/youtube/mp4/jdP2iG9SKOw.mp4
eroding, https://media.signbsl.com/videos/asl/youtube/mp4/iVXxVavtD-U.mp4
erogenous, https://media.signbsl.com/videos/asl/youtube/mp4/nnZoC5sgB2k.mp4
erosion, https://media.signbsl.com/videos/asl/youtube/mp4/iVXxVavtD-U.mp4
erosive, https://media.signbsl.com/videos/asl/youtube/mp4/SPXmJfI1nQ8.mp4
erotic, https://media.signbsl.com/videos/asl/youtube/mp4/qT96vBaWQCA.mp4
erotica, https://media.signbsl.com/videos/asl/ids/mp4/2013-11-3570-pornography-1500k-ase.mp4
err, https://media.signbsl.com/videos/asl/youtube/mp4/YU4Gp6fdHa8.mp4
errand, https://media.signbsl.com/videos/asl/aslsearch/mp4/errand.mp4
erratic, https://player.vimeo.com/external/392015167.sd.mp4?s=b29acb19701f963850f84dcad2aea31eb6e37230&profile_id=164
erratum, https://media.signbsl.com/videos/asl/youtube/mp4/Yt7RGttQ8Yc.mp4
erreminise, https://media.signbsl.com/videos/asl/youtube/mp4/JlvZlgDAofM.mp4
erring, https://player.vimeo.com/external/392015250.sd.mp4?s=c4e42c75773eecf90c1bc9b8ef85d97329ad6ed7&profile_id=164
erroneous, https://media.signbsl.com/videos/asl/youtube/mp4/dy-CndvdnLw.mp4
error, https://media.signbsl.com/videos/asl/aslsearch/mp4/error.mp4
errorless, https://media.signbsl.com/videos/asl/youtube/mp4/si06VT228QM.mp4
error message, https://media.signbsl.com/videos/asl/mariekatzenbachschool/mp4/error%20message.mp4
error prone, https://player.vimeo.com/external/392015250.sd.mp4?s=c4e42c75773eecf90c1bc9b8ef85d97329ad6ed7&profile_id=164
ersatz, https://media.signbsl.com/videos/asl/youtube/mp4/HxVUF7j879A.mp4
erst, https://media.signbsl.com/videos/asl/aslsignbank/mp4/ONCE-1546.mp4
erstwhile, https://media.signbsl.com/videos/asl/aslsignbank/mp4/ONCE-1546.mp4
eruct, https://media.signbsl.com/videos/asl/youtube/mp4/tqySJF0lf1w.mp4
eructation, https://media.signbsl.com/videos/asl/aslsignbank/mp4/BURP-2969.mp4
eruditeness, https://media.signbsl.com/videos/asl/youtube/mp4/3oOoZ3QbTA4.mp4
erudition, https://media.signbsl.com/videos/asl/youtube/mp4/3oOoZ3QbTA4.mp4
erupt, https://media.signbsl.com/videos/asl/aslsearch/mp4/erupt.mp4
eruption, https://media.signbsl.com/videos/asl/youtube/mp4/VY4tRLtVjec.mp4
erythrocyte, https://media.signbsl.com/videos/asl/youtube/mp4/F3yvxaLaoSs.mp4
escalate, https://media.signbsl.com/videos/asl/aslsearch/mp4/escalate.mp4
escalator, https://media.signbsl.com/videos/asl/aslsignbank/mp4/ESCALATOR-801.mp4
escalator clause, https://media.signbsl.com/videos/asl/aslsignbank/mp4/ESCALATOR-801.mp4
escallop, https://player.vimeo.com/external/391915520.sd.mp4?s=cfc0849c00434a776cf8dfbd0123f6e9bb420278&profile_id=164
escapade, https://media.signbsl.com/videos/asl/aslsignbank/mp4/TRAVEL-1307.mp4
escape, https://media.signbsl.com/videos/asl/startasl/mp4/escape.mp4
escapee, https://media.signbsl.com/videos/asl/youtube/mp4/IGX8IKeyaYc.mp4
escapism, https://media.signbsl.com/videos/asl/youtube/mp4/ervvBqiJCR8.mp4
escapology, https://media.signbsl.com/videos/asl/youtube/mp4/BoPbh_FrFTU.mp4
escarp, https://media.signbsl.com/videos/asl/youtube/mp4/LWc01UqU18g.mp4
escarpment, https://media.signbsl.com/videos/asl/youtube/mp4/LWc01UqU18g.mp4
eschew, https://player.vimeo.com/external/392015411.sd.mp4?s=0c4299633cf1024f9fce9365a83455c677f511f2&profile_id=164
escort, https://player.vimeo.com/external/392015445.sd.mp4?s=0edbb57569def1ace00f5f0cec3c0499ba7c350a&profile_id=164
escrow, https://media.signbsl.com/videos/asl/youtube/mp4/6rVV8inFduQ.mp4
escutcheon, https://media.signbsl.com/videos/asl/youtube/mp4/TFhvHIrFOA8.mp4
Eskimo, https://media.signbsl.com/videos/asl/aslsearch/mp4/eskimo.mp4
esophageal, https://media.signbsl.com/videos/asl/youtube/mp4/omvJw05rROM.mp4
esophagus, https://media.signbsl.com/videos/asl/aslsearch/mp4/esophagus.mp4
esoteric, https://player.vimeo.com/external/392015486.sd.mp4?s=dddcb97967b89c6ae8a39553fd3e07dbfbe81bef&profile_id=164
esotropia, https://media.signbsl.com/videos/asl/youtube/mp4/M5IarTyas-E.mp4
ESP, https://media.signbsl.com/videos/asl/youtube/mp4/lhYgHC5FSK0.mp4
Espana, https://media.signbsl.com/videos/asl/startasl/mp4/spain.mp4
especial, NA
especially, https://media.signbsl.com/videos/asl/aslsignbank/mp4/SPECIAL-1100.mp4
espionage, https://media.signbsl.com/videos/asl/youtube/mp4/AUjJHz0I4Gk.mp4
esplanade, https://media.signbsl.com/videos/asl/youtube/mp4/LMoz7wk95mI.mp4
espousal, https://media.signbsl.com/videos/asl/youtube/mp4/bmTek1am_z8.mp4
espouse, https://media.signbsl.com/videos/asl/startasl/mp4/marry.mp4
esprit de corps, https://media.signbsl.com/videos/asl/youtube/mp4/C5I-QhhOUvY.mp4
Esq, https://media.signbsl.com/videos/asl/youtube/mp4/0F_JpdBeeyE.mp4
Esquimau, https://media.signbsl.com/videos/asl/aslsearch/mp4/eskimo.mp4
Esquire, https://media.signbsl.com/videos/asl/youtube/mp4/0F_JpdBeeyE.mp4
essay, https://media.signbsl.com/videos/asl/aslsearch/mp4/essay.mp4
essayer, https://media.signbsl.com/videos/asl/youtube/mp4/KMsg0Rh_T8E.mp4
essayist, https://media.signbsl.com/videos/asl/youtube/mp4/NFyPKcASDP8.mp4
essence, https://media.signbsl.com/videos/asl/aslsearch/mp4/perfume.mp4
essential, https://media.signbsl.com/videos/asl/aslsearch/mp4/essential.mp4
essentialism, https://media.signbsl.com/videos/asl/philosophy/mp4/Essentialism%202-HD.mp4
establish, https://media.signbsl.com/videos/asl/aslsignbank/mp4/SET-UP-1023.mp4
estate, https://media.signbsl.com/videos/asl/youtube/mp4/URIE9zkbOpM.mp4
estate agent, https://media.signbsl.com/videos/asl/youtube/mp4/iliHO0OV4Eg.mp4
esteem, https://player.vimeo.com/external/392015685.sd.mp4?s=85f3c66fe01852992902ff6bb76e2125a0ecf85b&profile_id=164
esteemed, https://player.vimeo.com/external/392681304.sd.mp4?s=06914054152246f658bd8d7cde501dcf91f5f8a1&profile_id=164
ester, https://media.signbsl.com/videos/asl/youtube/mp4/p8MYUeUbhKM.mp4
esthete, https://media.signbsl.com/videos/asl/youtube/mp4/ldsePmYi4dA.mp4
esthetics, https://media.signbsl.com/videos/asl/philosophy/mp4/Aesthetics-HD.mp4
Esthonia, https://media.signbsl.com/videos/asl/youtube/mp4/sG_OIvVOWE4.mp4
estimable, https://media.signbsl.com/videos/asl/youtube/mp4/ewzDItZLmU4.mp4
estimate, https://media.signbsl.com/videos/asl/tsdvideo/mp4/397.mp4
estimator, https://media.signbsl.com/videos/asl/youtube/mp4/AW_1LY8MB0M.mp4
estivate, https://media.signbsl.com/videos/asl/youtube/mp4/ezhxok3LjYE.mp4
Estonia, https://media.signbsl.com/videos/asl/youtube/mp4/sG_OIvVOWE4.mp4
estrange, https://media.signbsl.com/videos/asl/youtube/mp4/sPpEasyvPdo.mp4
estrogen, https://media.signbsl.com/videos/asl/youtube/mp4/ijeNGO55HJE.mp4
estrous, https://media.signbsl.com/videos/asl/youtube/mp4/-rtqnuWIBBs.mp4
esurience, https://media.signbsl.com/videos/asl/youtube/mp4/l2Sb4gsK8AA.mp4
esurient, https://media.signbsl.com/videos/asl/youtube/mp4/rRrJTBhzZzI.mp4
etc, https://media.signbsl.com/videos/asl/aslsearch/mp4/etc.mp4
etc., https://media.signbsl.com/videos/asl/aslsearch/mp4/etc.mp4
et cetera, https://media.signbsl.com/videos/asl/aslsignbank/mp4/ETCETERA-1323.mp4
etcetera, https://media.signbsl.com/videos/asl/aslsignbank/mp4/ETCETERA-1323.mp4
etch, https://media.signbsl.com/videos/asl/youtube/mp4/4rdvHyYWV_M.mp4
eternal, https://media.signbsl.com/videos/asl/ids/mp4/2013-11-1520-everlasting-1500k-ase.mp4
Eternal City, https://media.signbsl.com/videos/asl/youtube/mp4/pHGZgmbyu3U.mp4
Eternal Eternity, https://media.signbsl.com/videos/asl/ids/mp4/2013-11-1480-eternal-eternity-1500k-ase.mp4
eternalise, https://media.signbsl.com/videos/asl/youtube/mp4/3Y0Id71ivk4.mp4
eternalize, https://media.signbsl.com/videos/asl/youtube/mp4/3Y0Id71ivk4.mp4
eternal life, https://media.signbsl.com/videos/asl/ids/mp4/2013-11-1490-eternal-life-1500k-ase.mp4
eternally, https://media.signbsl.com/videos/asl/signlanguagestudent/mp4/forever.mp4
Eternal Marriage, https://media.signbsl.com/videos/asl/ids/mp4/2013-11-1500-eternal-marriage-1500k-ase.mp4
Eternal Progression, https://media.signbsl.com/videos/asl/ids/mp4/2013-11-1510-eternal-progression-1500k-ase.mp4
eternise, https://media.signbsl.com/videos/asl/youtube/mp4/3Y0Id71ivk4.mp4
eternity, https://media.signbsl.com/videos/asl/signlanguagestudent/mp4/eternity.mp4
eternize, https://media.signbsl.com/videos/asl/youtube/mp4/3Y0Id71ivk4.mp4
ethane, https://media.signbsl.com/videos/asl/youtube/mp4/KWw1DvqRDVk.mp4
ethanol, https://media.signbsl.com/videos/asl/youtube/mp4/sQbxWTLF3zk.mp4
ether, https://media.signbsl.com/videos/asl/youtube/mp4/RYmM-xeHBeQ.mp4
ethereal, https://media.signbsl.com/videos/asl/youtube/mp4/uwrpVKDkj-Q.mp4
ethernet, https://media.signbsl.com/videos/asl/deaftec/mp4/970.mp4
ethic, https://media.signbsl.com/videos/asl/youtube/mp4/7fsITc01Zlw.mp4
ethical altruism, https://media.signbsl.com/videos/asl/philosophy/mp4/Ethical%20Altruism-HD.mp4
ethical egoism, https://media.signbsl.com/videos/asl/philosophy/mp4/Ethical%20Egoism-HD.mp4
ethics, https://media.signbsl.com/videos/asl/philosophy/mp4/Ethics-HD.mp4
Ethiopia, https://media.signbsl.com/videos/asl/aslsignbank/mp4/ETHIOPIA-3212.mp4
ethnic, https://media.signbsl.com/videos/asl/aslsignbank/mp4/CULTURE-1193.mp4
ethnical, https://media.signbsl.com/videos/asl/aslsignbank/mp4/CULTURE-1193.mp4
ethnocentric, https://media.signbsl.com/videos/asl/youtube/mp4/m2wx5YKjBmQ.mp4
ethnologic, https://media.signbsl.com/videos/asl/youtube/mp4/SSoHqqAaw5E.mp4
ethnological, https://media.signbsl.com/videos/asl/youtube/mp4/SSoHqqAaw5E.mp4
ethology, https://media.signbsl.com/videos/asl/youtube/mp4/ZEZ5RBfp_Ic.mp4
ethos, https://media.signbsl.com/videos/asl/youtube/mp4/3BKSamjGr0Q.mp4
ethoxyethane, https://media.signbsl.com/videos/asl/youtube/mp4/RYmM-xeHBeQ.mp4
ethyl alcohol, https://media.signbsl.com/videos/asl/youtube/mp4/sQbxWTLF3zk.mp4
ethyl ether, https://media.signbsl.com/videos/asl/youtube/mp4/RYmM-xeHBeQ.mp4
etiologic, https://media.signbsl.com/videos/asl/youtube/mp4/29vUi7Lqk5g.mp4
etiological, https://media.signbsl.com/videos/asl/youtube/mp4/29vUi7Lqk5g.mp4
etiquette, https://media.signbsl.com/videos/asl/youtube/mp4/PytxmBNGtBg.mp4
etsk tsk, https://media.signbsl.com/videos/asl/aslsignbank/mp4/E(tsk-tsk)-2277.mp4
etymologies, https://media.signbsl.com/videos/asl/youtube/mp4/xaanpS7V_lQ.mp4
etymologizing, https://media.signbsl.com/videos/asl/tsdvideo/mp4/1370.mp4
etymology, https://media.signbsl.com/videos/asl/youtube/mp4/xaanpS7V_lQ.mp4
EU, https://media.signbsl.com/videos/asl/mariekatzenbachschool/mp4/European%20Union.mp4
eucaryote, https://media.signbsl.com/videos/asl/youtube/mp4/W4G4Gxx9xuM.mp4
Eucharist, https://media.signbsl.com/videos/asl/handsofgrace/mp4/QdWqyZjXzuo.mp4
Eucharistic liturgy, https://media.signbsl.com/videos/asl/handsofgrace/mp4/QdWqyZjXzuo.mp4
eudaemonia, https://media.signbsl.com/videos/asl/youtube/mp4/6BufL2BH8Qw.mp4
eudaimonia, https://media.signbsl.com/videos/asl/youtube/mp4/6BufL2BH8Qw.mp4
eugenics, https://media.signbsl.com/videos/asl/youtube/mp4/jVA8261lpzg.mp4
eukaryote, https://media.signbsl.com/videos/asl/youtube/mp4/W4G4Gxx9xuM.mp4
eulogies, https://media.signbsl.com/videos/asl/youtube/mp4/Yx5otkn5IKQ.mp4
eulogise, https://media.signbsl.com/videos/asl/youtube/mp4/PPdtayIsIvc.mp4
eulogize, https://media.signbsl.com/videos/asl/youtube/mp4/PPdtayIsIvc.mp4
eulogy, https://media.signbsl.com/videos/asl/youtube/mp4/Yx5otkn5IKQ.mp4
eunuch, https://media.signbsl.com/videos/asl/youtube/mp4/5OaNLVS-5Oo.mp4
euphemism, https://player.vimeo.com/external/392015926.sd.mp4?s=72a5915a5afd50a2d9991a9072d6f500ac56b08e&profile_id=164
euphonious, https://media.signbsl.com/videos/asl/youtube/mp4/nMNf8OuA8G4.mp4
euphonous, https://media.signbsl.com/videos/asl/youtube/mp4/nMNf8OuA8G4.mp4
Euphorbia pulcherrima, https://player.vimeo.com/external/392700394.sd.mp4?s=3ce5c289e45d969f63c0c94d02bb1b0e025d4ef8&profile_id=164
Eureka, https://media.signbsl.com/videos/asl/youtube/mp4/_DjOi1dB9Ig.mp4
euro, https://media.signbsl.com/videos/asl/youtube/mp4/aUeLqwGKxEw.mp4
Europe, https://media.signbsl.com/videos/asl/startasl/mp4/europe.mp4
European, https://player.vimeo.com/external/392017735.sd.mp4?s=e0d90a307251efca2450b7c866e06ab1e0bc1169&profile_id=164
European blueberry, https://media.signbsl.com/videos/asl/youtube/mp4/IOPiI_dH9aA.mp4
European Community, https://media.signbsl.com/videos/asl/mariekatzenbachschool/mp4/European%20Union.mp4
European Economic Community, https://media.signbsl.com/videos/asl/mariekatzenbachschool/mp4/European%20Union.mp4
European elk, https://media.signbsl.com/videos/asl/aslsearch/mp4/elk.mp4
Europeanise, https://media.signbsl.com/videos/asl/youtube/mp4/RYNv8JqrN-4.mp4
Europeanize, https://media.signbsl.com/videos/asl/youtube/mp4/RYNv8JqrN-4.mp4
European Union, https://media.signbsl.com/videos/asl/mariekatzenbachschool/mp4/European%20Union.mp4
euthanasia, https://media.signbsl.com/videos/asl/youtube/mp4/BVuD6cBeahU.mp4
eutherian, https://media.signbsl.com/videos/asl/youtube/mp4/w9_7-Olrchg.mp4
eutherian mammal, https://media.signbsl.com/videos/asl/youtube/mp4/w9_7-Olrchg.mp4
eutrophication, https://media.signbsl.com/videos/asl/youtube/mp4/2oE9KsEwzsA.mp4
evacuate, https://media.signbsl.com/videos/asl/youtube/mp4/K4Ibq6LbSHI.mp4
evacuation, https://media.signbsl.com/videos/asl/mariekatzenbachschool/mp4/evacuation.mp4
evacuee, https://media.signbsl.com/videos/asl/youtube/mp4/G1ZZeEw03yc.mp4
evade, https://media.signbsl.com/videos/asl/youtube/mp4/tVkSgOZqRRM.mp4
evaluate, https://media.signbsl.com/videos/asl/aslsignbank/mp4/EVALUATE-2894.mp4
evaluater, https://media.signbsl.com/videos/asl/youtube/mp4/55jmLveh7Ik.mp4
evanescence, https://media.signbsl.com/videos/asl/youtube/mp4/YmwiBV_GUFA.mp4
evanescent, https://player.vimeo.com/external/392018090.sd.mp4?s=47e6529aee956267cd6ec76ce406e979bfc84fd0&profile_id=164
evangel, https://media.signbsl.com/videos/asl/signlanguagestudent/mp4/gospel%20(alternate).mp4
evangelic, https://media.signbsl.com/videos/asl/youtube/mp4/TOq3Fkbtihk.mp4
evangelism, https://media.signbsl.com/videos/asl/valleybible/mp4/evangelism.mp4
evangelization, https://media.signbsl.com/videos/asl/handsofgrace/mp4/0xOQqp76y-s.mp4
evaporate, https://media.signbsl.com/videos/asl/aslsearch/mp4/evaporate.mp4
evaporation, https://media.signbsl.com/videos/asl/elementalaslconcepts/mp4/evaporation1.mp4
evaporator, https://media.signbsl.com/videos/asl/AustinCommunityCollege/mp4/auto_evaporator_.mp4
evasive, https://media.signbsl.com/videos/asl/youtube/mp4/OqLpO4VN6dY.mp4
Eve, https://media.signbsl.com/videos/asl/signlanguagestudent/mp4/Eve%20(alternate).mp4
even, https://media.signbsl.com/videos/asl/tsdvideo/mp4/127.mp4
even a broken clock is right twice a day, https://media.signbsl.com/videos/asl/youtube/mp4/EOTdckCYHRY.mp4
even chance, https://media.signbsl.com/videos/asl/youtube/mp4/vNO3F9bxnqc.mp4
evener, https://media.signbsl.com/videos/asl/youtube/mp4/7TFBq-hqw6c.mp4
evenfall, https://player.vimeo.com/external/391993324.sd.mp4?s=e7e461e8294722f18eade08c87fbfce7a74645d8&profile_id=164
evening, https://media.signbsl.com/videos/asl/signlanguagestudent/mp4/Eve%20(alternate).mp4
evening night, https://media.signbsl.com/videos/asl/startasl/mp4/evening.mp4
even money 50 50 bet, https://media.signbsl.com/videos/asl/youtube/mp4/eJ2y-UBgcwc.mp4
evenness, https://media.signbsl.com/videos/asl/youtube/mp4/oXPDHuwr6FM.mp4
even number, https://media.signbsl.com/videos/asl/deaftec-math/mp4/21D-1.mp4
even off, https://media.signbsl.com/videos/asl/youtube/mp4/yOOOzJlcbWw.mp4
even out, https://media.signbsl.com/videos/asl/youtube/mp4/yOOOzJlcbWw.mp4
even so, https://media.signbsl.com/videos/asl/aslsearch/mp4/however.mp4
event, https://media.signbsl.com/videos/asl/aslsignbank/mp4/RESULT-970.mp4
event coordinator, https://player.vimeo.com/external/392673003.sd.mp4?s=a4ef1220bb5bcc4d7a7b71a56e816f7d009f5228&profile_id=164
eventful, https://player.vimeo.com/external/392018286.sd.mp4?s=9adad2d805ef7f11b8c654e4ac2744af5b08224c&profile_id=164
even though, https://media.signbsl.com/videos/asl/aslsearch/mp4/although.mp4
eventide, https://media.signbsl.com/videos/asl/signlanguagestudent/mp4/Eve%20(alternate).mp4
event likelihood, https://media.signbsl.com/videos/asl/tsdvideo/mp4/1219.mp4
events, https://media.signbsl.com/videos/asl/aslsignbank/mp4/RESULT-970.mp4
eventual, https://player.vimeo.com/external/392018331.sd.mp4?s=68d8041ff5be2635329a2a7afb8e3f5bcc170aed&profile_id=164
eventuality, https://media.signbsl.com/videos/asl/youtube/mp4/Gwg0-ouIchY.mp4
eventually, https://media.signbsl.com/videos/asl/aslsignbank/mp4/FUTURE-320.mp4
even up, https://media.signbsl.com/videos/asl/youtube/mp4/yOOOzJlcbWw.mp4
ever, https://media.signbsl.com/videos/asl/startasl/mp4/always.mp4
Everglade State, https://media.signbsl.com/videos/asl/youtube/mp4/sXM8QeBTErY.mp4
evergreen, https://media.signbsl.com/videos/asl/youtube/mp4/1FzcbQWorYk.mp4
evergreen plant, https://media.signbsl.com/videos/asl/youtube/mp4/1FzcbQWorYk.mp4
everlasting, https://media.signbsl.com/videos/asl/ids/mp4/2013-11-1520-everlasting-1500k-ase.mp4
everlastingly, https://media.signbsl.com/videos/asl/signlanguagestudent/mp4/forever.mp4
evermore, https://media.signbsl.com/videos/asl/signlanguagestudent/mp4/forever.mp4
eversion, https://media.signbsl.com/videos/asl/youtube/mp4/Je8yIA4uH9I.mp4
everting, https://media.signbsl.com/videos/asl/youtube/mp4/Je8yIA4uH9I.mp4
every, https://player.vimeo.com/external/392019138.sd.mp4?s=e96d2345799afb2d27a13915bea18be6ef71ca3d&profile_id=164
every afternoon, https://media.signbsl.com/videos/asl/aslsearch/mp4/every-afternoon.mp4
every bit, https://media.signbsl.com/videos/asl/aslsearch/mp4/as.mp4
everybody, https://media.signbsl.com/videos/asl/aslsearch/mp4/everybody.mp4
every cloud has a silver lining, https://media.signbsl.com/videos/asl/youtube/mp4/Xh345tU1ahI.mp4
every day, https://media.signbsl.com/videos/asl/signlanguagestudent/mp4/daily.mp4
everyday, https://media.signbsl.com/videos/asl/signlanguagestudent/mp4/daily.mp4
every eight days, https://media.signbsl.com/videos/asl/youtube/mp4/4V7lKtlS76s.mp4
every eight months, https://media.signbsl.com/videos/asl/youtube/mp4/ZGU6m0sTveQ.mp4
every eight weeks, https://media.signbsl.com/videos/asl/youtube/mp4/oZ24WFa7hmg.mp4
every eight years, https://media.signbsl.com/videos/asl/youtube/mp4/qUeKVCBNUik.mp4
every five days, https://media.signbsl.com/videos/asl/youtube/mp4/zQv0a8yLfIQ.mp4
every five months, https://media.signbsl.com/videos/asl/youtube/mp4/bAs81T0sLbc.mp4
every five weeks, https://media.signbsl.com/videos/asl/youtube/mp4/kSoaZqCNTV4.mp4
every five years, https://media.signbsl.com/videos/asl/youtube/mp4/WeqtgAizhgQ.mp4
every four days, https://media.signbsl.com/videos/asl/youtube/mp4/Xk5qr5EI1Mw.mp4
every four months, https://media.signbsl.com/videos/asl/youtube/mp4/mVzUuWHOpkA.mp4
every four weeks, https://media.signbsl.com/videos/asl/youtube/mp4/uObHr9REhMg.mp4
every four years, https://media.signbsl.com/videos/asl/youtube/mp4/8K88z_kaGEk.mp4
every friday, https://player.vimeo.com/external/392018581.sd.mp4?s=e12df890e81af0cc30c036aff7aa5795d5842d7a&profile_id=164
every monday, https://player.vimeo.com/external/392018627.sd.mp4?s=3d457dc40e80c4cdf4eb8e0292b4a8fb98b1fcab&profile_id=164
every month, https://media.signbsl.com/videos/asl/youtube/mp4/isiNSuNbURM.mp4
every morning, https://media.signbsl.com/videos/asl/aslsignbank/mp4/MORNING-2537.mp4
every night, https://media.signbsl.com/videos/asl/youtube/mp4/8QgX1PT9jH8.mp4
every nine days, https://media.signbsl.com/videos/asl/youtube/mp4/Lfx6GrZilyc.mp4
every nine months, https://media.signbsl.com/videos/asl/youtube/mp4/KGJynjJWmNE.mp4
every nine weeks, https://media.signbsl.com/videos/asl/youtube/mp4/wDGI8rNd3iA.mp4
every nine years, https://media.signbsl.com/videos/asl/youtube/mp4/c44YNuB54QY.mp4
every now and then, https://media.signbsl.com/videos/asl/aslsignbank/mp4/SOMETIME-1094.mp4
everyone, https://media.signbsl.com/videos/asl/aslsearch/mp4/everyone.mp4
everyone looks at me, https://media.signbsl.com/videos/asl/youtube/mp4/wlZQ8XK_Eh4.mp4
every other monday, https://player.vimeo.com/external/392018808.sd.mp4?s=e9d057021611dbb56293ff6f25a1fd6fa69b7c61&profile_id=164
everyplace, https://media.signbsl.com/videos/asl/aslsignbank/mp4/ALL-OVER-10.mp4
every saturday, https://player.vimeo.com/external/392018859.sd.mp4?s=6bf18c221f1c54c5a740567421da1b0c73133495&profile_id=164
every seven days, https://media.signbsl.com/videos/asl/youtube/mp4/qxZkIv9OAqQ.mp4
every seven months, https://media.signbsl.com/videos/asl/youtube/mp4/ROucl2btvjU.mp4
every seven weeks, https://media.signbsl.com/videos/asl/youtube/mp4/j4yasqyUuxI.mp4
every seven years, https://media.signbsl.com/videos/asl/youtube/mp4/8LkIy5aqvE0.mp4
every six days, https://media.signbsl.com/videos/asl/youtube/mp4/_4yZVMkmzA0.mp4
every six months, https://media.signbsl.com/videos/asl/youtube/mp4/ee8XOM5NwDQ.mp4
every six weeks, https://media.signbsl.com/videos/asl/youtube/mp4/zbz8LkL2oZo.mp4
every six years, https://media.signbsl.com/videos/asl/youtube/mp4/nr5Gpp5npsw.mp4
every so often, https://media.signbsl.com/videos/asl/aslsignbank/mp4/SOMETIME-1094.mp4
every sunday, https://player.vimeo.com/external/392018927.sd.mp4?s=de3d23d424b17830124a9ba1694a5b045b62ecda&profile_id=164
everything, https://media.signbsl.com/videos/asl/aslsignbank/mp4/EVERYTHING-1334.mp4
every three days, https://media.signbsl.com/videos/asl/youtube/mp4/TUzG0Qb49GQ.mp4
every three months, https://media.signbsl.com/videos/asl/youtube/mp4/eFYTaihVlZw.mp4
every three weeks, https://media.signbsl.com/videos/asl/youtube/mp4/K0tkx801c_c.mp4
every three years, https://media.signbsl.com/videos/asl/youtube/mp4/MhHg3bLUghg.mp4
every thursday, https://player.vimeo.com/external/392018993.sd.mp4?s=4706c43544d9b3fa18bdff8fc63da4cfc3f11efc&profile_id=164
everytime, https://media.signbsl.com/videos/asl/youtube/mp4/r5yTgqWK44s.mp4
every tuesday, https://player.vimeo.com/external/392019041.sd.mp4?s=a632267c7c3c959522458218aecd00d597d96f23&profile_id=164
every two days, https://media.signbsl.com/videos/asl/youtube/mp4/MG66Cbs6vgA.mp4
every two months, https://media.signbsl.com/videos/asl/youtube/mp4/ufUI7B7E6UA.mp4
every two weeks, https://media.signbsl.com/videos/asl/youtube/mp4/qiCD1dRyK5g.mp4
every two years, https://media.signbsl.com/videos/asl/youtube/mp4/JloQanXHXXs.mp4
every wednesday, https://player.vimeo.com/external/392019089.sd.mp4?s=f302b51bee4627b05a8068ac3f27ba8757e0231a&profile_id=164
every week, NA
every weekend, https://media.signbsl.com/videos/asl/youtube/mp4/po0k1Z_qbXk.mp4
everywhere, https://media.signbsl.com/videos/asl/aslsignbank/mp4/ALL-OVER-10.mp4
every which way, https://media.signbsl.com/videos/asl/youtube/mp4/hg9oo6z9gAA.mp4
every year, https://media.signbsl.com/videos/asl/youtube/mp4/ElXw89A3jc4.mp4
evict, https://player.vimeo.com/external/392019525.sd.mp4?s=48718a59d454ffc98c4a502f0ee476120b2e89d0&profile_id=164
evidence, https://media.signbsl.com/videos/asl/aslsearch/mp4/evidence.mp4
evident, https://player.vimeo.com/external/391166777.sd.mp4?s=83a8a7ca1e0fd2488e317fc08876c4ead4a66c73&profile_id=164
evidently, https://player.vimeo.com/external/392019736.sd.mp4?s=df93f16955a25d0bf635502323b5431605450066&profile_id=164
evil, https://media.signbsl.com/videos/asl/signlanguagestudent/mp4/wicked.mp4
evildoer, https://media.signbsl.com/videos/asl/aslsearch/mp4/sinner.mp4
evildoing, https://media.signbsl.com/videos/asl/ids/mp4/2013-11-4990-transgression-1500k-ase.mp4
eviler, https://media.signbsl.com/videos/asl/youtube/mp4/hBcArRl77f4.mp4
evince, https://media.signbsl.com/videos/asl/aslsignbank/mp4/EXPRESS-1363.mp4
eviscerate, https://media.signbsl.com/videos/asl/youtube/mp4/yDs2J6F5sV8.mp4
evitable, https://media.signbsl.com/videos/asl/youtube/mp4/-Y5AfEaMkfA.mp4
evocation, https://media.signbsl.com/videos/asl/youtube/mp4/2efVms6K15k.mp4
evoke, https://media.signbsl.com/videos/asl/youtube/mp4/kaURhjFOeyM.mp4
evolution, https://media.signbsl.com/videos/asl/deaftec/mp4/1375.mp4
evolutionist, https://media.signbsl.com/videos/asl/youtube/mp4/28YXKW5ytqA.mp4
ewe, https://media.signbsl.com/videos/asl/youtube/mp4/DH_WuWGKG-Q.mp4
eww, https://media.signbsl.com/videos/asl/aslsignbank/mp4/i(eww)-1826.mp4
ex, https://media.signbsl.com/videos/asl/aslsearch/mp4/antique.mp4
exacerbate, https://media.signbsl.com/videos/asl/aslsearch/mp4/aggravate.mp4
exact, https://media.signbsl.com/videos/asl/signlanguagestudent/mp4/exact.mp4
exacta, https://media.signbsl.com/videos/asl/youtube/mp4/0s_OK2DMBno.mp4
exacting, https://media.signbsl.com/videos/asl/youtube/mp4/bKa3LekgYS8.mp4
exactly, https://media.signbsl.com/videos/asl/aslsignbank/mp4/PERFECT-523.mp4
exaggerate, https://media.signbsl.com/videos/asl/aslsearch/mp4/exaggerate.mp4
exaggeration, https://media.signbsl.com/videos/asl/youtube/mp4/60wU8RNfrD4.mp4
exaggerator, https://media.signbsl.com/videos/asl/youtube/mp4/NWzhmYnZva4.mp4
exalt, https://media.signbsl.com/videos/asl/signlanguagestudent/mp4/inspire.mp4
exaltation, https://media.signbsl.com/videos/asl/valleybible/mp4/Rapture.mp4
exam, https://media.signbsl.com/videos/asl/aslsignbank/mp4/EXAM-706.mp4
examination, https://media.signbsl.com/videos/asl/aslsignbank/mp4/EXAM-706.mp4
examine, https://media.signbsl.com/videos/asl/startasl/mp4/examine.mp4
examiner, https://media.signbsl.com/videos/asl/youtube/mp4/VgK7DTSCF9Q.mp4
example, https://media.signbsl.com/videos/asl/aslsignbank/mp4/EXAMPLE-2305.mp4
example initialized, https://media.signbsl.com/videos/asl/signlanguagestudent/mp4/example%20(initialized).mp4
example non standard, https://media.signbsl.com/videos/asl/aslsignbank/mp4/EXAMPLE-2305.mp4
exasperate, https://media.signbsl.com/videos/asl/aslsearch/mp4/aggravate.mp4
exasperated, https://media.signbsl.com/videos/asl/youtube/mp4/wFAg6lnwQ2Q.mp4
excavate, https://player.vimeo.com/external/392020451.sd.mp4?s=3633ca944c219a3742e39c2096d53352e050734a&profile_id=164
excavation, https://media.signbsl.com/videos/asl/youtube/mp4/XNekfaI83pU.mp4
excavator, https://media.signbsl.com/videos/asl/aslsearch/mp4/shovel.mp4
exceed, https://media.signbsl.com/videos/asl/aslsearch/mp4/exceed.mp4
exceeding, https://media.signbsl.com/videos/asl/aslsearch/mp4/exceptional.mp4
excel, https://media.signbsl.com/videos/asl/youtube/mp4/Fwr4C5P2kxU.mp4
excellence, https://media.signbsl.com/videos/asl/youtube/mp4/JqTPei3g2h0.mp4
excellencies, https://media.signbsl.com/videos/asl/youtube/mp4/5Q8cB_x-guA.mp4
Excellency, https://media.signbsl.com/videos/asl/youtube/mp4/5Q8cB_x-guA.mp4
excellent, https://media.signbsl.com/videos/asl/aslsearch/mp4/excellent.mp4
except, https://media.signbsl.com/videos/asl/aslsearch/mp4/except.mp4
exception, https://media.signbsl.com/videos/asl/youtube/mp4/SiTY8MNnuA8.mp4
exceptional, https://media.signbsl.com/videos/asl/aslsearch/mp4/exceptional.mp4
except one, https://player.vimeo.com/external/392020693.sd.mp4?s=7faeabba56de95e796f4f64064270ecc461bb02f&profile_id=164
excerpt, https://player.vimeo.com/external/392020853.sd.mp4?s=cdb3a225afa8841887d39d4761178eaf8d70f39a&profile_id=164
excerpt a paragraph, https://player.vimeo.com/external/392020853.sd.mp4?s=cdb3a225afa8841887d39d4761178eaf8d70f39a&profile_id=164
excess, https://media.signbsl.com/videos/asl/aslsearch/mp4/excess.mp4
excessive, https://player.vimeo.com/external/392020932.sd.mp4?s=86e7a0955df218c6075b19252a0889e5adebc6b8&profile_id=164
excessive chest hair, https://media.signbsl.com/videos/asl/youtube/mp4/GMLbW4t1uQc.mp4
excessively, https://media.signbsl.com/videos/asl/youtube/mp4/RLRJPCQNU6Q.mp4
excessive reinforcement, https://media.signbsl.com/videos/asl/AustinCommunityCollege/mp4/weld_excess_reinforcement_.mp4
exchange, https://media.signbsl.com/videos/asl/aslsearch/mp4/exchange.mp4
exchangeable, https://media.signbsl.com/videos/asl/youtube/mp4/T7DGBpVTtyA.mp4
excise, https://player.vimeo.com/external/392031393.sd.mp4?s=b82d5ceb226a1a0b140a707cf8c844bc2f1f48e7&profile_id=164
excise tax, https://media.signbsl.com/videos/asl/youtube/mp4/SSlELTpn-5E.mp4
excision, https://player.vimeo.com/external/392026161.sd.mp4?s=0dd4995750a4c57f1532749baadc3e57a97a1889&profile_id=164
excite, https://media.signbsl.com/videos/asl/aslsearch/mp4/excite.mp4
excited, https://media.signbsl.com/videos/asl/startasl/mp4/excited.mp4
excited state, https://media.signbsl.com/videos/asl/youtube/mp4/_i_rOKa2Un4.mp4
excitement, https://media.signbsl.com/videos/asl/aslsignbank/mp4/EXCITED-1344.mp4
exciting, https://media.signbsl.com/videos/asl/youtube/mp4/r9afVf1s9P0.mp4
exclaim, https://media.signbsl.com/videos/asl/aslsignbank/mp4/SHOUT-598.mp4
exclaiming, https://player.vimeo.com/external/391171983.sd.mp4?s=9ef176ddfa65cddacc4829b99c122ee75aaca63b&profile_id=164
exclamation, https://player.vimeo.com/external/391171983.sd.mp4?s=9ef176ddfa65cddacc4829b99c122ee75aaca63b&profile_id=164
exclamation mark, https://media.signbsl.com/videos/asl/aslsearch/mp4/exclamation-point.mp4
exclamation point, https://media.signbsl.com/videos/asl/aslsearch/mp4/exclamation-point.mp4
exclamination mark, https://media.signbsl.com/videos/asl/youtube/mp4/IxjsI0yOmMU.mp4
exclude, https://media.signbsl.com/videos/asl/aslsearch/mp4/expel.mp4
exclusion, https://media.signbsl.com/videos/asl/youtube/mp4/SiTY8MNnuA8.mp4
exclusive, https://media.signbsl.com/videos/asl/youtube/mp4/7qyECBjMD2I.mp4
exclusively, https://media.signbsl.com/videos/asl/aslsignbank/mp4/ALONE-2065.mp4
excogitate, https://media.signbsl.com/videos/asl/signlanguagestudent/mp4/ponder.mp4
excommunicate, https://media.signbsl.com/videos/asl/ids/mp4/2013-11-1560-excommunicate-1500k-ase.mp4
excoriate, https://media.signbsl.com/videos/asl/signlanguagestudent/mp4/condemn.mp4
excoriation, https://media.signbsl.com/videos/asl/aslsearch/mp4/abrasion.mp4
excrement, https://media.signbsl.com/videos/asl/youtube/mp4/TaAOVdHGpOg.mp4
excrescence, https://media.signbsl.com/videos/asl/youtube/mp4/nDFUdAsRmGg.mp4
excreta, https://media.signbsl.com/videos/asl/youtube/mp4/TaAOVdHGpOg.mp4
excretion, https://media.signbsl.com/videos/asl/youtube/mp4/TaAOVdHGpOg.mp4
excretory product, https://media.signbsl.com/videos/asl/youtube/mp4/TaAOVdHGpOg.mp4
excruciating, https://media.signbsl.com/videos/asl/youtube/mp4/fDWzFJMQ7I0.mp4
exculpate, https://media.signbsl.com/videos/asl/aslsearch/mp4/discharge.mp4
exculpated, https://media.signbsl.com/videos/asl/youtube/mp4/yv1I0CREdjY.mp4
exculpation, https://player.vimeo.com/external/392026502.sd.mp4?s=7c47f43a46427fd9bd3f87078f3fc8c5461f67b1&profile_id=164
excursion, https://media.signbsl.com/videos/asl/aslsearch/mp4/excursion.mp4
excursionist, https://media.signbsl.com/videos/asl/youtube/mp4/mMdFNZr5ROs.mp4
excusable, https://media.signbsl.com/videos/asl/youtube/mp4/z8PIxrykDNE.mp4
excusatory, https://media.signbsl.com/videos/asl/youtube/mp4/V8yIqtRjvuU.mp4
excuse, https://player.vimeo.com/external/392026502.sd.mp4?s=7c47f43a46427fd9bd3f87078f3fc8c5461f67b1&profile_id=164
excused, https://media.signbsl.com/videos/asl/youtube/mp4/U59S2U_woUE.mp4
excuse me, https://media.signbsl.com/videos/asl/startasl/mp4/excuseme.mp4
excuser, https://media.signbsl.com/videos/asl/youtube/mp4/xB4lKz1NtOY.mp4
excuser, https://media.signbsl.com/videos/asl/youtube/mp4/xB4lKz1NtOY.mp4
EXEC, https://media.signbsl.com/videos/asl/elementalaslconcepts/mp4/white_house.mp4
execrable, https://media.signbsl.com/videos/asl/youtube/mp4/kMatXMDKHJc.mp4
execrate, https://media.signbsl.com/videos/asl/aslsignbank/mp4/ABHOR-2040.mp4
execute, https://media.signbsl.com/videos/asl/signlanguagestudent/mp4/do.mp4
execution, https://media.signbsl.com/videos/asl/signlanguagestudent/mp4/performance.mp4
executioner, https://media.signbsl.com/videos/asl/youtube/mp4/Ky3msZUaNk0.mp4
executive, https://media.signbsl.com/videos/asl/aslsignbank/mp4/CHIEF-826.mp4
executive branch, https://media.signbsl.com/videos/asl/elementalaslconcepts/mp4/executive_branch.mp4
executive director, https://media.signbsl.com/videos/asl/aslsignbank/mp4/CHIEF-826.mp4
Executive Office of the President, https://media.signbsl.com/videos/asl/elementalaslconcepts/mp4/executive_branch.mp4
executrices, https://media.signbsl.com/videos/asl/youtube/mp4/Bcm5PeO-gBk.mp4
exemplary, https://media.signbsl.com/videos/asl/youtube/mp4/MpRnBknSxt4.mp4
exemplify, https://media.signbsl.com/videos/asl/elementalaslconcepts/mp4/represent.mp4
exempt, https://media.signbsl.com/videos/asl/aslsearch/mp4/exempt.mp4
exercise, https://media.signbsl.com/videos/asl/startasl/mp4/exercise.mp4
exercise ball, https://player.vimeo.com/external/392673295.sd.mp4?s=9051a591cc7b95750c7d1f2f1afd9962985a69c1&profile_id=164
exercising, https://media.signbsl.com/videos/asl/aslsearch/mp4/exercise.mp4
exergonic, https://media.signbsl.com/videos/asl/youtube/mp4/pOWgtZxYT2g.mp4
exert, https://media.signbsl.com/videos/asl/youtube/mp4/yGQHJ4GoKPo.mp4
exertion, https://media.signbsl.com/videos/asl/youtube/mp4/CD9KjHsstts.mp4
exfoliate, https://media.signbsl.com/videos/asl/youtube/mp4/10esWdis-H4.mp4
ex former, https://player.vimeo.com/external/392019892.sd.mp4?s=152bcec44b0368d1f94c449a37e1a6e521b4f5bf&profile_id=164
exhalation, https://media.signbsl.com/videos/asl/youtube/mp4/dlhtnnZ6Xfk.mp4
exhale, https://media.signbsl.com/videos/asl/youtube/mp4/CrgzsKJAxiE.mp4
exhale from nose, https://media.signbsl.com/videos/asl/youtube/mp4/CrgzsKJAxiE.mp4
exhaltation, https://media.signbsl.com/videos/asl/signlanguagestudent/mp4/exhaltation.mp4
exhaust, https://media.signbsl.com/videos/asl/aslsearch/mp4/use-up.mp4
exhausted, https://media.signbsl.com/videos/asl/aslsignbank/mp4/WORN-OUT-1461.mp4
exhaust fumes, https://media.signbsl.com/videos/asl/youtube/mp4/40HWmJNrFvo.mp4
exhaustive, https://media.signbsl.com/videos/asl/youtube/mp4/Nu6H0pPvZs4.mp4
exhaust pickups, https://media.signbsl.com/videos/asl/AustinCommunityCollege/mp4/weld_exhaust_pickups_.mp4
exhibit, https://media.signbsl.com/videos/asl/startasl/mp4/show.mp4
exhibition, https://media.signbsl.com/videos/asl/youtube/mp4/_Qe5aAwlTPA.mp4
exhibitioner, https://media.signbsl.com/videos/asl/youtube/mp4/EFb9UcSfTLA.mp4
exhibitionism, https://player.vimeo.com/external/392025223.sd.mp4?s=440b721bf33244ac1b73d26a6ca0c6735399a6c2&profile_id=164
exhibitor, https://media.signbsl.com/videos/asl/youtube/mp4/EFb9UcSfTLA.mp4
exhilaration, https://media.signbsl.com/videos/asl/aslsignbank/mp4/EXCITED-1344.mp4
exhort, https://media.signbsl.com/videos/asl/ids/mp4/2013-11-1580-exhort-warn-1500k-ase.mp4
exhumation, https://media.signbsl.com/videos/asl/youtube/mp4/fM7QhVHffLg.mp4
exhume, https://media.signbsl.com/videos/asl/aslsearch/mp4/exhume.mp4
exigence, https://media.signbsl.com/videos/asl/youtube/mp4/Sva_WdojYWA.mp4
exigency, https://media.signbsl.com/videos/asl/startasl/mp4/emergency.mp4
exigent, https://media.signbsl.com/videos/asl/youtube/mp4/bKa3LekgYS8.mp4
exile, https://player.vimeo.com/external/391933133.sd.mp4?s=b9ea7aa8d1b69a4763f25a9d2974efe8e0f75f66&profile_id=164
exist, https://media.signbsl.com/videos/asl/aslsearch/mp4/exist.mp4
existence, https://media.signbsl.com/videos/asl/signlanguagestudent/mp4/universe.mp4
existent, https://media.signbsl.com/videos/asl/signlanguagestudent/mp4/real.mp4
existential, https://media.signbsl.com/videos/asl/youtube/mp4/PXSI9orEYJQ.mp4
existentialist, https://media.signbsl.com/videos/asl/youtube/mp4/3PmrnGFIC-I.mp4
exit, https://media.signbsl.com/videos/asl/aslsearch/mp4/exit.mp4
exobiologies, https://media.signbsl.com/videos/asl/youtube/mp4/VKle00PloXQ.mp4
exobiology, https://media.signbsl.com/videos/asl/youtube/mp4/VKle00PloXQ.mp4
exocytosis, https://media.signbsl.com/videos/asl/youtube/mp4/PRAk2zMa8TE.mp4
exodus, https://media.signbsl.com/videos/asl/valleybible/mp4/Exodus.mp4
exogamy, https://media.signbsl.com/videos/asl/youtube/mp4/BEsHRY7ZlVA.mp4
exonerate, https://media.signbsl.com/videos/asl/aslsearch/mp4/discharge.mp4
exonerated, https://media.signbsl.com/videos/asl/youtube/mp4/yv1I0CREdjY.mp4
exorbitance, https://media.signbsl.com/videos/asl/youtube/mp4/Ufj-A6RdkmQ.mp4
exorbitant, https://media.signbsl.com/videos/asl/youtube/mp4/ZETZTzEAn2w.mp4
exorcise, https://media.signbsl.com/videos/asl/youtube/mp4/lNukmg9cL-s.mp4
exorciser, https://media.signbsl.com/videos/asl/youtube/mp4/RvuLOhOE9G0.mp4
exorcist, https://media.signbsl.com/videos/asl/youtube/mp4/RvuLOhOE9G0.mp4
exorcize, https://media.signbsl.com/videos/asl/youtube/mp4/lNukmg9cL-s.mp4
exoskeleton, https://media.signbsl.com/videos/asl/elementalaslconcepts/mp4/exoskeleton.mp4
exosphere, https://media.signbsl.com/videos/asl/youtube/mp4/9p3R3ACx8DQ.mp4
exothermal, https://media.signbsl.com/videos/asl/youtube/mp4/ArjQV5VpOkw.mp4
exothermic, https://media.signbsl.com/videos/asl/youtube/mp4/ArjQV5VpOkw.mp4
exotic, https://media.signbsl.com/videos/asl/youtube/mp4/d1vKIDkmMo4.mp4
expand, https://media.signbsl.com/videos/asl/aslsignbank/mp4/EXPAND-1349.mp4
expandable, https://media.signbsl.com/videos/asl/youtube/mp4/VgibcCTEpHc.mp4
expanded form, https://media.signbsl.com/videos/asl/youtube/mp4/_DIE82RJSI4.mp4
expanded notation, https://media.signbsl.com/videos/asl/tsdvideo/mp4/222.mp4
expandible, https://media.signbsl.com/videos/asl/youtube/mp4/VgibcCTEpHc.mp4
expand on, https://media.signbsl.com/videos/asl/youtube/mp4/ebuh-dhctI4.mp4
expanse, https://media.signbsl.com/videos/asl/youtube/mp4/RDO8OkLoXEk.mp4
expansible, https://media.signbsl.com/videos/asl/youtube/mp4/VgibcCTEpHc.mp4
expansile, https://media.signbsl.com/videos/asl/youtube/mp4/VgibcCTEpHc.mp4
expansion, https://media.signbsl.com/videos/asl/tsdvideo/mp4/538b.mp4
expansionism, https://media.signbsl.com/videos/asl/youtube/mp4/1o0nO5AFxjo.mp4
expatiate, https://media.signbsl.com/videos/asl/aslsignbank/mp4/EXPAND-1349.mp4
expatriate, https://player.vimeo.com/external/391933133.sd.mp4?s=b9ea7aa8d1b69a4763f25a9d2974efe8e0f75f66&profile_id=164
expatriation, https://media.signbsl.com/videos/asl/elementalaslconcepts/mp4/emigration.mp4
expect, https://media.signbsl.com/videos/asl/aslsignbank/mp4/HOPE-1760.mp4
expectant, https://media.signbsl.com/videos/asl/youtube/mp4/YjGgjY2cKaM.mp4
expectation, https://media.signbsl.com/videos/asl/youtube/mp4/PoYF8CCs1Cg.mp4
expecting, https://media.signbsl.com/videos/asl/youtube/mp4/ntZEsjP3HzI.mp4
expectorant, https://media.signbsl.com/videos/asl/youtube/mp4/-S49IqepW8c.mp4
expectorate, https://media.signbsl.com/videos/asl/youtube/mp4/ft0RLJPiK24.mp4
expectorator, https://media.signbsl.com/videos/asl/youtube/mp4/-S49IqepW8c.mp4
expedience, https://media.signbsl.com/videos/asl/youtube/mp4/jTj6iVnQ4Qw.mp4
expedite, https://player.vimeo.com/external/392025623.sd.mp4?s=4bb4b4abcefc0f472b005a375ba37d855562e128&profile_id=164
expediter, https://media.signbsl.com/videos/asl/youtube/mp4/Nnn1kcPZ7gw.mp4
expedition, https://media.signbsl.com/videos/asl/aslsearch/mp4/excursion.mp4
expel, https://media.signbsl.com/videos/asl/aslsearch/mp4/expel.mp4
expend, https://media.signbsl.com/videos/asl/aslsignbank/mp4/SPEND-1102.mp4
expendable, https://media.signbsl.com/videos/asl/youtube/mp4/MxgiXbvPeVU.mp4
expended, https://media.signbsl.com/videos/asl/aslsignbank/mp4/NOT-A-THING-1558.mp4
expense, https://media.signbsl.com/videos/asl/aslsearch/mp4/expense.mp4
expensive, https://media.signbsl.com/videos/asl/startasl/mp4/expensive.mp4
experience, https://media.signbsl.com/videos/asl/aslsignbank/mp4/EXPERIENCE-789.mp4
experienced, https://media.signbsl.com/videos/asl/youtube/mp4/32Wm5DfLZ1c.mp4
experienced with, https://media.signbsl.com/videos/asl/youtube/mp4/KdjWUYiiWRs.mp4
experiential, https://media.signbsl.com/videos/asl/youtube/mp4/PXSI9orEYJQ.mp4
experiment, https://media.signbsl.com/videos/asl/aslsearch/mp4/experiment.mp4
experimental variable, https://media.signbsl.com/videos/asl/elementalaslconcepts/mp4/independent_variable.mp4
experimentation, https://media.signbsl.com/videos/asl/aslsearch/mp4/experiment.mp4
experimenter, https://media.signbsl.com/videos/asl/youtube/mp4/OUYOJ7EH8p4.mp4
expert, https://media.signbsl.com/videos/asl/aslsignbank/mp4/EXPERT-2482.mp4
expert witness, https://media.signbsl.com/videos/asl/aslsearch/mp4/expert-witness.mp4
expiate, https://media.signbsl.com/videos/asl/youtube/mp4/Tm5J22xvfHU.mp4
expiation, https://media.signbsl.com/videos/asl/signlanguagestudent/mp4/atonement.mp4
expiration, https://media.signbsl.com/videos/asl/youtube/mp4/dlhtnnZ6Xfk.mp4
expire, https://media.signbsl.com/videos/asl/aslsearch/mp4/die.mp4
expired, https://player.vimeo.com/external/392025890.sd.mp4?s=1831cfba2e7381a22b955280d1071d959dbc2498&profile_id=164
explain, https://media.signbsl.com/videos/asl/aslsearch/mp4/explain.mp4
explainable, https://media.signbsl.com/videos/asl/youtube/mp4/I-y8ahQPSGQ.mp4
explanation, https://media.signbsl.com/videos/asl/aslsignbank/mp4/PHILOSOPHY-895.mp4
explicate, https://media.signbsl.com/videos/asl/aslsearch/mp4/explain.mp4
explicit, https://media.signbsl.com/videos/asl/youtube/mp4/tcLVxhG48I4.mp4
explode, https://player.vimeo.com/external/392025993.sd.mp4?s=f4f9090f79bb4fc39b36b64c89c07003f22e31cf&profile_id=164
exploit, https://player.vimeo.com/external/392026079.sd.mp4?s=5071ca3f75f7a81950fc88356cbc88895ff279f2&profile_id=164
exploitable, https://media.signbsl.com/videos/asl/youtube/mp4/GuFD08v4PxM.mp4
exploiter, https://media.signbsl.com/videos/asl/youtube/mp4/XojFSmsw4RY.mp4
exploration, https://media.signbsl.com/videos/asl/elementalaslconcepts/mp4/exploration.mp4
explore, https://media.signbsl.com/videos/asl/aslsignbank/mp4/EXPLORE-816.mp4
explorer, https://media.signbsl.com/videos/asl/youtube/mp4/SRvXOm919B8.mp4
explosion, https://media.signbsl.com/videos/asl/aslsearch/mp4/explosion.mp4
expo, https://media.signbsl.com/videos/asl/youtube/mp4/WjjYlZa1zbc.mp4
exponent, https://media.signbsl.com/videos/asl/tsdvideo/mp4/546.mp4
exponential, https://player.vimeo.com/external/392030950.sd.mp4?s=17d9f15e510780d96b07cb2e5e93531637603bf6&profile_id=164
exponential function, https://media.signbsl.com/videos/asl/tsdvideo/mp4/1469.mp4
export, https://media.signbsl.com/videos/asl/aslsearch/mp4/export.mp4
exportable, https://media.signbsl.com/videos/asl/youtube/mp4/zNb0VZu_zEo.mp4
exporter, https://media.signbsl.com/videos/asl/youtube/mp4/pBAG1NZorrk.mp4
expose, https://media.signbsl.com/videos/asl/aslsearch/mp4/expose.mp4
exposed, https://media.signbsl.com/videos/asl/youtube/mp4/aoZhtGscSkM.mp4
exposed to the cold, https://media.signbsl.com/videos/asl/youtube/mp4/aoZhtGscSkM.mp4
exposit, https://media.signbsl.com/videos/asl/aslsignbank/mp4/EXPAND-1349.mp4
exposition, https://media.signbsl.com/videos/asl/youtube/mp4/WjjYlZa1zbc.mp4
expositive, https://media.signbsl.com/videos/asl/youtube/mp4/APl8Hf-ivc4.mp4
expositor, https://media.signbsl.com/videos/asl/youtube/mp4/pw8X_t_aQYc.mp4
expository, https://media.signbsl.com/videos/asl/youtube/mp4/APl8Hf-ivc4.mp4
expository writing, https://media.signbsl.com/videos/asl/elementalaslconcepts/mp4/expository_writing.mp4
ex post facto, https://media.signbsl.com/videos/asl/unoclimb/mp4/Z6PGLeVYp8w.mp4
expostulation, https://media.signbsl.com/videos/asl/youtube/mp4/WGXYGAjWpOI.mp4
exposure, https://media.signbsl.com/videos/asl/deaftec/mp4/971.mp4
exposure tech vulnerability, https://media.signbsl.com/videos/asl/deaftec/mp4/971.mp4
expound, https://media.signbsl.com/videos/asl/aslsignbank/mp4/EXPAND-1349.mp4
express, https://media.signbsl.com/videos/asl/aslsignbank/mp4/EXPRESS-1363.mp4
expressed, https://media.signbsl.com/videos/asl/youtube/mp4/tcLVxhG48I4.mp4
expressed breastmilk, https://player.vimeo.com/external/392031155.sd.mp4?s=bb21d42607ed71ea5fec69d9b6e83154406ebcbe&profile_id=164
expressible, https://media.signbsl.com/videos/asl/youtube/mp4/pEQ9RjU1340.mp4
expression, https://media.signbsl.com/videos/asl/tsdvideo/mp4/542.mp4
expression facial, https://media.signbsl.com/videos/asl/elementalaslconcepts/mp4/expression_facial.mp4
expressionism, https://media.signbsl.com/videos/asl/youtube/mp4/R7SvtT6HCk4.mp4
expressionless, https://media.signbsl.com/videos/asl/youtube/mp4/CFeZ6ukgpR8.mp4
express joy, https://media.signbsl.com/videos/asl/aslsearch/mp4/laugh.mp4
express mirth, https://media.signbsl.com/videos/asl/aslsearch/mp4/laugh.mp4
expressway, https://media.signbsl.com/videos/asl/startasl/mp4/freeway.mp4
expulsion, https://media.signbsl.com/videos/asl/aslsearch/mp4/expulsion.mp4
expunge, https://player.vimeo.com/external/392031393.sd.mp4?s=b82d5ceb226a1a0b140a707cf8c844bc2f1f48e7&profile_id=164
expurgate, https://media.signbsl.com/videos/asl/youtube/mp4/TQ5fwVhRz04.mp4
exquisite, https://media.signbsl.com/videos/asl/youtube/mp4/I98KuxWtndo.mp4
exsanguine, https://media.signbsl.com/videos/asl/youtube/mp4/rAtetffTMQQ.mp4
exsanguinous, https://media.signbsl.com/videos/asl/youtube/mp4/rAtetffTMQQ.mp4
ex serviceman, https://media.signbsl.com/videos/asl/youtube/mp4/rGKyb7-trS4.mp4
extavagent, https://media.signbsl.com/videos/asl/youtube/mp4/oyYz-n3iQT8.mp4
extemporaneous, https://media.signbsl.com/videos/asl/youtube/mp4/l0kBLGghYb8.mp4
extemporary, https://media.signbsl.com/videos/asl/youtube/mp4/l0kBLGghYb8.mp4
extempore, https://media.signbsl.com/videos/asl/youtube/mp4/l0kBLGghYb8.mp4
extemporisation, https://media.signbsl.com/videos/asl/youtube/mp4/mmNn-pxdzWw.mp4
extemporise, https://player.vimeo.com/external/392196259.sd.mp4?s=11802a9a90850abdda3f899a0c7567469b8caa64&profile_id=164
extemporization, https://media.signbsl.com/videos/asl/youtube/mp4/mmNn-pxdzWw.mp4
extemporize, https://player.vimeo.com/external/392196259.sd.mp4?s=11802a9a90850abdda3f899a0c7567469b8caa64&profile_id=164
extend, https://media.signbsl.com/videos/asl/aslsearch/mp4/extend.mp4
extendable, https://media.signbsl.com/videos/asl/youtube/mp4/SPSAW5GQwTA.mp4
extended acls cisco, https://media.signbsl.com/videos/asl/deaftec/mp4/972.mp4
extendible, https://media.signbsl.com/videos/asl/youtube/mp4/SPSAW5GQwTA.mp4
extension, https://media.signbsl.com/videos/asl/youtube/mp4/Hj5oLX_SuZo.mp4
extensive, https://media.signbsl.com/videos/asl/aslsearch/mp4/extensive.mp4
extent, https://media.signbsl.com/videos/asl/youtube/mp4/XXkm9fxd4Xw.mp4
extenuate, https://media.signbsl.com/videos/asl/youtube/mp4/WAcP3wZLXQo.mp4
exterior, https://media.signbsl.com/videos/asl/aslsignbank/mp4/OUTSIDE-209.mp4
exteriorisation, https://media.signbsl.com/videos/asl/youtube/mp4/-2dWT28wbok.mp4
exteriorise, https://media.signbsl.com/videos/asl/youtube/mp4/qfvrn6MzKTI.mp4
exteriorization, https://media.signbsl.com/videos/asl/youtube/mp4/-2dWT28wbok.mp4
exteriorize, https://media.signbsl.com/videos/asl/youtube/mp4/qfvrn6MzKTI.mp4
exterminate, https://media.signbsl.com/videos/asl/youtube/mp4/HM1ON_XCp-M.mp4
exterminator, https://media.signbsl.com/videos/asl/youtube/mp4/pX9LOkuASSQ.mp4
external, https://media.signbsl.com/videos/asl/mariekatzenbachschool/mp4/external.mp4
externalisation, https://media.signbsl.com/videos/asl/youtube/mp4/-2dWT28wbok.mp4
externalise, https://media.signbsl.com/videos/asl/youtube/mp4/qfvrn6MzKTI.mp4
externalization, https://media.signbsl.com/videos/asl/youtube/mp4/-2dWT28wbok.mp4
externalize, https://media.signbsl.com/videos/asl/youtube/mp4/qfvrn6MzKTI.mp4
external respiration, https://player.vimeo.com/external/392648663.sd.mp4?s=42ea7c8654c8c7c6c85f1137c2598808d1c1663a&profile_id=164
exterritorial, https://media.signbsl.com/videos/asl/youtube/mp4/tyBJpgSKsRA.mp4
extinct, https://media.signbsl.com/videos/asl/aslsearch/mp4/extinct.mp4
extinguish, https://media.signbsl.com/videos/asl/youtube/mp4/hgl3OqvrjSU.mp4
extinguishable, https://media.signbsl.com/videos/asl/youtube/mp4/2r3_RshBsH4.mp4
extinguisher, https://media.signbsl.com/videos/asl/AustinCommunityCollege/mp4/weld_extinguisher_.mp4
extirpate, https://media.signbsl.com/videos/asl/youtube/mp4/HM1ON_XCp-M.mp4
extirpation, https://player.vimeo.com/external/392026161.sd.mp4?s=0dd4995750a4c57f1532749baadc3e57a97a1889&profile_id=164
extol, https://media.signbsl.com/videos/asl/signlanguagestudent/mp4/glorify.mp4
extort, https://media.signbsl.com/videos/asl/youtube/mp4/y8g7NMR3CvU.mp4
extortionate, https://media.signbsl.com/videos/asl/youtube/mp4/ZETZTzEAn2w.mp4
extortioner, https://media.signbsl.com/videos/asl/youtube/mp4/kMH4WeFDG7g.mp4
extortionist, https://media.signbsl.com/videos/asl/youtube/mp4/kMH4WeFDG7g.mp4
extra, https://media.signbsl.com/videos/asl/aslsearch/mp4/excess.mp4
extract, https://media.signbsl.com/videos/asl/aslsearch/mp4/pull-out.mp4
extract a tooth, https://media.signbsl.com/videos/asl/youtube/mp4/prDI_PLL10g.mp4
extraction, https://media.signbsl.com/videos/asl/deaftec/mp4/1376.mp4
extractor, https://media.signbsl.com/videos/asl/youtube/mp4/RRF8xaK7kPg.mp4
extracurricular, https://media.signbsl.com/videos/asl/youtube/mp4/vQj7wlF3taU.mp4
extraditable, https://media.signbsl.com/videos/asl/youtube/mp4/e8nLYWUlKkk.mp4
extradite, https://media.signbsl.com/videos/asl/youtube/mp4/h3IEkFyNssk.mp4
extragalactic nebula, https://media.signbsl.com/videos/asl/aslsearch/mp4/galaxy.mp4
extrajudicial, https://media.signbsl.com/videos/asl/youtube/mp4/C95PHe593bM.mp4
extra large, https://player.vimeo.com/external/392673347.sd.mp4?s=f7044a4ae32ab1f4b8ca678a4ae79dd557faaf9f&profile_id=164
extralegal, https://media.signbsl.com/videos/asl/youtube/mp4/NZO3JofRqnc.mp4
extramarital, https://media.signbsl.com/videos/asl/youtube/mp4/vQj7wlF3taU.mp4
extramural, https://media.signbsl.com/videos/asl/youtube/mp4/iYTCUWbhkPM.mp4
extraneous, https://media.signbsl.com/videos/asl/youtube/mp4/gTXBm7iKGJ0.mp4
extraneous solution, https://media.signbsl.com/videos/asl/youtube/mp4/lrojQHU_3X0.mp4
extraordinary, https://media.signbsl.com/videos/asl/aslbricks/mp4/extraordinary.mp4
extrapolate, https://media.signbsl.com/videos/asl/youtube/mp4/lNIzjynTbg0.mp4
extrasensory, https://media.signbsl.com/videos/asl/youtube/mp4/qLQu0DUlB4M.mp4
extrasensory perception, https://media.signbsl.com/videos/asl/youtube/mp4/lhYgHC5FSK0.mp4
extraterrestrial, https://player.vimeo.com/external/392034226.sd.mp4?s=ed2e451a15d5d62b0fc64c2fb0ae3f4e97c20f5f&profile_id=164
extraterritorial, https://media.signbsl.com/videos/asl/youtube/mp4/tyBJpgSKsRA.mp4
extravagance, https://media.signbsl.com/videos/asl/youtube/mp4/UKViYxZ0tRc.mp4
extravagant, https://player.vimeo.com/external/392034274.sd.mp4?s=14f59f575da604d640712b9f4b0a714768c4f030&profile_id=164
extravaganza, https://media.signbsl.com/videos/asl/youtube/mp4/v4hNQ59UP-w.mp4
extravasate, https://media.signbsl.com/videos/asl/aslsearch/mp4/erupt.mp4
extravehicular, https://media.signbsl.com/videos/asl/youtube/mp4/ldZGmMIYBJc.mp4
extraversion, https://media.signbsl.com/videos/asl/youtube/mp4/veeZ1kxvmWo.mp4
extreme, https://media.signbsl.com/videos/asl/aslsignbank/mp4/SERIOUS-2014.mp4
extreme cold, https://player.vimeo.com/external/392673441.sd.mp4?s=5ca08f300f2b9e67f32cd7a3f76e2e90aa51a99d&profile_id=164
extremely, https://media.signbsl.com/videos/asl/youtube/mp4/E2UjwtZb7ZY.mp4
extremely strict, https://media.signbsl.com/videos/asl/youtube/mp4/C_1to5rsmkk.mp4
Extremely Tall, https://player.vimeo.com/external/392673473.sd.mp4?s=7c702e0cc175dde06e1a3927c4b4a3c7c3c8eabc&profile_id=164
extremer, https://media.signbsl.com/videos/asl/youtube/mp4/XCyXYvP-G8w.mp4
extreme right winger, https://media.signbsl.com/videos/asl/youtube/mp4/gwcV6pKa5mA.mp4
extremist, https://media.signbsl.com/videos/asl/deaftec-math/mp4/70D-1.mp4
extremities, https://media.signbsl.com/videos/asl/youtube/mp4/ppcFQ9-L9fQ.mp4
extremity, https://media.signbsl.com/videos/asl/youtube/mp4/ppcFQ9-L9fQ.mp4
extremum, https://media.signbsl.com/videos/asl/aslsearch/mp4/peak.mp4
extricable, https://media.signbsl.com/videos/asl/youtube/mp4/8MUuDxLUWnM.mp4
extricate, https://media.signbsl.com/videos/asl/youtube/mp4/Bta4nB-NNTc.mp4
extrinsic, https://media.signbsl.com/videos/asl/youtube/mp4/KTHwDKN487g.mp4
extroversion, https://media.signbsl.com/videos/asl/youtube/mp4/veeZ1kxvmWo.mp4
extroverted, https://media.signbsl.com/videos/asl/youtube/mp4/p6KU_EndBAs.mp4
extrusion, https://media.signbsl.com/videos/asl/youtube/mp4/nDFUdAsRmGg.mp4
extrusive, https://media.signbsl.com/videos/asl/youtube/mp4/OF889O_GKgs.mp4
exuberance, https://media.signbsl.com/videos/asl/signlanguagestudent/mp4/enthusiasm.mp4
exudate, https://player.vimeo.com/external/392034312.sd.mp4?s=50d7f740b7b0e0e085fe5fac2ac00c2e06ec7bf8&profile_id=164
exudation, https://media.signbsl.com/videos/asl/youtube/mp4/0jdJTv36X_4.mp4
exude, https://player.vimeo.com/external/392034312.sd.mp4?s=50d7f740b7b0e0e085fe5fac2ac00c2e06ec7bf8&profile_id=164
exultant, https://media.signbsl.com/videos/asl/youtube/mp4/XfzmQmSvXlg.mp4
exulting, https://media.signbsl.com/videos/asl/youtube/mp4/XfzmQmSvXlg.mp4
eye, https://media.signbsl.com/videos/asl/aslsearch/mp4/eye.mp4
eyeball, https://player.vimeo.com/external/392043925.sd.mp4?s=d4e7f1507cd643cb5c127ab484158ebb0f78a58e&profile_id=164
eyeball to eyeball, https://media.signbsl.com/videos/asl/youtube/mp4/NLiVXBybsco.mp4
eyebrow, https://media.signbsl.com/videos/asl/aslsearch/mp4/eyebrow.mp4
eyebrows, https://media.signbsl.com/videos/asl/aslsearch/mp4/eyebrow.mp4
eye candy, https://media.signbsl.com/videos/asl/youtube/mp4/E-3HIRc8AUE.mp4
eye contact, https://player.vimeo.com/external/392043823.sd.mp4?s=6da9a4b480133d5e144371a84ec0632f1ea930c2&profile_id=164
eye drop, https://media.signbsl.com/videos/asl/youtube/mp4/VtSoPzkRG7o.mp4
eyedrop, https://media.signbsl.com/videos/asl/youtube/mp4/VtSoPzkRG7o.mp4
eyedropper, NA
eyeful, https://media.signbsl.com/videos/asl/youtube/mp4/3rt3W1xM5Mo.mp4
eyeglass, https://media.signbsl.com/videos/asl/youtube/mp4/uNL2y-mGo7Q.mp4
eyeglasses, https://media.signbsl.com/videos/asl/startasl/mp4/glasses-2.mp4
eyelash, https://media.signbsl.com/videos/asl/aslsearch/mp4/eyelashes.mp4
eyelashes, https://media.signbsl.com/videos/asl/aslsearch/mp4/eyelashes.mp4
eyelash extensions, https://player.vimeo.com/external/392044028.sd.mp4?s=40165b4c05cd91b61333697de251c679711bb080&profile_id=164
eyeless, https://media.signbsl.com/videos/asl/youtube/mp4/imzJZJc5WiA.mp4
eyelid, https://media.signbsl.com/videos/asl/youtube/mp4/udAS7aR4dvc.mp4
eye like an eagle, https://media.signbsl.com/videos/asl/youtube/mp4/iwFZc1d4uJA.mp4
eyeliner, https://media.signbsl.com/videos/asl/youtube/mp4/Sdlv3Ad2A1g.mp4
eye makeup, https://media.signbsl.com/videos/asl/aslsignbank/mp4/MASCARA-2996.mp4
eye opener, https://media.signbsl.com/videos/asl/youtube/mp4/7hYbYrcY5DY.mp4
eye opening, https://player.vimeo.com/external/392043883.sd.mp4?s=34740432813e59951c4c7ab8b2b4b3035adea454&profile_id=164
eye patch, https://media.signbsl.com/videos/asl/aslsignbank/mp4/EYE-PATCH-2596.mp4
eyepatch, https://media.signbsl.com/videos/asl/aslsignbank/mp4/EYE-PATCH-2596.mp4
eyepiece, https://player.vimeo.com/external/392044148.sd.mp4?s=50c1ff9a6f1b20c85a49156787cc8125b48566c4&profile_id=164
eye pop out, https://media.signbsl.com/videos/asl/youtube/mp4/hdz6o4Htb4g.mp4
eyes, https://media.signbsl.com/videos/asl/aslsearch/mp4/eye.mp4
eyes go away, https://media.signbsl.com/videos/asl/youtube/mp4/etGcvX4zv_Y.mp4
eyeshade, https://media.signbsl.com/videos/asl/youtube/mp4/3SW1158xik8.mp4
eyeshadow, https://media.signbsl.com/videos/asl/youtube/mp4/KmRYBtHxtmI.mp4
eyesight, https://media.signbsl.com/videos/asl/youtube/mp4/WPXRJo-mGKE.mp4
eyes open, https://media.signbsl.com/videos/asl/youtube/mp4/6zjFnnziSKg.mp4
eyesore, https://player.vimeo.com/external/392044198.sd.mp4?s=e83af5a98143731d2923ee91c7bfbda6ff22977a&profile_id=164
eyes pop out, https://media.signbsl.com/videos/asl/youtube/mp4/RMWLpwKRfF0.mp4
eyestrain, https://media.signbsl.com/videos/asl/youtube/mp4/94xg7by-rB0.mp4
eyeth, https://media.signbsl.com/videos/asl/youtube/mp4/lUTNXtOUT_c.mp4
eyewitness, https://media.signbsl.com/videos/asl/youtube/mp4/tqjlkI4Qisg.mp4
eyrie, https://media.signbsl.com/videos/asl/youtube/mp4/gxRiEG1n0N8.mp4
eyry, https://media.signbsl.com/videos/asl/youtube/mp4/gxRiEG1n0N8.mp4
Ezechiel, https://media.signbsl.com/videos/asl/valleybible/mp4/Ezekiel.mp4
ezed, https://media.signbsl.com/videos/asl/aslsignbank/mp4/LETTER-Z-1652.mp4
Ezekiel, https://media.signbsl.com/videos/asl/valleybible/mp4/Ezekiel.mp4
