G, https://media.signbsl.com/videos/asl/aslsignbank/mp4/LETTER-G-1670.mp4
GA, https://media.signbsl.com/videos/asl/youtube/mp4/KXdagT4O0KM.mp4
gab, https://media.signbsl.com/videos/asl/youtube/mp4/3hA2liUUPTI.mp4
gabber, https://media.signbsl.com/videos/asl/youtube/mp4/uijisoCRZ7c.mp4
gabbiness, https://media.signbsl.com/videos/asl/youtube/mp4/NYTtCzlb0So.mp4
gabble, https://player.vimeo.com/external/395755650.sd.mp4?s=e614f7ba9f29061f03aa1ebe5b2ac124960ff956&profile_id=164
gabby, https://player.vimeo.com/external/392872249.sd.mp4?s=d625aaffa0d1ffcdfe7f5bd05369fceb65ed7606&profile_id=164
gabfest, https://media.signbsl.com/videos/asl/youtube/mp4/3hA2liUUPTI.mp4
Gabon, https://media.signbsl.com/videos/asl/youtube/mp4/dzWEDN8Gi5w.mp4
Gabonese Republic, https://media.signbsl.com/videos/asl/youtube/mp4/dzWEDN8Gi5w.mp4
Gabriel Daniel Fahrenheit, https://media.signbsl.com/videos/asl/tsdvideo/mp4/129.mp4
Gabun, https://media.signbsl.com/videos/asl/youtube/mp4/dzWEDN8Gi5w.mp4
gad, https://media.signbsl.com/videos/asl/youtube/mp4/dbdzEwxIiuw.mp4
gadfly, https://player.vimeo.com/external/392404962.sd.mp4?s=68dc0b8a12245f77b68a35012bf47a0717f09204&profile_id=164
gadget, https://media.signbsl.com/videos/asl/youtube/mp4/CFd-vgfyGog.mp4
Gaelic, https://media.signbsl.com/videos/asl/youtube/mp4/meYqQ7W8z6k.mp4
gaffe, https://player.vimeo.com/external/392141576.sd.mp4?s=12f7615ba75b5fc87d8d478645cbce6a46cc7dd2&profile_id=164
gaffer, https://media.signbsl.com/videos/asl/youtube/mp4/C53_L2f_ZyI.mp4
gag, https://media.signbsl.com/videos/asl/aslsignbank/mp4/TEASE-1180.mp4
gaga, https://media.signbsl.com/videos/asl/youtube/mp4/1Ft_uHRJMeE.mp4
gage, https://media.signbsl.com/videos/asl/youtube/mp4/FdUZb3NFrj0.mp4
gagglecrowd, https://media.signbsl.com/videos/asl/youtube/mp4/J_EVAyCFn0A.mp4
gaiety, https://media.signbsl.com/videos/asl/youtube/mp4/bg5MXVnk1vA.mp4
gain, https://media.signbsl.com/videos/asl/aslsearch/mp4/earn.mp4
gainful, https://media.signbsl.com/videos/asl/youtube/mp4/2LMawcEi1h4.mp4
gaining ground progress, https://media.signbsl.com/videos/asl/youtube/mp4/fr1TdwU4RvY.mp4
gain weight, https://media.signbsl.com/videos/asl/startasl/mp4/gain-weight.mp4
gait, https://media.signbsl.com/videos/asl/aslsearch/mp4/pace.mp4
gal, NA
gala, https://media.signbsl.com/videos/asl/youtube/mp4/agnnlvA57B8.mp4
gala affair, https://media.signbsl.com/videos/asl/youtube/mp4/agnnlvA57B8.mp4
galactic, https://media.signbsl.com/videos/asl/youtube/mp4/m4rYQKHBVWg.mp4
galaxy, https://media.signbsl.com/videos/asl/aslsearch/mp4/galaxy.mp4
gale, https://media.signbsl.com/videos/asl/aslsearch/mp4/gale.mp4
gall, https://media.signbsl.com/videos/asl/youtube/mp4/Z1ZvnlL8LSs.mp4
gallant, https://media.signbsl.com/videos/asl/youtube/mp4/PQ-FnBTjzKw.mp4
gallantry, https://media.signbsl.com/videos/asl/youtube/mp4/41XUDo41hAA.mp4
Gallaudet, https://media.signbsl.com/videos/asl/aslsignbank/mp4/GALLAUDET-2925.mp4
gallaudet revolution of 1988, https://player.vimeo.com/external/392141623.sd.mp4?s=09e1f9a465e29f059de0c86e61f12f4b3f4174eb&profile_id=164
gallaudet university, https://player.vimeo.com/external/392141639.sd.mp4?s=47ae3c4dedde0f53995292a4b56201741c7f9785&profile_id=164
Galleria, https://media.signbsl.com/videos/asl/youtube/mp4/4ciGiUSfQws.mp4
gallery, https://player.vimeo.com/external/391169322.sd.mp4?s=8f2e52b24816af7bca72691b0a56b4f22f584b28&profile_id=164
galley, https://media.signbsl.com/videos/asl/youtube/mp4/U3e4L5F5ipI.mp4
galley slave, https://media.signbsl.com/videos/asl/youtube/mp4/M2lXc_3P77M.mp4
Gallic, https://media.signbsl.com/videos/asl/signlanguagestudent/mp4/french.mp4
galling, https://media.signbsl.com/videos/asl/startasl/mp4/annoying.mp4
gallivant, https://media.signbsl.com/videos/asl/youtube/mp4/dbdzEwxIiuw.mp4
gallon, https://media.signbsl.com/videos/asl/tsdvideo/mp4/459.mp4
gallop, https://media.signbsl.com/videos/asl/aslsignbank/mp4/RIDE-974.mp4
gallus, https://media.signbsl.com/videos/asl/aslsearch/mp4/suspenders.mp4
Gallus gallus, https://media.signbsl.com/videos/asl/startasl/mp4/chicken.mp4
galore, NA
galosh, https://media.signbsl.com/videos/asl/youtube/mp4/yGZwRCNdOmM.mp4
galoshes, https://media.signbsl.com/videos/asl/youtube/mp4/yGZwRCNdOmM.mp4
galvanic, https://media.signbsl.com/videos/asl/youtube/mp4/ssmn1U6MPKw.mp4
galvanise, https://player.vimeo.com/external/392141708.sd.mp4?s=21a91cef8fadfa449480fe891c475eef7876c799&profile_id=164
galvanize, https://player.vimeo.com/external/392141708.sd.mp4?s=21a91cef8fadfa449480fe891c475eef7876c799&profile_id=164
galvanometer, https://media.signbsl.com/videos/asl/youtube/mp4/o9LSPSmJO3s.mp4
Gambia, https://media.signbsl.com/videos/asl/youtube/mp4/uv_AfS7J8Eo.mp4
gambit, https://media.signbsl.com/videos/asl/youtube/mp4/ZIAuUTetaLs.mp4
gamble, https://media.signbsl.com/videos/asl/aslsearch/mp4/gamble.mp4
gambler, https://media.signbsl.com/videos/asl/youtube/mp4/K8ERuzIR7z8.mp4
gambling casino, https://player.vimeo.com/external/392649524.sd.mp4?s=810078dd00ab71fdb900e722191c6bbfa8cff925&profile_id=164
gambol, https://media.signbsl.com/videos/asl/youtube/mp4/Xuf_VyrFYos.mp4
game, https://media.signbsl.com/videos/asl/startasl/mp4/game.mp4
gamekeeper, https://media.signbsl.com/videos/asl/youtube/mp4/9LUe10rZa0Y.mp4
gamelike, https://media.signbsl.com/videos/asl/youtube/mp4/liSFXSnkZfM.mp4
gameness, https://media.signbsl.com/videos/asl/youtube/mp4/jsRDY2Tw50E.mp4
game night, https://player.vimeo.com/external/392678193.sd.mp4?s=0ae9d753d2b310c57792fdb2ff977eaaa7b71aeb&profile_id=164
gamer, https://media.signbsl.com/videos/asl/youtube/mp4/k1r4UgqYGU4.mp4
game ready for challenge, https://media.signbsl.com/videos/asl/youtube/mp4/VuKEZ-EADTk.mp4
game room, https://media.signbsl.com/videos/asl/youtube/mp4/pUzLvVkwN9U.mp4
gamesmanship, https://media.signbsl.com/videos/asl/youtube/mp4/8cla9nl7O7M.mp4
gamete, https://media.signbsl.com/videos/asl/youtube/mp4/JYayaXbxeO0.mp4
game warden, https://media.signbsl.com/videos/asl/youtube/mp4/9LUe10rZa0Y.mp4
gamey, https://media.signbsl.com/videos/asl/youtube/mp4/JJzrbPsloOw.mp4
gamin, https://media.signbsl.com/videos/asl/youtube/mp4/dImgOCnixOQ.mp4
gamma radiation, https://media.signbsl.com/videos/asl/youtube/mp4/FXDpxrY6AuA.mp4
gamma ray, https://media.signbsl.com/videos/asl/youtube/mp4/FXDpxrY6AuA.mp4
gammel dansk, https://player.vimeo.com/external/392141910.sd.mp4?s=adb8c7438c52caaa3fd563c47d5205a155831ccc&profile_id=164
gammon, https://player.vimeo.com/external/392680390.sd.mp4?s=bd5fc209cf0a4b113f6b90b207046e4132effa07&profile_id=164
gamp, https://media.signbsl.com/videos/asl/youtube/mp4/YLVTFEVfJ2Q.mp4
gamut, https://media.signbsl.com/videos/asl/youtube/mp4/r78feQrAoTw.mp4
gamy, https://media.signbsl.com/videos/asl/youtube/mp4/JJzrbPsloOw.mp4
gander, https://media.signbsl.com/videos/asl/youtube/mp4/yaoN6K7a9Eo.mp4
gang, https://media.signbsl.com/videos/asl/aslsearch/mp4/gang.mp4
ganglier, https://media.signbsl.com/videos/asl/youtube/mp4/hBS-WQfLoT4.mp4
gangling, https://media.signbsl.com/videos/asl/youtube/mp4/Ak4Hi7N2ZTY.mp4
gangly, https://media.signbsl.com/videos/asl/youtube/mp4/Ak4Hi7N2ZTY.mp4
gangrene, https://media.signbsl.com/videos/asl/youtube/mp4/pBA1UqpOZe4.mp4
gangway, https://media.signbsl.com/videos/asl/aslsearch/mp4/aisle.mp4
ganja, https://media.signbsl.com/videos/asl/aslsearch/mp4/marijuana.mp4
gantlet, https://media.signbsl.com/videos/asl/youtube/mp4/FtE8jaxFAtc.mp4
gaol, https://media.signbsl.com/videos/asl/aslsearch/mp4/jail.mp4
gaolbreak, https://player.vimeo.com/external/391213520.sd.mp4?s=ea97520e073af66560fb6d55ec62b99d5cc1c26a&profile_id=164
gaoler, https://media.signbsl.com/videos/asl/youtube/mp4/yQw6SuQOLdU.mp4
gap, https://media.signbsl.com/videos/asl/aslsearch/mp4/gap.mp4
gape, https://media.signbsl.com/videos/asl/youtube/mp4/iVVzCzHuqoE.mp4
gap toothed, https://player.vimeo.com/external/392141950.sd.mp4?s=44e13b63f5a57867a345a218532689752cd29768&profile_id=164
garage, https://media.signbsl.com/videos/asl/startasl/mp4/garage.mp4
garb, https://media.signbsl.com/videos/asl/aslsearch/mp4/garment.mp4
garbage, https://media.signbsl.com/videos/asl/aslsignbank/mp4/GARBAGE-3232.mp4
garbage can, https://media.signbsl.com/videos/asl/aslsearch/mp4/trash-can.mp4
garbage collector, https://media.signbsl.com/videos/asl/youtube/mp4/McDhJWgHRiA.mp4
garbage disposal, https://player.vimeo.com/external/392678213.sd.mp4?s=3aa4b1ef40063c8dc43976b1cab6946acd7c23ee&profile_id=164
garbage down, https://media.signbsl.com/videos/asl/youtube/mp4/cnlcyMb4LpM.mp4
garbage man, https://media.signbsl.com/videos/asl/youtube/mp4/McDhJWgHRiA.mp4
garble, https://media.signbsl.com/videos/asl/youtube/mp4/zxxGNhIjZ6U.mp4
garbled, https://media.signbsl.com/videos/asl/youtube/mp4/2a3tVs49KHg.mp4
garboil, https://media.signbsl.com/videos/asl/youtube/mp4/xKu74JkTne8.mp4
garden, https://media.signbsl.com/videos/asl/aslsearch/mp4/garden.mp4
garden cart, https://media.signbsl.com/videos/asl/aslsearch/mp4/wheelbarrow.mp4
gardener, https://media.signbsl.com/videos/asl/aslsearch/mp4/gardener.mp4
gardening, https://media.signbsl.com/videos/asl/startasl/mp4/gardening.mp4
Garden of Eden, https://media.signbsl.com/videos/asl/ids/mp4/2013-11-1900-garden-of-eden-1500k-ase.mp4
Garden State, https://media.signbsl.com/videos/asl/youtube/mp4/c6BsD6At1R0.mp4
gargantuan, https://media.signbsl.com/videos/asl/aslsearch/mp4/jumbo.mp4
gargle, https://media.signbsl.com/videos/asl/youtube/mp4/hHJzZyji2qw.mp4
garishly, https://media.signbsl.com/videos/asl/youtube/mp4/HYQlZpja1W8.mp4
garishness, https://media.signbsl.com/videos/asl/youtube/mp4/N9yhABLu82I.mp4
garland, https://media.signbsl.com/videos/asl/aslsearch/mp4/wreath.mp4
garlic, https://media.signbsl.com/videos/asl/thefamilyvocab/mp4/garlic.mp4
garment, https://media.signbsl.com/videos/asl/ids/mp4/2013-11-1910-garment-1500k-ase.mp4
garner, https://media.signbsl.com/videos/asl/youtube/mp4/jujsju5y-iw.mp4
garnish, https://player.vimeo.com/external/392142079.sd.mp4?s=4faecc6e455557c7fb9a6a93bad00543c8ccbdad&profile_id=164
garote, https://media.signbsl.com/videos/asl/youtube/mp4/eKb93U127Uk.mp4
garret, https://media.signbsl.com/videos/asl/startasl/mp4/attic.mp4
garrison, https://media.signbsl.com/videos/asl/youtube/mp4/utm1DIY_5zg.mp4
garroter, https://player.vimeo.com/external/395747285.sd.mp4?s=26f767733765852dec8e7c5c2aadf0cc544e43d9&profile_id=164
garrotter, https://player.vimeo.com/external/395747285.sd.mp4?s=26f767733765852dec8e7c5c2aadf0cc544e43d9&profile_id=164
garrulity, https://media.signbsl.com/videos/asl/youtube/mp4/7iwio9fffuQ.mp4
garrulous, https://player.vimeo.com/external/392872249.sd.mp4?s=d625aaffa0d1ffcdfe7f5bd05369fceb65ed7606&profile_id=164
garrulousness, https://media.signbsl.com/videos/asl/youtube/mp4/7iwio9fffuQ.mp4
gas, https://media.signbsl.com/videos/asl/startasl/mp4/gas.mp4
gasconade, https://media.signbsl.com/videos/asl/aslsearch/mp4/brag.mp4
gaseous, https://media.signbsl.com/videos/asl/elementalaslconcepts/mp4/gaseous.mp4
gash, https://media.signbsl.com/videos/asl/aslsignbank/mp4/SCRATCH-249.mp4
gas helmet, https://player.vimeo.com/external/392440659.sd.mp4?s=37ce5ee8f5f8f634fe533ccbf2dbc533ae8688d4&profile_id=164
gasket, https://media.signbsl.com/videos/asl/AustinCommunityCollege/mp4/auto_gasket_.mp4
gasman, https://media.signbsl.com/videos/asl/youtube/mp4/koKNP9aN57I.mp4
gasmask, https://player.vimeo.com/external/392440659.sd.mp4?s=37ce5ee8f5f8f634fe533ccbf2dbc533ae8688d4&profile_id=164
gasolene, https://player.vimeo.com/external/392142154.sd.mp4?s=6d1e3f780d5296774299a1d1d24de28711db8843&profile_id=164
gasoline, https://player.vimeo.com/external/392142154.sd.mp4?s=6d1e3f780d5296774299a1d1d24de28711db8843&profile_id=164
gasoline pump, https://media.signbsl.com/videos/asl/aslsearch/mp4/gas-pump.mp4
gasoline station, https://media.signbsl.com/videos/asl/aslsearch/mp4/gas-station.mp4
gasoline tank, https://media.signbsl.com/videos/asl/youtube/mp4/cV65ZVQ-uHU.mp4
gasp, https://media.signbsl.com/videos/asl/aslsearch/mp4/gasp.mp4
gas pedal, https://media.signbsl.com/videos/asl/aslsignbank/mp4/GUN-2932.mp4
gas pump, https://media.signbsl.com/videos/asl/aslsearch/mp4/gas-pump.mp4
gas station, https://media.signbsl.com/videos/asl/aslsearch/mp4/gas-station.mp4
gassy, https://media.signbsl.com/videos/asl/youtube/mp4/oVGemU8M-pA.mp4
gas tank, https://media.signbsl.com/videos/asl/youtube/mp4/cV65ZVQ-uHU.mp4
gas tank is full, https://player.vimeo.com/external/392678306.sd.mp4?s=4149ec8b708be54c53d12cb2e46fec5103a22990&profile_id=164
gas tight, https://media.signbsl.com/videos/asl/youtube/mp4/ZMUNnw0uOGQ.mp4
gastralgia, https://media.signbsl.com/videos/asl/aslsearch/mp4/stomach-ache.mp4
gastric antacid, https://media.signbsl.com/videos/asl/youtube/mp4/w_oTMLVSJnA.mp4
gastronome, https://media.signbsl.com/videos/asl/youtube/mp4/BhaQAUfJiew.mp4
gastropod, https://media.signbsl.com/videos/asl/youtube/mp4/w3W2sg8MzrQ.mp4
gasworks, https://media.signbsl.com/videos/asl/youtube/mp4/H_dnOQfHgGw.mp4
gate, https://media.signbsl.com/videos/asl/aslsearch/mp4/gate.mp4
gatecrash, NA
gatecrasher, https://media.signbsl.com/videos/asl/youtube/mp4/IbhNS4B-OcU.mp4
gatefold, https://media.signbsl.com/videos/asl/youtube/mp4/tEFm6CvnSKA.mp4
gatekeeper, https://media.signbsl.com/videos/asl/youtube/mp4/W2QiXe302Zk.mp4
gateway, https://media.signbsl.com/videos/asl/deaftec/mp4/982.mp4
Gateway to the West, https://media.signbsl.com/videos/asl/elementalaslconcepts/mp4/gateway_to_the_west.mp4
gather, https://media.signbsl.com/videos/asl/aslsignbank/mp4/INCREASE-2424.mp4
gatherer, https://media.signbsl.com/videos/asl/youtube/mp4/1cOHnIknlCw.mp4
gathering, https://media.signbsl.com/videos/asl/ids/mp4/2013-11-1920-gathering-1500k-ase.mp4
gather up, https://media.signbsl.com/videos/asl/youtube/mp4/Sm63yBONEoo.mp4
gator, https://media.signbsl.com/videos/asl/aslsignbank/mp4/CROCODILE-403.mp4
gauche, https://media.signbsl.com/videos/asl/youtube/mp4/AvOqGBKKUoc.mp4
gaucherie, https://player.vimeo.com/external/392141576.sd.mp4?s=12f7615ba75b5fc87d8d478645cbce6a46cc7dd2&profile_id=164
gaud, https://media.signbsl.com/videos/asl/youtube/mp4/8c3y_SC0J4Y.mp4
gaudily, https://media.signbsl.com/videos/asl/youtube/mp4/HYQlZpja1W8.mp4
gaudiness, https://media.signbsl.com/videos/asl/youtube/mp4/N9yhABLu82I.mp4
gaudy, https://media.signbsl.com/videos/asl/youtube/mp4/cJcGG03Iqso.mp4
gauge, https://media.signbsl.com/videos/asl/tsdvideo/mp4/397.mp4
gaunt, https://media.signbsl.com/videos/asl/youtube/mp4/Vj8jma8Zt80.mp4
gauntlet, https://media.signbsl.com/videos/asl/youtube/mp4/FtE8jaxFAtc.mp4
Gaussian curve, https://media.signbsl.com/videos/asl/tsdvideo/mp4/1505.mp4
Gaussian shape, https://media.signbsl.com/videos/asl/tsdvideo/mp4/1505.mp4
Gautama, https://player.vimeo.com/external/391218422.sd.mp4?s=256ceed1693360056e95b9477d29cd27e7ba8b73&profile_id=164
Gautama Buddha, https://player.vimeo.com/external/391218422.sd.mp4?s=256ceed1693360056e95b9477d29cd27e7ba8b73&profile_id=164
Gautama Siddhartha, https://player.vimeo.com/external/391218422.sd.mp4?s=256ceed1693360056e95b9477d29cd27e7ba8b73&profile_id=164
gauzier, https://media.signbsl.com/videos/asl/youtube/mp4/T3wPt6kpuUc.mp4
gauziness, https://media.signbsl.com/videos/asl/youtube/mp4/80JilORgAuA.mp4
gave, https://media.signbsl.com/videos/asl/youtube/mp4/1jiE_XdkwRc.mp4
gave a gift, https://media.signbsl.com/videos/asl/signlanguagestudent/mp4/gave%20a%20gift.mp4
gave a shout, https://media.signbsl.com/videos/asl/youtube/mp4/-CzDJjdyHUM.mp4
gave a tremendous bobbit, https://media.signbsl.com/videos/asl/youtube/mp4/IRcTzr2m92k.mp4
gawk, https://media.signbsl.com/videos/asl/youtube/mp4/iVVzCzHuqoE.mp4
gawkily, https://media.signbsl.com/videos/asl/youtube/mp4/038PhH7j8Dw.mp4
gawkiness, https://media.signbsl.com/videos/asl/youtube/mp4/lbwJbnNq1dU.mp4
gawking, https://media.signbsl.com/videos/asl/youtube/mp4/o3UFTJCue68.mp4
gawky, https://player.vimeo.com/external/392142344.sd.mp4?s=304d3140093167cf88788f757aff16338c7f8a02&profile_id=164
gawp, https://media.signbsl.com/videos/asl/youtube/mp4/iVVzCzHuqoE.mp4
gay, https://media.signbsl.com/videos/asl/aslsignbank/mp4/GAY-1511.mp4
gay woman, https://media.signbsl.com/videos/asl/aslsignbank/mp4/LESBIAN-1677.mp4
gaze, https://media.signbsl.com/videos/asl/aslsearch/mp4/gaze.mp4
gazebo, https://media.signbsl.com/videos/asl/youtube/mp4/dHnavnEs_Sc.mp4
gazelle, https://player.vimeo.com/external/392142418.sd.mp4?s=55e40397ef3c18b5e871313e5a2f8878e62d111e&profile_id=164
gazer, https://media.signbsl.com/videos/asl/youtube/mp4/s5iAnq2XF-A.mp4
gazump, https://media.signbsl.com/videos/asl/aslsearch/mp4/overcharge.mp4
GB, https://media.signbsl.com/videos/asl/youtube/mp4/xtLq19JqWRM.mp4
Gc, https://media.signbsl.com/videos/asl/mariekatzenbachschool/mp4/gigahertz.mp4
G clef, https://media.signbsl.com/videos/asl/youtube/mp4/79aeaa61-5fb6-428c-8686-42af38757df6.mp4
gdansk poland, https://player.vimeo.com/external/392142444.sd.mp4?s=06616b20c3296c6790a0eab6c109870052dbe698&profile_id=164
gdanskpoland, https://player.vimeo.com/external/392142465.sd.mp4?s=147135d717e4e1b35bd353a293984dfa87c7c0ff&profile_id=164
gear, https://media.signbsl.com/videos/asl/aslsearch/mp4/gear2.mp4
gear first, https://media.signbsl.com/videos/asl/AustinCommunityCollege/mp4/auto_1stgear_.mp4
gearing, https://media.signbsl.com/videos/asl/AustinCommunityCollege/mp4/auto_gears_.mp4
gear lever, https://player.vimeo.com/external/392142493.sd.mp4?s=a700fc00880906abd36a9809be32ce65cff7da95&profile_id=164
gear mechanism, https://media.signbsl.com/videos/asl/aslsearch/mp4/gear.mp4
gears, https://media.signbsl.com/videos/asl/AustinCommunityCollege/mp4/auto_gears_.mp4
gearshift, https://player.vimeo.com/external/392142493.sd.mp4?s=a700fc00880906abd36a9809be32ce65cff7da95&profile_id=164
gearstick, https://player.vimeo.com/external/392142493.sd.mp4?s=a700fc00880906abd36a9809be32ce65cff7da95&profile_id=164
gear teeth, https://media.signbsl.com/videos/asl/AustinCommunityCollege/mp4/auto_gear_teeth_.mp4
gear toward, https://media.signbsl.com/videos/asl/youtube/mp4/QQrsainTP6A.mp4
geartrain, https://media.signbsl.com/videos/asl/AustinCommunityCollege/mp4/auto_gears_.mp4
gear up, https://media.signbsl.com/videos/asl/youtube/mp4/hsIQkM540VA.mp4
gear wheel, https://media.signbsl.com/videos/asl/aslsearch/mp4/gear2.mp4
geek, https://media.signbsl.com/videos/asl/youtube/mp4/GAoqBeLW2zA.mp4
geese, https://media.signbsl.com/videos/asl/aslsearch/mp4/goose.mp4
geezer, https://player.vimeo.com/external/392142510.sd.mp4?s=1c2ab61bc158cdc7060398c56a8907cf0f0e447b&profile_id=164
Geiger counter, https://media.signbsl.com/videos/asl/youtube/mp4/EfJsqCsY9qk.mp4
Geiger Muller counter, https://media.signbsl.com/videos/asl/youtube/mp4/EfJsqCsY9qk.mp4
geisha, https://player.vimeo.com/external/392142536.sd.mp4?s=6acd6fdadbe13e101c3b6bec4a7b7b78e25567b9&profile_id=164
geisha girl, https://player.vimeo.com/external/392142536.sd.mp4?s=6acd6fdadbe13e101c3b6bec4a7b7b78e25567b9&profile_id=164
gel, https://media.signbsl.com/videos/asl/youtube/mp4/Qc8meImFAEU.mp4
gelatin, https://media.signbsl.com/videos/asl/youtube/mp4/lGLgGYlZ_Mc.mp4
gelatine, https://media.signbsl.com/videos/asl/youtube/mp4/lGLgGYlZ_Mc.mp4
gelatinise, https://media.signbsl.com/videos/asl/youtube/mp4/tsIOQ31hcQw.mp4
gelatinize, https://media.signbsl.com/videos/asl/youtube/mp4/tsIOQ31hcQw.mp4
gelatinlike, https://media.signbsl.com/videos/asl/youtube/mp4/1EIqIpZIHw4.mp4
gelatinous, https://media.signbsl.com/videos/asl/youtube/mp4/1EIqIpZIHw4.mp4
gelato, https://media.signbsl.com/videos/asl/youtube/mp4/oz2rpQOmJjI.mp4
geld, https://media.signbsl.com/videos/asl/youtube/mp4/8wCSqTs7GXs.mp4
gelding, https://media.signbsl.com/videos/asl/youtube/mp4/gRpGuepdQzA.mp4
gelid, https://media.signbsl.com/videos/asl/aslsearch/mp4/arctic.mp4
gelidity, https://media.signbsl.com/videos/asl/aslsignbank/mp4/COLD-432.mp4
gelt, https://media.signbsl.com/videos/asl/youtube/mp4/3WtmZlJ5YxA.mp4
gem, https://media.signbsl.com/videos/asl/aslsearch/mp4/treasure.mp4
gem clip, https://media.signbsl.com/videos/asl/youtube/mp4/ocf3kYswLaI.mp4
geminate, https://media.signbsl.com/videos/asl/youtube/mp4/oQhyZeDsd_U.mp4
gemmed, https://media.signbsl.com/videos/asl/youtube/mp4/Y91trde2-Sw.mp4
gemmology, https://media.signbsl.com/videos/asl/youtube/mp4/oJx2TKEHEo4.mp4
gemological, https://media.signbsl.com/videos/asl/youtube/mp4/JqFG2C0yTRw.mp4
gemologist, https://media.signbsl.com/videos/asl/youtube/mp4/xOrlmxnUCvk.mp4
Gem State, https://media.signbsl.com/videos/asl/aslsignbank/mp4/POTATO-922.mp4
gen, https://media.signbsl.com/videos/asl/youtube/mp4/hRhkcCkvm4M.mp4
gender, https://media.signbsl.com/videos/asl/aslsearch/mp4/gender.mp4
gene, https://media.signbsl.com/videos/asl/deaftec/mp4/1380.mp4
genealogy, https://media.signbsl.com/videos/asl/valleybible/mp4/geneology.mp4
geneology, https://media.signbsl.com/videos/asl/signlanguagestudent/mp4/geneology.mp4
genera, https://media.signbsl.com/videos/asl/youtube/mp4/cF10sVUvT9o.mp4
general, https://media.signbsl.com/videos/asl/philosophy/mp4/Universal-HD.mp4
general 2, https://player.vimeo.com/external/392142604.sd.mp4?s=257f1308cf7156164544e2c2401c9f965db8fd38&profile_id=164
general anatomy, https://media.signbsl.com/videos/asl/aslsearch/mp4/anatomy.mp4
general assembly, https://media.signbsl.com/videos/asl/aslsearch/mp4/legislature.mp4
General Authority, https://media.signbsl.com/videos/asl/signlanguagestudent/mp4/general%20authority.mp4
General Board, https://media.signbsl.com/videos/asl/ids/mp4/2013-11-1950-general-board-1500k-ase.mp4
General Conference, https://media.signbsl.com/videos/asl/signlanguagestudent/mp4/general%20conference.mp4
general in general, https://media.signbsl.com/videos/asl/signlanguagestudent/mp4/general%20(in%20general).mp4
generalisation, https://media.signbsl.com/videos/asl/philosophy/mp4/Induction-HD.mp4
generalist, https://media.signbsl.com/videos/asl/youtube/mp4/1KWvWJUIQjM.mp4
generalization, https://media.signbsl.com/videos/asl/philosophy/mp4/Induction-HD.mp4
generally, https://media.signbsl.com/videos/asl/youtube/mp4/cFuFf4aGDyU.mp4
general military, https://media.signbsl.com/videos/asl/signlanguagestudent/mp4/general%20(military).mp4
general military initialized, https://media.signbsl.com/videos/asl/signlanguagestudent/mp4/general%20(military)%20(initialized).mp4
generate, https://media.signbsl.com/videos/asl/youtube/mp4/ZdipnLROb6s.mp4
generation, https://media.signbsl.com/videos/asl/aslsignbank/mp4/GENERATION-1512.mp4
generative, https://media.signbsl.com/videos/asl/youtube/mp4/wdXifBW1RG4.mp4
generator, https://player.vimeo.com/external/392678371.sd.mp4?s=089ae0fc6be133359f001b4cd652b4ec63d62720&profile_id=164
generic, https://media.signbsl.com/videos/asl/youtube/mp4/dRiQXGJP5PI.mp4
generous, https://media.signbsl.com/videos/asl/aslsearch/mp4/generous.mp4
genetic, https://media.signbsl.com/videos/asl/deaftec/mp4/1383.mp4
genetic constitution, https://media.signbsl.com/videos/asl/deaftec/mp4/1381.mp4
geneticist, https://media.signbsl.com/videos/asl/youtube/mp4/08q1OxHD2u8.mp4
genetic mutation, https://media.signbsl.com/videos/asl/deaftec/mp4/1403.mp4
geneva switzerland, https://player.vimeo.com/external/392142903.sd.mp4?s=b4aa4c028371e5629dda11d5d3eec7d7bbf5cec8&profile_id=164
genevaswitzerland, https://player.vimeo.com/external/392142878.sd.mp4?s=852ad9ef32eb3bf959330f9ad8f75255405f33f5&profile_id=164
genial, https://media.signbsl.com/videos/asl/aslsearch/mp4/amiable.mp4
geniality, https://media.signbsl.com/videos/asl/youtube/mp4/H9n7X9oTGgg.mp4
genie, https://media.signbsl.com/videos/asl/youtube/mp4/VSYF9A6sho8.mp4
genital, https://media.signbsl.com/videos/asl/youtube/mp4/efxMOt-mS4E.mp4
genius, https://media.signbsl.com/videos/asl/aslsignbank/mp4/SET-RECORD-2310.mp4
genocide, https://player.vimeo.com/external/392142966.sd.mp4?s=06f43e1a3d8b381aa39c966f0470eb6e9024cfac&profile_id=164
genome, https://media.signbsl.com/videos/asl/youtube/mp4/exRwe5nD_Sc.mp4
genotype, https://media.signbsl.com/videos/asl/deaftec/mp4/1381.mp4
genre, https://media.signbsl.com/videos/asl/youtube/mp4/gAvMgueMLBU.mp4
gent, https://media.signbsl.com/videos/asl/youtube/mp4/nIeOKwHT77E.mp4
genteel, https://media.signbsl.com/videos/asl/youtube/mp4/OsVMaNuqBfk.mp4
gentile, https://media.signbsl.com/videos/asl/youtube/mp4/aUlK3H6ZpL4.mp4
gentle, https://media.signbsl.com/videos/asl/aslsearch/mp4/gentle.mp4
gentlefolk, https://media.signbsl.com/videos/asl/youtube/mp4/D2rbcpocdUs.mp4
gentleman, https://media.signbsl.com/videos/asl/startasl/mp4/man.mp4
gentlemanlike, https://media.signbsl.com/videos/asl/youtube/mp4/_oqpL8riqH0.mp4
gentlemanly, https://media.signbsl.com/videos/asl/youtube/mp4/_oqpL8riqH0.mp4
gentle wind, https://media.signbsl.com/videos/asl/aslsignbank/mp4/COOL-WEATHER-1160.mp4
gentlewoman, https://media.signbsl.com/videos/asl/youtube/mp4/K4NO4YYYmYY.mp4
gentries, https://media.signbsl.com/videos/asl/youtube/mp4/HJTLkab22Pg.mp4
gentrification, https://media.signbsl.com/videos/asl/youtube/mp4/V2ClRa8143E.mp4
gentry, https://media.signbsl.com/videos/asl/youtube/mp4/HJTLkab22Pg.mp4
genu, https://media.signbsl.com/videos/asl/mariekatzenbachschool/mp4/knee.mp4
genuflect, https://media.signbsl.com/videos/asl/youtube/mp4/XQ1Zq7NC91A.mp4
genuine, https://media.signbsl.com/videos/asl/youtube/mp4/bo4Vvk4-67I.mp4
genus, https://media.signbsl.com/videos/asl/youtube/mp4/cF10sVUvT9o.mp4
genus Elodea, https://media.signbsl.com/videos/asl/elementalaslconcepts/mp4/elodea.mp4
genus Galleria, https://media.signbsl.com/videos/asl/youtube/mp4/4ciGiUSfQws.mp4
genus Helix, https://media.signbsl.com/videos/asl/youtube/mp4/JZTMAGqVNMc.mp4
genus Passer, https://media.signbsl.com/videos/asl/youtube/mp4/agSivs8VjiY.mp4
genus Raja, https://media.signbsl.com/videos/asl/youtube/mp4/hBrFbFbgwDs.mp4
genus Tuber, https://media.signbsl.com/videos/asl/youtube/mp4/3Qbbf10wjkU.mp4
geocentric, https://media.signbsl.com/videos/asl/youtube/mp4/lpxMcl9hB5Y.mp4
geochemistry, https://media.signbsl.com/videos/asl/youtube/mp4/-qYvirRlGqo.mp4
geographer, https://media.signbsl.com/videos/asl/youtube/mp4/gaxmNZkPE0w.mp4
geographic, https://media.signbsl.com/videos/asl/youtube/mp4/ynzVL0LW0X0.mp4
geographical, https://media.signbsl.com/videos/asl/youtube/mp4/ynzVL0LW0X0.mp4
geographic expedition, https://media.signbsl.com/videos/asl/elementalaslconcepts/mp4/exploration.mp4
geographics, https://media.signbsl.com/videos/asl/aslsearch/mp4/geography.mp4
geography, https://media.signbsl.com/videos/asl/aslsearch/mp4/geography.mp4
geologic, https://media.signbsl.com/videos/asl/youtube/mp4/z3iv5Y6ADTE.mp4
geological, https://media.signbsl.com/videos/asl/youtube/mp4/z3iv5Y6ADTE.mp4
geological dating, https://media.signbsl.com/videos/asl/startasl/mp4/date.mp4
geologies, https://media.signbsl.com/videos/asl/elementalaslconcepts/mp4/geology.mp4
geologist, https://media.signbsl.com/videos/asl/elementalaslconcepts/mp4/geologist.mp4
geology, https://media.signbsl.com/videos/asl/elementalaslconcepts/mp4/geology.mp4
geomagnetic, https://media.signbsl.com/videos/asl/youtube/mp4/Tu9W2xOj0F4.mp4
geometric, https://media.signbsl.com/videos/asl/youtube/mp4/72Yigj5R5ik.mp4
geometrical, https://media.signbsl.com/videos/asl/youtube/mp4/72Yigj5R5ik.mp4
geometric function, https://media.signbsl.com/videos/asl/tsdvideo/mp4/1299.mp4
geometric patterns, https://media.signbsl.com/videos/asl/tsdvideo/mp4/225.mp4
geometries, https://media.signbsl.com/videos/asl/signlanguagestudent/mp4/geometry.mp4
geometry, https://media.signbsl.com/videos/asl/signlanguagestudent/mp4/geometry.mp4
geophysical, https://media.signbsl.com/videos/asl/youtube/mp4/FRyH7DpQWTo.mp4
geophysical science, https://media.signbsl.com/videos/asl/youtube/mp4/Ds9TW7Llwms.mp4
geophysicist, https://media.signbsl.com/videos/asl/youtube/mp4/ZSHrsK5a7CQ.mp4
geophysics, https://media.signbsl.com/videos/asl/youtube/mp4/Ds9TW7Llwms.mp4
geopolitical, https://media.signbsl.com/videos/asl/youtube/mp4/ostia1owLvo.mp4
George, https://media.signbsl.com/videos/asl/youtube/mp4/jIeoQzVb2D8.mp4
George Washington, https://media.signbsl.com/videos/asl/elementalaslconcepts/mp4/george_washington.mp4
george washingtons birthday, https://player.vimeo.com/external/392678408.sd.mp4?s=438677557a23bf0c7dea57e874e081f98af14549&profile_id=164
Georgia, https://media.signbsl.com/videos/asl/youtube/mp4/KXdagT4O0KM.mp4
Georg Simon Ohm, https://media.signbsl.com/videos/asl/AustinCommunityCollege/mp4/elec_ohms_.mp4
geosphere, https://media.signbsl.com/videos/asl/elementalaslconcepts/mp4/geosphere.mp4
geothermal, https://media.signbsl.com/videos/asl/youtube/mp4/AY0AyZgLn1k.mp4
geothermic, https://media.signbsl.com/videos/asl/youtube/mp4/AY0AyZgLn1k.mp4
geppeto, https://media.signbsl.com/videos/asl/youtube/mp4/TCrg-ubPw8M.mp4
geriatric, https://media.signbsl.com/videos/asl/youtube/mp4/2fFFvOZh_tw.mp4
geriatrician, https://media.signbsl.com/videos/asl/youtube/mp4/9EtdcHdIYrI.mp4
germ, https://media.signbsl.com/videos/asl/youtube/mp4/p_uZ1kioTK4.mp4
German, https://media.signbsl.com/videos/asl/aslsignbank/mp4/GERMAN-3274.mp4
germanization, https://media.signbsl.com/videos/asl/youtube/mp4/GqpHqGsOqEk.mp4
German Nazi, https://player.vimeo.com/external/392380328.sd.mp4?s=1a42e31abb0827533e37738bb068281f3cd903a0&profile_id=164
Germany, https://media.signbsl.com/videos/asl/startasl/mp4/germany.mp4
germicide, https://media.signbsl.com/videos/asl/youtube/mp4/QGKHmnKRgqg.mp4
germinal, https://media.signbsl.com/videos/asl/youtube/mp4/BPKMRMWwGsw.mp4
germinate, https://player.vimeo.com/external/392143167.sd.mp4?s=224f40aa98c13db69d8fa46f4de94f113df372d1&profile_id=164
gerontological, https://media.signbsl.com/videos/asl/youtube/mp4/2fFFvOZh_tw.mp4
gerontologist, https://media.signbsl.com/videos/asl/youtube/mp4/9EtdcHdIYrI.mp4
gerrymander, https://media.signbsl.com/videos/asl/youtube/mp4/gz7oYVcFkCc.mp4
gestalt, https://media.signbsl.com/videos/asl/youtube/mp4/MCFh6ORuivo.mp4
Gestapo, https://media.signbsl.com/videos/asl/youtube/mp4/iPUEzHj0FA8.mp4
gestate, https://media.signbsl.com/videos/asl/youtube/mp4/npVDl_dh7MQ.mp4
gestation, https://media.signbsl.com/videos/asl/youtube/mp4/HGwBjBZW0a0.mp4
gesticulate, https://media.signbsl.com/videos/asl/aslsignbank/mp4/GESTICULATE-3005.mp4
gestiulation, https://player.vimeo.com/external/392143192.sd.mp4?s=966cb398f8809761c23896f20d6803523584cd13&profile_id=164
gestuno, https://media.signbsl.com/videos/asl/youtube/mp4/cPf26w_vvlo.mp4
gestural, https://media.signbsl.com/videos/asl/youtube/mp4/JetfDdtvdyY.mp4
gesture, https://media.signbsl.com/videos/asl/aslsignbank/mp4/GESTICULATE-3005.mp4
gesundheit, https://media.signbsl.com/videos/asl/aslsearch/mp4/bless-you.mp4
get, https://media.signbsl.com/videos/asl/aslsignbank/mp4/START-619.mp4
get a good look at, https://media.signbsl.com/videos/asl/youtube/mp4/Gu0aq1-YJpo.mp4
get ahead, https://player.vimeo.com/external/392128888.sd.mp4?s=4780a02bad5b888a4ea6e913c6caeef4dc4f9058&profile_id=164
get ahead fast, https://media.signbsl.com/videos/asl/youtube/mp4/hASfINj31z0.mp4
get along, https://media.signbsl.com/videos/asl/startasl/mp4/get-along.mp4
get along with, https://media.signbsl.com/videos/asl/startasl/mp4/get-along.mp4
get a ride, https://media.signbsl.com/videos/asl/aslsignbank/mp4/RIDE-IN-240.mp4
get around, https://media.signbsl.com/videos/asl/aslbricks/mp4/bypass.mp4
get at, https://media.signbsl.com/videos/asl/aslsignbank/mp4/BOTHER-2129.mp4
get a tan, https://media.signbsl.com/videos/asl/youtube/mp4/J5maEq0NL24.mp4
get attention, https://media.signbsl.com/videos/asl/aslsignbank/mp4/GET-ATTENTION-1515.mp4
get away, https://media.signbsl.com/videos/asl/startasl/mp4/escape.mp4
get back, https://media.signbsl.com/videos/asl/signlanguagestudent/mp4/back%20(come-back).mp4
get back at, https://player.vimeo.com/external/392143319.sd.mp4?s=c5f51f8bdb075519f0096a06771d1f714ffc4197&profile_id=164
get behind, https://media.signbsl.com/videos/asl/youtube/mp4/F0kTkH_upyw.mp4
get better, https://player.vimeo.com/external/392143334.sd.mp4?s=4322f2236a03304bd86612c01f66f4868e1b3eb8&profile_id=164
get by, https://media.signbsl.com/videos/asl/youtube/mp4/eSwuYuGef2k.mp4
get consequence, https://media.signbsl.com/videos/asl/youtube/mp4/kzCvHJn7UU4.mp4
get cracking, https://media.signbsl.com/videos/asl/aslsignbank/mp4/TURN-ON-284.mp4
get down, https://media.signbsl.com/videos/asl/aslsignbank/mp4/START-619.mp4
get down on, https://media.signbsl.com/videos/asl/youtube/mp4/dDoiomaaFFs.mp4
get down please, https://media.signbsl.com/videos/asl/youtube/mp4/_dN2G4XM6Ts.mp4
get dressed, https://media.signbsl.com/videos/asl/aslsignbank/mp4/DRESS-UP-1986.mp4
get even, https://player.vimeo.com/external/392143360.sd.mp4?s=d52f99c72cd530691ff6fd1b1c54663973d7926a&profile_id=164
get food ready, https://media.signbsl.com/videos/asl/youtube/mp4/TsUr60pzW50.mp4
get going, https://media.signbsl.com/videos/asl/aslsignbank/mp4/TURN-ON-284.mp4
get hitched with, https://media.signbsl.com/videos/asl/startasl/mp4/marry.mp4
get hold of, https://media.signbsl.com/videos/asl/startasl/mp4/take.mp4
Gethsemane, https://media.signbsl.com/videos/asl/ids/mp4/2013-11-1990-gethsemane-1500k-ase.mp4
get in, https://media.signbsl.com/videos/asl/startasl/mp4/enter.mp4
get in bed, https://media.signbsl.com/videos/asl/aslsignbank/mp4/GET-IN-BED-1516.mp4
get in line, https://media.signbsl.com/videos/asl/aslsignbank/mp4/LINE-OF-PEOPLE-582.mp4
get into, https://media.signbsl.com/videos/asl/startasl/mp4/enter.mp4
get in touch, https://media.signbsl.com/videos/asl/aslsearch/mp4/connect2.mp4
get in trouble, https://media.signbsl.com/videos/asl/youtube/mp4/sOSx2ClNsgM.mp4
get in vehicle, https://player.vimeo.com/external/392143379.sd.mp4?s=77a3da4a01f634bdfc3386bdb44c0ed0196ef6b9&profile_id=164
get it, https://player.vimeo.com/external/392531434.sd.mp4?s=f5b3a5eea9560c700b244282d9747066cfa24316&profile_id=164
get lost, https://player.vimeo.com/external/392143402.sd.mp4?s=ce77cc1038227ef34df6a4a33ba8b0a859776a15&profile_id=164
get married, https://media.signbsl.com/videos/asl/startasl/mp4/marry.mp4
get me, https://media.signbsl.com/videos/asl/youtube/mp4/q840e0b2Nfo.mp4
get moving, https://media.signbsl.com/videos/asl/aslsignbank/mp4/TURN-ON-284.mp4
get mud on, https://media.signbsl.com/videos/asl/youtube/mp4/d0zMbNOoGxs.mp4
get off, https://media.signbsl.com/videos/asl/signlanguagestudent/mp4/send.mp4
get off multiple people, https://media.signbsl.com/videos/asl/youtube/mp4/k9Yuteyvm6Q.mp4
get on, https://media.signbsl.com/videos/asl/startasl/mp4/get-along.mp4
get onto, https://player.vimeo.com/external/392531434.sd.mp4?s=f5b3a5eea9560c700b244282d9747066cfa24316&profile_id=164
get on with, https://media.signbsl.com/videos/asl/startasl/mp4/get-along.mp4
get ou, https://media.signbsl.com/videos/asl/mariekatzenbachschool/mp4/get%20ou.mp4
get out, https://media.signbsl.com/videos/asl/aslsearch/mp4/exit.mp4
get out of, https://media.signbsl.com/videos/asl/youtube/mp4/ajpsEG_EgIc.mp4
get out of the way, https://media.signbsl.com/videos/asl/youtube/mp4/-S2CQXWZ2qI.mp4
get over, https://media.signbsl.com/videos/asl/youtube/mp4/27WlsAOq64k.mp4
get ready, https://player.vimeo.com/external/392143421.sd.mp4?s=b84819cd8da2ccb6dbe38ce8ba124fefabdc9211&profile_id=164
get rid of, https://media.signbsl.com/videos/asl/aslsignbank/mp4/REMOVE-238.mp4
get rid of that thought, https://media.signbsl.com/videos/asl/youtube/mp4/3ILZd-0KjSE.mp4
get rolling, https://media.signbsl.com/videos/asl/aslsignbank/mp4/TURN-ON-284.mp4
get sick, https://media.signbsl.com/videos/asl/youtube/mp4/kNSwhY6eN3c.mp4
get started, https://media.signbsl.com/videos/asl/aslsignbank/mp4/TURN-ON-284.mp4
gets to, https://media.signbsl.com/videos/asl/youtube/mp4/yD8ysSwhqW0.mp4
get stuck, https://media.signbsl.com/videos/asl/youtube/mp4/Z2WnTa-Z1w0.mp4
get the axe, https://player.vimeo.com/external/392678451.sd.mp4?s=e7febea2dc62086599ddf6974c950b5e34575c7a&profile_id=164
get the better of, https://media.signbsl.com/videos/asl/aslsearch/mp4/defeat.mp4
get the paint off, https://media.signbsl.com/videos/asl/youtube/mp4/FArLHtzrNvg.mp4
get the picture, https://media.signbsl.com/videos/asl/aslsignbank/mp4/UNDERSTAND-311.mp4
get through, https://player.vimeo.com/external/392634206.sd.mp4?s=460cab5e35028bb337fb3d9ee25683e766d9eb19&profile_id=164
getting, https://media.signbsl.com/videos/asl/signlanguagestudent/mp4/getting.mp4
get to, https://media.signbsl.com/videos/asl/aslsignbank/mp4/BOTHER-2129.mp4
get to get, https://media.signbsl.com/videos/asl/signlanguagestudent/mp4/get%20(to%20get).mp4
get together, https://media.signbsl.com/videos/asl/aslsignbank/mp4/JOIN-1705.mp4
get to me, https://media.signbsl.com/videos/asl/youtube/mp4/hNoE1_16-vM.mp4
get up, https://media.signbsl.com/videos/asl/aslsignbank/mp4/LIFT-1649.mp4
get weaving, https://media.signbsl.com/videos/asl/aslsignbank/mp4/TURN-ON-284.mp4
get well, https://media.signbsl.com/videos/asl/youtube/mp4/27WlsAOq64k.mp4
get wise, https://player.vimeo.com/external/392531434.sd.mp4?s=f5b3a5eea9560c700b244282d9747066cfa24316&profile_id=164
get worse, https://media.signbsl.com/videos/asl/youtube/mp4/Y8QiMb7kC_k.mp4
get your things, https://media.signbsl.com/videos/asl/elementalaslconcepts/mp4/get_your_things.mp4
gewgaw, https://media.signbsl.com/videos/asl/youtube/mp4/8c3y_SC0J4Y.mp4
gg, https://media.signbsl.com/videos/asl/aslsearch/mp4/gg.mp4
Ghana, https://media.signbsl.com/videos/asl/aslsignbank/mp4/GHANA-3275.mp4
ghastliness, https://media.signbsl.com/videos/asl/youtube/mp4/RvKGOP326ew.mp4
ghastly, https://media.signbsl.com/videos/asl/youtube/mp4/wyga9iO8VXI.mp4
gherkin, https://media.signbsl.com/videos/asl/youtube/mp4/Wi24wklyoqY.mp4
ghetto, https://player.vimeo.com/external/392143514.sd.mp4?s=e4791322b8c32031ba1cedcae015639747e6ba97&profile_id=164
ghettoization, https://media.signbsl.com/videos/asl/youtube/mp4/aVG5XeG_WlE.mp4
ghost, https://media.signbsl.com/videos/asl/aslsignbank/mp4/OBSESS-1552.mp4
ghostlike, https://media.signbsl.com/videos/asl/youtube/mp4/E0sQ4Qu9OL8.mp4
ghostly, https://media.signbsl.com/videos/asl/youtube/mp4/E0sQ4Qu9OL8.mp4
ghostwrite, https://media.signbsl.com/videos/asl/youtube/mp4/tLxhyxD0zNQ.mp4
ghostwriter, https://media.signbsl.com/videos/asl/youtube/mp4/G43j-xEAY68.mp4
ghoul, https://media.signbsl.com/videos/asl/youtube/mp4/p4mVNEQqWeI.mp4
GHz, https://media.signbsl.com/videos/asl/mariekatzenbachschool/mp4/gigahertz.mp4
giant, https://media.signbsl.com/videos/asl/aslsearch/mp4/giant.mp4
giant container, https://media.signbsl.com/videos/asl/youtube/mp4/gQrC9l2t7w4.mp4
giant panda, https://media.signbsl.com/videos/asl/thefamilyvocab/mp4/panda.mp4
gibber, https://player.vimeo.com/external/395755650.sd.mp4?s=e614f7ba9f29061f03aa1ebe5b2ac124960ff956&profile_id=164
gibbose, https://player.vimeo.com/external/392143840.sd.mp4?s=4cd217436a82076673115a342cc06af693f4349a&profile_id=164
gibbosity, https://media.signbsl.com/videos/asl/youtube/mp4/nDFUdAsRmGg.mp4
gibbous, https://player.vimeo.com/external/392143840.sd.mp4?s=4cd217436a82076673115a342cc06af693f4349a&profile_id=164
gibbousness, https://media.signbsl.com/videos/asl/youtube/mp4/nDFUdAsRmGg.mp4
gibe, https://media.signbsl.com/videos/asl/aslsearch/mp4/fit.mp4
giddy, https://media.signbsl.com/videos/asl/startasl/mp4/dizzy.mp4
giddygiddiergiddiest, https://media.signbsl.com/videos/asl/youtube/mp4/O__Zg5dpr70.mp4
giddyup, https://media.signbsl.com/videos/asl/youtube/mp4/5rcHWUxClFU.mp4
gift, https://media.signbsl.com/videos/asl/startasl/mp4/gift.mp4
gift card, https://player.vimeo.com/external/392143885.sd.mp4?s=8cb43c5edc4c97091a862372ccb472430cc106aa&profile_id=164
gifted, https://media.signbsl.com/videos/asl/youtube/mp4/nS1JBAXgI1w.mp4
Gift of Discernment, https://media.signbsl.com/videos/asl/ids/mp4/2013-11-2000-gift-of-discernment-1500k-ase.mp4
Gift of the Holy Ghost, https://media.signbsl.com/videos/asl/ids/mp4/2013-11-2010-gift-of-the-holy-ghost-1500k-ase.mp4
gigabyte, https://media.signbsl.com/videos/asl/mariekatzenbachschool/mp4/gigabyte.mp4
gigacycle, https://media.signbsl.com/videos/asl/mariekatzenbachschool/mp4/gigahertz.mp4
gigacycle per second, https://media.signbsl.com/videos/asl/mariekatzenbachschool/mp4/gigahertz.mp4
gigahertz, https://media.signbsl.com/videos/asl/mariekatzenbachschool/mp4/gigahertz.mp4
giggle, https://media.signbsl.com/videos/asl/aslsearch/mp4/giggle.mp4
gild, https://media.signbsl.com/videos/asl/youtube/mp4/EZGlV7XuuHI.mp4
gilded, https://player.vimeo.com/external/392280586.sd.mp4?s=6c174e17ef38e2ac200c1d56f715b95dd72d928c&profile_id=164
gill, https://media.signbsl.com/videos/asl/youtube/mp4/nLLMoXQ8FtY.mp4
gills, https://media.signbsl.com/videos/asl/youtube/mp4/nLLMoXQ8FtY.mp4
gilt, https://media.signbsl.com/videos/asl/youtube/mp4/Sm4aAM1kQVc.mp4
gimlet, https://media.signbsl.com/videos/asl/youtube/mp4/YeNoGAMGCEE.mp4
gimme, https://media.signbsl.com/videos/asl/aslsignbank/mp4/E(give-me)-1902.mp4
gimme gimme, https://media.signbsl.com/videos/asl/aslsignbank/mp4/E(give-me)-1902.mp4
gimmick, https://media.signbsl.com/videos/asl/youtube/mp4/pDK-as85qjU.mp4
gimp, https://media.signbsl.com/videos/asl/youtube/mp4/jsRDY2Tw50E.mp4
gimpiness, https://media.signbsl.com/videos/asl/youtube/mp4/jsRDY2Tw50E.mp4
gin, https://media.signbsl.com/videos/asl/youtube/mp4/b__cbEHE4XU.mp4
gingerbread, https://player.vimeo.com/external/392143935.sd.mp4?s=ac4d2491deb0127e64e176d870905b3ec04aa1fe&profile_id=164
ginger bread man, https://media.signbsl.com/videos/asl/youtube/mp4/UVCXgU7YRPc.mp4
gingerbread man, https://media.signbsl.com/videos/asl/youtube/mp4/UVCXgU7YRPc.mp4
gingerly, https://media.signbsl.com/videos/asl/youtube/mp4/IGOza7l0OFg.mp4
gingery, https://media.signbsl.com/videos/asl/youtube/mp4/QjbsIwolxP0.mp4
gingiva, https://media.signbsl.com/videos/asl/aslsearch/mp4/gum.mp4
gin mill, https://media.signbsl.com/videos/asl/startasl/mp4/bar.mp4
ginmill, https://media.signbsl.com/videos/asl/startasl/mp4/bar.mp4
gin rummy, https://media.signbsl.com/videos/asl/youtube/mp4/eiBt-hrtYVE.mp4
gipsies, https://media.signbsl.com/videos/asl/youtube/mp4/TyWSdK746WY.mp4
Gipsy, https://media.signbsl.com/videos/asl/youtube/mp4/TyWSdK746WY.mp4
Giraffa camelopardalis, https://media.signbsl.com/videos/asl/startasl/mp4/giraffe.mp4
giraffe, https://media.signbsl.com/videos/asl/startasl/mp4/giraffe.mp4
gird, https://media.signbsl.com/videos/asl/youtube/mp4/K21_EgVlyWY.mp4
girded, https://media.signbsl.com/videos/asl/youtube/mp4/JSlGkFpLwu8.mp4
girdle, https://media.signbsl.com/videos/asl/aslsearch/mp4/sash.mp4
girdled, https://media.signbsl.com/videos/asl/youtube/mp4/JKSHRbaHbMlY.mp4
girl, https://media.signbsl.com/videos/asl/startasl/mp4/girl.mp4
girlfriend, https://media.signbsl.com/videos/asl/startasl/mp4/girlfriend.mp4
girlhood, https://media.signbsl.com/videos/asl/youtube/mp4/_Vf9d8eD0JI.mp4
girlie, https://media.signbsl.com/videos/asl/youtube/mp4/8Gv0FhjMQx0.mp4
girls, https://media.signbsl.com/videos/asl/startasl/mp4/girl.mp4
girly, https://media.signbsl.com/videos/asl/youtube/mp4/gpzyqDDg1MU.mp4
girth, https://media.signbsl.com/videos/asl/youtube/mp4/VmE4ANY2_ro.mp4
gismo, https://media.signbsl.com/videos/asl/youtube/mp4/CFd-vgfyGog.mp4
gist, https://media.signbsl.com/videos/asl/philosophy/mp4/Essence-HD.mp4
git, https://media.signbsl.com/videos/asl/youtube/mp4/7LYI9dK_sEY.mp4
give, https://media.signbsl.com/videos/asl/aslsignbank/mp4/GIVE-466.mp4
give a gift, https://media.signbsl.com/videos/asl/signlanguagestudent/mp4/give%20(a%20gift).mp4
give a hard time, https://media.signbsl.com/videos/asl/aslsignbank/mp4/MAKE-FUN-1182.mp4
give and take, https://media.signbsl.com/videos/asl/aslsignbank/mp4/DISCUSS-723.mp4
give away, https://player.vimeo.com/external/392143995.sd.mp4?s=e6bfb68f36f1205d91fc549b81d345a068e0b2ed&profile_id=164
giveaway, https://player.vimeo.com/external/392143995.sd.mp4?s=e6bfb68f36f1205d91fc549b81d345a068e0b2ed&profile_id=164
give away for free, https://player.vimeo.com/external/392144052.sd.mp4?s=c7f938d8cbc5c78e0e9742723fb7786d6ec90554&profile_id=164
give back, https://media.signbsl.com/videos/asl/signlanguagestudent/mp4/give-back.mp4
giveback, https://media.signbsl.com/videos/asl/signlanguagestudent/mp4/give-back.mp4
give birth, https://player.vimeo.com/external/392144006.sd.mp4?s=0497a83eb88f3928b9bc29c0493aa9fc077396f3&profile_id=164
give blood, https://media.signbsl.com/videos/asl/startasl/mp4/give-blood.mp4
give care, https://media.signbsl.com/videos/asl/aslsearch/mp4/care.mp4
give chase, https://media.signbsl.com/videos/asl/aslsignbank/mp4/CHASE-72.mp4
give ear, https://media.signbsl.com/videos/asl/unoclimb/mp4/5JNHH2zsZR4.mp4
give forth, https://media.signbsl.com/videos/asl/youtube/mp4/nGpYWi5dLiA.mp4
give grade a, https://media.signbsl.com/videos/asl/youtube/mp4/Q9_klQd1WIw.mp4
give grade b, https://media.signbsl.com/videos/asl/youtube/mp4/W9rpEN-h1WU.mp4
give grade c, https://media.signbsl.com/videos/asl/youtube/mp4/Y-EgdaJXVR8.mp4
give grade d, https://media.signbsl.com/videos/asl/youtube/mp4/LH4Vck6UFMY.mp4
give hard time, https://player.vimeo.com/external/392144014.sd.mp4?s=b5b62d2fb1f151b9d56c2f77f56b399ea581dd9e&profile_id=164
give her, https://media.signbsl.com/videos/asl/aslsearch/mp4/give-her.mp4
give him a scare, https://media.signbsl.com/videos/asl/youtube/mp4/g0vln-CAzVI.mp4
give him his massage, https://media.signbsl.com/videos/asl/youtube/mp4/tIiK9c_BzXE.mp4
give in, https://player.vimeo.com/external/392144022.sd.mp4?s=a18a32d2f09decf1ae4ae121d122b7494d04ff0f&profile_id=164
give it to me ta ta, https://media.signbsl.com/videos/asl/youtube/mp4/yTUDd1I6ElA.mp4
give me, https://media.signbsl.com/videos/asl/aslsearch/mp4/give-me.mp4
give me feedback, https://media.signbsl.com/videos/asl/youtube/mp4/nAHw1pdfRMM.mp4
give me five, https://media.signbsl.com/videos/asl/youtube/mp4/mmWYXBe7mfo.mp4
give money, https://media.signbsl.com/videos/asl/aslsignbank/mp4/PAYMENT-2273.mp4
given, https://media.signbsl.com/videos/asl/youtube/mp4/3phFXMpicwQ.mp4
given name, https://media.signbsl.com/videos/asl/youtube/mp4/q9swUacGeDI.mp4
give notice, https://media.signbsl.com/videos/asl/aslsearch/mp4/advise.mp4
give or take, https://player.vimeo.com/external/392144039.sd.mp4?s=93c24acb2b352f59b95f9d3666e96a919a881e2c&profile_id=164
give out, https://media.signbsl.com/videos/asl/aslsignbank/mp4/BREAK-420.mp4
giver, https://media.signbsl.com/videos/asl/youtube/mp4/J2dpjPDpEHI.mp4
gives a gift, https://media.signbsl.com/videos/asl/signlanguagestudent/mp4/gives%20(a%20gift).mp4
gives away, https://media.signbsl.com/videos/asl/youtube/mp4/qC8QZm8otw4.mp4
give some leeway, https://media.signbsl.com/videos/asl/youtube/mp4/hAGlP7v1t_8.mp4
give suck, https://player.vimeo.com/external/391214094.sd.mp4?s=88b06697a68fbf0e5aeb9c29f2c2ce1477b7d6a5&profile_id=164
give thanks, https://media.signbsl.com/videos/asl/aslsearch/mp4/thank.mp4
give the axe, https://media.signbsl.com/videos/asl/aslsearch/mp4/terminate2.mp4
give the nod, https://media.signbsl.com/videos/asl/youtube/mp4/3EeXRGE9_lA.mp4
give the sack, https://media.signbsl.com/videos/asl/aslsearch/mp4/terminate2.mp4
give things away, https://media.signbsl.com/videos/asl/youtube/mp4/6IZ389XE3ig.mp4
give to, https://media.signbsl.com/videos/asl/youtube/mp4/JgZHVyI9czg.mp4
give to me, https://media.signbsl.com/videos/asl/youtube/mp4/gMlPqSQn5nw.mp4
give to someone, https://media.signbsl.com/videos/asl/youtube/mp4/qMgcmGOiNmw.mp4
give up, https://media.signbsl.com/videos/asl/aslsignbank/mp4/GIVE-UP-1877.mp4
give up the ghost, https://media.signbsl.com/videos/asl/youtube/mp4/7Reav4BjWdQ.mp4
give way, https://media.signbsl.com/videos/asl/aslsignbank/mp4/BREAK-420.mp4
give you, https://media.signbsl.com/videos/asl/startasl/mp4/give-you.mp4
give you feedback, https://media.signbsl.com/videos/asl/youtube/mp4/sD6gXYKaOeA.mp4
giving, https://media.signbsl.com/videos/asl/aslsearch/mp4/liberal.mp4
gizmo, https://media.signbsl.com/videos/asl/youtube/mp4/CFd-vgfyGog.mp4
glace, https://media.signbsl.com/videos/asl/youtube/mp4/ScntrGPj-z8.mp4
glacial, https://media.signbsl.com/videos/asl/aslsearch/mp4/arctic.mp4
glacier, https://media.signbsl.com/videos/asl/elementalaslconcepts/mp4/glacier.mp4
glad, https://media.signbsl.com/videos/asl/aslsignbank/mp4/HAPPY-476.mp4
gladden, https://media.signbsl.com/videos/asl/youtube/mp4/9zNLN9kTMUc.mp4
glade, https://media.signbsl.com/videos/asl/youtube/mp4/CRJzlFDc3ds.mp4
glamor, https://media.signbsl.com/videos/asl/youtube/mp4/D4E8Z3LTwxY.mp4
glamorisation, https://media.signbsl.com/videos/asl/youtube/mp4/Qm2uBI9ziv0.mp4
glamorization, https://media.signbsl.com/videos/asl/youtube/mp4/Qm2uBI9ziv0.mp4
glamour, https://media.signbsl.com/videos/asl/youtube/mp4/QWXdiSqPXlA.mp4
glamourisation, https://media.signbsl.com/videos/asl/youtube/mp4/Qm2uBI9ziv0.mp4
glamourization, https://media.signbsl.com/videos/asl/youtube/mp4/Qm2uBI9ziv0.mp4
glance, https://media.signbsl.com/videos/asl/aslsearch/mp4/glance.mp4
glance away, https://media.signbsl.com/videos/asl/youtube/mp4/inHf71I4GBI.mp4
gland, https://media.signbsl.com/videos/asl/youtube/mp4/IMXkov-JTcY.mp4
glandular fever, https://media.signbsl.com/videos/asl/youtube/mp4/halK2cgXohU.mp4
glare, https://media.signbsl.com/videos/asl/aslsearch/mp4/glare.mp4
glaring, https://media.signbsl.com/videos/asl/youtube/mp4/Iu-srSSRo-k.mp4
glasnost, https://media.signbsl.com/videos/asl/youtube/mp4/AfMdNdcjQ8Q.mp4
glass, https://media.signbsl.com/videos/asl/startasl/mp4/glass.mp4
glassblower, https://media.signbsl.com/videos/asl/youtube/mp4/Nnc6NhvSeNI.mp4
glass ceiling, https://player.vimeo.com/external/392144128.sd.mp4?s=f8069de98752ceaf870c5eea2572e61d233f3036&profile_id=164
glass container, https://player.vimeo.com/external/392144141.sd.mp4?s=ee7bc7592b7881d597898b083e73d1bf5bacb711&profile_id=164
glass cup, https://media.signbsl.com/videos/asl/signlanguagestudent/mp4/glass%20(cup).mp4
glass cutter, https://media.signbsl.com/videos/asl/youtube/mp4/I-JSwlqyies.mp4
glasses, https://media.signbsl.com/videos/asl/startasl/mp4/glasses-2.mp4
Glass Escalator, https://player.vimeo.com/external/392144151.sd.mp4?s=979e13c1d64605b2183d35e4c5050515b2ddb816&profile_id=164
glassful, https://media.signbsl.com/videos/asl/youtube/mp4/6rZjzpzpksI.mp4
glasshouse, https://media.signbsl.com/videos/asl/aslsearch/mp4/greenhouse.mp4
glassier, https://media.signbsl.com/videos/asl/youtube/mp4/krnlJ5j6CjE.mp4
glassiness, https://media.signbsl.com/videos/asl/youtube/mp4/2Mf1vemj3XU.mp4
glassworker, https://media.signbsl.com/videos/asl/youtube/mp4/I-JSwlqyies.mp4
glazer, https://media.signbsl.com/videos/asl/youtube/mp4/I-JSwlqyies.mp4
glazier, https://media.signbsl.com/videos/asl/youtube/mp4/I-JSwlqyies.mp4
gleam, https://media.signbsl.com/videos/asl/aslsearch/mp4/glitter.mp4
gleaming, https://player.vimeo.com/external/392767582.sd.mp4?s=587309e1196e8f7459f8a418108e59e8cfb6c074&profile_id=164
glean, https://media.signbsl.com/videos/asl/aslsearch/mp4/reap.mp4
gleeful, https://media.signbsl.com/videos/asl/youtube/mp4/51BzgA2UATM.mp4
glen, https://media.signbsl.com/videos/asl/youtube/mp4/Pd6b543v1fw.mp4
glib, https://media.signbsl.com/videos/asl/youtube/mp4/SNehvoP2l0Q.mp4
glib tongued, https://media.signbsl.com/videos/asl/youtube/mp4/SNehvoP2l0Q.mp4
glide, https://player.vimeo.com/external/392144178.sd.mp4?s=98df1ce031d62ac9c0d2a263872f39300a6c0ca5&profile_id=164
glide by, https://media.signbsl.com/videos/asl/youtube/mp4/6dO2ZrV_Yj0.mp4
gliding, https://player.vimeo.com/external/392144178.sd.mp4?s=98df1ce031d62ac9c0d2a263872f39300a6c0ca5&profile_id=164
glimmer, https://player.vimeo.com/external/392767582.sd.mp4?s=587309e1196e8f7459f8a418108e59e8cfb6c074&profile_id=164
glimmering, https://media.signbsl.com/videos/asl/youtube/mp4/Bs2oQpm2I9E.mp4
glimpse, https://media.signbsl.com/videos/asl/aslsearch/mp4/glance.mp4
glint, https://media.signbsl.com/videos/asl/aslsearch/mp4/glitter.mp4
glisten, https://media.signbsl.com/videos/asl/aslsearch/mp4/glitter.mp4
glistening, https://media.signbsl.com/videos/asl/aslsearch/mp4/glossy.mp4
glitch, https://media.signbsl.com/videos/asl/aslsignbank/mp4/BUG-422.mp4
glitter, https://media.signbsl.com/videos/asl/aslsearch/mp4/glitter.mp4
glitz, https://media.signbsl.com/videos/asl/youtube/mp4/N9yhABLu82I.mp4
gloaming, https://player.vimeo.com/external/391993324.sd.mp4?s=e7e461e8294722f18eade08c87fbfce7a74645d8&profile_id=164
gloat, https://media.signbsl.com/videos/asl/aslsignbank/mp4/BRAG-2406.mp4
glob, https://player.vimeo.com/external/395749789.sd.mp4?s=437cf602c02da25ef0cb7326b724253e804ad46a&profile_id=164
global, https://media.signbsl.com/videos/asl/aslsignbank/mp4/INTERNATIONAL-2302.mp4
globalise, https://media.signbsl.com/videos/asl/youtube/mp4/qmNb5lqlmcg.mp4
globalism, https://media.signbsl.com/videos/asl/youtube/mp4/UYr2O26D33k.mp4
globalist, https://media.signbsl.com/videos/asl/youtube/mp4/xX7s8n1xrok.mp4
globalize, https://media.signbsl.com/videos/asl/youtube/mp4/qmNb5lqlmcg.mp4
Global Positioning System, https://player.vimeo.com/external/392679639.sd.mp4?s=8e3c63726c644995bd8a7fe96d3527387b4eea58&profile_id=164
global warming, https://media.signbsl.com/videos/asl/startasl/mp4/global-warming.mp4
globe, https://media.signbsl.com/videos/asl/aslsignbank/mp4/ALUMNI-2232.mp4
globe artichoke, https://media.signbsl.com/videos/asl/youtube/mp4/vYVmixZnSug.mp4
globetrotter, https://media.signbsl.com/videos/asl/youtube/mp4/Nv1mvCXZUvs.mp4
globulin, https://media.signbsl.com/videos/asl/youtube/mp4/Kcowswo9ISE.mp4
glom, https://player.vimeo.com/external/392510697.sd.mp4?s=ba149970def7d241347c242b2c23caafe5107885&profile_id=164
gloom, https://media.signbsl.com/videos/asl/youtube/mp4/0ffNY5mJwuI.mp4
gloomy, https://player.vimeo.com/external/391988733.sd.mp4?s=dbcca024c809cc118b1c1bd6e23ffad29a085572&profile_id=164
glop, https://media.signbsl.com/videos/asl/youtube/mp4/4hyPlilKJfo.mp4
glorification, https://media.signbsl.com/videos/asl/youtube/mp4/S_yMxVEM_mk.mp4
glorified, https://media.signbsl.com/videos/asl/youtube/mp4/aaBcHTAdjU4.mp4
glorify, https://media.signbsl.com/videos/asl/signlanguagestudent/mp4/glorify.mp4
gloriole, https://player.vimeo.com/external/392162936.sd.mp4?s=93d177648e2fa78c5c297ea49ab57c37ef1d7656&profile_id=164
glorious, https://media.signbsl.com/videos/asl/signlanguagestudent/mp4/glorious.mp4
glory, https://media.signbsl.com/videos/asl/youtube/mp4/S_yMxVEM_mk.mp4
Glory Glorify Glorious, https://media.signbsl.com/videos/asl/ids/mp4/2013-11-2030-glory-glorify-glorious-1500k-ase.mp4
Glory of God, https://media.signbsl.com/videos/asl/ids/mp4/2013-11-2020-glory-of-god-1500k-ase.mp4
gloss, https://media.signbsl.com/videos/asl/elementalaslconcepts/mp4/glossary.mp4
glossa, https://media.signbsl.com/videos/asl/aslsearch/mp4/tongue.mp4
glossaries, https://media.signbsl.com/videos/asl/elementalaslconcepts/mp4/glossary.mp4
glossary, https://media.signbsl.com/videos/asl/elementalaslconcepts/mp4/glossary.mp4
glossy, https://media.signbsl.com/videos/asl/youtube/mp4/SfLGEXt-VdU.mp4
glove, https://media.signbsl.com/videos/asl/aslsignbank/mp4/GLOVE-2926.mp4
glove compartment, https://player.vimeo.com/external/392678538.sd.mp4?s=dc18926305e3aae471ad92203a462e1e4201e8e9&profile_id=164
gloves, https://media.signbsl.com/videos/asl/aslsignbank/mp4/GLOVE-2926.mp4
glow, https://media.signbsl.com/videos/asl/aslsignbank/mp4/GLOW-2927.mp4
glower, https://media.signbsl.com/videos/asl/aslsearch/mp4/glare.mp4
glowering, https://media.signbsl.com/videos/asl/youtube/mp4/HM-daTl4YH8.mp4
glowing, https://media.signbsl.com/videos/asl/youtube/mp4/YtJqtQdh9yg.mp4
glucose, https://media.signbsl.com/videos/asl/youtube/mp4/MZcb-F_rSGw.mp4
glue, https://media.signbsl.com/videos/asl/startasl/mp4/glue.mp4
gluey, https://media.signbsl.com/videos/asl/aslsearch/mp4/sticky.mp4
gluier, https://media.signbsl.com/videos/asl/youtube/mp4/pcTKPRohq8A.mp4
glum, https://media.signbsl.com/videos/asl/youtube/mp4/HM-daTl4YH8.mp4
glut, https://media.signbsl.com/videos/asl/youtube/mp4/EnExJmA5Af4.mp4
gluten, https://media.signbsl.com/videos/asl/youtube/mp4/1ph8vdVn67I.mp4
gluten free, https://media.signbsl.com/videos/asl/youtube/mp4/8VO2Is7qLgA.mp4
glutinous, https://media.signbsl.com/videos/asl/aslsearch/mp4/sticky.mp4
glutton, https://media.signbsl.com/videos/asl/youtube/mp4/HQk9MSSCXs4.mp4
gluttonous, https://player.vimeo.com/external/392150045.sd.mp4?s=e914876852a87818d5fb4943e28d2b78e0930b5e&profile_id=164
glycogen, https://media.signbsl.com/videos/asl/youtube/mp4/0Rn0a7r7uFE.mp4
glycolysis, https://media.signbsl.com/videos/asl/youtube/mp4/ygNSOCiRu4M.mp4
gm, https://media.signbsl.com/videos/asl/tsdvideo/mp4/281.mp4
gnarl, https://media.signbsl.com/videos/asl/youtube/mp4/hIWwMmBXaEE.mp4
gnash, https://media.signbsl.com/videos/asl/youtube/mp4/Vzg4uWqjtfc.mp4
gnash teeth, https://media.signbsl.com/videos/asl/youtube/mp4/5jTyJUYdw7g.mp4
gnaw, https://player.vimeo.com/external/392150077.sd.mp4?s=7abe86a398f951fe79ad81fb8876bcdc6894a728&profile_id=164
gnawer, https://media.signbsl.com/videos/asl/youtube/mp4/wWgBYY_c80M.mp4
gnawing animal, https://media.signbsl.com/videos/asl/youtube/mp4/wWgBYY_c80M.mp4
gnome, https://media.signbsl.com/videos/asl/youtube/mp4/0BlD-vthaxI.mp4
gnu, https://media.signbsl.com/videos/asl/deaftec/mp4/983.mp4
go, https://media.signbsl.com/videos/asl/startasl/mp4/go.mp4
go across, https://media.signbsl.com/videos/asl/aslsearch/mp4/pass2.mp4
goad, https://media.signbsl.com/videos/asl/youtube/mp4/8zEKsTk2cdU.mp4
goaded, https://media.signbsl.com/videos/asl/youtube/mp4/8GBnTHlDyII.mp4
goading, https://media.signbsl.com/videos/asl/youtube/mp4/8zEKsTk2cdU.mp4
go after, https://media.signbsl.com/videos/asl/aslsignbank/mp4/CHASE-72.mp4
go against, https://media.signbsl.com/videos/asl/youtube/mp4/9Kzqs__ubIg.mp4
go ahead, https://media.signbsl.com/videos/asl/startasl/mp4/go-ahead.mp4
goal, https://media.signbsl.com/videos/asl/aslsearch/mp4/goal.mp4
goal hockey, https://media.signbsl.com/videos/asl/youtube/mp4/ErE1iqhBx78.mp4
goalie, https://media.signbsl.com/videos/asl/youtube/mp4/MvaK_XUF7-M.mp4
goalkeeper, https://media.signbsl.com/videos/asl/youtube/mp4/MvaK_XUF7-M.mp4
goalless, https://media.signbsl.com/videos/asl/youtube/mp4/mq6-gLBbl6c.mp4
go all over, https://media.signbsl.com/videos/asl/youtube/mp4/hVPWkUs2cCA.mp4
go along, https://media.signbsl.com/videos/asl/youtube/mp4/6dO2ZrV_Yj0.mp4
goalpost, https://media.signbsl.com/videos/asl/youtube/mp4/N3PfxB12psM.mp4
goalscorer, https://media.signbsl.com/videos/asl/youtube/mp4/fIE2G2CSQwY.mp4
goaltend, https://media.signbsl.com/videos/asl/youtube/mp4/CdYLC_QCJN8.mp4
goaltender, https://media.signbsl.com/videos/asl/youtube/mp4/MvaK_XUF7-M.mp4
go around, https://media.signbsl.com/videos/asl/aslsearch/mp4/rotate.mp4
goat, https://media.signbsl.com/videos/asl/aslsearch/mp4/goat.mp4
goatee, https://media.signbsl.com/videos/asl/youtube/mp4/60HPlelVxWw.mp4
goatherd, https://media.signbsl.com/videos/asl/youtube/mp4/5WBLlQ0SOjA.mp4
goat herder, https://media.signbsl.com/videos/asl/youtube/mp4/5WBLlQ0SOjA.mp4
goatish, https://media.signbsl.com/videos/asl/youtube/mp4/I9JH64Vor6E.mp4
goatskin, https://media.signbsl.com/videos/asl/youtube/mp4/8I4aue7Ju5U.mp4
go away, https://media.signbsl.com/videos/asl/startasl/mp4/leave.mp4
go away command, https://media.signbsl.com/videos/asl/youtube/mp4/Tlr2V74Tr_E.mp4
gob, https://media.signbsl.com/videos/asl/youtube/mp4/1gUifcUd5Co.mp4
go back, https://media.signbsl.com/videos/asl/signlanguagestudent/mp4/back%20(come-back).mp4
go back and forth, https://media.signbsl.com/videos/asl/aslsignbank/mp4/GO-BACK-AND-FORTH-1874.mp4
go back on, https://media.signbsl.com/videos/asl/youtube/mp4/bw5kf4kVwCk.mp4
go bad, https://media.signbsl.com/videos/asl/aslsignbank/mp4/BREAK-420.mp4
go ballistic, https://media.signbsl.com/videos/asl/youtube/mp4/LMPPEKxGRjg.mp4
gobble, https://media.signbsl.com/videos/asl/aslbricks/mp4/gobble.mp4
gobbler, https://media.signbsl.com/videos/asl/youtube/mp4/CRgpx3lRLp8.mp4
gobble up, https://media.signbsl.com/videos/asl/youtube/mp4/cnlcyMb4LpM.mp4
go between, https://media.signbsl.com/videos/asl/youtube/mp4/IuAb5-SPc3g.mp4
goblin, https://media.signbsl.com/videos/asl/youtube/mp4/lmoDskCevpg.mp4
gobs, https://media.signbsl.com/videos/asl/aslsignbank/mp4/AUDIENCE-2081.mp4
go by, https://media.signbsl.com/videos/asl/youtube/mp4/6dO2ZrV_Yj0.mp4
go cart, https://media.signbsl.com/videos/asl/youtube/mp4/sA7_B161GCQ.mp4
God, https://media.signbsl.com/videos/asl/startasl/mp4/god.mp4
God Almighty, https://media.signbsl.com/videos/asl/aslsignbank/mp4/LORD-2412.mp4
godchild, https://media.signbsl.com/videos/asl/youtube/mp4/wozEYV_gk-o.mp4
goddam, https://media.signbsl.com/videos/asl/youtube/mp4/y1TUF09lTTk.mp4
goddamn, https://media.signbsl.com/videos/asl/aslsearch/mp4/crap2.mp4
goddamned, https://media.signbsl.com/videos/asl/youtube/mp4/y1TUF09lTTk.mp4
goddaughter, https://media.signbsl.com/videos/asl/youtube/mp4/YlmOHgdiMak.mp4
goddess, https://media.signbsl.com/videos/asl/youtube/mp4/5wrBeFaPxmk.mp4
godfather, https://media.signbsl.com/videos/asl/mariekatzenbachschool/mp4/godfather.mp4
god fearing, https://media.signbsl.com/videos/asl/youtube/mp4/KSpe0Mz72jo.mp4
godforsaken, https://media.signbsl.com/videos/asl/youtube/mp4/VnB55xWWJFg.mp4
Godhead, https://media.signbsl.com/videos/asl/aslsignbank/mp4/LORD-2412.mp4
godless, https://media.signbsl.com/videos/asl/youtube/mp4/lyn4xi_0E2Q.mp4
godlike, https://media.signbsl.com/videos/asl/youtube/mp4/nHxB148gMnI.mp4
godliness, https://media.signbsl.com/videos/asl/ids/mp4/2013-11-2060-godliness-1500k-ase.mp4
godmother, https://media.signbsl.com/videos/asl/mariekatzenbachschool/mp4/godmother.mp4
go down, https://player.vimeo.com/external/391933420.sd.mp4?s=7f18276c5e21b9c2fad985c2234e033364438c6c&profile_id=164
go down as, https://media.signbsl.com/videos/asl/youtube/mp4/ORRM_sZUo9Y.mp4
go down like a lead balloon, https://media.signbsl.com/videos/asl/youtube/mp4/XWgzTBwkERs.mp4
godparent, https://media.signbsl.com/videos/asl/youtube/mp4/iBWlBbhLACA.mp4
Gods acre, https://media.signbsl.com/videos/asl/youtube/mp4/lv1ma2i29nQ.mp4
gods call, https://media.signbsl.com/videos/asl/valleybible/mp4/call.mp4
godsend, https://player.vimeo.com/external/391209170.sd.mp4?s=2110fe5b0577ef3e5920496466c9682dd3607378&profile_id=164
godson, https://media.signbsl.com/videos/asl/youtube/mp4/PZ0RPeFjk5o.mp4
Godspeed, https://media.signbsl.com/videos/asl/youtube/mp4/v43o8vOUoYI.mp4
go enter, https://media.signbsl.com/videos/asl/startasl/mp4/go-enter.mp4
goer, https://media.signbsl.com/videos/asl/youtube/mp4/4jAekn0iqNQ.mp4
go for, https://media.signbsl.com/videos/asl/youtube/mp4/3nlWFZ3qc2g.mp4
Go For It, https://player.vimeo.com/external/392150285.sd.mp4?s=0e7e2d3739079eed82aeb383e56dd276ea26af38&profile_id=164
go forth, https://media.signbsl.com/videos/asl/startasl/mp4/leave.mp4
goggle, https://media.signbsl.com/videos/asl/youtube/mp4/iVVzCzHuqoE.mp4
goggle box, https://media.signbsl.com/videos/asl/startasl/mp4/television.mp4
goggly, https://media.signbsl.com/videos/asl/youtube/mp4/x5ItdUIYAvE.mp4
go hang yourself, https://media.signbsl.com/videos/asl/youtube/mp4/NlfiFbB192A.mp4
go in, https://media.signbsl.com/videos/asl/startasl/mp4/enter.mp4
going, https://media.signbsl.com/videos/asl/signlanguagestudent/mp4/going.mp4
going away, https://media.signbsl.com/videos/asl/signlanguagestudent/mp4/going.mp4
going over, https://media.signbsl.com/videos/asl/youtube/mp4/JtJroY6PzhY.mp4
going steady, https://media.signbsl.com/videos/asl/startasl/mp4/going-steady.mp4
go into, https://media.signbsl.com/videos/asl/startasl/mp4/enter.mp4
gold, https://media.signbsl.com/videos/asl/youtube/mp4/BXNMDui5u8E.mp4
goldbrick, https://media.signbsl.com/videos/asl/youtube/mp4/4Vtt7WSJ5dI.mp4
Gold Coast, https://media.signbsl.com/videos/asl/aslsignbank/mp4/GHANA-3275.mp4
golden, https://media.signbsl.com/videos/asl/youtube/mp4/Sm4aAM1kQVc.mp4
golden ager, https://media.signbsl.com/videos/asl/aslsignbank/mp4/SENIOR-CITIZEN-1966.mp4
golden cut, https://media.signbsl.com/videos/asl/youtube/mp4/E5HxVFUWsGc.mp4
golden mean, https://media.signbsl.com/videos/asl/youtube/mp4/E-mLZrj4PGM.mp4
golden ratio, https://media.signbsl.com/videos/asl/youtube/mp4/Ibho6h2SVzM.mp4
golden rectangle, https://media.signbsl.com/videos/asl/youtube/mp4/lOAeW9eOLbI.mp4
golden section, https://media.signbsl.com/videos/asl/youtube/mp4/E-mLZrj4PGM.mp4
Golden State, https://media.signbsl.com/videos/asl/aslsignbank/mp4/CALIFORNIA-2147.mp4
goldfield, https://media.signbsl.com/videos/asl/youtube/mp4/hOb_oKTZXAc.mp4
goldfish, https://media.signbsl.com/videos/asl/aslsearch/mp4/goldfish.mp4
goldfish bowl, https://media.signbsl.com/videos/asl/youtube/mp4/_ly2BH6F1Qc.mp4
gold g variant, https://media.signbsl.com/videos/asl/youtube/mp4/b6NHBHp68v0.mp4
goldilock, https://media.signbsl.com/videos/asl/youtube/mp4/GhU9IUrgPH8.mp4
gold mine, https://media.signbsl.com/videos/asl/youtube/mp4/tLagnv4f0Cw.mp4
goldmine, https://media.signbsl.com/videos/asl/youtube/mp4/tLagnv4f0Cw.mp4
gold plate, https://media.signbsl.com/videos/asl/signlanguagestudent/mp4/gold%20plates.mp4
goldplate, https://media.signbsl.com/videos/asl/signlanguagestudent/mp4/gold%20plates.mp4
Gold Plates, https://media.signbsl.com/videos/asl/signlanguagestudent/mp4/gold%20plates.mp4
gold rush, https://player.vimeo.com/external/391209170.sd.mp4?s=2110fe5b0577ef3e5920496466c9682dd3607378&profile_id=164
goldsmith, https://media.signbsl.com/videos/asl/youtube/mp4/DHl14bwcKug.mp4
gold worker, https://media.signbsl.com/videos/asl/youtube/mp4/DHl14bwcKug.mp4
goldworker, https://media.signbsl.com/videos/asl/youtube/mp4/DHl14bwcKug.mp4
golem, https://media.signbsl.com/videos/asl/aslsearch/mp4/robot.mp4
golf, https://media.signbsl.com/videos/asl/startasl/mp4/golf.mp4
golf ball, https://media.signbsl.com/videos/asl/aslsearch/mp4/golf-ball.mp4
golf cart, https://media.signbsl.com/videos/asl/aslsearch/mp4/golf-cart.mp4
golfcart, https://media.signbsl.com/videos/asl/aslsearch/mp4/golf-cart.mp4
golf club, https://media.signbsl.com/videos/asl/youtube/mp4/dxLI_TSGgNU.mp4
golf course, https://player.vimeo.com/external/392150707.sd.mp4?s=7d34c4f8e9989e19d58eb66b5c6a8c335ad12005&profile_id=164
golfer, https://media.signbsl.com/videos/asl/youtube/mp4/qbJnuqEOBSc.mp4
golf game, https://media.signbsl.com/videos/asl/startasl/mp4/golf.mp4
golf links, https://player.vimeo.com/external/392150707.sd.mp4?s=7d34c4f8e9989e19d58eb66b5c6a8c335ad12005&profile_id=164
golf player, https://media.signbsl.com/videos/asl/youtube/mp4/qbJnuqEOBSc.mp4
golf range, https://player.vimeo.com/external/391989327.sd.mp4?s=c6e1567ce145de0bc1596d53451b182c15c748ec&profile_id=164
Golgotha, https://media.signbsl.com/videos/asl/ids/mp4/2013-11-720-calvary-1600k-ase.mp4
goliath, https://media.signbsl.com/videos/asl/aslsearch/mp4/monster.mp4
golosh, https://media.signbsl.com/videos/asl/youtube/mp4/yGZwRCNdOmM.mp4
gonad, https://media.signbsl.com/videos/asl/youtube/mp4/RhPmb104K2c.mp4
gonads, https://media.signbsl.com/videos/asl/youtube/mp4/RhPmb104K2c.mp4
gondola, https://player.vimeo.com/external/392150767.sd.mp4?s=b81d5f1e87e7c7c51763f5534987367f1758cd2f&profile_id=164
gondola car, https://player.vimeo.com/external/392150767.sd.mp4?s=b81d5f1e87e7c7c51763f5534987367f1758cd2f&profile_id=164
gone, https://media.signbsl.com/videos/asl/startasl/mp4/gone.mp4
gone away, https://media.signbsl.com/videos/asl/signlanguagestudent/mp4/gone.mp4
gone missing, https://media.signbsl.com/videos/asl/signlanguagestudent/mp4/gone%20(missing).mp4
gone out, https://media.signbsl.com/videos/asl/aslsearch/mp4/gone2.mp4
goner, https://media.signbsl.com/videos/asl/youtube/mp4/verqRPFxBsE.mp4
gong, https://media.signbsl.com/videos/asl/youtube/mp4/FVPOQxMa86c.mp4
goober, https://media.signbsl.com/videos/asl/youtube/mp4/3_v9vxps058.mp4
goober pea, https://media.signbsl.com/videos/asl/youtube/mp4/3_v9vxps058.mp4
good, https://media.signbsl.com/videos/asl/startasl/mp4/good.mp4
good afternoon, https://media.signbsl.com/videos/asl/startasl/mp4/goodafternoon.mp4
Good Book, https://media.signbsl.com/videos/asl/startasl/mp4/bible.mp4
good by, https://media.signbsl.com/videos/asl/startasl/mp4/bye.mp4
goodby, https://media.signbsl.com/videos/asl/startasl/mp4/bye.mp4
good bye, https://media.signbsl.com/videos/asl/startasl/mp4/bye.mp4
goodbye, https://media.signbsl.com/videos/asl/startasl/mp4/bye.mp4
good day, https://media.signbsl.com/videos/asl/startasl/mp4/bye.mp4
good deal, https://media.signbsl.com/videos/asl/aslsearch/mp4/lot.mp4
good enough, https://media.signbsl.com/videos/asl/youtube/mp4/56Hqn4biR_0.mp4
Good Evening, https://player.vimeo.com/external/392678726.sd.mp4?s=f620a63cbada45fbd8c2f54a81d79cc5c2dbab32&profile_id=164
good for naught, https://player.vimeo.com/external/392383115.sd.mp4?s=c49dafb32c13ff1e87f99d4ca66551c3d71c0277&profile_id=164
good for nothing, https://player.vimeo.com/external/392383115.sd.mp4?s=c49dafb32c13ff1e87f99d4ca66551c3d71c0277&profile_id=164
good fortune, https://media.signbsl.com/videos/asl/aslsearch/mp4/good-luck.mp4
Good Friday, https://player.vimeo.com/external/392678761.sd.mp4?s=752ec15869a48bdb04d6b3fde7a14067b45b7430&profile_id=164
Good Game, https://player.vimeo.com/external/392679552.sd.mp4?s=2e4d4c6b66d8e7b9e50455af58e1c20e39d9ea30&profile_id=164
goodies, https://media.signbsl.com/videos/asl/youtube/mp4/E_a6_sqn9NQ.mp4
goodish, https://media.signbsl.com/videos/asl/youtube/mp4/rMhB78Lo03Y.mp4
good job, https://media.signbsl.com/videos/asl/aslsearch/mp4/good-job.mp4
good looking, https://media.signbsl.com/videos/asl/startasl/mp4/handsome.mp4
good luck, https://media.signbsl.com/videos/asl/aslsearch/mp4/good-luck.mp4
good luck charm, https://media.signbsl.com/videos/asl/youtube/mp4/HeFxqH2R-lY.mp4
goodly, https://media.signbsl.com/videos/asl/youtube/mp4/rMhB78Lo03Y.mp4
good morning, https://media.signbsl.com/videos/asl/startasl/mp4/goodmorning.mp4
good morning everybody, https://media.signbsl.com/videos/asl/youtube/mp4/YfZNZlekeo4.mp4
good neighborliness, https://media.signbsl.com/videos/asl/youtube/mp4/hhJ167dWjbM.mp4
good neighbourliness, https://media.signbsl.com/videos/asl/youtube/mp4/hhJ167dWjbM.mp4
goodness, https://media.signbsl.com/videos/asl/youtube/mp4/ARuExW9CkAE.mp4
good night, https://media.signbsl.com/videos/asl/startasl/mp4/goodnight.mp4
good riddance, https://player.vimeo.com/external/383450632.sd.mp4?s=83280c41b782f5fa12c11780f290e08896b7b291&profile_id=164&oauth2_token_id=1269733722
goods, https://media.signbsl.com/videos/asl/youtube/mp4/VopzLMPQyh4.mp4
good sense, https://media.signbsl.com/videos/asl/aslsearch/mp4/common-sense.mp4
Good Shepherd, https://media.signbsl.com/videos/asl/startasl/mp4/jesus.mp4
good time, https://player.vimeo.com/external/383450663.sd.mp4?s=507216457fb9a3bdcde4915f708e72024402652a&profile_id=164&oauth2_token_id=1269733722
good vibes, https://media.signbsl.com/videos/asl/youtube/mp4/kcQk0T_QqcA.mp4
goody, https://media.signbsl.com/videos/asl/youtube/mp4/E_a6_sqn9NQ.mp4
goody goody, https://player.vimeo.com/external/383450778.sd.mp4?s=26f730929c80e0a6732d30ff1d6bbf6db3969bd9&profile_id=164&oauth2_token_id=1269733722
goof, https://media.signbsl.com/videos/asl/youtube/mp4/0hiZOlDJB4U.mp4
goofball, https://media.signbsl.com/videos/asl/youtube/mp4/0hiZOlDJB4U.mp4
go off, https://media.signbsl.com/videos/asl/youtube/mp4/bkf_si4leDg.mp4
goof off, https://media.signbsl.com/videos/asl/aslsignbank/mp4/PLAY-526.mp4
goofy, https://media.signbsl.com/videos/asl/startasl/mp4/silly.mp4
google, https://media.signbsl.com/videos/asl/youtube/mp4/7juRuSfKzGg.mp4
google drive, https://media.signbsl.com/videos/asl/thefamilyvocab/mp4/Google%20Drive.mp4
gooier, https://media.signbsl.com/videos/asl/youtube/mp4/-a2Tzj0bijY.mp4
gook, https://media.signbsl.com/videos/asl/youtube/mp4/WVRpFOxuRQQ.mp4
go on, https://media.signbsl.com/videos/asl/startasl/mp4/continue.mp4
goon, https://media.signbsl.com/videos/asl/startasl/mp4/continue.mp4
goose, https://media.signbsl.com/videos/asl/aslsearch/mp4/goose.mp4
gooseberries, https://media.signbsl.com/videos/asl/youtube/mp4/5d_pPUMtD7w.mp4
gooseberry, https://media.signbsl.com/videos/asl/youtube/mp4/5d_pPUMtD7w.mp4
goosebumps, NA
goose egg, https://media.signbsl.com/videos/asl/aslsignbank/mp4/NONE-3092.mp4
goosefish, https://media.signbsl.com/videos/asl/youtube/mp4/lSzFT3o3cfs.mp4
go out, https://media.signbsl.com/videos/asl/aslsearch/mp4/exit.mp4
go over, https://media.signbsl.com/videos/asl/aslsignbank/mp4/CHECK-1059.mp4
GOP, https://player.vimeo.com/external/392439201.sd.mp4?s=4e6c20e8612335a92d4e63897b2438d3d4b56036&profile_id=164
go past, https://media.signbsl.com/videos/asl/signlanguagestudent/mp4/pass.mp4
go past me, https://media.signbsl.com/videos/asl/youtube/mp4/dvsw2PIG62Y.mp4
Gopher State, https://media.signbsl.com/videos/asl/youtube/mp4/neyC_sg_XtA.mp4
go potty, https://media.signbsl.com/videos/asl/youtube/mp4/5R7WAN7akyg.mp4
gore, https://media.signbsl.com/videos/asl/youtube/mp4/sr7Ewfh_OPg.mp4
gorge, https://media.signbsl.com/videos/asl/youtube/mp4/EnExJmA5Af4.mp4
gorgeous, https://media.signbsl.com/videos/asl/aslsearch/mp4/gorgeous.mp4
gorilla, https://media.signbsl.com/videos/asl/aslsearch/mp4/gorilla.mp4
Gorilla gorilla, https://media.signbsl.com/videos/asl/aslsearch/mp4/gorilla.mp4
gormandise, https://media.signbsl.com/videos/asl/youtube/mp4/EnExJmA5Af4.mp4
gormandize, https://media.signbsl.com/videos/asl/youtube/mp4/EnExJmA5Af4.mp4
gosh, https://player.vimeo.com/external/392151844.sd.mp4?s=dfbc5d26784cf9fdeccbd061a67bc3d9a0563aac&profile_id=164
gosling, https://media.signbsl.com/videos/asl/youtube/mp4/V7KPw_bg0Zc.mp4
Gospel, https://media.signbsl.com/videos/asl/signlanguagestudent/mp4/gospel%20(alternate).mp4
Gospel of Jesus Christ, https://media.signbsl.com/videos/asl/ids/mp4/2013-11-2090-gospel-of-jesus-christ-1500k-ase.mp4
Gospels, https://media.signbsl.com/videos/asl/signlanguagestudent/mp4/gospel%20(alternate).mp4
gossip, https://media.signbsl.com/videos/asl/startasl/mp4/gossip.mp4
gossiper, https://media.signbsl.com/videos/asl/youtube/mp4/YZ8FWM5G0es.mp4
gossiping, https://media.signbsl.com/videos/asl/valleybible/mp4/gossiping.mp4
gossipmonger, https://media.signbsl.com/videos/asl/youtube/mp4/YZ8FWM5G0es.mp4
gossipmongering, https://media.signbsl.com/videos/asl/valleybible/mp4/gossiping.mp4
gossipy, https://player.vimeo.com/external/395742417.sd.mp4?s=be1ef4c0974b62de25fbfdbdb204f28dc57ed229&profile_id=164
go steady, https://media.signbsl.com/videos/asl/youtube/mp4/rUQyo0gd-oY.mp4
go straight, https://media.signbsl.com/videos/asl/youtube/mp4/ppVO5rZ76R0.mp4
got, https://media.signbsl.com/videos/asl/aslsearch/mp4/got.mp4
gotcha, https://player.vimeo.com/external/392151897.sd.mp4?s=68ed1480f0fcd8216f4f9e815f010c301577297b&profile_id=164
Gothic, https://media.signbsl.com/videos/asl/youtube/mp4/BGImn8EXfpY.mp4
Gothic architecture, https://media.signbsl.com/videos/asl/youtube/mp4/BGImn8EXfpY.mp4
go through, https://media.signbsl.com/videos/asl/aslsignbank/mp4/CONSUME-1133.mp4
got it, https://media.signbsl.com/videos/asl/youtube/mp4/ATDb_kJpz70.mp4
go to, https://media.signbsl.com/videos/asl/aslsearch/mp4/attend.mp4
go to++attend, NA
go to a friends house, https://media.signbsl.com/videos/asl/youtube/mp4/PzlRU5zNxAA.mp4
go to aunt and uncles house, https://media.signbsl.com/videos/asl/youtube/mp4/DQxnWaDpAWA.mp4
go to bed, https://media.signbsl.com/videos/asl/aslsearch/mp4/go-to-sleep.mp4
go to daddys house, https://media.signbsl.com/videos/asl/youtube/mp4/8emywjImzyA.mp4
go to events casually, https://media.signbsl.com/videos/asl/youtube/mp4/RojLKefXtRM.mp4
go together, https://media.signbsl.com/videos/asl/youtube/mp4/lf_w2Nded8Q.mp4
go to grandmas house, https://media.signbsl.com/videos/asl/youtube/mp4/xzyfaGZO8sU.mp4
go to guy, https://media.signbsl.com/videos/asl/youtube/mp4/lW8RtODYX44.mp4
go to moms house, https://media.signbsl.com/videos/asl/youtube/mp4/Px4LTtjZJdM.mp4
go to sleep, https://media.signbsl.com/videos/asl/aslsearch/mp4/go-to-sleep.mp4
go to the store, https://media.signbsl.com/videos/asl/youtube/mp4/r328wZS30lI.mp4
got to, https://media.signbsl.com/videos/asl/youtube/mp4/h3GC4LNfEvA.mp4
gouge, https://media.signbsl.com/videos/asl/aslsignbank/mp4/GOUGE-727.mp4
gougehighway robberysoak, https://media.signbsl.com/videos/asl/youtube/mp4/xKH2sC4p9yA.mp4
gouger, https://media.signbsl.com/videos/asl/youtube/mp4/4XE_iwb-gT0.mp4
go under, https://media.signbsl.com/videos/asl/youtube/mp4/plf3Tp2uCvs.mp4
go up, https://media.signbsl.com/videos/asl/aslsearch/mp4/climb.mp4
go up and down, https://media.signbsl.com/videos/asl/youtube/mp4/MuxjswYxVh8.mp4
gourd, https://media.signbsl.com/videos/asl/youtube/mp4/4KljgZCezJ0.mp4
gourmand, https://media.signbsl.com/videos/asl/youtube/mp4/HQk9MSSCXs4.mp4
gourmandize, https://media.signbsl.com/videos/asl/youtube/mp4/EnExJmA5Af4.mp4
gourmet, https://media.signbsl.com/videos/asl/youtube/mp4/BhaQAUfJiew.mp4
gout, https://media.signbsl.com/videos/asl/youtube/mp4/DBaCbntkerE.mp4
gouty arthritis, https://media.signbsl.com/videos/asl/youtube/mp4/DBaCbntkerE.mp4
goutygoutiergoutiest, https://media.signbsl.com/videos/asl/youtube/mp4/qR6kekOWwjI.mp4
govern, https://media.signbsl.com/videos/asl/aslsearch/mp4/govern.mp4
governable, https://media.signbsl.com/videos/asl/youtube/mp4/JkI7IfrM9tw.mp4
government, https://media.signbsl.com/videos/asl/startasl/mp4/government.mp4
government agency, https://media.signbsl.com/videos/asl/aslsearch/mp4/bureau.mp4
government initialized, https://media.signbsl.com/videos/asl/signlanguagestudent/mp4/government%20(initialized).mp4
government note, https://media.signbsl.com/videos/asl/aslsearch/mp4/bill.mp4
governor, https://media.signbsl.com/videos/asl/elementalaslconcepts/mp4/governor.mp4
governorship, https://media.signbsl.com/videos/asl/youtube/mp4/cEC2H-ds_UI.mp4
go with, https://media.signbsl.com/videos/asl/aslsearch/mp4/accompany.mp4
gown, https://media.signbsl.com/videos/asl/aslsearch/mp4/gown.mp4
go wrong, https://media.signbsl.com/videos/asl/aslsignbank/mp4/FAIL-594.mp4
GPS, https://player.vimeo.com/external/392679639.sd.mp4?s=8e3c63726c644995bd8a7fe96d3527387b4eea58&profile_id=164
grab, https://media.signbsl.com/videos/asl/aslsearch/mp4/grab.mp4
grab an opportunity, https://player.vimeo.com/external/392152000.sd.mp4?s=e9480f2ee6047ddbd4d43014e80b6a24f3f0b8ea&profile_id=164
grab away, https://media.signbsl.com/videos/asl/youtube/mp4/xZl2OBliPGY.mp4
grabby, https://player.vimeo.com/external/391178299.sd.mp4?s=46f24d40152142f32e2cc8ebd32d791224deb6bd&profile_id=164
grab chance, https://media.signbsl.com/videos/asl/youtube/mp4/fPbe5dG3bJo.mp4
grab your interest, https://media.signbsl.com/videos/asl/youtube/mp4/A5TrPMP3TFU.mp4
grace, https://media.signbsl.com/videos/asl/aslsignbank/mp4/DECORATE-1227.mp4
graceful, https://media.signbsl.com/videos/asl/youtube/mp4/1Ez9zADVWWo.mp4
graceless, https://media.signbsl.com/videos/asl/youtube/mp4/AvOqGBKKUoc.mp4
grace of God, https://media.signbsl.com/videos/asl/valleybible/mp4/grace.mp4
grace period, https://media.signbsl.com/videos/asl/youtube/mp4/JPKPnVz0QBg.mp4
gracious, https://media.signbsl.com/videos/asl/aslsignbank/mp4/FANCY-1382.mp4
grad, https://media.signbsl.com/videos/asl/youtube/mp4/mfXGwcY6Me0.mp4
gradate, https://media.signbsl.com/videos/asl/youtube/mp4/6LJEm4SygNI.mp4
grade, https://media.signbsl.com/videos/asl/aslsignbank/mp4/CLASS-585.mp4
grade a, https://media.signbsl.com/videos/asl/aslsignbank/mp4/GRADE-LETTER-3340.mp4
grade b, https://media.signbsl.com/videos/asl/aslsignbank/mp4/GRADE-LETTER-3342.mp4
grade c, https://media.signbsl.com/videos/asl/aslsignbank/mp4/GRADE-LETTER-3344.mp4
graded, https://media.signbsl.com/videos/asl/aslsignbank/mp4/GRADE-LETTER-3345.mp4
grade d, https://media.signbsl.com/videos/asl/aslsignbank/mp4/GRADE-LETTER-3345.mp4
grade f, https://media.signbsl.com/videos/asl/aslsignbank/mp4/GRADE-LETTER-3348.mp4
grade insignia, https://media.signbsl.com/videos/asl/youtube/mp4/_LJ5TJ7-WFE.mp4
grade mark, https://player.vimeo.com/external/392152068.sd.mp4?s=5be3cda6e60d39e04e85b3cd5844f9d6d6c8ac24&profile_id=164
grade philadelphia sign only, https://media.signbsl.com/videos/asl/aslsignbank/mp4/GRADE-2221.mp4
grader, https://media.signbsl.com/videos/asl/youtube/mp4/DvIC1r5VzKs.mp4
grade school, https://media.signbsl.com/videos/asl/startasl/mp4/elementary-school.mp4
grade separate according to set standard, https://media.signbsl.com/videos/asl/youtube/mp4/q-eb-bk7mI0.mp4
gradient, https://media.signbsl.com/videos/asl/aslsignbank/mp4/REGISTER-954.mp4
grading, https://media.signbsl.com/videos/asl/youtube/mp4/c0a_wpCLG40.mp4
grad school, https://media.signbsl.com/videos/asl/aslsignbank/mp4/GRADUATE-SCHOOL-1865.mp4
gradual, https://media.signbsl.com/videos/asl/youtube/mp4/2UH0boc-rkM.mp4
gradual incline, https://media.signbsl.com/videos/asl/youtube/mp4/6vSVugtStLo.mp4
gradualism, https://media.signbsl.com/videos/asl/youtube/mp4/ODz2U8Xx9rw.mp4
graduate, https://media.signbsl.com/videos/asl/startasl/mp4/graduate.mp4
graduated, https://media.signbsl.com/videos/asl/youtube/mp4/3vx5NUYnib0.mp4
graduated cylinder, https://media.signbsl.com/videos/asl/deaftec/mp4/1382.mp4
graduated table, https://media.signbsl.com/videos/asl/aslsearch/mp4/scale.mp4
graduate school, https://media.signbsl.com/videos/asl/aslsignbank/mp4/GRADUATE-SCHOOL-1865.mp4
graduation, https://player.vimeo.com/external/392152175.sd.mp4?s=b5811100ed59ab086890230b2c39f1679875df96&profile_id=164
graduation exercise, https://media.signbsl.com/videos/asl/youtube/mp4/s4DS7M1mgYw.mp4
graffiti, https://media.signbsl.com/videos/asl/youtube/mp4/KjEoDTh2mZY.mp4
graffito, https://media.signbsl.com/videos/asl/youtube/mp4/KjEoDTh2mZY.mp4
graft, https://media.signbsl.com/videos/asl/youtube/mp4/yiY-jB3659A.mp4
Graf Zeppelin, https://player.vimeo.com/external/392760672.sd.mp4?s=3193a1d1ce7ac4ec8d9151cfa2dfb9e7fd06c12c&profile_id=164
grain, https://media.signbsl.com/videos/asl/aslsearch/mp4/cereal2.mp4
grain alcohol, https://media.signbsl.com/videos/asl/youtube/mp4/sQbxWTLF3zk.mp4
graininess, https://media.signbsl.com/videos/asl/youtube/mp4/HtVlCFvWHes.mp4
grainy, https://media.signbsl.com/videos/asl/youtube/mp4/6pjpym0O8NQ.mp4
grainygrainiergrainiestmealiermealiest texture, https://media.signbsl.com/videos/asl/youtube/mp4/u-Gu07pwIDs.mp4
gram, https://media.signbsl.com/videos/asl/tsdvideo/mp4/281.mp4
grammar, https://media.signbsl.com/videos/asl/aslsignbank/mp4/GRAMMAR-1864.mp4
grammarian, https://media.signbsl.com/videos/asl/youtube/mp4/J_CzXcX6B08.mp4
grammar school, https://media.signbsl.com/videos/asl/startasl/mp4/elementary-school.mp4
grammatic, https://media.signbsl.com/videos/asl/youtube/mp4/Lnc_MtdxwUc.mp4
grammatical, https://media.signbsl.com/videos/asl/youtube/mp4/Lnc_MtdxwUc.mp4
grammatical gender, https://media.signbsl.com/videos/asl/aslsearch/mp4/gender.mp4
gramme, https://media.signbsl.com/videos/asl/tsdvideo/mp4/281.mp4
gram molecule, https://media.signbsl.com/videos/asl/youtube/mp4/6FUtaR7sjiw.mp4
gramps, https://media.signbsl.com/videos/asl/startasl/mp4/grandfather.mp4
grampsgrampa old man, https://media.signbsl.com/videos/asl/youtube/mp4/nVvpl3TosoM.mp4
gran, https://media.signbsl.com/videos/asl/startasl/mp4/grandmother.mp4
granaries, https://media.signbsl.com/videos/asl/youtube/mp4/jujsju5y-iw.mp4
granary, https://media.signbsl.com/videos/asl/youtube/mp4/jujsju5y-iw.mp4
grand, https://media.signbsl.com/videos/asl/aslsearch/mp4/grand.mp4
grand,grander,grandest wonderful, https://media.signbsl.com/videos/asl/youtube/mp4/uM0fEYLqSSo.mp4
grandad, https://media.signbsl.com/videos/asl/startasl/mp4/grandfather.mp4
grandaunt, https://media.signbsl.com/videos/asl/youtube/mp4/4V1JwKfYqno.mp4
Grand Canyon State, https://media.signbsl.com/videos/asl/aslsignbank/mp4/ARIZONA-770.mp4
grandchild, https://player.vimeo.com/external/392152350.sd.mp4?s=8ead6fa36e1e61e0134fe9f0524ba2bceb78a707&profile_id=164
grandchildren, https://player.vimeo.com/external/392152375.sd.mp4?s=2e398f7755f9e2d2eb2fd5792a847c40df141e43&profile_id=164
granddad, https://media.signbsl.com/videos/asl/startasl/mp4/grandfather.mp4
granddaddy, https://media.signbsl.com/videos/asl/startasl/mp4/grandfather.mp4
grand daughter, https://media.signbsl.com/videos/asl/startasl/mp4/grand-daughter-2.mp4
granddaughter, https://media.signbsl.com/videos/asl/startasl/mp4/grand-daughter-2.mp4
Grand Duchy of Luxembourg, https://media.signbsl.com/videos/asl/youtube/mp4/9U_a5PV_eb8.mp4
grandee, https://media.signbsl.com/videos/asl/youtube/mp4/ljIlHivnxrs.mp4
grandeur, https://media.signbsl.com/videos/asl/youtube/mp4/7GeTIsqaqtU.mp4
grandfather, https://media.signbsl.com/videos/asl/startasl/mp4/grandfather.mp4
grandfather clause, https://media.signbsl.com/videos/asl/youtube/mp4/kWftu1qB5Co.mp4
grandfather in, https://media.signbsl.com/videos/asl/youtube/mp4/vG5h-CzNHxQ.mp4
grandfatherly, https://media.signbsl.com/videos/asl/youtube/mp4/RuK5KdelcPk.mp4
grandgrandergrandest wonderful, https://media.signbsl.com/videos/asl/youtube/mp4/uM0fEYLqSSo.mp4
grandiloquence, https://media.signbsl.com/videos/asl/youtube/mp4/POANiMySjqs.mp4
grandiloquent, https://media.signbsl.com/videos/asl/youtube/mp4/axegvKsZG2E.mp4
grandiose impressive and imposing in appearance or style especially pretentiously so, https://media.signbsl.com/videos/asl/youtube/mp4/TIeViab2iM8.mp4
grandiosity, https://media.signbsl.com/videos/asl/youtube/mp4/POANiMySjqs.mp4
grandma, https://media.signbsl.com/videos/asl/startasl/mp4/grandmother.mp4
grandmother, https://media.signbsl.com/videos/asl/startasl/mp4/grandmother.mp4
grandnephew, https://media.signbsl.com/videos/asl/youtube/mp4/c6p-hj-TQKk.mp4
grandiose impressive and imposing in appearance or style especially pretentiously so, https://media.signbsl.com/videos/asl/youtube/mp4/TIeViab2iM8.mp4
grandiosity, https://media.signbsl.com/videos/asl/youtube/mp4/POANiMySjqs.mp4
grandma, https://media.signbsl.com/videos/asl/startasl/mp4/grandmother.mp4
grandmother, https://media.signbsl.com/videos/asl/startasl/mp4/grandmother.mp4
grandnephew, https://media.signbsl.com/videos/asl/youtube/mp4/c6p-hj-TQKk.mp4
grandness, https://media.signbsl.com/videos/asl/youtube/mp4/7GeTIsqaqtU.mp4
grandniece, https://media.signbsl.com/videos/asl/youtube/mp4/xhFnBRkKf5c.mp4
grandpa, https://media.signbsl.com/videos/asl/startasl/mp4/grandfather.mp4
grandparent, https://media.signbsl.com/videos/asl/aslsignbank/mp4/GRANDPARENTS-1995.mp4
grandparents, https://media.signbsl.com/videos/asl/aslsignbank/mp4/GRANDPARENTS-1995.mp4
grand slam, https://media.signbsl.com/videos/asl/youtube/mp4/xgfkExM-BnY.mp4
grand son, https://media.signbsl.com/videos/asl/startasl/mp4/grand-son-2.mp4
grandson, https://media.signbsl.com/videos/asl/startasl/mp4/grand-son-2.mp4
grandstand, https://media.signbsl.com/videos/asl/youtube/mp4/vequTD2d3RA.mp4
granduncle, https://media.signbsl.com/videos/asl/youtube/mp4/eLh241IkIc4.mp4
granger, https://media.signbsl.com/videos/asl/aslsearch/mp4/farmer.mp4
granite, https://media.signbsl.com/videos/asl/youtube/mp4/RdZOkpAdRqw.mp4
Granite State, https://media.signbsl.com/videos/asl/youtube/mp4/PkkPGAh6268.mp4
granitic, https://media.signbsl.com/videos/asl/youtube/mp4/OjnhQJ7iKMo.mp4
grannie, https://media.signbsl.com/videos/asl/startasl/mp4/grandmother.mp4
granny, https://media.signbsl.com/videos/asl/startasl/mp4/grandmother.mp4
granny old woman, https://media.signbsl.com/videos/asl/youtube/mp4/eaF2oluOOqw.mp4
grant, https://media.signbsl.com/videos/asl/aslsignbank/mp4/ALLOW-2063.mp4
granted, https://media.signbsl.com/videos/asl/youtube/mp4/3phFXMpicwQ.mp4
grant money, https://player.vimeo.com/external/392864537.sd.mp4?s=a4bdf727ea4218e7ac8f879ce79b0cce6b70923f&profile_id=164
granular, https://media.signbsl.com/videos/asl/youtube/mp4/6pjpym0O8NQ.mp4
granularity, https://media.signbsl.com/videos/asl/youtube/mp4/HtVlCFvWHes.mp4
granulate, https://media.signbsl.com/videos/asl/youtube/mp4/F6uxNklapZ8.mp4
granulose, https://media.signbsl.com/videos/asl/youtube/mp4/6pjpym0O8NQ.mp4
grape, https://media.signbsl.com/videos/asl/startasl/mp4/grapes.mp4
grapefruit, https://media.signbsl.com/videos/asl/youtube/mp4/NX-0BtdYq7g.mp4
grapes, https://media.signbsl.com/videos/asl/startasl/mp4/grapes.mp4
grape sugar, https://media.signbsl.com/videos/asl/youtube/mp4/m3Bw9a4WqQM.mp4
grapevine, https://media.signbsl.com/videos/asl/youtube/mp4/zsZ8GCB2y5s.mp4
graph, https://media.signbsl.com/videos/asl/tsdvideo/mp4/384.mp4
graphic, https://media.signbsl.com/videos/asl/youtube/mp4/R-AOMMvOS1k.mp4
graphical record, https://media.signbsl.com/videos/asl/tsdvideo/mp4/384.mp4
graphics, https://media.signbsl.com/videos/asl/mariekatzenbachschool/mp4/graphics.mp4
graphologist, https://media.signbsl.com/videos/asl/youtube/mp4/jpaNeqp5mzM.mp4
grapple, https://media.signbsl.com/videos/asl/aslsearch/mp4/wrestle.mp4
grappler, https://media.signbsl.com/videos/asl/aslsearch/mp4/wrestler.mp4
grapple with handle, https://media.signbsl.com/videos/asl/youtube/mp4/5fCZcxUdUEs.mp4
grappling, https://media.signbsl.com/videos/asl/aslsearch/mp4/wrestle.mp4
grasp, https://media.signbsl.com/videos/asl/tsdvideo/mp4/1025.mp4
graspable, https://player.vimeo.com/external/392547403.sd.mp4?s=bc5739dacea4ba04f1bd3cf79ff7d11cf11e1745&profile_id=164
grasping, https://player.vimeo.com/external/391178299.sd.mp4?s=46f24d40152142f32e2cc8ebd32d791224deb6bd&profile_id=164
grasping at straws not many options left, https://media.signbsl.com/videos/asl/youtube/mp4/GcV_AYousRY.mp4
grasp opportunity, https://media.signbsl.com/videos/asl/youtube/mp4/8MY9PUKLnvY.mp4
grass, https://media.signbsl.com/videos/asl/aslsignbank/mp4/GRASS-474.mp4
grasshopper, https://player.vimeo.com/external/392152625.sd.mp4?s=d9b1d046f4e758d1dd43674289e4b4a78e59c4c9&profile_id=164
grass is always greener on the other side, https://media.signbsl.com/videos/asl/youtube/mp4/lF15C0ffsus.mp4
grassland, https://player.vimeo.com/external/392864574.sd.mp4?s=2080143e2e8e88003f3a6f210f02742d32c07cf4&profile_id=164
grassless, https://media.signbsl.com/videos/asl/youtube/mp4/LAWJiNxQHG4.mp4
grass parakeet, https://media.signbsl.com/videos/asl/youtube/mp4/q3_OWnP5bhg.mp4
grassroots, https://player.vimeo.com/external/392152658.sd.mp4?s=c3ce150428f133583350335031ea7bacc92469b0&profile_id=164
grassroots people, https://media.signbsl.com/videos/asl/youtube/mp4/gzU1p6rZjgw.mp4
grass widow, https://media.signbsl.com/videos/asl/youtube/mp4/u454InQjIIY.mp4
grassy, https://media.signbsl.com/videos/asl/youtube/mp4/UFPRB-Aa0rI.mp4
grassygrassiergrassiest, https://media.signbsl.com/videos/asl/youtube/mp4/PFBQSiqPMIY.mp4
grate, https://player.vimeo.com/external/392679668.sd.mp4?s=82a75d74a79d210423eb7f08b48bec8cb3f0f4b1&profile_id=164
grateful, https://media.signbsl.com/videos/asl/aslsignbank/mp4/THANK-YOU-1198.mp4
grater, https://player.vimeo.com/external/392679703.sd.mp4?s=6824284f576b6840a3a4f8b2151315bd752aa30a&profile_id=164
gratification, https://media.signbsl.com/videos/asl/youtube/mp4/aw5EVPODHzg.mp4
gratify, https://media.signbsl.com/videos/asl/youtube/mp4/hAruN6z6UPQ.mp4
gratifying, https://media.signbsl.com/videos/asl/youtube/mp4/aPE9njwftCk.mp4
grating, https://player.vimeo.com/external/392679668.sd.mp4?s=82a75d74a79d210423eb7f08b48bec8cb3f0f4b1&profile_id=164
gratis, https://media.signbsl.com/videos/asl/youtube/mp4/5Q-K83FVAjc.mp4
gratitude, https://media.signbsl.com/videos/asl/youtube/mp4/pL11X0m1_qs.mp4
gratuities, https://media.signbsl.com/videos/asl/aslsearch/mp4/tip.mp4
gratuitous, https://media.signbsl.com/videos/asl/youtube/mp4/tfsDKTSaNlg.mp4
gratuity, https://media.signbsl.com/videos/asl/aslsearch/mp4/tip.mp4
gratuityparachute a large amount of money given to someone when they leave their job, https://media.signbsl.com/videos/asl/youtube/mp4/aDCy_N4tIRA.mp4
grave, https://media.signbsl.com/videos/asl/aslsearch/mp4/grave.mp4
gravedigger, https://media.signbsl.com/videos/asl/youtube/mp4/ayIyLaXNEjo.mp4
gravegravergravestseriousmore seriousmost serious, https://media.signbsl.com/videos/asl/youtube/mp4/eD02ez38_bw.mp4
gravel, https://media.signbsl.com/videos/asl/aslsignbank/mp4/BOTHER-2129.mp4
gravelly, https://media.signbsl.com/videos/asl/youtube/mp4/AfWbdoA88lw.mp4
gravely, https://media.signbsl.com/videos/asl/youtube/mp4/-9KkixSFWlk.mp4
graven image, https://media.signbsl.com/videos/asl/signlanguagestudent/mp4/idol%20(alternate).mp4
graverobber, https://media.signbsl.com/videos/asl/youtube/mp4/p4mVNEQqWeI.mp4
graveside, https://media.signbsl.com/videos/asl/youtube/mp4/RFI4My5POis.mp4
graveyard, https://media.signbsl.com/videos/asl/aslsearch/mp4/cemetery.mp4
graveyard shift, https://media.signbsl.com/videos/asl/aslsearch/mp4/graveyard-shift.mp4
gravid, https://media.signbsl.com/videos/asl/youtube/mp4/gO-yU-cXPE4.mp4
gravies, https://player.vimeo.com/external/391209170.sd.mp4?s=2110fe5b0577ef3e5920496466c9682dd3607378&profile_id=164
gravimeter, https://media.signbsl.com/videos/asl/youtube/mp4/z3g1dNI21F4.mp4
gravitation, https://media.signbsl.com/videos/asl/aslsearch/mp4/gravity.mp4
gravitational attraction, https://media.signbsl.com/videos/asl/aslsearch/mp4/gravity.mp4
gravitational force, https://media.signbsl.com/videos/asl/aslsearch/mp4/gravity.mp4
gravity, https://media.signbsl.com/videos/asl/aslsearch/mp4/gravity.mp4
gravy, https://player.vimeo.com/external/391209170.sd.mp4?s=2110fe5b0577ef3e5920496466c9682dd3607378&profile_id=164
gravy money or profit that you get unexpectedly, https://media.signbsl.com/videos/asl/youtube/mp4/s954mT0zMJk.mp4
gravy train, https://media.signbsl.com/videos/asl/youtube/mp4/4Rp_dDG2y1w.mp4
gray, https://media.signbsl.com/videos/asl/startasl/mp4/gray.mp4
gray area, https://media.signbsl.com/videos/asl/youtube/mp4/yfniimvmXGA.mp4
graygrayergrayest color, https://media.signbsl.com/videos/asl/youtube/mp4/oiWGQUYTszI.mp4
gray hair, https://player.vimeo.com/external/392152719.sd.mp4?s=9e7c27b74e6b63cc0224a3311e7cc047f72e8aac&profile_id=164
grayish, https://media.signbsl.com/videos/asl/startasl/mp4/gray.mp4
grayish brown, https://media.signbsl.com/videos/asl/youtube/mp4/w--LRlgqfwY.mp4
gray matter, https://player.vimeo.com/external/392864595.sd.mp4?s=c9447fc8a833bef6a2551cf8c4e50931026ca0c9&profile_id=164
gray substance, https://player.vimeo.com/external/392864595.sd.mp4?s=c9447fc8a833bef6a2551cf8c4e50931026ca0c9&profile_id=164
graze, https://media.signbsl.com/videos/asl/youtube/mp4/-nBiK_qYJl4.mp4
grazing land, https://player.vimeo.com/external/392386491.sd.mp4?s=b7ea97009bdda7772e0c1aaffd5ad27e7c509e37&profile_id=164
grease, https://media.signbsl.com/videos/asl/aslsignbank/mp4/GREASE-2783.mp4
grease monkey, https://media.signbsl.com/videos/asl/startasl/mp4/mechanic2.mp4
grease ones palms, https://media.signbsl.com/videos/asl/aslsearch/mp4/bribe.mp4
greaser, https://media.signbsl.com/videos/asl/youtube/mp4/QSk44XrOTrc.mp4
grease someones palm bribe, https://media.signbsl.com/videos/asl/youtube/mp4/fxdK3iZw71o.mp4
grease the skids, https://media.signbsl.com/videos/asl/youtube/mp4/9PePKBfWgLo.mp4
greasier, https://media.signbsl.com/videos/asl/youtube/mp4/LJLyeaxu-yo.mp4
greasy, https://player.vimeo.com/external/392152825.sd.mp4?s=dafed8ac387b9c845a72a7f76796962382d2c3a1&profile_id=164
greasy pole used to refer to the difficult route to the top of someones profession, https://media.signbsl.com/videos/asl/youtube/mp4/dr9leKinY8U.mp4
great, https://media.signbsl.com/videos/asl/aslsearch/mp4/great.mp4
great aunt, https://media.signbsl.com/videos/asl/youtube/mp4/4V1JwKfYqno.mp4
Great Britain, https://media.signbsl.com/videos/asl/youtube/mp4/xtLq19JqWRM.mp4
great circle, https://media.signbsl.com/videos/asl/youtube/mp4/yuV7kUtcBRs.mp4
greatcoat, https://media.signbsl.com/videos/asl/aslsignbank/mp4/OVERCOAT-2251.mp4
great deal, https://media.signbsl.com/videos/asl/aslsearch/mp4/lot.mp4
Great Depression, https://media.signbsl.com/videos/asl/elementalaslconcepts/mp4/great_depression.mp4
Greater London, https://media.signbsl.com/videos/asl/aslsignbank/mp4/LONDON-3481.mp4
Greater New York, https://media.signbsl.com/videos/asl/aslsignbank/mp4/NEW-YORK-2291.mp4
greater than, https://media.signbsl.com/videos/asl/tsdvideo/mp4/364.mp4
greatest common divisor, https://media.signbsl.com/videos/asl/tsdvideo/mp4/462.mp4
greatest common factor, https://media.signbsl.com/videos/asl/tsdvideo/mp4/462.mp4
great granddaughter, https://media.signbsl.com/videos/asl/aslsearch/mp4/great-granddaughter.mp4
great grandma, https://media.signbsl.com/videos/asl/aslsearch/mp4/great-grandma.mp4
great grandpa, https://media.signbsl.com/videos/asl/aslsearch/mp4/great-grandpa.mp4
great grandson, https://media.signbsl.com/videos/asl/aslsearch/mp4/great-grandson.mp4
great minds think alike, https://media.signbsl.com/videos/asl/youtube/mp4/VueTPiXpLMk.mp4
great nephew, https://media.signbsl.com/videos/asl/youtube/mp4/c6p-hj-TQKk.mp4
great niece, https://media.signbsl.com/videos/asl/youtube/mp4/xhFnBRkKf5c.mp4
great power, https://media.signbsl.com/videos/asl/youtube/mp4/8-wL-wpQszw.mp4
great scott, https://media.signbsl.com/videos/asl/youtube/mp4/66I07yDKXvA.mp4
great size, https://media.signbsl.com/videos/asl/signlanguagestudent/mp4/great%20(size).mp4
great uncle, https://media.signbsl.com/videos/asl/youtube/mp4/eLh241IkIc4.mp4
great unwashed, https://media.signbsl.com/videos/asl/youtube/mp4/oCq4ptKC8R4.mp4
Great War, https://media.signbsl.com/videos/asl/elementalaslconcepts/mp4/world_war_i.mp4
great white hope something or someone that is expected to succeed, https://media.signbsl.com/videos/asl/youtube/mp4/pWhORSjD4dU.mp4
Grecian, https://media.signbsl.com/videos/asl/valleybible/mp4/Greek-2.mp4
Greece, https://media.signbsl.com/videos/asl/startasl/mp4/greece.mp4
greed, https://media.signbsl.com/videos/asl/aslsearch/mp4/greed.mp4
greedy, https://player.vimeo.com/external/391178299.sd.mp4?s=46f24d40152142f32e2cc8ebd32d791224deb6bd&profile_id=164
greedygreediergreediest, https://media.signbsl.com/videos/asl/youtube/mp4/u8M9pA0vl-E.mp4
greedygreediergreediest miserly, https://media.signbsl.com/videos/asl/youtube/mp4/-VbWI-QI13k.mp4
Greek, https://media.signbsl.com/videos/asl/valleybible/mp4/Greek-2.mp4
green, https://media.signbsl.com/videos/asl/startasl/mp4/green.mp4
greenback, https://media.signbsl.com/videos/asl/aslsearch/mp4/bill.mp4
green bean, https://media.signbsl.com/videos/asl/startasl/mp4/green-beans.mp4
green beans, https://media.signbsl.com/videos/asl/startasl/mp4/green-beans.mp4
greenbrier, https://media.signbsl.com/videos/asl/youtube/mp4/ioQMs2K-DTY.mp4
greener pastures, https://media.signbsl.com/videos/asl/youtube/mp4/aN50bjulUQc.mp4
greenery, https://media.signbsl.com/videos/asl/youtube/mp4/eOH4pd0Ua6k.mp4
green fingers, https://media.signbsl.com/videos/asl/youtube/mp4/Vhf7MSsHojI.mp4
green goddess, https://media.signbsl.com/videos/asl/youtube/mp4/FdUZb3NFrj0.mp4
green grapes, https://player.vimeo.com/external/392679739.sd.mp4?s=44ae0c240dcbbb5d8cd28c740af98af1ef9c3048&profile_id=164
greengreenergreenest better for environment, https://media.signbsl.com/videos/asl/youtube/mp4/YBqIbDDR_EQ.mp4
greengreenergreenest color, https://media.signbsl.com/videos/asl/youtube/mp4/Wdd-8PBOZs0.mp4
greengreenergreenest envy, https://media.signbsl.com/videos/asl/youtube/mp4/AuLLIpr1kfo.mp4
greengreenergreenest inexperienced, https://media.signbsl.com/videos/asl/youtube/mp4/1m4hBz9hGeA.mp4
greengrocer, https://media.signbsl.com/videos/asl/youtube/mp4/mc-Lr979iPw.mp4
greenhorn, https://media.signbsl.com/videos/asl/youtube/mp4/1UcRWhfYNmM.mp4
greenhouse, https://media.signbsl.com/videos/asl/aslsearch/mp4/greenhouse.mp4
greenish, https://media.signbsl.com/videos/asl/startasl/mp4/green.mp4
Greenland, https://player.vimeo.com/external/392153606.sd.mp4?s=3b7323c4198ac839d6d11974bc5ebe71e4626cd1&profile_id=164
Greenland caribou, https://player.vimeo.com/external/392430396.sd.mp4?s=1d3e6d43ceb9293569fa19b551f02ab70360ec65&profile_id=164
green light to proceed, https://media.signbsl.com/videos/asl/youtube/mp4/7UoqMvO3WhM.mp4
Green Mountain State, https://media.signbsl.com/videos/asl/youtube/mp4/WtE7l6RhuqE.mp4
green pepper, https://media.signbsl.com/videos/asl/aslsearch/mp4/green-pepper.mp4
greenroom, https://media.signbsl.com/videos/asl/youtube/mp4/JWJRjz46gz0.mp4
green spaces, https://media.signbsl.com/videos/asl/youtube/mp4/1-7lYoLlFjU.mp4
green squash, https://player.vimeo.com/external/392679871.sd.mp4?s=5ff58a7e44f086f2e9fe65541b4782f546ac0501&profile_id=164
greensward, https://media.signbsl.com/videos/asl/youtube/mp4/vrhjjB9sz0c.mp4
green thumb, https://media.signbsl.com/videos/asl/youtube/mp4/Vhf7MSsHojI.mp4
green very green, https://media.signbsl.com/videos/asl/signlanguagestudent/mp4/green%20(very%20green).mp4
greet, https://media.signbsl.com/videos/asl/aslsearch/mp4/greet.mp4
greeter, https://media.signbsl.com/videos/asl/youtube/mp4/pCQ35h-XClo.mp4
greeting, https://media.signbsl.com/videos/asl/aslsignbank/mp4/HELLO-482.mp4
greet several people, https://media.signbsl.com/videos/asl/aslsearch/mp4/greet2.mp4
gregarious, https://media.signbsl.com/videos/asl/youtube/mp4/MHu4gPfg5ac.mp4
gremlin, https://player.vimeo.com/external/392009471.sd.mp4?s=cfe3a9912745b9cbdf2b5589e3d3c80c212ce5d0&profile_id=164
Grenada, https://media.signbsl.com/videos/asl/youtube/mp4/f20WagzjKMU.mp4
grenade, https://media.signbsl.com/videos/asl/youtube/mp4/DgigRLTATNw.mp4
grenadier, https://media.signbsl.com/videos/asl/youtube/mp4/gYMxczGsWcU.mp4
gretel, https://media.signbsl.com/videos/asl/youtube/mp4/5JrksCVuX_8.mp4
gretzky wayne, https://player.vimeo.com/external/392153704.sd.mp4?s=901ddcf7a6bb0e61bdc7f6be795167143027e7dc&profile_id=164
grew, https://media.signbsl.com/videos/asl/youtube/mp4/fhsv-ukb1I0.mp4
grey, https://media.signbsl.com/videos/asl/startasl/mp4/gray.mp4
grey area, https://media.signbsl.com/videos/asl/youtube/mp4/yfniimvmXGA.mp4
greyish, https://media.signbsl.com/videos/asl/startasl/mp4/gray.mp4
greyish brown, https://media.signbsl.com/videos/asl/youtube/mp4/w--LRlgqfwY.mp4
grey matter, https://player.vimeo.com/external/392864595.sd.mp4?s=c9447fc8a833bef6a2551cf8c4e50931026ca0c9&profile_id=164
grey substance, https://player.vimeo.com/external/392864595.sd.mp4?s=c9447fc8a833bef6a2551cf8c4e50931026ca0c9&profile_id=164
grid, https://media.signbsl.com/videos/asl/tsdvideo/mp4/338.mp4
griddlecake, https://media.signbsl.com/videos/asl/youtube/mp4/JYixqJW5ISo.mp4
gridiron, https://media.signbsl.com/videos/asl/tsdvideo/mp4/338.mp4
grief, https://media.signbsl.com/videos/asl/aslsignbank/mp4/GRIEVE-1855.mp4
grievance, https://media.signbsl.com/videos/asl/youtube/mp4/eexEotLWlVw.mp4
grieve, https://media.signbsl.com/videos/asl/ids/mp4/2013-11-4540-sorrowremorse-regret-1500k-ase.mp4
griever, https://media.signbsl.com/videos/asl/youtube/mp4/N7GFGugf_Oc.mp4
grifter, https://media.signbsl.com/videos/asl/youtube/mp4/4XE_iwb-gT0.mp4
grill, https://media.signbsl.com/videos/asl/youtube/mp4/NDqep_Y-0ns.mp4
grilling, https://media.signbsl.com/videos/asl/youtube/mp4/goQHO5SC6nU.mp4
grillroom, https://media.signbsl.com/videos/asl/youtube/mp4/NDqep_Y-0ns.mp4
grim, https://media.signbsl.com/videos/asl/youtube/mp4/wyga9iO8VXI.mp4
grimace, https://media.signbsl.com/videos/asl/youtube/mp4/0-b8JV8Tf9Y.mp4
grim angry and pleased about something at the same time, https://media.signbsl.com/videos/asl/youtube/mp4/mAWaLXIlViU.mp4
grime, https://media.signbsl.com/videos/asl/aslsignbank/mp4/RUB-2288.mp4
grimness, https://player.vimeo.com/external/392166272.sd.mp4?s=11af282f0754c071fd9e78c89ec8dc464eaf0401&profile_id=164
grimy, https://media.signbsl.com/videos/asl/startasl/mp4/dirty.mp4
grin, https://media.signbsl.com/videos/asl/aslsignbank/mp4/SMILE-1077.mp4
grin and bear it, https://media.signbsl.com/videos/asl/youtube/mp4/AoUxsDNbD00.mp4
grinch, https://media.signbsl.com/videos/asl/thefamilyvocab/mp4/Grinch.mp4
grind, https://media.signbsl.com/videos/asl/aslsearch/mp4/grind.mp4
grind away, https://media.signbsl.com/videos/asl/youtube/mp4/IGYKV4spCPM.mp4
grind downbeat down destroy enthusiasm, https://media.signbsl.com/videos/asl/youtube/mp4/igEV28lAopI.mp4
grinder, https://media.signbsl.com/videos/asl/youtube/mp4/yLKaSwNPqfY.mp4
grind out, https://media.signbsl.com/videos/asl/youtube/mp4/RECPs6vnwnA.mp4
grindstone, https://media.signbsl.com/videos/asl/youtube/mp4/X6znyzDQMl4.mp4
grind to a halt, https://media.signbsl.com/videos/asl/youtube/mp4/Z2WnTa-Z1w0.mp4
gringo, https://media.signbsl.com/videos/asl/youtube/mp4/qyMEGkkEZ7A.mp4
grin like a cheshire cat, https://media.signbsl.com/videos/asl/youtube/mp4/M6raReYAO8A.mp4
grinning, https://media.signbsl.com/videos/asl/aslsignbank/mp4/SMILE-1077.mp4
grip, https://media.signbsl.com/videos/asl/tsdvideo/mp4/1025.mp4
grippe, https://player.vimeo.com/external/392766955.sd.mp4?s=f1639f0d9c03c91d86a9e9aeff5f0453f032410b&profile_id=164
gripping, https://media.signbsl.com/videos/asl/aslsignbank/mp4/INTERESTING-1724.mp4
grisliness, https://media.signbsl.com/videos/asl/youtube/mp4/Yn-Qs_yEtyE.mp4
grisly, https://media.signbsl.com/videos/asl/youtube/mp4/wyga9iO8VXI.mp4
grist for the mill, https://media.signbsl.com/videos/asl/youtube/mp4/M5Cmi3agrR4.mp4
gristle, https://media.signbsl.com/videos/asl/youtube/mp4/-UGIVhq9tTI.mp4
gristly, https://media.signbsl.com/videos/asl/youtube/mp4/-aw6xIv1nsU.mp4
gristmill, https://media.signbsl.com/videos/asl/youtube/mp4/4waulw6-ixA.mp4
grit, https://media.signbsl.com/videos/asl/youtube/mp4/h2QYTlWAZeY.mp4
grittiness, https://media.signbsl.com/videos/asl/youtube/mp4/K9f4KPbQF-8.mp4
gritty, https://media.signbsl.com/videos/asl/youtube/mp4/6pjpym0O8NQ.mp4
grizzle, https://player.vimeo.com/external/391217571.sd.mp4?s=699754b2ebd75aee6d752854abd2943a5dc1745d&profile_id=164
grizzlies, https://media.signbsl.com/videos/asl/youtube/mp4/9zY6-ncXHAQ.mp4
grizzly, https://media.signbsl.com/videos/asl/youtube/mp4/9zY6-ncXHAQ.mp4
grizzly bear, https://media.signbsl.com/videos/asl/youtube/mp4/9zY6-ncXHAQ.mp4
groan, https://media.signbsl.com/videos/asl/youtube/mp4/sBWhge6_yZY.mp4
grocer, https://media.signbsl.com/videos/asl/youtube/mp4/_Gl87vnL6iI.mp4
groceries, https://media.signbsl.com/videos/asl/aslsearch/mp4/grocery-store.mp4
grocery, https://media.signbsl.com/videos/asl/aslsearch/mp4/grocery-store.mp4
grocery list long list of things, https://media.signbsl.com/videos/asl/youtube/mp4/adGlbFT9O10.mp4
grocery store, https://media.signbsl.com/videos/asl/aslsearch/mp4/grocery-store.mp4
groggily, https://media.signbsl.com/videos/asl/youtube/mp4/GWp-KAqyHFo.mp4
groin, https://media.signbsl.com/videos/asl/youtube/mp4/Y4zqoEEE7zI.mp4
Gronland, https://player.vimeo.com/external/392153606.sd.mp4?s=3b7323c4198ac839d6d11974bc5ebe71e4626cd1&profile_id=164
groom, https://media.signbsl.com/videos/asl/handsofgrace/mp4/vMi4lL0rw9s.mp4
groomer, https://media.signbsl.com/videos/asl/youtube/mp4/3YhX6uheVzc.mp4
grooming, https://player.vimeo.com/external/392528891.sd.mp4?s=05eb9adbb6af4a81988d19735c4802ab2816eabf&profile_id=164
groomsman, https://media.signbsl.com/videos/asl/youtube/mp4/GjDGZAbFMgc.mp4
groom snow, https://media.signbsl.com/videos/asl/youtube/mp4/ZKE0GGNjT5o.mp4
groom someone employed in a stable to take care of the horses, https://media.signbsl.com/videos/asl/youtube/mp4/O9U_Dt-ARjg.mp4
groom to be, https://media.signbsl.com/videos/asl/youtube/mp4/N7v8rN3ck9E.mp4
groove, https://media.signbsl.com/videos/asl/youtube/mp4/C5T0hQDtrOU.mp4
groovy, https://media.signbsl.com/videos/asl/aslsearch/mp4/great.mp4
grope, https://media.signbsl.com/videos/asl/youtube/mp4/6n7o--v8BXI.mp4
grope for ideas, https://media.signbsl.com/videos/asl/youtube/mp4/HtqhW_zoTpk.mp4
groper, https://media.signbsl.com/videos/asl/youtube/mp4/VHZMKqALXug.mp4
gross, https://media.signbsl.com/videos/asl/startasl/mp4/gross.mp4
grossed out, https://media.signbsl.com/videos/asl/youtube/mp4/E9NRP1nCaKA.mp4
grosser, https://media.signbsl.com/videos/asl/youtube/mp4/UJaMO7qjMlA.mp4
gross margin, https://player.vimeo.com/external/392422693.sd.mp4?s=dc8aa99e3834304d1f26ff41086181ffd65960f1&profile_id=164
grotesque, https://media.signbsl.com/videos/asl/youtube/mp4/98XTpNvCin4.mp4
grouchy, https://media.signbsl.com/videos/asl/aslsignbank/mp4/CROSS-2560.mp4
ground, https://media.signbsl.com/videos/asl/aslsearch/mp4/ground.mp4
ground beef, https://media.signbsl.com/videos/asl/startasl/mp4/hamburger.mp4
groundbreaker, https://media.signbsl.com/videos/asl/youtube/mp4/OE3wX3Uzlm4.mp4
groundbreaking, https://media.signbsl.com/videos/asl/youtube/mp4/PVTKg4HDeI4.mp4
grounded, https://media.signbsl.com/videos/asl/youtube/mp4/WSkQrdJEO6E.mp4
ground forces, https://media.signbsl.com/videos/asl/startasl/mp4/army.mp4
ground grind, https://media.signbsl.com/videos/asl/signlanguagestudent/mp4/ground%20(grind).mp4
groundhog, https://media.signbsl.com/videos/asl/thefamilyvocab/mp4/groundhog.mp4
Groundhog Day, https://player.vimeo.com/external/392679917.sd.mp4?s=9868330eb469533c6c97ef59cda52cf2a10f982d&profile_id=164
groundkeeper, https://media.signbsl.com/videos/asl/youtube/mp4/I3rb7jGOINw.mp4
ground land, https://media.signbsl.com/videos/asl/signlanguagestudent/mp4/ground%20(land).mp4
groundless, https://media.signbsl.com/videos/asl/youtube/mp4/UYmLAlw0F0E.mp4
groundnut, https://media.signbsl.com/videos/asl/youtube/mp4/3_v9vxps058.mp4
ground out baseball, https://media.signbsl.com/videos/asl/youtube/mp4/Foa1N9hUSFQ.mp4
ground runoff, https://media.signbsl.com/videos/asl/elementalaslconcepts/mp4/ground_runoff.mp4
grounds, https://media.signbsl.com/videos/asl/aslsearch/mp4/evidence.mp4
groundskeeper, https://media.signbsl.com/videos/asl/youtube/mp4/I3rb7jGOINw.mp4
groundsman, https://media.signbsl.com/videos/asl/youtube/mp4/I3rb7jGOINw.mp4
ground state, https://media.signbsl.com/videos/asl/youtube/mp4/eyU1ISYWnpw.mp4
groundswell, NA
ground tackle, https://media.signbsl.com/videos/asl/aslsearch/mp4/anchor.mp4
ground water, https://media.signbsl.com/videos/asl/elementalaslconcepts/mp4/ground_water.mp4
groundwater, https://media.signbsl.com/videos/asl/elementalaslconcepts/mp4/ground_water.mp4
groundwater level, https://media.signbsl.com/videos/asl/youtube/mp4/OpemMETYAmY.mp4
groundwork, https://player.vimeo.com/external/391209253.sd.mp4?s=304d3c22d3fafa8105ca1df667d187b78ecd95a4&profile_id=164
ground zero, https://media.signbsl.com/videos/asl/youtube/mp4/4lvdfAoRXPA.mp4
group, https://media.signbsl.com/videos/asl/aslsignbank/mp4/GROUP-620.mp4
group discussion, https://media.signbsl.com/videos/asl/youtube/mp4/X4pIURYciVU.mp4
groupie, https://media.signbsl.com/videos/asl/youtube/mp4/43X97BHBQiI.mp4
grouping, https://media.signbsl.com/videos/asl/aslsignbank/mp4/GROUP-620.mp4
group initialized, https://media.signbsl.com/videos/asl/signlanguagestudent/mp4/group%20(initialized).mp4
Group Leader, https://media.signbsl.com/videos/asl/ids/mp4/2013-11-2110-group-leader-1500k-ase.mp4
group near me, https://media.signbsl.com/videos/asl/youtube/mp4/if_sOfClweM.mp4
groups, https://media.signbsl.com/videos/asl/aslsignbank/mp4/GROUP-620.mp4
groups initialized, https://media.signbsl.com/videos/asl/signlanguagestudent/mp4/groups%20(initialized).mp4
grove, https://media.signbsl.com/videos/asl/aslsearch/mp4/orchard.mp4
grovel, https://media.signbsl.com/videos/asl/youtube/mp4/bJ4Djd8Yvac.mp4
groveler, https://media.signbsl.com/videos/asl/youtube/mp4/OjTJrqMm3Nw.mp4
groveling, https://media.signbsl.com/videos/asl/youtube/mp4/ayNEjuTQXBM.mp4
groveller, https://media.signbsl.com/videos/asl/youtube/mp4/OjTJrqMm3Nw.mp4
grovelling, https://media.signbsl.com/videos/asl/youtube/mp4/ayNEjuTQXBM.mp4
grow, https://media.signbsl.com/videos/asl/aslsearch/mp4/grow.mp4
grow apart, https://player.vimeo.com/external/392153950.sd.mp4?s=bcca78e3ae79da603f92abae015f7beee62a4683&profile_id=164
grow apart grow away from, https://media.signbsl.com/videos/asl/youtube/mp4/1SKkAQIN7tY.mp4
grower, https://media.signbsl.com/videos/asl/youtube/mp4/YsG-EYcbVnQ.mp4
grow from an experience, https://media.signbsl.com/videos/asl/youtube/mp4/GMLrow5benw.mp4
growing, https://media.signbsl.com/videos/asl/valleybible/mp4/growth.mp4
growing pains emotional, https://media.signbsl.com/videos/asl/youtube/mp4/76wuadyE34c.mp4
growing pains physical, https://media.signbsl.com/videos/asl/youtube/mp4/2wMT7KIAoYE.mp4
growing pains struggle to begin and grow a business, https://media.signbsl.com/videos/asl/youtube/mp4/r4K4aSLC-u4.mp4
grow in the telling, https://media.signbsl.com/videos/asl/youtube/mp4/QXFMy0_oSCA.mp4
growl, https://media.signbsl.com/videos/asl/youtube/mp4/RsI_73QuuWc.mp4
growling, https://media.signbsl.com/videos/asl/youtube/mp4/RsI_73QuuWc.mp4
grown up, https://player.vimeo.com/external/392154087.sd.mp4?s=3094e4896781365839970e0d5edc5f9923c6d85f&profile_id=164
grownup, https://player.vimeo.com/external/392154087.sd.mp4?s=3094e4896781365839970e0d5edc5f9923c6d85f&profile_id=164
grow on grow upon start to like, https://media.signbsl.com/videos/asl/youtube/mp4/JNLX3BKERIc.mp4
grow out, https://player.vimeo.com/external/392153995.sd.mp4?s=7b8752ebe7976886e63cd8dbc8d73708e040880d&profile_id=164
grow out of clothes, https://media.signbsl.com/videos/asl/youtube/mp4/m8BXyBVDhCg.mp4
grow out of develop from, https://media.signbsl.com/videos/asl/youtube/mp4/COqP9Gveqew.mp4
grow out of it, https://media.signbsl.com/videos/asl/youtube/mp4/Xbx_kntJDQg.mp4
grow out of mature, https://media.signbsl.com/videos/asl/youtube/mp4/Rl1YK_C2YKc.mp4
grow plant, https://media.signbsl.com/videos/asl/signlanguagestudent/mp4/grow-plant.mp4
grow plants grow, https://media.signbsl.com/videos/asl/signlanguagestudent/mp4/grow%20(plants%20grow).mp4
grow raise, https://media.signbsl.com/videos/asl/signlanguagestudent/mp4/grow%20(raise).mp4
grow strong, https://media.signbsl.com/videos/asl/youtube/mp4/Ypcy0xfUtp4.mp4
growth, https://media.signbsl.com/videos/asl/valleybible/mp4/growth.mp4
growth spurt, https://media.signbsl.com/videos/asl/youtube/mp4/GytzUoRuyqQ.mp4
grow to, https://media.signbsl.com/videos/asl/youtube/mp4/wpwTF9susak.mp4
grow together becoming closer, https://media.signbsl.com/videos/asl/youtube/mp4/KVohtNopISI.mp4
grow up, https://media.signbsl.com/videos/asl/startasl/mp4/grow-up-2.mp4
groyne, https://media.signbsl.com/videos/asl/youtube/mp4/Y4zqoEEE7zI.mp4
grub, https://media.signbsl.com/videos/asl/youtube/mp4/3gb1QvTX6WY.mp4
grubbily, https://media.signbsl.com/videos/asl/youtube/mp4/j4ryvden1Yo.mp4
grubby, https://media.signbsl.com/videos/asl/youtube/mp4/Q6UfccMkbcg.mp4
grubstake, https://media.signbsl.com/videos/asl/youtube/mp4/KAgafPUe7lg.mp4
grudge, https://media.signbsl.com/videos/asl/youtube/mp4/eexEotLWlVw.mp4
gruel, https://media.signbsl.com/videos/asl/youtube/mp4/KpwB6bxGVkU.mp4
grueling, https://player.vimeo.com/external/391168675.sd.mp4?s=aae06e26bfadc7d0c30e5ef2f00385b96c99d966&profile_id=164
gruelling, https://player.vimeo.com/external/391168675.sd.mp4?s=aae06e26bfadc7d0c30e5ef2f00385b96c99d966&profile_id=164
gruesome, https://media.signbsl.com/videos/asl/youtube/mp4/wyga9iO8VXI.mp4
gruesomeness, https://media.signbsl.com/videos/asl/youtube/mp4/RvKGOP326ew.mp4
gruff, https://media.signbsl.com/videos/asl/youtube/mp4/PFfpu6ICWtM.mp4
gruffer, https://media.signbsl.com/videos/asl/youtube/mp4/ry6gIR0AEio.mp4
grumble, https://media.signbsl.com/videos/asl/youtube/mp4/lbtmHEUx9dk.mp4
grumbler, https://media.signbsl.com/videos/asl/youtube/mp4/Hg3v807Gkvg.mp4
grumbling, https://media.signbsl.com/videos/asl/youtube/mp4/28USkiXxK50.mp4
grumpy, https://media.signbsl.com/videos/asl/aslsignbank/mp4/CROSS-2560.mp4
grungily, https://media.signbsl.com/videos/asl/youtube/mp4/j4ryvden1Yo.mp4
grungy, https://media.signbsl.com/videos/asl/youtube/mp4/Q6UfccMkbcg.mp4
grunt, https://media.signbsl.com/videos/asl/youtube/mp4/tjUKqHXrkxI.mp4
grunt  a low level person, NA
grunter, https://media.signbsl.com/videos/asl/aslsearch/mp4/pig.mp4
gruntle, https://player.vimeo.com/external/392414630.sd.mp4?s=3a7fd0653661d8d31e18710537233f1a71c00885&profile_id=164
gryffindor, https://media.signbsl.com/videos/asl/youtube/mp4/yfPHPhvcOFU.mp4
Guadeloupe, https://media.signbsl.com/videos/asl/youtube/mp4/pvNd-HR6FqQ.mp4
guarantee, https://media.signbsl.com/videos/asl/aslsearch/mp4/guarantee.mp4
guarantor, https://media.signbsl.com/videos/asl/youtube/mp4/TIDbIfRJnqg.mp4
guard, https://media.signbsl.com/videos/asl/aslsearch/mp4/guard.mp4
guard against, https://media.signbsl.com/videos/asl/youtube/mp4/RxhD3HHlcKw.mp4
guard dog, https://media.signbsl.com/videos/asl/youtube/mp4/TMp4EFm3kCM.mp4
guarddog, https://media.signbsl.com/videos/asl/youtube/mp4/TMp4EFm3kCM.mp4
guarded, https://media.signbsl.com/videos/asl/youtube/mp4/YphHE3XEcN4.mp4
guardhouse, https://media.signbsl.com/videos/asl/youtube/mp4/zDcNtacHUpg.mp4
guardian, https://player.vimeo.com/external/392679984.sd.mp4?s=cb757ff4887de280d6a2761c05f83a02a4fe28d8&profile_id=164
guardsman, https://media.signbsl.com/videos/asl/youtube/mp4/a-aVHl2-MxE.mp4
Guatemala, https://media.signbsl.com/videos/asl/aslsignbank/mp4/GUATEMALA-3277.mp4
guava, https://player.vimeo.com/external/392680042.sd.mp4?s=ecbc2766d2db3257d0c2798c9f9d9cdcaf11f89f&profile_id=164
gubbins, https://media.signbsl.com/videos/asl/youtube/mp4/pDK-as85qjU.mp4
guelph ontario, https://player.vimeo.com/external/392154428.sd.mp4?s=04f4c7ad189132e3426af87f4434eef2f9672ac6&profile_id=164
guerilla, https://media.signbsl.com/videos/asl/youtube/mp4/_zZ6ir_ffCo.mp4
guerrilla, https://media.signbsl.com/videos/asl/youtube/mp4/_zZ6ir_ffCo.mp4
guess, https://media.signbsl.com/videos/asl/tsdvideo/mp4/397.mp4
guessing, https://media.signbsl.com/videos/asl/youtube/mp4/Eg8n0QOY9aU.mp4
guesswork, https://media.signbsl.com/videos/asl/youtube/mp4/Eg8n0QOY9aU.mp4
guest, https://media.signbsl.com/videos/asl/aslsignbank/mp4/VISITOR-1398.mp4
guesthouse, https://media.signbsl.com/videos/asl/youtube/mp4/X8ag46_Quzs.mp4
guestroom, https://media.signbsl.com/videos/asl/youtube/mp4/5v3WGul7sPM.mp4
guffaw, https://player.vimeo.com/external/392154567.sd.mp4?s=01bbfec2ed3f672ea91d9cf5a1ed877417bd588b&profile_id=164
Guggenheim, https://media.signbsl.com/videos/asl/thefamilyvocab/mp4/Guggenheim.mp4
guggle, https://media.signbsl.com/videos/asl/youtube/mp4/mTRW21PmnnA.mp4
guidance, https://media.signbsl.com/videos/asl/aslsignbank/mp4/EAST-1290.mp4
guide, https://media.signbsl.com/videos/asl/youtube/mp4/1RpSyOpG2_w.mp4
guidebook, https://media.signbsl.com/videos/asl/youtube/mp4/GZfRncMJz3E.mp4
Guidebook Handbook, https://media.signbsl.com/videos/asl/ids/mp4/2013-11-2120-guidebook-handbook-1500k-ase.mp4
guided missile destroyer, https://media.signbsl.com/videos/asl/youtube/mp4/7sL9AHHV82o.mp4
guideline, https://media.signbsl.com/videos/asl/aslsignbank/mp4/RULE-986.mp4
guidelines, https://media.signbsl.com/videos/asl/aslsignbank/mp4/RULE-986.mp4
guidepost, https://media.signbsl.com/videos/asl/aslsignbank/mp4/RULE-986.mp4
guiding light, https://media.signbsl.com/videos/asl/youtube/mp4/0jdPEWthaNM.mp4
guild, https://media.signbsl.com/videos/asl/youtube/mp4/EZGlV7XuuHI.mp4
guildhall, https://media.signbsl.com/videos/asl/youtube/mp4/mj0NwbBixsU.mp4
guile, https://media.signbsl.com/videos/asl/youtube/mp4/qW_jfnDCcvQ.mp4
guileful, https://media.signbsl.com/videos/asl/youtube/mp4/6ghfSzLcMK0.mp4
guilt, https://media.signbsl.com/videos/asl/youtube/mp4/iKEQif0ScO8.mp4
guiltiness, https://media.signbsl.com/videos/asl/youtube/mp4/iKEQif0ScO8.mp4
guiltless, https://media.signbsl.com/videos/asl/aslsearch/mp4/innocent.mp4
guilt ridden, https://player.vimeo.com/external/392154689.sd.mp4?s=d93e37601fabf6dc078c9734c408b615c3840c52&profile_id=164
guilty, https://media.signbsl.com/videos/asl/signlanguagestudent/mp4/guilty%20(alternate).mp4
guiltyguiltierguiltiest, https://media.signbsl.com/videos/asl/youtube/mp4/E9vtju17_jk.mp4
guinea, https://media.signbsl.com/videos/asl/youtube/mp4/QnaPtWRzVaE.mp4
guinea fowl, https://media.signbsl.com/videos/asl/youtube/mp4/QnaPtWRzVaE.mp4
guinea pig be involved in an experiment, https://media.signbsl.com/videos/asl/youtube/mp4/0WXv3BJWoF8.mp4
guise, https://media.signbsl.com/videos/asl/youtube/mp4/8N3MqkwFkUc.mp4
guitar, https://media.signbsl.com/videos/asl/startasl/mp4/guitar.mp4
gulag, https://media.signbsl.com/videos/asl/youtube/mp4/c8mEMB1AFCU.mp4
gulf, https://media.signbsl.com/videos/asl/youtube/mp4/Sq7wM0TVXfY.mp4
gulf huge difference, https://media.signbsl.com/videos/asl/youtube/mp4/W6B9yFgcRA0.mp4
gull, https://media.signbsl.com/videos/asl/youtube/mp4/sq_WJH8Guds.mp4
gullet, https://media.signbsl.com/videos/asl/aslsearch/mp4/esophagus.mp4
gulley, https://media.signbsl.com/videos/asl/youtube/mp4/CwFHQTory5c.mp4
gullible, https://media.signbsl.com/videos/asl/signlanguagestudent/mp4/gullible.mp4
Gulliver, https://media.signbsl.com/videos/asl/youtube/mp4/PIMdsV49hrE.mp4
gulp, https://media.signbsl.com/videos/asl/aslsearch/mp4/gulp.mp4
gum, https://media.signbsl.com/videos/asl/aslsearch/mp4/gum.mp4
gum anime, https://media.signbsl.com/videos/asl/youtube/mp4/pW52XdUdPws.mp4
gum chew with no teeth, https://media.signbsl.com/videos/asl/youtube/mp4/K7j8JYwd_WA.mp4
gum elastic, https://media.signbsl.com/videos/asl/startasl/mp4/rubber2.mp4
gummed label, https://media.signbsl.com/videos/asl/aslsearch/mp4/sticker.mp4
gummy, https://media.signbsl.com/videos/asl/aslsearch/mp4/sticky.mp4
gum olibanum, https://media.signbsl.com/videos/asl/youtube/mp4/0u-959RzE7A.mp4
gumption, https://media.signbsl.com/videos/asl/aslsearch/mp4/common-sense.mp4
gumshoe, https://media.signbsl.com/videos/asl/youtube/mp4/yGZwRCNdOmM.mp4
gum up, https://media.signbsl.com/videos/asl/youtube/mp4/KERHv3_hIhM.mp4
gun, https://media.signbsl.com/videos/asl/aslsignbank/mp4/GUN-2932.mp4
gun control, https://player.vimeo.com/external/392161084.sd.mp4?s=dd142a1822c5ea4510e14d312e7f017def27028b&profile_id=164
gun down, https://media.signbsl.com/videos/asl/youtube/mp4/f_ORaPu3lcQ.mp4
gunfight, https://media.signbsl.com/videos/asl/youtube/mp4/1BPG8jc5kRQ.mp4
gunfighter, https://media.signbsl.com/videos/asl/youtube/mp4/jr-t5yLZpvc.mp4
gunfire, https://media.signbsl.com/videos/asl/youtube/mp4/PV96YkRU2_o.mp4
gun for hire, https://media.signbsl.com/videos/asl/youtube/mp4/SjIryQrhsSc.mp4
gunk, https://media.signbsl.com/videos/asl/aslsignbank/mp4/RUB-2288.mp4
gunman, https://media.signbsl.com/videos/asl/youtube/mp4/SjIryQrhsSc.mp4
gunmetal, https://media.signbsl.com/videos/asl/youtube/mp4/Gl_dhiRGXos.mp4
gun muzzle, https://media.signbsl.com/videos/asl/aslsearch/mp4/muzzle.mp4
gunner, https://media.signbsl.com/videos/asl/youtube/mp4/3DGe-T8ixRY.mp4
gunplay, https://media.signbsl.com/videos/asl/youtube/mp4/1BPG8jc5kRQ.mp4
gunpoint, https://media.signbsl.com/videos/asl/youtube/mp4/xsVQqjNg2JM.mp4
gun rifle, https://media.signbsl.com/videos/asl/signlanguagestudent/mp4/gun%20(rifle).mp4
gunrunner, https://media.signbsl.com/videos/asl/youtube/mp4/E7r-3GzeJQU.mp4
gunrunning, https://media.signbsl.com/videos/asl/youtube/mp4/CMDJUWIE6xw.mp4
gunshot, https://media.signbsl.com/videos/asl/youtube/mp4/PV96YkRU2_o.mp4
gunshy, https://media.signbsl.com/videos/asl/youtube/mp4/Ds5w3jV16VY.mp4
gunslinger, https://media.signbsl.com/videos/asl/youtube/mp4/SjIryQrhsSc.mp4
gunsmith, https://media.signbsl.com/videos/asl/youtube/mp4/wkiE1hVR7GQ.mp4
gun trigger, https://media.signbsl.com/videos/asl/youtube/mp4/NxAgKW60k34.mp4
gurgle, https://media.signbsl.com/videos/asl/youtube/mp4/mTRW21PmnnA.mp4
guru, https://media.signbsl.com/videos/asl/youtube/mp4/Crn8dZoBOKo.mp4
gush, https://player.vimeo.com/external/392161165.sd.mp4?s=bfba9dde2353dd46be440e35d0f1eabdc4f0881a&profile_id=164
gush admire, https://media.signbsl.com/videos/asl/youtube/mp4/7du84obiccI.mp4
gusher, https://media.signbsl.com/videos/asl/youtube/mp4/oSnIlJBQZ8M.mp4
gushing, https://media.signbsl.com/videos/asl/youtube/mp4/ePhqlYrOfZk.mp4
gushy, https://media.signbsl.com/videos/asl/youtube/mp4/ePhqlYrOfZk.mp4
gushygushiergushiest expressing feelings in an unrestrained or heartfelt manner, https://media.signbsl.com/videos/asl/youtube/mp4/Vb7wGmr1xpQ.mp4
gussy up, https://media.signbsl.com/videos/asl/aslsearch/mp4/dress-up.mp4
gust, https://player.vimeo.com/external/392161198.sd.mp4?s=0d990b0bad9cb1899174cd6e9863c2d61fdb62c5&profile_id=164
gusto, https://player.vimeo.com/external/392638210.sd.mp4?s=f9bd38d9dae5f74851e332c94d965090271348b2&profile_id=164
gusty, https://media.signbsl.com/videos/asl/aslsearch/mp4/blustery.mp4
gut, https://media.signbsl.com/videos/asl/youtube/mp4/vJG_0sK_EXI.mp4
gut check, https://media.signbsl.com/videos/asl/youtube/mp4/XDhs-741npc.mp4
gut feeling, https://player.vimeo.com/external/392161244.sd.mp4?s=158499cd919fb77c78b150277b18ad1a228531d5&profile_id=164
guts, https://media.signbsl.com/videos/asl/youtube/mp4/h2QYTlWAZeY.mp4
gut tennis, https://media.signbsl.com/videos/asl/youtube/mp4/nk5b1a4rUjU.mp4
gutter, https://media.signbsl.com/videos/asl/youtube/mp4/aFmLIiApvVo.mp4
guttural, https://media.signbsl.com/videos/asl/youtube/mp4/FC-BGKlu3Q8.mp4
guy, https://media.signbsl.com/videos/asl/aslsearch/mp4/laugh-at.mp4
Guyana, https://media.signbsl.com/videos/asl/youtube/mp4/sMBdlp7QMFw.mp4
guzzle, https://player.vimeo.com/external/392161276.sd.mp4?s=e9b583ed41494e972145ef14612adda3c958e519&profile_id=164
guzzling drink, https://media.signbsl.com/videos/asl/youtube/mp4/WsxwdGUmZXo.mp4
gym, https://media.signbsl.com/videos/asl/aslsearch/mp4/gym.mp4
gymanstic exercise, https://media.signbsl.com/videos/asl/startasl/mp4/gymnastics.mp4
gymnasium, https://media.signbsl.com/videos/asl/aslsearch/mp4/gym.mp4
gymnast, https://media.signbsl.com/videos/asl/youtube/mp4/CP70G-guVzw.mp4
gymnastic, https://media.signbsl.com/videos/asl/youtube/mp4/chuRndgN-80.mp4
gymnastics, https://media.signbsl.com/videos/asl/startasl/mp4/gymnastics.mp4
gymnastics jump, https://media.signbsl.com/videos/asl/youtube/mp4/IB3Cm1id_Os.mp4
gymnatorium, https://player.vimeo.com/external/392161387.sd.mp4?s=357f12b5593363e7ee0c1778319479d72e09646f&profile_id=164
gym pants, https://player.vimeo.com/external/392680099.sd.mp4?s=a47ef6683187dbc612723b99c1144749f8191ca6&profile_id=164
gym shoe, https://media.signbsl.com/videos/asl/youtube/mp4/GJm1yIB0o5k.mp4
gynaecologic, https://media.signbsl.com/videos/asl/youtube/mp4/1AfxWf9PyQI.mp4
gynaecologist, https://media.signbsl.com/videos/asl/aslsearch/mp4/gynecologist.mp4
gynandromorph, https://media.signbsl.com/videos/asl/youtube/mp4/2aUBkugYsUw.mp4
gynecologist, https://media.signbsl.com/videos/asl/aslsearch/mp4/gynecologist.mp4
gyp, https://media.signbsl.com/videos/asl/aslsignbank/mp4/FOOL-1491.mp4
gypsum board, https://media.signbsl.com/videos/asl/youtube/mp4/csRCntDX1eI.mp4
Gypsy, https://media.signbsl.com/videos/asl/youtube/mp4/TyWSdK746WY.mp4
gyrate, https://media.signbsl.com/videos/asl/aslsignbank/mp4/TWIRL-309.mp4
gyrator, https://media.signbsl.com/videos/asl/youtube/mp4/m_29D9Plge0.mp4
gyro, https://media.signbsl.com/videos/asl/youtube/mp4/ybsKEkLQCHE.mp4
gyroscope, https://media.signbsl.com/videos/asl/youtube/mp4/ybsKEkLQCHE.mp4
