H, https://media.signbsl.com/videos/asl/aslsignbank/mp4/LETTER-H-1669.mp4
H.M.S. Bounty, NA
H.P., https://media.signbsl.com/videos/asl/youtube/mp4/1M7gWqNymlg.mp4
h1n1 flu virus, https://player.vimeo.com/external/392161459.sd.mp4?s=761cf97376e14af04e15a4baff649873cb333c9d&profile_id=164
h1n1 var, https://player.vimeo.com/external/392161501.sd.mp4?s=0efbd9bc3b747240ff68942aac431578a13d6ebf&profile_id=164
H2O, https://media.signbsl.com/videos/asl/startasl/mp4/water.mp4
habeas corpus, https://media.signbsl.com/videos/asl/youtube/mp4/4hZ6ItNkB5c.mp4
haberdasher, https://media.signbsl.com/videos/asl/youtube/mp4/nCv_kcmFT3s.mp4
haberdasheries, https://media.signbsl.com/videos/asl/youtube/mp4/MMriPf2DloM.mp4
haberdashery, https://media.signbsl.com/videos/asl/youtube/mp4/MMriPf2DloM.mp4
haberdashery store, https://media.signbsl.com/videos/asl/youtube/mp4/MMriPf2DloM.mp4
habilitate, https://media.signbsl.com/videos/asl/aslsearch/mp4/garment.mp4
habilitate provide with clothes or put clothes on, https://media.signbsl.com/videos/asl/youtube/mp4/De6WeOzHyBo.mp4
habit, https://player.vimeo.com/external/392161565.sd.mp4?s=4b3232ea2bf389e4860d6c39d830cfe36d5ed202&profile_id=164
habitable, https://media.signbsl.com/videos/asl/youtube/mp4/JFIBlelAHoA.mp4
habitat, https://media.signbsl.com/videos/asl/elementalaslconcepts/mp4/habitat.mp4
habitation, https://media.signbsl.com/videos/asl/youtube/mp4/SC3CrgjM7kA.mp4
habit forming, https://player.vimeo.com/external/391146443.sd.mp4?s=37c376a05e844e829be4c41ff46d0cb27dc983e0&profile_id=164
habitual, https://player.vimeo.com/external/391915299.sd.mp4?s=5d5040fa8fdf14cbe72643add36df5d04a62a70b&profile_id=164
habituate, https://media.signbsl.com/videos/asl/youtube/mp4/kZZUmUEnuQA.mp4
habituation, https://media.signbsl.com/videos/asl/aslsearch/mp4/addiction.mp4
habitue, https://player.vimeo.com/external/392430265.sd.mp4?s=f81010765db4bf5a6a7ec34a65d63eddf7b542ea&profile_id=164
habitus, https://media.signbsl.com/videos/asl/youtube/mp4/FKvZ6Yz9iEo.mp4
hacienda, https://media.signbsl.com/videos/asl/youtube/mp4/lEK8oYEf7h8.mp4
hack, https://media.signbsl.com/videos/asl/youtube/mp4/g06MXLJ3LPg.mp4
hack cough, https://media.signbsl.com/videos/asl/youtube/mp4/ijdAQmnPXr4.mp4
hacker, https://media.signbsl.com/videos/asl/deaftec/mp4/984.mp4
hackjerrying cobble together jury rig, https://media.signbsl.com/videos/asl/youtube/mp4/GQCvh3IbZfA.mp4
hackney, https://media.signbsl.com/videos/asl/youtube/mp4/dJdR7jJiYNM.mp4
hackneyed, https://media.signbsl.com/videos/asl/youtube/mp4/cjU8h0LcN4M.mp4
hack up, https://media.signbsl.com/videos/asl/youtube/mp4/DpolXnPcb-k.mp4
had, https://media.signbsl.com/videos/asl/signlanguagestudent/mp4/had.mp4
had against, https://media.signbsl.com/videos/asl/youtube/mp4/YWJ7XdVnDmk.mp4
had always been, https://media.signbsl.com/videos/asl/youtube/mp4/UaKYp0uvXBg.mp4
Hades, https://media.signbsl.com/videos/asl/valleybible/mp4/Hades.mp4
had her hands full, https://media.signbsl.com/videos/asl/youtube/mp4/-2V3ATOmMCc.mp4
had in, https://media.signbsl.com/videos/asl/youtube/mp4/jaU37UqLnKg.mp4
hadith, https://media.signbsl.com/videos/asl/youtube/mp4/52FFt-nHAF8.mp4
had it out with, https://media.signbsl.com/videos/asl/youtube/mp4/Yx4BDsbho_A.mp4
hadj, https://media.signbsl.com/videos/asl/youtube/mp4/be4gR-g-Qm8.mp4
had not the least idea, https://media.signbsl.com/videos/asl/youtube/mp4/ScfQE7yn59Y.mp4
hadnt, https://media.signbsl.com/videos/asl/youtube/mp4/afGxfmmrGII.mp4
haemangioma, https://media.signbsl.com/videos/asl/aslsearch/mp4/strawberry.mp4
haematologist, https://media.signbsl.com/videos/asl/youtube/mp4/9WteqDJKARo.mp4
haematology, https://media.signbsl.com/videos/asl/youtube/mp4/l5_8Sr7--fk.mp4
haemoglobin, https://media.signbsl.com/videos/asl/youtube/mp4/XtvekOmA6lw.mp4
haemophile, https://media.signbsl.com/videos/asl/youtube/mp4/YbYBe9RTmFc.mp4
haemophiliac, https://media.signbsl.com/videos/asl/youtube/mp4/YbYBe9RTmFc.mp4
haemorrhage, https://media.signbsl.com/videos/asl/youtube/mp4/5BDDwJru8wc.mp4
haemorrhoid, https://media.signbsl.com/videos/asl/youtube/mp4/GuvH1BCqG0k.mp4
hafiz, https://media.signbsl.com/videos/asl/youtube/mp4/kflX1ahruvI.mp4
hag, https://media.signbsl.com/videos/asl/youtube/mp4/cscjFe9DfiM.mp4
haggard, https://media.signbsl.com/videos/asl/youtube/mp4/M5Psjq7zDjg.mp4
haggle, https://player.vimeo.com/external/392161613.sd.mp4?s=44cc3735f93796fad55b22b0c036818266e5ec3c&profile_id=164
ha ha, https://media.signbsl.com/videos/asl/aslsignbank/mp4/HAHA-3260.mp4
haha, https://media.signbsl.com/videos/asl/aslsignbank/mp4/HAHA-3260.mp4
Ha Ha (Lol), https://player.vimeo.com/external/392161533.sd.mp4?s=990a9fe72f0270d1d489b29fe03876ee6c8fede1&profile_id=164
hahahahaha, https://media.signbsl.com/videos/asl/youtube/mp4/hlzVS8vJ34A.mp4
ha ha lol, https://player.vimeo.com/external/392161533.sd.mp4?s=990a9fe72f0270d1d489b29fe03876ee6c8fede1&profile_id=164
haiku, https://media.signbsl.com/videos/asl/youtube/mp4/hx_ZdHhWEZM.mp4
hail, https://media.signbsl.com/videos/asl/aslsearch/mp4/hail.mp4
hail mary pass, https://media.signbsl.com/videos/asl/youtube/mp4/aReZ0bP3H9M.mp4
hair, https://media.signbsl.com/videos/asl/startasl/mp4/hair.mp4
hairbreadth, https://media.signbsl.com/videos/asl/youtube/mp4/DbqPwsu9oBk.mp4
hairbrush, https://media.signbsl.com/videos/asl/aslsearch/mp4/hairbrush.mp4
hair coloring, https://player.vimeo.com/external/392161682.sd.mp4?s=1bd1ad3503a5531b01a38df414f42f600f357715&profile_id=164
hair curler, https://media.signbsl.com/videos/asl/youtube/mp4/owgecGTa_LA.mp4
haircut, https://media.signbsl.com/videos/asl/youtube/mp4/70AAOYGFqMc.mp4
hairdo, https://player.vimeo.com/external/392680164.sd.mp4?s=6f3848a44d34ab2efd0c808ec337df4dfec5220d&profile_id=164
hairdresser, https://player.vimeo.com/external/392680252.sd.mp4?s=a9acac8946ed70994d9641c735b53c620ab59b2f&profile_id=164
hair drier, https://player.vimeo.com/external/392161729.sd.mp4?s=b317583e2f3d02f064419012477c22fcccb57f78&profile_id=164
hair dryer, https://player.vimeo.com/external/392161729.sd.mp4?s=b317583e2f3d02f064419012477c22fcccb57f78&profile_id=164
hair dye, https://player.vimeo.com/external/392161682.sd.mp4?s=1bd1ad3503a5531b01a38df414f42f600f357715&profile_id=164
hair dyer, https://media.signbsl.com/videos/asl/mariekatzenbachschool/mp4/hair%20dyer.mp4
hair gel, https://media.signbsl.com/videos/asl/aslsearch/mp4/mousse.mp4
hairgrip, https://media.signbsl.com/videos/asl/youtube/mp4/T2XUV57x4iY.mp4
hair highlighting, https://player.vimeo.com/external/392161771.sd.mp4?s=138b1db1e1ef75a29fb9fee1c861b32d5e194657&profile_id=164
hairiness, https://media.signbsl.com/videos/asl/youtube/mp4/gUVNNdRxSeg.mp4
hairless, https://media.signbsl.com/videos/asl/youtube/mp4/Ni__jPlXVZY.mp4
hairlike, https://media.signbsl.com/videos/asl/youtube/mp4/BxG6NTBalqU.mp4
hairline, https://media.signbsl.com/videos/asl/youtube/mp4/u2cpA81wHXc.mp4
hair long, https://media.signbsl.com/videos/asl/startasl/mp4/hair-long.mp4
hair loss, https://media.signbsl.com/videos/asl/youtube/mp4/TDHHHwe-pMI.mp4
hair mousse, https://media.signbsl.com/videos/asl/aslsearch/mp4/mousse.mp4
hair of the dog an alcoholic drink taken to cure a hangover, https://media.signbsl.com/videos/asl/youtube/mp4/zqpp7JeksLA.mp4
hairpiece, https://media.signbsl.com/videos/asl/youtube/mp4/LROR32A9sV8.mp4
hairpin, https://media.signbsl.com/videos/asl/youtube/mp4/9Lvm9Bo-SQk.mp4
hair raiser, https://media.signbsl.com/videos/asl/youtube/mp4/x6thaq5cYbU.mp4
hair raising, https://player.vimeo.com/external/392161814.sd.mp4?s=5199edf4c75cef8056c198a62f06e826cb853815&profile_id=164
hair short - women, NA
hair short men, https://media.signbsl.com/videos/asl/startasl/mp4/hair-short-men.mp4
hair splitting, https://player.vimeo.com/external/383546854.sd.mp4?s=40c595d2ceac9a1ffec74b069f5a826c25111ad6&profile_id=164&oauth2_token_id=1269733722
hairsplitting, https://player.vimeo.com/external/383546854.sd.mp4?s=40c595d2ceac9a1ffec74b069f5a826c25111ad6&profile_id=164&oauth2_token_id=1269733722
hair spray, https://player.vimeo.com/external/392162081.sd.mp4?s=5af07d3d16229d3f8b7562c698e35fe9c545df86&profile_id=164
hairspray, https://player.vimeo.com/external/392162081.sd.mp4?s=5af07d3d16229d3f8b7562c698e35fe9c545df86&profile_id=164
hairs stand on end, https://media.signbsl.com/videos/asl/youtube/mp4/FwMkEM-rjqM.mp4
hair style, https://player.vimeo.com/external/392680164.sd.mp4?s=6f3848a44d34ab2efd0c808ec337df4dfec5220d&profile_id=164
hairstylist, https://player.vimeo.com/external/392680252.sd.mp4?s=a9acac8946ed70994d9641c735b53c620ab59b2f&profile_id=164
hair washing, https://player.vimeo.com/external/392161876.sd.mp4?s=3e64590f973a45a103bf745624dbf3a7767830b7&profile_id=164
Haiti, https://media.signbsl.com/videos/asl/aslsignbank/mp4/HAITI-3318.mp4
haj, https://media.signbsl.com/videos/asl/youtube/mp4/be4gR-g-Qm8.mp4
hajj, https://media.signbsl.com/videos/asl/youtube/mp4/be4gR-g-Qm8.mp4
halal, https://media.signbsl.com/videos/asl/youtube/mp4/2IS5w3nis1g.mp4
hale, https://media.signbsl.com/videos/asl/youtube/mp4/RRKChJcuI4Q.mp4
haler, https://media.signbsl.com/videos/asl/youtube/mp4/sr1mwzQPkD0.mp4
half, https://media.signbsl.com/videos/asl/signlanguagestudent/mp4/half%20(alternate).mp4
half-dollar, https://media.signbsl.com/videos/asl/tsdvideo/mp4/35.mp4
half a dozen, https://media.signbsl.com/videos/asl/aslsignbank/mp4/SIX-603.mp4
half a loaf is better than no bread, https://media.signbsl.com/videos/asl/youtube/mp4/g2jgMPASvKc.mp4
half a mind, https://media.signbsl.com/videos/asl/youtube/mp4/9AM_Ksv_S58.mp4
halfback, https://media.signbsl.com/videos/asl/youtube/mp4/Lp6rlTXc3Is.mp4
half baked, https://media.signbsl.com/videos/asl/youtube/mp4/wa3uxN302Dc.mp4
half baked idea, https://media.signbsl.com/videos/asl/youtube/mp4/nJd5o_fUzeU.mp4
half breed, https://media.signbsl.com/videos/asl/youtube/mp4/ZVrEi9a_zCk.mp4
half brother, https://media.signbsl.com/videos/asl/aslsearch/mp4/stepbrother.mp4
half crazed, https://player.vimeo.com/external/391933283.sd.mp4?s=e72f0f9da757f0a3ff9d3e6eeab2016b8da825ba&profile_id=164
half dollar, https://media.signbsl.com/videos/asl/tsdvideo/mp4/35.mp4
half dozen, https://media.signbsl.com/videos/asl/aslsignbank/mp4/SIX-603.mp4
halfhearted, https://media.signbsl.com/videos/asl/youtube/mp4/X2mzSs5Ls1k.mp4
half hour, https://media.signbsl.com/videos/asl/tsdvideo/mp4/1179.mp4
half hour signed exact english, https://media.signbsl.com/videos/asl/tsdvideo/mp4/837.mp4
half life, https://media.signbsl.com/videos/asl/youtube/mp4/nB04PzulKmw.mp4
halfpennies, https://media.signbsl.com/videos/asl/youtube/mp4/d7D3_utC2oU.mp4
halfpenny, https://media.signbsl.com/videos/asl/youtube/mp4/d7D3_utC2oU.mp4
half pint, https://media.signbsl.com/videos/asl/youtube/mp4/DAZVT1rt4ko.mp4
half plane, https://media.signbsl.com/videos/asl/youtube/mp4/cduZSmPkhsw.mp4
half sister, https://media.signbsl.com/videos/asl/aslsearch/mp4/stepsister.mp4
half slip, https://media.signbsl.com/videos/asl/youtube/mp4/yojjjIvZ_HI.mp4
half time, https://media.signbsl.com/videos/asl/youtube/mp4/DindSUKSzHI.mp4
halftime, https://media.signbsl.com/videos/asl/youtube/mp4/DindSUKSzHI.mp4
half timeout, https://media.signbsl.com/videos/asl/youtube/mp4/01PXPOnUX58.mp4
halfway, https://media.signbsl.com/videos/asl/youtube/mp4/FQ7dqyUMsfk.mp4
halfway time, https://media.signbsl.com/videos/asl/youtube/mp4/kumI9fWfNJ4.mp4
half wit, https://media.signbsl.com/videos/asl/aslsignbank/mp4/IDIOT-2180.mp4
half witted, https://player.vimeo.com/external/392125211.sd.mp4?s=c9e653ee540d83ebdda3e96bb43922c21c880fda&profile_id=164
Haliaeetus leucocephalus, https://media.signbsl.com/videos/asl/elementalaslconcepts/mp4/bald_eagle.mp4
halifax ns, https://player.vimeo.com/external/392162441.sd.mp4?s=d7ca1d63c7c17e70f60690c932e87d92cb9e1081&profile_id=164
halitosis, https://media.signbsl.com/videos/asl/youtube/mp4/nyEQmmUpCS8.mp4
hall, https://media.signbsl.com/videos/asl/aslsignbank/mp4/HALL-3360.mp4
hallelujah, https://media.signbsl.com/videos/asl/signlanguagestudent/mp4/hallelujah.mp4
hallmark, https://media.signbsl.com/videos/asl/youtube/mp4/ZdikiUJtXtM.mp4
hallmark a distinctive characteristic or attribute, https://media.signbsl.com/videos/asl/youtube/mp4/bPOCawbnl5I.mp4
halloo, https://media.signbsl.com/videos/asl/youtube/mp4/5CawH3ISUxU.mp4
hallow, https://media.signbsl.com/videos/asl/youtube/mp4/67p8TPepPMc.mp4
hallowed, https://media.signbsl.com/videos/asl/signlanguagestudent/mp4/hallowed.mp4
Halloween, https://media.signbsl.com/videos/asl/startasl/mp4/halloween.mp4
hall porter, https://media.signbsl.com/videos/asl/youtube/mp4/W2QiXe302Zk.mp4
hallucinate, https://media.signbsl.com/videos/asl/aslsearch/mp4/hallucinate.mp4
hallucinating, https://player.vimeo.com/external/391931318.sd.mp4?s=7f8a2a34b65c6c786a70d1430ae04f05b87bde14&profile_id=164
hallucination, https://media.signbsl.com/videos/asl/youtube/mp4/d5gzgiYGYQw.mp4
hallucinogen, https://media.signbsl.com/videos/asl/youtube/mp4/C2uZOSnrrqg.mp4
hallucinogenic drug, https://media.signbsl.com/videos/asl/youtube/mp4/C2uZOSnrrqg.mp4
hallway, https://media.signbsl.com/videos/asl/startasl/mp4/hallway.mp4
halo, https://player.vimeo.com/external/392162936.sd.mp4?s=93d177648e2fa78c5c297ea49ab57c37ef1d7656&profile_id=164
halt, https://media.signbsl.com/videos/asl/aslsignbank/mp4/E(stay-still)-1885.mp4
ham, https://player.vimeo.com/external/392680390.sd.mp4?s=bd5fc209cf0a4b113f6b90b207046e4132effa07&profile_id=164
Hamburg, https://player.vimeo.com/external/392163007.sd.mp4?s=b120749c8e6667473208e1e4aec6096bce57afac&profile_id=164
hamburger, https://media.signbsl.com/videos/asl/aslsignbank/mp4/HAMBURGER-1844.mp4
ham fisted, https://media.signbsl.com/videos/asl/aslsearch/mp4/left-handed.mp4
ham handed, https://media.signbsl.com/videos/asl/aslsearch/mp4/left-handed.mp4
hamilton ontario, https://player.vimeo.com/external/392163196.sd.mp4?s=7e198742169e09c01318c47b4f083bb9c01951dd&profile_id=164
ham it up, https://media.signbsl.com/videos/asl/youtube/mp4/JuLhPFE-dqU.mp4
hamlet, https://media.signbsl.com/videos/asl/youtube/mp4/V_5o3nsxul0.mp4
hammer, https://media.signbsl.com/videos/asl/aslsearch/mp4/hammer.mp4
hammerhead, https://player.vimeo.com/external/391206075.sd.mp4?s=70036e65baeb2a49618c767f8923c823ff04370d&profile_id=164
hammer heart beating very strongly, https://media.signbsl.com/videos/asl/youtube/mp4/7JXsmEm5e2w.mp4
hammer in repeat endlessly to make someone understand, https://media.signbsl.com/videos/asl/youtube/mp4/xecrSqJ53cU.mp4
hammer out, https://media.signbsl.com/videos/asl/youtube/mp4/ZtrrxkYvE-A.mp4
hammock, https://media.signbsl.com/videos/asl/youtube/mp4/Z5seAeOwXSM.mp4
hammyhammierhammiest acting, https://media.signbsl.com/videos/asl/youtube/mp4/rUc-hMfFhCY.mp4
hamper, https://player.vimeo.com/external/392163343.sd.mp4?s=fe514ce4198e7e29c7c02f011a0d6915cf5cfaac&profile_id=164
ham radio, https://media.signbsl.com/videos/asl/youtube/mp4/v2TaHzojPcU.mp4
hamster, https://media.signbsl.com/videos/asl/aslsearch/mp4/hamster.mp4
hamstring make less effective or powerless, https://media.signbsl.com/videos/asl/youtube/mp4/nlNmX5p4g5Y.mp4
hand, https://media.signbsl.com/videos/asl/aslsearch/mp4/hand.mp4
handbag, https://media.signbsl.com/videos/asl/startasl/mp4/purse.mp4
handbasket, https://media.signbsl.com/videos/asl/aslsignbank/mp4/TRASH-2107.mp4
handbill, https://media.signbsl.com/videos/asl/youtube/mp4/50lXSOMNKkA.mp4
hand blower, https://player.vimeo.com/external/392161729.sd.mp4?s=b317583e2f3d02f064419012477c22fcccb57f78&profile_id=164
handbook, https://media.signbsl.com/videos/asl/youtube/mp4/Bg-ayeG_MKs.mp4
hand brake, https://media.signbsl.com/videos/asl/AustinCommunityCollege/mp4/auto_emerg_brake_.mp4
hand build, https://player.vimeo.com/external/391391117.sd.mp4?s=685253a23b630efd33b0b72290b6fe58890b2e7d&profile_id=164
handbuild, https://player.vimeo.com/external/391391117.sd.mp4?s=685253a23b630efd33b0b72290b6fe58890b2e7d&profile_id=164
hand cards, https://media.signbsl.com/videos/asl/youtube/mp4/OiwO46wt8MI.mp4
handcart, https://media.signbsl.com/videos/asl/youtube/mp4/sA7_B161GCQ.mp4
hand clapping, https://media.signbsl.com/videos/asl/youtube/mp4/XERB7nN8E_8.mp4
handclasp, https://player.vimeo.com/external/392163964.sd.mp4?s=3430d89b1dbd23a33e184febca5d786c6e18c949&profile_id=164
handcraft, https://media.signbsl.com/videos/asl/youtube/mp4/lJakUDl8AX0.mp4
hand crafted, https://media.signbsl.com/videos/asl/aslsearch/mp4/handmade.mp4
handcuff, https://media.signbsl.com/videos/asl/aslsearch/mp4/handcuffs.mp4
handcuffs, https://media.signbsl.com/videos/asl/aslsearch/mp4/handcuffs.mp4
hand down, https://player.vimeo.com/external/392163443.sd.mp4?s=f6e17d967334351310248a0d70dbf018e24276d4&profile_id=164
handfed, https://media.signbsl.com/videos/asl/youtube/mp4/G69NnogXKAY.mp4
handful, https://media.signbsl.com/videos/asl/youtube/mp4/CmLgM5fCApc.mp4
hand glass, https://media.signbsl.com/videos/asl/youtube/mp4/-8qVQIp2_rw.mp4
handgrip, https://media.signbsl.com/videos/asl/aslsearch/mp4/handle.mp4
hand held, https://media.signbsl.com/videos/asl/youtube/mp4/Gw1HwLq8BnE.mp4
handheld, https://media.signbsl.com/videos/asl/youtube/mp4/Gw1HwLq8BnE.mp4
handicap, https://media.signbsl.com/videos/asl/signlanguagestudent/mp4/disability.mp4
handicapped, https://media.signbsl.com/videos/asl/signlanguagestudent/mp4/disabled.mp4
handicapper, https://media.signbsl.com/videos/asl/youtube/mp4/FcAUrIIRQ-U.mp4
handicraft, https://media.signbsl.com/videos/asl/youtube/mp4/lJakUDl8AX0.mp4
handier, https://media.signbsl.com/videos/asl/youtube/mp4/KkPQsrpX65w.mp4
handiness, https://media.signbsl.com/videos/asl/aslsignbank/mp4/SPACE-269.mp4
hand in hand, https://media.signbsl.com/videos/asl/youtube/mp4/lrPAef22gQY.mp4
hand in hand walk holding hands, https://media.signbsl.com/videos/asl/youtube/mp4/go6xDT2onHs.mp4
hand in marriage, https://media.signbsl.com/videos/asl/youtube/mp4/M-gLyW5-8NU.mp4
handiwork, https://media.signbsl.com/videos/asl/youtube/mp4/lJakUDl8AX0.mp4
handkerchief, https://media.signbsl.com/videos/asl/youtube/mp4/qX32hpGhr64.mp4
handle, https://media.signbsl.com/videos/asl/aslsignbank/mp4/MANAGE-708.mp4
handle bar, https://media.signbsl.com/videos/asl/youtube/mp4/eK-k41VZgyY.mp4
handlebar, https://media.signbsl.com/videos/asl/youtube/mp4/eK-k41VZgyY.mp4
handlebar mustache, https://media.signbsl.com/videos/asl/youtube/mp4/3pOUBVYK68w.mp4
handleless, https://media.signbsl.com/videos/asl/youtube/mp4/4vhcXkXvTJ0.mp4
handler, https://media.signbsl.com/videos/asl/aslsearch/mp4/handler.mp4
handler job, https://media.signbsl.com/videos/asl/youtube/mp4/KNtVBPKLyiw.mp4
handless, https://media.signbsl.com/videos/asl/aslsearch/mp4/left-handed.mp4
handling, https://media.signbsl.com/videos/asl/youtube/mp4/1XteO4Ir42U.mp4
handlock, https://media.signbsl.com/videos/asl/aslsearch/mp4/handcuffs.mp4
hand loomed, https://media.signbsl.com/videos/asl/youtube/mp4/XAv57SRAdG0.mp4
handmade, https://media.signbsl.com/videos/asl/aslsearch/mp4/handmade.mp4
handmaid, https://media.signbsl.com/videos/asl/youtube/mp4/tjQU0Af3ez8.mp4
handmaiden, https://media.signbsl.com/videos/asl/youtube/mp4/tjQU0Af3ez8.mp4
hand me down, https://player.vimeo.com/external/392163488.sd.mp4?s=eaca138b884d0507230c4b24e7511b7ae148a070&profile_id=164
hand me downs, https://player.vimeo.com/external/392163488.sd.mp4?s=eaca138b884d0507230c4b24e7511b7ae148a070&profile_id=164
hand off, https://media.signbsl.com/videos/asl/youtube/mp4/jooXTKnZkfs.mp4
handoff, https://media.signbsl.com/videos/asl/youtube/mp4/jooXTKnZkfs.mp4
hand off football, https://media.signbsl.com/videos/asl/youtube/mp4/gdiuaI8u58c.mp4
hand off give to another person, https://media.signbsl.com/videos/asl/youtube/mp4/puFvM_DD1G8.mp4
hand out, https://media.signbsl.com/videos/asl/aslsignbank/mp4/PROVIDE-228.mp4
handout, https://media.signbsl.com/videos/asl/aslsignbank/mp4/PROVIDE-228.mp4
handouthand out give, https://media.signbsl.com/videos/asl/youtube/mp4/5bm0dg2h40o.mp4
hand over, https://player.vimeo.com/external/392163563.sd.mp4?s=c8e74ef9a2bfc1b66dbb1db9a473f0cd0a3aa4a9&profile_id=164
hand pick, https://player.vimeo.com/external/392163635.sd.mp4?s=c45be084032e61666e46251a63a5e03ea96123b5&profile_id=164
handpick, https://player.vimeo.com/external/392163635.sd.mp4?s=c45be084032e61666e46251a63a5e03ea96123b5&profile_id=164
handprint, https://media.signbsl.com/videos/asl/youtube/mp4/PAD0BckS5lQ.mp4
handrail, https://media.signbsl.com/videos/asl/youtube/mp4/O1PMbNtS2pY.mp4
hands, https://media.signbsl.com/videos/asl/signlanguagestudent/mp4/hands.mp4
handsaw, https://media.signbsl.com/videos/asl/youtube/mp4/l8v4joIgUSg.mp4
hands clock, https://media.signbsl.com/videos/asl/signlanguagestudent/mp4/hands%20(clock).mp4
hand scratching, https://media.signbsl.com/videos/asl/aslsignbank/mp4/ITCH-HAND-3478.mp4
hands down, https://media.signbsl.com/videos/asl/youtube/mp4/_Hdi76iujBo.mp4
handshake, https://player.vimeo.com/external/392163964.sd.mp4?s=3430d89b1dbd23a33e184febca5d786c6e18c949&profile_id=164
handshaking, https://player.vimeo.com/external/392163964.sd.mp4?s=3430d89b1dbd23a33e184febca5d786c6e18c949&profile_id=164
handshape, https://player.vimeo.com/external/392864714.sd.mp4?s=cae70f02771ccd037268699834de0b265d68ebdb&profile_id=164
hands off, https://media.signbsl.com/videos/asl/aslsignbank/mp4/HANDS-OFF-1842.mp4
hands off not interfere, https://media.signbsl.com/videos/asl/youtube/mp4/zIpEDKUlTIU.mp4
handsome, https://media.signbsl.com/videos/asl/startasl/mp4/handsome.mp4
hands on, https://media.signbsl.com/videos/asl/youtube/mp4/gum_x97Jjzs.mp4
handstamp, https://media.signbsl.com/videos/asl/youtube/mp4/Ik3TwMjA8ts.mp4
handstand, https://media.signbsl.com/videos/asl/youtube/mp4/4nP3fSCE40c.mp4
hand to hand struggle, https://media.signbsl.com/videos/asl/aslsearch/mp4/wrestle.mp4
hand wave, https://media.signbsl.com/videos/asl/youtube/mp4/7_R6_2zwdlI.mp4
handwork, https://media.signbsl.com/videos/asl/youtube/mp4/lJakUDl8AX0.mp4
handwoven, https://media.signbsl.com/videos/asl/youtube/mp4/XAv57SRAdG0.mp4
handwriting, https://media.signbsl.com/videos/asl/youtube/mp4/nORjhUVKEbg.mp4
handwriting expert, https://media.signbsl.com/videos/asl/youtube/mp4/jpaNeqp5mzM.mp4
handwriting is on the wall used to say that it is clear that something bad will probably happen soon, https://media.signbsl.com/videos/asl/youtube/mp4/MHebrKgFD98.mp4
handy, https://media.signbsl.com/videos/asl/aslsearch/mp4/convenient.mp4
handyforthcoming provided or available when needed or asked for, https://media.signbsl.com/videos/asl/youtube/mp4/q2x5ipv-tQ0.mp4
handyman, https://media.signbsl.com/videos/asl/youtube/mp4/wTeLDiBGaSs.mp4
hang, https://media.signbsl.com/videos/asl/aslsearch/mp4/hang.mp4
hangar, https://media.signbsl.com/videos/asl/youtube/mp4/5Qa0JVWYfmw.mp4
hang around, https://player.vimeo.com/external/392267878.sd.mp4?s=10d9266847209e94d3c1a9616403129d8e274422&profile_id=164
hang back, https://media.signbsl.com/videos/asl/youtube/mp4/F0kTkH_upyw.mp4
hang by a thread to life, https://media.signbsl.com/videos/asl/youtube/mp4/4pAiraFYDEk.mp4
hangdog, https://player.vimeo.com/external/392684936.sd.mp4?s=c5d276d5f1e902c18c8f26bf7eca95f69207f564&profile_id=164
hang down, https://media.signbsl.com/videos/asl/youtube/mp4/GAH5hTF5yYU.mp4
hanger, https://media.signbsl.com/videos/asl/aslsignbank/mp4/HANGER-775.mp4
hang in, https://media.signbsl.com/videos/asl/valleybible/mp4/persevere.mp4
Hang In There, https://player.vimeo.com/external/392164093.sd.mp4?s=2414a1f068a85258886f32821151cc49baeea0f2&profile_id=164
hang it up, https://media.signbsl.com/videos/asl/youtube/mp4/YUt5aHiy2so.mp4
hangman, https://media.signbsl.com/videos/asl/youtube/mp4/00HWc37jwiE.mp4
hang on, https://player.vimeo.com/external/392164174.sd.mp4?s=8f2cdf93cf4b9a383cdeeffb2e1bbe146ba82a5a&profile_id=164
hang on to, https://media.signbsl.com/videos/asl/youtube/mp4/oU6tcM_zZFQ.mp4
hang onto, https://media.signbsl.com/videos/asl/youtube/mp4/wW-x1JPb36Y.mp4
hang out, https://media.signbsl.com/videos/asl/youtube/mp4/be7NbIEa8hA.mp4
hangout, https://media.signbsl.com/videos/asl/youtube/mp4/be7NbIEa8hA.mp4
hang out with, https://media.signbsl.com/videos/asl/youtube/mp4/JExVoZllj-I.mp4
hangover, https://player.vimeo.com/external/392164390.sd.mp4?s=0735f58688f5b7cfe0f7e5d739dcef29fdf7e807&profile_id=164
hang up, https://media.signbsl.com/videos/asl/aslsignbank/mp4/HANG-UP-1841.mp4
hangup, https://media.signbsl.com/videos/asl/aslsignbank/mp4/HANG-UP-1841.mp4
hankey, https://media.signbsl.com/videos/asl/youtube/mp4/qX32hpGhr64.mp4
hankie, https://media.signbsl.com/videos/asl/youtube/mp4/qX32hpGhr64.mp4
hanky, https://media.signbsl.com/videos/asl/youtube/mp4/qX32hpGhr64.mp4
Hannukah, https://media.signbsl.com/videos/asl/startasl/mp4/hannukah.mp4
hansel, https://media.signbsl.com/videos/asl/youtube/mp4/BJytbzNSOjQ.mp4
Hansens disease, https://media.signbsl.com/videos/asl/youtube/mp4/VVx8zANXERA.mp4
Hanukah, https://media.signbsl.com/videos/asl/startasl/mp4/hannukah.mp4
Hanukkah, https://media.signbsl.com/videos/asl/startasl/mp4/hannukah.mp4
hap, https://media.signbsl.com/videos/asl/aslsearch/mp4/happen.mp4
hapenny, https://media.signbsl.com/videos/asl/youtube/mp4/d7D3_utC2oU.mp4
haphazardly, https://media.signbsl.com/videos/asl/youtube/mp4/hg9oo6z9gAA.mp4
hapless, https://media.signbsl.com/videos/asl/startasl/mp4/poor.mp4
haploid, https://media.signbsl.com/videos/asl/youtube/mp4/ICgUB604uhk.mp4
happen, https://media.signbsl.com/videos/asl/aslsearch/mp4/happen.mp4
happen to find, https://player.vimeo.com/external/391392432.sd.mp4?s=12cac95d74867a4427afd9416f866395320fa9f9&profile_id=164
happen upon, https://player.vimeo.com/external/391392432.sd.mp4?s=12cac95d74867a4427afd9416f866395320fa9f9&profile_id=164
happier, https://media.signbsl.com/videos/asl/youtube/mp4/DLu-aDx87IY.mp4
happily ever after, https://media.signbsl.com/videos/asl/youtube/mp4/Mn3LVpADZwY.mp4
happy, https://media.signbsl.com/videos/asl/startasl/mp4/happy.mp4
happy chance, https://media.signbsl.com/videos/asl/youtube/mp4/iOYHpn7b89I.mp4
happy hour, https://player.vimeo.com/external/392164646.sd.mp4?s=d9e38151586ebfc34ca19edb5bf92aff5ce4e5c5&profile_id=164
Happy New Year, https://player.vimeo.com/external/392164733.sd.mp4?s=692b85c6543f44046672133d5487c57c2afa016c&profile_id=164
happy valentines day, https://media.signbsl.com/videos/asl/mariekatzenbachschool/mp4/Happy%20Valentines%20Day.mp4
haptic, https://media.signbsl.com/videos/asl/youtube/mp4/arbdKtHONTQ.mp4
hara kiri, https://player.vimeo.com/external/392165891.sd.mp4?s=e91df47e5c5487fb2eb417cf6b00c4125ab79ed1&profile_id=164
harakiri, https://player.vimeo.com/external/392165891.sd.mp4?s=e91df47e5c5487fb2eb417cf6b00c4125ab79ed1&profile_id=164
harass, https://player.vimeo.com/external/392414900.sd.mp4?s=597521931ac36aea6d75a430e51c495872dba2b8&profile_id=164
harbinger, https://media.signbsl.com/videos/asl/youtube/mp4/Ondjqh4WPhY.mp4
harbor, https://media.signbsl.com/videos/asl/youtube/mp4/NNphf06kDHw.mp4
harbormaster, https://media.signbsl.com/videos/asl/youtube/mp4/xUmnyRUOv4s.mp4
harbour, https://media.signbsl.com/videos/asl/youtube/mp4/NNphf06kDHw.mp4
hard, https://media.signbsl.com/videos/asl/startasl/mp4/hard.mp4
hardback, https://player.vimeo.com/external/392166163.sd.mp4?s=2a22a5dea55fe80ebd890bce7df76643525f0504&profile_id=164
hardball, https://media.signbsl.com/videos/asl/youtube/mp4/Y5PQQM4Hy2o.mp4
hard bitten, https://media.signbsl.com/videos/asl/youtube/mp4/Ef0UgZHGSyM.mp4
hard boiled, https://media.signbsl.com/videos/asl/youtube/mp4/Ef0UgZHGSyM.mp4
hard cash, https://media.signbsl.com/videos/asl/aslsignbank/mp4/MONEY-1596.mp4
hard coal, https://media.signbsl.com/videos/asl/youtube/mp4/17vJukr6RIk.mp4
hard core, https://media.signbsl.com/videos/asl/youtube/mp4/EFreOa3YB_A.mp4
hardcore, https://media.signbsl.com/videos/asl/youtube/mp4/EFreOa3YB_A.mp4
hardcover, https://player.vimeo.com/external/392166163.sd.mp4?s=2a22a5dea55fe80ebd890bce7df76643525f0504&profile_id=164
hard currency, https://media.signbsl.com/videos/asl/aslsignbank/mp4/MONEY-1596.mp4
hard drink, https://media.signbsl.com/videos/asl/aslsearch/mp4/liquor.mp4
hard drive, https://media.signbsl.com/videos/asl/mariekatzenbachschool/mp4/hard%20drive.mp4
hardener, https://media.signbsl.com/videos/asl/youtube/mp4/no5juuPFWnc.mp4
hardening, https://media.signbsl.com/videos/asl/youtube/mp4/76Qvag-V35E.mp4
hardening of the arteries, https://media.signbsl.com/videos/asl/youtube/mp4/Q2XWDJPdHm4.mp4
harder, https://media.signbsl.com/videos/asl/youtube/mp4/7q0Ds0hENY0.mp4
hard hearted, https://player.vimeo.com/external/392165975.sd.mp4?s=423a9303d308b29003056f01dd116a02dd989ce1&profile_id=164
hardhearted, https://player.vimeo.com/external/392165975.sd.mp4?s=423a9303d308b29003056f01dd116a02dd989ce1&profile_id=164
hardier, https://media.signbsl.com/videos/asl/youtube/mp4/W93RLUbmrW0.mp4
hardihood, https://player.vimeo.com/external/391916547.sd.mp4?s=02b1720ae07b8d3d4d954e5a3795330b77e9a434&profile_id=164
hardily, https://media.signbsl.com/videos/asl/youtube/mp4/eddl7yH5NS0.mp4
hard knocks, https://media.signbsl.com/videos/asl/ids/mp4/2013-11-230-adversity-1500k-ase.mp4
hardliner, https://media.signbsl.com/videos/asl/youtube/mp4/aLxATDxO7WE.mp4
hard liquor, https://media.signbsl.com/videos/asl/aslsearch/mp4/liquor.mp4
hardly, https://media.signbsl.com/videos/asl/aslsignbank/mp4/BARELY-650.mp4
hardness, https://media.signbsl.com/videos/asl/youtube/mp4/R8eyuinYEhA.mp4
hardness scale, https://media.signbsl.com/videos/asl/elementalaslconcepts/mp4/hardness_scale.mp4
hard of hearing, https://media.signbsl.com/videos/asl/aslsearch/mp4/hard-of-hearing.mp4
hard on, https://media.signbsl.com/videos/asl/youtube/mp4/w-VGJ8O_e_w.mp4
hard pressed, https://player.vimeo.com/external/392166037.sd.mp4?s=d46648e8cd2d5dbf3910264c4c489f02388f0a8f&profile_id=164
hard put, https://player.vimeo.com/external/392166037.sd.mp4?s=d46648e8cd2d5dbf3910264c4c489f02388f0a8f&profile_id=164
hardship, https://player.vimeo.com/external/392166272.sd.mp4?s=11af282f0754c071fd9e78c89ec8dc464eaf0401&profile_id=164
hard to say, https://media.signbsl.com/videos/asl/youtube/mp4/QcXZzxu_yLk.mp4
hard up, https://media.signbsl.com/videos/asl/youtube/mp4/QZkMOLt6bEU.mp4
hard very hard, https://media.signbsl.com/videos/asl/signlanguagestudent/mp4/hard%20(very%20hard).mp4
hardware, https://media.signbsl.com/videos/asl/deaftec/mp4/986.mp4
hardwood, https://media.signbsl.com/videos/asl/youtube/mp4/lYjxNHabvU4.mp4
hard working, https://player.vimeo.com/external/392166065.sd.mp4?s=212ab307bce890c8b803ff241132b254a8e46786&profile_id=164
hardworking, https://player.vimeo.com/external/392166065.sd.mp4?s=212ab307bce890c8b803ff241132b254a8e46786&profile_id=164
hardy, https://player.vimeo.com/external/392166312.sd.mp4?s=d7e372b7b4e575de9f8d6dc39429ee02ba678bd2&profile_id=164
hare, https://media.signbsl.com/videos/asl/youtube/mp4/8IvbmdF0bfY.mp4
hareem, https://media.signbsl.com/videos/asl/youtube/mp4/yjGzbiFwvuM.mp4
harem, https://media.signbsl.com/videos/asl/youtube/mp4/yjGzbiFwvuM.mp4
Harijan, https://media.signbsl.com/videos/asl/youtube/mp4/VEhuDXImlOg.mp4
harikari, https://player.vimeo.com/external/392165891.sd.mp4?s=e91df47e5c5487fb2eb417cf6b00c4125ab79ed1&profile_id=164
hark, https://media.signbsl.com/videos/asl/aslsignbank/mp4/HARK-2182.mp4
harken, https://media.signbsl.com/videos/asl/aslsignbank/mp4/HARK-2182.mp4
harlequinade, https://media.signbsl.com/videos/asl/youtube/mp4/0QEjOGmH_L8.mp4
harlot, https://media.signbsl.com/videos/asl/aslsearch/mp4/whore.mp4
harm, https://player.vimeo.com/external/392166374.sd.mp4?s=e4fdc7b4297c49ca71b7c63e4011113f32318201&profile_id=164
harmful, https://media.signbsl.com/videos/asl/youtube/mp4/kN4mxB9IIFg.mp4
harmless, https://media.signbsl.com/videos/asl/youtube/mp4/W2_N5laDLKE.mp4
harmonica, https://media.signbsl.com/videos/asl/aslsignbank/mp4/HARMONICA-1838.mp4
harmonies, https://player.vimeo.com/external/392166451.sd.mp4?s=00566eec2e59555ed4dcbbc26c6e008dd9128a63&profile_id=164
harmoniousness, https://player.vimeo.com/external/392166451.sd.mp4?s=00566eec2e59555ed4dcbbc26c6e008dd9128a63&profile_id=164
harmonise, https://media.signbsl.com/videos/asl/youtube/mp4/AkRoo7MYLpk.mp4
harmoniser, https://media.signbsl.com/videos/asl/youtube/mp4/kjWx1I1THnI.mp4
harmonize, https://media.signbsl.com/videos/asl/youtube/mp4/AkRoo7MYLpk.mp4
harmonizer, https://media.signbsl.com/videos/asl/youtube/mp4/kjWx1I1THnI.mp4
harmony, https://player.vimeo.com/external/392166451.sd.mp4?s=00566eec2e59555ed4dcbbc26c6e008dd9128a63&profile_id=164
harm principle, https://media.signbsl.com/videos/asl/philosophy/mp4/Harm%20Principle-HD.mp4
harness, https://player.vimeo.com/external/392166486.sd.mp4?s=ad5ff09ec5ae68318916f1fb22c2c40475e0c95f&profile_id=164
harp, https://media.signbsl.com/videos/asl/aslsignbank/mp4/HARP-852.mp4
harper, https://media.signbsl.com/videos/asl/youtube/mp4/JT8tynu4xTc.mp4
harpist, https://media.signbsl.com/videos/asl/youtube/mp4/JT8tynu4xTc.mp4
harpoon, https://media.signbsl.com/videos/asl/youtube/mp4/Y6as-VeoTF0.mp4
harpooneer, https://media.signbsl.com/videos/asl/youtube/mp4/8h2Q1XA-XvM.mp4
harpooner, https://media.signbsl.com/videos/asl/youtube/mp4/8h2Q1XA-XvM.mp4
harpsichord, https://media.signbsl.com/videos/asl/youtube/mp4/z0-ILExdpm0.mp4
harpsichordist, https://media.signbsl.com/videos/asl/youtube/mp4/JoJUtEhFqqs.mp4
Harrisburg, https://media.signbsl.com/videos/asl/aslsignbank/mp4/HARRISBURG-3278.mp4
harrow, https://media.signbsl.com/videos/asl/youtube/mp4/QPzAq2qs-ro.mp4
harrowable, https://media.signbsl.com/videos/asl/youtube/mp4/GxddEjV9eF0.mp4
harrowing, https://media.signbsl.com/videos/asl/youtube/mp4/fDWzFJMQ7I0.mp4
harrumph, https://media.signbsl.com/videos/asl/youtube/mp4/VOquc2tZ8h4.mp4
harry, https://player.vimeo.com/external/392414900.sd.mp4?s=597521931ac36aea6d75a430e51c495872dba2b8&profile_id=164
harry potter, https://media.signbsl.com/videos/asl/youtube/mp4/-OExHoX6q2I.mp4
harsh, https://media.signbsl.com/videos/asl/youtube/mp4/0qf0ULeeCxE.mp4
harshness, https://media.signbsl.com/videos/asl/youtube/mp4/Iqv8C8XZapA.mp4
Hartford, https://media.signbsl.com/videos/asl/aslsignbank/mp4/HARTFORD-1837.mp4
harum scarum, https://player.vimeo.com/external/391916514.sd.mp4?s=0c05cec8334ac5582a09617aaaaa5b8586260a9d&profile_id=164
Harvard, https://media.signbsl.com/videos/asl/youtube/mp4/XoZi_l-08Cg.mp4
Harvard University, https://media.signbsl.com/videos/asl/youtube/mp4/XoZi_l-08Cg.mp4
harvest, https://media.signbsl.com/videos/asl/aslsearch/mp4/reap.mp4
harvester, https://media.signbsl.com/videos/asl/youtube/mp4/vsX0fFyljJY.mp4
has, https://media.signbsl.com/videos/asl/aslsignbank/mp4/HAVE-1779.mp4
has been, https://media.signbsl.com/videos/asl/youtube/mp4/g5shEfFH4n8.mp4
Hashemite Kingdom of Jordan, https://media.signbsl.com/videos/asl/youtube/mp4/3ECIQvrX418.mp4
hash out, https://media.signbsl.com/videos/asl/aslsearch/mp4/elaborate.mp4
hashtag, https://media.signbsl.com/videos/asl/youtube/mp4/ekSb-IM5ve0.mp4
hassle, https://player.vimeo.com/external/392414900.sd.mp4?s=597521931ac36aea6d75a430e51c495872dba2b8&profile_id=164
hasten, https://media.signbsl.com/videos/asl/startasl/mp4/hurry.mp4
has the hots for, https://media.signbsl.com/videos/asl/youtube/mp4/K9iqejJjDEA.mp4
has the right stuff, https://media.signbsl.com/videos/asl/youtube/mp4/Ijs6V-rbmOI.mp4
hastier, https://media.signbsl.com/videos/asl/youtube/mp4/0vICIvxhoEI.mp4
hasty, https://media.signbsl.com/videos/asl/youtube/mp4/ev7Rnq4CX-I.mp4
hat, https://media.signbsl.com/videos/asl/startasl/mp4/hat.mp4
hatband, https://media.signbsl.com/videos/asl/youtube/mp4/gET5FxuIU-s.mp4
hatbox, https://media.signbsl.com/videos/asl/youtube/mp4/2CtN_K6r5ek.mp4
hatch, https://media.signbsl.com/videos/asl/youtube/mp4/ieE4jg5__BY.mp4
hatcheck, https://media.signbsl.com/videos/asl/youtube/mp4/yJOfoCnLipY.mp4
hatcheries, https://media.signbsl.com/videos/asl/youtube/mp4/9AtN2NfSDw4.mp4
hatchery, https://media.signbsl.com/videos/asl/youtube/mp4/9AtN2NfSDw4.mp4
hatchet, https://media.signbsl.com/videos/asl/youtube/mp4/dc6CBBkGQrE.mp4
hatchet man, https://media.signbsl.com/videos/asl/youtube/mp4/2Zj1iICRTiI.mp4
hatchling, https://media.signbsl.com/videos/asl/youtube/mp4/SIUU04ZCKcg.mp4
hate, https://media.signbsl.com/videos/asl/aslsignbank/mp4/HATE-1780.mp4
hateful, https://media.signbsl.com/videos/asl/youtube/mp4/W3pSRBZseT0.mp4
hatemonger, https://media.signbsl.com/videos/asl/youtube/mp4/5IXgILJ2FxY.mp4
hater, https://media.signbsl.com/videos/asl/youtube/mp4/E9JLhZbY11c.mp4
hate that, https://player.vimeo.com/external/392680490.sd.mp4?s=d92235ea9e01d497b4078f6ee8c98fce4673efc0&profile_id=164
hatful, https://media.signbsl.com/videos/asl/aslsearch/mp4/lot.mp4
hatless, https://media.signbsl.com/videos/asl/youtube/mp4/-rKKGoFoZJo.mp4
hatmaker, https://media.signbsl.com/videos/asl/youtube/mp4/qyE11zMSr44.mp4
hatpin, https://media.signbsl.com/videos/asl/youtube/mp4/YMKl9xlIgiY.mp4
hatter, https://media.signbsl.com/videos/asl/youtube/mp4/qyE11zMSr44.mp4
hat with wide brim, https://media.signbsl.com/videos/asl/aslsignbank/mp4/HAT-BRIM-1781.mp4
Haudenosaunee, https://media.signbsl.com/videos/asl/uploads/mp4/user_upload60268cb98a9bd0.50221418.mp4
haughtily, https://media.signbsl.com/videos/asl/youtube/mp4/8xilskxpMek.mp4
haughtiness, https://media.signbsl.com/videos/asl/youtube/mp4/uXbQXCLq_4s.mp4
haul, https://media.signbsl.com/videos/asl/youtube/mp4/RRKChJcuI4Q.mp4
haul around, https://media.signbsl.com/videos/asl/youtube/mp4/pZJOJ5Qc5ZY.mp4
hauler, https://media.signbsl.com/videos/asl/youtube/mp4/mKSeJ_2gxF4.mp4
haulier, https://media.signbsl.com/videos/asl/youtube/mp4/mKSeJ_2gxF4.mp4
haunt, https://media.signbsl.com/videos/asl/aslsignbank/mp4/OBSESS-1552.mp4
haunted, https://media.signbsl.com/videos/asl/aslsignbank/mp4/MONSTER-507.mp4
haunted house, https://media.signbsl.com/videos/asl/mariekatzenbachschool/mp4/haunted%20house.mp4
haunting, https://player.vimeo.com/external/392167007.sd.mp4?s=94a087b2aa0e4e21aa83005a6b4c3a20ce6146d7&profile_id=164
hautbois, https://media.signbsl.com/videos/asl/youtube/mp4/kzaOmmIJThc.mp4
hautboy, https://media.signbsl.com/videos/asl/youtube/mp4/kzaOmmIJThc.mp4
hauteur, https://media.signbsl.com/videos/asl/youtube/mp4/uXbQXCLq_4s.mp4
Havana, https://media.signbsl.com/videos/asl/youtube/mp4/reEkETwXNH4.mp4
have, https://media.signbsl.com/videos/asl/startasl/mp4/have.mp4
have a bun in the oven, https://media.signbsl.com/videos/asl/youtube/mp4/npVDl_dh7MQ.mp4
have a fit, https://media.signbsl.com/videos/asl/youtube/mp4/LMPPEKxGRjg.mp4
have a peep, https://media.signbsl.com/videos/asl/youtube/mp4/dVmoVDZq9ss.mp4
have been in touch, https://media.signbsl.com/videos/asl/youtube/mp4/yU-Wo9G0LWc.mp4
have got, https://media.signbsl.com/videos/asl/startasl/mp4/have.mp4
have him by the nose, https://media.signbsl.com/videos/asl/youtube/mp4/En8-66za43k.mp4
have kittens, https://media.signbsl.com/videos/asl/youtube/mp4/LMPPEKxGRjg.mp4
haven, https://media.signbsl.com/videos/asl/youtube/mp4/NNphf06kDHw.mp4
have not, https://player.vimeo.com/external/392167096.sd.mp4?s=9ac3cc135315c63935809ed795a6f94ed3707178&profile_id=164
havent, https://media.signbsl.com/videos/asl/aslsignbank/mp4/NOT-YET-200.mp4
have on, https://media.signbsl.com/videos/asl/aslsearch/mp4/wear.mp4
haversack, https://media.signbsl.com/videos/asl/aslsignbank/mp4/BACKPACK-408.mp4
have seen, https://player.vimeo.com/external/392167208.sd.mp4?s=f7bc7f74f06db1916009c23e95a197f4bb285175&profile_id=164
have to, https://media.signbsl.com/videos/asl/aslsignbank/mp4/MUST-192.mp4
have words, https://media.signbsl.com/videos/asl/startasl/mp4/yell.mp4
have young, https://media.signbsl.com/videos/asl/youtube/mp4/DLXWyQFbEC0.mp4
having, https://media.signbsl.com/videos/asl/signlanguagestudent/mp4/having.mp4
havoc, https://media.signbsl.com/videos/asl/youtube/mp4/4S-y_MNUpnk.mp4
Hawaii, https://media.signbsl.com/videos/asl/aslsignbank/mp4/HAWAII-785.mp4
haw haw, https://media.signbsl.com/videos/asl/aslsignbank/mp4/HAHA-3260.mp4
hawk, https://media.signbsl.com/videos/asl/youtube/mp4/ThhACsH8E34.mp4
hawker, https://media.signbsl.com/videos/asl/youtube/mp4/vaI68nz35bI.mp4
hawkish, https://media.signbsl.com/videos/asl/youtube/mp4/6KTXmzXiyyM.mp4
hay, https://player.vimeo.com/external/392167470.sd.mp4?s=a3626226a390e9a2ea5f36b627f870d6292a4696&profile_id=164
Hayastan, https://media.signbsl.com/videos/asl/youtube/mp4/xYxy91pnkxI.mp4
hayfield, https://player.vimeo.com/external/392376045.sd.mp4?s=78ea66c5b546d9f88bb3d8372732e68818ad59dd&profile_id=164
haymaker, https://media.signbsl.com/videos/asl/youtube/mp4/Gm2Wuppg424.mp4
haymaking, https://media.signbsl.com/videos/asl/youtube/mp4/bxqL299gbak.mp4
hayrick, https://media.signbsl.com/videos/asl/youtube/mp4/WrOR-xavexs.mp4
hayride, https://media.signbsl.com/videos/asl/youtube/mp4/t-BO-6BEAlY.mp4
hayseed, https://player.vimeo.com/external/392636895.sd.mp4?s=1df6b8795bf5148b0f1a7c787e8049673809e621&profile_id=164
haystack, https://media.signbsl.com/videos/asl/youtube/mp4/WrOR-xavexs.mp4
Hayti, https://media.signbsl.com/videos/asl/aslsignbank/mp4/HAITI-3318.mp4
haywire, https://media.signbsl.com/videos/asl/startasl/mp4/nuts.mp4
hazan, https://media.signbsl.com/videos/asl/youtube/mp4/21kYOo3vVJk.mp4
hazard, https://media.signbsl.com/videos/asl/aslsearch/mp4/risk.mp4
hazardous, https://player.vimeo.com/external/392864741.sd.mp4?s=e49fb5338594c8e5c797e93b02b3a8906cc932fb&profile_id=164
haze, https://media.signbsl.com/videos/asl/youtube/mp4/MgFUnVxKxv0.mp4
hazel, https://media.signbsl.com/videos/asl/youtube/mp4/bBbpE-9NJ7k.mp4
hazelnut, https://media.signbsl.com/videos/asl/youtube/mp4/bBbpE-9NJ7k.mp4
hazelnut tree, https://media.signbsl.com/videos/asl/youtube/mp4/bBbpE-9NJ7k.mp4
haze me, https://media.signbsl.com/videos/asl/youtube/mp4/2bTRDsL0Sxw.mp4
haze over, https://media.signbsl.com/videos/asl/youtube/mp4/Z761FZiVb2c.mp4
hazing, https://media.signbsl.com/videos/asl/youtube/mp4/S_jjWm1ndxs.mp4
HAZMAT, https://media.signbsl.com/videos/asl/youtube/mp4/8Xt76pZot-I.mp4
hazy, https://media.signbsl.com/videos/asl/aslsearch/mp4/blurred.mp4
Hb, https://media.signbsl.com/videos/asl/youtube/mp4/XtvekOmA6lw.mp4
hdmi, https://media.signbsl.com/videos/asl/deaftec/mp4/987.mp4
he, https://media.signbsl.com/videos/asl/aslsignbank/mp4/HONORIFIC-2153.mp4
he/she asks him/her, https://media.signbsl.com/videos/asl/youtube/mp4/QKpRjS84Sxw.mp4
head, https://media.signbsl.com/videos/asl/aslsignbank/mp4/HEAD-BACK-1776.mp4
head ache, https://media.signbsl.com/videos/asl/startasl/mp4/headache.mp4
headache, https://media.signbsl.com/videos/asl/startasl/mp4/headache.mp4
headband, https://player.vimeo.com/external/392680555.sd.mp4?s=54dacd1015f654ceb0568b68b3a9aa4e63fdee24&profile_id=164
headboard, https://media.signbsl.com/videos/asl/youtube/mp4/4sXjRikel6I.mp4
headbutt, https://media.signbsl.com/videos/asl/youtube/mp4/9aCVXT76sRw.mp4
head count, https://media.signbsl.com/videos/asl/youtube/mp4/wdSfNZdPJXY.mp4
headcount, https://media.signbsl.com/videos/asl/youtube/mp4/wdSfNZdPJXY.mp4
headcounter, https://media.signbsl.com/videos/asl/youtube/mp4/xR8GtYPVAaA.mp4
head down, https://media.signbsl.com/videos/asl/youtube/mp4/TK58hIvTcbc.mp4
headdress, https://media.signbsl.com/videos/asl/youtube/mp4/cnxJ0PnJHBQ.mp4
header, https://media.signbsl.com/videos/asl/elementalaslconcepts/mp4/heading.mp4
head first, https://media.signbsl.com/videos/asl/youtube/mp4/EuusSuOHCGE.mp4
headfirst, https://media.signbsl.com/videos/asl/youtube/mp4/EuusSuOHCGE.mp4
head for the hills, https://media.signbsl.com/videos/asl/youtube/mp4/iIPGD4v85NU.mp4
head gate, https://media.signbsl.com/videos/asl/youtube/mp4/Sg82d-NJ78s.mp4
headgear, https://media.signbsl.com/videos/asl/youtube/mp4/cnxJ0PnJHBQ.mp4
headhunt, https://media.signbsl.com/videos/asl/youtube/mp4/uaLNM3SVQEg.mp4
heading, https://media.signbsl.com/videos/asl/elementalaslconcepts/mp4/heading.mp4
head in the clouds, https://media.signbsl.com/videos/asl/youtube/mp4/7CMBaEF26HM.mp4
head knocked down, https://media.signbsl.com/videos/asl/youtube/mp4/k2FyVxLumac.mp4
headlamp, https://media.signbsl.com/videos/asl/AustinCommunityCollege/mp4/auto_headlights_.mp4
headland, https://media.signbsl.com/videos/asl/youtube/mp4/8R02z8h-cIE.mp4
headless, https://media.signbsl.com/videos/asl/youtube/mp4/U-81z-eDuW4.mp4
headlight, https://media.signbsl.com/videos/asl/AustinCommunityCollege/mp4/auto_headlights_.mp4
headlights, https://media.signbsl.com/videos/asl/AustinCommunityCollege/mp4/auto_headlights_.mp4
headline, https://player.vimeo.com/external/392864761.sd.mp4?s=36dbacbf7afa15128d488b5090cdeb9fc966c493&profile_id=164
headliner, https://media.signbsl.com/videos/asl/youtube/mp4/Sm_lsK5zzDs.mp4
headlong, https://media.signbsl.com/videos/asl/youtube/mp4/6nDEPm9rY3M.mp4
headmaster, https://media.signbsl.com/videos/asl/ids/mp4/2013-11-2890-master-1500k-ase.mp4
headmistress, https://media.signbsl.com/videos/asl/youtube/mp4/6HZpq_eMoDI.mp4
head nurse, https://media.signbsl.com/videos/asl/youtube/mp4/X4NsFE4K_Kw.mp4
head off, https://media.signbsl.com/videos/asl/youtube/mp4/IRLoe0ze1_E.mp4
head of hair, https://media.signbsl.com/videos/asl/youtube/mp4/eFDE7U2ft74.mp4
head on a spike, https://media.signbsl.com/videos/asl/youtube/mp4/R35pTBp8Bnc.mp4
headphone, https://media.signbsl.com/videos/asl/startasl/mp4/headphones.mp4
headphones, https://media.signbsl.com/videos/asl/startasl/mp4/headphones.mp4
headquarter, https://media.signbsl.com/videos/asl/youtube/mp4/o_RJ1fXSjgk.mp4
headquarters, https://media.signbsl.com/videos/asl/aslsearch/mp4/headquarters.mp4
headroom, https://media.signbsl.com/videos/asl/youtube/mp4/EQVP7rMQ7II.mp4
headscarf, https://media.signbsl.com/videos/asl/youtube/mp4/n-xZmFpR19g.mp4
headshake, https://player.vimeo.com/external/392169264.sd.mp4?s=d317eb5c706f384a76f24bd8ee0d12aad39d95d6&profile_id=164
headshaking, https://player.vimeo.com/external/392169264.sd.mp4?s=d317eb5c706f384a76f24bd8ee0d12aad39d95d6&profile_id=164
head shrinker, https://media.signbsl.com/videos/asl/aslsearch/mp4/shrink.mp4
headstand, https://media.signbsl.com/videos/asl/youtube/mp4/Jd7yIQGMmn0.mp4
headstrong, https://player.vimeo.com/external/392169285.sd.mp4?s=b179e921909f04c1d5ef7e334145782d877d429d&profile_id=164
heads up, https://media.signbsl.com/videos/asl/youtube/mp4/1Cqk_wqtmRk.mp4
head teacher, https://media.signbsl.com/videos/asl/aslsignbank/mp4/PRINCIPAL-932.mp4
headteacher, https://media.signbsl.com/videos/asl/aslsignbank/mp4/PRINCIPAL-932.mp4
head up, https://media.signbsl.com/videos/asl/youtube/mp4/kALJTOCAadA.mp4
headwaiter, https://media.signbsl.com/videos/asl/youtube/mp4/0GqDMPaadiM.mp4
headway, https://media.signbsl.com/videos/asl/youtube/mp4/EQVP7rMQ7II.mp4
headwind, https://media.signbsl.com/videos/asl/youtube/mp4/4QRddAQGdGI.mp4
heal, https://media.signbsl.com/videos/asl/aslsearch/mp4/cure.mp4
healer, https://media.signbsl.com/videos/asl/aslsearch/mp4/therapist.mp4
healing, https://media.signbsl.com/videos/asl/aslsignbank/mp4/THERAPY-1206.mp4
Healing the Sick, https://media.signbsl.com/videos/asl/ids/mp4/2013-11-2140-healing-the-sick-1500k-ase.mp4
health, https://media.signbsl.com/videos/asl/startasl/mp4/health.mp4
health care, https://media.signbsl.com/videos/asl/youtube/mp4/0MwWPlFHbpo.mp4
healthcare, https://media.signbsl.com/videos/asl/youtube/mp4/0MwWPlFHbpo.mp4
health center, https://media.signbsl.com/videos/asl/youtube/mp4/hZSI2-9u7_I.mp4
health check, https://media.signbsl.com/videos/asl/youtube/mp4/s9bkh-DHJ3A.mp4
health food, https://player.vimeo.com/external/392169338.sd.mp4?s=c09175c50fdbbe9fdc99af2d07432b956ba4d3b0&profile_id=164
healthy, https://media.signbsl.com/videos/asl/youtube/mp4/4XkthpARkIk.mp4
heap, https://media.signbsl.com/videos/asl/aslsearch/mp4/lot.mp4
heaping, https://media.signbsl.com/videos/asl/youtube/mp4/-6D57YTUGXo.mp4
heaps, https://media.signbsl.com/videos/asl/aslsignbank/mp4/AUDIENCE-2081.mp4
heap up, https://media.signbsl.com/videos/asl/youtube/mp4/RRJgyXRrUrg.mp4
hear, https://media.signbsl.com/videos/asl/aslsearch/mp4/listen.mp4
hearable, https://media.signbsl.com/videos/asl/youtube/mp4/-xq3xgG6e4Y.mp4
hear active, https://media.signbsl.com/videos/asl/signlanguagestudent/mp4/hear%20(active).mp4
heard, https://media.signbsl.com/videos/asl/youtube/mp4/lbnQ9NPgUV0.mp4
heard many things, https://media.signbsl.com/videos/asl/youtube/mp4/ucIC33sjQKU.mp4
hearer, https://media.signbsl.com/videos/asl/youtube/mp4/YeOXLrpgwBE.mp4
hearing, https://media.signbsl.com/videos/asl/startasl/mp4/hearing.mp4
hearing aid, https://media.signbsl.com/videos/asl/aslsignbank/mp4/HEARING-AID-1772.mp4
hearing aids, https://media.signbsl.com/videos/asl/aslsignbank/mp4/HEARING-AID-1772.mp4
hearing aids off, https://media.signbsl.com/videos/asl/youtube/mp4/2U0PaD1a96I.mp4
hearing impaired, https://media.signbsl.com/videos/asl/aslsearch/mp4/hard-of-hearing.mp4
hearing loss, https://media.signbsl.com/videos/asl/youtube/mp4/PvFmr0BwDo4.mp4
hearing minded, https://player.vimeo.com/external/392169609.sd.mp4?s=dff5ceffc44183bad8d464b8d801045fd3d82645&profile_id=164
hearing person, https://media.signbsl.com/videos/asl/aslsearch/mp4/hearing.mp4
hearken, https://media.signbsl.com/videos/asl/aslsignbank/mp4/HARK-2182.mp4
hear none, https://player.vimeo.com/external/392169408.sd.mp4?s=1f74717545de7f984c6d7842dda15a910dc5dd03&profile_id=164
hear of, https://media.signbsl.com/videos/asl/youtube/mp4/UHOBAKVhiIA.mp4
hear passive, https://media.signbsl.com/videos/asl/signlanguagestudent/mp4/hear%20(passive).mp4
hearsay, https://media.signbsl.com/videos/asl/youtube/mp4/epPCE5LPPZQ.mp4
hearse, https://media.signbsl.com/videos/asl/youtube/mp4/V6ZpbnUZm9g.mp4
heart, https://media.signbsl.com/videos/asl/aslsignbank/mp4/CENTER-653.mp4
heartache, https://media.signbsl.com/videos/asl/aslsignbank/mp4/GRIEVE-1855.mp4
heart and soul, https://media.signbsl.com/videos/asl/philosophy/mp4/Essence-HD.mp4
heart attack, https://media.signbsl.com/videos/asl/aslsearch/mp4/heart-attack.mp4
heart beat, https://media.signbsl.com/videos/asl/aslsearch/mp4/heart-beat.mp4
heartbeat, https://media.signbsl.com/videos/asl/aslsearch/mp4/heart-beat.mp4
heartbreak, https://media.signbsl.com/videos/asl/aslsignbank/mp4/GRIEVE-1855.mp4
heartbroken, https://player.vimeo.com/external/392648789.sd.mp4?s=f65d6e52cf9d70c597ea9d011f47f2d55a5f0535&profile_id=164
heartburn, https://player.vimeo.com/external/392172190.sd.mp4?s=91b5a7c918837e5030f6ee56cc6b501f207fa46f&profile_id=164
hearten, https://media.signbsl.com/videos/asl/youtube/mp4/jeQ65RMeCjE.mp4
heartfelt, https://player.vimeo.com/external/392172247.sd.mp4?s=e0fc6dc40234272f3e9532511ccd86f7ca8633d8&profile_id=164
hearth, https://media.signbsl.com/videos/asl/startasl/mp4/fireplace.mp4
hearthrob, https://media.signbsl.com/videos/asl/youtube/mp4/j2WRn0wk4OU.mp4
heartier, https://media.signbsl.com/videos/asl/youtube/mp4/mCtZq-seQ24.mp4
heartiness, https://media.signbsl.com/videos/asl/youtube/mp4/8xXe9nxgLpY.mp4
heartland, https://media.signbsl.com/videos/asl/youtube/mp4/4M6YOyTDXLY.mp4
heartless, https://player.vimeo.com/external/392165975.sd.mp4?s=423a9303d308b29003056f01dd116a02dd989ce1&profile_id=164
heart messed up, https://media.signbsl.com/videos/asl/youtube/mp4/HXBGO0ss1zs.mp4
Heart of Dixie, https://media.signbsl.com/videos/asl/youtube/mp4/lLFnuzUDymQ.mp4
heart on eyes, https://media.signbsl.com/videos/asl/youtube/mp4/pdO06zFMpmw.mp4
heart races, https://media.signbsl.com/videos/asl/youtube/mp4/E9A_rjZ_J6M.mp4
heart rate, https://media.signbsl.com/videos/asl/youtube/mp4/tclKMbN2yUg.mp4
heartsease, https://media.signbsl.com/videos/asl/youtube/mp4/wL1DvLSQ6QI.mp4
heartsick, https://player.vimeo.com/external/392648789.sd.mp4?s=f65d6e52cf9d70c597ea9d011f47f2d55a5f0535&profile_id=164
heartsickness, https://media.signbsl.com/videos/asl/youtube/mp4/tzSPT1fbTac.mp4
heart specialist, https://media.signbsl.com/videos/asl/youtube/mp4/DUQwYFL3soI.mp4
heartstrings, https://media.signbsl.com/videos/asl/youtube/mp4/q7d26orgAq0.mp4
heart surgeon, https://media.signbsl.com/videos/asl/youtube/mp4/DUQwYFL3soI.mp4
heart surgery, https://player.vimeo.com/external/392169752.sd.mp4?s=0399c9bec5210ee48d97afd7e44f3c6a09c6e430&profile_id=164
heart transplant, https://player.vimeo.com/external/392169769.sd.mp4?s=f4232c3953ef1d96da8c5d52264538e9081a1b20&profile_id=164
heart ventricle, https://media.signbsl.com/videos/asl/youtube/mp4/koH9PIXn8og.mp4
heartwarming, https://media.signbsl.com/videos/asl/youtube/mp4/6_8J7mpVNlE.mp4
heartwrenching, https://player.vimeo.com/external/392172372.sd.mp4?s=3eb2b3f1b9cd3469f4273d96d710273f6104d9ee&profile_id=164
hearwashing, https://player.vimeo.com/external/392172426.sd.mp4?s=ac5f339bbb8fd929ad3c10eaaa1a8e6fd5a3a5cb&profile_id=164
heat, https://media.signbsl.com/videos/asl/aslsignbank/mp4/HOT-485.mp4
heat affected zone h.a.z., NA
heat content, https://media.signbsl.com/videos/asl/youtube/mp4/Kod3CPuGuGc.mp4
heated argument, https://media.signbsl.com/videos/asl/youtube/mp4/LP2NlWAF7PA.mp4
heater, https://player.vimeo.com/external/392680756.sd.mp4?s=6d4b09070b7988bead21983aa95ea2343f4193fc&profile_id=164
heater core, https://media.signbsl.com/videos/asl/AustinCommunityCollege/mp4/auto_heater_core_.mp4
heath, https://media.signbsl.com/videos/asl/youtube/mp4/so0Vpr9rmec.mp4
heathen, https://media.signbsl.com/videos/asl/youtube/mp4/aUlK3H6ZpL4.mp4
heathland, https://media.signbsl.com/videos/asl/youtube/mp4/so0Vpr9rmec.mp4
heat hyperpyrexia, https://media.signbsl.com/videos/asl/youtube/mp4/ryT97dGwZXA.mp4
heating, https://media.signbsl.com/videos/asl/aslsignbank/mp4/HOT-485.mp4
heating plant, https://media.signbsl.com/videos/asl/aslsignbank/mp4/HOT-485.mp4
heating system, https://media.signbsl.com/videos/asl/aslsignbank/mp4/HOT-485.mp4
heatproof, https://media.signbsl.com/videos/asl/youtube/mp4/VCNTtrgyLMc.mp4
heat releasing, https://media.signbsl.com/videos/asl/youtube/mp4/ArjQV5VpOkw.mp4
heatstroke, https://media.signbsl.com/videos/asl/youtube/mp4/ryT97dGwZXA.mp4
heat up, https://media.signbsl.com/videos/asl/youtube/mp4/thJap1bMP8s.mp4
heat wave, https://player.vimeo.com/external/392680669.sd.mp4?s=4d206a80cee2f9c04866b86f4272d4c7ef006ba4&profile_id=164
heatwave, https://player.vimeo.com/external/392680669.sd.mp4?s=4d206a80cee2f9c04866b86f4272d4c7ef006ba4&profile_id=164
heave, https://media.signbsl.com/videos/asl/aslsearch/mp4/gasp.mp4
Heaven, https://media.signbsl.com/videos/asl/aslsignbank/mp4/HEAVEN-672.mp4
heavenlier, https://media.signbsl.com/videos/asl/youtube/mp4/FSMSejJ2mhw.mp4
heavenly body, https://media.signbsl.com/videos/asl/aslsignbank/mp4/STAR-274.mp4
Heavenly Father, https://media.signbsl.com/videos/asl/signlanguagestudent/mp4/Heavenly%20Father.mp4
heavens, https://media.signbsl.com/videos/asl/signlanguagestudent/mp4/firmament.mp4
heavenward, https://media.signbsl.com/videos/asl/youtube/mp4/tMbtO3oD144.mp4
heavier, https://media.signbsl.com/videos/asl/youtube/mp4/KuzMrqPu0F4.mp4
heavier than, https://media.signbsl.com/videos/asl/tsdvideo/mp4/6.mp4
heavies, https://media.signbsl.com/videos/asl/aslsignbank/mp4/ROCK-241.mp4
heavily, https://media.signbsl.com/videos/asl/youtube/mp4/cBVYeam6MTA.mp4
heaviness, https://media.signbsl.com/videos/asl/youtube/mp4/b6g4kBg09s8.mp4
heavy, https://media.signbsl.com/videos/asl/aslsignbank/mp4/ROCK-241.mp4
heavy handed, https://media.signbsl.com/videos/asl/aslsearch/mp4/left-handed.mp4
heavy rain, https://player.vimeo.com/external/392680843.sd.mp4?s=143d20b71731f75496b1e339436bbc9db3c350fd&profile_id=164
heavy smoker, https://player.vimeo.com/external/392172524.sd.mp4?s=91387bc1f64b0950432f18ae521b360f92d5bf5a&profile_id=164
heavy snow, https://player.vimeo.com/external/392680911.sd.mp4?s=37560f4e7ddf559083913aad39e40fb301184599&profile_id=164
heavy weapon, https://media.signbsl.com/videos/asl/youtube/mp4/blCgoH7MyEg.mp4
heavyweight, https://media.signbsl.com/videos/asl/aslsearch/mp4/giant.mp4
hebdomad, https://media.signbsl.com/videos/asl/startasl/mp4/week.mp4
Hebrew, https://media.signbsl.com/videos/asl/aslsignbank/mp4/JEWISH-1706.mp4
Hebrews, https://media.signbsl.com/videos/asl/youtube/mp4/9ux2xlMJcsQ.mp4
heck, https://media.signbsl.com/videos/asl/youtube/mp4/1fjloiBQKzo.mp4
heckler, https://media.signbsl.com/videos/asl/youtube/mp4/9mhMruX6oPQ.mp4
hectic, https://media.signbsl.com/videos/asl/youtube/mp4/2VWuNutCjYw.mp4
hectometer, https://media.signbsl.com/videos/asl/youtube/mp4/85olxs6I4Dc.mp4
hectometre, https://media.signbsl.com/videos/asl/youtube/mp4/85olxs6I4Dc.mp4
hector, https://media.signbsl.com/videos/asl/youtube/mp4/lH-pq5r7XSU.mp4
hedge, https://media.signbsl.com/videos/asl/youtube/mp4/tVkSgOZqRRM.mp4
hedgehog, https://media.signbsl.com/videos/asl/aslsearch/mp4/porcupine.mp4
hedgehop, https://media.signbsl.com/videos/asl/youtube/mp4/Tcf1f9R4GtQ.mp4
hedgerow, https://media.signbsl.com/videos/asl/youtube/mp4/ezDLlAznnh0.mp4
hedonism, https://media.signbsl.com/videos/asl/youtube/mp4/PdluLvJ-RqI.mp4
heebie jeebies, https://media.signbsl.com/videos/asl/youtube/mp4/bxU8fzn6M2k.mp4
heed, https://player.vimeo.com/external/392264567.sd.mp4?s=53d3979daf6a96973d3e274fea22b6fd35c169c8&profile_id=164
heedless, https://media.signbsl.com/videos/asl/youtube/mp4/DuTxHHHGQbo.mp4
hee haw, https://media.signbsl.com/videos/asl/aslsignbank/mp4/HAHA-3260.mp4
heel, https://media.signbsl.com/videos/asl/youtube/mp4/aFigt8o1TS8.mp4
heelless, https://media.signbsl.com/videos/asl/youtube/mp4/njk9tusoaMk.mp4
heels, https://media.signbsl.com/videos/asl/youtube/mp4/aFigt8o1TS8.mp4
hefty, https://media.signbsl.com/videos/asl/youtube/mp4/rMhB78Lo03Y.mp4
hefty fine, https://media.signbsl.com/videos/asl/youtube/mp4/0RJe8niZz98.mp4
hegemonic, https://media.signbsl.com/videos/asl/youtube/mp4/vMo6YceNPK8.mp4
hegira, https://media.signbsl.com/videos/asl/valleybible/mp4/Exodus.mp4
he goat, https://media.signbsl.com/videos/asl/youtube/mp4/gZWRPIrJzZM.mp4
heh, https://player.vimeo.com/external/392172697.sd.mp4?s=8db8af3713bac5fc85eed18540c271aa0e103510&profile_id=164
height, https://media.signbsl.com/videos/asl/startasl/mp4/height.mp4
heighten, https://media.signbsl.com/videos/asl/aslsearch/mp4/enhance.mp4
height how tall, https://media.signbsl.com/videos/asl/elementalaslconcepts/mp4/height_how_tall.mp4
Heimlich maneuver, https://player.vimeo.com/external/392680979.sd.mp4?s=dfaca456a7238a6c736062cef6f9364cf6b50fde&profile_id=164
Heimlich manoeuvere, https://player.vimeo.com/external/392680979.sd.mp4?s=dfaca456a7238a6c736062cef6f9364cf6b50fde&profile_id=164
he index, https://media.signbsl.com/videos/asl/signlanguagestudent/mp4/he%20(index).mp4
heiress, https://media.signbsl.com/videos/asl/youtube/mp4/Bva9sLNmg5c.mp4
heirloom, https://media.signbsl.com/videos/asl/youtube/mp4/4QXXTLPViLk.mp4
heist, https://media.signbsl.com/videos/asl/youtube/mp4/IL3P_cevGss.mp4
hejira, https://media.signbsl.com/videos/asl/valleybible/mp4/Exodus.mp4
Hel, https://media.signbsl.com/videos/asl/valleybible/mp4/Hades.mp4
held, https://media.signbsl.com/videos/asl/youtube/mp4/cJjkDymOYU0.mp4
held back, https://media.signbsl.com/videos/asl/youtube/mp4/5gHzCJ9pZuI.mp4
held in, https://media.signbsl.com/videos/asl/youtube/mp4/3bA_V86bJmY.mp4
held off, https://media.signbsl.com/videos/asl/youtube/mp4/IbFeczwmSsA.mp4
held on, https://media.signbsl.com/videos/asl/youtube/mp4/yVVNMZejtFY.mp4
held on to his coat, https://media.signbsl.com/videos/asl/youtube/mp4/oNfa1ReL3jk.mp4
held over, https://media.signbsl.com/videos/asl/unoclimb/mp4/tEvIBbrEFJU.mp4
held up, NA
helicopter, https://media.signbsl.com/videos/asl/aslsignbank/mp4/HELICOPTER-1770.mp4
heliocentric, https://media.signbsl.com/videos/asl/youtube/mp4/RzHXC9qP26A.mp4
helipad, https://media.signbsl.com/videos/asl/youtube/mp4/gBTMboyk21g.mp4
Helix, https://media.signbsl.com/videos/asl/youtube/mp4/JZTMAGqVNMc.mp4
hell, https://media.signbsl.com/videos/asl/signlanguagestudent/mp4/hell.mp4
hellacious, https://media.signbsl.com/videos/asl/youtube/mp4/a2YmcKbmzFc.mp4
Hellenic, https://media.signbsl.com/videos/asl/valleybible/mp4/Greek-2.mp4
Hellenic Republic, https://media.signbsl.com/videos/asl/startasl/mp4/greece.mp4
heller, https://media.signbsl.com/videos/asl/youtube/mp4/sr1mwzQPkD0.mp4
hellhole, https://media.signbsl.com/videos/asl/signlanguagestudent/mp4/hell.mp4
hellion, https://media.signbsl.com/videos/asl/youtube/mp4/PkGvJFfOA28.mp4
hellish, https://media.signbsl.com/videos/asl/youtube/mp4/qLpYTL83C4w.mp4
hello, https://media.signbsl.com/videos/asl/startasl/mp4/hello.mp4
hell on earth, https://media.signbsl.com/videos/asl/signlanguagestudent/mp4/hell.mp4
helm, https://media.signbsl.com/videos/asl/youtube/mp4/RNgniFSRP8Y.mp4
helmet, https://media.signbsl.com/videos/asl/aslsignbank/mp4/HELMET-2935.mp4
helmsman, https://media.signbsl.com/videos/asl/youtube/mp4/2ajzKtheyI8.mp4
help, https://media.signbsl.com/videos/asl/startasl/mp4/help.mp4
help desk, https://player.vimeo.com/external/392173196.sd.mp4?s=a6118552a9102bcdbeb613729a0eb31382a91c5a&profile_id=164
helpdesk, https://player.vimeo.com/external/392173196.sd.mp4?s=a6118552a9102bcdbeb613729a0eb31382a91c5a&profile_id=164
helper, https://media.signbsl.com/videos/asl/startasl/mp4/assistant.mp4
helpful, https://player.vimeo.com/external/392173450.sd.mp4?s=0dbfd207080dd483f74e1c0d6a58a742f05580a7&profile_id=164
help her, https://media.signbsl.com/videos/asl/aslsearch/mp4/help-her.mp4
helping, https://media.signbsl.com/videos/asl/youtube/mp4/yXLYVHh-sco.mp4
helping hand, https://media.signbsl.com/videos/asl/youtube/mp4/NSMuVD_O7KA.mp4
helpless, https://player.vimeo.com/external/392173501.sd.mp4?s=d34246c397193217c3f61d397042e3bff5b06b54&profile_id=164
helplessness, https://player.vimeo.com/external/392758309.sd.mp4?s=4f334eb1b4f464bf9cb27ea2f65e85158194547b&profile_id=164
helpline, https://media.signbsl.com/videos/asl/youtube/mp4/SrZ7SLhhg_8.mp4
helpmate, https://media.signbsl.com/videos/asl/youtube/mp4/RBNpzxUkaAQ.mp4
help me, https://media.signbsl.com/videos/asl/aslsearch/mp4/help-me.mp4
helpmeet, https://media.signbsl.com/videos/asl/youtube/mp4/RBNpzxUkaAQ.mp4
help you, https://media.signbsl.com/videos/asl/aslsearch/mp4/help-you.mp4
help yourself, https://player.vimeo.com/external/392173285.sd.mp4?s=6609285094ce289bcaeff212bb8757ebbb7171b7&profile_id=164
hem, https://media.signbsl.com/videos/asl/youtube/mp4/OhLA--6Pjw4.mp4
hem and haw, https://media.signbsl.com/videos/asl/youtube/mp4/-YzR91NyOcI.mp4
hemangioma, https://media.signbsl.com/videos/asl/aslsearch/mp4/strawberry.mp4
hemangioma place circle wherever it is located, https://media.signbsl.com/videos/asl/aslsearch/mp4/strawberry.mp4
hematologist, https://media.signbsl.com/videos/asl/youtube/mp4/9WteqDJKARo.mp4
hematology, https://media.signbsl.com/videos/asl/youtube/mp4/l5_8Sr7--fk.mp4
hemicrania, https://media.signbsl.com/videos/asl/youtube/mp4/dV2wjaYrKvQ.mp4
hemicycle, https://media.signbsl.com/videos/asl/tsdvideo/mp4/1321.mp4
hem in, https://media.signbsl.com/videos/asl/youtube/mp4/IJay_PxfrOc.mp4
hemisphere, https://media.signbsl.com/videos/asl/elementalaslconcepts/mp4/hemisphere.mp4
hemoglobin, https://media.signbsl.com/videos/asl/youtube/mp4/XtvekOmA6lw.mp4
hemophile, https://media.signbsl.com/videos/asl/youtube/mp4/YbYBe9RTmFc.mp4
hemophiliac, https://media.signbsl.com/videos/asl/youtube/mp4/YbYBe9RTmFc.mp4
hemorrhage, https://media.signbsl.com/videos/asl/aslsignbank/mp4/BLOOD-416.mp4
hemorrhoid, https://media.signbsl.com/videos/asl/youtube/mp4/GuvH1BCqG0k.mp4
hemp, https://player.vimeo.com/external/391388882.sd.mp4?s=51802a5a8220e4f4daea994e8f99a9ec91b3e7a3&profile_id=164
hence, https://media.signbsl.com/videos/asl/signlanguagestudent/mp4/therefore.mp4
henceforth, https://media.signbsl.com/videos/asl/aslsignbank/mp4/FROM-THEN-ON-1503.mp4
henceforward, https://media.signbsl.com/videos/asl/aslsignbank/mp4/FROM-THEN-ON-1503.mp4
henchman, https://media.signbsl.com/videos/asl/youtube/mp4/TrxE3ZG_A0Q.mp4
henna art, https://player.vimeo.com/external/392173752.sd.mp4?s=3abfff0d376951180a6f0c6f9432d9c3098126e3&profile_id=164
henny penny, https://media.signbsl.com/videos/asl/youtube/mp4/4iZBgwnh57M.mp4
hen peck, https://media.signbsl.com/videos/asl/aslsearch/mp4/nag.mp4
henpecked, https://media.signbsl.com/videos/asl/youtube/mp4/J1h8KNbk2Z0.mp4
Henry Ford, https://media.signbsl.com/videos/asl/youtube/mp4/4qqUummXv0s.mp4
he or she feeds me, https://media.signbsl.com/videos/asl/youtube/mp4/lHoqqTp8rO0.mp4
hepatic, https://media.signbsl.com/videos/asl/youtube/mp4/RCXfNPdk92k.mp4
heptagon, https://media.signbsl.com/videos/asl/youtube/mp4/hrq9dW7rq6Y.mp4
her, https://media.signbsl.com/videos/asl/aslsignbank/mp4/POSS-919.mp4
herald, https://media.signbsl.com/videos/asl/aslsearch/mp4/hail.mp4
herbaceous, https://media.signbsl.com/videos/asl/youtube/mp4/pF5ZfuLst2c.mp4
herbalist, https://media.signbsl.com/videos/asl/youtube/mp4/yVdUlLOUJn4.mp4
herb doctor, https://media.signbsl.com/videos/asl/youtube/mp4/yVdUlLOUJn4.mp4
herbicide, https://media.signbsl.com/videos/asl/youtube/mp4/sWhnyu5WM7Y.mp4
herbivore, https://media.signbsl.com/videos/asl/youtube/mp4/E1OMqKVEJgg.mp4
herbivorous, https://media.signbsl.com/videos/asl/youtube/mp4/peiWsaB525w.mp4
herd, https://media.signbsl.com/videos/asl/youtube/mp4/5aBvCLpSA8s.mp4
herder, https://media.signbsl.com/videos/asl/youtube/mp4/DAcI8dFznsI.mp4
herdsman, https://media.signbsl.com/videos/asl/youtube/mp4/DAcI8dFznsI.mp4
here, https://media.signbsl.com/videos/asl/startasl/mp4/here.mp4
hereafter, https://media.signbsl.com/videos/asl/startasl/mp4/future.mp4
here and there, https://player.vimeo.com/external/392173918.sd.mp4?s=d4485fdc44b9f61afef6a76e2dd8a7632c33d787&profile_id=164
hereby, https://media.signbsl.com/videos/asl/youtube/mp4/M3GmWDYn1_Y.mp4
hereditary, https://media.signbsl.com/videos/asl/deaftec/mp4/1383.mp4
hereditary pattern, https://media.signbsl.com/videos/asl/startasl/mp4/inheritance.mp4
herein, https://media.signbsl.com/videos/asl/youtube/mp4/B6SlNI3iazw.mp4
heresies, https://media.signbsl.com/videos/asl/valleybible/mp4/heresy.mp4
heresy, https://media.signbsl.com/videos/asl/valleybible/mp4/heresy.mp4
heretic, https://media.signbsl.com/videos/asl/youtube/mp4/VF7dp2ctp74.mp4
heretofore, https://media.signbsl.com/videos/asl/aslsearch/mp4/still.mp4
herewith, https://media.signbsl.com/videos/asl/youtube/mp4/M3GmWDYn1_Y.mp4
heritage, https://media.signbsl.com/videos/asl/ids/mp4/2013-11-2190-heritage-1500k-ase.mp4
hermaphrodite, https://media.signbsl.com/videos/asl/youtube/mp4/2aUBkugYsUw.mp4
hermeneutics, https://media.signbsl.com/videos/asl/valleybible/mp4/hermeneutics.mp4
hermit crab, https://media.signbsl.com/videos/asl/youtube/mp4/lNy6dZUCGQc.mp4
hero, https://media.signbsl.com/videos/asl/elementalaslconcepts/mp4/hero.mp4
heroic, https://player.vimeo.com/external/392174267.sd.mp4?s=5927c2402c3410b57ca495896959f59ddbe76c74&profile_id=164
heroic poem, https://media.signbsl.com/videos/asl/youtube/mp4/gEkWn1pKYM4.mp4
heroine, https://media.signbsl.com/videos/asl/aslsearch/mp4/heroine.mp4
heroism, https://media.signbsl.com/videos/asl/youtube/mp4/41XUDo41hAA.mp4
hero worship, https://player.vimeo.com/external/392192904.sd.mp4?s=0f81585df2bc8fc4da430000ff9b06fbdd6ae799&profile_id=164
herpes labialis, https://player.vimeo.com/external/391391563.sd.mp4?s=8f8cdb38fd9d64604e3675ad16b61ea04601cc5a&profile_id=164
herpes zoster, https://media.signbsl.com/videos/asl/youtube/mp4/9HZPfb7UoTM.mp4
herpetologist, https://media.signbsl.com/videos/asl/youtube/mp4/h47GfQyyZ7w.mp4
herpetology, https://media.signbsl.com/videos/asl/youtube/mp4/wuDGK9g9Tr4.mp4
her possessive, https://player.vimeo.com/external/392173838.sd.mp4?s=a05a9c3b8ad4c2e21c69fcdb39cc54724aa0d633&profile_id=164
her pronoun, https://player.vimeo.com/external/392173877.sd.mp4?s=359772c321c91f5506dba443bd444fbcebbe2e48&profile_id=164
hers, https://media.signbsl.com/videos/asl/elementalaslconcepts/mp4/hers.mp4
herself, https://media.signbsl.com/videos/asl/signlanguagestudent/mp4/herself%20(alternate).mp4
her singular, https://media.signbsl.com/videos/asl/signlanguagestudent/mp4/her%20(singular).mp4
herstory, https://player.vimeo.com/external/392174486.sd.mp4?s=424e3ae3a4e92f06bae0c1777305bcad0331baff&profile_id=164
Hertz, https://media.signbsl.com/videos/asl/AustinCommunityCollege/mp4/elec_hertz_.mp4
herzegovina, https://media.signbsl.com/videos/asl/youtube/mp4/a3gtzXWTg4E.mp4
he she asks him her, https://media.signbsl.com/videos/asl/youtube/mp4/QKpRjS84Sxw.mp4
hesitance, https://media.signbsl.com/videos/asl/youtube/mp4/3mYq4vY5sZ4.mp4
hesitancy, https://media.signbsl.com/videos/asl/youtube/mp4/3mYq4vY5sZ4.mp4
hesitate, https://media.signbsl.com/videos/asl/youtube/mp4/YsKzhsOjeS0.mp4
hesitation, https://media.signbsl.com/videos/asl/youtube/mp4/roC-scf8BIM.mp4
hetero, https://media.signbsl.com/videos/asl/youtube/mp4/hZhNd046PuM.mp4
heterogeneity, https://media.signbsl.com/videos/asl/youtube/mp4/fp8ArtN-CHQ.mp4
heterogeneous, https://media.signbsl.com/videos/asl/deaftec/mp4/1384.mp4
heterogeneousness, https://media.signbsl.com/videos/asl/youtube/mp4/fp8ArtN-CHQ.mp4
heterogenous, https://media.signbsl.com/videos/asl/deaftec/mp4/1384.mp4
heterotroph, https://media.signbsl.com/videos/asl/youtube/mp4/g7wP8CI6dBY.mp4
heterozygous, https://media.signbsl.com/videos/asl/deaftec/mp4/1385.mp4
hetersexual, https://player.vimeo.com/external/392178262.sd.mp4?s=5881079827bbb641be2f83fe9e8a16713b6f7c9a&profile_id=164
he throws to me, https://media.signbsl.com/videos/asl/youtube/mp4/2R0z0scn-Ms.mp4
heuristic, https://media.signbsl.com/videos/asl/youtube/mp4/YL-Zi8khAN4.mp4
heuristic program, https://media.signbsl.com/videos/asl/youtube/mp4/YL-Zi8khAN4.mp4
heuristic rule, https://media.signbsl.com/videos/asl/youtube/mp4/YL-Zi8khAN4.mp4
hew, https://media.signbsl.com/videos/asl/youtube/mp4/sHgHVKbG_nE.mp4
hex, https://media.signbsl.com/videos/asl/youtube/mp4/QWXdiSqPXlA.mp4
hexadecimal, https://media.signbsl.com/videos/asl/youtube/mp4/_AmUJixsnug.mp4
hexagon, https://media.signbsl.com/videos/asl/tsdvideo/mp4/464.mp4
hey, https://media.signbsl.com/videos/asl/aslsearch/mp4/hey.mp4
heyday, https://media.signbsl.com/videos/asl/youtube/mp4/vtjBXzMRLgM.mp4
hh, https://media.signbsl.com/videos/asl/aslsearch/mp4/hh.mp4
hi, https://media.signbsl.com/videos/asl/startasl/mp4/hello.mp4
hiatus, https://player.vimeo.com/external/392178396.sd.mp4?s=9ac1fb01cb7211772d567945c78c20ee3cc43160&profile_id=164
hibernate, https://media.signbsl.com/videos/asl/youtube/mp4/OqdoijMheKk.mp4
hibernation, https://media.signbsl.com/videos/asl/elementalaslconcepts/mp4/hibernate.mp4
hiccough, https://media.signbsl.com/videos/asl/aslsearch/mp4/hiccup.mp4
hiccup, https://media.signbsl.com/videos/asl/aslsearch/mp4/hiccup.mp4
hiccups, https://media.signbsl.com/videos/asl/aslsearch/mp4/hiccup.mp4
hick, https://player.vimeo.com/external/392636895.sd.mp4?s=1df6b8795bf5148b0f1a7c787e8049673809e621&profile_id=164
hickey, https://media.signbsl.com/videos/asl/youtube/mp4/pDK-as85qjU.mp4
hid, https://media.signbsl.com/videos/asl/youtube/mp4/Pkhhd8La8oA.mp4
hidden, https://media.signbsl.com/videos/asl/youtube/mp4/I-EGhoewbSA.mp4
hidden agenda, https://player.vimeo.com/external/392178647.sd.mp4?s=b499bc35798d1cfeb01b30d5c6be1783aad39008&profile_id=164
hide, https://media.signbsl.com/videos/asl/aslsignbank/mp4/HIDE-1768.mp4
hide and go seek, https://media.signbsl.com/videos/asl/youtube/mp4/uww0h7oiW3k.mp4
hide and seek, https://media.signbsl.com/videos/asl/youtube/mp4/uww0h7oiW3k.mp4
hideaway, https://media.signbsl.com/videos/asl/youtube/mp4/N6kwEqfzNGo.mp4
hideous, https://media.signbsl.com/videos/asl/youtube/mp4/Oq07Y8YdFwo.mp4
hideout, https://media.signbsl.com/videos/asl/youtube/mp4/N6kwEqfzNGo.mp4
hider, https://media.signbsl.com/videos/asl/youtube/mp4/CcC3SAWMACw.mp4
hie, https://media.signbsl.com/videos/asl/youtube/mp4/SQLeej0gir8.mp4
hierarch, https://media.signbsl.com/videos/asl/youtube/mp4/s8aX7GhbSyM.mp4
hierarchy, https://player.vimeo.com/external/392178766.sd.mp4?s=d01af02ca04dd12c9979181d7c52fc21120d281f&profile_id=164
hieroglyph, https://player.vimeo.com/external/392178821.sd.mp4?s=4b931e7c35125af41982f31a9d8152287e4fdd69&profile_id=164
hieroglyphic, https://player.vimeo.com/external/392178821.sd.mp4?s=4b931e7c35125af41982f31a9d8152287e4fdd69&profile_id=164
hieroglyphs, https://player.vimeo.com/external/392178821.sd.mp4?s=4b931e7c35125af41982f31a9d8152287e4fdd69&profile_id=164
higgle, https://player.vimeo.com/external/392161613.sd.mp4?s=44cc3735f93796fad55b22b0c036818266e5ec3c&profile_id=164
high, https://media.signbsl.com/videos/asl/aslsignbank/mp4/HIGH-1767.mp4
high and mighty, https://player.vimeo.com/external/391209793.sd.mp4?s=fffad125c766bc15de55b0924d5a4efa9cc0fbeb&profile_id=164
high beam, https://player.vimeo.com/external/392178892.sd.mp4?s=908a920616155637fbedf0aeb6c1af633a295ffc&profile_id=164
high blood pressure, https://player.vimeo.com/external/392178928.sd.mp4?s=8782bc08c4d6df9193a1b15267011bfcc2095aa6&profile_id=164
highborn, https://media.signbsl.com/videos/asl/youtube/mp4/gZ9VKtXzk_Y.mp4
highchair, https://media.signbsl.com/videos/asl/youtube/mp4/E3wmN6Oolj8.mp4
high energy, https://media.signbsl.com/videos/asl/youtube/mp4/fxAq9ZW4sdQ.mp4
higher, NA
highest common factor, https://media.signbsl.com/videos/asl/tsdvideo/mp4/462.mp4
high five, https://media.signbsl.com/videos/asl/youtube/mp4/cqao2E5VU7U.mp4
highhandedness, https://media.signbsl.com/videos/asl/youtube/mp4/uXbQXCLq_4s.mp4
high heels, https://media.signbsl.com/videos/asl/aslsearch/mp4/high-heels.mp4
highjack, https://media.signbsl.com/videos/asl/youtube/mp4/zHXzBAL9pnE.mp4
highjacker, https://media.signbsl.com/videos/asl/youtube/mp4/xSRZP630Zlg.mp4
high jump, https://media.signbsl.com/videos/asl/youtube/mp4/5npkAZAuguQ.mp4
Highlander, https://media.signbsl.com/videos/asl/youtube/mp4/yRyekvj24J8.mp4
high life, https://media.signbsl.com/videos/asl/youtube/mp4/UKViYxZ0tRc.mp4
highlife, https://media.signbsl.com/videos/asl/youtube/mp4/UKViYxZ0tRc.mp4
highlight, https://player.vimeo.com/external/392130357.sd.mp4?s=b7a97e0847c92474574c0dc39247f9f6e362aa29&profile_id=164
highly sexed, https://media.signbsl.com/videos/asl/youtube/mp4/1N4u6qGr6yY.mp4
highly strung, https://media.signbsl.com/videos/asl/youtube/mp4/tAz2v9Oqpg4.mp4
high mindedness, https://media.signbsl.com/videos/asl/youtube/mp4/ebnic03MIaM.mp4
high muckamuck, https://media.signbsl.com/videos/asl/youtube/mp4/5X19jwvEyLM.mp4
high noon, https://media.signbsl.com/videos/asl/startasl/mp4/noon.mp4
high octane, https://media.signbsl.com/videos/asl/youtube/mp4/fxAq9ZW4sdQ.mp4
high power, https://media.signbsl.com/videos/asl/youtube/mp4/fxAq9ZW4sdQ.mp4
high powered, https://media.signbsl.com/videos/asl/youtube/mp4/fxAq9ZW4sdQ.mp4
high priced, https://media.signbsl.com/videos/asl/aslsignbank/mp4/EXPENSIVE-2399.mp4
high priest, https://media.signbsl.com/videos/asl/youtube/mp4/s8aX7GhbSyM.mp4
highrise, NA
high school, https://media.signbsl.com/videos/asl/startasl/mp4/highschool.mp4
highschool, https://media.signbsl.com/videos/asl/startasl/mp4/highschool.mp4
high school diploma, https://player.vimeo.com/external/392179133.sd.mp4?s=6265cdbeb39a5aabc03e7f97e220b3a2d1debebf&profile_id=164
high side smalllow side big, https://media.signbsl.com/videos/asl/AustinCommunityCollege/mp4/auto_high_side_low_.mp4
high strung, https://media.signbsl.com/videos/asl/youtube/mp4/tAz2v9Oqpg4.mp4
hightail it, https://media.signbsl.com/videos/asl/youtube/mp4/iIPGD4v85NU.mp4
high technology, https://player.vimeo.com/external/392179237.sd.mp4?s=0de44aa424b76a8f3d7e382b59e83c6afe636e31&profile_id=164
high treason, https://media.signbsl.com/videos/asl/elementalaslconcepts/mp4/treason.mp4
high up, https://media.signbsl.com/videos/asl/youtube/mp4/5X19jwvEyLM.mp4
high voltage, https://media.signbsl.com/videos/asl/youtube/mp4/fxAq9ZW4sdQ.mp4
highway, https://media.signbsl.com/videos/asl/elementalaslconcepts/mp4/highway.mp4
highwayman, https://media.signbsl.com/videos/asl/youtube/mp4/xSRZP630Zlg.mp4
hijab, https://player.vimeo.com/external/392179383.sd.mp4?s=9d3f8f0fbf4de1f824f1d9d9fe0f11911ccacf79&profile_id=164
hijack, https://media.signbsl.com/videos/asl/youtube/mp4/zHXzBAL9pnE.mp4
hijacker, https://media.signbsl.com/videos/asl/youtube/mp4/xSRZP630Zlg.mp4
hijacking airplane, https://player.vimeo.com/external/392681044.sd.mp4?s=791bc1aa73a2d9fdde63fc3a0e0937f31a37f6c2&profile_id=164
hike, https://media.signbsl.com/videos/asl/aslsearch/mp4/walk.mp4
hiker, https://media.signbsl.com/videos/asl/youtube/mp4/XZfcegmSvn4.mp4
hike up, https://media.signbsl.com/videos/asl/youtube/mp4/S04XRu2JbF0.mp4
hiking, https://media.signbsl.com/videos/asl/startasl/mp4/hiking.mp4
hilarious, https://player.vimeo.com/external/392179467.sd.mp4?s=febf9ecc924f4d27a8def7fe0370cd7d7eeecd24&profile_id=164
hill, https://media.signbsl.com/videos/asl/aslsearch/mp4/hill.mp4
hillbilly, https://media.signbsl.com/videos/asl/youtube/mp4/4B0BJVIki10.mp4
hillock, https://media.signbsl.com/videos/asl/youtube/mp4/Z5seAeOwXSM.mp4
hills, https://media.signbsl.com/videos/asl/youtube/mp4/Q84NaGnu8VY.mp4
hillside, https://media.signbsl.com/videos/asl/youtube/mp4/KJMuAzi787Y.mp4
hilltop, https://media.signbsl.com/videos/asl/youtube/mp4/gP9Dsmx1Las.mp4
hilly, https://media.signbsl.com/videos/asl/youtube/mp4/xjF3dbfsMac.mp4
hilt, https://media.signbsl.com/videos/asl/youtube/mp4/0Uhs48ehHIU.mp4
him, https://media.signbsl.com/videos/asl/signlanguagestudent/mp4/him.mp4
himself, https://media.signbsl.com/videos/asl/signlanguagestudent/mp4/himself%20(alternate).mp4
hind, https://media.signbsl.com/videos/asl/youtube/mp4/uTD3P9AIteQ.mp4
hind end, https://media.signbsl.com/videos/asl/youtube/mp4/k4acAbNtqrg.mp4
hinder, https://media.signbsl.com/videos/asl/aslsignbank/mp4/EMBARRASS-2756.mp4
hindermost, https://media.signbsl.com/videos/asl/youtube/mp4/UFE6jv_IQxs.mp4
hindmost, https://media.signbsl.com/videos/asl/youtube/mp4/UFE6jv_IQxs.mp4
Hindooism, https://player.vimeo.com/external/392179894.sd.mp4?s=95140522c7b6711de827b2ee3805d7b64c523471&profile_id=164
hindquarters, https://media.signbsl.com/videos/asl/youtube/mp4/k4acAbNtqrg.mp4
hindsight, https://media.signbsl.com/videos/asl/youtube/mp4/kB-xpskd1bI.mp4
Hinduism, https://player.vimeo.com/external/392179894.sd.mp4?s=95140522c7b6711de827b2ee3805d7b64c523471&profile_id=164
hinge, https://player.vimeo.com/external/392180028.sd.mp4?s=b60de3780abce3314868442919243f29c942fd8d&profile_id=164
hinge on, https://media.signbsl.com/videos/asl/youtube/mp4/YcJ87dqo6TQ.mp4
hinge upon, https://media.signbsl.com/videos/asl/youtube/mp4/YcJ87dqo6TQ.mp4
hinks, https://media.signbsl.com/videos/asl/youtube/mp4/JBrK3u9T1LA.mp4
hint, https://player.vimeo.com/external/392180123.sd.mp4?s=4e97020336a7efd9f8a1d9772ee65f12a5e7b171&profile_id=164
hinterland, https://media.signbsl.com/videos/asl/youtube/mp4/GAanP4xq3UA.mp4
hip, https://media.signbsl.com/videos/asl/aslsearch/mp4/hip.mp4
hip hop, https://media.signbsl.com/videos/asl/youtube/mp4/MPVr4eSO43w.mp4
hippie, https://media.signbsl.com/videos/asl/aslsignbank/mp4/HIPPIE-3354.mp4
hippo, https://media.signbsl.com/videos/asl/aslsearch/mp4/hippopotamus.mp4
hippopotamus, https://media.signbsl.com/videos/asl/aslsearch/mp4/hippopotamus.mp4
Hippopotamus amphibius, https://media.signbsl.com/videos/asl/aslsearch/mp4/hippopotamus.mp4
hippy, https://media.signbsl.com/videos/asl/aslsignbank/mp4/HIPPIE-3354.mp4
hipster, https://media.signbsl.com/videos/asl/aslsignbank/mp4/HIPPIE-3354.mp4
hire, https://media.signbsl.com/videos/asl/aslsignbank/mp4/ENGAGE-1309.mp4
hired gun, https://media.signbsl.com/videos/asl/youtube/mp4/SjIryQrhsSc.mp4
hire out, https://media.signbsl.com/videos/asl/youtube/mp4/VUqML5I0LtI.mp4
hirudinean, https://media.signbsl.com/videos/asl/youtube/mp4/rVVObIKCnPk.mp4
his, https://media.signbsl.com/videos/asl/signlanguagestudent/mp4/his.mp4
his name is sparky, https://media.signbsl.com/videos/asl/signlanguagestudent/mp4/His%20name%20is%20Sparky.mp4
Hispanic, https://media.signbsl.com/videos/asl/aslsignbank/mp4/SPANISH-1099.mp4
Hispanic American, https://media.signbsl.com/videos/asl/aslsignbank/mp4/SPANISH-1099.mp4
Hispaniola, https://media.signbsl.com/videos/asl/aslsignbank/mp4/HAITI-3318.mp4
hi sparky, https://media.signbsl.com/videos/asl/signlanguagestudent/mp4/Hi%20Sparky.mp4
hiss, https://media.signbsl.com/videos/asl/youtube/mp4/pVgR-P5uhr0.mp4
hist, https://media.signbsl.com/videos/asl/youtube/mp4/xg0nrNCYxPQ.mp4
histamine, https://media.signbsl.com/videos/asl/youtube/mp4/3f7360cfZDc.mp4
histogram, https://media.signbsl.com/videos/asl/youtube/mp4/3c3IKkRc3Gk.mp4
histologist, https://media.signbsl.com/videos/asl/youtube/mp4/rOPfX4pg89Q.mp4
histology, https://media.signbsl.com/videos/asl/youtube/mp4/PC6Fffr3KFM.mp4
historic, https://media.signbsl.com/videos/asl/aslsignbank/mp4/HISTORY-1766.mp4
historical, https://media.signbsl.com/videos/asl/youtube/mp4/VexFoF12ZNE.mp4
historical fiction, https://media.signbsl.com/videos/asl/elementalaslconcepts/mp4/historical_fiction.mp4
history, https://media.signbsl.com/videos/asl/startasl/mp4/history.mp4
histrion, https://media.signbsl.com/videos/asl/startasl/mp4/actor.mp4
histrionic, https://media.signbsl.com/videos/asl/youtube/mp4/RlfDvE18LhM.mp4
hit, https://media.signbsl.com/videos/asl/signlanguagestudent/mp4/hit.mp4
hit and miss, https://media.signbsl.com/videos/asl/youtube/mp4/aMGsEOXgsQs.mp4
hitch, https://media.signbsl.com/videos/asl/aslsearch/mp4/limp.mp4
hitcher, https://media.signbsl.com/videos/asl/youtube/mp4/LKXZv-VvHIQ.mp4
hitchhike, https://media.signbsl.com/videos/asl/youtube/mp4/E2D1WnZoW8A.mp4
hither, https://media.signbsl.com/videos/asl/youtube/mp4/xOBjMN5Td3M.mp4
hitherto, https://media.signbsl.com/videos/asl/aslsearch/mp4/still.mp4
hit home, https://media.signbsl.com/videos/asl/youtube/mp4/XUHJeL5p4cs.mp4
Hitler, https://player.vimeo.com/external/392178150.sd.mp4?s=41895ffce02f04b101402e5f0abf1e42587a5ac3&profile_id=164
hitless, https://media.signbsl.com/videos/asl/youtube/mp4/mq6-gLBbl6c.mp4
hit man, https://media.signbsl.com/videos/asl/youtube/mp4/SjIryQrhsSc.mp4
hitman, https://media.signbsl.com/videos/asl/youtube/mp4/SjIryQrhsSc.mp4
hit me, https://media.signbsl.com/videos/asl/youtube/mp4/1Ra_eFzfW68.mp4
hit on hit upon idea, https://media.signbsl.com/videos/asl/youtube/mp4/wUA9UL_vNTs.mp4
hit rock bottom, https://player.vimeo.com/external/392183135.sd.mp4?s=b125f89d0fd4b71425ff55badf092555e9200eae&profile_id=164
hitter, https://media.signbsl.com/videos/asl/youtube/mp4/9FPSYnEyXDE.mp4
hit the ceiling, https://media.signbsl.com/videos/asl/youtube/mp4/LMPPEKxGRjg.mp4
hit the hay, https://media.signbsl.com/videos/asl/aslsearch/mp4/go-to-sleep.mp4
hit the roof, https://media.signbsl.com/videos/asl/youtube/mp4/LMPPEKxGRjg.mp4
hit the sack, https://media.signbsl.com/videos/asl/aslsearch/mp4/go-to-sleep.mp4
hit with a vehicle, https://media.signbsl.com/videos/asl/aslsearch/mp4/hit3.mp4
HIV, https://player.vimeo.com/external/392183284.sd.mp4?s=92a0c1134f55a062adea3dac4927f4e8a1c547fc&profile_id=164
hive, https://media.signbsl.com/videos/asl/youtube/mp4/RJQZzR4bnYA.mp4
hive away, https://media.signbsl.com/videos/asl/aslsearch/mp4/store2.mp4
hives, https://media.signbsl.com/videos/asl/youtube/mp4/ZbEvt0MKM3c.mp4
hm, https://media.signbsl.com/videos/asl/youtube/mp4/85olxs6I4Dc.mp4
hoar, https://media.signbsl.com/videos/asl/youtube/mp4/F126XnkR3gU.mp4
hoard, https://media.signbsl.com/videos/asl/aslsignbank/mp4/EARN-813.mp4
hoarder, https://media.signbsl.com/videos/asl/youtube/mp4/mzhZ-u0Hazc.mp4
hoarding, https://media.signbsl.com/videos/asl/aslsearch/mp4/billboard.mp4
hoarfrost, https://media.signbsl.com/videos/asl/youtube/mp4/F126XnkR3gU.mp4
hoariness, https://media.signbsl.com/videos/asl/youtube/mp4/f3Q6IbuqaWg.mp4
hoarse, https://media.signbsl.com/videos/asl/youtube/mp4/V1vVJVCiOxI.mp4
hoarsely, https://media.signbsl.com/videos/asl/youtube/mp4/9Lz9N20HvPo.mp4
hoax, https://player.vimeo.com/external/392132442.sd.mp4?s=e96ea722e17267e18d365b22eef81126fe6a1090&profile_id=164
hoaxer, https://media.signbsl.com/videos/asl/youtube/mp4/QSyYQ2LJg2Q.mp4
hob, https://player.vimeo.com/external/392009471.sd.mp4?s=cfe3a9912745b9cbdf2b5589e3d3c80c212ce5d0&profile_id=164
Hobbes, https://media.signbsl.com/videos/asl/philosophy/mp4/Hobbes-HD.mp4
hobble, https://media.signbsl.com/videos/asl/aslsearch/mp4/limp.mp4
hobby, https://media.signbsl.com/videos/asl/aslsearch/mp4/sideline.mp4
hobbyist, https://media.signbsl.com/videos/asl/youtube/mp4/qa_4CARsE34.mp4
hobgoblin, https://media.signbsl.com/videos/asl/youtube/mp4/lmoDskCevpg.mp4
hobo, https://media.signbsl.com/videos/asl/aslsignbank/mp4/BUM-3091.mp4
Ho Chi Minh, https://media.signbsl.com/videos/asl/aslsignbank/mp4/HO-CHI-MINH-3321.mp4
hock, https://media.signbsl.com/videos/asl/youtube/mp4/oYb4lOQf2ok.mp4
hockey, https://media.signbsl.com/videos/asl/startasl/mp4/hockey.mp4
hockey game, https://media.signbsl.com/videos/asl/startasl/mp4/hockey.mp4
hockey puck, https://media.signbsl.com/videos/asl/youtube/mp4/DC-jVma87tA.mp4
hockey stick, https://player.vimeo.com/external/392681147.sd.mp4?s=24db85dd87309761967426bde8809ee0c9eeebfc&profile_id=164
hockshop, https://media.signbsl.com/videos/asl/youtube/mp4/MnDki3XoLXM.mp4
hocus, https://player.vimeo.com/external/392183573.sd.mp4?s=c2de2384688485f5f354962a90add102fb890ee9&profile_id=164
hodgepodge, https://media.signbsl.com/videos/asl/youtube/mp4/vB4ehCbk3B8.mp4
hoe, https://media.signbsl.com/videos/asl/aslsearch/mp4/hoe.mp4
hoedown, https://media.signbsl.com/videos/asl/youtube/mp4/lhQZEVrYY6w.mp4
hog, https://media.signbsl.com/videos/asl/aslsearch/mp4/pig.mp4
hogback, https://media.signbsl.com/videos/asl/youtube/mp4/EGjHgvLkj7U.mp4
hog dog, https://media.signbsl.com/videos/asl/youtube/mp4/Wgg_UJkmUAo.mp4
hoggish, https://media.signbsl.com/videos/asl/youtube/mp4/C1khvXDACpE.mp4
ho hum, https://media.signbsl.com/videos/asl/aslsearch/mp4/dull.mp4
hoist, https://media.signbsl.com/videos/asl/youtube/mp4/ReOWIj5ktcY.mp4
hokey, https://media.signbsl.com/videos/asl/youtube/mp4/meiDs1Kbbl0.mp4
hold, https://media.signbsl.com/videos/asl/tsdvideo/mp4/1025.mp4
holdall, https://media.signbsl.com/videos/asl/youtube/mp4/qZ8qusFrO90.mp4
hold back, https://player.vimeo.com/external/392183652.sd.mp4?s=db88acb15903faff8fccf85d2bcb23c1fa01436b&profile_id=164
hold close, https://media.signbsl.com/videos/asl/aslsignbank/mp4/HUG-154.mp4
hold dear, https://media.signbsl.com/videos/asl/aslsearch/mp4/cherish.mp4
holder, https://media.signbsl.com/videos/asl/youtube/mp4/DPuyDJ-wgUE.mp4
holding, https://media.signbsl.com/videos/asl/youtube/mp4/JBUIA4H0ISE.mp4
holding holdings, https://media.signbsl.com/videos/asl/youtube/mp4/3JpEvo2XBME.mp4
hold my hand, https://media.signbsl.com/videos/asl/youtube/mp4/tHnPiF5N2cw.mp4
hold on, https://media.signbsl.com/videos/asl/aslsignbank/mp4/E(wait-one-minute)-1880.mp4
hold out, https://media.signbsl.com/videos/asl/valleybible/mp4/endure.mp4
holdout, https://media.signbsl.com/videos/asl/valleybible/mp4/endure.mp4
hold over, https://media.signbsl.com/videos/asl/aslsearch/mp4/defer.mp4
holdover, https://media.signbsl.com/videos/asl/aslsearch/mp4/defer.mp4
hold responsible, https://player.vimeo.com/external/392183915.sd.mp4?s=ff844d56603baf68fdb3b73553e81adcea67f460&profile_id=164
holds, https://media.signbsl.com/videos/asl/tsdvideo/mp4/1025.mp4
holds her poor head in her paws, https://media.signbsl.com/videos/asl/youtube/mp4/sUU2Yu9ksYo.mp4
hold tight, https://media.signbsl.com/videos/asl/aslsignbank/mp4/HUG-154.mp4
hold up, https://media.signbsl.com/videos/asl/aslsignbank/mp4/EXTEND-2971.mp4
hold your horses, https://media.signbsl.com/videos/asl/youtube/mp4/_HSARU1Z3K4.mp4
hole, https://media.signbsl.com/videos/asl/aslsignbank/mp4/HOLE-2179.mp4
hole and corner, https://player.vimeo.com/external/395755756.sd.mp4?s=80582e1677da0f8f2bb87c43d35e4bc769e9f356&profile_id=164
hole puncher, https://media.signbsl.com/videos/asl/youtube/mp4/3Q2giIfHIwA.mp4
hole up, https://media.signbsl.com/videos/asl/youtube/mp4/OqdoijMheKk.mp4
holiday, https://media.signbsl.com/videos/asl/aslsearch/mp4/holiday.mp4
holiday lights, https://player.vimeo.com/external/392681218.sd.mp4?s=b0537ed3e8e7c5c66afc065243a2c652de4991fb&profile_id=164
holidaymaker, https://media.signbsl.com/videos/asl/youtube/mp4/74pc6iAlcu8.mp4
holiday resort, https://media.signbsl.com/videos/asl/youtube/mp4/eFWPncnrhio.mp4
holiness, https://media.signbsl.com/videos/asl/valleybible/mp4/holiness.mp4
holistic, https://media.signbsl.com/videos/asl/youtube/mp4/dWBszohkUnM.mp4
holla, https://media.signbsl.com/videos/asl/youtube/mp4/fC0lsZgS-jA.mp4
Holland, https://media.signbsl.com/videos/asl/youtube/mp4/1setR0hZOx8.mp4
holland netherlands, https://media.signbsl.com/videos/asl/youtube/mp4/Eu4wcJEq0hA.mp4
holler, https://media.signbsl.com/videos/asl/aslsearch/mp4/call3.mp4
hollerer, https://media.signbsl.com/videos/asl/youtube/mp4/qTZSdPyAJ1M.mp4
hollering, https://media.signbsl.com/videos/asl/youtube/mp4/fC0lsZgS-jA.mp4
hollo, https://media.signbsl.com/videos/asl/aslsearch/mp4/call3.mp4
holloa, https://media.signbsl.com/videos/asl/youtube/mp4/fC0lsZgS-jA.mp4
hollow, https://player.vimeo.com/external/392020451.sd.mp4?s=3633ca944c219a3742e39c2096d53352e050734a&profile_id=164
Hollywood, https://player.vimeo.com/external/392184279.sd.mp4?s=a55e1e847ca597e4f18af7cfe4109f7576813041&profile_id=164
Holocaust, https://media.signbsl.com/videos/asl/aslsearch/mp4/demolish.mp4
holograph, https://media.signbsl.com/videos/asl/youtube/mp4/stgKGYfo45Y.mp4
holy, https://media.signbsl.com/videos/asl/ids/mp4/2013-11-2240-holy-1500k-ase.mp4
Holy Communion, https://media.signbsl.com/videos/asl/aslsearch/mp4/communion.mp4
Holy Eucharist, https://media.signbsl.com/videos/asl/handsofgrace/mp4/QdWqyZjXzuo.mp4
Holy Father, https://media.signbsl.com/videos/asl/aslsearch/mp4/pope.mp4
Holy Ghost, https://media.signbsl.com/videos/asl/signlanguagestudent/mp4/Holy%20Ghost.mp4
Holy Ghost  Holy Spirit, NA
holy man, https://media.signbsl.com/videos/asl/ids/mp4/2013-11-4260-saint-1500k-ase.mp4
holy of holies, https://media.signbsl.com/videos/asl/youtube/mp4/qIhWIB0Pw-Q.mp4
holy person, https://media.signbsl.com/videos/asl/ids/mp4/2013-11-4260-saint-1500k-ase.mp4
holy place, https://media.signbsl.com/videos/asl/ids/mp4/2013-11-2240-holy-1500k-ase.mp4
Holy Sacrament, https://media.signbsl.com/videos/asl/handsofgrace/mp4/QdWqyZjXzuo.mp4
Holy Scripture, https://media.signbsl.com/videos/asl/startasl/mp4/bible.mp4
Holy Spirit, https://media.signbsl.com/videos/asl/signlanguagestudent/mp4/Holy%20Ghost.mp4
Holy Spirit of Promise, https://media.signbsl.com/videos/asl/ids/mp4/2013-11-2260-holy-spirit-of-promise-1500k-ase.mp4
Holy Trinity, https://media.signbsl.com/videos/asl/handsofgrace/mp4/guR9ozdPMt4.mp4
holy water, https://media.signbsl.com/videos/asl/aslsearch/mp4/holy-water.mp4
Holy Writ, https://media.signbsl.com/videos/asl/startasl/mp4/bible.mp4
homage, https://media.signbsl.com/videos/asl/youtube/mp4/kFWOqgTDKnk.mp4
home, https://media.signbsl.com/videos/asl/startasl/mp4/home.mp4
home+work, NA
home base, https://media.signbsl.com/videos/asl/aslsearch/mp4/headquarters.mp4
homebodies, https://media.signbsl.com/videos/asl/youtube/mp4/yK-a81YTz2s.mp4
homebody, https://media.signbsl.com/videos/asl/youtube/mp4/yK-a81YTz2s.mp4
homebound, https://media.signbsl.com/videos/asl/youtube/mp4/04pI5-jtldw.mp4
homecoming, https://media.signbsl.com/videos/asl/youtube/mp4/v0qNomDmEcY.mp4
homecooking, https://media.signbsl.com/videos/asl/youtube/mp4/FCgSJowARjk.mp4
homegirl, https://media.signbsl.com/videos/asl/youtube/mp4/8EhNcA-BUeY.mp4
home ground, https://media.signbsl.com/videos/asl/elementalaslconcepts/mp4/habitat.mp4
homegrown, https://media.signbsl.com/videos/asl/youtube/mp4/SSC7KTgplr0.mp4
home in, https://media.signbsl.com/videos/asl/youtube/mp4/33g1Ur-ZNNA.mp4
homeland, https://media.signbsl.com/videos/asl/youtube/mp4/scR5fPQlI8c.mp4
homeless, https://player.vimeo.com/external/392184439.sd.mp4?s=9b7a01f5c293045d51035011fb56b9af013cc219&profile_id=164
homeless person, https://media.signbsl.com/videos/asl/aslsearch/mp4/homeless.mp4
homelike, https://media.signbsl.com/videos/asl/youtube/mp4/xis87WboA4I.mp4
homeliness, https://media.signbsl.com/videos/asl/youtube/mp4/sW_9i7nCWUQ.mp4
homely, https://media.signbsl.com/videos/asl/youtube/mp4/xis87WboA4I.mp4
homemade, https://player.vimeo.com/external/392184473.sd.mp4?s=88d9ae359a99ea7b30ee5bad526930faba1ee063&profile_id=164
homemaker, https://media.signbsl.com/videos/asl/youtube/mp4/Gzp-p-SrL3U.mp4
home office, https://media.signbsl.com/videos/asl/aslsearch/mp4/headquarters.mp4
homeopath, https://media.signbsl.com/videos/asl/youtube/mp4/RuX7Z6OdXVg.mp4
homeopathyhomeopathic, https://media.signbsl.com/videos/asl/youtube/mp4/5nyI8sAyGXU.mp4
homeostasis, https://media.signbsl.com/videos/asl/deaftec/mp4/1386.mp4
homeowner, https://media.signbsl.com/videos/asl/youtube/mp4/33WRW2_RLaI.mp4
home page, https://media.signbsl.com/videos/asl/mariekatzenbachschool/mp4/home%20page.mp4
homepage, https://media.signbsl.com/videos/asl/youtube/mp4/TuJ3k3RFcl0.mp4
homer, https://player.vimeo.com/external/392681267.sd.mp4?s=99aa2baa7234adea96edf3d93a2f5eded73ee3a7&profile_id=164
homeroom, https://media.signbsl.com/videos/asl/youtube/mp4/Wq9ff0Wo5qM.mp4
home run, https://player.vimeo.com/external/392681267.sd.mp4?s=99aa2baa7234adea96edf3d93a2f5eded73ee3a7&profile_id=164
homeschool, NA
homesick, https://media.signbsl.com/videos/asl/youtube/mp4/gECJZlWex7E.mp4
homespun, https://media.signbsl.com/videos/asl/youtube/mp4/o_PPud05eIg.mp4
homespun fabric, https://media.signbsl.com/videos/asl/youtube/mp4/o_PPud05eIg.mp4
homeless person, https://media.signbsl.com/videos/asl/aslsearch/mp4/homeless.mp4
homelike, https://media.signbsl.com/videos/asl/youtube/mp4/xis87WboA4I.mp4
homeliness, https://media.signbsl.com/videos/asl/youtube/mp4/sW_9i7nCWUQ.mp4
homely, https://media.signbsl.com/videos/asl/youtube/mp4/xis87WboA4I.mp4
homemade, https://player.vimeo.com/external/392184473.sd.mp4?s=88d9ae359a99ea7b30ee5bad526930faba1ee063&profile_id=164
homemaker, https://media.signbsl.com/videos/asl/youtube/mp4/Gzp-p-SrL3U.mp4
home office, https://media.signbsl.com/videos/asl/aslsearch/mp4/headquarters.mp4
homeopath, https://media.signbsl.com/videos/asl/youtube/mp4/RuX7Z6OdXVg.mp4
homeopathyhomeopathic, https://media.signbsl.com/videos/asl/youtube/mp4/5nyI8sAyGXU.mp4
homeostasis, https://media.signbsl.com/videos/asl/deaftec/mp4/1386.mp4
homeowner, https://media.signbsl.com/videos/asl/youtube/mp4/33WRW2_RLaI.mp4
home page, https://media.signbsl.com/videos/asl/mariekatzenbachschool/mp4/home%20page.mp4
homepage, https://media.signbsl.com/videos/asl/youtube/mp4/TuJ3k3RFcl0.mp4
homer, https://player.vimeo.com/external/392681267.sd.mp4?s=99aa2baa7234adea96edf3d93a2f5eded73ee3a7&profile_id=164
homeroom, https://media.signbsl.com/videos/asl/youtube/mp4/Wq9ff0Wo5qM.mp4
home run, https://player.vimeo.com/external/392681267.sd.mp4?s=99aa2baa7234adea96edf3d93a2f5eded73ee3a7&profile_id=164
homeschool, NA
homesick, https://media.signbsl.com/videos/asl/youtube/mp4/gECJZlWex7E.mp4
homespun, https://media.signbsl.com/videos/asl/youtube/mp4/o_PPud05eIg.mp4
homespun fabric, https://media.signbsl.com/videos/asl/youtube/mp4/o_PPud05eIg.mp4
homestead, https://media.signbsl.com/videos/asl/youtube/mp4/QG3kI7BOjr8.mp4
homesteader, https://media.signbsl.com/videos/asl/youtube/mp4/_ObFr3LvaA4.mp4
Home Teacher, https://media.signbsl.com/videos/asl/ids/mp4/2013-11-2270-home-teacher-1500k-ase.mp4
Home Teaching, https://media.signbsl.com/videos/asl/ids/mp4/2013-11-2280-home-teaching-1500k-ase.mp4
hometown, https://media.signbsl.com/videos/asl/youtube/mp4/racj5HhRPfs.mp4
homeward, https://media.signbsl.com/videos/asl/youtube/mp4/H5s29Wc54yo.mp4
homewards, https://media.signbsl.com/videos/asl/youtube/mp4/H5s29Wc54yo.mp4
homework, https://media.signbsl.com/videos/asl/startasl/mp4/homework.mp4
homeworker, https://media.signbsl.com/videos/asl/youtube/mp4/XhHUt7hwcUc.mp4
homey, https://media.signbsl.com/videos/asl/youtube/mp4/xis87WboA4I.mp4
homicidal, https://media.signbsl.com/videos/asl/youtube/mp4/oOJfDc3L93g.mp4
homicide, https://media.signbsl.com/videos/asl/youtube/mp4/fZ0XfW0q-kE.mp4
homilies, https://media.signbsl.com/videos/asl/youtube/mp4/TfqaHq1TrYg.mp4
homily, https://media.signbsl.com/videos/asl/youtube/mp4/TfqaHq1TrYg.mp4
hominid, https://media.signbsl.com/videos/asl/youtube/mp4/txKTAhH_5NA.mp4
hommos, https://media.signbsl.com/videos/asl/elementalaslconcepts/mp4/humus.mp4
homo, https://media.signbsl.com/videos/asl/aslsignbank/mp4/GAY-1511.mp4
homocentric, https://media.signbsl.com/videos/asl/youtube/mp4/O9ft6EIjOTw.mp4
homoeopath, https://media.signbsl.com/videos/asl/youtube/mp4/RuX7Z6OdXVg.mp4
homoerotic, https://media.signbsl.com/videos/asl/youtube/mp4/6K-uqFzfIQg.mp4
homogeneous, https://media.signbsl.com/videos/asl/deaftec/mp4/1387.mp4
homogenise, https://media.signbsl.com/videos/asl/youtube/mp4/2Zt8MmLBWxc.mp4
homogenize, https://media.signbsl.com/videos/asl/youtube/mp4/2Zt8MmLBWxc.mp4
homogenous, https://media.signbsl.com/videos/asl/deaftec/mp4/1387.mp4
homograph, https://media.signbsl.com/videos/asl/youtube/mp4/s8f_vbEGcx0.mp4
homonym, https://media.signbsl.com/videos/asl/signlanguagestudent/mp4/homonym.mp4
homophile, https://media.signbsl.com/videos/asl/aslsearch/mp4/queer2.mp4
homophobe, https://media.signbsl.com/videos/asl/youtube/mp4/MhraoWyOMTw.mp4
homophone, https://media.signbsl.com/videos/asl/youtube/mp4/FjFtXB0Ubzw.mp4
homo sapien, https://media.signbsl.com/videos/asl/youtube/mp4/PdyZAWcKjwo.mp4
homosexual, https://media.signbsl.com/videos/asl/aslsignbank/mp4/GAY-1511.mp4
homozygous, https://media.signbsl.com/videos/asl/deaftec/mp4/1389.mp4
homozygous dominant, https://media.signbsl.com/videos/asl/deaftec/mp4/1388.mp4
homy, https://media.signbsl.com/videos/asl/youtube/mp4/xis87WboA4I.mp4
honcho, https://media.signbsl.com/videos/asl/youtube/mp4/-h9BRdbyarg.mp4
honda, https://player.vimeo.com/external/392184551.sd.mp4?s=0de4f153f5e5ea4322af18a949d7390a35a9144e&profile_id=164
Honduran, https://media.signbsl.com/videos/asl/youtube/mp4/69RPIi7vzyE.mp4
Honduran capital, https://media.signbsl.com/videos/asl/youtube/mp4/F9FXvmtT098.mp4
Honduras, https://media.signbsl.com/videos/asl/youtube/mp4/wl9OqHtFDhM.mp4
hone, https://media.signbsl.com/videos/asl/youtube/mp4/P_nMbeUNFgw.mp4
hone in, https://media.signbsl.com/videos/asl/youtube/mp4/bFCnQtlTexk.mp4
honest, https://media.signbsl.com/videos/asl/aslsignbank/mp4/HONEST-841.mp4
honestly, https://player.vimeo.com/external/392184816.sd.mp4?s=757b9903735c61aceac1b71129edeecbd2cd1acb&profile_id=164
honey, https://media.signbsl.com/videos/asl/aslsignbank/mp4/HONEY-NECTAR-690.mp4
honeydew, https://media.signbsl.com/videos/asl/aslsearch/mp4/honeydew.mp4
honeydew melon, https://media.signbsl.com/videos/asl/aslsearch/mp4/honeydew.mp4
honeyed, https://media.signbsl.com/videos/asl/youtube/mp4/Lm0ul9S8kLo.mp4
honeymoon, https://media.signbsl.com/videos/asl/youtube/mp4/QmFnkXe9uVY.mp4
honeymooner, https://player.vimeo.com/external/392381982.sd.mp4?s=538bb8e924932b05983138becb1a33667fa0d5f2&profile_id=164
Hong Kong, https://media.signbsl.com/videos/asl/youtube/mp4/t-w7pCF2qxc.mp4
honk, https://media.signbsl.com/videos/asl/startasl/mp4/throw-up.mp4
honker, https://media.signbsl.com/videos/asl/youtube/mp4/c_ezVdZFJqk.mp4
honkey, https://media.signbsl.com/videos/asl/youtube/mp4/B4wuy4v5x4M.mp4
honkie, https://media.signbsl.com/videos/asl/youtube/mp4/B4wuy4v5x4M.mp4
honkies, https://media.signbsl.com/videos/asl/youtube/mp4/B4wuy4v5x4M.mp4
honky, https://media.signbsl.com/videos/asl/youtube/mp4/B4wuy4v5x4M.mp4
honkytonk, https://media.signbsl.com/videos/asl/youtube/mp4/kq5nxPOwkF4.mp4
honor, https://media.signbsl.com/videos/asl/aslsignbank/mp4/HONOR-2606.mp4
honorable, https://media.signbsl.com/videos/asl/aslsignbank/mp4/HONEST-841.mp4
honorarium, https://media.signbsl.com/videos/asl/youtube/mp4/0wzr0d2ABEI.mp4
honorary, https://media.signbsl.com/videos/asl/youtube/mp4/PHkJcXkiAPc.mp4
honored, https://player.vimeo.com/external/392681304.sd.mp4?s=06914054152246f658bd8d7cde501dcf91f5f8a1&profile_id=164
honoree, https://media.signbsl.com/videos/asl/youtube/mp4/9iEzJAdl8hs.mp4
honorer, https://media.signbsl.com/videos/asl/youtube/mp4/eWeQ2H_kfhE.mp4
honour, https://media.signbsl.com/videos/asl/aslsignbank/mp4/HONOR-2606.mp4
hooch, https://media.signbsl.com/videos/asl/youtube/mp4/JycDKFgN_4Q.mp4
hood, https://media.signbsl.com/videos/asl/youtube/mp4/AA6wmps1zr8.mp4
hood cloth, https://player.vimeo.com/external/392184939.sd.mp4?s=f8cec640340c282a3add7bf375802c478707da3c&profile_id=164
hoodie, https://media.signbsl.com/videos/asl/youtube/mp4/bgzzou5YA9c.mp4
hoodlum, https://player.vimeo.com/external/392516980.sd.mp4?s=e16f44357a59a3b624930c0ee3d8c9280408aa5c&profile_id=164
hoodoism, https://media.signbsl.com/videos/asl/youtube/mp4/GJjUe3s6AIM.mp4
hoodwink, https://media.signbsl.com/videos/asl/signlanguagestudent/mp4/beguile.mp4
hoof, https://media.signbsl.com/videos/asl/youtube/mp4/y8LjzftLRho.mp4
hoofer, https://media.signbsl.com/videos/asl/youtube/mp4/k52liNfhaUs.mp4
hoo ha, https://media.signbsl.com/videos/asl/youtube/mp4/TP1xGosEXRo.mp4
hoo hah, https://media.signbsl.com/videos/asl/youtube/mp4/TP1xGosEXRo.mp4
hook, https://media.signbsl.com/videos/asl/aslsignbank/mp4/E(come-on)-1906.mp4
hookah, https://player.vimeo.com/external/392184956.sd.mp4?s=0762a602630e6028ed32858ede539cd50493dc11&profile_id=164
Hook and Ladder Truck, https://media.signbsl.com/videos/asl/youtube/mp4/IUKKDzanDfo.mp4
hooked, https://media.signbsl.com/videos/asl/youtube/mp4/pI1K3xT8Pfg.mp4
hooked on, https://player.vimeo.com/external/392184981.sd.mp4?s=1be0769ecb284a4f163b833c2a9f0fdc3801a87d&profile_id=164
hooker, https://media.signbsl.com/videos/asl/youtube/mp4/83kYPaUmQaE.mp4
hook in, https://media.signbsl.com/videos/asl/youtube/mp4/BYL9wF7coZw.mp4
hook up with, https://media.signbsl.com/videos/asl/startasl/mp4/marry.mp4
hooky, https://media.signbsl.com/videos/asl/youtube/mp4/1Tt9obb_bGg.mp4
hooligan, https://media.signbsl.com/videos/asl/youtube/mp4/Oj875rFQ7vs.mp4
hooliganism, https://media.signbsl.com/videos/asl/unoclimb/mp4/r8rffb0rYWg.mp4
hoop, https://media.signbsl.com/videos/asl/aslsearch/mp4/hoop.mp4
hoopla, https://media.signbsl.com/videos/asl/youtube/mp4/TvhOSg9vPM0.mp4
hoops, https://media.signbsl.com/videos/asl/startasl/mp4/basketball.mp4
hooray, https://player.vimeo.com/external/392188553.sd.mp4?s=b79677e0bad86714c99ad4708c7c7fe7b94b02f3&profile_id=164
Hoosier State, https://media.signbsl.com/videos/asl/youtube/mp4/aZlVLfr6iog.mp4
hoot, https://media.signbsl.com/videos/asl/youtube/mp4/4_TI9SUxdQY.mp4
hootch, https://media.signbsl.com/videos/asl/youtube/mp4/JycDKFgN_4Q.mp4
hootenannies, https://media.signbsl.com/videos/asl/youtube/mp4/HhRgYUyK6Pg.mp4
hooter, https://media.signbsl.com/videos/asl/aslsearch/mp4/owl.mp4
hoover, https://media.signbsl.com/videos/asl/startasl/mp4/vacuum.mp4
hop, https://media.signbsl.com/videos/asl/aslsignbank/mp4/JUMP-159.mp4
hope, https://media.signbsl.com/videos/asl/signlanguagestudent/mp4/hope%20(alternate).mp4
hopeful, https://player.vimeo.com/external/392681818.sd.mp4?s=f3b99ea71da99887c69daff33e99a09c2b744182&profile_id=164
hopeless, https://media.signbsl.com/videos/asl/aslsearch/mp4/hopeless.mp4
Hope Look forward, https://media.signbsl.com/videos/asl/ids/mp4/2013-11-2300-hope-look-forward-1500k-ase.mp4
hop on, https://media.signbsl.com/videos/asl/youtube/mp4/l7HsqLRJego.mp4
hop out, https://media.signbsl.com/videos/asl/youtube/mp4/nkE-blhq4fI.mp4
hopper, https://player.vimeo.com/external/392152625.sd.mp4?s=d9b1d046f4e758d1dd43674289e4b4a78e59c4c9&profile_id=164
hopscotch, https://media.signbsl.com/videos/asl/youtube/mp4/DNBhg6jVY7E.mp4
hop skip, https://media.signbsl.com/videos/asl/aslsignbank/mp4/JUMP-159.mp4
hop up, https://media.signbsl.com/videos/asl/youtube/mp4/31c9gocMDmY.mp4
horde, https://media.signbsl.com/videos/asl/youtube/mp4/LKmm7qhuI5I.mp4
horizon, https://media.signbsl.com/videos/asl/elementalaslconcepts/mp4/horizon.mp4
horizontal, https://media.signbsl.com/videos/asl/deaftec-math/mp4/28D-1.mp4
horizontal axis, https://media.signbsl.com/videos/asl/tsdvideo/mp4/226.mp4
horizontal distance, https://media.signbsl.com/videos/asl/tsdvideo/mp4/1496.mp4
hormone, https://media.signbsl.com/videos/asl/youtube/mp4/m3gITuUK4i4.mp4
hormones, https://media.signbsl.com/videos/asl/youtube/mp4/m3gITuUK4i4.mp4
horn, https://media.signbsl.com/videos/asl/aslsearch/mp4/trumpet.mp4
hornby islandbc, https://player.vimeo.com/external/392185231.sd.mp4?s=9e7a5b4a9a4a315084c415d17afbc182f5fcd5ab&profile_id=164
horned pout, https://media.signbsl.com/videos/asl/youtube/mp4/kQPdPxs-q7Q.mp4
hornier, https://media.signbsl.com/videos/asl/youtube/mp4/8bsxgmjJTtY.mp4
hornless, https://media.signbsl.com/videos/asl/youtube/mp4/6VLDKzChGYA.mp4
hornlike, NA
hornpout, https://media.signbsl.com/videos/asl/youtube/mp4/kQPdPxs-q7Q.mp4
horns, https://media.signbsl.com/videos/asl/aslsearch/mp4/trumpet.mp4
horny, https://media.signbsl.com/videos/asl/aslsearch/mp4/horny.mp4
horologer, https://media.signbsl.com/videos/asl/youtube/mp4/4nS3PyoikUo.mp4
horologist, https://media.signbsl.com/videos/asl/youtube/mp4/4nS3PyoikUo.mp4
horology, https://media.signbsl.com/videos/asl/youtube/mp4/JqpHw5nfDgY.mp4
horoscope, https://player.vimeo.com/external/392185301.sd.mp4?s=a014bb39580ee14ec5694a13b8d617eace4c899c&profile_id=164
horrendous, https://media.signbsl.com/videos/asl/startasl/mp4/awful.mp4
horrible, https://media.signbsl.com/videos/asl/startasl/mp4/ugly.mp4
horrid, https://media.signbsl.com/videos/asl/youtube/mp4/Oq07Y8YdFwo.mp4
horrific, https://media.signbsl.com/videos/asl/startasl/mp4/awful.mp4
horrify, https://media.signbsl.com/videos/asl/youtube/mp4/CA53l1iopCU.mp4
horrifying, https://media.signbsl.com/videos/asl/startasl/mp4/ugly.mp4
horror, https://media.signbsl.com/videos/asl/youtube/mp4/3PoE1fyGjr0.mp4
horse, https://media.signbsl.com/videos/asl/startasl/mp4/horse.mp4
horse around, https://media.signbsl.com/videos/asl/youtube/mp4/MosZgNPZoJU.mp4
horseback, https://media.signbsl.com/videos/asl/youtube/mp4/uj8yKf8R-ro.mp4
horseback rider, https://media.signbsl.com/videos/asl/youtube/mp4/VZ33DvCZmMQ.mp4
horseback riding, https://media.signbsl.com/videos/asl/youtube/mp4/_1AenDomr_E.mp4
horse brier, https://media.signbsl.com/videos/asl/youtube/mp4/ioQMs2K-DTY.mp4
horse cavalry, https://media.signbsl.com/videos/asl/youtube/mp4/TTVjgJuLNOE.mp4
horseflesh, https://media.signbsl.com/videos/asl/youtube/mp4/2GzHzeHnt8k.mp4
horsehair, https://media.signbsl.com/videos/asl/youtube/mp4/si9CZYNK9Ok.mp4
horselaugh, https://media.signbsl.com/videos/asl/aslsignbank/mp4/HAHA-3260.mp4
horseless, https://media.signbsl.com/videos/asl/youtube/mp4/3wyvmxJ7U-Y.mp4
horselike, https://media.signbsl.com/videos/asl/youtube/mp4/nuG6ZVAnA8w.mp4
horseman, https://media.signbsl.com/videos/asl/youtube/mp4/VZ33DvCZmMQ.mp4
horsemeat, https://media.signbsl.com/videos/asl/youtube/mp4/2GzHzeHnt8k.mp4
horseplay, https://player.vimeo.com/external/392185455.sd.mp4?s=f8c7bc296b71db0dab8767a8fc3173b514bb5b59&profile_id=164
horsepower, https://media.signbsl.com/videos/asl/youtube/mp4/1M7gWqNymlg.mp4
horse race, https://media.signbsl.com/videos/asl/aslsearch/mp4/horse-race.mp4
horse racing, https://player.vimeo.com/external/392185365.sd.mp4?s=c40f0b7940b4b6f7fc38032a2c13a49dffd6d8d5&profile_id=164
horse sense, https://media.signbsl.com/videos/asl/aslsearch/mp4/common-sense.mp4
horseshit, https://media.signbsl.com/videos/asl/aslsearch/mp4/crap.mp4
horseshoe, https://media.signbsl.com/videos/asl/youtube/mp4/lRmo5dK8Cmo.mp4
horseshoer, https://media.signbsl.com/videos/asl/youtube/mp4/XEkpvBuvQ2o.mp4
horsetail, https://media.signbsl.com/videos/asl/youtube/mp4/nmY0DSbzrHk.mp4
horse trade, https://media.signbsl.com/videos/asl/youtube/mp4/0lCEImLvSKA.mp4
horse trading, https://media.signbsl.com/videos/asl/youtube/mp4/0lCEImLvSKA.mp4
horsewoman, https://media.signbsl.com/videos/asl/youtube/mp4/qZXmiY0DNqs.mp4
horse wrangler, https://media.signbsl.com/videos/asl/youtube/mp4/EptWM6YlpuQ.mp4
horticultural, https://media.signbsl.com/videos/asl/youtube/mp4/cHSAI1hjRnU.mp4
horticulturalist, https://media.signbsl.com/videos/asl/youtube/mp4/NDMNCVrblPs.mp4
horticulture, https://media.signbsl.com/videos/asl/startasl/mp4/gardening.mp4
hosanna, https://media.signbsl.com/videos/asl/signlanguagestudent/mp4/hosanna.mp4
hose, https://media.signbsl.com/videos/asl/aslsearch/mp4/hose.mp4
hose bottom top, https://media.signbsl.com/videos/asl/AustinCommunityCollege/mp4/auto_hose_bottom_top_.mp4
hose down, https://media.signbsl.com/videos/asl/aslsearch/mp4/hose.mp4
hosier, https://media.signbsl.com/videos/asl/youtube/mp4/3lPorNwe0Wc.mp4
hospice, https://player.vimeo.com/external/392185484.sd.mp4?s=3642df689a3499459e9047cf2eb279ba3c4e0190&profile_id=164
hospitable, https://media.signbsl.com/videos/asl/youtube/mp4/RRh19VypmN0.mp4
hospital, https://media.signbsl.com/videos/asl/startasl/mp4/hospital.mp4
hospital care, https://media.signbsl.com/videos/asl/youtube/mp4/XzgwRI3z9jM.mp4
hospitalisation, https://media.signbsl.com/videos/asl/youtube/mp4/XzgwRI3z9jM.mp4
hospitality, https://player.vimeo.com/external/392185530.sd.mp4?s=84f301bb02c13ffc97e0a7916c4a051a1ba8e604&profile_id=164
hospitalization, https://media.signbsl.com/videos/asl/youtube/mp4/XzgwRI3z9jM.mp4
hospital patient, https://media.signbsl.com/videos/asl/aslsignbank/mp4/PATIENT_1-3021.mp4
host, https://media.signbsl.com/videos/asl/youtube/mp4/379faVY_wzA.mp4
hostage, https://media.signbsl.com/videos/asl/youtube/mp4/kVdVT7OVzHQ.mp4
hostel, https://media.signbsl.com/videos/asl/youtube/mp4/-rS1zpcfvAQ.mp4
hosteler, https://media.signbsl.com/videos/asl/youtube/mp4/bmm7iFH_mok.mp4
hosteller, https://media.signbsl.com/videos/asl/youtube/mp4/IorR4A3qd3w.mp4
hostelry, https://media.signbsl.com/videos/asl/youtube/mp4/-rS1zpcfvAQ.mp4
hostess, https://media.signbsl.com/videos/asl/youtube/mp4/mGbbc6ICS_8.mp4
hostile, https://player.vimeo.com/external/392549670.sd.mp4?s=69e461ea174371dae70148e53ceffa32b0f424bb&profile_id=164
hostilities, https://player.vimeo.com/external/392011866.sd.mp4?s=75e2a7ed2888ae0a94bc36aac634e04ee4a6eb0c&profile_id=164
hostility, https://player.vimeo.com/external/392011866.sd.mp4?s=75e2a7ed2888ae0a94bc36aac634e04ee4a6eb0c&profile_id=164
hosting, https://media.signbsl.com/videos/asl/youtube/mp4/kj93TizAKtY.mp4
hostler, https://media.signbsl.com/videos/asl/youtube/mp4/wXaRoyFArh0.mp4
hot, https://media.signbsl.com/videos/asl/startasl/mp4/hot.mp4
hot-swap as in components, NA
hot air balloon, https://player.vimeo.com/external/392681881.sd.mp4?s=4a49954ab2f5a356b4b2fdce8f70139b62a7a4af&profile_id=164
hot and bothered, https://player.vimeo.com/external/392677035.sd.mp4?s=1d477c4d9ab9925d48ca0f4dd8b2b97200bc8bfd&profile_id=164
hotbed, https://media.signbsl.com/videos/asl/youtube/mp4/lU38TakihFM.mp4
hotblooded, NA
hot cake, https://media.signbsl.com/videos/asl/youtube/mp4/JYixqJW5ISo.mp4
hotcake, https://media.signbsl.com/videos/asl/youtube/mp4/JYixqJW5ISo.mp4
hot chocolate, https://media.signbsl.com/videos/asl/aslsearch/mp4/chocolate.mp4
hotchpotch, https://media.signbsl.com/videos/asl/youtube/mp4/vB4ehCbk3B8.mp4
hotdog, https://media.signbsl.com/videos/asl/startasl/mp4/hotdog.mp4
hot dog, https://media.signbsl.com/videos/asl/startasl/mp4/hotdog.mp4
hot dog "g" variant, https://media.signbsl.com/videos/asl/startasl/mp4/hotdog.mp4
hotel, https://media.signbsl.com/videos/asl/aslsignbank/mp4/HOTEL-2939.mp4
hotelier, https://media.signbsl.com/videos/asl/youtube/mp4/IorR4A3qd3w.mp4
hotelkeeper, https://media.signbsl.com/videos/asl/youtube/mp4/IorR4A3qd3w.mp4
hotelman, https://media.signbsl.com/videos/asl/youtube/mp4/IorR4A3qd3w.mp4
hotel manager, https://media.signbsl.com/videos/asl/youtube/mp4/IorR4A3qd3w.mp4
hot flash, https://player.vimeo.com/external/392185622.sd.mp4?s=520388f57d7dc09e52d3c5170771ccb97ebb9635&profile_id=164
hot flashes, https://player.vimeo.com/external/392185622.sd.mp4?s=520388f57d7dc09e52d3c5170771ccb97ebb9635&profile_id=164
hotfoot, https://media.signbsl.com/videos/asl/youtube/mp4/SQLeej0gir8.mp4
hothead, https://player.vimeo.com/external/391916514.sd.mp4?s=0c05cec8334ac5582a09617aaaaa5b8586260a9d&profile_id=164
hothouse, https://media.signbsl.com/videos/asl/youtube/mp4/dCc8EY2wMWg.mp4
hot line, https://player.vimeo.com/external/392186103.sd.mp4?s=b6ba9823bb83a7a37b6d83d2cf4cf647fc487467&profile_id=164
hotline, https://player.vimeo.com/external/392186103.sd.mp4?s=b6ba9823bb83a7a37b6d83d2cf4cf647fc487467&profile_id=164
hot pass, https://media.signbsl.com/videos/asl/AustinCommunityCollege/mp4/weld_hotpass_.mp4
hot seat, https://media.signbsl.com/videos/asl/youtube/mp4/eKeq2dDfXSg.mp4
hotshot, https://media.signbsl.com/videos/asl/aslsignbank/mp4/SET-RECORD-2310.mp4
hot spicy, https://media.signbsl.com/videos/asl/youtube/mp4/rj3aFDflTm4.mp4
hot spot, https://media.signbsl.com/videos/asl/youtube/mp4/bZGuRktEy6M.mp4
hotspot, https://media.signbsl.com/videos/asl/youtube/mp4/bZGuRktEy6M.mp4
hotter, https://media.signbsl.com/videos/asl/tsdvideo/mp4/46.mp4
hot up, https://media.signbsl.com/videos/asl/youtube/mp4/thJap1bMP8s.mp4
hot weather, https://media.signbsl.com/videos/asl/aslsignbank/mp4/SUMMER-668.mp4
hoummos, https://media.signbsl.com/videos/asl/elementalaslconcepts/mp4/humus.mp4
hour, https://media.signbsl.com/videos/asl/startasl/mp4/hour.mp4
hourglass, https://media.signbsl.com/videos/asl/youtube/mp4/vgy08ByKmaE.mp4
hour hand, https://media.signbsl.com/videos/asl/tsdvideo/mp4/48.mp4
hourly, https://player.vimeo.com/external/392186195.sd.mp4?s=3c262613d8afc23bbb818880401c9e9bcf6d7c83&profile_id=164
hourly wage, https://player.vimeo.com/external/392186170.sd.mp4?s=0d580247e86992eb7f775c04193f553839b9f55a&profile_id=164
hours, https://media.signbsl.com/videos/asl/signlanguagestudent/mp4/hours.mp4
house, https://media.signbsl.com/videos/asl/startasl/mp4/house.mp4
house agent, https://media.signbsl.com/videos/asl/youtube/mp4/iliHO0OV4Eg.mp4
houseboat, https://media.signbsl.com/videos/asl/youtube/mp4/lCFO45cMHHM.mp4
housebound, https://media.signbsl.com/videos/asl/youtube/mp4/04pI5-jtldw.mp4
housebreak, https://media.signbsl.com/videos/asl/youtube/mp4/ln91ZOuZdlg.mp4
housebreaker, https://media.signbsl.com/videos/asl/youtube/mp4/WOYzm1lR550.mp4
houseclean, https://media.signbsl.com/videos/asl/youtube/mp4/fspeZ5Ev-_8.mp4
housecoat, https://media.signbsl.com/videos/asl/youtube/mp4/JixNkV_JWvk.mp4
house decorator, https://player.vimeo.com/external/391933606.sd.mp4?s=f0061e9aba1cb2af8aff79035435bdc0694f826f&profile_id=164
housefly, https://player.vimeo.com/external/392186237.sd.mp4?s=1da14449d104bb1fb442af47c7325d6513036756&profile_id=164
houseful, https://media.signbsl.com/videos/asl/youtube/mp4/orP-an_pG7M.mp4
household, https://media.signbsl.com/videos/asl/youtube/mp4/esAQhPmm_rI.mp4
householder, https://media.signbsl.com/videos/asl/youtube/mp4/33WRW2_RLaI.mp4
househusband, NA
house keeper, https://player.vimeo.com/external/392681918.sd.mp4?s=d1f39caf3113572e1e68f77646218425143aa22e&profile_id=164
housekeeper, https://player.vimeo.com/external/392681918.sd.mp4?s=d1f39caf3113572e1e68f77646218425143aa22e&profile_id=164
housekeeping, https://media.signbsl.com/videos/asl/youtube/mp4/XJPQETRdHCE.mp4
houseless, https://media.signbsl.com/videos/asl/youtube/mp4/hE5Meb5mNKg.mp4
houseman, https://media.signbsl.com/videos/asl/youtube/mp4/meXjKSpIl_o.mp4
housemaster, https://media.signbsl.com/videos/asl/youtube/mp4/AnvaaoVC_i8.mp4
housemistress, https://media.signbsl.com/videos/asl/youtube/mp4/pSc1CzDpf-w.mp4
house of ill repute, https://media.signbsl.com/videos/asl/youtube/mp4/B0glyhW8QwI.mp4
House of Israel, https://media.signbsl.com/videos/asl/ids/mp4/2013-11-2320-house-of-israel-1500k-ase.mp4
house of prostitution, https://media.signbsl.com/videos/asl/youtube/mp4/B0glyhW8QwI.mp4
houseproud, NA
houseroom, https://media.signbsl.com/videos/asl/youtube/mp4/kAIKIO2X0aA.mp4
house sit, https://media.signbsl.com/videos/asl/youtube/mp4/vp9ax2IoWa0.mp4
housetop, https://media.signbsl.com/videos/asl/youtube/mp4/exRi2DSQiVA.mp4
housewarming, https://media.signbsl.com/videos/asl/youtube/mp4/ytQeG7OkMEU.mp4
housewife, https://media.signbsl.com/videos/asl/youtube/mp4/Gzp-p-SrL3U.mp4
housework, https://media.signbsl.com/videos/asl/youtube/mp4/XJPQETRdHCE.mp4
housing, https://media.signbsl.com/videos/asl/youtube/mp4/zlALAxXBvD8.mp4
housing main body of the axel assembly, https://media.signbsl.com/videos/asl/AustinCommunityCollege/mp4/auto_housing_.mp4
housings, https://media.signbsl.com/videos/asl/youtube/mp4/LF7gpXBeq4I.mp4
hover, https://media.signbsl.com/videos/asl/youtube/mp4/OEMfYnQM8sU.mp4
how, https://media.signbsl.com/videos/asl/startasl/mp4/how.mp4
how are you, https://media.signbsl.com/videos/asl/startasl/mp4/howareyou.mp4
how are you doing, https://player.vimeo.com/external/392681974.sd.mp4?s=d3ecede56e3ee873d030037c57d5faab1c6023c1&profile_id=164
how boring, https://media.signbsl.com/videos/asl/youtube/mp4/Fq-ZUVj-EDo.mp4
how come, https://media.signbsl.com/videos/asl/startasl/mp4/why.mp4
how did you get here, https://media.signbsl.com/videos/asl/startasl/mp4/howdidyougethere.mp4
how did you lose your hearing, https://media.signbsl.com/videos/asl/startasl/mp4/howdidyouloseyourhearing.mp4
how do you do, https://media.signbsl.com/videos/asl/startasl/mp4/hello.mp4
howdy, https://media.signbsl.com/videos/asl/startasl/mp4/hello.mp4
however, https://media.signbsl.com/videos/asl/aslsignbank/mp4/BUT-61.mp4
however (but), https://media.signbsl.com/videos/asl/signlanguagestudent/mp4/however%20(but).mp4
however but, https://media.signbsl.com/videos/asl/signlanguagestudent/mp4/however%20(but).mp4
howitzer, https://media.signbsl.com/videos/asl/youtube/mp4/_nLu0H77GUQ.mp4
howl, https://media.signbsl.com/videos/asl/youtube/mp4/-9NnOAR2kqw.mp4
howling, https://media.signbsl.com/videos/asl/startasl/mp4/wonderful.mp4
how long, https://media.signbsl.com/videos/asl/aslsignbank/mp4/LONG-177.mp4
how many, https://media.signbsl.com/videos/asl/elementalaslconcepts/mp4/how_many.mp4
how many how much, https://media.signbsl.com/videos/asl/elementalaslconcepts/mp4/how_many_how_much.mp4
how many siblings do you have, https://media.signbsl.com/videos/asl/startasl/mp4/howmanysiblingsdoyouhave.mp4
how much, https://media.signbsl.com/videos/asl/elementalaslconcepts/mp4/how_much.mp4
how much does it cost, https://media.signbsl.com/videos/asl/startasl/mp4/how-much-does-it-cost.mp4
how old, https://media.signbsl.com/videos/asl/elementalaslconcepts/mp4/how_old.mp4
how old are you, https://media.signbsl.com/videos/asl/startasl/mp4/howoldareyou.mp4
howsoever, https://media.signbsl.com/videos/asl/youtube/mp4/gaVMWxHOs8U.mp4
How was your day, https://media.signbsl.com/videos/asl/mariekatzenbachschool/mp4/How%20was%20your%20day.mp4
how was your weekend, https://media.signbsl.com/videos/asl/startasl/mp4/how-was-your-weekend.mp4
HOW YOU Q, https://media.signbsl.com/videos/asl/youtube/mp4/2TnaVSKTXSw.mp4
hoy, https://media.signbsl.com/videos/asl/youtube/mp4/oMw68vRf_4s.mp4
hoyden, https://media.signbsl.com/videos/asl/youtube/mp4/3r9ABycixyU.mp4
HP, https://media.signbsl.com/videos/asl/youtube/mp4/1M7gWqNymlg.mp4
hr, https://media.signbsl.com/videos/asl/startasl/mp4/hour.mp4
Hrvatska, https://media.signbsl.com/videos/asl/youtube/mp4/UrFxhVpg-I0.mp4
HTML, https://media.signbsl.com/videos/asl/deaftec/mp4/993.mp4
HTTP, https://media.signbsl.com/videos/asl/deaftec/mp4/990.mp4
https, https://media.signbsl.com/videos/asl/deaftec/mp4/990.mp4
hub, https://media.signbsl.com/videos/asl/deaftec/mp4/991.mp4
hubble bubble, https://player.vimeo.com/external/392184956.sd.mp4?s=0762a602630e6028ed32858ede539cd50493dc11&profile_id=164
hubbly bubbly, https://player.vimeo.com/external/392184956.sd.mp4?s=0762a602630e6028ed32858ede539cd50493dc11&profile_id=164
hubby, https://media.signbsl.com/videos/asl/startasl/mp4/husband.mp4
hubcap, https://media.signbsl.com/videos/asl/youtube/mp4/AOO7NSaVE6k.mp4
Hub of the Universe, https://media.signbsl.com/videos/asl/aslsignbank/mp4/BOSTON-2127.mp4
hubris, https://player.vimeo.com/external/392186342.sd.mp4?s=fed5c84d89c053276ade1ce63880a96f66135248&profile_id=164
huck, https://media.signbsl.com/videos/asl/youtube/mp4/-UypFwwBeUI.mp4
huckaback, https://media.signbsl.com/videos/asl/youtube/mp4/-UypFwwBeUI.mp4
huckster, https://media.signbsl.com/videos/asl/youtube/mp4/ThhACsH8E34.mp4
huddle, https://media.signbsl.com/videos/asl/aslsearch/mp4/huddle.mp4
huddle together, https://media.signbsl.com/videos/asl/aslsearch/mp4/huddle.mp4
huff, https://player.vimeo.com/external/392186387.sd.mp4?s=5c42c2f919f657be440d8cffe549051f9c8e0d60&profile_id=164
huffily, https://media.signbsl.com/videos/asl/youtube/mp4/YTXPQTn7OpA.mp4
hufflepuff, https://media.signbsl.com/videos/asl/youtube/mp4/TCuUHK4R7jI.mp4
huffy, https://media.signbsl.com/videos/asl/youtube/mp4/uePmigt8L2M.mp4
hug, https://media.signbsl.com/videos/asl/startasl/mp4/hug.mp4
huge, https://media.signbsl.com/videos/asl/aslsearch/mp4/vast.mp4
huge audience, https://media.signbsl.com/videos/asl/youtube/mp4/lc_j-0UwWps.mp4
huge question, https://player.vimeo.com/external/392682073.sd.mp4?s=bf143612cc7c53502e7945f02a4a935ab70b4a2d&profile_id=164
hugger mugger, https://player.vimeo.com/external/395755756.sd.mp4?s=80582e1677da0f8f2bb87c43d35e4bc769e9f356&profile_id=164
hugging, https://player.vimeo.com/external/392380749.sd.mp4?s=e9db38157d1680d5cda5968ce9f87323b597ee9c&profile_id=164
huggle, https://player.vimeo.com/external/392186442.sd.mp4?s=fc5a90ea5a5648f52aa1c937c1e6e2fe1603d912&profile_id=164
hug me, https://media.signbsl.com/videos/asl/youtube/mp4/wJh8cR477rI.mp4
hugs, https://media.signbsl.com/videos/asl/startasl/mp4/hug.mp4
Huh, https://player.vimeo.com/external/392186500.sd.mp4?s=d414147827e825fa6b213a39efee7e5ec27e7631&profile_id=164
huitre, https://media.signbsl.com/videos/asl/aslsearch/mp4/oyster.mp4
hula hoop, https://media.signbsl.com/videos/asl/youtube/mp4/OVBWWE5UPm0.mp4
hulk, https://media.signbsl.com/videos/asl/aslsearch/mp4/giant.mp4
Hull, https://media.signbsl.com/videos/asl/youtube/mp4/_TzTd6lH9U8.mp4
hullo, https://media.signbsl.com/videos/asl/startasl/mp4/hello.mp4
hum, https://media.signbsl.com/videos/asl/aslsearch/mp4/hum.mp4
human, https://media.signbsl.com/videos/asl/aslsignbank/mp4/PERSON-888.mp4
human being, https://media.signbsl.com/videos/asl/youtube/mp4/zX7ZpuuPADc.mp4
human beings, https://media.signbsl.com/videos/asl/youtube/mp4/Rt0bdCIlZoQ.mp4
human body, https://media.signbsl.com/videos/asl/ids/mp4/2013-11-3520-physical-body-1500k-ase.mp4
human centered, https://media.signbsl.com/videos/asl/youtube/mp4/-gbKiriHh98.mp4
human centred, https://media.signbsl.com/videos/asl/youtube/mp4/-gbKiriHh98.mp4
humane, https://media.signbsl.com/videos/asl/youtube/mp4/M722m90gm1A.mp4
human face, https://media.signbsl.com/videos/asl/tsdvideo/mp4/1018.mp4
human immunodeficiency virus, https://player.vimeo.com/external/392183284.sd.mp4?s=92a0c1134f55a062adea3dac4927f4e8a1c547fc&profile_id=164
humanise, https://media.signbsl.com/videos/asl/youtube/mp4/w14fHnlNmc4.mp4
humanism, https://media.signbsl.com/videos/asl/youtube/mp4/hg3Q6Rdnlxs.mp4
humanist, https://media.signbsl.com/videos/asl/youtube/mp4/tvZ8MMBn024.mp4
humanistic, https://media.signbsl.com/videos/asl/youtube/mp4/tvZ8MMBn024.mp4
humanistic discipline, https://media.signbsl.com/videos/asl/youtube/mp4/Jjyh264g4K0.mp4
humanitarian, https://media.signbsl.com/videos/asl/youtube/mp4/-gbKiriHh98.mp4
humanities, https://media.signbsl.com/videos/asl/youtube/mp4/Jjyh264g4K0.mp4
humanity, https://media.signbsl.com/videos/asl/youtube/mp4/Rt0bdCIlZoQ.mp4
humanize, https://media.signbsl.com/videos/asl/youtube/mp4/w14fHnlNmc4.mp4
humankind, https://media.signbsl.com/videos/asl/youtube/mp4/Rt0bdCIlZoQ.mp4
humanlike, https://media.signbsl.com/videos/asl/youtube/mp4/gYuSt734d7I.mp4
humanoid, https://player.vimeo.com/external/391162646.sd.mp4?s=d320ec77f3fe813155c7a4f0f2145c2de6088be1&profile_id=164
human race, https://media.signbsl.com/videos/asl/youtube/mp4/Rt0bdCIlZoQ.mp4
human relationship, https://media.signbsl.com/videos/asl/elementalaslconcepts/mp4/relationship.mp4
human resource, https://media.signbsl.com/videos/asl/elementalaslconcepts/mp4/human_resources.mp4
human right, https://player.vimeo.com/external/392186567.sd.mp4?s=98f4ed1b52087bfe342f8e51efac6ffcebf93ccb&profile_id=164
human rights, https://player.vimeo.com/external/392186567.sd.mp4?s=98f4ed1b52087bfe342f8e51efac6ffcebf93ccb&profile_id=164
humans, https://media.signbsl.com/videos/asl/youtube/mp4/Rt0bdCIlZoQ.mp4
human trafficking, https://player.vimeo.com/external/392186588.sd.mp4?s=5b97a879189bdbb0640cdae2b6c8be1eceee76f8&profile_id=164
humble, https://media.signbsl.com/videos/asl/startasl/mp4/humble.mp4
humbled, https://media.signbsl.com/videos/asl/youtube/mp4/efaCvus6pvI.mp4
humbleness, https://media.signbsl.com/videos/asl/valleybible/mp4/humility.mp4
humbler, https://media.signbsl.com/videos/asl/youtube/mp4/Hbl0LmiS6Mk.mp4
humbug, https://player.vimeo.com/external/392132442.sd.mp4?s=e96ea722e17267e18d365b22eef81126fe6a1090&profile_id=164
humdinger, https://media.signbsl.com/videos/asl/youtube/mp4/97WNhpMpdeU.mp4
humdrum, https://player.vimeo.com/external/392186676.sd.mp4?s=1b1e456a9e7331a6b445848905f8e8e7b74a27dd&profile_id=164
Hume, https://media.signbsl.com/videos/asl/philosophy/mp4/Hume-HD.mp4
humid, https://player.vimeo.com/external/392682166.sd.mp4?s=2edbdc017e81ea91ba86d8fa9177100d3b71db7f&profile_id=164
humider, https://media.signbsl.com/videos/asl/youtube/mp4/kNvPlmLG_GI.mp4
humidified, https://media.signbsl.com/videos/asl/youtube/mp4/WVsOsM7yHmg.mp4
humiliate, https://player.vimeo.com/external/395736399.sd.mp4?s=6ce20664bfd017186d3360d698d4a1ac1de998c7&profile_id=164
humiliated, https://media.signbsl.com/videos/asl/youtube/mp4/efaCvus6pvI.mp4
humiliation, https://media.signbsl.com/videos/asl/youtube/mp4/hcNJRFQygKU.mp4
humility, https://media.signbsl.com/videos/asl/valleybible/mp4/humility.mp4
hummer, https://media.signbsl.com/videos/asl/youtube/mp4/PAfIiWL5ozI.mp4
hummingbird, https://player.vimeo.com/external/392186747.sd.mp4?s=da51bd03467fefb2ee65cfba44002f662f8607a3&profile_id=164
hummock, https://media.signbsl.com/videos/asl/youtube/mp4/Z5seAeOwXSM.mp4
hummus, https://media.signbsl.com/videos/asl/elementalaslconcepts/mp4/humus.mp4
humor, https://player.vimeo.com/external/392186788.sd.mp4?s=fdb8be36d51929e229c945876d7ee5a1fc59846a&profile_id=164
humorist, https://media.signbsl.com/videos/asl/youtube/mp4/gkBFRbM2fi8.mp4
humorless, https://media.signbsl.com/videos/asl/youtube/mp4/92qCTcq2VWQ.mp4
humour, https://player.vimeo.com/external/392186788.sd.mp4?s=fdb8be36d51929e229c945876d7ee5a1fc59846a&profile_id=164
humourist, https://media.signbsl.com/videos/asl/youtube/mp4/gkBFRbM2fi8.mp4
humourless, https://media.signbsl.com/videos/asl/youtube/mp4/92qCTcq2VWQ.mp4
humous, https://media.signbsl.com/videos/asl/elementalaslconcepts/mp4/humus.mp4
hump, https://media.signbsl.com/videos/asl/youtube/mp4/nDFUdAsRmGg.mp4
humus, https://media.signbsl.com/videos/asl/elementalaslconcepts/mp4/humus.mp4
hunca munca, https://media.signbsl.com/videos/asl/youtube/mp4/wJKv6ucjJiQ.mp4
hunch, https://media.signbsl.com/videos/asl/youtube/mp4/BsWCR9-J5Ys.mp4
hunch forward, https://media.signbsl.com/videos/asl/youtube/mp4/IBe8b8HyzuM.mp4
hunch over, https://media.signbsl.com/videos/asl/youtube/mp4/IBe8b8HyzuM.mp4
hundred, https://media.signbsl.com/videos/asl/aslsignbank/mp4/HUNDRED-1756.mp4
hundredfold, https://media.signbsl.com/videos/asl/youtube/mp4/cD5RkL5h7vU.mp4
hundred millionths, https://media.signbsl.com/videos/asl/tsdvideo/mp4/465.mp4
hundreds, https://media.signbsl.com/videos/asl/aslsignbank/mp4/HUNDRED-1756.mp4
hundreds place, https://media.signbsl.com/videos/asl/tsdvideo/mp4/51.mp4
hundredth, https://media.signbsl.com/videos/asl/tsdvideo/mp4/467.mp4
hundred thousandths, https://media.signbsl.com/videos/asl/tsdvideo/mp4/466.mp4
hundredths, https://media.signbsl.com/videos/asl/tsdvideo/mp4/467.mp4
hundredweight, https://media.signbsl.com/videos/asl/youtube/mp4/qSjyWSP9Xpk.mp4
hung a big golden medal around his neck, https://media.signbsl.com/videos/asl/youtube/mp4/SPJincgzpSU.mp4
Hungarian, https://media.signbsl.com/videos/asl/youtube/mp4/LP105YyzmMY.mp4
Hungary, https://media.signbsl.com/videos/asl/aslsignbank/mp4/HUNGARY-3323.mp4
hunger, https://media.signbsl.com/videos/asl/aslsignbank/mp4/CRAVE-1181.mp4
hungrier, https://media.signbsl.com/videos/asl/youtube/mp4/1ZNsWjZpRJo.mp4
hungriness, https://media.signbsl.com/videos/asl/aslsearch/mp4/hunger.mp4
hungry, https://media.signbsl.com/videos/asl/startasl/mp4/hungry.mp4
hunk, https://media.signbsl.com/videos/asl/aslsearch/mp4/lump.mp4
hunker, https://media.signbsl.com/videos/asl/youtube/mp4/fOhNaflmpwM.mp4
hunker down, https://media.signbsl.com/videos/asl/youtube/mp4/fOhNaflmpwM.mp4
hunky dory, https://media.signbsl.com/videos/asl/startasl/mp4/fine.mp4
hunt, https://media.signbsl.com/videos/asl/startasl/mp4/hunting.mp4
hunt down, https://player.vimeo.com/external/392527358.sd.mp4?s=b7dc3f1baaf8aa100fc9b857399797643b60b5a0&profile_id=164
hunted house, https://player.vimeo.com/external/392682213.sd.mp4?s=d349907b49744f5176a9ff2d115a12b2489a799c&profile_id=164
hunter, https://player.vimeo.com/external/392682242.sd.mp4?s=2b251cacfa0926a740ae4dc6eaf5e704326c33ab&profile_id=164
hunter gatherer, https://media.signbsl.com/videos/asl/elementalaslconcepts/mp4/hunter_gatherer.mp4
hunting, https://media.signbsl.com/videos/asl/startasl/mp4/hunting.mp4
hunting expedition, https://media.signbsl.com/videos/asl/youtube/mp4/MOc9oRAGUQ4.mp4
huntress, https://media.signbsl.com/videos/asl/youtube/mp4/kgmTd5E5jAQ.mp4
huntsman, https://player.vimeo.com/external/392682242.sd.mp4?s=2b251cacfa0926a740ae4dc6eaf5e704326c33ab&profile_id=164
hurdle, https://media.signbsl.com/videos/asl/aslsearch/mp4/hurdle.mp4
hurdler, https://media.signbsl.com/videos/asl/youtube/mp4/ZsJGB6zFVZw.mp4
hurdle race, https://media.signbsl.com/videos/asl/youtube/mp4/TjlMTD_RLH4.mp4
hurdles, https://media.signbsl.com/videos/asl/youtube/mp4/TjlMTD_RLH4.mp4
hurdling, https://media.signbsl.com/videos/asl/youtube/mp4/TjlMTD_RLH4.mp4
hurl, https://player.vimeo.com/external/392188493.sd.mp4?s=3fd997f0892418a6bcd45b068b1addaeb59164c7&profile_id=164
hurler, https://media.signbsl.com/videos/asl/aslsearch/mp4/pitcher.mp4
hurling, https://media.signbsl.com/videos/asl/youtube/mp4/S4w0Wz5QMd4.mp4
hurly burly, https://media.signbsl.com/videos/asl/youtube/mp4/TP1xGosEXRo.mp4
hurrah, https://player.vimeo.com/external/392188553.sd.mp4?s=b79677e0bad86714c99ad4708c7c7fe7b94b02f3&profile_id=164
hurricane, https://media.signbsl.com/videos/asl/aslsearch/mp4/hurricane.mp4
hurry, https://media.signbsl.com/videos/asl/startasl/mp4/hurry.mp4
hurrying, https://media.signbsl.com/videos/asl/aslsearch/mp4/speeding.mp4
hurt, https://media.signbsl.com/videos/asl/startasl/mp4/hurt.mp4
hurting, https://media.signbsl.com/videos/asl/youtube/mp4/FbawYVQp2fM.mp4
hurtle, https://player.vimeo.com/external/392188493.sd.mp4?s=3fd997f0892418a6bcd45b068b1addaeb59164c7&profile_id=164
Husain, https://player.vimeo.com/external/392196642.sd.mp4?s=84c2a71898c3b9ba51e7ddbbfe74e78ba9817a41&profile_id=164
Husayn, https://player.vimeo.com/external/392196642.sd.mp4?s=84c2a71898c3b9ba51e7ddbbfe74e78ba9817a41&profile_id=164
husband, https://media.signbsl.com/videos/asl/startasl/mp4/husband.mp4
husbandless, https://media.signbsl.com/videos/asl/youtube/mp4/OTOKysCPWDM.mp4
husbandman, https://media.signbsl.com/videos/asl/aslsearch/mp4/farmer.mp4
husbandry, https://player.vimeo.com/external/392188728.sd.mp4?s=5f81c1f70eab8bf04b3c4a1c7992ca47ab8255b4&profile_id=164
hush, https://media.signbsl.com/videos/asl/elementalaslconcepts/mp4/quiet_down.mp4
hush hush, https://player.vimeo.com/external/395755756.sd.mp4?s=80582e1677da0f8f2bb87c43d35e4bc769e9f356&profile_id=164
hush up, https://player.vimeo.com/external/392188763.sd.mp4?s=f901f0c3b81ec03cd0a9107f66ae979e096a0ed1&profile_id=164
husk, https://media.signbsl.com/videos/asl/youtube/mp4/s3g1cdLxuzw.mp4
huskier, https://media.signbsl.com/videos/asl/youtube/mp4/Splg4qtXXm0.mp4
huskily, https://media.signbsl.com/videos/asl/youtube/mp4/9Lz9N20HvPo.mp4
husking, https://media.signbsl.com/videos/asl/youtube/mp4/LKk10vhfovo.mp4
husky, https://player.vimeo.com/external/391198104.sd.mp4?s=bcd89c5841a6f2529578850622922e5385751f05&profile_id=164
Hussein, https://player.vimeo.com/external/392196642.sd.mp4?s=84c2a71898c3b9ba51e7ddbbfe74e78ba9817a41&profile_id=164
hussein saddam, https://player.vimeo.com/external/392188803.sd.mp4?s=f25b620d7cb8798dfb02fe36561f372a488d0a4e&profile_id=164
hussy, https://media.signbsl.com/videos/asl/youtube/mp4/ie2iSOIwHUI.mp4
hustle, https://media.signbsl.com/videos/asl/aslsignbank/mp4/FOOL-1491.mp4
hustler, https://media.signbsl.com/videos/asl/youtube/mp4/83kYPaUmQaE.mp4
hyaena, https://player.vimeo.com/external/392188884.sd.mp4?s=e1ebec59b849008c8868223d3645744a5b023f07&profile_id=164
hybrid, https://media.signbsl.com/videos/asl/deaftec/mp4/1390.mp4
hybrid car, https://media.signbsl.com/videos/asl/youtube/mp4/0qZ72fOx0Ck.mp4
hybridisation, https://media.signbsl.com/videos/asl/youtube/mp4/bIKSAd0iqkc.mp4
hybridization, https://media.signbsl.com/videos/asl/youtube/mp4/bIKSAd0iqkc.mp4
hybridizing, https://media.signbsl.com/videos/asl/youtube/mp4/bIKSAd0iqkc.mp4
hydrate, https://media.signbsl.com/videos/asl/youtube/mp4/Wp8J6bH7slQ.mp4
hydraulic, https://media.signbsl.com/videos/asl/youtube/mp4/niI6cFrtZ4A.mp4
hydraulic brake cylinder, https://media.signbsl.com/videos/asl/AustinCommunityCollege/mp4/auto_master_cylinder_.mp4
hydro, https://media.signbsl.com/videos/asl/youtube/mp4/TUU24j_UJrk.mp4
hydrocarbon, https://media.signbsl.com/videos/asl/youtube/mp4/wdCfWI3MXvw.mp4
hydrocephalic, https://media.signbsl.com/videos/asl/youtube/mp4/Kn2dscu_GPk.mp4
hydrodynamic, https://media.signbsl.com/videos/asl/youtube/mp4/xrkDvlobFKc.mp4
hydroelectric, https://media.signbsl.com/videos/asl/youtube/mp4/WBZ-vatbzjM.mp4
hydrogen, https://media.signbsl.com/videos/asl/youtube/mp4/f6sAc1nW4o8.mp4
hydrogenate, https://media.signbsl.com/videos/asl/youtube/mp4/kY0ti46PhrA.mp4
hydrologist, https://media.signbsl.com/videos/asl/youtube/mp4/oTCwsrDxFyU.mp4
hydrolysis, https://media.signbsl.com/videos/asl/deaftec/mp4/1391.mp4
hydrometer, https://media.signbsl.com/videos/asl/youtube/mp4/z3g1dNI21F4.mp4
hydropathy, https://media.signbsl.com/videos/asl/youtube/mp4/FfnUpgQShRI.mp4
hydrophilic, https://media.signbsl.com/videos/asl/deaftec/mp4/1392.mp4
hydrophobia, https://media.signbsl.com/videos/asl/youtube/mp4/ScJe7BjoQok.mp4
hydrophobic, https://media.signbsl.com/videos/asl/deaftec/mp4/1393.mp4
hydroplane, https://media.signbsl.com/videos/asl/youtube/mp4/plEp8HyeS68.mp4
hydroponic, https://media.signbsl.com/videos/asl/youtube/mp4/c4pnSS9_MX4.mp4
hydrosphere, https://media.signbsl.com/videos/asl/elementalaslconcepts/mp4/hydrosphere.mp4
hydrotherapies, https://media.signbsl.com/videos/asl/youtube/mp4/FfnUpgQShRI.mp4
hydrotherapy, https://media.signbsl.com/videos/asl/youtube/mp4/FfnUpgQShRI.mp4
hydrothermal, https://media.signbsl.com/videos/asl/youtube/mp4/AgyfCunIP-A.mp4
hyena, https://player.vimeo.com/external/392188884.sd.mp4?s=e1ebec59b849008c8868223d3645744a5b023f07&profile_id=164
hyerbolise, https://media.signbsl.com/videos/asl/aslsearch/mp4/exaggerate.mp4
hygiene, https://media.signbsl.com/videos/asl/youtube/mp4/nkxcvf7mrSE.mp4
hygienics, https://media.signbsl.com/videos/asl/youtube/mp4/nkxcvf7mrSE.mp4
hygienist, https://media.signbsl.com/videos/asl/youtube/mp4/BxYFazzg1UE.mp4
hygrometer, https://media.signbsl.com/videos/asl/youtube/mp4/61GU88uMaUg.mp4
hymen, https://media.signbsl.com/videos/asl/youtube/mp4/ysPSa3SiT-k.mp4
hymeneals, https://media.signbsl.com/videos/asl/startasl/mp4/wedding.mp4
hymn, https://media.signbsl.com/videos/asl/signlanguagestudent/mp4/hymn.mp4
hymnal, https://media.signbsl.com/videos/asl/valleybible/mp4/hymnal.mp4
hymnary, https://media.signbsl.com/videos/asl/valleybible/mp4/hymnal.mp4
hymnbook, https://media.signbsl.com/videos/asl/valleybible/mp4/hymnal.mp4
hype, https://media.signbsl.com/videos/asl/youtube/mp4/TvhOSg9vPM0.mp4
hyper, https://media.signbsl.com/videos/asl/youtube/mp4/n-nLxEyGHqI.mp4
hyperactive, https://media.signbsl.com/videos/asl/youtube/mp4/1GhaNtH181o.mp4
hyperbola, https://media.signbsl.com/videos/asl/tsdvideo/mp4/1300.mp4
hyperbole, https://media.signbsl.com/videos/asl/youtube/mp4/60wU8RNfrD4.mp4
hyperbolize, https://media.signbsl.com/videos/asl/aslsearch/mp4/exaggerate.mp4
hypercritical, https://media.signbsl.com/videos/asl/youtube/mp4/Et2zB90_Lyw.mp4
hyperglycaemia, https://media.signbsl.com/videos/asl/youtube/mp4/vIiwSAUGYUw.mp4
hyperglycemia, https://media.signbsl.com/videos/asl/youtube/mp4/vIiwSAUGYUw.mp4
hyperlink, https://media.signbsl.com/videos/asl/deaftec/mp4/992.mp4
hypermedia, https://media.signbsl.com/videos/asl/youtube/mp4/KXLKmP_mwOc.mp4
hypermedia system, https://media.signbsl.com/videos/asl/youtube/mp4/KXLKmP_mwOc.mp4
hypersensitised, https://player.vimeo.com/external/392645493.sd.mp4?s=c9a10f26835802c1631caae5a7b7d46030c24174&profile_id=164
hypersensitive, https://player.vimeo.com/external/392645493.sd.mp4?s=c9a10f26835802c1631caae5a7b7d46030c24174&profile_id=164
hypersensitized, https://player.vimeo.com/external/392645493.sd.mp4?s=c9a10f26835802c1631caae5a7b7d46030c24174&profile_id=164
hypertension, https://player.vimeo.com/external/392178928.sd.mp4?s=8782bc08c4d6df9193a1b15267011bfcc2095aa6&profile_id=164
hypertext mark up language, https://media.signbsl.com/videos/asl/deaftec/mp4/993.mp4
hypertext markup language, https://media.signbsl.com/videos/asl/deaftec/mp4/993.mp4
hypertext transfer protocol, https://media.signbsl.com/videos/asl/deaftec/mp4/990.mp4
hypertext transfer protocol http, NA
hyperthyroid, https://media.signbsl.com/videos/asl/youtube/mp4/tPjmAUFUatE.mp4
hypertrophied, https://media.signbsl.com/videos/asl/youtube/mp4/9u0kl9EQ6s4.mp4
hyperventilate, https://media.signbsl.com/videos/asl/youtube/mp4/UYSsewQpyrk.mp4
hype up, https://media.signbsl.com/videos/asl/youtube/mp4/rR5K2bs19Ug.mp4
hyphen, https://media.signbsl.com/videos/asl/aslsignbank/mp4/HYPHEN-1752.mp4
hyphenate, https://media.signbsl.com/videos/asl/youtube/mp4/_KMevqmJIyA.mp4
hypnosis, https://player.vimeo.com/external/392188935.sd.mp4?s=0c9f3dc01994b34e433788d9ea5ae932740bbafa&profile_id=164
hypnotherapist, https://media.signbsl.com/videos/asl/youtube/mp4/ax5QRXUQlqg.mp4
hypnotise, https://media.signbsl.com/videos/asl/aslsearch/mp4/hypnotize.mp4
hypnotised, https://media.signbsl.com/videos/asl/youtube/mp4/5LGeXnxKp2E.mp4
hypnotism, https://media.signbsl.com/videos/asl/youtube/mp4/mffQDrQwx1c.mp4
hypnotize, https://media.signbsl.com/videos/asl/aslsearch/mp4/hypnotize.mp4
hypnotized, https://media.signbsl.com/videos/asl/youtube/mp4/5LGeXnxKp2E.mp4
hypo, https://media.signbsl.com/videos/asl/youtube/mp4/R6MIlXT3JzA.mp4
hypoactive, https://media.signbsl.com/videos/asl/youtube/mp4/NMCGKOSVglE.mp4
hypoallergenic, https://media.signbsl.com/videos/asl/youtube/mp4/q-lWJ21q1Lk.mp4
hypocrisy, https://media.signbsl.com/videos/asl/youtube/mp4/zO2EmDOLb0Q.mp4
hypocrite, https://media.signbsl.com/videos/asl/aslsignbank/mp4/HYPOCRITE-754.mp4
hypocritical, https://player.vimeo.com/external/392189031.sd.mp4?s=ac4074bffd5489a433ee11917958006d6fc19b95&profile_id=164
hypodermic, https://media.signbsl.com/videos/asl/youtube/mp4/R6MIlXT3JzA.mp4
hypodermic syringe, https://media.signbsl.com/videos/asl/youtube/mp4/R6MIlXT3JzA.mp4
hypoglycaemia, https://media.signbsl.com/videos/asl/youtube/mp4/XDMI93XmCc8.mp4
hypodermic, https://media.signbsl.com/videos/asl/youtube/mp4/R6MIlXT3JzA.mp4
hypodermic syringe, https://media.signbsl.com/videos/asl/youtube/mp4/R6MIlXT3JzA.mp4
hypoglycaemia, https://media.signbsl.com/videos/asl/youtube/mp4/XDMI93XmCc8.mp4
hypoglycemia, https://media.signbsl.com/videos/asl/youtube/mp4/XDMI93XmCc8.mp4
hypophysis, https://player.vimeo.com/external/392414477.sd.mp4?s=37de104a0b0f2a9eeb860eb157035e25e8d037c9&profile_id=164
hypotenuse, https://media.signbsl.com/videos/asl/tsdvideo/mp4/1267.mp4
hypothalamus, https://media.signbsl.com/videos/asl/youtube/mp4/u2Ss0SqkDW4.mp4
hypothermia, https://media.signbsl.com/videos/asl/youtube/mp4/w32-fEyUWvw.mp4
hypotheses, https://media.signbsl.com/videos/asl/aslsignbank/mp4/THEORY-1204.mp4
hypothesis, https://media.signbsl.com/videos/asl/aslsignbank/mp4/THEORY-1204.mp4
hypothesized, https://media.signbsl.com/videos/asl/youtube/mp4/f5PUMjZX5PkI.mp4
hypothyroid, https://media.signbsl.com/videos/asl/youtube/mp4/J-kqMF4CwEk.mp4
hypovitaminosis, https://media.signbsl.com/videos/asl/youtube/mp4/7-KtnoGmcys.mp4
hysterectomies, https://media.signbsl.com/videos/asl/aslsearch/mp4/hysterectomy.mp4
hysterectomy, https://media.signbsl.com/videos/asl/aslsearch/mp4/hysterectomy.mp4
hysteric, https://media.signbsl.com/videos/asl/youtube/mp4/b89YguAZVLI.mp4
hysterical, https://media.signbsl.com/videos/asl/youtube/mp4/b89YguAZVLI.mp4
Hz, https://media.signbsl.com/videos/asl/AustinCommunityCollege/mp4/elec_hertz_.mp4
