L, https://media.signbsl.com/videos/asl/aslsignbank/mp4/LETTER-L-1666.mp4
LA, https://media.signbsl.com/videos/asl/youtube/mp4/fgLJ8vQ30hY.mp4
lab, https://media.signbsl.com/videos/asl/aslsearch/mp4/laboratory.mp4
label, https://media.signbsl.com/videos/asl/aslsignbank/mp4/LABEL-550.mp4
labile, https://media.signbsl.com/videos/asl/youtube/mp4/3s7WpPuC5Cw.mp4
labor, https://media.signbsl.com/videos/asl/aslsearch/mp4/project.mp4
laboratory, https://media.signbsl.com/videos/asl/aslsearch/mp4/laboratory.mp4
Labor Day, https://player.vimeo.com/external/392685630.sd.mp4?s=71db7a1106feb91c5059d1fd3f694f4bac3444bc&profile_id=164
labored, https://media.signbsl.com/videos/asl/youtube/mp4/QXCgpUSWQ8c.mp4
laborer, https://media.signbsl.com/videos/asl/AustinCommunityCollege/mp4/auto_jack_.mp4
laborious, https://player.vimeo.com/external/391168675.sd.mp4?s=aae06e26bfadc7d0c30e5ef2f00385b96c99d966&profile_id=164
labor organizer, https://media.signbsl.com/videos/asl/youtube/mp4/5b92WaM3Vmk.mp4
Labor Party, https://media.signbsl.com/videos/asl/youtube/mp4/LEqNj1XrLus.mp4
laborsaving, https://media.signbsl.com/videos/asl/youtube/mp4/gHjw8uOQiL0.mp4
labor union, https://player.vimeo.com/external/392625927.sd.mp4?s=5c3a1df1b557df1853a8ff2c5c8148131394ccde&profile_id=164
labour, https://media.signbsl.com/videos/asl/aslsearch/mp4/labor.mp4
laboured, https://media.signbsl.com/videos/asl/youtube/mp4/QXCgpUSWQ8c.mp4
labourer, https://media.signbsl.com/videos/asl/AustinCommunityCollege/mp4/auto_jack_.mp4
Labour Party, https://media.signbsl.com/videos/asl/youtube/mp4/LEqNj1XrLus.mp4
laboursaving, https://media.signbsl.com/videos/asl/youtube/mp4/gHjw8uOQiL0.mp4
labyrinth, https://media.signbsl.com/videos/asl/youtube/mp4/Hs96Bb7CmdU.mp4
labyrinthine, https://media.signbsl.com/videos/asl/youtube/mp4/xmFDbX9J6O4.mp4
lace, https://media.signbsl.com/videos/asl/youtube/mp4/VtbniczJW80.mp4
lacework, https://media.signbsl.com/videos/asl/youtube/mp4/W-EqeugQhV8.mp4
lachrymal, https://media.signbsl.com/videos/asl/youtube/mp4/6YxvWJHuRDI.mp4
lacier, https://media.signbsl.com/videos/asl/youtube/mp4/RADkZnA7_zk.mp4
lack, https://media.signbsl.com/videos/asl/youtube/mp4/u37c_dkfrIE.mp4
lackadaisical, https://media.signbsl.com/videos/asl/youtube/mp4/rg6_OUwTJSk.mp4
lacking, https://player.vimeo.com/external/391919332.sd.mp4?s=f1525584e8c1abf0c7f22b708cb79a59b78a1b70&profile_id=164
lackluster, https://media.signbsl.com/videos/asl/youtube/mp4/sWCgqxrJPdQ.mp4
lacklustre, https://media.signbsl.com/videos/asl/youtube/mp4/sWCgqxrJPdQ.mp4
laconic, https://media.signbsl.com/videos/asl/youtube/mp4/YNIFsqA93j8.mp4
lacquer, https://media.signbsl.com/videos/asl/youtube/mp4/9sR1fAbJsZg.mp4
lacrimal, https://media.signbsl.com/videos/asl/youtube/mp4/6YxvWJHuRDI.mp4
lacrosse, https://media.signbsl.com/videos/asl/youtube/mp4/yT-tHp3Tk8M.mp4
lactate, https://player.vimeo.com/external/391214094.sd.mp4?s=88b06697a68fbf0e5aeb9c29f2c2ce1477b7d6a5&profile_id=164
lacteal, https://media.signbsl.com/videos/asl/youtube/mp4/xYsUYwpwfSA.mp4
lactose, https://media.signbsl.com/videos/asl/youtube/mp4/cr7Wi2e0VXw.mp4
lacuna, https://media.signbsl.com/videos/asl/youtube/mp4/z2ZLGbIrvng.mp4
lad, https://media.signbsl.com/videos/asl/youtube/mp4/nIeOKwHT77E.mp4
ladder, https://media.signbsl.com/videos/asl/aslsearch/mp4/ladder.mp4
lade, https://media.signbsl.com/videos/asl/aslsearch/mp4/laden.mp4
laden, https://media.signbsl.com/videos/asl/aslsearch/mp4/laden.mp4
ladies man, https://media.signbsl.com/videos/asl/youtube/mp4/wlAEhdZCElk.mp4
lading, https://media.signbsl.com/videos/asl/youtube/mp4/fdfwrq6WTVA.mp4
ladino, https://media.signbsl.com/videos/asl/youtube/mp4/nkynbs5Z0LQ.mp4
ladle, https://media.signbsl.com/videos/asl/aslsearch/mp4/laden.mp4
lady, https://media.signbsl.com/videos/asl/youtube/mp4/K4NO4YYYmYY.mp4
lady beetle, https://media.signbsl.com/videos/asl/aslsearch/mp4/ladybug.mp4
ladybeetle, https://media.signbsl.com/videos/asl/aslsearch/mp4/ladybug.mp4
ladybird, https://media.signbsl.com/videos/asl/aslsearch/mp4/ladybug.mp4
ladybird beetle, https://media.signbsl.com/videos/asl/aslsearch/mp4/ladybug.mp4
ladybug, https://media.signbsl.com/videos/asl/aslsearch/mp4/ladybug.mp4
Lady Diana Frances Spencer, https://player.vimeo.com/external/392419715.sd.mp4?s=aa67c0058c8dab5967712c5ea4ad5891e2bf41ae&profile_id=164
lady friend, https://media.signbsl.com/videos/asl/startasl/mp4/girlfriend.mp4
lady killer, https://media.signbsl.com/videos/asl/youtube/mp4/wlAEhdZCElk.mp4
ladylike, https://media.signbsl.com/videos/asl/youtube/mp4/CLbCXI9hkGI.mp4
lady of pleasure, https://media.signbsl.com/videos/asl/aslsearch/mp4/whore.mp4
lady of the house, https://media.signbsl.com/videos/asl/youtube/mp4/Gzp-p-SrL3U.mp4
laevulose, https://media.signbsl.com/videos/asl/youtube/mp4/KhxFzDC774E.mp4
lag, https://media.signbsl.com/videos/asl/aslsearch/mp4/jail.mp4
laggard, https://media.signbsl.com/videos/asl/youtube/mp4/MAmY_C_6A-k.mp4
lagger, https://media.signbsl.com/videos/asl/youtube/mp4/MAmY_C_6A-k.mp4
lagoon, https://media.signbsl.com/videos/asl/youtube/mp4/vmcVR5ZS4lc.mp4
laguna, https://media.signbsl.com/videos/asl/youtube/mp4/vmcVR5ZS4lc.mp4
lagune, https://media.signbsl.com/videos/asl/youtube/mp4/vmcVR5ZS4lc.mp4
laid, https://media.signbsl.com/videos/asl/youtube/mp4/YDZHkQcTnS0.mp4
laid back, https://media.signbsl.com/videos/asl/youtube/mp4/dW_UgONw2Nw.mp4
laid into layed into, https://media.signbsl.com/videos/asl/youtube/mp4/2Zcrqug_GV0.mp4
laid off, https://media.signbsl.com/videos/asl/startasl/mp4/fired-2.mp4
laid out, https://media.signbsl.com/videos/asl/youtube/mp4/hBoF1BJCEH0.mp4
laid up, NA
laid waste to, https://media.signbsl.com/videos/asl/youtube/mp4/bFyv0v8Gyws.mp4
lair, https://media.signbsl.com/videos/asl/youtube/mp4/nKITNZGBepI.mp4
laird, https://media.signbsl.com/videos/asl/youtube/mp4/udwLVGi-jjE.mp4
laissez faire economy, https://media.signbsl.com/videos/asl/elementalaslconcepts/mp4/free_enterprise.mp4
lake, https://media.signbsl.com/videos/asl/aslsearch/mp4/lake.mp4
Lake Chad, https://media.signbsl.com/videos/asl/youtube/mp4/2QfPMf42WXE.mp4
lakefront, https://media.signbsl.com/videos/asl/youtube/mp4/F5CI9IEX_gU.mp4
lake of fire, https://media.signbsl.com/videos/asl/valleybible/mp4/Lake%20of%20Fire.mp4
lallygag, https://player.vimeo.com/external/392267878.sd.mp4?s=10d9266847209e94d3c1a9616403129d8e274422&profile_id=164
lam, https://media.signbsl.com/videos/asl/youtube/mp4/iIPGD4v85NU.mp4
Lamanite, https://media.signbsl.com/videos/asl/ids/mp4/2013-11-2670-lamanite-1500k-ase.mp4
lamb, https://media.signbsl.com/videos/asl/aslsearch/mp4/lamb.mp4
lambast, https://media.signbsl.com/videos/asl/startasl/mp4/yell.mp4
lambaste, https://media.signbsl.com/videos/asl/startasl/mp4/yell.mp4
lambda, https://media.signbsl.com/videos/asl/youtube/mp4/pKbXnoQ4J7A.mp4
lambency, https://media.signbsl.com/videos/asl/youtube/mp4/4bD6pU7t9t8.mp4
lambkin, https://media.signbsl.com/videos/asl/youtube/mp4/daBBhspVhIQ.mp4
lamblike, https://media.signbsl.com/videos/asl/youtube/mp4/9qPEAkORPL0.mp4
Lamb of God, https://media.signbsl.com/videos/asl/ids/mp4/2013-11-2680-lamb-of-god-1500k-ase.mp4
lambskin, https://media.signbsl.com/videos/asl/youtube/mp4/d25s1UztQp0.mp4
lambswool, https://media.signbsl.com/videos/asl/youtube/mp4/Sa6Gaig61Qs.mp4
lame, https://media.signbsl.com/videos/asl/youtube/mp4/DTn0brYMd64.mp4
lamellibranch, https://media.signbsl.com/videos/asl/youtube/mp4/8JxM5aNlH7A.mp4
lameness, https://media.signbsl.com/videos/asl/youtube/mp4/jsRDY2Tw50E.mp4
lament, https://media.signbsl.com/videos/asl/youtube/mp4/8uaLo_Kwv3Q.mp4
lamentable, https://media.signbsl.com/videos/asl/youtube/mp4/OhW1JxbNX8Y.mp4
lamenter, https://media.signbsl.com/videos/asl/youtube/mp4/N7GFGugf_Oc.mp4
lamer, https://media.signbsl.com/videos/asl/youtube/mp4/WkNFAmV3ooo.mp4
lamia, https://media.signbsl.com/videos/asl/aslsearch/mp4/vampire.mp4
lamina, https://media.signbsl.com/videos/asl/youtube/mp4/JPnDmOV02qI.mp4
laminated glass, https://media.signbsl.com/videos/asl/AustinCommunityCollege/mp4/weld_safety_glasses_.mp4
lamp, https://media.signbsl.com/videos/asl/startasl/mp4/lamp.mp4
lampblack, https://media.signbsl.com/videos/asl/youtube/mp4/_Q7hD9RwC9o.mp4
lamplight, https://media.signbsl.com/videos/asl/youtube/mp4/dXPlkSLPOfU.mp4
lamplighter, https://media.signbsl.com/videos/asl/youtube/mp4/1RkcXInVA-U.mp4
lampoon, https://player.vimeo.com/external/392385988.sd.mp4?s=405d3df3522b93cfe3030293ca39ae21dc384038&profile_id=164
lamppost, https://media.signbsl.com/videos/asl/youtube/mp4/hjpCWvdE04s.mp4
lance, https://media.signbsl.com/videos/asl/youtube/mp4/4_rjVUxn5hk.mp4
lancer, https://media.signbsl.com/videos/asl/youtube/mp4/8erktiwe8pg.mp4
land, https://media.signbsl.com/videos/asl/aslsearch/mp4/ground.mp4
land agent, https://media.signbsl.com/videos/asl/youtube/mp4/iliHO0OV4Eg.mp4
land area, https://media.signbsl.com/videos/asl/youtube/mp4/2FwKVMDrlAg.mp4
landfall, https://media.signbsl.com/videos/asl/youtube/mp4/KSgFXIeAQac.mp4
landfill, https://media.signbsl.com/videos/asl/youtube/mp4/4SvmBU_3nfY.mp4
landform, https://media.signbsl.com/videos/asl/youtube/mp4/jUb4PgAGNHA.mp4
landforms, https://media.signbsl.com/videos/asl/elementalaslconcepts/mp4/landforms.mp4
landholder, https://media.signbsl.com/videos/asl/youtube/mp4/MaI04i5vRYU.mp4
landholding, https://media.signbsl.com/videos/asl/youtube/mp4/_yy9YBmRmcw.mp4
landing, https://media.signbsl.com/videos/asl/youtube/mp4/fBgKYozLHOY.mp4
landing field, https://media.signbsl.com/videos/asl/youtube/mp4/dSJER4fQ5zo.mp4
landing gear, https://media.signbsl.com/videos/asl/youtube/mp4/6EB8-OpPC6o.mp4
land job, https://media.signbsl.com/videos/asl/youtube/mp4/S0FUy5ZsJp0.mp4
landladies, https://media.signbsl.com/videos/asl/youtube/mp4/lgSTX7vH2Hk.mp4
landlady, https://media.signbsl.com/videos/asl/youtube/mp4/lgSTX7vH2Hk.mp4
landless, https://media.signbsl.com/videos/asl/youtube/mp4/raNGiXMSOvA.mp4
landlocked, https://media.signbsl.com/videos/asl/youtube/mp4/dLxDBlwjJGA.mp4
landlord, https://media.signbsl.com/videos/asl/startasl/mp4/landlord.mp4
landlubber, https://media.signbsl.com/videos/asl/youtube/mp4/it-hm4Ji5S0.mp4
landmark, https://media.signbsl.com/videos/asl/elementalaslconcepts/mp4/landmark.mp4
landmass, https://media.signbsl.com/videos/asl/youtube/mp4/zDU9YtPF2VI.mp4
land mile, https://media.signbsl.com/videos/asl/tsdvideo/mp4/478.mp4
Land of Enchantment, https://media.signbsl.com/videos/asl/youtube/mp4/8cJksKgLBLQ.mp4
Land of Lincoln, https://media.signbsl.com/videos/asl/youtube/mp4/I70qqKejftk.mp4
Land of Opportunity, https://media.signbsl.com/videos/asl/youtube/mp4/-9GoKtkJHcc.mp4
landowner, https://media.signbsl.com/videos/asl/youtube/mp4/MaI04i5vRYU.mp4
landrover, https://media.signbsl.com/videos/asl/aslsearch/mp4/jeep.mp4
landscape, https://media.signbsl.com/videos/asl/youtube/mp4/6Ae1FvInwdc.mp4
landscape architect, https://media.signbsl.com/videos/asl/youtube/mp4/HQjkCM5QHt4.mp4
landscape gardener, https://media.signbsl.com/videos/asl/youtube/mp4/HQjkCM5QHt4.mp4
landscaper, https://media.signbsl.com/videos/asl/youtube/mp4/HQjkCM5QHt4.mp4
landscapist, https://media.signbsl.com/videos/asl/youtube/mp4/HQjkCM5QHt4.mp4
landslid, https://media.signbsl.com/videos/asl/youtube/mp4/M3OvtOsMEDA.mp4
landslide, https://media.signbsl.com/videos/asl/youtube/mp4/jWDQkzvemT8.mp4
landslip, https://media.signbsl.com/videos/asl/youtube/mp4/jWDQkzvemT8.mp4
landsman, https://media.signbsl.com/videos/asl/youtube/mp4/it-hm4Ji5S0.mp4
land up, https://media.signbsl.com/videos/asl/youtube/mp4/tVOmpS4cPFM.mp4
landward, https://media.signbsl.com/videos/asl/youtube/mp4/5vmMJm1tTDg.mp4
landwards, https://media.signbsl.com/videos/asl/youtube/mp4/5vmMJm1tTDg.mp4
lane, https://media.signbsl.com/videos/asl/aslsearch/mp4/lane.mp4
lang syne, https://player.vimeo.com/external/392268155.sd.mp4?s=60b48dca6dea3328e710c8ee1dda9f12133f9d69&profile_id=164
language, https://media.signbsl.com/videos/asl/aslsignbank/mp4/LANGUAGE-2463.mp4
languish, https://media.signbsl.com/videos/asl/youtube/mp4/zI5HjCCtuZs.mp4
laniard, https://media.signbsl.com/videos/asl/youtube/mp4/-aKhMGCmtEY.mp4
lank, https://media.signbsl.com/videos/asl/youtube/mp4/8D9llvK88FI.mp4
lanky, https://media.signbsl.com/videos/asl/youtube/mp4/Ak4Hi7N2ZTY.mp4
lantern, https://media.signbsl.com/videos/asl/aslsearch/mp4/lantern.mp4
lantern slide, https://media.signbsl.com/videos/asl/youtube/mp4/Voh4TbxFIWk.mp4
lanyard, https://media.signbsl.com/videos/asl/youtube/mp4/-aKhMGCmtEY.mp4
Lao Peoples Democratic Republic, https://media.signbsl.com/videos/asl/aslsignbank/mp4/LAOS-3414.mp4
Laos, https://media.signbsl.com/videos/asl/aslsignbank/mp4/LAOS-3414.mp4
lap, https://media.signbsl.com/videos/asl/aslsignbank/mp4/LICK-1650.mp4
laparoscopic, https://media.signbsl.com/videos/asl/youtube/mp4/JCIeik1-8OE.mp4
lapdog, https://media.signbsl.com/videos/asl/youtube/mp4/21a4TH_CttA.mp4
lapel, https://media.signbsl.com/videos/asl/youtube/mp4/ZIA9I6BXG1U.mp4
lapful, https://media.signbsl.com/videos/asl/youtube/mp4/AXx-FMR3l3I.mp4
lapidaries, https://media.signbsl.com/videos/asl/youtube/mp4/L5QXC0VQvU0.mp4
lapidary, https://media.signbsl.com/videos/asl/youtube/mp4/L5QXC0VQvU0.mp4
lapidate, https://media.signbsl.com/videos/asl/youtube/mp4/mmUoZZDJb1o.mp4
lapidist, https://media.signbsl.com/videos/asl/youtube/mp4/L5QXC0VQvU0.mp4
lapin, https://media.signbsl.com/videos/asl/youtube/mp4/1JV2L8X4juU.mp4
lap joint, https://media.signbsl.com/videos/asl/AustinCommunityCollege/mp4/weld_lapjoint_.mp4
lapse, https://media.signbsl.com/videos/asl/aslsearch/mp4/lapse.mp4
lapsing, https://media.signbsl.com/videos/asl/signlanguagestudent/mp4/backsliding.mp4
laptop, https://media.signbsl.com/videos/asl/startasl/mp4/laptop.mp4
laptop computer, https://media.signbsl.com/videos/asl/startasl/mp4/laptop.mp4
lap up, https://media.signbsl.com/videos/asl/youtube/mp4/dDCc4CyfrK8.mp4
larboard, https://media.signbsl.com/videos/asl/youtube/mp4/G0SCOVWLyJ4.mp4
larcenies, https://media.signbsl.com/videos/asl/unoclimb/mp4/4RKtWiqZsdU.mp4
larceny, https://media.signbsl.com/videos/asl/unoclimb/mp4/4RKtWiqZsdU.mp4
lard, https://media.signbsl.com/videos/asl/AustinCommunityCollege/mp4/auto_pads_.mp4
larder, https://media.signbsl.com/videos/asl/youtube/mp4/Elv9vbs__rY.mp4
large, https://media.signbsl.com/videos/asl/startasl/mp4/large.mp4
large container, https://media.signbsl.com/videos/asl/youtube/mp4/kMscc6-p1Ag.mp4
large cup, https://media.signbsl.com/videos/asl/youtube/mp4/2BP6cFqrR-k.mp4
largely, https://media.signbsl.com/videos/asl/youtube/mp4/nH4Mj079cSM.mp4
larger, https://media.signbsl.com/videos/asl/aslsignbank/mp4/ENLARGE-1347.mp4
larger than life, https://player.vimeo.com/external/392174267.sd.mp4?s=5927c2402c3410b57ca495896959f59ddbe76c74&profile_id=164
largess, https://media.signbsl.com/videos/asl/youtube/mp4/gsZvoKDjMNc.mp4
largesse, https://media.signbsl.com/videos/asl/youtube/mp4/gsZvoKDjMNc.mp4
lariat, https://media.signbsl.com/videos/asl/youtube/mp4/EGtVB9tRkb8.mp4
lark, https://media.signbsl.com/videos/asl/youtube/mp4/Xuf_VyrFYos.mp4
lark about, https://media.signbsl.com/videos/asl/youtube/mp4/Xuf_VyrFYos.mp4
larn, https://media.signbsl.com/videos/asl/startasl/mp4/learn.mp4
larrup, https://media.signbsl.com/videos/asl/aslsearch/mp4/spank.mp4
larva, https://media.signbsl.com/videos/asl/aslsearch/mp4/larvae.mp4
larvae, https://media.signbsl.com/videos/asl/aslsearch/mp4/larvae.mp4
laryngeal, https://media.signbsl.com/videos/asl/youtube/mp4/N3tdCI7Sznw.mp4
lasagna, https://media.signbsl.com/videos/asl/youtube/mp4/6CToCscLeeQ.mp4
lasagne, https://media.signbsl.com/videos/asl/youtube/mp4/6CToCscLeeQ.mp4
lascivious, https://player.vimeo.com/external/392690045.sd.mp4?s=b02bcc821a7b14482def397ff2a19fc17df8840e&profile_id=164
laser, https://media.signbsl.com/videos/asl/youtube/mp4/uJYw9yue8WA.mp4
lash, https://media.signbsl.com/videos/asl/aslsearch/mp4/eyelashes.mp4
lashings, https://media.signbsl.com/videos/asl/aslsignbank/mp4/AUDIENCE-2081.mp4
lash out, https://media.signbsl.com/videos/asl/aslsearch/mp4/lash.mp4
lassitude, https://media.signbsl.com/videos/asl/youtube/mp4/n9WNo-eEG9U.mp4
lasso, https://media.signbsl.com/videos/asl/youtube/mp4/EGtVB9tRkb8.mp4
last, https://media.signbsl.com/videos/asl/tsdvideo/mp4/57.mp4
Last days Latter Days, https://media.signbsl.com/videos/asl/ids/mp4/2013-11-2690-last-days-latter-day-1500k-ase.mp4
Last Frontier, https://media.signbsl.com/videos/asl/aslsignbank/mp4/ALASKA-707.mp4
lasting, https://media.signbsl.com/videos/asl/aslsearch/mp4/lasting.mp4
last minute, https://player.vimeo.com/external/392009407.sd.mp4?s=ee812585ec7c7798edc70a642683eb237fb12389&profile_id=164
last month, https://media.signbsl.com/videos/asl/aslsearch/mp4/last-month.mp4
last name, https://media.signbsl.com/videos/asl/youtube/mp4/3uim_eaSkmI.mp4
last past, https://media.signbsl.com/videos/asl/startasl/mp4/last-past.mp4
last saturday, https://media.signbsl.com/videos/asl/mariekatzenbachschool/mp4/last%20Saturday.mp4
last week, https://media.signbsl.com/videos/asl/aslsearch/mp4/last-week.mp4
last year, https://media.signbsl.com/videos/asl/aslsearch/mp4/last-year.mp4
latch, https://media.signbsl.com/videos/asl/youtube/mp4/KJL-C2oTiCw.mp4
latched, https://media.signbsl.com/videos/asl/startasl/mp4/lock.mp4
latch on, https://player.vimeo.com/external/392531434.sd.mp4?s=f5b3a5eea9560c700b244282d9747066cfa24316&profile_id=164
late, https://media.signbsl.com/videos/asl/startasl/mp4/late.mp4
late later latest, https://media.signbsl.com/videos/asl/youtube/mp4/3CyyvYIxZm4.mp4
lately, https://media.signbsl.com/videos/asl/signlanguagestudent/mp4/recently.mp4
latency, https://media.signbsl.com/videos/asl/deaftec/mp4/1009.mp4
late night, https://player.vimeo.com/external/392687810.sd.mp4?s=8e78540e4b0686a261cef72c3629cbd4fd6d7f1a&profile_id=164
latent hostility, https://media.signbsl.com/videos/asl/elementalaslconcepts/mp4/tenion.mp4
later, https://media.signbsl.com/videos/asl/startasl/mp4/after.mp4
lateral, https://media.signbsl.com/videos/asl/youtube/mp4/nz4HkCY7qVk.mp4
lateral area, https://media.signbsl.com/videos/asl/youtube/mp4/5FNxTgisaYY.mp4
lateral edge, https://media.signbsl.com/videos/asl/youtube/mp4/E8HHEXjBfQY.mp4
lateral face, https://media.signbsl.com/videos/asl/youtube/mp4/rh4i59cWGMg.mp4
lateral pass, https://media.signbsl.com/videos/asl/youtube/mp4/nz4HkCY7qVk.mp4
lateral surface, https://media.signbsl.com/videos/asl/tsdvideo/mp4/1270.mp4
later on, https://media.signbsl.com/videos/asl/startasl/mp4/after.mp4
latest, https://media.signbsl.com/videos/asl/youtube/mp4/UFma1G7TCj4.mp4
lather, https://media.signbsl.com/videos/asl/aslsearch/mp4/whip.mp4
Latin, https://media.signbsl.com/videos/asl/aslsearch/mp4/latin.mp4
latinise, https://media.signbsl.com/videos/asl/youtube/mp4/MfHTh-PgKkQ.mp4
latinize, https://media.signbsl.com/videos/asl/youtube/mp4/MfHTh-PgKkQ.mp4
Latino, https://media.signbsl.com/videos/asl/aslsignbank/mp4/SPANISH-1099.mp4
latish, https://media.signbsl.com/videos/asl/youtube/mp4/2-z9GjGs_xY.mp4
latitude, https://media.signbsl.com/videos/asl/elementalaslconcepts/mp4/latitude.mp4
latria, https://media.signbsl.com/videos/asl/valleybible/mp4/adoration.mp4
latter, https://media.signbsl.com/videos/asl/youtube/mp4/j5vKGJCA6lM.mp4
Latter day Saint, https://media.signbsl.com/videos/asl/signlanguagestudent/mp4/Mormon.mp4
latterly, https://media.signbsl.com/videos/asl/signlanguagestudent/mp4/recently.mp4
lattice, https://media.signbsl.com/videos/asl/youtube/mp4/tJQJqSN-43c.mp4
latticework, https://media.signbsl.com/videos/asl/youtube/mp4/tJQJqSN-43c.mp4
latus, https://media.signbsl.com/videos/asl/youtube/mp4/3mwPuGzJcGk.mp4
Latvia, https://media.signbsl.com/videos/asl/aslsignbank/mp4/LATVIA-3423.mp4
laud, https://media.signbsl.com/videos/asl/signlanguagestudent/mp4/glorify.mp4
laudable, https://media.signbsl.com/videos/asl/youtube/mp4/hs7_yafRlKE.mp4
laugh, https://media.signbsl.com/videos/asl/aslsignbank/mp4/TEASE-1180.mp4
laughable, https://media.signbsl.com/videos/asl/aslsignbank/mp4/FUNNY-3015.mp4
laugh at, https://media.signbsl.com/videos/asl/aslsearch/mp4/laugh-at.mp4
laugher, https://media.signbsl.com/videos/asl/youtube/mp4/RWXftblzl6I.mp4
laugh heartily, https://player.vimeo.com/external/392685774.sd.mp4?s=d2a8b53d2b7f470867cff1e2d88bafb7e1b8eff9&profile_id=164
laughingstock, https://media.signbsl.com/videos/asl/youtube/mp4/zpv7EP3UOLU.mp4
laugh softly, https://media.signbsl.com/videos/asl/aslsignbank/mp4/LAUGH-380.mp4
laughter, https://media.signbsl.com/videos/asl/aslsignbank/mp4/CRACK-UP-563.mp4
launch, https://media.signbsl.com/videos/asl/aslsignbank/mp4/SET-UP-1023.mp4
launch area, https://media.signbsl.com/videos/asl/youtube/mp4/Z3RYnpaRhLg.mp4
launcher, https://media.signbsl.com/videos/asl/youtube/mp4/7CkpRso8eOk.mp4
launching, https://media.signbsl.com/videos/asl/youtube/mp4/AWG2fJsm-TE.mp4
launching pad, https://media.signbsl.com/videos/asl/youtube/mp4/Z3RYnpaRhLg.mp4
launch pad, https://media.signbsl.com/videos/asl/youtube/mp4/Z3RYnpaRhLg.mp4
launchpad, https://media.signbsl.com/videos/asl/youtube/mp4/Z3RYnpaRhLg.mp4
launder, https://media.signbsl.com/videos/asl/startasl/mp4/washing.mp4
launderette, https://media.signbsl.com/videos/asl/youtube/mp4/bkKyuFnBWT0.mp4
laundress, https://media.signbsl.com/videos/asl/youtube/mp4/XUm4x-nA98Y.mp4
Laundromat, https://media.signbsl.com/videos/asl/youtube/mp4/bkKyuFnBWT0.mp4
laundry, https://media.signbsl.com/videos/asl/startasl/mp4/laundry.mp4
laundryman, https://media.signbsl.com/videos/asl/youtube/mp4/BdI4M7A57Vw.mp4
laundry room, https://media.signbsl.com/videos/asl/aslsearch/mp4/laundry-room.mp4
laundrywoman, https://media.signbsl.com/videos/asl/youtube/mp4/XUm4x-nA98Y.mp4
laurels, https://media.signbsl.com/videos/asl/aslsignbank/mp4/HONOR-2606.mp4
laurel wreath, https://media.signbsl.com/videos/asl/aslsearch/mp4/palm.mp4
lav, https://media.signbsl.com/videos/asl/startasl/mp4/bathroom.mp4
lava, https://media.signbsl.com/videos/asl/aslsearch/mp4/lava.mp4
lavatory, https://media.signbsl.com/videos/asl/startasl/mp4/bathroom.mp4
lave, https://media.signbsl.com/videos/asl/youtube/mp4/xHjSkvbUPU4.mp4
lavish, https://media.signbsl.com/videos/asl/youtube/mp4/Bn8YWflMYfI.mp4
lavishness, https://media.signbsl.com/videos/asl/youtube/mp4/UKViYxZ0tRc.mp4
law, https://media.signbsl.com/videos/asl/aslsignbank/mp4/POLICE-912.mp4
lawbreaker, https://media.signbsl.com/videos/asl/youtube/mp4/1nlYUG-YHgU.mp4
law breaking, https://player.vimeo.com/external/391912853.sd.mp4?s=3136103a67b919533433b241c6ffff4f33614d72&profile_id=164
lawful, https://media.signbsl.com/videos/asl/youtube/mp4/quHQJHQf3DU.mp4
lawgiver, https://media.signbsl.com/videos/asl/youtube/mp4/77_jTQdekws.mp4
lawless, https://media.signbsl.com/videos/asl/youtube/mp4/WHosika5eRw.mp4
lawmaker, https://media.signbsl.com/videos/asl/youtube/mp4/77_jTQdekws.mp4
law makers, https://media.signbsl.com/videos/asl/aslsearch/mp4/legislature.mp4
lawmaking, https://media.signbsl.com/videos/asl/youtube/mp4/uvbuuJ_QgJM.mp4
lawn, https://media.signbsl.com/videos/asl/aslsearch/mp4/lawn.mp4
lawn cart, https://media.signbsl.com/videos/asl/aslsearch/mp4/wheelbarrow.mp4
lawn mower, https://media.signbsl.com/videos/asl/aslsearch/mp4/lawn-mower.mp4
lawnmower, https://media.signbsl.com/videos/asl/aslsearch/mp4/lawn-mower.mp4
lawn tennis, https://media.signbsl.com/videos/asl/startasl/mp4/tennis.mp4
Law of Chastity, https://media.signbsl.com/videos/asl/ids/mp4/2013-11-2710-law-of-chastity-1500k-ase.mp4
Law of Consecration, https://media.signbsl.com/videos/asl/ids/mp4/2013-11-2720-law-of-consecration-1500k-ase.mp4
law offender, https://media.signbsl.com/videos/asl/youtube/mp4/1nlYUG-YHgU.mp4
law of parsimony, https://media.signbsl.com/videos/asl/philosophy/mp4/Occam's%20Razor-HD.mp4
Law of Sacrifice, https://media.signbsl.com/videos/asl/ids/mp4/2013-11-2750-law-of-sacrifice-1500k-ase.mp4
Law of the Fast, https://media.signbsl.com/videos/asl/ids/mp4/2013-11-2730-law-of-the-fast-1500k-ase.mp4
Law of Tithing, https://media.signbsl.com/videos/asl/ids/mp4/2013-11-2740-law-of-tithing-1500k-ase.mp4
Law Statute Rule, https://media.signbsl.com/videos/asl/ids/mp4/2013-11-2700-law-statute-rule-1500k-ase.mp4
lawsuit, https://media.signbsl.com/videos/asl/youtube/mp4/WIIEji8jNA4.mp4
lawyer, https://media.signbsl.com/videos/asl/startasl/mp4/lawyer.mp4
lax, https://media.signbsl.com/videos/asl/youtube/mp4/17UODMEjNpg.mp4
laxation, https://media.signbsl.com/videos/asl/aslsearch/mp4/defecation.mp4
laxative, https://media.signbsl.com/videos/asl/youtube/mp4/6sqXWE74yTk.mp4
lay, https://media.signbsl.com/videos/asl/tsdvideo/mp4/1068.mp4
lay an egg, https://media.signbsl.com/videos/asl/youtube/mp4/VngbdS4cpSM.mp4
layaway, NA
lay claim, https://media.signbsl.com/videos/asl/youtube/mp4/eAPedvcQ4kU.mp4
lay down, NA
layer, https://media.signbsl.com/videos/asl/aslsearch/mp4/layer.mp4
layers, https://media.signbsl.com/videos/asl/aslsearch/mp4/layer.mp4
layette, https://media.signbsl.com/videos/asl/youtube/mp4/jI6BZxgOrv4.mp4
lay eyes on, https://media.signbsl.com/videos/asl/ids/mp4/2013-11-500-behold-1500k-ase.mp4
lay in, https://media.signbsl.com/videos/asl/aslsearch/mp4/store2.mp4
laying on of hands, https://media.signbsl.com/videos/asl/ids/mp4/2013-11-2760-laying-on-of-hands-1500k-ase.mp4
layman, https://media.signbsl.com/videos/asl/youtube/mp4/TDYcSwyK0q0.mp4
lay off, https://media.signbsl.com/videos/asl/aslsearch/mp4/cease.mp4
layoff, https://media.signbsl.com/videos/asl/aslsearch/mp4/cease.mp4
lay oneself down, https://media.signbsl.com/videos/asl/youtube/mp4/878ZJHF-FIU.mp4
layout, https://media.signbsl.com/videos/asl/youtube/mp4/JzG5GZX_05Y.mp4
lay over, https://media.signbsl.com/videos/asl/youtube/mp4/Y6WhC6fcW_Q.mp4
layover, https://media.signbsl.com/videos/asl/youtube/mp4/Y6WhC6fcW_Q.mp4
layperson, https://media.signbsl.com/videos/asl/youtube/mp4/TDYcSwyK0q0.mp4
lay to rest, https://media.signbsl.com/videos/asl/aslsearch/mp4/bury.mp4
lay up, https://media.signbsl.com/videos/asl/aslbricks/mp4/layup.mp4
layup, https://media.signbsl.com/videos/asl/aslbricks/mp4/layup.mp4
lay waste to, https://media.signbsl.com/videos/asl/youtube/mp4/b9iTPqRcfpQ.mp4
laywoman, https://media.signbsl.com/videos/asl/youtube/mp4/qBsxQNwZj6I.mp4
laze, https://media.signbsl.com/videos/asl/youtube/mp4/mrbqaauuINM.mp4
laziness, https://media.signbsl.com/videos/asl/youtube/mp4/KlfIspIQ3EY.mp4
lazuline, https://media.signbsl.com/videos/asl/youtube/mp4/Q699kuLyZIg.mp4
lazy, https://media.signbsl.com/videos/asl/startasl/mp4/lazy.mp4
lazybones, https://media.signbsl.com/videos/asl/youtube/mp4/E4F1tTV8Rng.mp4
lb, https://media.signbsl.com/videos/asl/tsdvideo/mp4/1223.mp4
lcm, https://media.signbsl.com/videos/asl/tsdvideo/mp4/233.mp4
lea, https://player.vimeo.com/external/392386491.sd.mp4?s=b7ea97009bdda7772e0c1aaffd5ad27e7c509e37&profile_id=164
leach, https://media.signbsl.com/videos/asl/youtube/mp4/HByOeB4_Ogc.mp4
leaching, https://media.signbsl.com/videos/asl/youtube/mp4/HByOeB4_Ogc.mp4
lead, https://media.signbsl.com/videos/asl/youtube/mp4/1RpSyOpG2_w.mp4
lead astray, https://media.signbsl.com/videos/asl/signlanguagestudent/mp4/deceive.mp4
lead by the nose, https://media.signbsl.com/videos/asl/youtube/mp4/mH1TGcWaZIM.mp4
leaden, https://media.signbsl.com/videos/asl/youtube/mp4/xpxZxWGN2tg.mp4
leader, https://media.signbsl.com/videos/asl/startasl/mp4/leader.mp4
leaderless, https://media.signbsl.com/videos/asl/youtube/mp4/fxuhJ1n4Nes.mp4
leadership, https://media.signbsl.com/videos/asl/youtube/mp4/eoZMBVdGkrE.mp4
leading, https://media.signbsl.com/videos/asl/youtube/mp4/eoZMBVdGkrE.mp4
leading coefficient, https://media.signbsl.com/videos/asl/youtube/mp4/D43RHeiKxTY.mp4
leading light, https://media.signbsl.com/videos/asl/youtube/mp4/0jdPEWthaNM.mp4
leading question, https://media.signbsl.com/videos/asl/unoclimb/mp4/S0O_kta9JqA.mp4
leading to a point, https://media.signbsl.com/videos/asl/youtube/mp4/1NyX3mphFNw.mp4
leadless, https://media.signbsl.com/videos/asl/youtube/mp4/PS3--rsMdu4.mp4
lead on, https://media.signbsl.com/videos/asl/aslsearch/mp4/betray.mp4
lead the way, https://media.signbsl.com/videos/asl/youtube/mp4/Qr8Eeo5yJ4I.mp4
leaf, https://media.signbsl.com/videos/asl/aslsearch/mp4/leaf.mp4
leafage, https://media.signbsl.com/videos/asl/aslsearch/mp4/leaf.mp4
leaf blade, https://media.signbsl.com/videos/asl/youtube/mp4/4c095ZN6oJM.mp4
leaf book, https://media.signbsl.com/videos/asl/youtube/mp4/l5F7Fv79HEU.mp4
leafier, https://media.signbsl.com/videos/asl/youtube/mp4/WwVkYWTHf1o.mp4
leafless, https://media.signbsl.com/videos/asl/youtube/mp4/BLaSbWJ8pOI.mp4
leaflet, https://media.signbsl.com/videos/asl/aslsearch/mp4/brochure.mp4
leaf spring, https://media.signbsl.com/videos/asl/AustinCommunityCollege/mp4/auto_leafspring_.mp4
leafy, https://media.signbsl.com/videos/asl/youtube/mp4/uVlMEmlFrjY.mp4
league, https://media.signbsl.com/videos/asl/aslsignbank/mp4/LEAGUE-1684.mp4
leak, https://media.signbsl.com/videos/asl/startasl/mp4/leak.mp4
leakier, https://media.signbsl.com/videos/asl/youtube/mp4/jbpQbyMYZM4.mp4
leakproof, https://media.signbsl.com/videos/asl/youtube/mp4/sjCAA17CIHU.mp4
lean, https://media.signbsl.com/videos/asl/youtube/mp4/0qD8d6tj5xQ.mp4
lean against something, https://media.signbsl.com/videos/asl/youtube/mp4/0qD8d6tj5xQ.mp4
lean back, https://media.signbsl.com/videos/asl/aslsearch/mp4/recline.mp4
leaner, https://media.signbsl.com/videos/asl/youtube/mp4/hDIlnfWiA0E.mp4
leaning, https://media.signbsl.com/videos/asl/youtube/mp4/RKYL3lCtgMU.mp4
leap, https://media.signbsl.com/videos/asl/aslsearch/mp4/jump.mp4
leaper, https://media.signbsl.com/videos/asl/youtube/mp4/PR2TOF9i8kw.mp4
leapfrog, https://media.signbsl.com/videos/asl/youtube/mp4/PBfBiPA1NSw.mp4
learn, https://media.signbsl.com/videos/asl/startasl/mp4/learn.mp4
learn+er, NA
learn behavior, https://media.signbsl.com/videos/asl/youtube/mp4/4Opjw-GmKjc.mp4
learnedness, https://media.signbsl.com/videos/asl/youtube/mp4/3oOoZ3QbTA4.mp4
learned person, https://media.signbsl.com/videos/asl/youtube/mp4/JPXtMUOsxsc.mp4
learner, https://media.signbsl.com/videos/asl/youtube/mp4/P73YShFqi-U.mp4
learning, https://media.signbsl.com/videos/asl/youtube/mp4/3oOoZ3QbTA4.mp4
learning ability, https://media.signbsl.com/videos/asl/youtube/mp4/KApgPe_BYeU.mp4
learning disability, https://player.vimeo.com/external/392685811.sd.mp4?s=adccca1965b294a665343a2f9fc359187da1f9d4&profile_id=164
learning disorder, https://player.vimeo.com/external/392685811.sd.mp4?s=adccca1965b294a665343a2f9fc359187da1f9d4&profile_id=164
lease, https://media.signbsl.com/videos/asl/aslsearch/mp4/rent.mp4
leaseback, https://media.signbsl.com/videos/asl/youtube/mp4/RHBrjfAhlAI.mp4
lease giver, https://media.signbsl.com/videos/asl/youtube/mp4/gw6q8zR3gZI.mp4
leasehold, https://media.signbsl.com/videos/asl/youtube/mp4/4EbAdEWz4yE.mp4
leaseholder, https://media.signbsl.com/videos/asl/youtube/mp4/0BdQAjV0WWs.mp4
leaser, https://media.signbsl.com/videos/asl/youtube/mp4/YO9puHAphfs.mp4
leash, https://media.signbsl.com/videos/asl/aslsearch/mp4/triplets2.mp4
least, https://media.signbsl.com/videos/asl/tsdvideo/mp4/366.mp4
least common denominator, https://media.signbsl.com/videos/asl/tsdvideo/mp4/472.mp4
least common multiple, https://media.signbsl.com/videos/asl/tsdvideo/mp4/233.mp4
leastways, https://media.signbsl.com/videos/asl/aslsignbank/mp4/MINIMUM-1607.mp4
leastwise, https://media.signbsl.com/videos/asl/aslsignbank/mp4/MINIMUM-1607.mp4
leather, https://media.signbsl.com/videos/asl/aslsearch/mp4/leather.mp4
leathered, https://media.signbsl.com/videos/asl/youtube/mp4/RfPeVnr6qv0.mp4
leatherlike, https://media.signbsl.com/videos/asl/youtube/mp4/RfPeVnr6qv0.mp4
leatherneck, https://media.signbsl.com/videos/asl/youtube/mp4/6VHbFTsu9T4.mp4
leathers, https://media.signbsl.com/videos/asl/aslsearch/mp4/leather.mp4
leathery, https://media.signbsl.com/videos/asl/youtube/mp4/RfPeVnr6qv0.mp4
leave, https://media.signbsl.com/videos/asl/startasl/mp4/leave.mp4
leave alone, https://media.signbsl.com/videos/asl/aslsearch/mp4/leave2.mp4
leave behind, https://media.signbsl.com/videos/asl/aslsearch/mp4/leave2.mp4
leave college, https://media.signbsl.com/videos/asl/youtube/mp4/S6_XKx2hB88.mp4
leave every year, https://media.signbsl.com/videos/asl/youtube/mp4/1mXo8g8PhF8.mp4
leave freshman year, https://media.signbsl.com/videos/asl/youtube/mp4/bG4dAcUmJVI.mp4
leave junior year, https://media.signbsl.com/videos/asl/youtube/mp4/BFK4a7I4E0Y.mp4
leaven, https://media.signbsl.com/videos/asl/youtube/mp4/kbNxH30XLIs.mp4
leavening, https://media.signbsl.com/videos/asl/youtube/mp4/kbNxH30XLIs.mp4
leave off, https://player.vimeo.com/external/392026401.sd.mp4?s=7ee1d7baf4031f5b8c75c6f88e5b57a9b30e62dc&profile_id=164
leave office, https://media.signbsl.com/videos/asl/aslsearch/mp4/quit.mp4
leave out, https://player.vimeo.com/external/392026401.sd.mp4?s=7ee1d7baf4031f5b8c75c6f88e5b57a9b30e62dc&profile_id=164
leaver, https://media.signbsl.com/videos/asl/youtube/mp4/4jAekn0iqNQ.mp4
leaves, https://media.signbsl.com/videos/asl/aslsearch/mp4/leaf.mp4
leave senior year, https://media.signbsl.com/videos/asl/youtube/mp4/GX856ntrMY8.mp4
leave sophomore year, https://media.signbsl.com/videos/asl/youtube/mp4/H1t0gWpc95g.mp4
leaving, https://media.signbsl.com/videos/asl/signlanguagestudent/mp4/going.mp4
Lebanese Republic, https://media.signbsl.com/videos/asl/youtube/mp4/c61DAyrQHPQ.mp4
Lebanon, https://media.signbsl.com/videos/asl/youtube/mp4/c61DAyrQHPQ.mp4
lech, https://media.signbsl.com/videos/asl/youtube/mp4/lag6yPbOfeI.mp4
lechatelierite, https://media.signbsl.com/videos/asl/youtube/mp4/AazCQ_5jzcc.mp4
lecher, https://media.signbsl.com/videos/asl/youtube/mp4/lag6yPbOfeI.mp4
lecherousness, https://media.signbsl.com/videos/asl/aslsearch/mp4/lust.mp4
lector, https://media.signbsl.com/videos/asl/youtube/mp4/QM_tRPs5-lw.mp4
lecture, https://media.signbsl.com/videos/asl/startasl/mp4/yell.mp4
lecturer, https://media.signbsl.com/videos/asl/youtube/mp4/QM_tRPs5-lw.mp4
ledger, https://media.signbsl.com/videos/asl/youtube/mp4/Ku1x_9EC3Y0.mp4
lee, https://media.signbsl.com/videos/asl/youtube/mp4/OMCNt7M2-1w.mp4
leech, https://media.signbsl.com/videos/asl/youtube/mp4/rVVObIKCnPk.mp4
leer, https://media.signbsl.com/videos/asl/youtube/mp4/PdhPY6hEIEo.mp4
leerier, https://media.signbsl.com/videos/asl/youtube/mp4/JEiScfd33Mk.mp4
lee side, https://media.signbsl.com/videos/asl/youtube/mp4/OMCNt7M2-1w.mp4
leeward, https://media.signbsl.com/videos/asl/youtube/mp4/OMCNt7M2-1w.mp4
leeway, https://media.signbsl.com/videos/asl/youtube/mp4/hAGlP7v1t_8.mp4
left, https://media.signbsl.com/videos/asl/aslsignbank/mp4/LEFT-HAND-1683.mp4
left-handed, https://media.signbsl.com/videos/asl/aslsearch/mp4/left-handed.mp4
left direction, https://media.signbsl.com/videos/asl/startasl/mp4/left-direction.mp4
left directional, https://media.signbsl.com/videos/asl/tsdvideo/mp4/63.mp4
left handed, https://media.signbsl.com/videos/asl/aslsearch/mp4/left-handed.mp4
leftist, https://media.signbsl.com/videos/asl/youtube/mp4/FUzwuQRdRGk.mp4
left luggage office, https://media.signbsl.com/videos/asl/youtube/mp4/u_sWoXAXyWs.mp4
leftmost, https://media.signbsl.com/videos/asl/youtube/mp4/UZsGwAOz4-M.mp4
left over, https://media.signbsl.com/videos/asl/aslsearch/mp4/last2.mp4
leftover, https://media.signbsl.com/videos/asl/aslsearch/mp4/last2.mp4
left remainder, https://media.signbsl.com/videos/asl/tsdvideo/mp4/63-2.mp4
left wing, https://media.signbsl.com/videos/asl/youtube/mp4/g3hPxln0J-g.mp4
left winger, https://media.signbsl.com/videos/asl/youtube/mp4/FUzwuQRdRGk.mp4
leg, https://media.signbsl.com/videos/asl/aslsearch/mp4/leg.mp4
legacies, https://media.signbsl.com/videos/asl/youtube/mp4/YqJLsksAaNA.mp4
legacy, https://media.signbsl.com/videos/asl/youtube/mp4/YqJLsksAaNA.mp4
legal, https://media.signbsl.com/videos/asl/aslsearch/mp4/legal.mp4
legal assistant, https://media.signbsl.com/videos/asl/youtube/mp4/7JVqSvEI4dk.mp4
legal document, https://media.signbsl.com/videos/asl/aslsignbank/mp4/VIOLIN-1396.mp4
legalese, https://media.signbsl.com/videos/asl/youtube/mp4/AxXF7zNPXgs.mp4
legal expert, https://media.signbsl.com/videos/asl/youtube/mp4/Xuy4mCIzJBE.mp4
legal grounds, https://media.signbsl.com/videos/asl/unoclimb/mp4/sY5slRNzUok.mp4
legal guardian, https://media.signbsl.com/videos/asl/youtube/mp4/TREsSvjhWxw.mp4
legal holiday, https://media.signbsl.com/videos/asl/elementalaslconcepts/mp4/national_holiday.mp4
legal instrument, https://media.signbsl.com/videos/asl/aslsignbank/mp4/VIOLIN-1396.mp4
legalise, https://media.signbsl.com/videos/asl/youtube/mp4/2ELeivbn1Ec.mp4
legalism, https://media.signbsl.com/videos/asl/valleybible/mp4/legalism.mp4
legalities, https://media.signbsl.com/videos/asl/youtube/mp4/zka__T6BYl8.mp4
legality, https://media.signbsl.com/videos/asl/youtube/mp4/zka__T6BYl8.mp4
legalize, https://media.signbsl.com/videos/asl/youtube/mp4/2ELeivbn1Ec.mp4
legally, NA
legal opinion, https://media.signbsl.com/videos/asl/aslsearch/mp4/judgement.mp4
legal philosophy, https://media.signbsl.com/videos/asl/youtube/mp4/4PpUJwOb07g.mp4
legend, https://media.signbsl.com/videos/asl/aslsearch/mp4/legend.mp4
legendarily, https://media.signbsl.com/videos/asl/youtube/mp4/v7jGFWTz2J0.mp4
leger, https://media.signbsl.com/videos/asl/youtube/mp4/Ku1x_9EC3Y0.mp4
legerdemain, https://media.signbsl.com/videos/asl/youtube/mp4/noJ2N-r-K2A.mp4
leg exercise jumping, https://media.signbsl.com/videos/asl/youtube/mp4/cnaK8B0U9eY.mp4
leg exercises, https://media.signbsl.com/videos/asl/youtube/mp4/ePOkNuSJauA.mp4
legginess, https://media.signbsl.com/videos/asl/youtube/mp4/AWC1dmrcEw0.mp4
leghorn, https://media.signbsl.com/videos/asl/aslsearch/mp4/straw-hat.mp4
legibility, https://media.signbsl.com/videos/asl/youtube/mp4/nosS9N8sDDA.mp4
legion, https://media.signbsl.com/videos/asl/youtube/mp4/LKmm7qhuI5I.mp4
legionary, https://media.signbsl.com/videos/asl/youtube/mp4/_otOaXMuGSM.mp4
legionnaire, https://media.signbsl.com/videos/asl/youtube/mp4/_otOaXMuGSM.mp4
legislate, https://media.signbsl.com/videos/asl/youtube/mp4/vPj15-T_oGo.mp4
legislating, https://media.signbsl.com/videos/asl/youtube/mp4/uvbuuJ_QgJM.mp4
legislation, https://media.signbsl.com/videos/asl/youtube/mp4/m4sJ09ZEqnQ.mp4
legislative assembly, https://media.signbsl.com/videos/asl/aslsearch/mp4/legislature.mp4
legislative branch, https://media.signbsl.com/videos/asl/elementalaslconcepts/mp4/legislative_branch.mp4
legislator, https://media.signbsl.com/videos/asl/youtube/mp4/U39tm4sEDIg.mp4
legislature, https://media.signbsl.com/videos/asl/aslsearch/mp4/legislature.mp4
legit, NA
legitimate, https://media.signbsl.com/videos/asl/youtube/mp4/2ELeivbn1Ec.mp4
legitimatise, https://media.signbsl.com/videos/asl/youtube/mp4/2ELeivbn1Ec.mp4
legitimatize, https://media.signbsl.com/videos/asl/youtube/mp4/2ELeivbn1Ec.mp4
legitimise, https://media.signbsl.com/videos/asl/youtube/mp4/2ELeivbn1Ec.mp4
legitimize, https://media.signbsl.com/videos/asl/youtube/mp4/2ELeivbn1Ec.mp4
legless, https://media.signbsl.com/videos/asl/youtube/mp4/pftDppG5eLc.mp4
legman, https://media.signbsl.com/videos/asl/youtube/mp4/N0SZR2s9VEI.mp4
legroom, https://media.signbsl.com/videos/asl/youtube/mp4/4yGeUATB7ic.mp4
legs, https://media.signbsl.com/videos/asl/youtube/mp4/gxER-Kz26To.mp4
legwork, https://media.signbsl.com/videos/asl/youtube/mp4/RXIJlULqT38.mp4
lei, https://media.signbsl.com/videos/asl/aslsearch/mp4/wreath.mp4
leisure, https://media.signbsl.com/videos/asl/aslsearch/mp4/leisure.mp4
leisure time, https://media.signbsl.com/videos/asl/aslsearch/mp4/leisure.mp4
leisurewear, NA
lemon, https://media.signbsl.com/videos/asl/startasl/mp4/lemon.mp4
lemonade, https://media.signbsl.com/videos/asl/aslsearch/mp4/lemonade.mp4
lemon car, https://media.signbsl.com/videos/asl/youtube/mp4/VSD00OUZLFg.mp4
lemonlike, https://media.signbsl.com/videos/asl/youtube/mp4/fT-zlj8NSEs.mp4
lemony, https://media.signbsl.com/videos/asl/youtube/mp4/fT-zlj8NSEs.mp4
lend, https://media.signbsl.com/videos/asl/aslsignbank/mp4/BRING-51.mp4
lender, https://media.signbsl.com/videos/asl/youtube/mp4/VVbsiVkHMh0.mp4
length, https://media.signbsl.com/videos/asl/tsdvideo/mp4/64.mp4
lengthen, https://media.signbsl.com/videos/asl/youtube/mp4/iaztPua3s7I.mp4
lengthier, https://media.signbsl.com/videos/asl/youtube/mp4/5jgWEkToIas.mp4
lengthily, https://media.signbsl.com/videos/asl/youtube/mp4/fCj8ORuWbhI.mp4
length of service, https://media.signbsl.com/videos/asl/youtube/mp4/uzi1iF1G_Wg.mp4
length of time, https://media.signbsl.com/videos/asl/aslsignbank/mp4/TIME-ELAPSE-1234.mp4
lengthways, https://media.signbsl.com/videos/asl/youtube/mp4/bUyBFlWgO-I.mp4
lengthwise, https://media.signbsl.com/videos/asl/youtube/mp4/bUyBFlWgO-I.mp4
lenience, https://media.signbsl.com/videos/asl/youtube/mp4/sTMPuVOz8Pk.mp4
leniency, https://media.signbsl.com/videos/asl/youtube/mp4/sTMPuVOz8Pk.mp4
lenient, https://media.signbsl.com/videos/asl/youtube/mp4/I7be5nbdJHQ.mp4
lenify, https://player.vimeo.com/external/392414630.sd.mp4?s=3a7fd0653661d8d31e18710537233f1a71c00885&profile_id=164
lens, https://media.signbsl.com/videos/asl/aslsearch/mp4/lens.mp4
lense, https://media.signbsl.com/videos/asl/aslsearch/mp4/lens.mp4
lensman, https://media.signbsl.com/videos/asl/startasl/mp4/photographer.mp4
lens system, https://media.signbsl.com/videos/asl/aslsearch/mp4/lens.mp4
Lent, https://media.signbsl.com/videos/asl/youtube/mp4/RbUV6J22PfI.mp4
Lententide, https://media.signbsl.com/videos/asl/youtube/mp4/RbUV6J22PfI.mp4
lentigo, https://media.signbsl.com/videos/asl/startasl/mp4/freckles.mp4
leonine, https://media.signbsl.com/videos/asl/youtube/mp4/kBVADxthGZ8.mp4
leopard, https://media.signbsl.com/videos/asl/aslsearch/mp4/leopard.mp4
leper, https://media.signbsl.com/videos/asl/youtube/mp4/aFfXxvR6tvY.mp4
leppy, https://media.signbsl.com/videos/asl/youtube/mp4/bXuxtuU63zM.mp4
leprechaun, https://media.signbsl.com/videos/asl/youtube/mp4/4ojKRNyOiAs.mp4
leprosy, https://media.signbsl.com/videos/asl/youtube/mp4/VVx8zANXERA.mp4
lesbian, https://media.signbsl.com/videos/asl/aslsignbank/mp4/LESBIAN-1677.mp4
lese majesty, https://media.signbsl.com/videos/asl/elementalaslconcepts/mp4/treason.mp4
Lesotho, https://media.signbsl.com/videos/asl/aslsignbank/mp4/LESOTHO-3480.mp4
less, https://media.signbsl.com/videos/asl/aslsearch/mp4/less.mp4
Less Active, https://media.signbsl.com/videos/asl/ids/mp4/2013-11-2770-less-active-1500k-ase.mp4
lessee, https://media.signbsl.com/videos/asl/youtube/mp4/0BdQAjV0WWs.mp4
lessen, https://media.signbsl.com/videos/asl/aslsignbank/mp4/DECREASE-1235.mp4
less likely, https://media.signbsl.com/videos/asl/tsdvideo/mp4/178.mp4
lesson, https://media.signbsl.com/videos/asl/aslsearch/mp4/lesson.mp4
lesson learned, https://media.signbsl.com/videos/asl/youtube/mp4/7bE1_dxSYbE.mp4
lessor, https://media.signbsl.com/videos/asl/youtube/mp4/gw6q8zR3gZI.mp4
less than, https://media.signbsl.com/videos/asl/tsdvideo/mp4/66.mp4
lest, https://media.signbsl.com/videos/asl/youtube/mp4/sDWvQlolfX4.mp4
let, https://media.signbsl.com/videos/asl/aslsearch/mp4/let.mp4
let alone used to indicate that something is far less likely or possible, https://media.signbsl.com/videos/asl/youtube/mp4/eFjuvOsn-Vw.mp4
letch, https://media.signbsl.com/videos/asl/youtube/mp4/lag6yPbOfeI.mp4
let down, https://media.signbsl.com/videos/asl/youtube/mp4/OaQUvo3Pr7w.mp4
let go, https://media.signbsl.com/videos/asl/aslsignbank/mp4/DISCONNECT-956.mp4
let go of, https://media.signbsl.com/videos/asl/aslsignbank/mp4/DISCONNECT-956.mp4
lethal, https://media.signbsl.com/videos/asl/youtube/mp4/3AHeMsFhZpQ.mp4
lethality, https://media.signbsl.com/videos/asl/youtube/mp4/cs7WusD0eyA.mp4
lethargic, https://player.vimeo.com/external/392867115.sd.mp4?s=24280428785ce8a0aaae65fc7cc49464c2d3764d&profile_id=164
lethargy, https://media.signbsl.com/videos/asl/youtube/mp4/n9WNo-eEG9U.mp4
letn++s see, NA
let off the hook, https://media.signbsl.com/videos/asl/youtube/mp4/RMujd2DG5Wk.mp4
let on, https://player.vimeo.com/external/392143995.sd.mp4?s=e6bfb68f36f1205d91fc549b81d345a068e0b2ed&profile_id=164
let out, https://player.vimeo.com/external/392143995.sd.mp4?s=e6bfb68f36f1205d91fc549b81d345a068e0b2ed&profile_id=164
lets, https://media.signbsl.com/videos/asl/aslsearch/mp4/let.mp4
lets eat, https://media.signbsl.com/videos/asl/mariekatzenbachschool/mp4/Lets%20eat.mp4
lets play, https://media.signbsl.com/videos/asl/mariekatzenbachschool/mp4/Lets%20play.mp4
letter, https://media.signbsl.com/videos/asl/aslsignbank/mp4/MAIL-356.mp4
letter box, https://media.signbsl.com/videos/asl/aslsearch/mp4/mailbox.mp4
letterbox, https://media.signbsl.com/videos/asl/aslsearch/mp4/mailbox.mp4
letter carrier, https://media.signbsl.com/videos/asl/startasl/mp4/mailman.mp4
letterer, https://media.signbsl.com/videos/asl/youtube/mp4/_dbUutxLBQA.mp4
letter of the alphabet, https://media.signbsl.com/videos/asl/aslsearch/mp4/letter.mp4
letter paper, https://media.signbsl.com/videos/asl/youtube/mp4/dgSPdmEIBDE.mp4
letterpress, https://media.signbsl.com/videos/asl/youtube/mp4/dqxrSMDaUp0.mp4
let the cat out of the bag, https://media.signbsl.com/videos/asl/aslsearch/mp4/tattle.mp4
let the pocket handkerchief go, https://media.signbsl.com/videos/asl/youtube/mp4/0tPegusEfsY.mp4
lettuce, https://media.signbsl.com/videos/asl/startasl/mp4/lettuce.mp4
let up, https://media.signbsl.com/videos/asl/youtube/mp4/-JsLBvL9Fck.mp4
letup, https://media.signbsl.com/videos/asl/youtube/mp4/-JsLBvL9Fck.mp4
leucocyte, https://media.signbsl.com/videos/asl/youtube/mp4/BHe6tLPLn54.mp4
leucotomy, https://media.signbsl.com/videos/asl/youtube/mp4/pfj6D6mV5Xs.mp4
leukocyte, https://media.signbsl.com/videos/asl/youtube/mp4/BHe6tLPLn54.mp4
leukotomy, https://media.signbsl.com/videos/asl/youtube/mp4/pfj6D6mV5Xs.mp4
levee, https://media.signbsl.com/videos/asl/aslsearch/mp4/dam.mp4
level, https://media.signbsl.com/videos/asl/youtube/mp4/wYxIst4zb2E.mp4
leveler, https://media.signbsl.com/videos/asl/youtube/mp4/QRvd-4h5VVk.mp4
levelheaded, https://media.signbsl.com/videos/asl/youtube/mp4/4XkthpARkIk.mp4
leveller, https://media.signbsl.com/videos/asl/youtube/mp4/QRvd-4h5VVk.mp4
levels, https://media.signbsl.com/videos/asl/youtube/mp4/wYxIst4zb2E.mp4
lever, https://media.signbsl.com/videos/asl/aslsearch/mp4/lever.mp4
leverage, https://media.signbsl.com/videos/asl/youtube/mp4/ktEJ-NLtsso.mp4
lever arm, https://media.signbsl.com/videos/asl/elementalaslconcepts/mp4/lever_arm.mp4
leverhandle, https://media.signbsl.com/videos/asl/youtube/mp4/i0gXus_OGG8.mp4
leviathan, https://media.signbsl.com/videos/asl/youtube/mp4/MwFtuW2TQn4.mp4
levitate, https://media.signbsl.com/videos/asl/youtube/mp4/KJtrPFbRtkE.mp4
levulose, https://media.signbsl.com/videos/asl/youtube/mp4/KhxFzDC774E.mp4
lewd, https://player.vimeo.com/external/392690045.sd.mp4?s=b02bcc821a7b14482def397ff2a19fc17df8840e&profile_id=164
Lewis, https://media.signbsl.com/videos/asl/elementalaslconcepts/mp4/meriwether_lewis.mp4
lewis and clark, https://media.signbsl.com/videos/asl/elementalaslconcepts/mp4/lewis_and_clark.mp4
lexical, https://media.signbsl.com/videos/asl/youtube/mp4/RHvs1TQB8JE.mp4
lexicographer, https://media.signbsl.com/videos/asl/youtube/mp4/8VBZLx8nS44.mp4
lexicographic, https://media.signbsl.com/videos/asl/youtube/mp4/WNukQVYulvk.mp4
lexicographical, https://media.signbsl.com/videos/asl/youtube/mp4/WNukQVYulvk.mp4
lexicologist, https://media.signbsl.com/videos/asl/youtube/mp4/8VBZLx8nS44.mp4
lexicon, https://media.signbsl.com/videos/asl/startasl/mp4/dictionary.mp4
Lexington, https://media.signbsl.com/videos/asl/youtube/mp4/SN0MmRUJk-w.mp4
ley, https://player.vimeo.com/external/392386491.sd.mp4?s=b7ea97009bdda7772e0c1aaffd5ad27e7c509e37&profile_id=164
lgbtq, https://media.signbsl.com/videos/asl/youtube/mp4/7W0NXuVMOnQ.mp4
liability, https://media.signbsl.com/videos/asl/aslsearch/mp4/liability.mp4
liable, https://media.signbsl.com/videos/asl/unoclimb/mp4/dDzZ0GYHDDg.mp4
Liahona, https://media.signbsl.com/videos/asl/ids/mp4/2013-11-2780-liahona-1500k-ase.mp4
liaise, https://media.signbsl.com/videos/asl/youtube/mp4/9EcCRy9PJYk.mp4
liaison, https://media.signbsl.com/videos/asl/youtube/mp4/PO6G5b6M3yk.mp4
libber, https://media.signbsl.com/videos/asl/youtube/mp4/8QWdOna8qpw.mp4
libel, https://media.signbsl.com/videos/asl/youtube/mp4/GXWKEo7sCBU.mp4
libeler, https://media.signbsl.com/videos/asl/youtube/mp4/ueT-rdm1fgU.mp4
liberal, https://media.signbsl.com/videos/asl/aslsearch/mp4/liberal.mp4
liberal arts, https://media.signbsl.com/videos/asl/youtube/mp4/Jjyh264g4K0.mp4
liberalisation, https://media.signbsl.com/videos/asl/youtube/mp4/g_FBVWlTyA8.mp4
liberalization, https://media.signbsl.com/videos/asl/youtube/mp4/g_FBVWlTyA8.mp4
liberate, https://player.vimeo.com/external/392436425.sd.mp4?s=a9a05d4eef39dad15a28bfe68369ca5feaf500cc&profile_id=164
liberator, https://media.signbsl.com/videos/asl/youtube/mp4/adgJrfYGzys.mp4
Liberia, https://media.signbsl.com/videos/asl/youtube/mp4/Msb8Aklzdpk.mp4
libertarian, https://media.signbsl.com/videos/asl/youtube/mp4/gk83jyjNunw.mp4
liberties, https://media.signbsl.com/videos/asl/youtube/mp4/8DqZs_aSroI.mp4
libertine, https://media.signbsl.com/videos/asl/youtube/mp4/bUJ9g44CWq0.mp4
liberty, https://media.signbsl.com/videos/asl/youtube/mp4/8DqZs_aSroI.mp4
Liberty Bell, https://media.signbsl.com/videos/asl/elementalaslconcepts/mp4/liberty_bell.mp4
libidinous, https://player.vimeo.com/external/392690045.sd.mp4?s=b02bcc821a7b14482def397ff2a19fc17df8840e&profile_id=164
librarian, https://media.signbsl.com/videos/asl/startasl/mp4/librarian.mp4
libraries, https://media.signbsl.com/videos/asl/startasl/mp4/library.mp4
library, https://media.signbsl.com/videos/asl/startasl/mp4/library.mp4
Libya, https://media.signbsl.com/videos/asl/youtube/mp4/9VBEl5bmabI.mp4
licence, https://media.signbsl.com/videos/asl/aslsearch/mp4/license.mp4
licenced, https://media.signbsl.com/videos/asl/ids/mp4/2013-11-910-commissioned-1500k-ase.mp4
licencee, https://media.signbsl.com/videos/asl/youtube/mp4/Qs_tR0a8Ato.mp4
license, https://media.signbsl.com/videos/asl/aslsearch/mp4/license.mp4
licensed, https://media.signbsl.com/videos/asl/ids/mp4/2013-11-910-commissioned-1500k-ase.mp4
licensee, https://media.signbsl.com/videos/asl/youtube/mp4/Qs_tR0a8Ato.mp4
license expired, https://media.signbsl.com/videos/asl/aslsearch/mp4/license-expired.mp4
license plate, https://media.signbsl.com/videos/asl/aslsearch/mp4/license-plate.mp4
licenser, https://media.signbsl.com/videos/asl/youtube/mp4/5_Q40Oa70gk.mp4
lichen, https://media.signbsl.com/videos/asl/youtube/mp4/Am9r2oZFeNQ.mp4
licit, https://media.signbsl.com/videos/asl/youtube/mp4/428aU0nQPEg.mp4
lick, https://media.signbsl.com/videos/asl/aslsignbank/mp4/LICK-1650.mp4
lick a lot, https://media.signbsl.com/videos/asl/youtube/mp4/LQk2LQWcBnU.mp4
lick face, https://media.signbsl.com/videos/asl/startasl/mp4/lick-face.mp4
licking my face, https://media.signbsl.com/videos/asl/youtube/mp4/vztwCmHzwPA.mp4
lid, https://media.signbsl.com/videos/asl/aslsignbank/mp4/OPEN-LID-1538.mp4
lidded, https://media.signbsl.com/videos/asl/youtube/mp4/ttWX7G-t38Y.mp4
lidless, https://media.signbsl.com/videos/asl/youtube/mp4/VhFao6cvD9Y.mp4
lie, https://media.signbsl.com/videos/asl/aslsignbank/mp4/LAY-DOWN-1686.mp4
liebnitz, https://media.signbsl.com/videos/asl/philosophy/mp4/Liebnitz-HD.mp4
Liechtenstein, https://media.signbsl.com/videos/asl/youtube/mp4/c1NXgmnsKkA.mp4
lie down, https://media.signbsl.com/videos/asl/aslsignbank/mp4/LAY-DOWN-1686.mp4
lie in, https://media.signbsl.com/videos/asl/youtube/mp4/Ys5mxSHQr0o.mp4
lie in wait, https://media.signbsl.com/videos/asl/youtube/mp4/Xq64KSXhOSA.mp4
lien, https://media.signbsl.com/videos/asl/youtube/mp4/QMn03Dj8d40.mp4
Lietuva, https://media.signbsl.com/videos/asl/aslsignbank/mp4/LITHUANIA-3389.mp4
lieutenant, https://media.signbsl.com/videos/asl/youtube/mp4/GXhZSWp2diM.mp4
life, https://media.signbsl.com/videos/asl/aslsearch/mp4/life.mp4
Life after Death, https://media.signbsl.com/videos/asl/ids/mp4/2013-11-2790-life-after-death-1500k-ase.mp4
life belt, https://media.signbsl.com/videos/asl/aslsearch/mp4/safety-belt.mp4
lifebelt, https://media.signbsl.com/videos/asl/aslsearch/mp4/safety-belt.mp4
lifeblood, https://media.signbsl.com/videos/asl/youtube/mp4/hHjaZr_E8BI.mp4
life eternal, https://media.signbsl.com/videos/asl/ids/mp4/2013-11-1490-eternal-life-1500k-ase.mp4
lifeguard, https://media.signbsl.com/videos/asl/aslsearch/mp4/lifeguard.mp4
life jacket, https://player.vimeo.com/external/392688304.sd.mp4?s=702150c0f4666fdaafd5804d31c441428a8e1538&profile_id=164
lifejacket, https://player.vimeo.com/external/392688304.sd.mp4?s=702150c0f4666fdaafd5804d31c441428a8e1538&profile_id=164
lifelike, https://media.signbsl.com/videos/asl/youtube/mp4/R-AOMMvOS1k.mp4
lifeline, https://media.signbsl.com/videos/asl/youtube/mp4/ieZ9iHOQ8wg.mp4
lifelong, https://media.signbsl.com/videos/asl/youtube/mp4/3q9JIvx8qYY.mp4
lifer, https://media.signbsl.com/videos/asl/youtube/mp4/1fOM-nUf7zE.mp4
lifesaver, https://media.signbsl.com/videos/asl/aslsearch/mp4/lifeguard.mp4
life scientist, https://media.signbsl.com/videos/asl/youtube/mp4/Q2IZgnWjM10.mp4
life size, https://media.signbsl.com/videos/asl/youtube/mp4/vUumNOw5OqA.mp4
lifesize, https://media.signbsl.com/videos/asl/youtube/mp4/vUumNOw5OqA.mp4
life sized, https://media.signbsl.com/videos/asl/youtube/mp4/vUumNOw5OqA.mp4
lifespan, https://media.signbsl.com/videos/asl/youtube/mp4/2r1waBRh5KQ.mp4
life style, https://media.signbsl.com/videos/asl/youtube/mp4/V6F5abU28Xw.mp4
lifestyle, https://media.signbsl.com/videos/asl/youtube/mp4/V6F5abU28Xw.mp4
lifeswork, https://media.signbsl.com/videos/asl/youtube/mp4/bQxxMwITM1o.mp4
lifetime, https://media.signbsl.com/videos/asl/youtube/mp4/2r1waBRh5KQ.mp4
life vest, https://player.vimeo.com/external/392688304.sd.mp4?s=702150c0f4666fdaafd5804d31c441428a8e1538&profile_id=164
lift, https://media.signbsl.com/videos/asl/aslsignbank/mp4/LIFT-1649.mp4
lifter, https://media.signbsl.com/videos/asl/youtube/mp4/iNxeVJdTNVg.mp4
lift out, https://media.signbsl.com/videos/asl/aslsearch/mp4/scoop.mp4
lift up, https://media.signbsl.com/videos/asl/youtube/mp4/8veYyus_t94.mp4
lift weights, https://media.signbsl.com/videos/asl/youtube/mp4/UDd1e2byAa4.mp4
ligament, https://media.signbsl.com/videos/asl/youtube/mp4/Jv8m9SHMC0M.mp4
light, https://media.signbsl.com/videos/asl/startasl/mp4/light.mp4
light beam, https://media.signbsl.com/videos/asl/tsdvideo/mp4/1228.mp4
light blue, https://media.signbsl.com/videos/asl/startasl/mp4/blue.mp4
light bulb, https://media.signbsl.com/videos/asl/aslsearch/mp4/lightbulb.mp4
lightbulb, https://media.signbsl.com/videos/asl/aslsearch/mp4/lightbulb.mp4
light coming to me, https://media.signbsl.com/videos/asl/youtube/mp4/w2W4roCq2YQ.mp4
lighted, https://media.signbsl.com/videos/asl/youtube/mp4/6Y8j6FDWqTU.mp4
lighten, https://media.signbsl.com/videos/asl/youtube/mp4/f55kwMqujkQ.mp4
lightener, https://media.signbsl.com/videos/asl/youtube/mp4/fjIbldEmDBw.mp4
lighten up, https://media.signbsl.com/videos/asl/youtube/mp4/f55kwMqujkQ.mp4
lighter, https://media.signbsl.com/videos/asl/youtube/mp4/oMw68vRf_4s.mp4
lighterman, https://media.signbsl.com/videos/asl/youtube/mp4/Ej-RQU5tYY4.mp4
lighter than, https://media.signbsl.com/videos/asl/tsdvideo/mp4/362.mp4
lightfaced, https://media.signbsl.com/videos/asl/youtube/mp4/L3X5jsytNXI.mp4
light green, https://media.signbsl.com/videos/asl/startasl/mp4/green.mp4
light haired, https://media.signbsl.com/videos/asl/youtube/mp4/SOT4SoSacAE.mp4
light headed, https://media.signbsl.com/videos/asl/youtube/mp4/euXTA2TStZ0.mp4
lightheaded, https://media.signbsl.com/videos/asl/youtube/mp4/euXTA2TStZ0.mp4
lighthouse, https://media.signbsl.com/videos/asl/aslsignbank/mp4/LIGHT-SHINE-1648.mp4
lighting, https://player.vimeo.com/external/392682703.sd.mp4?s=0d86685dd8aa0a764683174178bf007b02d87b77&profile_id=164
light intensity, https://media.signbsl.com/videos/asl/youtube/mp4/sRNOUwReDOc.mp4
lightless, https://media.signbsl.com/videos/asl/youtube/mp4/N5ZhZnl8FcA.mp4
lightly, https://media.signbsl.com/videos/asl/youtube/mp4/NXUM9KuJcKQ.mp4
light minded, https://media.signbsl.com/videos/asl/youtube/mp4/foSVR4bleLM.mp4
lightning, https://media.signbsl.com/videos/asl/aslsearch/mp4/lightning.mp4
lightning arrester, https://media.signbsl.com/videos/asl/AustinCommunityCollege/mp4/elec_surge_suppressor_.mp4
lightning bug, https://player.vimeo.com/external/392127224.sd.mp4?s=e2134db3ee47a6f33694bb2713d931d0e58e7818&profile_id=164
lightning never strikes the same place twice, https://media.signbsl.com/videos/asl/youtube/mp4/Sfrxu2zkw68.mp4
Light of Christ, https://media.signbsl.com/videos/asl/ids/mp4/2013-11-2800-light-of-christ-1500k-ase.mp4
light off, https://media.signbsl.com/videos/asl/youtube/mp4/dTrwoAfZrP0.mp4
light on, https://media.signbsl.com/videos/asl/youtube/mp4/bcWI0N1pIq0.mp4
lightproof, https://media.signbsl.com/videos/asl/youtube/mp4/urXQrenewQc.mp4
light sensitive, https://media.signbsl.com/videos/asl/youtube/mp4/ljnlenfg330.mp4
light skinned, https://media.signbsl.com/videos/asl/youtube/mp4/IzhjKx5Z0S0.mp4
lights off, https://media.signbsl.com/videos/asl/mariekatzenbachschool/mp4/Lights%20off.mp4
lights on, https://media.signbsl.com/videos/asl/mariekatzenbachschool/mp4/Lights%20on.mp4
lights stage lights, https://player.vimeo.com/external/392688422.sd.mp4?s=54dba703523783810c391f863b9104ea1b93f666&profile_id=164
light tight, https://media.signbsl.com/videos/asl/youtube/mp4/urXQrenewQc.mp4
light up, https://media.signbsl.com/videos/asl/youtube/mp4/2SlVa2H41QM.mp4
light upon, https://player.vimeo.com/external/391392432.sd.mp4?s=12cac95d74867a4427afd9416f866395320fa9f9&profile_id=164
lightweight, https://media.signbsl.com/videos/asl/youtube/mp4/CQf6dZAJM3E.mp4
light year, https://media.signbsl.com/videos/asl/youtube/mp4/N9RpHlpo60A.mp4
likable, https://media.signbsl.com/videos/asl/youtube/mp4/DEMmn4a1J6A.mp4
like, https://media.signbsl.com/videos/asl/startasl/mp4/like.mp4
likeable, https://media.signbsl.com/videos/asl/youtube/mp4/DEMmn4a1J6A.mp4
like a cork and the bubbles out of a soda water bottle, https://media.signbsl.com/videos/asl/youtube/mp4/icCwcOl76KY.mp4
like a duck to water, https://media.signbsl.com/videos/asl/youtube/mp4/QtZ10YuzWXw.mp4
like a fish needs a bicycle, https://media.signbsl.com/videos/asl/youtube/mp4/sl2Joj8DDu0.mp4
like a fish out of water, https://media.signbsl.com/videos/asl/youtube/mp4/bcYeGfp0Tao.mp4
like a kid in a candy store, https://media.signbsl.com/videos/asl/youtube/mp4/HQUfPRbwH8M.mp4
like a lost dog in the high weeds, https://media.signbsl.com/videos/asl/youtube/mp4/oxSFIlL8qI8.mp4
like a machine very skilled at a task done repeatedly, https://media.signbsl.com/videos/asl/youtube/mp4/S1i8KM_rBw4.mp4
like a rat deserting a sinking ship, https://media.signbsl.com/videos/asl/youtube/mp4/8YIQLsnFfDY.mp4
like a shot, https://media.signbsl.com/videos/asl/signlanguagestudent/mp4/immediately%20(alternate%202).mp4
like blue murder, https://player.vimeo.com/external/392128243.sd.mp4?s=1c2e2c79aa6b3fa166bf4615c64294f3ce0c9044&profile_id=164
like day and night, https://media.signbsl.com/videos/asl/youtube/mp4/hMhKohrs9NU.mp4
like flies on sh#tlike a duck on a june buglike white on rice, NA
like its going out of style, https://media.signbsl.com/videos/asl/youtube/mp4/fEvugJeAldQ.mp4
likelier, https://media.signbsl.com/videos/asl/youtube/mp4/m0vMjwi-GzY.mp4
likelihood, https://media.signbsl.com/videos/asl/tsdvideo/mp4/553.mp4
likeliness, https://media.signbsl.com/videos/asl/tsdvideo/mp4/553.mp4
likely, https://media.signbsl.com/videos/asl/tsdvideo/mp4/473.mp4
like me, https://media.signbsl.com/videos/asl/aslsearch/mp4/like2.mp4
liken, https://player.vimeo.com/external/392014523.sd.mp4?s=e82b6e1f2c3345036856b418f75726fb2c220f5c&profile_id=164
likeness, https://media.signbsl.com/videos/asl/ids/mp4/2013-11-4470-similitude-1500k-ase.mp4
like no ones business very well or quickly, https://media.signbsl.com/videos/asl/youtube/mp4/228KzNZAVH8.mp4
like the blind leading the blind, https://media.signbsl.com/videos/asl/youtube/mp4/Ve18R7ZnIJs.mp4
like there is no tomorrow, https://media.signbsl.com/videos/asl/youtube/mp4/cyG_uXBG0BI.mp4
like watching sausage getting made, https://media.signbsl.com/videos/asl/youtube/mp4/TGhgeKdTWcs.mp4
likewise, https://media.signbsl.com/videos/asl/signlanguagestudent/mp4/too.mp4
lilliputian, https://player.vimeo.com/external/392520787.sd.mp4?s=0b76cce8f13515bc4666a6742cbd71b118525152&profile_id=164
lilt, https://media.signbsl.com/videos/asl/youtube/mp4/3KZHQSDgQLY.mp4
lily white segregation, https://media.signbsl.com/videos/asl/youtube/mp4/7lRI-wHRIDg.mp4
limb, https://media.signbsl.com/videos/asl/aslsearch/mp4/limb.mp4
limber, https://media.signbsl.com/videos/asl/youtube/mp4/cP0tIWetytY.mp4
limber up, https://media.signbsl.com/videos/asl/youtube/mp4/ZE61HaZzzYE.mp4
limbless, https://media.signbsl.com/videos/asl/youtube/mp4/QcYcvmE2UEE.mp4
limbo, https://media.signbsl.com/videos/asl/youtube/mp4/eVXuUtmek8I.mp4
lime, https://media.signbsl.com/videos/asl/aslsearch/mp4/lime.mp4
limelight, https://media.signbsl.com/videos/asl/youtube/mp4/_u4P8Ixzei0.mp4
limelike, https://media.signbsl.com/videos/asl/youtube/mp4/xpyYZevZbIM.mp4
limerick, https://media.signbsl.com/videos/asl/youtube/mp4/KvHfG0mKpA0.mp4
limey, https://media.signbsl.com/videos/asl/youtube/mp4/O760z_Yri-I.mp4
limicoline bird, https://media.signbsl.com/videos/asl/youtube/mp4/9WY7z-vy-pM.mp4
limit, https://media.signbsl.com/videos/asl/startasl/mp4/limit.mp4
limitless, https://media.signbsl.com/videos/asl/youtube/mp4/QWwri14Lk34.mp4
limit me, https://media.signbsl.com/videos/asl/youtube/mp4/lz0quXG3EHA.mp4
limit point, https://media.signbsl.com/videos/asl/tsdvideo/mp4/1473.mp4
limn, https://media.signbsl.com/videos/asl/youtube/mp4/w-E5-ny050E.mp4
limp, https://media.signbsl.com/videos/asl/aslsearch/mp4/limp.mp4
limpetclingy, https://media.signbsl.com/videos/asl/youtube/mp4/nOu-0C1ZnaM.mp4
limpid, https://media.signbsl.com/videos/asl/elementalaslconcepts/mp4/transparent.mp4
limping, https://media.signbsl.com/videos/asl/youtube/mp4/jsRDY2Tw50E.mp4
linage how many lines on a page, https://media.signbsl.com/videos/asl/youtube/mp4/xC7WO00M5qM.mp4
linchpin, https://media.signbsl.com/videos/asl/ids/mp4/2013-11-2630-keystone-1500k-ase.mp4
Lincoln, https://media.signbsl.com/videos/asl/elementalaslconcepts/mp4/abraham_lincoln.mp4
line, https://media.signbsl.com/videos/asl/startasl/mp4/job.mp4
lineage, https://media.signbsl.com/videos/asl/youtube/mp4/5_Jwyq1jWKE.mp4
linear, https://media.signbsl.com/videos/asl/tsdvideo/mp4/548.mp4
linear equation, https://media.signbsl.com/videos/asl/tsdvideo/mp4/289.mp4
linear function, https://media.signbsl.com/videos/asl/tsdvideo/mp4/1305.mp4
lineation, https://media.signbsl.com/videos/asl/youtube/mp4/QZciQSuXD6g.mp4
line fake explanation, https://media.signbsl.com/videos/asl/youtube/mp4/VGCWU3ER4Zs.mp4
linegive me a line dating tricks, https://media.signbsl.com/videos/asl/youtube/mp4/CY93hpQjdxQ.mp4
line graph, https://media.signbsl.com/videos/asl/tsdvideo/mp4/474.mp4
line in poetry, https://media.signbsl.com/videos/asl/elementalaslconcepts/mp4/line.mp4
lineman, https://media.signbsl.com/videos/asl/aslsignbank/mp4/ELECTRICIAN-2754.mp4
lineman train, https://media.signbsl.com/videos/asl/youtube/mp4/f_W4jwJLiOQ.mp4
linemen, https://media.signbsl.com/videos/asl/youtube/mp4/eDAQqxgBs_A.mp4
line of descent, https://media.signbsl.com/videos/asl/youtube/mp4/5_Jwyq1jWKE.mp4
line of gab, https://media.signbsl.com/videos/asl/youtube/mp4/O_2yhXK-ETE.mp4
line of longitude, https://media.signbsl.com/videos/asl/elementalaslconcepts/mp4/longitude.mp4
line of work, https://media.signbsl.com/videos/asl/startasl/mp4/job.mp4
line plot, https://media.signbsl.com/videos/asl/tsdvideo/mp4/234.mp4
lines, https://media.signbsl.com/videos/asl/startasl/mp4/job.mp4
line segment, https://media.signbsl.com/videos/asl/tsdvideo/mp4/475.mp4
line shooter, https://player.vimeo.com/external/391211572.sd.mp4?s=73ab19435dfddbdded12ecceb1bdbf7a769c93bb&profile_id=164
linesman, https://media.signbsl.com/videos/asl/aslsignbank/mp4/ELECTRICIAN-2754.mp4
linesman sports, https://media.signbsl.com/videos/asl/youtube/mp4/1Rn6-ujKtyA.mp4
lines of communication, https://media.signbsl.com/videos/asl/youtube/mp4/gqq7py_3uqs.mp4
line up, https://media.signbsl.com/videos/asl/aslsignbank/mp4/ALIGN-2057.mp4
lineup baseball, https://media.signbsl.com/videos/asl/youtube/mp4/1OknbBXdMhE.mp4
line up please, https://media.signbsl.com/videos/asl/mariekatzenbachschool/mp4/Line%20up%20please.mp4
linger, https://media.signbsl.com/videos/asl/aslsearch/mp4/linger.mp4
lingerer, https://media.signbsl.com/videos/asl/youtube/mp4/tAGCxBj3kLc.mp4
lingerie, https://media.signbsl.com/videos/asl/youtube/mp4/uZ629q2RzuM.mp4
linger over, https://player.vimeo.com/external/391993519.sd.mp4?s=4c1630d0e1dc5cc8e2d2d8137052ca03a922f292&profile_id=164
lingo, https://media.signbsl.com/videos/asl/youtube/mp4/eI8UPXKxO7o.mp4
lingua, https://media.signbsl.com/videos/asl/aslsearch/mp4/tongue.mp4
lingual, https://media.signbsl.com/videos/asl/youtube/mp4/CSAIrJ2nUC4.mp4
linguist, https://media.signbsl.com/videos/asl/youtube/mp4/CZ-ZzLdVRvg.mp4
linguistic, https://media.signbsl.com/videos/asl/youtube/mp4/CSAIrJ2nUC4.mp4
linguistic communication, https://media.signbsl.com/videos/asl/aslsignbank/mp4/LANGUAGE-2463.mp4
linguistic context, https://media.signbsl.com/videos/asl/aslsignbank/mp4/ENVIRONMENT-1965.mp4
linguistics, https://media.signbsl.com/videos/asl/aslsignbank/mp4/LINGUISTICS-1646.mp4
link, https://media.signbsl.com/videos/asl/aslsearch/mp4/associate.mp4
links, https://player.vimeo.com/external/392150707.sd.mp4?s=7d34c4f8e9989e19d58eb66b5c6a8c335ad12005&profile_id=164
linksman, https://media.signbsl.com/videos/asl/youtube/mp4/qbJnuqEOBSc.mp4
link to, https://player.vimeo.com/external/392264153.sd.mp4?s=c70645e1b1e07b8ccb34c7328ca861ad87fc2775&profile_id=164
link up, https://media.signbsl.com/videos/asl/aslsearch/mp4/associate.mp4
lino, https://media.signbsl.com/videos/asl/youtube/mp4/AZETW3SxKos.mp4
linoleum, https://media.signbsl.com/videos/asl/youtube/mp4/AZETW3SxKos.mp4
lint, https://media.signbsl.com/videos/asl/youtube/mp4/nwOjZphog8Q.mp4
Linux, https://media.signbsl.com/videos/asl/deaftec/mp4/1010.mp4
lion, https://media.signbsl.com/videos/asl/startasl/mp4/lion.mp4
lioness, https://media.signbsl.com/videos/asl/youtube/mp4/fS_I2_GXV74.mp4
lionise, https://media.signbsl.com/videos/asl/youtube/mp4/8dr-j6ave6c.mp4
lionize, https://media.signbsl.com/videos/asl/youtube/mp4/8dr-j6ave6c.mp4
lion powerful person, https://media.signbsl.com/videos/asl/youtube/mp4/egUZ7fSNRCk.mp4
lions den, https://media.signbsl.com/videos/asl/youtube/mp4/YCV9tgpCOso.mp4
lip, https://media.signbsl.com/videos/asl/aslsearch/mp4/lip.mp4
lipid, https://media.signbsl.com/videos/asl/deaftec/mp4/1396.mp4
lipide, https://media.signbsl.com/videos/asl/deaftec/mp4/1396.mp4
lipids, https://media.signbsl.com/videos/asl/deaftec/mp4/1396.mp4
lipoid, https://media.signbsl.com/videos/asl/deaftec/mp4/1396.mp4
Lipo Lutin, https://media.signbsl.com/videos/asl/youtube/mp4/AeaUEB8aSAQ.mp4
liposuction, https://media.signbsl.com/videos/asl/youtube/mp4/nlks65kyBFY.mp4
lip piercing on the side, https://media.signbsl.com/videos/asl/youtube/mp4/O4St3-zwu_I.mp4
lipread, https://media.signbsl.com/videos/asl/aslsignbank/mp4/LIPREAD-1645.mp4
lip read, https://media.signbsl.com/videos/asl/aslsignbank/mp4/LIPREAD-1645.mp4
lipreader, NA
lip rouge, https://media.signbsl.com/videos/asl/aslsearch/mp4/lipstick.mp4
lips, https://media.signbsl.com/videos/asl/aslsearch/mp4/lip.mp4
lip service, https://media.signbsl.com/videos/asl/youtube/mp4/QMEzPRp_JFM.mp4
lipstick, https://media.signbsl.com/videos/asl/aslsearch/mp4/lipstick.mp4
liquefaction, https://media.signbsl.com/videos/asl/youtube/mp4/t_tjp7jYW0w.mp4
liquefied, https://media.signbsl.com/videos/asl/youtube/mp4/21JSoZjBp_w.mp4
liquid, https://media.signbsl.com/videos/asl/elementalaslconcepts/mp4/liquid.mp4
liquidate, https://media.signbsl.com/videos/asl/aslsearch/mp4/pay-off.mp4
liquidator, https://player.vimeo.com/external/392691219.sd.mp4?s=f7909b5b5a1784b553a2fcd86dcfc79d2a4e259a&profile_id=164
liquidiser, https://media.signbsl.com/videos/asl/aslsearch/mp4/blender.mp4
liquidity availability of money for a business, https://media.signbsl.com/videos/asl/youtube/mp4/sj9i1wd5Qdc.mp4
liquidize, https://media.signbsl.com/videos/asl/youtube/mp4/uNULmEKfYD4.mp4
liquidizer, https://media.signbsl.com/videos/asl/aslsearch/mp4/blender.mp4
liquidness flow easily, https://media.signbsl.com/videos/asl/youtube/mp4/2CQMBcfHCrM.mp4
liquified, https://media.signbsl.com/videos/asl/youtube/mp4/21JSoZjBp_w.mp4
liquor, https://media.signbsl.com/videos/asl/aslsearch/mp4/liquor.mp4
LISP, https://media.signbsl.com/videos/asl/youtube/mp4/0-bp54lKxlA.mp4
lissom, https://media.signbsl.com/videos/asl/youtube/mp4/hR3LU8I3K4o.mp4
lissome, https://media.signbsl.com/videos/asl/youtube/mp4/hR3LU8I3K4o.mp4
list, https://media.signbsl.com/videos/asl/aslsignbank/mp4/LIST-1644.mp4
list at, https://media.signbsl.com/videos/asl/youtube/mp4/M_Im-yGAIz8.mp4
listen, https://media.signbsl.com/videos/asl/startasl/mp4/listen.mp4
listenable, https://media.signbsl.com/videos/asl/youtube/mp4/Nof_E45ENh4.mp4
listener, https://media.signbsl.com/videos/asl/youtube/mp4/YeOXLrpgwBE.mp4
listen in, https://media.signbsl.com/videos/asl/youtube/mp4/TbHXn5bUxxs.mp4
listen not, https://player.vimeo.com/external/392264477.sd.mp4?s=00153051202a4b9af470446ade65b9561798e658&profile_id=164
listen not alternate, https://player.vimeo.com/external/392264530.sd.mp4?s=265b0b110818753492f69884cc563dbbf322734d&profile_id=164
listen pay attention, https://media.signbsl.com/videos/asl/youtube/mp4/IVQLWT6Otj0.mp4
listen to, https://media.signbsl.com/videos/asl/youtube/mp4/c4ktuGwCBp0.mp4
listen visually not auditorily, https://player.vimeo.com/external/392264567.sd.mp4?s=53d3979daf6a96973d3e274fea22b6fd35c169c8&profile_id=164
lister cataloger, https://media.signbsl.com/videos/asl/youtube/mp4/fHvUsJ9XD7c.mp4
listing, https://media.signbsl.com/videos/asl/aslsignbank/mp4/LIST-1644.mp4
listless, https://player.vimeo.com/external/392264634.sd.mp4?s=1eae57b51d71a8509a6367d2ff6da85db2a308bd&profile_id=164
list of things, https://media.signbsl.com/videos/asl/youtube/mp4/Sbp-0LkFGeI.mp4
list processing language, https://media.signbsl.com/videos/asl/youtube/mp4/0-bp54lKxlA.mp4
lit, https://media.signbsl.com/videos/asl/youtube/mp4/6Y8j6FDWqTU.mp4
litanies, https://media.signbsl.com/videos/asl/youtube/mp4/zlwslRO4JEQ.mp4
Litany, https://media.signbsl.com/videos/asl/youtube/mp4/zlwslRO4JEQ.mp4
liter, https://media.signbsl.com/videos/asl/tsdvideo/mp4/235.mp4
literacy, https://player.vimeo.com/external/392264800.sd.mp4?s=dc18e68a9ed2d17104a8debd23af36a6187e89c8&profile_id=164
literal, https://media.signbsl.com/videos/asl/youtube/mp4/Yt7RGttQ8Yc.mp4
literal error, https://media.signbsl.com/videos/asl/youtube/mp4/Yt7RGttQ8Yc.mp4
literariness, https://media.signbsl.com/videos/asl/youtube/mp4/dIgaywgqMes.mp4
literary pirate, https://media.signbsl.com/videos/asl/youtube/mp4/77AA28kKNeM.mp4
literate, https://player.vimeo.com/external/392264851.sd.mp4?s=f66a6d569436eb40c3abdf310bc3a7939e6db2b0&profile_id=164
literati, https://media.signbsl.com/videos/asl/youtube/mp4/-tOD8xAJ_Qk.mp4
literature, https://player.vimeo.com/external/392867146.sd.mp4?s=3ecf87cc74fa50a952069aa7316a6e7046d6c9c9&profile_id=164
lithe, https://media.signbsl.com/videos/asl/youtube/mp4/hR3LU8I3K4o.mp4
lithelitherlithestagilemore agilemost agile, https://media.signbsl.com/videos/asl/youtube/mp4/aBOY0SF_Mk4.mp4
lithesome, https://media.signbsl.com/videos/asl/youtube/mp4/hR3LU8I3K4o.mp4
lithic, https://media.signbsl.com/videos/asl/youtube/mp4/CR3eWtRAb9g.mp4
lithograph, https://media.signbsl.com/videos/asl/youtube/mp4/0YiutcVgZ6c.mp4
lithographer, https://media.signbsl.com/videos/asl/youtube/mp4/TjRkceg8W0E.mp4
lithograph machine, https://media.signbsl.com/videos/asl/youtube/mp4/0YiutcVgZ6c.mp4
lithosphere, https://media.signbsl.com/videos/asl/elementalaslconcepts/mp4/geosphere.mp4
Lithuania, https://media.signbsl.com/videos/asl/aslsignbank/mp4/LITHUANIA-3389.mp4
litigant, https://media.signbsl.com/videos/asl/youtube/mp4/bcTUxDDb8jk.mp4
litigate, https://media.signbsl.com/videos/asl/aslsearch/mp4/sue.mp4
litigator, https://media.signbsl.com/videos/asl/youtube/mp4/bcTUxDDb8jk.mp4
litoral, https://media.signbsl.com/videos/asl/youtube/mp4/51irRXcDkls.mp4
litotes, https://media.signbsl.com/videos/asl/youtube/mp4/H76lk3DseqA.mp4
litre, https://media.signbsl.com/videos/asl/tsdvideo/mp4/235.mp4
litter, https://player.vimeo.com/external/392264922.sd.mp4?s=a9abc00749a21f15632b8503cf06985c7a6a4a3c&profile_id=164
litterateur, https://media.signbsl.com/videos/asl/youtube/mp4/NFyPKcASDP8.mp4
litterbug, https://media.signbsl.com/videos/asl/youtube/mp4/J3oy5eyjSUo.mp4
litterer, https://media.signbsl.com/videos/asl/youtube/mp4/J3oy5eyjSUo.mp4
litter lout, https://media.signbsl.com/videos/asl/youtube/mp4/J3oy5eyjSUo.mp4
little, https://media.signbsl.com/videos/asl/startasl/mp4/small.mp4
little bird told me, https://media.signbsl.com/videos/asl/youtube/mp4/P9AkeV3EuTU.mp4
little bit, https://media.signbsl.com/videos/asl/aslsearch/mp4/little-bit.mp4
little by little, https://media.signbsl.com/videos/asl/youtube/mp4/A0OfB7Mqkkk.mp4
little finger, https://player.vimeo.com/external/392413714.sd.mp4?s=0244721b2a09a38d41168a4b005dd093a4c6739c&profile_id=164
little hand, https://media.signbsl.com/videos/asl/tsdvideo/mp4/48.mp4
littlelittlerlittlest smallersmallest amount, https://media.signbsl.com/videos/asl/youtube/mp4/hf8FDJp-OsE.mp4
littlelittlerlittlest smallersmallest height, https://media.signbsl.com/videos/asl/youtube/mp4/4hMD79fBGwA.mp4
little ol me, https://media.signbsl.com/videos/asl/youtube/mp4/ZMoEXE6H_oo.mp4
little people, https://player.vimeo.com/external/392688745.sd.mp4?s=f91fef9c47695e2302c935d821b50f9344d6695f&profile_id=164
little pitchers have big ears, https://media.signbsl.com/videos/asl/youtube/mp4/SmncH8RVtu4.mp4
littler, https://media.signbsl.com/videos/asl/youtube/mp4/gv46dsGhuqM.mp4
Little Rhody, https://media.signbsl.com/videos/asl/youtube/mp4/0eJ7ZUmDWnI.mp4
little strokes fell great oaks, https://media.signbsl.com/videos/asl/youtube/mp4/9f3RvdTVNo4.mp4
littoral, https://media.signbsl.com/videos/asl/youtube/mp4/51irRXcDkls.mp4
littoral zone, https://media.signbsl.com/videos/asl/youtube/mp4/51irRXcDkls.mp4
liturgies, https://media.signbsl.com/videos/asl/handsofgrace/mp4/QdWqyZjXzuo.mp4
liturgist, https://media.signbsl.com/videos/asl/youtube/mp4/5ilF5yoy--k.mp4
Liturgy, https://media.signbsl.com/videos/asl/handsofgrace/mp4/QdWqyZjXzuo.mp4
live, https://media.signbsl.com/videos/asl/aslsearch/mp4/exist.mp4
live and let live, https://media.signbsl.com/videos/asl/youtube/mp4/faj9IIMRnw8.mp4
live by the rule, https://media.signbsl.com/videos/asl/youtube/mp4/puQ0Acd-3iY.mp4
live down embarassment, https://media.signbsl.com/videos/asl/youtube/mp4/h9-dJTOgyc8.mp4
live high on the hog, https://media.signbsl.com/videos/asl/youtube/mp4/XW41ohjg7Jo.mp4
livelihood, https://media.signbsl.com/videos/asl/youtube/mp4/3CvoF01Fme8.mp4
liveliness, https://player.vimeo.com/external/391162821.sd.mp4?s=645089195ed43f6290171a99121ab7a9aba0268a&profile_id=164
lively, https://media.signbsl.com/videos/asl/aslsearch/mp4/lively.mp4
liven, https://media.signbsl.com/videos/asl/youtube/mp4/BrxJypMsQwg.mp4
liven up, https://media.signbsl.com/videos/asl/youtube/mp4/BrxJypMsQwg.mp4
live off, https://player.vimeo.com/external/392264996.sd.mp4?s=386ea1cf1ed32d6757bf1d0c6ba1cfdc6d6882d6&profile_id=164
live off live on make do, https://media.signbsl.com/videos/asl/youtube/mp4/Ivv2Ppo-62s.mp4
live on, https://media.signbsl.com/videos/asl/valleybible/mp4/endure.mp4
live on foreverlast forever, https://media.signbsl.com/videos/asl/youtube/mp4/-1CudTJfljk.mp4
live onsubsist on, https://media.signbsl.com/videos/asl/youtube/mp4/RMuBsVEIR5s.mp4
live out, https://media.signbsl.com/videos/asl/youtube/mp4/XaFcmisltLw.mp4
live out accomplish live out your dreams, https://media.signbsl.com/videos/asl/youtube/mp4/92dNT4HKmYs.mp4
live out live until die he lived out his life in mexico, https://media.signbsl.com/videos/asl/youtube/mp4/O2tDY-MLbuw.mp4
live over, https://media.signbsl.com/videos/asl/youtube/mp4/_l320slo-QM.mp4
liver, https://media.signbsl.com/videos/asl/youtube/mp4/eFTQXgZrZHM.mp4
liverey boy, https://media.signbsl.com/videos/asl/youtube/mp4/SsyJm0_YxLA.mp4
liveried, https://media.signbsl.com/videos/asl/youtube/mp4/sNgenL_f3io.mp4
liverish, https://media.signbsl.com/videos/asl/youtube/mp4/QQGd6gNgvDk.mp4
livery, https://media.signbsl.com/videos/asl/youtube/mp4/i_KWXEqgUVQ.mp4
liveryman, https://media.signbsl.com/videos/asl/youtube/mp4/9akdfO12P70.mp4
livestock, https://media.signbsl.com/videos/asl/youtube/mp4/YHU1nLn_vBg.mp4
live through another person, https://media.signbsl.com/videos/asl/youtube/mp4/f0G8AMALslA.mp4
live up to, https://media.signbsl.com/videos/asl/aslsearch/mp4/satisfy.mp4
live up to expectations, https://media.signbsl.com/videos/asl/youtube/mp4/IP1jA1hLy7Q.mp4
live wire, https://media.signbsl.com/videos/asl/youtube/mp4/D1BKVEZFbLk.mp4
livid, https://media.signbsl.com/videos/asl/youtube/mp4/3NfwtKTwaWM.mp4
lividity, https://media.signbsl.com/videos/asl/youtube/mp4/CyWP5-vGPDs.mp4
lividness, https://media.signbsl.com/videos/asl/youtube/mp4/CyWP5-vGPDs.mp4
living, https://media.signbsl.com/videos/asl/youtube/mp4/3CvoF01Fme8.mp4
living accommodations, https://media.signbsl.com/videos/asl/youtube/mp4/zlALAxXBvD8.mp4
Living Prophet, https://media.signbsl.com/videos/asl/ids/mp4/2013-11-2810-living-prophet-1500k-ase.mp4
living room, https://media.signbsl.com/videos/asl/startasl/mp4/living-room.mp4
living together, https://media.signbsl.com/videos/asl/unoclimb/mp4/Xoc2jeVRa3w.mp4
lizard, https://media.signbsl.com/videos/asl/aslsearch/mp4/lizard.mp4
ll, https://media.signbsl.com/videos/asl/aslsearch/mp4/ll.mp4
llama, https://player.vimeo.com/external/392265111.sd.mp4?s=6218e88e880ccbac942af83c9be91512877b3678&profile_id=164
lmao, https://media.signbsl.com/videos/asl/youtube/mp4/FU4IDkCSmnw.mp4
load, https://media.signbsl.com/videos/asl/aslsearch/mp4/load.mp4
loaded, https://player.vimeo.com/external/392518215.sd.mp4?s=113d53ba6f2c71f52d578ada70db149ecff96e8b&profile_id=164
loader, https://media.signbsl.com/videos/asl/youtube/mp4/RjntGDiqg2s.mp4
loading, https://media.signbsl.com/videos/asl/aslsearch/mp4/load.mp4
loads, https://media.signbsl.com/videos/asl/aslsignbank/mp4/AUDIENCE-2081.mp4
loaf, https://media.signbsl.com/videos/asl/aslsearch/mp4/loaf.mp4
Loafer, https://media.signbsl.com/videos/asl/youtube/mp4/Cw5XKGlSzm8.mp4
loaf of bread, https://media.signbsl.com/videos/asl/aslsearch/mp4/loaf.mp4
loam, https://media.signbsl.com/videos/asl/youtube/mp4/nPdR_idhx00.mp4
loan, https://media.signbsl.com/videos/asl/aslsearch/mp4/loan.mp4
lo and behold, https://media.signbsl.com/videos/asl/youtube/mp4/DT_8HHOJiAw.mp4
loaner, https://media.signbsl.com/videos/asl/youtube/mp4/VVbsiVkHMh0.mp4
loan lend, https://player.vimeo.com/external/392265220.sd.mp4?s=1ebf54e76fc6f8b3ef9125c8115c0012e8f236dc&profile_id=164
loan shark, https://media.signbsl.com/videos/asl/youtube/mp4/hY8C443Mspo.mp4
loanshark, https://media.signbsl.com/videos/asl/youtube/mp4/hY8C443Mspo.mp4
loanword, https://player.vimeo.com/external/392265269.sd.mp4?s=ed307549fac1930e9037625a594be7d0c248dcdc&profile_id=164
loath, https://player.vimeo.com/external/392869426.sd.mp4?s=af0d8766407c2f65bb164f4a468684701e3bdf03&profile_id=164
loathe, https://media.signbsl.com/videos/asl/aslsignbank/mp4/ABHOR-2040.mp4
loather, https://media.signbsl.com/videos/asl/youtube/mp4/nFuEe1XlXC8.mp4
loathly, https://player.vimeo.com/external/392438285.sd.mp4?s=7788e41045bbb664e3772d01efbb2665c9ac374c&profile_id=164
loathsome, https://player.vimeo.com/external/392438285.sd.mp4?s=7788e41045bbb664e3772d01efbb2665c9ac374c&profile_id=164
lob, https://player.vimeo.com/external/392265326.sd.mp4?s=f08fc89dd8c27b9ea08261805fffc1d6e9d6c28e&profile_id=164
lobbied, https://media.signbsl.com/videos/asl/youtube/mp4/uzkkKjGS2Pc.mp4
lobbies, https://player.vimeo.com/external/392265369.sd.mp4?s=e5855665f155677d40889b1281073c48f7450fa2&profile_id=164
lobby, https://player.vimeo.com/external/392265369.sd.mp4?s=e5855665f155677d40889b1281073c48f7450fa2&profile_id=164
lobbyist, https://media.signbsl.com/videos/asl/youtube/mp4/My5zpg5WrdQ.mp4
lobotomies, https://media.signbsl.com/videos/asl/youtube/mp4/pfj6D6mV5Xs.mp4
lobotomy, https://media.signbsl.com/videos/asl/youtube/mp4/pfj6D6mV5Xs.mp4
lobster, https://media.signbsl.com/videos/asl/aslsignbank/mp4/PINCHER-2186.mp4
lobster plant, https://player.vimeo.com/external/392700394.sd.mp4?s=3ce5c289e45d969f63c0c94d02bb1b0e025d4ef8&profile_id=164
lobster trap, https://player.vimeo.com/external/392266884.sd.mp4?s=903bc2d2ad33acc81eea63db5e4ab375ca736756&profile_id=164
local, https://media.signbsl.com/videos/asl/aslsearch/mp4/local.mp4
localise, https://media.signbsl.com/videos/asl/youtube/mp4/C6pta89uRME.mp4
localism, https://media.signbsl.com/videos/asl/youtube/mp4/GSUPbEf4gEw.mp4
locality, https://media.signbsl.com/videos/asl/startasl/mp4/neighborhood.mp4
localize, https://media.signbsl.com/videos/asl/youtube/mp4/C6pta89uRME.mp4
local post office, https://media.signbsl.com/videos/asl/aslsearch/mp4/post-office.mp4
locate, https://player.vimeo.com/external/392267064.sd.mp4?s=c433db3952258d7427fe47f3f1e7990237661edb&profile_id=164
locater, https://media.signbsl.com/videos/asl/youtube/mp4/Lxf-enXxtbs.mp4
locating, https://media.signbsl.com/videos/asl/youtube/mp4/5-3E4jr6syc.mp4
location, https://media.signbsl.com/videos/asl/aslsearch/mp4/location.mp4
locator, https://media.signbsl.com/videos/asl/youtube/mp4/Lxf-enXxtbs.mp4
loci, https://media.signbsl.com/videos/asl/youtube/mp4/yyYJ0VaA4MI.mp4
lock, https://media.signbsl.com/videos/asl/aslsignbank/mp4/LOCK-669.mp4
lockable, https://media.signbsl.com/videos/asl/youtube/mp4/IFRF8LnDgSQ.mp4
lock and load, https://media.signbsl.com/videos/asl/youtube/mp4/boIms1cA9iM.mp4
lock away, https://media.signbsl.com/videos/asl/aslsearch/mp4/lock-up.mp4
lock awaysecure, https://media.signbsl.com/videos/asl/youtube/mp4/hMW_kmtjNSA.mp4
lockdown, https://player.vimeo.com/external/392267288.sd.mp4?s=45f144ab54122dd3bb20bbc741ec3af0fd1d15c0&profile_id=164
locked, https://media.signbsl.com/videos/asl/startasl/mp4/lock.mp4
locker, https://media.signbsl.com/videos/asl/aslsearch/mp4/locker.mp4
locket, https://media.signbsl.com/videos/asl/aslsearch/mp4/locket.mp4
lock in, https://media.signbsl.com/videos/asl/aslsearch/mp4/lock-up.mp4
lock in lock into cost, https://media.signbsl.com/videos/asl/youtube/mp4/TZy-sekevhg.mp4
lock of hair, https://player.vimeo.com/external/392267147.sd.mp4?s=0683a41dd691e673ae1aa19ba2c6ec6de9b58189&profile_id=164
lock onto target, https://media.signbsl.com/videos/asl/youtube/mp4/xcidt8QZJjc.mp4
lockout, https://player.vimeo.com/external/392267572.sd.mp4?s=63d638872fcaa9914dec993925259a6461bf5fdd&profile_id=164
locksmith, https://media.signbsl.com/videos/asl/youtube/mp4/4aPXONmRSWA.mp4
lockstep, https://media.signbsl.com/videos/asl/youtube/mp4/HtbGFgu39Co.mp4
lockstep ideasof the same mind, https://media.signbsl.com/videos/asl/youtube/mp4/CAjcoGPpmE0.mp4
lockstep procedure, https://media.signbsl.com/videos/asl/youtube/mp4/ZYpSSVo2gCo.mp4
lock the stable door after the horse has bolted, https://media.signbsl.com/videos/asl/youtube/mp4/vFq5cQgDcLY.mp4
lock up, https://media.signbsl.com/videos/asl/aslsearch/mp4/lock-up.mp4
lock up close everything, https://media.signbsl.com/videos/asl/youtube/mp4/i3Pr9pWyMd4.mp4
lock up in safe place, https://media.signbsl.com/videos/asl/youtube/mp4/vYcf-4uu2rI.mp4
loco, https://media.signbsl.com/videos/asl/startasl/mp4/nuts.mp4
locomote, https://media.signbsl.com/videos/asl/startasl/mp4/go.mp4
locomotion, https://media.signbsl.com/videos/asl/youtube/mp4/-1GN-bv_G9I.mp4
locomotive, https://media.signbsl.com/videos/asl/aslsearch/mp4/locomotive.mp4
locomotive engine, https://media.signbsl.com/videos/asl/aslsearch/mp4/locomotive.mp4
locoweed, https://media.signbsl.com/videos/asl/youtube/mp4/FdUZb3NFrj0.mp4
locust, https://media.signbsl.com/videos/asl/youtube/mp4/ccie-SKnyqQ.mp4
locution, https://media.signbsl.com/videos/asl/aslsearch/mp4/expression.mp4
lode, https://media.signbsl.com/videos/asl/youtube/mp4/PCXEgMP3nAM.mp4
lodge, https://media.signbsl.com/videos/asl/youtube/mp4/-rS1zpcfvAQ.mp4
lodger, https://media.signbsl.com/videos/asl/youtube/mp4/zuMy73ocyoY.mp4
lodging, https://media.signbsl.com/videos/asl/youtube/mp4/zlALAxXBvD8.mp4
lodgings, https://media.signbsl.com/videos/asl/youtube/mp4/k96nCjAUABE.mp4
loess, https://media.signbsl.com/videos/asl/youtube/mp4/ppQqYjfXAuA.mp4
loft, https://media.signbsl.com/videos/asl/startasl/mp4/attic.mp4
loftier, https://media.signbsl.com/videos/asl/youtube/mp4/CCagSZKf0J8.mp4
loftiness, https://media.signbsl.com/videos/asl/valleybible/mp4/majesty.mp4
lofty, https://media.signbsl.com/videos/asl/youtube/mp4/9iobFhPGnUw.mp4
log, https://media.signbsl.com/videos/asl/tsdvideo/mp4/1306.mp4
logarithm, https://media.signbsl.com/videos/asl/tsdvideo/mp4/1306.mp4
logbook, https://player.vimeo.com/external/392267671.sd.mp4?s=d650e1168643464da37f648f22e5ee084a1894d0&profile_id=164
loggerhead, https://player.vimeo.com/external/391206075.sd.mp4?s=70036e65baeb2a49618c767f8923c823ff04370d&profile_id=164
logic, https://media.signbsl.com/videos/asl/aslsearch/mp4/logic.mp4
logically possible, https://media.signbsl.com/videos/asl/philosophy/mp4/Logically%20Possible-HD.mp4
logician, https://media.signbsl.com/videos/asl/youtube/mp4/aCms9QiN8OI.mp4
log in, https://media.signbsl.com/videos/asl/aslsearch/mp4/log-on.mp4
login, https://media.signbsl.com/videos/asl/aslsearch/mp4/log-on.mp4
logistician, https://media.signbsl.com/videos/asl/youtube/mp4/aCms9QiN8OI.mp4
logo, https://player.vimeo.com/external/392267722.sd.mp4?s=f68389fd629d3d643ad507cb416cf1128b3c12ee&profile_id=164
logocentrism, https://player.vimeo.com/external/392267741.sd.mp4?s=d8998bd231bcd1348cc8ddc68b435c7939709123&profile_id=164
log off, https://media.signbsl.com/videos/asl/aslsearch/mp4/log-off.mp4
logogram, https://player.vimeo.com/external/392267776.sd.mp4?s=3c23fa0a26c3c7489ec8bb4e3f47dd2ea24bf3ae&profile_id=164
logograph, https://player.vimeo.com/external/392267776.sd.mp4?s=3c23fa0a26c3c7489ec8bb4e3f47dd2ea24bf3ae&profile_id=164
log on, https://media.signbsl.com/videos/asl/aslsearch/mp4/log-on.mp4
logotype, https://player.vimeo.com/external/392267722.sd.mp4?s=f68389fd629d3d643ad507cb416cf1128b3c12ee&profile_id=164
log out, https://media.signbsl.com/videos/asl/aslsearch/mp4/log-off.mp4
logout, https://media.signbsl.com/videos/asl/aslsearch/mp4/log-off.mp4
log Zs, https://media.signbsl.com/videos/asl/startasl/mp4/sleep.mp4
loin, https://media.signbsl.com/videos/asl/youtube/mp4/3IhsdC2F1A8.mp4
loiter, https://player.vimeo.com/external/392267878.sd.mp4?s=10d9266847209e94d3c1a9616403129d8e274422&profile_id=164
loiterer, https://media.signbsl.com/videos/asl/youtube/mp4/tAGCxBj3kLc.mp4
loked around, https://media.signbsl.com/videos/asl/youtube/mp4/EySB7kAgH2E.mp4
lol, https://media.signbsl.com/videos/asl/youtube/mp4/I78MTZlrRqU.mp4
lolipop, https://media.signbsl.com/videos/asl/youtube/mp4/_kgSgVH0uTc.mp4
loll, https://media.signbsl.com/videos/asl/youtube/mp4/8bCWeUU4sHw.mp4
loll around, https://media.signbsl.com/videos/asl/youtube/mp4/8bCWeUU4sHw.mp4
lollipop, https://media.signbsl.com/videos/asl/aslsearch/mp4/lollipop.mp4
lollop, https://media.signbsl.com/videos/asl/youtube/mp4/ZWPy0KUY62Y.mp4
lolly, https://media.signbsl.com/videos/asl/aslsearch/mp4/lollipop.mp4
lollygag, https://player.vimeo.com/external/392267878.sd.mp4?s=10d9266847209e94d3c1a9616403129d8e274422&profile_id=164
London, https://media.signbsl.com/videos/asl/aslsignbank/mp4/LONDON-3481.mp4
london ontario, https://player.vimeo.com/external/392267991.sd.mp4?s=293d2e25b3128c3da76ecb447232845e5ce8567e&profile_id=164
lone, https://media.signbsl.com/videos/asl/youtube/mp4/_jufYPHbva8.mp4
lone hand, https://media.signbsl.com/videos/asl/youtube/mp4/ltxWLPKk_d8.mp4
loneliness, https://media.signbsl.com/videos/asl/youtube/mp4/bSox6pN4dIk.mp4
lonely, https://media.signbsl.com/videos/asl/aslsearch/mp4/lonely.mp4
lonelylonelierloneliestlonesomerlonesomest, https://media.signbsl.com/videos/asl/youtube/mp4/1IvozDR-uao.mp4
loner, https://media.signbsl.com/videos/asl/youtube/mp4/ltxWLPKk_d8.mp4
lonesome, https://media.signbsl.com/videos/asl/aslsearch/mp4/lonely.mp4
Lone Star State, https://media.signbsl.com/videos/asl/youtube/mp4/Kz7MQQ35XaE.mp4
lone wolf, https://media.signbsl.com/videos/asl/youtube/mp4/ltxWLPKk_d8.mp4
long, https://media.signbsl.com/videos/asl/aslsignbank/mp4/LONG-WORD-176.mp4
Long-suffering, https://media.signbsl.com/videos/asl/ids/mp4/2013-11-2820-long-suffering-1500k-ase.mp4
long ago, https://player.vimeo.com/external/392268155.sd.mp4?s=60b48dca6dea3328e710c8ee1dda9f12133f9d69&profile_id=164
long and curly hair, https://media.signbsl.com/videos/asl/youtube/mp4/dEJajEuDhk4.mp4
longanimity, https://media.signbsl.com/videos/asl/aslsearch/mp4/patience.mp4
long distance, https://player.vimeo.com/external/392268256.sd.mp4?s=441ed286a2a7c1cc843a600cf95826c55b561da9&profile_id=164
long distance runner, https://media.signbsl.com/videos/asl/youtube/mp4/OfzavG_Sh-s.mp4
longer than, https://media.signbsl.com/videos/asl/startasl/mp4/longer-than.mp4
longevity, https://media.signbsl.com/videos/asl/youtube/mp4/uzi1iF1G_Wg.mp4
long face, https://media.signbsl.com/videos/asl/aslsearch/mp4/long-face.mp4
long hair, https://media.signbsl.com/videos/asl/aslsearch/mp4/long-hair.mp4
longhand, https://media.signbsl.com/videos/asl/youtube/mp4/7QQ9An7Xl5g.mp4
long hundredweight, https://media.signbsl.com/videos/asl/youtube/mp4/qSjyWSP9Xpk.mp4
longing, https://media.signbsl.com/videos/asl/aslsearch/mp4/longing.mp4
longish, https://media.signbsl.com/videos/asl/youtube/mp4/XZdsV1VsJ48.mp4
longitude, https://media.signbsl.com/videos/asl/elementalaslconcepts/mp4/longitude.mp4
longitudinally, https://media.signbsl.com/videos/asl/youtube/mp4/bUyBFlWgO-I.mp4
long line, https://media.signbsl.com/videos/asl/youtube/mp4/QxfDEPMyfvM.mp4
longnose, https://player.vimeo.com/external/392268856.sd.mp4?s=1fe434d271aa7dac1e31c58979fcecdb884ffcc7&profile_id=164
long range a long distance, https://media.signbsl.com/videos/asl/youtube/mp4/LJp-GjEwTVw.mp4
long rangefar in the future, https://media.signbsl.com/videos/asl/youtube/mp4/xWhNGGA5YeE.mp4
longshoreman, https://media.signbsl.com/videos/asl/youtube/mp4/pjDwhof8pAc.mp4
long shot, https://media.signbsl.com/videos/asl/youtube/mp4/5pkHgUBSg10.mp4
longsighted, https://media.signbsl.com/videos/asl/youtube/mp4/8OZCLNPqppQ.mp4
long since, https://player.vimeo.com/external/392268155.sd.mp4?s=60b48dca6dea3328e710c8ee1dda9f12133f9d69&profile_id=164
long sleeve, https://media.signbsl.com/videos/asl/aslsearch/mp4/long-sleeve.mp4
long sleeved, https://player.vimeo.com/external/392268278.sd.mp4?s=39caf158b2352203063590ea341a424185368bdd&profile_id=164
long sleeves, https://media.signbsl.com/videos/asl/aslsearch/mp4/long-sleeve.mp4
long stay, https://player.vimeo.com/external/392268585.sd.mp4?s=9513333c13bfe0404c90b5158ed091228f7f5c06&profile_id=164
long suffering, https://media.signbsl.com/videos/asl/ids/mp4/2013-11-2820-long-suffering-1500k-ase.mp4
long suit, https://media.signbsl.com/videos/asl/youtube/mp4/kD-DAmqymYI.mp4
long time, https://media.signbsl.com/videos/asl/signlanguagestudent/mp4/years.mp4
longtime, https://media.signbsl.com/videos/asl/signlanguagestudent/mp4/years.mp4
long time ago, https://media.signbsl.com/videos/asl/aslsearch/mp4/long-time-ago.mp4
long time no hear long time no see, https://media.signbsl.com/videos/asl/youtube/mp4/UIUF6rR5D1E.mp4
longueur, https://media.signbsl.com/videos/asl/youtube/mp4/yDK5ZKw_h_A.mp4
longways, https://media.signbsl.com/videos/asl/youtube/mp4/bUyBFlWgO-I.mp4
long ways away, https://media.signbsl.com/videos/asl/youtube/mp4/hxrQULxFg00.mp4
long wearing, https://player.vimeo.com/external/391993217.sd.mp4?s=46d7f2bc8b6c5d49017022860bd7fdf0afa309c4&profile_id=164
long winded, https://media.signbsl.com/videos/asl/youtube/mp4/3T8r8wJDUik.mp4
long windedly, https://media.signbsl.com/videos/asl/youtube/mp4/6YRbpujFO0U.mp4
longwise, https://media.signbsl.com/videos/asl/youtube/mp4/bUyBFlWgO-I.mp4
look, https://media.signbsl.com/videos/asl/aslsignbank/mp4/LOOK-500.mp4
look after the pennies and the dollars will look after themselves, https://media.signbsl.com/videos/asl/youtube/mp4/p1zT2mNIIsw.mp4
look ahead, https://player.vimeo.com/external/392270184.sd.mp4?s=011815d0a494c0df5bc1b4b93bca73b27eaef8fc&profile_id=164
look all over, https://media.signbsl.com/videos/asl/youtube/mp4/1IeDK1dg400.mp4
look around, https://player.vimeo.com/external/392270574.sd.mp4?s=2ad732c6f28cf69c3f1a3cc5589131cf177c78c4&profile_id=164
look around in boredom, https://media.signbsl.com/videos/asl/youtube/mp4/HQEj81yBEf0.mp4
look at, https://player.vimeo.com/external/392270733.sd.mp4?s=4529ab1e501e2f3eb6cbed08f74da2eeb19c7b08&profile_id=164
look at me, https://media.signbsl.com/videos/asl/aslsearch/mp4/look-at-me.mp4
look back, https://media.signbsl.com/videos/asl/aslsearch/mp4/look-back.mp4
look backward, https://media.signbsl.com/videos/asl/aslsearch/mp4/look-back.mp4
look down, https://media.signbsl.com/videos/asl/youtube/mp4/od9n14nut28.mp4
look downglance down, https://media.signbsl.com/videos/asl/youtube/mp4/r4FnAN5GnCc.mp4
look down on, https://media.signbsl.com/videos/asl/youtube/mp4/od9n14nut28.mp4
look down upon, https://player.vimeo.com/external/392270894.sd.mp4?s=194a5e1dcb93fb0ce4c35825fd2d1ac9e9d97cd6&profile_id=164
looker, https://media.signbsl.com/videos/asl/startasl/mp4/sweetheart.mp4
looker on, https://media.signbsl.com/videos/asl/youtube/mp4/44YAxYTCccE.mp4
look for, https://media.signbsl.com/videos/asl/aslsearch/mp4/look-for.mp4
look forward to, https://player.vimeo.com/external/392264018.sd.mp4?s=1412f2da6476c4eb984c114c43a38c59e5314e6e&profile_id=164
look forward to the future, https://media.signbsl.com/videos/asl/youtube/mp4/YaVxEa6Jmic.mp4
looking at things, https://media.signbsl.com/videos/asl/youtube/mp4/3BDr9RvcdmY.mp4
looking for a needle in a haystack, https://media.signbsl.com/videos/asl/youtube/mp4/Txao9OMCpcY.mp4
look into, https://media.signbsl.com/videos/asl/ids/mp4/2013-11-2470-investigate-1500k-ase.mp4
look into your heartshow compassion, https://media.signbsl.com/videos/asl/youtube/mp4/W9Xmu7jOZmY.mp4
look like, https://media.signbsl.com/videos/asl/aslsignbank/mp4/LOOK-LIKE-501.mp4
look offlook off into, https://media.signbsl.com/videos/asl/youtube/mp4/mLZhGOviOPw.mp4
look on, https://media.signbsl.com/videos/asl/youtube/mp4/Zx6oZZJKEOI.mp4
look out, https://media.signbsl.com/videos/asl/aslsearch/mp4/look-out.mp4
lookout, https://media.signbsl.com/videos/asl/aslsearch/mp4/look-out.mp4
look out for number one look after number 1, https://media.signbsl.com/videos/asl/youtube/mp4/01k763fNwVE.mp4
lookout man, https://media.signbsl.com/videos/asl/youtube/mp4/k5tly7rid2Y.mp4
look outwatch out, https://media.signbsl.com/videos/asl/youtube/mp4/X6gQP7cDdwM.mp4
look over, https://media.signbsl.com/videos/asl/aslsearch/mp4/appearance.mp4
look over your shoulder, https://media.signbsl.com/videos/asl/youtube/mp4/_5LHZpcrc0Y.mp4
look sharp, https://media.signbsl.com/videos/asl/startasl/mp4/hurry.mp4
look through, https://media.signbsl.com/videos/asl/aslsignbank/mp4/READ-341.mp4
look through go through, https://media.signbsl.com/videos/asl/youtube/mp4/vB4t5-5ajqU.mp4
look to, https://media.signbsl.com/videos/asl/aslsignbank/mp4/LOOK-FORWARD-1637.mp4
look to turn to for help, https://media.signbsl.com/videos/asl/youtube/mp4/pBcQ-Hr0b3A.mp4
look up, https://media.signbsl.com/videos/asl/aslsearch/mp4/refer.mp4
look upon, https://media.signbsl.com/videos/asl/youtube/mp4/Zx6oZZJKEOI.mp4
look up to, https://media.signbsl.com/videos/asl/aslsignbank/mp4/ADMIRE-777.mp4
look what the cat dragged in, https://media.signbsl.com/videos/asl/youtube/mp4/NZ3yQ9UkKYk.mp4
loom, https://media.signbsl.com/videos/asl/youtube/mp4/PG1Yc3k5lek.mp4
loon, https://media.signbsl.com/videos/asl/youtube/mp4/yITShcjgjks.mp4
loonie, https://player.vimeo.com/external/392277121.sd.mp4?s=4a6c8405a757164ae25eedd95962482daf6e48fd&profile_id=164
loony, https://media.signbsl.com/videos/asl/startasl/mp4/nuts.mp4
loony bin, https://media.signbsl.com/videos/asl/youtube/mp4/PWhjU4vMZCc.mp4
loop, https://media.signbsl.com/videos/asl/aslsearch/mp4/loop.mp4
loopback, https://media.signbsl.com/videos/asl/deaftec/mp4/1012.mp4
loophole, https://media.signbsl.com/videos/asl/youtube/mp4/UgedXPb8-MQ.mp4
loopy, https://media.signbsl.com/videos/asl/startasl/mp4/nuts.mp4
loose, https://media.signbsl.com/videos/asl/aslsearch/mp4/loose.mp4
loose end, https://media.signbsl.com/videos/asl/youtube/mp4/5-AiAm54-xg.mp4
loose fitting, https://media.signbsl.com/videos/asl/youtube/mp4/FCK-RPrz0Zc.mp4
loose lips sink ships, https://media.signbsl.com/videos/asl/youtube/mp4/BqbiVQjPmPY.mp4
looselooserloosest not tight fitting, https://media.signbsl.com/videos/asl/youtube/mp4/w6vQngcxS-U.mp4
loosen, https://media.signbsl.com/videos/asl/youtube/mp4/_9QKVp4cD5I.mp4
looseness, https://media.signbsl.com/videos/asl/youtube/mp4/zbGSmEnvOtY.mp4
looseness of the bowels, https://media.signbsl.com/videos/asl/startasl/mp4/diarrhea.mp4
loosen up, https://media.signbsl.com/videos/asl/aslsignbank/mp4/REST-352.mp4
loosen up become less strict, https://media.signbsl.com/videos/asl/youtube/mp4/51wdtTGTatQ.mp4
looser, https://media.signbsl.com/videos/asl/youtube/mp4/VmGibjXJkeE.mp4
loose woman, https://media.signbsl.com/videos/asl/youtube/mp4/ie2iSOIwHUI.mp4
loot, https://media.signbsl.com/videos/asl/youtube/mp4/tJNaWI_1WiY.mp4
looter, https://media.signbsl.com/videos/asl/youtube/mp4/AsARS28zh9s.mp4
loot gifts, https://media.signbsl.com/videos/asl/youtube/mp4/wMoOk0U94Xs.mp4
lop, https://media.signbsl.com/videos/asl/youtube/mp4/QcJIOYPrf1Q.mp4
lope, https://media.signbsl.com/videos/asl/youtube/mp4/UwdBSoSx0Dw.mp4
Lophius Americanus, https://media.signbsl.com/videos/asl/youtube/mp4/lSzFT3o3cfs.mp4
lop off, https://media.signbsl.com/videos/asl/youtube/mp4/sPe_kRajjZc.mp4
lopsided, https://media.signbsl.com/videos/asl/aslsearch/mp4/lopsided.mp4
loquacious, https://player.vimeo.com/external/392872249.sd.mp4?s=d625aaffa0d1ffcdfe7f5bd05369fceb65ed7606&profile_id=164
loquaciousness, https://media.signbsl.com/videos/asl/youtube/mp4/7iwio9fffuQ.mp4
loquacity, https://media.signbsl.com/videos/asl/youtube/mp4/7iwio9fffuQ.mp4
Lord, https://media.signbsl.com/videos/asl/aslsignbank/mp4/LORD-2412.mp4
lordliness, https://media.signbsl.com/videos/asl/youtube/mp4/uXbQXCLq_4s.mp4
lord love a duckomg, https://media.signbsl.com/videos/asl/youtube/mp4/37hSaMCPYTI.mp4
Lords Day, https://media.signbsl.com/videos/asl/startasl/mp4/sunday.mp4
Lordship, https://media.signbsl.com/videos/asl/youtube/mp4/dGtfxAnoPos.mp4
Lords Supper, https://media.signbsl.com/videos/asl/handsofgrace/mp4/QdWqyZjXzuo.mp4
Lords table, https://media.signbsl.com/videos/asl/valleybible/mp4/altar.mp4
lord willin and the creek dont rise, https://media.signbsl.com/videos/asl/youtube/mp4/lZti_OcP4IM.mp4
lore, https://media.signbsl.com/videos/asl/youtube/mp4/P71sxTSkV08.mp4
lorn, https://media.signbsl.com/videos/asl/youtube/mp4/VnB55xWWJFg.mp4
lorries, https://media.signbsl.com/videos/asl/youtube/mp4/41SU7GZIOHo.mp4
lorry, https://media.signbsl.com/videos/asl/youtube/mp4/41SU7GZIOHo.mp4
Los Angeles, https://player.vimeo.com/external/392277242.sd.mp4?s=446ed331caa190449fdee3ebb0eb563039441f25&profile_id=164
lose, https://media.signbsl.com/videos/asl/startasl/mp4/lose.mp4
lose closely, https://media.signbsl.com/videos/asl/youtube/mp4/9dspEXVGZPw.mp4
lose ego, https://media.signbsl.com/videos/asl/youtube/mp4/oj8Ix8he1sk.mp4
lose game, https://media.signbsl.com/videos/asl/aslsearch/mp4/lose-game.mp4
lose head, https://media.signbsl.com/videos/asl/youtube/mp4/RZbKX6Tf5YQ.mp4
lose heart, https://media.signbsl.com/videos/asl/youtube/mp4/iyfZKKeLdBM.mp4
lose ones temper, https://media.signbsl.com/videos/asl/youtube/mp4/LMPPEKxGRjg.mp4
lose out lose out on miss out miss out on, https://media.signbsl.com/videos/asl/youtube/mp4/LSdIBHIBkZI.mp4
lose out to, https://media.signbsl.com/videos/asl/youtube/mp4/lSKUgSq0XCo.mp4
loser, https://media.signbsl.com/videos/asl/aslsearch/mp4/loser.mp4
lose temper, https://player.vimeo.com/external/392867295.sd.mp4?s=5dc3256f7e4116190b299d318b31f814f9cf2a67&profile_id=164
lose weight, https://media.signbsl.com/videos/asl/startasl/mp4/lose-weight.mp4
lose your shirtgo bust, https://media.signbsl.com/videos/asl/youtube/mp4/JRbt8t95bsY.mp4
loss, https://media.signbsl.com/videos/asl/youtube/mp4/5oucugrWHp0.mp4
lossless, https://media.signbsl.com/videos/asl/youtube/mp4/VgWSn19XvtA.mp4
lost, https://media.signbsl.com/videos/asl/aslsignbank/mp4/CONFUSED-2320.mp4
lost a step, https://media.signbsl.com/videos/asl/youtube/mp4/KSGUhvp92wY.mp4
lost consciousness, https://media.signbsl.com/videos/asl/youtube/mp4/Cn7iow37xkM.mp4
lot, https://media.signbsl.com/videos/asl/aslsearch/mp4/lot.mp4
loth, https://player.vimeo.com/external/392869426.sd.mp4?s=af0d8766407c2f65bb164f4a468684701e3bdf03&profile_id=164
lotion, https://media.signbsl.com/videos/asl/aslsearch/mp4/lotion.mp4
lots, https://media.signbsl.com/videos/asl/aslsignbank/mp4/AUDIENCE-2081.mp4
lots plenty, https://media.signbsl.com/videos/asl/youtube/mp4/c09JrlT7AlY.mp4
lotte, https://media.signbsl.com/videos/asl/youtube/mp4/lSzFT3o3cfs.mp4
lottery, https://media.signbsl.com/videos/asl/youtube/mp4/n7hwNFv4iXg.mp4
lotto, https://player.vimeo.com/external/391201964.sd.mp4?s=e6dcc1b802d154a49917983a6e32dcab1d50b712&profile_id=164
loud, https://media.signbsl.com/videos/asl/startasl/mp4/loud.mp4
louder, https://media.signbsl.com/videos/asl/youtube/mp4/Omj2hXMvz0k.mp4
loudmouth, https://player.vimeo.com/external/392277436.sd.mp4?s=e24d4a433373c205ac953144241b7b3bbea99f86&profile_id=164
loudness, https://media.signbsl.com/videos/asl/youtube/mp4/N9yhABLu82I.mp4
loud noise, https://media.signbsl.com/videos/asl/aslbricks/mp4/bang.mp4
loudspeaker, https://media.signbsl.com/videos/asl/youtube/mp4/CKiCoPNArWU.mp4
loudspeaker system, https://media.signbsl.com/videos/asl/youtube/mp4/CKiCoPNArWU.mp4
Louisiana, https://media.signbsl.com/videos/asl/youtube/mp4/fgLJ8vQ30hY.mp4
Louisiana Purchase, https://media.signbsl.com/videos/asl/elementalaslconcepts/mp4/louisiana_purchase.mp4
louis vuitton, https://media.signbsl.com/videos/asl/thefamilyvocab/mp4/Louis-Vuitton.mp4
lounge, https://media.signbsl.com/videos/asl/startasl/mp4/sofa.mp4
lounge about, https://media.signbsl.com/videos/asl/youtube/mp4/8bCWeUU4sHw.mp4
lounge around, https://media.signbsl.com/videos/asl/youtube/mp4/8bCWeUU4sHw.mp4
lounge lizard, https://media.signbsl.com/videos/asl/youtube/mp4/K7IZDu2_lE4.mp4
lounger, https://media.signbsl.com/videos/asl/youtube/mp4/dnRKdO0qgvY.mp4
lour, https://media.signbsl.com/videos/asl/aslsearch/mp4/frown.mp4
louse up, https://media.signbsl.com/videos/asl/aslsignbank/mp4/FUCK-UP-2905.mp4
lousy, https://media.signbsl.com/videos/asl/startasl/mp4/lousy.mp4
lout, https://media.signbsl.com/videos/asl/youtube/mp4/Zavh6n7aUNk.mp4
lovable, https://media.signbsl.com/videos/asl/youtube/mp4/q1kA-MWfzs0.mp4
love, https://media.signbsl.com/videos/asl/startasl/mp4/love.mp4
loveable, https://media.signbsl.com/videos/asl/youtube/mp4/q1kA-MWfzs0.mp4
love affair, https://media.signbsl.com/videos/asl/mariekatzenbachschool/mp4/romance.mp4
love at first sight, https://player.vimeo.com/external/392277574.sd.mp4?s=91c8aceebf3eb5cfff6072eb65db2f8821295d8c&profile_id=164
lovebird, https://media.signbsl.com/videos/asl/youtube/mp4/q3_OWnP5bhg.mp4
love child, https://media.signbsl.com/videos/asl/youtube/mp4/L1BW0QuDX2w.mp4
loved one, https://media.signbsl.com/videos/asl/youtube/mp4/1S82rH6tVWg.mp4
love each other, https://player.vimeo.com/external/392277621.sd.mp4?s=654602878ddddbf231b3b6d649775e3220cb2517&profile_id=164
love feast, https://media.signbsl.com/videos/asl/youtube/mp4/P8UyAd_-aZo.mp4
love is blind, https://media.signbsl.com/videos/asl/youtube/mp4/qM3LetBBCPQ.mp4
love it, https://player.vimeo.com/external/392277678.sd.mp4?s=d75f7ae5049fb0c299759fc54d0c2666d61fba0a&profile_id=164
loveless, https://media.signbsl.com/videos/asl/youtube/mp4/whCS_nsobRg.mp4
love letter, https://media.signbsl.com/videos/asl/mariekatzenbachschool/mp4/love%20letter.mp4
lovelier, https://media.signbsl.com/videos/asl/youtube/mp4/NljQrc4H23g.mp4
loveliness, https://media.signbsl.com/videos/asl/youtube/mp4/I5ox7HypFNc.mp4
lovelorn, https://media.signbsl.com/videos/asl/youtube/mp4/LsQHo1KbT-o.mp4
lovely, https://media.signbsl.com/videos/asl/aslsearch/mp4/lovely.mp4
love me love my dog, https://media.signbsl.com/videos/asl/youtube/mp4/Sv3s0TNpfDA.mp4
Love of God, https://media.signbsl.com/videos/asl/ids/mp4/2013-11-2840-love-of-god-1500k-ase.mp4
lover, https://media.signbsl.com/videos/asl/youtube/mp4/b5RwDEAyrLk.mp4
lovesome, https://player.vimeo.com/external/391152440.sd.mp4?s=fc46d633d11499afbd7c020a3489b3f8f27d38b3&profile_id=164
lovestruck, https://media.signbsl.com/videos/asl/youtube/mp4/-FqUk2-eyfI.mp4
love ya, https://player.vimeo.com/external/392277724.sd.mp4?s=e0262103e905b1b44e8506739e64faa30d25b60b&profile_id=164
loving, https://player.vimeo.com/external/392689027.sd.mp4?s=5e78e4c35ea548941ff0c51f74fe61e869a01883&profile_id=164
low, https://media.signbsl.com/videos/asl/startasl/mp4/humble.mp4
low beam, https://player.vimeo.com/external/392277866.sd.mp4?s=5e7d91405adccbeb93537d502e49c19ae15e28c5&profile_id=164
low blood pressure, https://player.vimeo.com/external/392264062.sd.mp4?s=048e11dbe05df3433c486e587bb9345e24b86852&profile_id=164
low blow, https://player.vimeo.com/external/392277915.sd.mp4?s=a8c41502272366280dc553620bebb42fdd41bbad&profile_id=164
lowbrow, https://media.signbsl.com/videos/asl/youtube/mp4/KyXsNt9jVD0.mp4
lowbrowed, https://media.signbsl.com/videos/asl/youtube/mp4/KyXsNt9jVD0.mp4
lower, https://media.signbsl.com/videos/asl/youtube/mp4/OaQUvo3Pr7w.mp4
lower case, https://player.vimeo.com/external/392278080.sd.mp4?s=d41cce19d96dfc150f19d99ea5988a7d5fd2f369&profile_id=164
lowercase d, https://media.signbsl.com/videos/asl/youtube/mp4/rI_dfBo-kGE.mp4
lower case letter, https://player.vimeo.com/external/392278080.sd.mp4?s=d41cce19d96dfc150f19d99ea5988a7d5fd2f369&profile_id=164
lowercase letter, https://player.vimeo.com/external/392278080.sd.mp4?s=d41cce19d96dfc150f19d99ea5988a7d5fd2f369&profile_id=164
lowerclassman, https://media.signbsl.com/videos/asl/youtube/mp4/CZa75VXFMjQ.mp4
lowerclassmen, https://media.signbsl.com/videos/asl/youtube/mp4/y1OziTd3r5w.mp4
lower flag, https://media.signbsl.com/videos/asl/youtube/mp4/jfxbNYxfrS8.mp4
lower his eyes, https://media.signbsl.com/videos/asl/youtube/mp4/HgMfhJ_bMw4.mp4
lower move down, https://media.signbsl.com/videos/asl/youtube/mp4/m-IKfcHoNM0.mp4
lower oneself, https://media.signbsl.com/videos/asl/youtube/mp4/j_-W4v_PK2I.mp4
lower than a snakes belly lower than a snakes belly in a wagon rut, https://media.signbsl.com/videos/asl/youtube/mp4/pjHA1AQLRls.mp4
lower the bar, https://media.signbsl.com/videos/asl/youtube/mp4/lc_KnKKz8_U.mp4
lower the sound, https://media.signbsl.com/videos/asl/youtube/mp4/9c4Dd_TxW5E.mp4
lower your sights, https://media.signbsl.com/videos/asl/youtube/mp4/eil7G687sSM.mp4
lowest common multiple, https://media.signbsl.com/videos/asl/tsdvideo/mp4/233.mp4
lowest terms, https://media.signbsl.com/videos/asl/tsdvideo/mp4/340.mp4
low hanging fruit, https://media.signbsl.com/videos/asl/youtube/mp4/9jYltMjj1MQ.mp4
lowland, https://media.signbsl.com/videos/asl/youtube/mp4/ih27XhUdhoo.mp4
Lowlander, https://media.signbsl.com/videos/asl/youtube/mp4/WJU2IO8z-ZA.mp4
lowlier, https://media.signbsl.com/videos/asl/youtube/mp4/dWaGzAWPMCk.mp4
lowlife, https://media.signbsl.com/videos/asl/youtube/mp4/7LYI9dK_sEY.mp4
lowly, https://media.signbsl.com/videos/asl/startasl/mp4/humble.mp4
lowlylowlierlowliestlow lowerlowest, https://media.signbsl.com/videos/asl/youtube/mp4/T6WDBVK-KsM.mp4
low on gas, https://player.vimeo.com/external/392690000.sd.mp4?s=5ccbf10b6c21be89945eeffced2e97b535bc8b81&profile_id=164
low spirited, https://media.signbsl.com/videos/asl/startasl/mp4/depressed.mp4
low technology, https://player.vimeo.com/external/392277970.sd.mp4?s=520aadfe5b3c3deec5d61de9d02f32518439b99f&profile_id=164
low toned, https://media.signbsl.com/videos/asl/youtube/mp4/9hQT9jiQi1Q.mp4
low water mark, https://media.signbsl.com/videos/asl/youtube/mp4/rDHrZ6SNdLg.mp4
loyal, https://media.signbsl.com/videos/asl/aslsignbank/mp4/LOYAL-2994.mp4
loyaler, https://media.signbsl.com/videos/asl/youtube/mp4/b0L0i1-asWM.mp4
loyalist, https://media.signbsl.com/videos/asl/elementalaslconcepts/mp4/loyalist.mp4
loyalty, https://media.signbsl.com/videos/asl/youtube/mp4/w39wAB02sh8.mp4
lozenge, https://media.signbsl.com/videos/asl/youtube/mp4/54AUqovg4Cs.mp4
lte, https://media.signbsl.com/videos/asl/deaftec/mp4/1013.mp4
lubber, https://media.signbsl.com/videos/asl/youtube/mp4/it-hm4Ji5S0.mp4
lube, https://media.signbsl.com/videos/asl/AustinCommunityCollege/mp4/auto_lubricant_.mp4
lubricant, https://media.signbsl.com/videos/asl/AustinCommunityCollege/mp4/auto_lubricant_.mp4
lubricant (spray), https://media.signbsl.com/videos/asl/youtube/mp4/INa5fy5GoP8.mp4
lubricant spray, https://media.signbsl.com/videos/asl/youtube/mp4/INa5fy5GoP8.mp4
lubricate, https://media.signbsl.com/videos/asl/aslsearch/mp4/lubricate.mp4
lubricating oil, https://media.signbsl.com/videos/asl/aslsignbank/mp4/GREASE-2783.mp4
lubricating substance, https://media.signbsl.com/videos/asl/AustinCommunityCollege/mp4/auto_lubricant_.mp4
lubrication, https://media.signbsl.com/videos/asl/youtube/mp4/61V674sbdDs.mp4
lubricator, https://media.signbsl.com/videos/asl/AustinCommunityCollege/mp4/auto_lubricant_.mp4
lubricious, https://media.signbsl.com/videos/asl/youtube/mp4/dXG_ynLThps.mp4
lucid, https://media.signbsl.com/videos/asl/elementalaslconcepts/mp4/transparent.mp4
Lucifer, https://media.signbsl.com/videos/asl/ids/mp4/2013-11-1270-devil-satan-advesrary-lucifer-1500k-ase.mp4
luck, https://media.signbsl.com/videos/asl/aslsearch/mp4/luck.mp4
luck be a lady hope luck will happen, https://media.signbsl.com/videos/asl/youtube/mp4/t3jgzXAo_88.mp4
luckless, https://media.signbsl.com/videos/asl/youtube/mp4/TZH3bKvr6IY.mp4
luck of the draw, https://media.signbsl.com/videos/asl/youtube/mp4/HdDvkIS6h4g.mp4
lucky, https://media.signbsl.com/videos/asl/youtube/mp4/bn4wE-MKLPw.mp4
luckyluckierluckiest, https://media.signbsl.com/videos/asl/youtube/mp4/1seD6fHH1pw.mp4
lucrative, https://media.signbsl.com/videos/asl/youtube/mp4/VVEK3xrJ3Y8.mp4
lucre, https://media.signbsl.com/videos/asl/youtube/mp4/J7PA2QQsmLM.mp4
lucubrate, https://media.signbsl.com/videos/asl/aslsignbank/mp4/EXPAND-1349.mp4
luculent, https://media.signbsl.com/videos/asl/youtube/mp4/j7lpFrVh5MI.mp4
Luddite, https://media.signbsl.com/videos/asl/youtube/mp4/MgkYD6EcVvE.mp4
ludicrous, https://media.signbsl.com/videos/asl/youtube/mp4/QAG-10YBpdY.mp4
Ludwig Josef Johan Wittgenstein, https://media.signbsl.com/videos/asl/philosophy/mp4/Wittgenstein-HD.mp4
Ludwig Wittgenstein, https://media.signbsl.com/videos/asl/philosophy/mp4/Wittgenstein-HD.mp4
luger sledder, https://media.signbsl.com/videos/asl/youtube/mp4/iZyaNkYe538.mp4
luggage, https://media.signbsl.com/videos/asl/aslsearch/mp4/luggage.mp4
luggage compartment, https://media.signbsl.com/videos/asl/youtube/mp4/7tIP54jTU6M.mp4
lukewarm, https://media.signbsl.com/videos/asl/youtube/mp4/X2mzSs5Ls1k.mp4
lull, https://media.signbsl.com/videos/asl/youtube/mp4/bFUOxPMUXmo.mp4
lullaby, https://media.signbsl.com/videos/asl/aslsearch/mp4/lullaby.mp4
lulu, https://media.signbsl.com/videos/asl/startasl/mp4/sweetheart.mp4
lumber, https://media.signbsl.com/videos/asl/aslsearch/mp4/lumber.mp4
lumber burden someone with an unwanted responsibility, https://media.signbsl.com/videos/asl/youtube/mp4/ndqCkDCshM8.mp4
lumbering, https://media.signbsl.com/videos/asl/youtube/mp4/J135T2dJEQk.mp4
lumberyard, https://media.signbsl.com/videos/asl/youtube/mp4/khNAPeaAGpE.mp4
lumbus, https://media.signbsl.com/videos/asl/youtube/mp4/3IhsdC2F1A8.mp4
luminaries, https://media.signbsl.com/videos/asl/youtube/mp4/0jdPEWthaNM.mp4
luminary, https://media.signbsl.com/videos/asl/youtube/mp4/0jdPEWthaNM.mp4
luminescence, https://media.signbsl.com/videos/asl/youtube/mp4/if7Ivc73_vk.mp4
lummox, https://media.signbsl.com/videos/asl/youtube/mp4/Zavh6n7aUNk.mp4
lump, https://player.vimeo.com/external/395749789.sd.mp4?s=437cf602c02da25ef0cb7326b724253e804ad46a&profile_id=164
lumpectomies, https://media.signbsl.com/videos/asl/youtube/mp4/gvFVHx-bS1Q.mp4
lumpectomy, https://media.signbsl.com/videos/asl/youtube/mp4/gvFVHx-bS1Q.mp4
lumper, https://media.signbsl.com/videos/asl/youtube/mp4/pjDwhof8pAc.mp4
lumpiness, https://media.signbsl.com/videos/asl/youtube/mp4/TSJBPn4Tuaw.mp4
lump together, https://media.signbsl.com/videos/asl/youtube/mp4/Z06Pk4IPTXY.mp4
lunacies, https://media.signbsl.com/videos/asl/aslsignbank/mp4/CRAZY-1184.mp4
lunacy, https://media.signbsl.com/videos/asl/aslsignbank/mp4/CRAZY-1184.mp4
lunar, https://media.signbsl.com/videos/asl/youtube/mp4/9PohIThu2-M.mp4
lunar eclipse, https://media.signbsl.com/videos/asl/youtube/mp4/3QVyEpEHXB4.mp4
lunatic, https://media.signbsl.com/videos/asl/aslsearch/mp4/lunatic.mp4
lunch, https://media.signbsl.com/videos/asl/startasl/mp4/lunch.mp4
lunch box, https://media.signbsl.com/videos/asl/youtube/mp4/Jm5wQVNM0tQ.mp4
lunchbox, https://media.signbsl.com/videos/asl/aslsearch/mp4/lunchbox.mp4
luncheon, https://media.signbsl.com/videos/asl/startasl/mp4/lunch.mp4
luncheonette, https://media.signbsl.com/videos/asl/youtube/mp4/7jMvt2Yuaq0.mp4
lunchmate, https://media.signbsl.com/videos/asl/youtube/mp4/U9BPRoWmkIg.mp4
lunch period, https://media.signbsl.com/videos/asl/aslsearch/mp4/lunchtime.mp4
lunchroom, https://media.signbsl.com/videos/asl/youtube/mp4/K50BIlM9aV4.mp4
lunchtime, https://media.signbsl.com/videos/asl/aslsearch/mp4/lunchtime.mp4
lung, https://media.signbsl.com/videos/asl/aslsearch/mp4/lungs.mp4
lunge, https://player.vimeo.com/external/392188493.sd.mp4?s=3fd997f0892418a6bcd45b068b1addaeb59164c7&profile_id=164
lungful, https://media.signbsl.com/videos/asl/youtube/mp4/FgGToY6NWPc.mp4
lungs, https://media.signbsl.com/videos/asl/aslsearch/mp4/lungs.mp4
lunkhead, https://player.vimeo.com/external/391206075.sd.mp4?s=70036e65baeb2a49618c767f8923c823ff04370d&profile_id=164
lupin, https://media.signbsl.com/videos/asl/youtube/mp4/UkSlZSU--ZE.mp4
lupine, https://media.signbsl.com/videos/asl/youtube/mp4/UkSlZSU--ZE.mp4
lurch, https://media.signbsl.com/videos/asl/youtube/mp4/Gvg3fxrSgHA.mp4
lure, https://media.signbsl.com/videos/asl/aslsignbank/mp4/E(come-on)-1906.mp4
lurid, https://media.signbsl.com/videos/asl/youtube/mp4/7rmesHdOEcg.mp4
luridness, https://media.signbsl.com/videos/asl/youtube/mp4/CyWP5-vGPDs.mp4
lurk, https://media.signbsl.com/videos/asl/youtube/mp4/QPJWjOgWufs.mp4
luscious, https://media.signbsl.com/videos/asl/youtube/mp4/wWE0Z7MX-Xk.mp4
lush, https://media.signbsl.com/videos/asl/aslsearch/mp4/alcoholic.mp4
lusher, https://media.signbsl.com/videos/asl/youtube/mp4/J6frZB7oCdo.mp4
lushness, https://media.signbsl.com/videos/asl/youtube/mp4/TfoBPknkdNE.mp4
lust, https://media.signbsl.com/videos/asl/aslsignbank/mp4/CRAVE-1181.mp4
lust "hunger" variant, https://media.signbsl.com/videos/asl/aslsignbank/mp4/CRAVE-1181.mp4
luster, https://media.signbsl.com/videos/asl/elementalaslconcepts/mp4/luster.mp4
lusterless, https://media.signbsl.com/videos/asl/youtube/mp4/sWCgqxrJPdQ.mp4
lustful, https://player.vimeo.com/external/392690045.sd.mp4?s=b02bcc821a7b14482def397ff2a19fc17df8840e&profile_id=164
lustfulness, https://media.signbsl.com/videos/asl/aslsearch/mp4/lust.mp4
lustre, https://media.signbsl.com/videos/asl/elementalaslconcepts/mp4/luster.mp4
lustreless, https://media.signbsl.com/videos/asl/youtube/mp4/sWCgqxrJPdQ.mp4
lustrous, https://media.signbsl.com/videos/asl/aslsearch/mp4/glossy.mp4
lust "hunger" variant, https://media.signbsl.com/videos/asl/aslsignbank/mp4/CRAVE-1181.mp4
luster, https://media.signbsl.com/videos/asl/elementalaslconcepts/mp4/luster.mp4
lusterless, https://media.signbsl.com/videos/asl/youtube/mp4/sWCgqxrJPdQ.mp4
lustful, https://player.vimeo.com/external/392690045.sd.mp4?s=b02bcc821a7b14482def397ff2a19fc17df8840e&profile_id=164
lustfulness, https://media.signbsl.com/videos/asl/aslsearch/mp4/lust.mp4
lustre, https://media.signbsl.com/videos/asl/elementalaslconcepts/mp4/luster.mp4
lustreless, https://media.signbsl.com/videos/asl/youtube/mp4/sWCgqxrJPdQ.mp4
lustrous, https://media.signbsl.com/videos/asl/aslsearch/mp4/glossy.mp4
lustrum 5 year period, https://media.signbsl.com/videos/asl/youtube/mp4/kSlCo5tz988.mp4
lustylustierlustiest, https://media.signbsl.com/videos/asl/youtube/mp4/v186dencUpk.mp4
lusus naturae, https://media.signbsl.com/videos/asl/youtube/mp4/tQPSxhAo4KA.mp4
Luther, https://media.signbsl.com/videos/asl/valleybible/mp4/Martin%20Luther.mp4
Lutheran, https://media.signbsl.com/videos/asl/youtube/mp4/LH0Y_1HUHvo.mp4
luxate, https://media.signbsl.com/videos/asl/youtube/mp4/U-UfSLwUFR8.mp4
luxe, https://media.signbsl.com/videos/asl/aslsearch/mp4/deluxe.mp4
Luxembourg, https://media.signbsl.com/videos/asl/youtube/mp4/9U_a5PV_eb8.mp4
luxembourg5, https://media.signbsl.com/videos/asl/youtube/mp4/9X5yp_daDwY.mp4
Luxemburg, https://media.signbsl.com/videos/asl/youtube/mp4/9U_a5PV_eb8.mp4
luxuriance, https://media.signbsl.com/videos/asl/youtube/mp4/TfoBPknkdNE.mp4
luxuriant vibrant, https://media.signbsl.com/videos/asl/youtube/mp4/S1RUa6oZCvA.mp4
luxurious, https://player.vimeo.com/external/392280586.sd.mp4?s=6c174e17ef38e2ac200c1d56f715b95dd72d928c&profile_id=164
luxuriousness, https://media.signbsl.com/videos/asl/youtube/mp4/-DprPBsEZjg.mp4
luxury, https://media.signbsl.com/videos/asl/aslsearch/mp4/luxury.mp4
luzern switzerland, https://player.vimeo.com/external/392280620.sd.mp4?s=45db73c77ee71ca89655dc524da3641f300dfc9b&profile_id=164
lycanthrope, https://media.signbsl.com/videos/asl/thefamilyvocab/mp4/werewolf.mp4
lycee, https://media.signbsl.com/videos/asl/startasl/mp4/middle-school.mp4
lyceum, https://media.signbsl.com/videos/asl/startasl/mp4/middle-school.mp4
lye, https://media.signbsl.com/videos/asl/youtube/mp4/nqkClyH3G3w.mp4
lying, https://player.vimeo.com/external/392280671.sd.mp4?s=4d447e15c8460bc54f850a6abb69b1b3aac137c8&profile_id=164
lying in wait, https://media.signbsl.com/videos/asl/youtube/mp4/Er-aZA06H8w.mp4
lying under oath, https://media.signbsl.com/videos/asl/unoclimb/mp4/w-1M8nrvpSQ.mp4
lymph, https://media.signbsl.com/videos/asl/youtube/mp4/rA9I9ua5Oyo.mp4
lymphatic system, https://media.signbsl.com/videos/asl/youtube/mp4/gkp6UiRQ0Nc.mp4
lymph cell, https://media.signbsl.com/videos/asl/youtube/mp4/3u9g8Q2CGsw.mp4
lymphocyte, https://media.signbsl.com/videos/asl/youtube/mp4/3u9g8Q2CGsw.mp4
lymphoma, https://media.signbsl.com/videos/asl/youtube/mp4/fHfNvcnmKeg.mp4
lynch, https://media.signbsl.com/videos/asl/youtube/mp4/TQiUAU32mV8.mp4
lynchpin, https://media.signbsl.com/videos/asl/ids/mp4/2013-11-2630-keystone-1500k-ase.mp4
lynx, https://player.vimeo.com/external/392280709.sd.mp4?s=f9a3fcdc9cd4cefd07d66d8221b6f2a7b77d2d1f&profile_id=164
Lynx rufus, https://player.vimeo.com/external/391206835.sd.mp4?s=c234279db963411c9cf9017f8b1b5922bbcd8448&profile_id=164
lyric, https://media.signbsl.com/videos/asl/youtube/mp4/dEm79KDStQY.mp4
lyricismlyrical, https://media.signbsl.com/videos/asl/youtube/mp4/N7aV1kdH71Q.mp4
lyricist, https://media.signbsl.com/videos/asl/youtube/mp4/zsgN0Ekh6aw.mp4
