M, https://media.signbsl.com/videos/asl/aslsignbank/mp4/LETTER-M-1665.mp4
m.s.d.s. material data safety sheets, NA
ma, https://media.signbsl.com/videos/asl/aslsearch/mp4/mama.mp4
maam, https://media.signbsl.com/videos/asl/youtube/mp4/K4NO4YYYmYY.mp4
mac, https://media.signbsl.com/videos/asl/youtube/mp4/eupxsLSs50M.mp4
macabre, https://media.signbsl.com/videos/asl/youtube/mp4/wyga9iO8VXI.mp4
mac address, https://media.signbsl.com/videos/asl/deaftec/mp4/1014.mp4
Macao, https://media.signbsl.com/videos/asl/aslsignbank/mp4/MACAU-3388.mp4
macaroni, https://media.signbsl.com/videos/asl/aslsearch/mp4/macaroni.mp4
Macau, https://media.signbsl.com/videos/asl/aslsignbank/mp4/MACAU-3388.mp4
Macedon, https://media.signbsl.com/videos/asl/youtube/mp4/oL9oApmquq4.mp4
Macedonia, https://media.signbsl.com/videos/asl/youtube/mp4/oL9oApmquq4.mp4
macerate, https://media.signbsl.com/videos/asl/youtube/mp4/23RbD2o-l-0.mp4
Mach, https://media.signbsl.com/videos/asl/youtube/mp4/jdP2iG9SKOw.mp4
machhindra, https://player.vimeo.com/external/392280900.sd.mp4?s=910c2857e0a81bc406e843573cb05fcd15cbcbc1&profile_id=164
machination, https://media.signbsl.com/videos/asl/youtube/mp4/6L6ppynAOZA.mp4
machine, https://media.signbsl.com/videos/asl/startasl/mp4/car.mp4
machine controlled, https://media.signbsl.com/videos/asl/aslsignbank/mp4/AUTOMATIC-2082.mp4
machine cutting torch track torch laithe torch, https://media.signbsl.com/videos/asl/AustinCommunityCollege/mp4/weld_cutting_torch_.mp4
machine driven, https://media.signbsl.com/videos/asl/aslsignbank/mp4/AUTOMATIC-2082.mp4
machine gun, https://media.signbsl.com/videos/asl/youtube/mp4/67gktaKGzjw.mp4
machine gunner, https://media.signbsl.com/videos/asl/youtube/mp4/3DGe-T8ixRY.mp4
machinelike, https://media.signbsl.com/videos/asl/youtube/mp4/ghlKbJ0Ui1M.mp4
machine rotors, https://media.signbsl.com/videos/asl/AustinCommunityCollege/mp4/auto_machine_rotors_.mp4
machine running, https://media.signbsl.com/videos/asl/youtube/mp4/BTCLel3RZUI.mp4
machinist, https://media.signbsl.com/videos/asl/startasl/mp4/mechanic.mp4
machismo, https://media.signbsl.com/videos/asl/youtube/mp4/ZBlfbxwwzLY.mp4
macintosh, https://media.signbsl.com/videos/asl/mariekatzenbachschool/mp4/Mac.mp4
mack, https://media.signbsl.com/videos/asl/youtube/mp4/eupxsLSs50M.mp4
mackintosh, https://media.signbsl.com/videos/asl/youtube/mp4/eupxsLSs50M.mp4
macrobiotic, https://media.signbsl.com/videos/asl/youtube/mp4/ffgsBOPc5DU.mp4
macrocosm, https://media.signbsl.com/videos/asl/signlanguagestudent/mp4/universe.mp4
macrophage, https://media.signbsl.com/videos/asl/youtube/mp4/_CXwy_2hRQo.mp4
macula, https://media.signbsl.com/videos/asl/youtube/mp4/hGt-_KZe3VQ.mp4
maculate, https://media.signbsl.com/videos/asl/valleybible/mp4/defile.mp4
maculation, https://player.vimeo.com/external/392128425.sd.mp4?s=56921882407a74f24c77f309af73e5bff639a1ca&profile_id=164
mad, https://media.signbsl.com/videos/asl/aslsearch/mp4/crazy.mp4
Madagascar, https://media.signbsl.com/videos/asl/youtube/mp4/oZfJ_mR0Jb0.mp4
madam, https://media.signbsl.com/videos/asl/youtube/mp4/K4NO4YYYmYY.mp4
mad apple, https://player.vimeo.com/external/392000976.sd.mp4?s=fe0d7e7bce853918dd337b985389964ff3916658&profile_id=164
madcap, https://player.vimeo.com/external/391916514.sd.mp4?s=0c05cec8334ac5582a09617aaaaa5b8586260a9d&profile_id=164
madden, https://media.signbsl.com/videos/asl/youtube/mp4/3gx0tvB83n4.mp4
maddened, https://media.signbsl.com/videos/asl/youtube/mp4/3Vmhq2WrEus.mp4
made, https://media.signbsl.com/videos/asl/youtube/mp4/dUn8hNorSqI.mp4
made any remark, https://media.signbsl.com/videos/asl/youtube/mp4/iLWw0f5G17k.mp4
made in the shade, https://media.signbsl.com/videos/asl/youtube/mp4/PtGluGULeds.mp4
made it by the skin of my teeth, https://media.signbsl.com/videos/asl/youtube/mp4/OM9uAB-UP-0.mp4
made many stops, https://media.signbsl.com/videos/asl/youtube/mp4/HnldtSVWeWM.mp4
made of, https://media.signbsl.com/videos/asl/youtube/mp4/zHwbPEZ_lNs.mp4
made out, https://media.signbsl.com/videos/asl/youtube/mp4/iM-V5HcJAgE.mp4
made out ofmade of, https://media.signbsl.com/videos/asl/youtube/mp4/VD6GOgjKEg8.mp4
made out to be, https://media.signbsl.com/videos/asl/youtube/mp4/U-DIth6amv4.mp4
made up, https://media.signbsl.com/videos/asl/youtube/mp4/iLHY9efRQH4.mp4
madhouse, https://media.signbsl.com/videos/asl/youtube/mp4/PWhjU4vMZCc.mp4
madman, https://media.signbsl.com/videos/asl/youtube/mp4/SirgmMUmDvw.mp4
madness, https://media.signbsl.com/videos/asl/youtube/mp4/vmfut1693UE.mp4
Madonna, https://media.signbsl.com/videos/asl/youtube/mp4/VAMstyi3oJQ.mp4
Madrid, https://media.signbsl.com/videos/asl/youtube/mp4/eeaOR5KOliI.mp4
madwoman, https://media.signbsl.com/videos/asl/youtube/mp4/dnukuDCu-IQ.mp4
maelstrom, https://media.signbsl.com/videos/asl/youtube/mp4/z3PG8OFi5d4.mp4
Maffia, https://media.signbsl.com/videos/asl/youtube/mp4/2J0a_6ExhjY.mp4
Mafia, https://media.signbsl.com/videos/asl/youtube/mp4/2J0a_6ExhjY.mp4
mag, https://media.signbsl.com/videos/asl/startasl/mp4/magazine.mp4
magazine, https://media.signbsl.com/videos/asl/startasl/mp4/magazine.mp4
magazine program tv, https://media.signbsl.com/videos/asl/youtube/mp4/aUMWQmQJ5X0.mp4
magic, https://media.signbsl.com/videos/asl/aslsignbank/mp4/MAGIC-666.mp4
magical, https://media.signbsl.com/videos/asl/youtube/mp4/w1ndSy0nrUk.mp4
magician, https://media.signbsl.com/videos/asl/aslsearch/mp4/magician.mp4
magic spell, https://media.signbsl.com/videos/asl/mariekatzenbachschool/mp4/spell.mp4
magic trick, https://media.signbsl.com/videos/asl/youtube/mp4/noJ2N-r-K2A.mp4
magisterial, https://player.vimeo.com/external/391209793.sd.mp4?s=fffad125c766bc15de55b0924d5a4efa9cc0fbeb&profile_id=164
magistrate, https://media.signbsl.com/videos/asl/signlanguagestudent/mp4/judge%20(alternate).mp4
magma, https://media.signbsl.com/videos/asl/elementalaslconcepts/mp4/magma.mp4
magnanimity, https://media.signbsl.com/videos/asl/youtube/mp4/gsZvoKDjMNc.mp4
magnate, https://media.signbsl.com/videos/asl/youtube/mp4/0P74ZKdfZzM.mp4
magnesium, https://media.signbsl.com/videos/asl/AustinCommunityCollege/mp4/weld_magnesium_.mp4
magnet, https://media.signbsl.com/videos/asl/aslsearch/mp4/magnet.mp4
magnetic, https://media.signbsl.com/videos/asl/valleybible/mp4/charismatic.mp4
magnetic field, https://media.signbsl.com/videos/asl/AustinCommunityCollege/mp4/elec_magnetic_field_.mp4
magnetic flux, https://media.signbsl.com/videos/asl/AustinCommunityCollege/mp4/elec_magnetic_field_.mp4
magnetic tape, https://media.signbsl.com/videos/asl/startasl/mp4/tape.mp4
magnetise, https://media.signbsl.com/videos/asl/youtube/mp4/Zb5YE8AkYO8.mp4
magnetize, https://media.signbsl.com/videos/asl/youtube/mp4/Zb5YE8AkYO8.mp4
magnetize attract someone, https://media.signbsl.com/videos/asl/youtube/mp4/rnUSff7JU64.mp4
magnification, https://media.signbsl.com/videos/asl/youtube/mp4/di3DY8wYAkM.mp4
magnificence, https://media.signbsl.com/videos/asl/youtube/mp4/BH58jDo7FMM.mp4
magnificent, https://media.signbsl.com/videos/asl/signlanguagestudent/mp4/glorious.mp4
magnify, https://media.signbsl.com/videos/asl/aslsearch/mp4/exaggerate.mp4
Magnify Expand, https://media.signbsl.com/videos/asl/ids/mp4/2013-11-2850-magnify-expand-1500k-ase.mp4
magnifying glass, https://media.signbsl.com/videos/asl/youtube/mp4/-8qVQIp2_rw.mp4
magniloquence, https://media.signbsl.com/videos/asl/youtube/mp4/POANiMySjqs.mp4
magnitude, https://media.signbsl.com/videos/asl/youtube/mp4/2rB1dF72XiQ.mp4
Magnolia State, https://media.signbsl.com/videos/asl/youtube/mp4/cW6XZ02Uobo.mp4
magpie, https://media.signbsl.com/videos/asl/youtube/mp4/5nON5FOVJ3c.mp4
mag tape, https://media.signbsl.com/videos/asl/startasl/mp4/tape.mp4
Magyar, https://media.signbsl.com/videos/asl/youtube/mp4/LP105YyzmMY.mp4
Magyarorszag, https://media.signbsl.com/videos/asl/aslsignbank/mp4/HUNGARY-3323.mp4
mahoganies, https://media.signbsl.com/videos/asl/youtube/mp4/cDvzQmYWf_U.mp4
mahogany, https://media.signbsl.com/videos/asl/youtube/mp4/cDvzQmYWf_U.mp4
maidenhead, https://media.signbsl.com/videos/asl/youtube/mp4/ysPSa3SiT-k.mp4
maidenhood, https://media.signbsl.com/videos/asl/youtube/mp4/_Vf9d8eD0JI.mp4
maidhood, https://media.signbsl.com/videos/asl/youtube/mp4/_Vf9d8eD0JI.mp4
maid of honor, https://player.vimeo.com/external/391214996.sd.mp4?s=137668f97276ae71870bc35736dfe7e6f139f2ca&profile_id=164
mail, https://media.signbsl.com/videos/asl/aslsearch/mp4/mailed.mp4
mailbag, https://media.signbsl.com/videos/asl/youtube/mp4/RQg1EAr1RF0.mp4
mailbox, https://media.signbsl.com/videos/asl/aslsearch/mp4/mailbox.mp4
mail carrier, https://media.signbsl.com/videos/asl/startasl/mp4/mailman.mp4
mailing card, https://player.vimeo.com/external/392700849.sd.mp4?s=6b8bdea791bd0f56f946c72f5b10917ff95ea5d2&profile_id=164
mail it in, https://media.signbsl.com/videos/asl/youtube/mp4/I2BMnXF3Lus.mp4
mailman, https://media.signbsl.com/videos/asl/startasl/mp4/mailman.mp4
maim, https://media.signbsl.com/videos/asl/youtube/mp4/s0bDTw_Y7TI.mp4
main, https://media.signbsl.com/videos/asl/youtube/mp4/A_4jjsq_B8Q.mp4
main character, https://media.signbsl.com/videos/asl/elementalaslconcepts/mp4/main_character.mp4
main clause, https://media.signbsl.com/videos/asl/elementalaslconcepts/mp4/independent_clause.mp4
Maine, https://media.signbsl.com/videos/asl/aslsignbank/mp4/MAINE-3482.mp4
mainframe, https://media.signbsl.com/videos/asl/youtube/mp4/lst5vnbK7yU.mp4
main idea, https://media.signbsl.com/videos/asl/elementalaslconcepts/mp4/main_idea.mp4
mainland China, https://media.signbsl.com/videos/asl/startasl/mp4/china.mp4
mainly, https://media.signbsl.com/videos/asl/youtube/mp4/3vzDn9ZMq1U.mp4
main office, https://media.signbsl.com/videos/asl/aslsearch/mp4/headquarters.mp4
main road, https://media.signbsl.com/videos/asl/elementalaslconcepts/mp4/highway.mp4
mainstay, https://media.signbsl.com/videos/asl/ids/mp4/2013-11-2630-keystone-1500k-ase.mp4
mainstream, https://player.vimeo.com/external/392281555.sd.mp4?s=e9ad58d8eac31ec6ecd0c7dd0731e2596ff2e95c&profile_id=164
main supply gaswaterelectricity, https://media.signbsl.com/videos/asl/youtube/mp4/yNS2boLSw5M.mp4
maintain, https://media.signbsl.com/videos/asl/youtube/mp4/5RK1z3X3M-g.mp4
maintained, https://media.signbsl.com/videos/asl/youtube/mp4/myR4OEWs7GU.mp4
maintain keep provide necessities, https://media.signbsl.com/videos/asl/youtube/mp4/6kCmQSshoBg.mp4
maintenance, https://media.signbsl.com/videos/asl/aslsearch/mp4/repair.mp4
maitre d, https://media.signbsl.com/videos/asl/youtube/mp4/0GqDMPaadiM.mp4
maitre d', https://media.signbsl.com/videos/asl/youtube/mp4/0GqDMPaadiM.mp4
maitre dhotel, https://media.signbsl.com/videos/asl/youtube/mp4/0GqDMPaadiM.mp4
maize, https://media.signbsl.com/videos/asl/aslsignbank/mp4/CORN_2-2464.mp4
majestic, https://media.signbsl.com/videos/asl/youtube/mp4/9iobFhPGnUw.mp4
majesty, https://media.signbsl.com/videos/asl/valleybible/mp4/majesty.mp4
major, https://media.signbsl.com/videos/asl/startasl/mp4/major.mp4
major field, https://player.vimeo.com/external/392281593.sd.mp4?s=1ae9bf669f7de4ad60f988e7f7c7be1226257d82&profile_id=164
majorities, https://media.signbsl.com/videos/asl/signlanguagestudent/mp4/majority.mp4
majority, https://media.signbsl.com/videos/asl/signlanguagestudent/mp4/majority.mp4
majority age the age when a person is legally considered a full adult, https://media.signbsl.com/videos/asl/youtube/mp4/Mi60gmk9iww.mp4
majority rule, https://media.signbsl.com/videos/asl/elementalaslconcepts/mp4/majority_rule.mp4
major power, https://media.signbsl.com/videos/asl/youtube/mp4/8-wL-wpQszw.mp4
majuscule, https://media.signbsl.com/videos/asl/elementalaslconcepts/mp4/capital_-_letter.mp4
make, https://media.signbsl.com/videos/asl/aslsignbank/mp4/MAKE-502.mp4
make a clean breast of itcome clean, https://media.signbsl.com/videos/asl/youtube/mp4/7LQYW5bzrEU.mp4
make advances, https://media.signbsl.com/videos/asl/youtube/mp4/an5HzW02Lgk.mp4
make a face, https://media.signbsl.com/videos/asl/youtube/mp4/0-b8JV8Tf9Y.mp4
make a good fist, https://media.signbsl.com/videos/asl/youtube/mp4/mhJXJGi7tdA.mp4
make a killing, https://media.signbsl.com/videos/asl/youtube/mp4/Tx8ACGZ5aTw.mp4
make a mint make money hand over fist, https://media.signbsl.com/videos/asl/youtube/mp4/QtYexPVM-OM.mp4
make a monkey of someone, https://media.signbsl.com/videos/asl/youtube/mp4/zZ0tLaXdg2I.mp4
make a mountain out of a mole hill, https://media.signbsl.com/videos/asl/youtube/mp4/1RPuAbF1ivg.mp4
make an ass out of yourself, https://media.signbsl.com/videos/asl/youtube/mp4/aJZosBwVC9I.mp4
make an example of, https://media.signbsl.com/videos/asl/youtube/mp4/ugphBPXmipU.mp4
make an exception, https://media.signbsl.com/videos/asl/youtube/mp4/epXrCQZk0qQ.mp4
make a pigs ear to do or manage something badly, https://media.signbsl.com/videos/asl/youtube/mp4/GFyoIzzFwhk.mp4
make a rod for your own back act in a way that creates more problems for yourself in the future, https://media.signbsl.com/videos/asl/youtube/mp4/aAQHNPSTM6w.mp4
make a virtue out of necessity to benefit from something that one is forced to do, https://media.signbsl.com/videos/asl/youtube/mp4/j9jrJo5TJlQ.mp4
make believe, https://media.signbsl.com/videos/asl/aslsignbank/mp4/MAKE-BELIEVE-1630.mp4
make bold, https://player.vimeo.com/external/391916430.sd.mp4?s=a2ba947f9210a0e6510f55836b9ec2217685ee51&profile_id=164
make book take illegal bets on a game, https://media.signbsl.com/videos/asl/youtube/mp4/feVQavFiaRY.mp4
make boundary, https://media.signbsl.com/videos/asl/youtube/mp4/789m3Ga62mU.mp4
make clean, https://media.signbsl.com/videos/asl/aslsignbank/mp4/CLEAN-431.mp4
make do, https://media.signbsl.com/videos/asl/youtube/mp4/eSwuYuGef2k.mp4
Makedonija, https://media.signbsl.com/videos/asl/youtube/mp4/oL9oApmquq4.mp4
make ear mold, https://media.signbsl.com/videos/asl/youtube/mp4/suTPokabLpo.mp4
make ends meet, https://media.signbsl.com/videos/asl/youtube/mp4/zLKlptNNVsQ.mp4
make for, https://media.signbsl.com/videos/asl/youtube/mp4/k6Q_a4DUUFk.mp4
make full, https://media.signbsl.com/videos/asl/aslsignbank/mp4/GAS-843.mp4
make fun, https://media.signbsl.com/videos/asl/aslsearch/mp4/laugh-at.mp4
make fun of, https://media.signbsl.com/videos/asl/aslsignbank/mp4/MOCK-3006.mp4
make fun of me, https://media.signbsl.com/videos/asl/youtube/mp4/_nsz0fkddC8.mp4
make happy, https://media.signbsl.com/videos/asl/youtube/mp4/2ojD6eJjpAk.mp4
make it, https://media.signbsl.com/videos/asl/startasl/mp4/pass.mp4
make it a priority, https://media.signbsl.com/videos/asl/youtube/mp4/dDJhOByaRnQ.mp4
make it stick, https://media.signbsl.com/videos/asl/aslsignbank/mp4/REMEMBER-958.mp4
make known, https://media.signbsl.com/videos/asl/aslsearch/mp4/broadcast2.mp4
make merry, https://media.signbsl.com/videos/asl/youtube/mp4/2ojD6eJjpAk.mp4
make monthly payments, https://media.signbsl.com/videos/asl/startasl/mp4/make-monthly-payments.mp4
make my day, https://media.signbsl.com/videos/asl/youtube/mp4/uQloLPv05CY.mp4
make no bones about it, https://media.signbsl.com/videos/asl/youtube/mp4/eY6Az5d7q68.mp4
make or break, https://media.signbsl.com/videos/asl/youtube/mp4/1d2coLm-1oo.mp4
make out, https://media.signbsl.com/videos/asl/youtube/mp4/0rs4TKFJi_8.mp4
make out like a bandit, https://media.signbsl.com/videos/asl/youtube/mp4/ffrQoEBN2oo.mp4
make over, https://media.signbsl.com/videos/asl/youtube/mp4/TsCswGUJ7Xw.mp4
makeover, https://media.signbsl.com/videos/asl/youtube/mp4/TsCswGUJ7Xw.mp4
make over appearance, https://media.signbsl.com/videos/asl/youtube/mp4/h6pneGXxU6k.mp4
Maker, https://media.signbsl.com/videos/asl/aslsignbank/mp4/LORD-2412.mp4
make relaxed, https://media.signbsl.com/videos/asl/aslsignbank/mp4/REST-352.mp4
makeshift, https://media.signbsl.com/videos/asl/youtube/mp4/aQmzF_ouHag.mp4
makes it into, https://media.signbsl.com/videos/asl/youtube/mp4/v2dSo13tVTw.mp4
make up, https://media.signbsl.com/videos/asl/youtube/mp4/oP59oBf56y0.mp4
makeup, https://media.signbsl.com/videos/asl/youtube/mp4/oP59oBf56y0.mp4
make up cosmetic, https://player.vimeo.com/external/392281747.sd.mp4?s=6d8390616e2855b32895356addd5f8697b055c51&profile_id=164
make up for, https://media.signbsl.com/videos/asl/youtube/mp4/ivg6XjScf7A.mp4
makeup of a group, https://media.signbsl.com/videos/asl/youtube/mp4/roq0_BXjc0c.mp4
make up one's mind, https://media.signbsl.com/videos/asl/startasl/mp4/decide.mp4
make up ones mind, https://media.signbsl.com/videos/asl/startasl/mp4/decide.mp4
make waves, https://media.signbsl.com/videos/asl/youtube/mp4/p0p5gL6OwBo.mp4
make whoopie, https://media.signbsl.com/videos/asl/youtube/mp4/2ojD6eJjpAk.mp4
make work, https://media.signbsl.com/videos/asl/youtube/mp4/TkweHJqX7_w.mp4
make your bed, https://media.signbsl.com/videos/asl/youtube/mp4/Zlm8CdurXXo.mp4
make your day, https://media.signbsl.com/videos/asl/youtube/mp4/NiffXW667dk.mp4
make your move, https://media.signbsl.com/videos/asl/youtube/mp4/Bl-Tw80QdXA.mp4
making a lot of progress, https://media.signbsl.com/videos/asl/youtube/mp4/_wEMaN_D4No.mp4
making progress, https://media.signbsl.com/videos/asl/youtube/mp4/vLihi5eMFOc.mp4
makings, https://media.signbsl.com/videos/asl/aslsignbank/mp4/QUALITY-995.mp4
maladjusted, https://media.signbsl.com/videos/asl/youtube/mp4/7XxaHp3D59s.mp4
malady, https://media.signbsl.com/videos/asl/aslsearch/mp4/illness.mp4
malarkey, https://media.signbsl.com/videos/asl/youtube/mp4/tdXgXCIJBYY.mp4
Malawi, https://media.signbsl.com/videos/asl/youtube/mp4/hOaQaLOYI1M.mp4
Malaya, https://media.signbsl.com/videos/asl/aslsignbank/mp4/MALAYSIA-3483.mp4
Malay Archipelago, https://media.signbsl.com/videos/asl/elementalaslconcepts/mp4/east_indies.mp4
Malaysia, https://media.signbsl.com/videos/asl/aslsignbank/mp4/MALAYSIA-3483.mp4
male, https://media.signbsl.com/videos/asl/aslsignbank/mp4/MAN-1627.mp4
male chauvinism, https://player.vimeo.com/external/392282846.sd.mp4?s=59c17fbe86c0c2eb3a1b428e71750229659a1409&profile_id=164
male chauvinist, https://media.signbsl.com/videos/asl/youtube/mp4/wpWu4nywiJk.mp4
male child, https://media.signbsl.com/videos/asl/startasl/mp4/boy.mp4
maledict, https://media.signbsl.com/videos/asl/youtube/mp4/2FvCNgD57dY.mp4
male dominated, https://player.vimeo.com/external/392867335.sd.mp4?s=f8de169023cdaf3f137b636476971a16b2f3a8cc&profile_id=164
malefactor, https://media.signbsl.com/videos/asl/aslsignbank/mp4/FRAUD-2923.mp4
male monarch, https://media.signbsl.com/videos/asl/startasl/mp4/king.mp4
maleness, https://media.signbsl.com/videos/asl/youtube/mp4/FLW1L040vfs.mp4
male parent, https://media.signbsl.com/videos/asl/startasl/mp4/father.mp4
malevolence, https://media.signbsl.com/videos/asl/unoclimb/mp4/Ku_CaMEGelI.mp4
malevolency, https://media.signbsl.com/videos/asl/unoclimb/mp4/Ku_CaMEGelI.mp4
malevolent, https://player.vimeo.com/external/392283002.sd.mp4?s=c041bc31f343cc92e6813a0abbc0576b5c409bb1&profile_id=164
malformed, https://player.vimeo.com/external/392282966.sd.mp4?s=6301f9d23b399dd097548e1317e2137b1f4f8c0c&profile_id=164
Mali, https://media.signbsl.com/videos/asl/youtube/mp4/5ZmI5ESgGTY.mp4
malice, https://media.signbsl.com/videos/asl/youtube/mp4/BRELSV3fc-M.mp4
malice aforethought, https://media.signbsl.com/videos/asl/unoclimb/mp4/jAtSScFSZH8.mp4
malicious, https://player.vimeo.com/external/392283002.sd.mp4?s=c041bc31f343cc92e6813a0abbc0576b5c409bb1&profile_id=164
malicious gossip, https://media.signbsl.com/videos/asl/youtube/mp4/ktb3pOWN6FQ.mp4
malicious mischief, https://media.signbsl.com/videos/asl/unoclimb/mp4/r8rffb0rYWg.mp4
maliciousness, https://media.signbsl.com/videos/asl/youtube/mp4/BRELSV3fc-M.mp4
malign, https://media.signbsl.com/videos/asl/youtube/mp4/7-ArsnAitRs.mp4
malignance, https://media.signbsl.com/videos/asl/youtube/mp4/gPAxkbFLof0.mp4
malignancies, https://media.signbsl.com/videos/asl/youtube/mp4/gPAxkbFLof0.mp4
malignancy, https://media.signbsl.com/videos/asl/youtube/mp4/gPAxkbFLof0.mp4
malignant, https://player.vimeo.com/external/392282922.sd.mp4?s=3553defc7e66a81d98cba53ba06d9b1807105db4&profile_id=164
malignantcruel mean spirited, https://media.signbsl.com/videos/asl/youtube/mp4/i3O_3lrnk6U.mp4
malignant neoplastic disease, https://media.signbsl.com/videos/asl/aslsearch/mp4/cancer.mp4
maligner, https://media.signbsl.com/videos/asl/youtube/mp4/ueT-rdm1fgU.mp4
malinger, https://media.signbsl.com/videos/asl/youtube/mp4/HGaUueukcsA.mp4
mall, https://media.signbsl.com/videos/asl/aslsearch/mp4/mall.mp4
malleable, https://player.vimeo.com/external/392416274.sd.mp4?s=3f4cecd1e89d66b4b8b82d3956dc657a0e6b94c8&profile_id=164
malleable easy to influence, https://media.signbsl.com/videos/asl/youtube/mp4/lBPPALVVVSo.mp4
malodor, https://media.signbsl.com/videos/asl/aslsearch/mp4/stink.mp4
malodorous, https://media.signbsl.com/videos/asl/youtube/mp4/hMhwULFLQgc.mp4
malodour, https://media.signbsl.com/videos/asl/aslsearch/mp4/stink.mp4
malodourous, https://media.signbsl.com/videos/asl/youtube/mp4/hMhwULFLQgc.mp4
malpractice, https://media.signbsl.com/videos/asl/unoclimb/mp4/fkoFR9g1y84.mp4
Malta, https://media.signbsl.com/videos/asl/youtube/mp4/OWhcn8vroHA.mp4
maltreat, https://media.signbsl.com/videos/asl/youtube/mp4/Y8Dar2IJIro.mp4
maltreater, https://media.signbsl.com/videos/asl/youtube/mp4/S2Anctz4_0E.mp4
maltreatment, https://media.signbsl.com/videos/asl/aslsearch/mp4/abuse.mp4
malversate, https://media.signbsl.com/videos/asl/aslsearch/mp4/embezzle.mp4
mama, https://media.signbsl.com/videos/asl/aslsearch/mp4/mama.mp4
mamilla, https://media.signbsl.com/videos/asl/aslsearch/mp4/nipple.mp4
mamma, https://media.signbsl.com/videos/asl/aslsearch/mp4/mama.mp4
mammal, https://media.signbsl.com/videos/asl/elementalaslconcepts/mp4/mammal.mp4
mammaries, https://media.signbsl.com/videos/asl/youtube/mp4/jzK5CfZopsU.mp4
mammary, https://media.signbsl.com/videos/asl/youtube/mp4/jzK5CfZopsU.mp4
mammilla, https://media.signbsl.com/videos/asl/aslsearch/mp4/nipple.mp4
mammography, https://player.vimeo.com/external/392283167.sd.mp4?s=300aaed0901718144c7ddd90d20315ea2ffccbdb&profile_id=164
mammy, https://media.signbsl.com/videos/asl/aslsearch/mp4/mama.mp4
man, https://media.signbsl.com/videos/asl/startasl/mp4/man.mp4
man about town, https://media.signbsl.com/videos/asl/youtube/mp4/JNDbsQ5lR0w.mp4
manacle, https://media.signbsl.com/videos/asl/aslsearch/mp4/handcuffs.mp4
manage, https://media.signbsl.com/videos/asl/aslsignbank/mp4/MANAGE-708.mp4
manageability, https://media.signbsl.com/videos/asl/youtube/mp4/IoieMOw6uLw.mp4
manageableness, https://media.signbsl.com/videos/asl/youtube/mp4/IoieMOw6uLw.mp4
manager, https://media.signbsl.com/videos/asl/startasl/mp4/manager.mp4
managing director, https://media.signbsl.com/videos/asl/startasl/mp4/manager.mp4
manakin, https://media.signbsl.com/videos/asl/youtube/mp4/2csf-0WDqCY.mp4
manana, https://media.signbsl.com/videos/asl/youtube/mp4/gJg9fcNl2vM.mp4
man and wife, https://media.signbsl.com/videos/asl/aslsignbank/mp4/MARRY-1625.mp4
manatee, https://media.signbsl.com/videos/asl/youtube/mp4/hiJjo0evnRk.mp4
mandalorian, https://media.signbsl.com/videos/asl/thefamilyvocab/mp4/Mandalorian.mp4
mandate, https://media.signbsl.com/videos/asl/unoclimb/mp4/eR31KpavUTc.mp4
mandatory, https://player.vimeo.com/external/392283412.sd.mp4?s=b20aa84627928b9b6a51ffb0321c8b6105055794&profile_id=164
mandela nelson, https://player.vimeo.com/external/392283460.sd.mp4?s=da586d19acdd2b450d8b79f8d73ba15a75caceef&profile_id=164
mandrel, https://media.signbsl.com/videos/asl/youtube/mp4/Uczr_2itegM.mp4
mandril, https://media.signbsl.com/videos/asl/youtube/mp4/Uczr_2itegM.mp4
manduction, https://media.signbsl.com/videos/asl/aslsearch/mp4/communion.mp4
mane, https://media.signbsl.com/videos/asl/youtube/mp4/eFDE7U2ft74.mp4
man eater, https://media.signbsl.com/videos/asl/youtube/mp4/yMlOovB8MUc.mp4
maneuver, https://media.signbsl.com/videos/asl/youtube/mp4/5pBNsg249A0.mp4
maneuver army, https://media.signbsl.com/videos/asl/youtube/mp4/1Iea2sWfr30.mp4
maneuver trick, https://media.signbsl.com/videos/asl/youtube/mp4/zEzujZR6Rpo.mp4
man for all seasons, https://media.signbsl.com/videos/asl/youtube/mp4/BKkBb7FWNug.mp4
manful, https://media.signbsl.com/videos/asl/youtube/mp4/iUHG20OJu6s.mp4
mange, https://media.signbsl.com/videos/asl/youtube/mp4/EIZT4ZJs0m8.mp4
manger, https://media.signbsl.com/videos/asl/valleybible/mp4/manger.mp4
mangier, https://media.signbsl.com/videos/asl/youtube/mp4/Wi-Na94cwAY.mp4
mangle, https://media.signbsl.com/videos/asl/youtube/mp4/lNu89ki21sI.mp4
mango, https://player.vimeo.com/external/392690085.sd.mp4?s=df5351098c6264bf1888737b2610ab0982402636&profile_id=164
manhole, https://media.signbsl.com/videos/asl/youtube/mp4/luIwvcAJCgE.mp4
manhood, https://media.signbsl.com/videos/asl/youtube/mp4/5stvxlcHbkE.mp4
manhunt, https://player.vimeo.com/external/392283508.sd.mp4?s=727dbc78aed5d731780a4ca3bcd9f9e88a9c51d9&profile_id=164
mania, https://media.signbsl.com/videos/asl/aslsearch/mp4/passion.mp4
maniac, https://media.signbsl.com/videos/asl/youtube/mp4/SirgmMUmDvw.mp4
maniacal, https://media.signbsl.com/videos/asl/youtube/mp4/bwdwcLTBjK8.mp4
manic, https://media.signbsl.com/videos/asl/youtube/mp4/OkDLfCVBj0E.mp4
manic depressive, https://media.signbsl.com/videos/asl/youtube/mp4/7jlsTs7lkeU.mp4
manicure, https://media.signbsl.com/videos/asl/aslsearch/mp4/manicure.mp4
manicurist, https://media.signbsl.com/videos/asl/youtube/mp4/OHFEmQlDaaA.mp4
manifest, https://player.vimeo.com/external/391166777.sd.mp4?s=83a8a7ca1e0fd2488e317fc08876c4ead4a66c73&profile_id=164
manifestation, https://media.signbsl.com/videos/asl/youtube/mp4/hoX6bZ18eLw.mp4
manifest initialized, https://media.signbsl.com/videos/asl/signlanguagestudent/mp4/manifest%20(initialized).mp4
manifestly, https://player.vimeo.com/external/392019736.sd.mp4?s=df93f16955a25d0bf635502323b5431605450066&profile_id=164
manifesto, https://player.vimeo.com/external/392283606.sd.mp4?s=816bea81313d85c545b3f89964f9df67609569fb&profile_id=164
Manifest Reveal Show, https://media.signbsl.com/videos/asl/ids/mp4/2013-11-2880-manifest-reveal-show-1500k-ase.mp4
manifold, https://player.vimeo.com/external/392283640.sd.mp4?s=c439927120ee6cc8bc0cc280f10922e0bc998ef2&profile_id=164
manikin, https://media.signbsl.com/videos/asl/youtube/mp4/2csf-0WDqCY.mp4
man in the street, https://media.signbsl.com/videos/asl/youtube/mp4/JHiXP5au0CU.mp4
manipulate, https://media.signbsl.com/videos/asl/youtube/mp4/CtTdg__0dSY.mp4
Manitoba, https://player.vimeo.com/external/392283696.sd.mp4?s=c7ce3c0fc11d977844c0cce0788640f1476455cd&profile_id=164
manjushree, https://player.vimeo.com/external/392283738.sd.mp4?s=7c06db4930542bffb5e859d024e5890abc6a7747&profile_id=164
mankind, https://media.signbsl.com/videos/asl/youtube/mp4/Rt0bdCIlZoQ.mp4
manlier, https://media.signbsl.com/videos/asl/youtube/mp4/9SMlhwanem8.mp4
manlike, https://media.signbsl.com/videos/asl/youtube/mp4/iUHG20OJu6s.mp4
manly, https://media.signbsl.com/videos/asl/youtube/mp4/iUHG20OJu6s.mp4
man made, https://media.signbsl.com/videos/asl/youtube/mp4/fwDrjmnmdfw.mp4
manmade, https://media.signbsl.com/videos/asl/youtube/mp4/fwDrjmnmdfw.mp4
manna, https://media.signbsl.com/videos/asl/valleybible/mp4/Manna.mp4
manna from heaven, https://player.vimeo.com/external/391209170.sd.mp4?s=2110fe5b0577ef3e5920496466c9682dd3607378&profile_id=164
mannequin, https://media.signbsl.com/videos/asl/youtube/mp4/2csf-0WDqCY.mp4
manner, https://media.signbsl.com/videos/asl/tsdvideo/mp4/240.mp4
mannerism, https://media.signbsl.com/videos/asl/youtube/mp4/Re2meN3W9WU.mp4
manner of speaking, https://media.signbsl.com/videos/asl/aslsearch/mp4/speech.mp4
mannikin, https://media.signbsl.com/videos/asl/youtube/mp4/2csf-0WDqCY.mp4
manoeuver, https://media.signbsl.com/videos/asl/youtube/mp4/5pBNsg249A0.mp4
manoeuvre, https://media.signbsl.com/videos/asl/youtube/mp4/5pBNsg249A0.mp4
man of affairs, https://media.signbsl.com/videos/asl/youtube/mp4/56QfSicZVEw.mp4
man of letters, https://media.signbsl.com/videos/asl/youtube/mp4/Sh29Ifcq7X0.mp4
man of means, https://media.signbsl.com/videos/asl/youtube/mp4/16TuQ-kMNos.mp4
man of parts, https://media.signbsl.com/videos/asl/youtube/mp4/NG8hghPb0Ug.mp4
man of science, https://media.signbsl.com/videos/asl/startasl/mp4/scientist.mp4
man of war, https://media.signbsl.com/videos/asl/youtube/mp4/KaQuXRVxHQk.mp4
manpower, https://media.signbsl.com/videos/asl/signlanguagestudent/mp4/hands.mp4
man proposes god disposes, https://media.signbsl.com/videos/asl/youtube/mp4/dFZCJzkI6zM.mp4
manse, https://media.signbsl.com/videos/asl/aslsignbank/mp4/HALL-3360.mp4
mans home is his castle, https://media.signbsl.com/videos/asl/youtube/mp4/NcSO-PkElME.mp4
mansion, https://media.signbsl.com/videos/asl/aslsignbank/mp4/HALL-3360.mp4
mansion house, https://media.signbsl.com/videos/asl/aslsignbank/mp4/HALL-3360.mp4
manslayer, https://player.vimeo.com/external/392691219.sd.mp4?s=f7909b5b5a1784b553a2fcd86dcfc79d2a4e259a&profile_id=164
mans man, https://media.signbsl.com/videos/asl/youtube/mp4/mZQKFL7Ej0Y.mp4
mansplaining, https://player.vimeo.com/external/392283884.sd.mp4?s=040537f6d470257c22d3b9abc413e1ef31ed84f0&profile_id=164
manspreading, https://player.vimeo.com/external/392283934.sd.mp4?s=364863ee7cfb4b5c1f4f04c0cbc4c2bde55ceae0&profile_id=164
mantid, https://media.signbsl.com/videos/asl/youtube/mp4/HkgCNLYxXW4.mp4
mantis, https://media.signbsl.com/videos/asl/youtube/mp4/HkgCNLYxXW4.mp4
mantissa, https://media.signbsl.com/videos/asl/youtube/mp4/cP5onJzkEgI.mp4
mantle, https://media.signbsl.com/videos/asl/startasl/mp4/curtains.mp4
man to man, https://media.signbsl.com/videos/asl/youtube/mp4/FSVHFgSbTXk.mp4
mantrap, https://media.signbsl.com/videos/asl/startasl/mp4/sweetheart.mp4
mantrapfoxmajor babehotty, https://media.signbsl.com/videos/asl/youtube/mp4/3Hqrw9Y-KZ8.mp4
manual, https://media.signbsl.com/videos/asl/AustinCommunityCollege/mp4/auto_manual_.mp4
manual dexterity, https://media.signbsl.com/videos/asl/youtube/mp4/sQwhJkatB9w.mp4
manual gear shift, https://player.vimeo.com/external/392690106.sd.mp4?s=c1f1741e6d9b798e938c167a253fcfb00d816bf3&profile_id=164
manual laborer, https://media.signbsl.com/videos/asl/AustinCommunityCollege/mp4/auto_jack_.mp4
manual transmission, https://media.signbsl.com/videos/asl/youtube/mp4/KNEkoPWYsJc.mp4
manufactory, https://media.signbsl.com/videos/asl/aslsearch/mp4/factory.mp4
manufacture, https://player.vimeo.com/external/392199823.sd.mp4?s=6e37ebd70115e4ac69f6d0665e59004f904e116d&profile_id=164
manufacturer, https://media.signbsl.com/videos/asl/startasl/mp4/manufacturer.mp4
manufacturing plant, https://media.signbsl.com/videos/asl/aslsearch/mp4/factory.mp4
manumit, https://media.signbsl.com/videos/asl/youtube/mp4/s7kuh78fAAU.mp4
manumitter, https://media.signbsl.com/videos/asl/youtube/mp4/qf6TTmK49s0.mp4
manus, https://media.signbsl.com/videos/asl/aslsearch/mp4/hand.mp4
manuscript, https://media.signbsl.com/videos/asl/youtube/mp4/WkuI5Jlu1J0.mp4
many, https://media.signbsl.com/videos/asl/startasl/mp4/many.mp4
many hands make light work, https://media.signbsl.com/videos/asl/youtube/mp4/46rKOjBuN1E.mp4
many happy returns, https://media.signbsl.com/videos/asl/youtube/mp4/NQEU3WEASHM.mp4
many sided, https://media.signbsl.com/videos/asl/youtube/mp4/pWs1RTtTNV4.mp4
Maoist, https://player.vimeo.com/external/392284117.sd.mp4?s=f1c7df8e0a756ec16cbced660b321aeed63e0255&profile_id=164
Maori, https://player.vimeo.com/external/392284184.sd.mp4?s=c782d686c8d670ce0fa96dcfdaf4e35d96465809&profile_id=164
map, https://media.signbsl.com/videos/asl/aslsearch/mp4/map.mp4
map coordinates, https://media.signbsl.com/videos/asl/youtube/mp4/OJlvx9v4FpU.mp4
maple, https://player.vimeo.com/external/392284315.sd.mp4?s=a7e60d8c34f7af7553de07c250cb6c68a5d48e32&profile_id=164
map maker, https://media.signbsl.com/videos/asl/youtube/mp4/Xi7Xx9aay1Q.mp4
map out, https://media.signbsl.com/videos/asl/youtube/mp4/W7Z4t6U18kc.mp4
mapping, https://media.signbsl.com/videos/asl/youtube/mp4/9_eD8-Ytc18.mp4
maquillage, https://player.vimeo.com/external/392287086.sd.mp4?s=55ee0a67fa55d9820bf35a091b5542b25611259a&profile_id=164
mar, https://media.signbsl.com/videos/asl/aslsearch/mp4/impair.mp4
marathon, https://player.vimeo.com/external/392287131.sd.mp4?s=bbef384d49f8330e0eeac4efcb0e3e43e406d53f&profile_id=164
marathoner, https://media.signbsl.com/videos/asl/youtube/mp4/OfzavG_Sh-s.mp4
marathon runner, https://media.signbsl.com/videos/asl/youtube/mp4/OfzavG_Sh-s.mp4
maraud, https://media.signbsl.com/videos/asl/unoclimb/mp4/VUaWA8DLMsQ.mp4
marauder, https://media.signbsl.com/videos/asl/thefamilyvocab/mp4/vulture.mp4
marble, https://media.signbsl.com/videos/asl/aslsignbank/mp4/MARBLE-2400.mp4
marbleise, https://media.signbsl.com/videos/asl/youtube/mp4/YlambYpahMo.mp4
marbleize, https://media.signbsl.com/videos/asl/youtube/mp4/YlambYpahMo.mp4
marbles, https://media.signbsl.com/videos/asl/aslsignbank/mp4/MARBLE-2400.mp4
March, https://media.signbsl.com/videos/asl/aslsignbank/mp4/MARCH-MONTH-2001.mp4
March 17, https://media.signbsl.com/videos/asl/aslsignbank/mp4/PINCH-901.mp4
marcher, https://media.signbsl.com/videos/asl/youtube/mp4/uspoZVcK3U4.mp4
marching, https://media.signbsl.com/videos/asl/aslsignbank/mp4/PARADE-658.mp4
marchland, https://media.signbsl.com/videos/asl/youtube/mp4/A9lfb95AIP4.mp4
march on, https://media.signbsl.com/videos/asl/aslsearch/mp4/advance2.mp4
march out, https://media.signbsl.com/videos/asl/youtube/mp4/idzG8rmBZwc.mp4
march parade, https://player.vimeo.com/external/392287214.sd.mp4?s=ddccaa0b5991e98f2c8f6214eed30a3b93227962&profile_id=164
march to the beat of your own drum, https://media.signbsl.com/videos/asl/youtube/mp4/i_m2C3sl_0M.mp4
Mardi Gras, https://player.vimeo.com/external/392287248.sd.mp4?s=410e2e4aa33807dec149f249d2210633356565f9&profile_id=164
mare, https://media.signbsl.com/videos/asl/youtube/mp4/wmZzJKLB22M.mp4
mares nest, https://player.vimeo.com/external/391390565.sd.mp4?s=383ac5c5790e55cf22c9165515add97686652be0&profile_id=164
margarin, https://player.vimeo.com/external/392287286.sd.mp4?s=2e444c34b2c916a7490fd80cf575f88fa8b0d554&profile_id=164
margarine, https://player.vimeo.com/external/392287286.sd.mp4?s=2e444c34b2c916a7490fd80cf575f88fa8b0d554&profile_id=164
marge, https://player.vimeo.com/external/392287286.sd.mp4?s=2e444c34b2c916a7490fd80cf575f88fa8b0d554&profile_id=164
margin, https://player.vimeo.com/external/391209527.sd.mp4?s=4b329e23501f2e5ee3a8c0f6bca81cf09229f659&profile_id=164
marginalise, https://player.vimeo.com/external/392287386.sd.mp4?s=9a1de645d7c5fb70191b665a1bd0cedfb9d8cdad&profile_id=164
marginalize, https://player.vimeo.com/external/392287386.sd.mp4?s=9a1de645d7c5fb70191b665a1bd0cedfb9d8cdad&profile_id=164
margin amount of difference, https://media.signbsl.com/videos/asl/youtube/mp4/eC6zIhRNSA8.mp4
margin of profit, https://player.vimeo.com/external/392422693.sd.mp4?s=dc8aa99e3834304d1f26ff41086181ffd65960f1&profile_id=164
marihuana, https://media.signbsl.com/videos/asl/aslsearch/mp4/marijuana.mp4
marijuana, https://media.signbsl.com/videos/asl/aslsearch/mp4/marijuana.mp4
marimba, https://media.signbsl.com/videos/asl/aslsearch/mp4/xylophone.mp4
Marine, https://media.signbsl.com/videos/asl/youtube/mp4/6VHbFTsu9T4.mp4
marine museum, https://media.signbsl.com/videos/asl/aslsearch/mp4/aquarium.mp4
mariner, https://media.signbsl.com/videos/asl/youtube/mp4/1et83qdKyOw.mp4
marionette, https://media.signbsl.com/videos/asl/aslsignbank/mp4/MARIONETTE-2184.mp4
marital, https://media.signbsl.com/videos/asl/youtube/mp4/HDolx3OHnaQ.mp4
maritime, https://media.signbsl.com/videos/asl/youtube/mp4/TkTpojFACNo.mp4
mark, https://player.vimeo.com/external/391978948.sd.mp4?s=1cb53f7a485762468a094859d7d4add667c49c1d&profile_id=164
marked man, https://media.signbsl.com/videos/asl/youtube/mp4/W25b6tTDwQE.mp4
marker, https://media.signbsl.com/videos/asl/elementalaslconcepts/mp4/marker.mp4
market, https://player.vimeo.com/external/392287544.sd.mp4?s=a5ba8beeff02ff7861817f8929fa204e472f6527&profile_id=164
marketable, https://media.signbsl.com/videos/asl/youtube/mp4/xBz-C-ULuPs.mp4
market economy, https://media.signbsl.com/videos/asl/elementalaslconcepts/mp4/free_enterprise.mp4
marketeer, https://media.signbsl.com/videos/asl/youtube/mp4/Bl-gnIzs-gA.mp4
marketer, https://media.signbsl.com/videos/asl/aslsearch/mp4/seller.mp4
market growth, https://player.vimeo.com/external/392287515.sd.mp4?s=38d033befdf7755c2e43ceffacf2187a0e09adba&profile_id=164
market keeper, https://media.signbsl.com/videos/asl/youtube/mp4/_j2LjFMqY6o.mp4
marketplace, https://player.vimeo.com/external/392287544.sd.mp4?s=a5ba8beeff02ff7861817f8929fa204e472f6527&profile_id=164
mark grade, https://player.vimeo.com/external/392287473.sd.mp4?s=d121c545b46902e7113ff56682a897a835c16ce3&profile_id=164
mark off, https://media.signbsl.com/videos/asl/youtube/mp4/I1UnkXu3mNQ.mp4
mark off an area, https://media.signbsl.com/videos/asl/youtube/mp4/-Du4NxOK3CQ.mp4
mark out, https://media.signbsl.com/videos/asl/youtube/mp4/I1UnkXu3mNQ.mp4
mark out a plot, https://media.signbsl.com/videos/asl/youtube/mp4/ud0q4NJo9IE.mp4
marksman, https://media.signbsl.com/videos/asl/youtube/mp4/6X4ouES1HUo.mp4
markup, https://player.vimeo.com/external/392287651.sd.mp4?s=37e0be049a5de250311636bd8eeeabfb080c81b4&profile_id=164
marlee matlin, https://player.vimeo.com/external/392287683.sd.mp4?s=6ab644a4e7f222d4fd7225f8b421b5e14f6ce3de&profile_id=164
marlin, https://media.signbsl.com/videos/asl/youtube/mp4/vbFblMJ5gsI.mp4
marlton, https://media.signbsl.com/videos/asl/youtube/mp4/tLjTH_rykj8.mp4
Marmota monax, https://media.signbsl.com/videos/asl/thefamilyvocab/mp4/groundhog.mp4
Maroc, https://media.signbsl.com/videos/asl/aslsignbank/mp4/MOROCCO-3486.mp4
maroon, https://player.vimeo.com/external/392287750.sd.mp4?s=481f16e26d6f8b3b9af771ec44f63f9a2cc646ae&profile_id=164
marque, https://media.signbsl.com/videos/asl/aslsearch/mp4/brand.mp4
marriage, https://media.signbsl.com/videos/asl/aslsignbank/mp4/MARRY-1625.mp4
marriage broker, https://media.signbsl.com/videos/asl/youtube/mp4/1ikFKYNqfHc.mp4
marriage of convenience, https://media.signbsl.com/videos/asl/youtube/mp4/JWI3Aor8yRA.mp4
married, https://media.signbsl.com/videos/asl/startasl/mp4/married.mp4
married couple, https://media.signbsl.com/videos/asl/aslsignbank/mp4/MARRY-1625.mp4
married man, https://media.signbsl.com/videos/asl/startasl/mp4/husband.mp4
married person, https://media.signbsl.com/videos/asl/aslsearch/mp4/partner.mp4
married woman, https://media.signbsl.com/videos/asl/startasl/mp4/wife.mp4
marrow, https://media.signbsl.com/videos/asl/philosophy/mp4/Essence-HD.mp4
Marruecos, https://media.signbsl.com/videos/asl/aslsignbank/mp4/MOROCCO-3486.mp4
marry, https://media.signbsl.com/videos/asl/startasl/mp4/marry.mp4
marry off, https://media.signbsl.com/videos/asl/youtube/mp4/HK_ZipSA1IU.mp4
Mars, https://player.vimeo.com/external/392287901.sd.mp4?s=f44f002e47ebc59c65ef1f136d2b145dfab70e98&profile_id=164
marsh, https://media.signbsl.com/videos/asl/youtube/mp4/Xq71t6cHifA.mp4
marshal, https://media.signbsl.com/videos/asl/youtube/mp4/M2uyl2g8xQg.mp4
marshall, https://media.signbsl.com/videos/asl/youtube/mp4/M2uyl2g8xQg.mp4
Marshall Islands, https://media.signbsl.com/videos/asl/youtube/mp4/B9YdUPo4peY.mp4
marshal sports, https://media.signbsl.com/videos/asl/youtube/mp4/vifgGpXSAVM.mp4
marshland, https://media.signbsl.com/videos/asl/youtube/mp4/Xq71t6cHifA.mp4
marshmallow, https://media.signbsl.com/videos/asl/aslsearch/mp4/marshmallow.mp4
marshy, https://media.signbsl.com/videos/asl/youtube/mp4/W7chOU4GhmU.mp4
marsupial, https://media.signbsl.com/videos/asl/youtube/mp4/Jsof7X3sx2I.mp4
Marthas Vineyard, https://player.vimeo.com/external/392287997.sd.mp4?s=ad902aa42e12f0164f43703a0e5409ef2e05529e&profile_id=164
martial, https://media.signbsl.com/videos/asl/youtube/mp4/0zlQ08_HNVo.mp4
martial art, https://media.signbsl.com/videos/asl/startasl/mp4/martial-arts.mp4
martial arts, https://media.signbsl.com/videos/asl/startasl/mp4/martial-arts.mp4
Martian, https://media.signbsl.com/videos/asl/youtube/mp4/JeYbwLfhs2c.mp4
martinet, https://media.signbsl.com/videos/asl/youtube/mp4/dNi2E6zI6kY.mp4
martini, https://media.signbsl.com/videos/asl/youtube/mp4/rqjDK13CSGs.mp4
Martinique, https://media.signbsl.com/videos/asl/youtube/mp4/7tAJFmoMslg.mp4
Martin Luther, https://media.signbsl.com/videos/asl/valleybible/mp4/Martin%20Luther.mp4
Martin Luther King, https://media.signbsl.com/videos/asl/elementalaslconcepts/mp4/martin_luther_king_jr.mp4
Martin Luther King Day, https://player.vimeo.com/external/392690126.sd.mp4?s=95e2f4211837bf9051a01c3370fd5074768966ad&profile_id=164
Martin Luther King Jr., NA
Martinique, https://media.signbsl.com/videos/asl/youtube/mp4/7tAJFmoMslg.mp4
Martin Luther, https://media.signbsl.com/videos/asl/valleybible/mp4/Martin%20Luther.mp4
Martin Luther King, https://media.signbsl.com/videos/asl/elementalaslconcepts/mp4/martin_luther_king_jr.mp4
Martin Luther King Day, https://player.vimeo.com/external/392690126.sd.mp4?s=95e2f4211837bf9051a01c3370fd5074768966ad&profile_id=164
Martin Luther King Jr., NA
martin luther king jr mlk, https://player.vimeo.com/external/392288114.sd.mp4?s=69bd6f25ffa20e6f3fb9a3ceffe4aa5adca6ba64&profile_id=164
Martin Luther King Jrs Birthday, https://player.vimeo.com/external/392690126.sd.mp4?s=95e2f4211837bf9051a01c3370fd5074768966ad&profile_id=164
martyr, https://media.signbsl.com/videos/asl/ids/mp4/2013-11-2905-martyr-1500k-ase.mp4
martyred, https://media.signbsl.com/videos/asl/youtube/mp4/48klnCtcc5I.mp4
marvellous, https://media.signbsl.com/videos/asl/startasl/mp4/wonderful.mp4
marvelous, https://media.signbsl.com/videos/asl/startasl/mp4/wonderful.mp4
Mary, https://media.signbsl.com/videos/asl/youtube/mp4/VAMstyi3oJQ.mp4
Mary Jane, https://media.signbsl.com/videos/asl/youtube/mp4/FdUZb3NFrj0.mp4
Maryland, https://media.signbsl.com/videos/asl/youtube/mp4/Clb4tsVBbp0.mp4
mascara, https://player.vimeo.com/external/392288316.sd.mp4?s=890c5c9ec9426a144038aa3d29c872754d9b4a26&profile_id=164
mascot, https://player.vimeo.com/external/392288401.sd.mp4?s=2ef632cf18fbe1dddc4cfafda9e42efdd0fbb6c9&profile_id=164
masculine, https://media.signbsl.com/videos/asl/youtube/mp4/IJZTG7-JZkg.mp4
masculinise, https://media.signbsl.com/videos/asl/youtube/mp4/rJjHNgP5_TM.mp4
masculinity, https://media.signbsl.com/videos/asl/youtube/mp4/FLW1L040vfs.mp4
masculinize, https://media.signbsl.com/videos/asl/youtube/mp4/rJjHNgP5_TM.mp4
masculinize 2, https://media.signbsl.com/videos/asl/youtube/mp4/XZ-YW-z4zlA.mp4
mash, https://media.signbsl.com/videos/asl/aslsignbank/mp4/SQUISH-1107.mp4
mashed potato, https://player.vimeo.com/external/392375641.sd.mp4?s=353237da84ea040f6664c3d126c177a4129ad5c8&profile_id=164
mash up, https://media.signbsl.com/videos/asl/youtube/mp4/XHk1oyhC2t0.mp4
masjid, https://media.signbsl.com/videos/asl/youtube/mp4/P_vh39KmWcM.mp4
mask, https://media.signbsl.com/videos/asl/aslsearch/mp4/mask.mp4
masking paper, https://player.vimeo.com/external/392375682.sd.mp4?s=09ddc3f272b53c7143c0add51524bd4fc4d0b6d3&profile_id=164
masking tape, https://player.vimeo.com/external/392375682.sd.mp4?s=09ddc3f272b53c7143c0add51524bd4fc4d0b6d3&profile_id=164
masochism, https://media.signbsl.com/videos/asl/youtube/mp4/4CTCerqka-g.mp4
masochist, https://media.signbsl.com/videos/asl/youtube/mp4/lIsplj7hPyM.mp4
mason, https://media.signbsl.com/videos/asl/youtube/mp4/-LAlLQ4Mqe8.mp4
masonrybrickwork, https://media.signbsl.com/videos/asl/youtube/mp4/xmlP42UmzE4.mp4
masque, https://player.vimeo.com/external/392690149.sd.mp4?s=325675010a08216c83f30e08981dbb1aee7815f6&profile_id=164
masquerade, https://player.vimeo.com/external/392690149.sd.mp4?s=325675010a08216c83f30e08981dbb1aee7815f6&profile_id=164
mass, https://media.signbsl.com/videos/asl/tsdvideo/mp4/236.mp4
Massachusetts, https://media.signbsl.com/videos/asl/youtube/mp4/eRzu_o4Fyyc.mp4
massacre, https://media.signbsl.com/videos/asl/aslsearch/mp4/massacre.mp4
massage, https://media.signbsl.com/videos/asl/aslsearch/mp4/massage.mp4
masseuse, https://media.signbsl.com/videos/asl/youtube/mp4/PABDsXig-Ss.mp4
massieu jean, https://player.vimeo.com/external/392375750.sd.mp4?s=4a06e63d60edac8d9fe53a2105048fe573e96ed3&profile_id=164
massif, https://media.signbsl.com/videos/asl/youtube/mp4/WILoRmqSzMs.mp4
massiveness, https://media.signbsl.com/videos/asl/youtube/mp4/Z-WYXy1AMUg.mp4
mass murder, https://media.signbsl.com/videos/asl/youtube/mp4/-mwckvPTVqs.mp4
mass see only, https://media.signbsl.com/videos/asl/tsdvideo/mp4/914.mp4
mass spectrometer, https://media.signbsl.com/videos/asl/youtube/mp4/ejLssq-HjO8.mp4
mast, https://media.signbsl.com/videos/asl/aslsearch/mp4/mast.mp4
master, https://media.signbsl.com/videos/asl/ids/mp4/2013-11-2890-master-1500k-ase.mp4
master cylinder, https://media.signbsl.com/videos/asl/AustinCommunityCollege/mp4/auto_master_cylinder_.mp4
masterful, https://media.signbsl.com/videos/asl/youtube/mp4/VUtTUV-bT1k.mp4
master key, https://media.signbsl.com/videos/asl/youtube/mp4/wgixaCuwp5o.mp4
mastermind, https://media.signbsl.com/videos/asl/aslsearch/mp4/genius.mp4
master of ceremonies, https://media.signbsl.com/videos/asl/youtube/mp4/TOaGoHkzYtQ.mp4
masterpiece, https://media.signbsl.com/videos/asl/youtube/mp4/GO_RUUt1dnc.mp4
masters degree, https://player.vimeo.com/external/392375781.sd.mp4?s=a43231c78024257432df917f9228dccf12378623&profile_id=164
mastery, https://media.signbsl.com/videos/asl/youtube/mp4/NqpCSpLtygI.mp4
mastigophoran, https://media.signbsl.com/videos/asl/youtube/mp4/s2qOi098y0U.mp4
mastigophore, https://media.signbsl.com/videos/asl/youtube/mp4/s2qOi098y0U.mp4
masturbate, https://media.signbsl.com/videos/asl/youtube/mp4/E3kNX5NOBw4.mp4
mat, https://media.signbsl.com/videos/asl/youtube/mp4/e1okGWgRkco.mp4
match, https://media.signbsl.com/videos/asl/aslsearch/mp4/fit.mp4
matcher, https://media.signbsl.com/videos/asl/youtube/mp4/1ikFKYNqfHc.mp4
match fire, https://player.vimeo.com/external/392375797.sd.mp4?s=2cd1069e0a035c52c82d66a7c248efe73f223099&profile_id=164
matching, https://media.signbsl.com/videos/asl/elementalaslconcepts/mp4/match.mp4
matchless, https://player.vimeo.com/external/392375824.sd.mp4?s=853cfc016d2da0f6f16d6538a6fc61226844d1e2&profile_id=164
matchmaker, https://media.signbsl.com/videos/asl/youtube/mp4/1ikFKYNqfHc.mp4
match similar, https://player.vimeo.com/external/392375808.sd.mp4?s=c8cee264459018542f82242e04bc748a217de7c5&profile_id=164
mate, https://media.signbsl.com/videos/asl/aslsearch/mp4/partner.mp4
mate officer in navy, https://media.signbsl.com/videos/asl/youtube/mp4/Tvt_JZEruzk.mp4
mater, https://media.signbsl.com/videos/asl/aslsearch/mp4/mama.mp4
materfamilias, https://media.signbsl.com/videos/asl/youtube/mp4/hOIfhCl_tnw.mp4
material, https://media.signbsl.com/videos/asl/startasl/mp4/fabric.mp4
material body, https://media.signbsl.com/videos/asl/ids/mp4/2013-11-3520-physical-body-1500k-ase.mp4
materialisation, https://media.signbsl.com/videos/asl/youtube/mp4/hoX6bZ18eLw.mp4
materialise, https://media.signbsl.com/videos/asl/youtube/mp4/LdO960srJPg.mp4
materialism, https://media.signbsl.com/videos/asl/youtube/mp4/0Zoj9O4MuO0.mp4
materialistic, https://player.vimeo.com/external/392375847.sd.mp4?s=6774277435c61aa9503d52440e09d7d1800bcde6&profile_id=164
materialization, https://media.signbsl.com/videos/asl/youtube/mp4/hoX6bZ18eLw.mp4
materialize, https://media.signbsl.com/videos/asl/youtube/mp4/LdO960srJPg.mp4
material possession, https://media.signbsl.com/videos/asl/youtube/mp4/JBUIA4H0ISE.mp4
material witness, https://media.signbsl.com/videos/asl/unoclimb/mp4/C_XhVJkkX3A.mp4
materia medica, https://media.signbsl.com/videos/asl/youtube/mp4/gYUx0CFc-OU.mp4
maternalism motherly, https://media.signbsl.com/videos/asl/youtube/mp4/IhiGJeJ7HPU.mp4
maternity, https://media.signbsl.com/videos/asl/youtube/mp4/HGwBjBZW0a0.mp4
mates, https://media.signbsl.com/videos/asl/youtube/mp4/x0fjxStgk2c.mp4
math, https://media.signbsl.com/videos/asl/startasl/mp4/math.mp4
mathematical function, https://media.signbsl.com/videos/asl/signlanguagestudent/mp4/function.mp4
mathematical probability, https://media.signbsl.com/videos/asl/youtube/mp4/WJdtZTJAX3I.mp4
mathematical statistician, https://media.signbsl.com/videos/asl/youtube/mp4/1v4Rw92ripc.mp4
mathematics, https://media.signbsl.com/videos/asl/startasl/mp4/math.mp4
maths, https://media.signbsl.com/videos/asl/startasl/mp4/math.mp4
matman, https://media.signbsl.com/videos/asl/aslsearch/mp4/wrestler.mp4
matriarch, https://media.signbsl.com/videos/asl/youtube/mp4/hOIfhCl_tnw.mp4
matrices, https://media.signbsl.com/videos/asl/youtube/mp4/_PxLOMvT6L4.mp4
matriculate, https://media.signbsl.com/videos/asl/youtube/mp4/RiYImHGGV5Y.mp4
matrimonial, https://media.signbsl.com/videos/asl/youtube/mp4/HDolx3OHnaQ.mp4
matrix, https://media.signbsl.com/videos/asl/tsdvideo/mp4/1500.mp4
matrix substance in body that aids growth, https://media.signbsl.com/videos/asl/youtube/mp4/6VTpKJ6UZ9c.mp4
matron, https://media.signbsl.com/videos/asl/youtube/mp4/X4NsFE4K_Kw.mp4
matter, https://media.signbsl.com/videos/asl/aslsearch/mp4/substance.mp4
matter of fact, https://media.signbsl.com/videos/asl/youtube/mp4/XHbwq4UanOY.mp4
mattress, https://media.signbsl.com/videos/asl/aslsearch/mp4/mattress.mp4
maturate, https://media.signbsl.com/videos/asl/aslsearch/mp4/mature.mp4
maturation, https://media.signbsl.com/videos/asl/valleybible/mp4/growth.mp4
mature, https://media.signbsl.com/videos/asl/aslsearch/mp4/mature.mp4
maturity, https://media.signbsl.com/videos/asl/youtube/mp4/ZUyDkPYSfug.mp4
maturity date, https://player.vimeo.com/external/391992884.sd.mp4?s=aece3ac0b0852946d7f684d33216a30ba7a6523a&profile_id=164
maudlin, https://media.signbsl.com/videos/asl/youtube/mp4/AO0X07Mr95s.mp4
maul, https://media.signbsl.com/videos/asl/youtube/mp4/PewFeAVGlbQ.mp4
maunder, https://player.vimeo.com/external/395755650.sd.mp4?s=e614f7ba9f29061f03aa1ebe5b2ac124960ff956&profile_id=164
Mauritania, https://media.signbsl.com/videos/asl/youtube/mp4/acpd_RjFRg0.mp4
Mauritanie, https://media.signbsl.com/videos/asl/youtube/mp4/acpd_RjFRg0.mp4
mausolea, https://media.signbsl.com/videos/asl/youtube/mp4/7ArjBSQSZ4M.mp4
maven, https://media.signbsl.com/videos/asl/aslsignbank/mp4/SET-RECORD-2310.mp4
maverick, https://media.signbsl.com/videos/asl/youtube/mp4/q5g0-6JyvtQ.mp4
mavin, https://media.signbsl.com/videos/asl/aslsignbank/mp4/SET-RECORD-2310.mp4
maw, https://media.signbsl.com/videos/asl/youtube/mp4/1gUifcUd5Co.mp4
maxim, https://media.signbsl.com/videos/asl/youtube/mp4/JT1G83J33o8.mp4
maximal, https://media.signbsl.com/videos/asl/tsdvideo/mp4/342.mp4
maximation, https://media.signbsl.com/videos/asl/youtube/mp4/naNvEbAd8oU.mp4
maximisation, https://media.signbsl.com/videos/asl/youtube/mp4/naNvEbAd8oU.mp4
maximization, https://media.signbsl.com/videos/asl/youtube/mp4/naNvEbAd8oU.mp4
maximum, https://media.signbsl.com/videos/asl/tsdvideo/mp4/342.mp4
May, https://media.signbsl.com/videos/asl/aslsearch/mp4/may.mp4
maybe, https://media.signbsl.com/videos/asl/aslsignbank/mp4/MAYBE-505.mp4
may december romance, https://media.signbsl.com/videos/asl/youtube/mp4/FvPkDiwFnEs.mp4
mayflower compact, https://media.signbsl.com/videos/asl/elementalaslconcepts/mp4/mayflower_compact.mp4
mayhap, https://media.signbsl.com/videos/asl/aslsignbank/mp4/MAYBE-505.mp4
mayhem, https://media.signbsl.com/videos/asl/youtube/mp4/4S-y_MNUpnk.mp4
May I get a drink, https://media.signbsl.com/videos/asl/mariekatzenbachschool/mp4/May%20I%20get%20a%20drink.mp4
may i use the restroom, https://media.signbsl.com/videos/asl/mariekatzenbachschool/mp4/May%20I%20use%20the%20restroom.mp4
mayo, https://player.vimeo.com/external/392375968.sd.mp4?s=76032f7bc9786d45fa26858fc12b222a5a6d4c0f&profile_id=164
mayonnaise, https://player.vimeo.com/external/392375968.sd.mp4?s=76032f7bc9786d45fa26858fc12b222a5a6d4c0f&profile_id=164
mazao, https://media.signbsl.com/videos/asl/youtube/mp4/MxOeCpnj3I0.mp4
maze, https://media.signbsl.com/videos/asl/youtube/mp4/Hs96Bb7CmdU.mp4
mazed, https://media.signbsl.com/videos/asl/aslsignbank/mp4/CONFUSED-2320.mp4
mcdonalds, https://media.signbsl.com/videos/asl/aslsignbank/mp4/MCDONALDS-2997.mp4
MD, https://media.signbsl.com/videos/asl/startasl/mp4/doctor.mp4
me, https://media.signbsl.com/videos/asl/youtube/mp4/Y668nIcpIJM.mp4
meadow, https://player.vimeo.com/external/392376045.sd.mp4?s=78ea66c5b546d9f88bb3d8372732e68818ad59dd&profile_id=164
meagerer, https://media.signbsl.com/videos/asl/youtube/mp4/Op3iknuRKjg.mp4
meal, https://media.signbsl.com/videos/asl/mariekatzenbachschool/mp4/meal.mp4
mealiness, https://media.signbsl.com/videos/asl/youtube/mp4/lusSC5nS0NM.mp4
mealy, https://media.signbsl.com/videos/asl/youtube/mp4/6pjpym0O8NQ.mp4
mealy mouthed, https://media.signbsl.com/videos/asl/youtube/mp4/1oYFyTh5SGQ.mp4
mealymouthed, https://media.signbsl.com/videos/asl/youtube/mp4/1oYFyTh5SGQ.mp4
mean, https://media.signbsl.com/videos/asl/startasl/mp4/mean.mp4
meander, https://media.signbsl.com/videos/asl/youtube/mp4/z87dqQmd3Yw.mp4
meandering, https://media.signbsl.com/videos/asl/youtube/mp4/Zk4clS7dvBc.mp4
meaning, https://media.signbsl.com/videos/asl/youtube/mp4/B__IgGoSizs.mp4
meaningful, https://media.signbsl.com/videos/asl/youtube/mp4/snrYBZHRCSM.mp4
meanly, https://media.signbsl.com/videos/asl/youtube/mp4/yvM5sCnQE80.mp4
mean solar day, https://media.signbsl.com/videos/asl/startasl/mp4/day.mp4
meanspirited, https://media.signbsl.com/videos/asl/youtube/mp4/lv_545qL7Zs.mp4
measles, https://player.vimeo.com/external/392376118.sd.mp4?s=f4bc08e9e174bca3f96864cb11dfe6090e19c46d&profile_id=164
measley, https://media.signbsl.com/videos/asl/youtube/mp4/mzoPknLHaP8.mp4
measlier, https://media.signbsl.com/videos/asl/youtube/mp4/2TUoiKmwaoE.mp4
measure, https://media.signbsl.com/videos/asl/aslsignbank/mp4/EVALUATE-2894.mp4
measure against, https://media.signbsl.com/videos/asl/youtube/mp4/nTLk3-k1M6o.mp4
measured, https://media.signbsl.com/videos/asl/aslsearch/mp4/deliberate.mp4
measured in what units are used, https://media.signbsl.com/videos/asl/youtube/mp4/3Sf00xfZQg0.mp4
measure in add, https://media.signbsl.com/videos/asl/youtube/mp4/SfD5NwVkXmo.mp4
measureless, https://media.signbsl.com/videos/asl/youtube/mp4/QWwri14Lk34.mp4
measure of central tendency, https://media.signbsl.com/videos/asl/youtube/mp4/QBxTvr-mpY4.mp4
measure of variation, https://media.signbsl.com/videos/asl/youtube/mp4/Gl4b3iQFxK4.mp4
measure out, https://media.signbsl.com/videos/asl/tsdvideo/mp4/179.mp4
measure up, https://media.signbsl.com/videos/asl/youtube/mp4/bepBEjCT2xk.mp4
measure up measaure up to, https://media.signbsl.com/videos/asl/youtube/mp4/8d2_cDqAImE.mp4
measuring device, https://player.vimeo.com/external/392376907.sd.mp4?s=16b0178db47cab574e7dd3c1d15c4bf911f1bb74&profile_id=164
measuring instrument, https://player.vimeo.com/external/392376907.sd.mp4?s=16b0178db47cab574e7dd3c1d15c4bf911f1bb74&profile_id=164
measuring system, https://player.vimeo.com/external/392376907.sd.mp4?s=16b0178db47cab574e7dd3c1d15c4bf911f1bb74&profile_id=164
meat, https://media.signbsl.com/videos/asl/startasl/mp4/meat.mp4
meatball, https://player.vimeo.com/external/392690190.sd.mp4?s=58c162ff4b5061ab1ca3370907477db7bffa8c66&profile_id=164
meat cleaver, https://media.signbsl.com/videos/asl/youtube/mp4/fr7E2bCiDU8.mp4
meat grinder a destructive action or process, https://media.signbsl.com/videos/asl/youtube/mp4/BdZABxkLAwU.mp4
meat house, https://media.signbsl.com/videos/asl/youtube/mp4/EPy_NkV_GkI.mp4
meatiness, https://media.signbsl.com/videos/asl/youtube/mp4/e8al_NFOze4.mp4
meatless, https://media.signbsl.com/videos/asl/youtube/mp4/bAal8nxoTXE.mp4
meat market, https://player.vimeo.com/external/393406370.sd.mp4?s=d6865525e880466225125cd313c3c3e52d4792e7&profile_id=164
meat meaty part of a story, https://media.signbsl.com/videos/asl/youtube/mp4/0MqGXWAEcgo.mp4
meatpacker, NA
meaty, https://media.signbsl.com/videos/asl/youtube/mp4/SrqnijVuH4s.mp4
mechanci, https://media.signbsl.com/videos/asl/aslsignbank/mp4/MECHANIC_2-1464.mp4
mechanic, https://media.signbsl.com/videos/asl/startasl/mp4/mechanic2.mp4
mechanical, https://player.vimeo.com/external/392376948.sd.mp4?s=78467eb95419bcbc7382f9e334a5b084c16ac49f&profile_id=164
mechanical disadvantage, https://media.signbsl.com/videos/asl/elementalaslconcepts/mp4/mechanical_disadvantage.mp4
mechanical drawing, https://media.signbsl.com/videos/asl/youtube/mp4/USvNkUqR53E.mp4
mechanical man, https://player.vimeo.com/external/391162646.sd.mp4?s=d320ec77f3fe813155c7a4f0f2145c2de6088be1&profile_id=164
mechanisation, https://media.signbsl.com/videos/asl/youtube/mp4/15lY_SdPa6w.mp4
mechanise, https://media.signbsl.com/videos/asl/youtube/mp4/ZQr1qfqQWWc.mp4
mechanism, https://media.signbsl.com/videos/asl/youtube/mp4/PMknY0H2Nqw.mp4
mechanization, https://media.signbsl.com/videos/asl/youtube/mp4/15lY_SdPa6w.mp4
mechanize, https://media.signbsl.com/videos/asl/youtube/mp4/ZQr1qfqQWWc.mp4
medal, https://media.signbsl.com/videos/asl/aslsearch/mp4/palm.mp4
medalist, https://media.signbsl.com/videos/asl/youtube/mp4/JJ8z7vTTRrI.mp4
medallion, https://media.signbsl.com/videos/asl/aslsearch/mp4/palm.mp4
medallist, https://media.signbsl.com/videos/asl/youtube/mp4/JJ8z7vTTRrI.mp4
medal winner, https://media.signbsl.com/videos/asl/youtube/mp4/JJ8z7vTTRrI.mp4
meddle, https://media.signbsl.com/videos/asl/youtube/mp4/CaAy4pGd9dM.mp4
meddler, https://media.signbsl.com/videos/asl/youtube/mp4/MgfRWoGXdy0.mp4
meddlesome, https://media.signbsl.com/videos/asl/youtube/mp4/0TM8NO9x4hY.mp4
meddling, https://media.signbsl.com/videos/asl/youtube/mp4/0TM8NO9x4hY.mp4
media, https://player.vimeo.com/external/392376981.sd.mp4?s=02b4bfe17e483a911686fbbca580633cc58c5a09&profile_id=164
mediaeval, https://media.signbsl.com/videos/asl/youtube/mp4/eQKcg2Bv_E0.mp4
medial, https://media.signbsl.com/videos/asl/youtube/mp4/Tzpe_S9Ioe0.mp4
median, https://media.signbsl.com/videos/asl/tsdvideo/mp4/293.mp4
median of a trapezoid, https://media.signbsl.com/videos/asl/youtube/mp4/CSm3JpKYs-w.mp4
median of a triangle, https://media.signbsl.com/videos/asl/youtube/mp4/oQd-zHZO2nc.mp4
median value, https://media.signbsl.com/videos/asl/tsdvideo/mp4/293.mp4
mediate, https://media.signbsl.com/videos/asl/youtube/mp4/9EcCRy9PJYk.mp4
mediator, https://media.signbsl.com/videos/asl/youtube/mp4/IuAb5-SPc3g.mp4
medic, https://media.signbsl.com/videos/asl/youtube/mp4/iR6s43th7-A.mp4
medical, https://media.signbsl.com/videos/asl/aslsignbank/mp4/MEDICINE-1621.mp4
medical checkup, https://media.signbsl.com/videos/asl/youtube/mp4/s9bkh-DHJ3A.mp4
medical exam, https://media.signbsl.com/videos/asl/youtube/mp4/s9bkh-DHJ3A.mp4
medical examination, https://media.signbsl.com/videos/asl/youtube/mp4/s9bkh-DHJ3A.mp4
medical examiner, https://media.signbsl.com/videos/asl/youtube/mp4/pJskQBbRoAs.mp4
medical intern, https://media.signbsl.com/videos/asl/youtube/mp4/meXjKSpIl_o.mp4
medical officer, https://media.signbsl.com/videos/asl/youtube/mp4/iR6s43th7-A.mp4
medical prescription, https://media.signbsl.com/videos/asl/youtube/mp4/wuDt2NZ0SUw.mp4
medical prognosis, https://player.vimeo.com/external/392422905.sd.mp4?s=ffa20a79cb20999a1486f7a438033131beadddbf&profile_id=164
medical student, https://media.signbsl.com/videos/asl/youtube/mp4/sHgDpYuv7lY.mp4
medicament, https://media.signbsl.com/videos/asl/startasl/mp4/medicine.mp4
medicate, https://media.signbsl.com/videos/asl/youtube/mp4/OgozMoN8AsQ.mp4
medication, https://media.signbsl.com/videos/asl/startasl/mp4/medicine.mp4
medicinal drug, https://media.signbsl.com/videos/asl/startasl/mp4/medicine.mp4
medicine, https://media.signbsl.com/videos/asl/startasl/mp4/medicine.mp4
medicine (liquid taken orally), https://media.signbsl.com/videos/asl/youtube/mp4/rdtLwk9PeEU.mp4
medicine ear drops, https://media.signbsl.com/videos/asl/startasl/mp4/medicine-ear-drops.mp4
medicine liquid taken orally, https://media.signbsl.com/videos/asl/youtube/mp4/rdtLwk9PeEU.mp4
medicine ointment, https://media.signbsl.com/videos/asl/startasl/mp4/medicine-ointment.mp4
medicine pills, https://media.signbsl.com/videos/asl/startasl/mp4/medicine-pills.mp4
medicine syrup, https://media.signbsl.com/videos/asl/startasl/mp4/medicine-syrup.mp4
medico, https://media.signbsl.com/videos/asl/startasl/mp4/doctor.mp4
medieval, https://media.signbsl.com/videos/asl/youtube/mp4/eQKcg2Bv_E0.mp4
mediocre, https://media.signbsl.com/videos/asl/youtube/mp4/FyqTPCh4lZk.mp4
meditate, https://media.signbsl.com/videos/asl/signlanguagestudent/mp4/ponder.mp4
meditation, https://media.signbsl.com/videos/asl/youtube/mp4/PzMIWnOLF6w.mp4
meditative, https://media.signbsl.com/videos/asl/elementalaslconcepts/mp4/reflect.mp4
medium, https://media.signbsl.com/videos/asl/startasl/mp4/medium.mp4
medium  for plant growth, NA
medium well, https://media.signbsl.com/videos/asl/mariekatzenbachschool/mp4/medium%20well.mp4
medley, https://media.signbsl.com/videos/asl/youtube/mp4/Jg6Eu1QuS-c.mp4
medley swimming, https://media.signbsl.com/videos/asl/youtube/mp4/rvDv1wbLpEc.mp4
medusa, https://media.signbsl.com/videos/asl/youtube/mp4/knNVG4W-pzw.mp4
meek, https://media.signbsl.com/videos/asl/youtube/mp4/s5r1UUDpfTY.mp4
meeker, https://media.signbsl.com/videos/asl/youtube/mp4/iW3btRo-FM4.mp4
meeow, https://media.signbsl.com/videos/asl/youtube/mp4/VxVewGZE5Jw.mp4
meet, https://media.signbsl.com/videos/asl/aslsearch/mp4/meet.mp4
meet and greet, https://media.signbsl.com/videos/asl/youtube/mp4/mQu1BqP5ICQ.mp4
meeter, https://media.signbsl.com/videos/asl/youtube/mp4/0YjGYJldhrc.mp4
meet her, https://media.signbsl.com/videos/asl/aslsearch/mp4/meet-her.mp4
meeting, https://media.signbsl.com/videos/asl/startasl/mp4/meeting.mp4
meetinghouse, https://media.signbsl.com/videos/asl/ids/mp4/2013-11-2910-meetinghouse-1500k-ase.mp4
meet me, https://media.signbsl.com/videos/asl/aslsearch/mp4/meet-me.mp4
meet people, https://media.signbsl.com/videos/asl/youtube/mp4/_ICUw4y2B-g.mp4
meet you, https://media.signbsl.com/videos/asl/youtube/mp4/AsdBSknwrjg.mp4
mega, https://media.signbsl.com/videos/asl/youtube/mp4/RJqq9Sb5WjU.mp4
megahit, https://media.signbsl.com/videos/asl/youtube/mp4/vIOJX88UMdg.mp4
megaphone, https://media.signbsl.com/videos/asl/youtube/mp4/SiZD9G-yFBM.mp4
megrim, https://media.signbsl.com/videos/asl/youtube/mp4/dV2wjaYrKvQ.mp4
me have three children, https://media.signbsl.com/videos/asl/startasl/mp4/mehavethreechildren.mp4
me i, NA
meiosis, https://media.signbsl.com/videos/asl/youtube/mp4/H76lk3DseqA.mp4
Melanerpes erythrocephalus, https://media.signbsl.com/videos/asl/youtube/mp4/BxbnPFP926M.mp4
melange, https://media.signbsl.com/videos/asl/youtube/mp4/vB4ehCbk3B8.mp4
melanin, https://media.signbsl.com/videos/asl/youtube/mp4/9e-Zf3fhDQk.mp4
melanise, https://media.signbsl.com/videos/asl/youtube/mp4/aJj86g0iB30.mp4
melanize, https://media.signbsl.com/videos/asl/youtube/mp4/aJj86g0iB30.mp4
Melbourne, https://media.signbsl.com/videos/asl/aslsignbank/mp4/MELBOURNE-3484.mp4
Melchizedeck Priesthood, https://media.signbsl.com/videos/asl/ids/mp4/2013-11-2920-melchizedeck-priesthood-1500k-ase.mp4
meld, https://media.signbsl.com/videos/asl/aslsignbank/mp4/MATCH-1624.mp4
Meleagris gallopavo, https://media.signbsl.com/videos/asl/startasl/mp4/turkey.mp4
melee, https://media.signbsl.com/videos/asl/youtube/mp4/SRp5zgeU56M.mp4
meliorate, https://media.signbsl.com/videos/asl/startasl/mp4/improve.mp4
mellifluous, https://media.signbsl.com/videos/asl/youtube/mp4/Lm0ul9S8kLo.mp4
mellisonant, https://media.signbsl.com/videos/asl/youtube/mp4/Lm0ul9S8kLo.mp4
mellow, https://media.signbsl.com/videos/asl/youtube/mp4/dW_UgONw2Nw.mp4
mellowed, https://media.signbsl.com/videos/asl/youtube/mp4/0Ocs5UCedDQ.mp4
mellower, https://media.signbsl.com/videos/asl/youtube/mp4/FRDQjdnas8k.mp4
melodramatic, https://media.signbsl.com/videos/asl/youtube/mp4/RlfDvE18LhM.mp4
melon, https://media.signbsl.com/videos/asl/aslsignbank/mp4/PUMPKIN-383.mp4
Melopsittacus undulatus, https://media.signbsl.com/videos/asl/youtube/mp4/q3_OWnP5bhg.mp4
melt, https://media.signbsl.com/videos/asl/youtube/mp4/ycYcIOC2YIQ.mp4
melting, NA
melting pot, https://media.signbsl.com/videos/asl/youtube/mp4/mBL4LKfN1NY.mp4
melt off, https://media.signbsl.com/videos/asl/startasl/mp4/lose-weight.mp4
member, https://media.signbsl.com/videos/asl/aslsignbank/mp4/MEMBER-1619.mp4
Member of the Church, https://media.signbsl.com/videos/asl/ids/mp4/2013-11-2950-members-of-the-church-1500k-ase.mp4
membership, https://media.signbsl.com/videos/asl/ids/mp4/2013-11-2940-membership-1500k-ase.mp4
membrane, https://media.signbsl.com/videos/asl/youtube/mp4/psjXyqKK2v0.mp4
membranophone, https://media.signbsl.com/videos/asl/startasl/mp4/drums.mp4
memento, https://media.signbsl.com/videos/asl/youtube/mp4/piMslBujekU.mp4
memo, https://media.signbsl.com/videos/asl/youtube/mp4/BwlCU--3Oag.mp4
memoir, https://media.signbsl.com/videos/asl/elementalaslconcepts/mp4/memoir.mp4
memoranda, https://media.signbsl.com/videos/asl/youtube/mp4/BwlCU--3Oag.mp4
memorandum, https://media.signbsl.com/videos/asl/youtube/mp4/BwlCU--3Oag.mp4
memorial, https://media.signbsl.com/videos/asl/elementalaslconcepts/mp4/monument.mp4
memorialise, https://media.signbsl.com/videos/asl/youtube/mp4/rAil1X9mAJg.mp4
memorialize, https://media.signbsl.com/videos/asl/youtube/mp4/rAil1X9mAJg.mp4
memorial park, https://media.signbsl.com/videos/asl/aslsearch/mp4/cemetery.mp4
memorisation, https://media.signbsl.com/videos/asl/aslsignbank/mp4/MEMORIZE-1618.mp4
memorise, https://media.signbsl.com/videos/asl/youtube/mp4/5DJ9kEW21xc.mp4
memorization, https://media.signbsl.com/videos/asl/aslsignbank/mp4/MEMORIZE-1618.mp4
memorize, https://media.signbsl.com/videos/asl/youtube/mp4/5DJ9kEW21xc.mp4
memory, https://media.signbsl.com/videos/asl/aslsearch/mp4/memory.mp4
memory card, https://media.signbsl.com/videos/asl/mariekatzenbachschool/mp4/memory%20card.mp4
memory loss, https://player.vimeo.com/external/391162055.sd.mp4?s=578f2cce982195a3f7ab4ba8763d0a65030c0cca&profile_id=164
men, https://media.signbsl.com/videos/asl/signlanguagestudent/mp4/hands.mp4
menace, https://media.signbsl.com/videos/asl/aslsearch/mp4/endanger.mp4
menacing, https://player.vimeo.com/external/392867726.sd.mp4?s=e4ca45c108b96e854329f931b19fbd6508e5deb1&profile_id=164
menagerie, https://media.signbsl.com/videos/asl/aslsearch/mp4/zoo.mp4
mend, https://media.signbsl.com/videos/asl/startasl/mp4/fixing.mp4
mendicant, https://media.signbsl.com/videos/asl/youtube/mp4/NTC9mO5k9j4.mp4
mending, https://media.signbsl.com/videos/asl/startasl/mp4/fixing.mp4
menial, https://media.signbsl.com/videos/asl/youtube/mp4/PO_1vRKnwDE.mp4
meniscus, https://media.signbsl.com/videos/asl/deaftec/mp4/1398.mp4
menopausal, https://media.signbsl.com/videos/asl/youtube/mp4/AmDs5Mr8BCM.mp4
menorah, https://player.vimeo.com/external/392690232.sd.mp4?s=5635b7bbeff7fd082d0c8f71869b28bff8a8027a&profile_id=164
me not married, https://media.signbsl.com/videos/asl/startasl/mp4/menotmarried.mp4
menses, https://media.signbsl.com/videos/asl/youtube/mp4/9w3-akIcO9E.mp4
mens rea, https://media.signbsl.com/videos/asl/unoclimb/mp4/jAtSScFSZH8.mp4
mens store, https://media.signbsl.com/videos/asl/youtube/mp4/MMriPf2DloM.mp4
menstruation, https://media.signbsl.com/videos/asl/youtube/mp4/9w3-akIcO9E.mp4
menstruum, https://media.signbsl.com/videos/asl/youtube/mp4/9w3-akIcO9E.mp4
mensurate, https://media.signbsl.com/videos/asl/tsdvideo/mp4/179.mp4
menswear, https://media.signbsl.com/videos/asl/youtube/mp4/HDL-FNqfvo4.mp4
mental, https://media.signbsl.com/videos/asl/youtube/mp4/5aZG4UfhYBo.mp4
mental attitude, https://media.signbsl.com/videos/asl/aslsignbank/mp4/ATTITUDE-1972.mp4
mental breakdown, https://media.signbsl.com/videos/asl/youtube/mp4/Xjs6DuRCds0.mp4
mental capacity, https://media.signbsl.com/videos/asl/youtube/mp4/KApgPe_BYeU.mp4
mental faculty, https://media.signbsl.com/videos/asl/youtube/mp4/5zQwo76RWPw.mp4
mental home, https://media.signbsl.com/videos/asl/aslsearch/mp4/asylum.mp4
mental hospital, https://media.signbsl.com/videos/asl/aslsearch/mp4/asylum.mp4
mental image, https://media.signbsl.com/videos/asl/aslsearch/mp4/image.mp4
mental imagery, https://media.signbsl.com/videos/asl/aslsignbank/mp4/IMAGINE-1747.mp4
mental institution, https://media.signbsl.com/videos/asl/aslsearch/mp4/asylum.mp4
mentalist, https://media.signbsl.com/videos/asl/youtube/mp4/lGba0CdbDik.mp4
mentalities, https://media.signbsl.com/videos/asl/youtube/mp4/KApgPe_BYeU.mp4
mentality, https://media.signbsl.com/videos/asl/youtube/mp4/KApgPe_BYeU.mp4
mental lexicon, https://media.signbsl.com/videos/asl/aslsearch/mp4/vocabulary.mp4
mentally retarded, https://media.signbsl.com/videos/asl/aslsearch/mp4/mentally-retarded.mp4
mental rejection, https://media.signbsl.com/videos/asl/aslsignbank/mp4/DOUBT-1274.mp4
mental reservation, https://media.signbsl.com/videos/asl/youtube/mp4/M3RASwDwBL4.mp4
mentation, https://media.signbsl.com/videos/asl/signlanguagestudent/mp4/thinking.mp4
mention, https://media.signbsl.com/videos/asl/aslsignbank/mp4/MENTION-1617.mp4
mentor, https://media.signbsl.com/videos/asl/youtube/mp4/9dwRiKY8kaw.mp4
mentum, https://media.signbsl.com/videos/asl/aslsearch/mp4/chin.mp4
menu, https://media.signbsl.com/videos/asl/youtube/mp4/ThhhFlGBF18.mp4
mephitis, https://media.signbsl.com/videos/asl/aslsearch/mp4/stink.mp4
mercantile, https://media.signbsl.com/videos/asl/youtube/mp4/izAdUBa_VLE.mp4
mercantile establishment, https://media.signbsl.com/videos/asl/youtube/mp4/adfVioKM4ag.mp4
mercantilism, https://media.signbsl.com/videos/asl/youtube/mp4/_qlDFaKpsqs.mp4
mercenaries, https://media.signbsl.com/videos/asl/youtube/mp4/iQKlFHDDESA.mp4
mercenary, https://media.signbsl.com/videos/asl/youtube/mp4/iQKlFHDDESA.mp4
mercer, https://media.signbsl.com/videos/asl/youtube/mp4/QV9ZM6m-I9c.mp4
mercerise, https://media.signbsl.com/videos/asl/youtube/mp4/-RuUlbR53-4.mp4
mercerize, https://media.signbsl.com/videos/asl/youtube/mp4/-RuUlbR53-4.mp4
merchandise, https://media.signbsl.com/videos/asl/signlanguagestudent/mp4/product.mp4
merchandiser, https://media.signbsl.com/videos/asl/youtube/mp4/r46ojMN63V0.mp4
merchant, https://media.signbsl.com/videos/asl/youtube/mp4/r46ojMN63V0.mp4
merchantable, https://media.signbsl.com/videos/asl/youtube/mp4/xBz-C-ULuPs.mp4
merchant bank, https://media.signbsl.com/videos/asl/youtube/mp4/tKb-kK3Dl5c.mp4
mercies, https://media.signbsl.com/videos/asl/signlanguagestudent/mp4/mercy.mp4
mercifulness, https://media.signbsl.com/videos/asl/signlanguagestudent/mp4/mercy.mp4
merciless, https://media.signbsl.com/videos/asl/youtube/mp4/vHhb5xpk9VU.mp4
mercurial, https://player.vimeo.com/external/392015167.sd.mp4?s=b29acb19701f963850f84dcad2aea31eb6e37230&profile_id=164
Mercury, https://media.signbsl.com/videos/asl/youtube/mp4/JGCAqTTYxLI.mp4
mercy, https://media.signbsl.com/videos/asl/signlanguagestudent/mp4/mercy.mp4
mercy killing, https://media.signbsl.com/videos/asl/youtube/mp4/BVuD6cBeahU.mp4
mercy of god, https://media.signbsl.com/videos/asl/valleybible/mp4/Mercy%20of%20God.mp4
mere, https://media.signbsl.com/videos/asl/youtube/mp4/aP3RGGE2SwM.mp4
merely, https://media.signbsl.com/videos/asl/aslsignbank/mp4/JUST-1702.mp4
meretricious, https://media.signbsl.com/videos/asl/youtube/mp4/jCJUPkDVj3c.mp4
meretriciousness, https://media.signbsl.com/videos/asl/youtube/mp4/N9yhABLu82I.mp4
merge, https://media.signbsl.com/videos/asl/aslsignbank/mp4/MATCH-1624.mp4
merger, https://media.signbsl.com/videos/asl/youtube/mp4/nllkXot6pu0.mp4
meridian, https://media.signbsl.com/videos/asl/elementalaslconcepts/mp4/longitude.mp4
merino, https://media.signbsl.com/videos/asl/youtube/mp4/j9sz3YgAEXI.mp4
merino sheep, https://media.signbsl.com/videos/asl/youtube/mp4/j9sz3YgAEXI.mp4
merit, https://media.signbsl.com/videos/asl/aslsignbank/mp4/VALUE-1370.mp4
meritable, https://media.signbsl.com/videos/asl/youtube/mp4/6-b9JWJ86t0.mp4
meritless, https://player.vimeo.com/external/392383115.sd.mp4?s=c49dafb32c13ff1e87f99d4ca66551c3d71c0277&profile_id=164
meritocracies, https://media.signbsl.com/videos/asl/youtube/mp4/MldOoW84csI.mp4
meritocracy, https://media.signbsl.com/videos/asl/youtube/mp4/MldOoW84csI.mp4
meritorious, https://media.signbsl.com/videos/asl/youtube/mp4/6-b9JWJ86t0.mp4
Meriwether Lewis, https://media.signbsl.com/videos/asl/elementalaslconcepts/mp4/meriwether_lewis.mp4
mermaid, https://media.signbsl.com/videos/asl/youtube/mp4/YAWiJz7Jgjc.mp4
merriment, https://media.signbsl.com/videos/asl/youtube/mp4/bg5MXVnk1vA.mp4
merry, https://media.signbsl.com/videos/asl/aslsearch/mp4/lively.mp4
merry go round, https://media.signbsl.com/videos/asl/youtube/mp4/2MQyOxG9ad8.mp4
merrymaker, https://media.signbsl.com/videos/asl/youtube/mp4/wZyRf0epKYI.mp4
mesh, https://media.signbsl.com/videos/asl/tsdvideo/mp4/1113.mp4
meshing, https://media.signbsl.com/videos/asl/tsdvideo/mp4/1113.mp4
meshwork, https://media.signbsl.com/videos/asl/tsdvideo/mp4/1113.mp4
mesmerise, https://media.signbsl.com/videos/asl/aslsearch/mp4/hypnotize.mp4
mesmerised, https://media.signbsl.com/videos/asl/youtube/mp4/5LGeXnxKp2E.mp4
mesmerism, https://media.signbsl.com/videos/asl/youtube/mp4/mffQDrQwx1c.mp4
mesmerize, https://media.signbsl.com/videos/asl/aslsearch/mp4/hypnotize.mp4
mesmerized, https://media.signbsl.com/videos/asl/youtube/mp4/5LGeXnxKp2E.mp4
mesoblast, https://media.signbsl.com/videos/asl/youtube/mp4/SHV039U0FBQ.mp4
mesoderm, https://media.signbsl.com/videos/asl/youtube/mp4/SHV039U0FBQ.mp4
mess, https://media.signbsl.com/videos/asl/youtube/mp4/VlsnLDVOR6g.mp4
mess about, https://player.vimeo.com/external/392267878.sd.mp4?s=10d9266847209e94d3c1a9616403129d8e274422&profile_id=164
message, https://media.signbsl.com/videos/asl/elementalaslconcepts/mp4/message.mp4
Message Story Comments, https://media.signbsl.com/videos/asl/ids/mp4/2013-11-2970-message-story-comments-1500k-ase.mp4
mess around, https://media.signbsl.com/videos/asl/youtube/mp4/LElf0V6cYbg.mp4
messeigneurs, https://media.signbsl.com/videos/asl/youtube/mp4/3NIDK7HNG6Y.mp4
messenger, https://media.signbsl.com/videos/asl/youtube/mp4/odlfHiRj5v8.mp4
Messiah, https://media.signbsl.com/videos/asl/signlanguagestudent/mp4/Messiah.mp4
messier, https://media.signbsl.com/videos/asl/youtube/mp4/aCCnTZDfhao.mp4
messily, https://media.signbsl.com/videos/asl/youtube/mp4/LGox60buGf8.mp4
messiness, https://media.signbsl.com/videos/asl/youtube/mp4/VlsnLDVOR6g.mp4
mess up, https://media.signbsl.com/videos/asl/aslsignbank/mp4/FUCK-UP-2905.mp4
messy, https://media.signbsl.com/videos/asl/startasl/mp4/messy.mp4
messy eater, https://media.signbsl.com/videos/asl/youtube/mp4/_KroThHP7IQ.mp4
messy hair, https://media.signbsl.com/videos/asl/youtube/mp4/2Kx98mlrPc8.mp4
mestizo, https://media.signbsl.com/videos/asl/youtube/mp4/nkynbs5Z0LQ.mp4
me study to be interpreter, https://media.signbsl.com/videos/asl/startasl/mp4/mestudytobeinterpreter.mp4
metabolic, https://media.signbsl.com/videos/asl/youtube/mp4/aapeQ-LDSNo.mp4
metabolic process, https://media.signbsl.com/videos/asl/deaftec/mp4/1399.mp4
metabolise, https://media.signbsl.com/videos/asl/youtube/mp4/s05MXPa-JkE.mp4
metabolism, https://media.signbsl.com/videos/asl/deaftec/mp4/1399.mp4
metabolite, https://media.signbsl.com/videos/asl/youtube/mp4/FcH1cqW8CpM.mp4
metabolize, https://media.signbsl.com/videos/asl/youtube/mp4/s05MXPa-JkE.mp4
metacarpophalangeal joint, https://media.signbsl.com/videos/asl/aslsearch/mp4/knuckle.mp4
metal, https://media.signbsl.com/videos/asl/startasl/mp4/metal.mp4
metallic element, https://media.signbsl.com/videos/asl/startasl/mp4/metal.mp4
metalloid, https://media.signbsl.com/videos/asl/youtube/mp4/bRmZDG5Uw7c.mp4
metallurgic, https://media.signbsl.com/videos/asl/youtube/mp4/gz5pGS6FKQE.mp4
metallurgical, https://media.signbsl.com/videos/asl/youtube/mp4/gz5pGS6FKQE.mp4
metallurgical engineer, https://media.signbsl.com/videos/asl/youtube/mp4/gwj2VVTLR7c.mp4
metallurgist, https://media.signbsl.com/videos/asl/youtube/mp4/gwj2VVTLR7c.mp4
metallurgy, https://media.signbsl.com/videos/asl/AustinCommunityCollege/mp4/weld_metallurgy_.mp4
metal money, https://media.signbsl.com/videos/asl/youtube/mp4/nzjCMhzkZqU.mp4
metalwork, https://media.signbsl.com/videos/asl/youtube/mp4/wvaXBfzjtyM.mp4
metalworker, https://media.signbsl.com/videos/asl/youtube/mp4/O3I_3kyq0So.mp4
metalworking, https://media.signbsl.com/videos/asl/youtube/mp4/wvaXBfzjtyM.mp4
metalworks, https://media.signbsl.com/videos/asl/youtube/mp4/smixqXDJHcQ.mp4
metamorphic, https://media.signbsl.com/videos/asl/youtube/mp4/W8VyTuKGRU4.mp4
metamorphosis, https://media.signbsl.com/videos/asl/ids/mp4/2013-11-4980-transfiguration-1500k-ase.mp4
metaphase, https://media.signbsl.com/videos/asl/youtube/mp4/dloU21CirpE.mp4
metaphor, https://media.signbsl.com/videos/asl/aslsignbank/mp4/METAPHOR-2999.mp4
metaphysical, https://media.signbsl.com/videos/asl/youtube/mp4/ynZl-dtKqus.mp4
metaphysics, https://media.signbsl.com/videos/asl/philosophy/mp4/Metaphysics-HD.mp4
metastasis, https://media.signbsl.com/videos/asl/deaftec/mp4/1399.mp4
metatheses, https://media.signbsl.com/videos/asl/youtube/mp4/OxjEIMCqSLs.mp4
mete, https://media.signbsl.com/videos/asl/youtube/mp4/QUMuhZPmMoA.mp4
meteor, https://media.signbsl.com/videos/asl/youtube/mp4/CEX7yytAvkU.mp4
meteoroid, https://media.signbsl.com/videos/asl/youtube/mp4/CEX7yytAvkU.mp4
meteorologist, https://media.signbsl.com/videos/asl/aslsearch/mp4/meteorologist.mp4
meteorology, https://media.signbsl.com/videos/asl/aslsearch/mp4/meteorology.mp4
meter, https://media.signbsl.com/videos/asl/tsdvideo/mp4/476.mp4
meter in poetry, https://media.signbsl.com/videos/asl/elementalaslconcepts/mp4/meter_poetry.mp4
methadon, https://media.signbsl.com/videos/asl/youtube/mp4/UDnn7_vPZys.mp4
methadone, https://media.signbsl.com/videos/asl/youtube/mp4/UDnn7_vPZys.mp4
methadone hydrochloride, https://media.signbsl.com/videos/asl/youtube/mp4/UDnn7_vPZys.mp4
methane series, https://media.signbsl.com/videos/asl/youtube/mp4/laoCl086fBM.mp4
methinks, https://media.signbsl.com/videos/asl/youtube/mp4/BSKbz62mAFo.mp4
method, https://media.signbsl.com/videos/asl/youtube/mp4/IEP1ve8SPkg.mp4
methodical, https://media.signbsl.com/videos/asl/youtube/mp4/jKmC8hh_Byc.mp4
methodicalness, https://media.signbsl.com/videos/asl/youtube/mp4/t0LtYxnUpNY.mp4
Methodist, https://media.signbsl.com/videos/asl/valleybible/mp4/Methodist.mp4
meticulous, https://media.signbsl.com/videos/asl/youtube/mp4/aWtpeBBDvHo.mp4
metier, https://media.signbsl.com/videos/asl/youtube/mp4/kD-DAmqymYI.mp4
metonym, https://player.vimeo.com/external/392867383.sd.mp4?s=8d8cae96e8a19bf70c8c7ccf7d7200f75c9bd384&profile_id=164
metre, https://media.signbsl.com/videos/asl/tsdvideo/mp4/476.mp4
metric, https://media.signbsl.com/videos/asl/AustinCommunityCollege/mp4/auto_metric_.mp4
metrical, https://media.signbsl.com/videos/asl/AustinCommunityCollege/mp4/auto_metric_.mp4
metricate, https://media.signbsl.com/videos/asl/youtube/mp4/W7FLwsV1aCI.mp4
metricise, https://media.signbsl.com/videos/asl/youtube/mp4/W7FLwsV1aCI.mp4
metricize, https://media.signbsl.com/videos/asl/youtube/mp4/W7FLwsV1aCI.mp4
metric system, https://media.signbsl.com/videos/asl/tsdvideo/mp4/238.mp4
metrify, https://media.signbsl.com/videos/asl/youtube/mp4/W7FLwsV1aCI.mp4
metro, https://media.signbsl.com/videos/asl/aslsearch/mp4/subway.mp4
metropolis, https://media.signbsl.com/videos/asl/aslsignbank/mp4/CITY-551.mp4
met the eyes, https://media.signbsl.com/videos/asl/youtube/mp4/BHwQbF68vnY.mp4
mettle, https://media.signbsl.com/videos/asl/youtube/mp4/6SGE7lVVp2U.mp4
me twenty years old, https://media.signbsl.com/videos/asl/startasl/mp4/metwentyyearsold.mp4
mewl, https://media.signbsl.com/videos/asl/youtube/mp4/jyz7jWZRtWo.mp4
Mexican, https://media.signbsl.com/videos/asl/startasl/mp4/mexican.mp4
Mexican black cherry, https://media.signbsl.com/videos/asl/youtube/mp4/NOVds_CI7ro.mp4
Mexican flameleaf, https://player.vimeo.com/external/392700394.sd.mp4?s=3ce5c289e45d969f63c0c94d02bb1b0e025d4ef8&profile_id=164
Mexico, https://media.signbsl.com/videos/asl/startasl/mp4/mexico.mp4
Meyer Guggenheim, https://media.signbsl.com/videos/asl/thefamilyvocab/mp4/Guggenheim.mp4
mg, https://media.signbsl.com/videos/asl/youtube/mp4/muX0UcL-rJU.mp4
mho, https://media.signbsl.com/videos/asl/aslsearch/mp4/s.mp4
mi, https://media.signbsl.com/videos/asl/tsdvideo/mp4/478.mp4
miasma, https://media.signbsl.com/videos/asl/youtube/mp4/53uJUW6NQbw.mp4
mic, https://media.signbsl.com/videos/asl/youtube/mp4/0LZAZ-RSRUs.mp4
mice, https://media.signbsl.com/videos/asl/aslsignbank/mp4/RAT-2879.mp4
Michigan, https://media.signbsl.com/videos/asl/youtube/mp4/s99BIEoZqeI.mp4
Michigander, https://player.vimeo.com/external/392628086.sd.mp4?s=7ccb5fb0322717943084953f6f286ba90e980d60&profile_id=164
Mick, https://media.signbsl.com/videos/asl/youtube/mp4/HOriCpHfp2k.mp4
Mickey, https://media.signbsl.com/videos/asl/youtube/mp4/HOriCpHfp2k.mp4
Mickey Mouse, https://player.vimeo.com/external/392377407.sd.mp4?s=d6c0256283282a511fdd9219408e14922f15f037&profile_id=164
mickle, https://media.signbsl.com/videos/asl/aslsearch/mp4/lot.mp4
microbe, https://media.signbsl.com/videos/asl/youtube/mp4/p_uZ1kioTK4.mp4
microbiological, https://media.signbsl.com/videos/asl/youtube/mp4/KKdWg-lH0dk.mp4
microbiologist, https://media.signbsl.com/videos/asl/youtube/mp4/sBsCpVQ-mFg.mp4
microbiology, https://media.signbsl.com/videos/asl/deaftec/mp4/1400.mp4
microbreweries, https://media.signbsl.com/videos/asl/youtube/mp4/zhtF2-AGm-M.mp4
microbrewery, https://media.signbsl.com/videos/asl/youtube/mp4/zhtF2-AGm-M.mp4
micro chip, https://media.signbsl.com/videos/asl/youtube/mp4/Df3U_ehbu0s.mp4
microchip, https://media.signbsl.com/videos/asl/youtube/mp4/Df3U_ehbu0s.mp4
microcircuit, https://media.signbsl.com/videos/asl/youtube/mp4/WF7wwvpuVDM.mp4
microclimate, https://media.signbsl.com/videos/asl/youtube/mp4/BVy5IoRP88g.mp4
microcomputer, https://media.signbsl.com/videos/asl/mariekatzenbachschool/mp4/PC.mp4
micro cook, https://player.vimeo.com/external/392638101.sd.mp4?s=3f23932d611de7d05509cf071034103b4ff443ef&profile_id=164
microcosm, https://media.signbsl.com/videos/asl/youtube/mp4/xdUVbtWFT1Y.mp4
microeconomic, https://media.signbsl.com/videos/asl/youtube/mp4/gcNNKW80uQA.mp4
microelectronic, https://media.signbsl.com/videos/asl/youtube/mp4/HFUZplxY7vM.mp4
micromanage, https://media.signbsl.com/videos/asl/youtube/mp4/cMJbOjdMSw8.mp4
micrometer, https://media.signbsl.com/videos/asl/AustinCommunityCollege/mp4/auto_micrometer_.mp4
micrometer caliper, https://media.signbsl.com/videos/asl/AustinCommunityCollege/mp4/auto_micrometer_.mp4
micrometer gauge, https://media.signbsl.com/videos/asl/AustinCommunityCollege/mp4/auto_micrometer_.mp4
Micronesia, https://media.signbsl.com/videos/asl/youtube/mp4/tNCCmmIQuSM.mp4
microorganism, https://media.signbsl.com/videos/asl/youtube/mp4/MgRcEBQxNXw.mp4
microphone, https://media.signbsl.com/videos/asl/aslsearch/mp4/microphone.mp4
micropipette, https://media.signbsl.com/videos/asl/deaftec/mp4/1401.mp4
microprocessor chip, https://media.signbsl.com/videos/asl/youtube/mp4/Df3U_ehbu0s.mp4
microscope, https://media.signbsl.com/videos/asl/aslsignbank/mp4/MICROSCOPE-3003.mp4
microscope slide, https://player.vimeo.com/external/392377457.sd.mp4?s=bd14b20e245807c026d65985e0b814267fda19ef&profile_id=164
microscopic, https://player.vimeo.com/external/392690269.sd.mp4?s=ccdebc364aabc197615c87e66d9558abe2edfc7b&profile_id=164
microscopical, https://player.vimeo.com/external/392690269.sd.mp4?s=ccdebc364aabc197615c87e66d9558abe2edfc7b&profile_id=164
microscopy, https://media.signbsl.com/videos/asl/youtube/mp4/-XWXMyNOhm8.mp4
microsoft, https://media.signbsl.com/videos/asl/mariekatzenbachschool/mp4/Microsoft.mp4
microsurgeries, https://media.signbsl.com/videos/asl/youtube/mp4/kJW3Z8u-cu0.mp4
microsurgery, https://media.signbsl.com/videos/asl/youtube/mp4/kJW3Z8u-cu0.mp4
microwavable, https://media.signbsl.com/videos/asl/youtube/mp4/UogG7ix4wdY.mp4
microwave, https://media.signbsl.com/videos/asl/startasl/mp4/microwave.mp4
microwave radar, https://media.signbsl.com/videos/asl/aslsearch/mp4/radar.mp4
midair, https://media.signbsl.com/videos/asl/youtube/mp4/rkHzKMJnBkA.mp4
midday, https://media.signbsl.com/videos/asl/startasl/mp4/noon.mp4
midden, https://media.signbsl.com/videos/asl/youtube/mp4/mNtfjVS4BPY.mp4
middle, https://media.signbsl.com/videos/asl/aslsignbank/mp4/CENTER-653.mp4
Middle East, https://media.signbsl.com/videos/asl/mariekatzenbachschool/mp4/Middle%20East.mp4
Middle Eastern, https://player.vimeo.com/external/392690298.sd.mp4?s=f5542e580c7597c42c6360f9680b50abd67ea0d4&profile_id=164
middle finger, https://media.signbsl.com/videos/asl/aslsearch/mp4/middle-finger.mp4
middleman, https://media.signbsl.com/videos/asl/youtube/mp4/qaURIonfPKw.mp4
middle of the night, https://media.signbsl.com/videos/asl/youtube/mp4/gJ_LN84ErJk.mp4
middle passage, https://media.signbsl.com/videos/asl/elementalaslconcepts/mp4/middle_passage.mp4
middle school, https://media.signbsl.com/videos/asl/startasl/mp4/middle-school.mp4
middle sized, https://player.vimeo.com/external/392377562.sd.mp4?s=3273a90066b3634e43bcc92e7111beab665c70a5&profile_id=164
middleweight, https://media.signbsl.com/videos/asl/youtube/mp4/kn-csawHrAI.mp4
Middle West, https://media.signbsl.com/videos/asl/youtube/mp4/JguYXeZ3eNg.mp4
middling, https://media.signbsl.com/videos/asl/youtube/mp4/FyqTPCh4lZk.mp4
Mideast, https://media.signbsl.com/videos/asl/mariekatzenbachschool/mp4/Middle%20East.mp4
midfield, https://media.signbsl.com/videos/asl/youtube/mp4/RlysWtSClW4.mp4
midget, https://player.vimeo.com/external/392520787.sd.mp4?s=0b76cce8f13515bc4666a6742cbd71b118525152&profile_id=164
midland, https://media.signbsl.com/videos/asl/youtube/mp4/da0cKO0EBsk.mp4
midlife, https://media.signbsl.com/videos/asl/youtube/mp4/3_avNrXnC80.mp4
midnight, https://media.signbsl.com/videos/asl/startasl/mp4/midnight.mp4
midpoint, https://media.signbsl.com/videos/asl/signlanguagestudent/mp4/center.mp4
midrange, https://media.signbsl.com/videos/asl/youtube/mp4/x1aps0TrioA.mp4
midriff, https://media.signbsl.com/videos/asl/youtube/mp4/eMMV6IuYrX8.mp4
midriver, https://media.signbsl.com/videos/asl/youtube/mp4/H_69kyVRL5o.mp4
midsegment, https://media.signbsl.com/videos/asl/youtube/mp4/zElBGdRvetQ.mp4
midshipman, https://media.signbsl.com/videos/asl/youtube/mp4/_UVACCVkgEk.mp4
midsize, https://player.vimeo.com/external/392377612.sd.mp4?s=26a74d05b5d5816be7ef9ea56035104983090c7a&profile_id=164
midst, https://media.signbsl.com/videos/asl/youtube/mp4/mtcBepVCCNY.mp4
midst, https://media.signbsl.com/videos/asl/youtube/mp4/mtcBepVCCNY.mp4
midsummer, https://media.signbsl.com/videos/asl/youtube/mp4/lPt_4BHZPSE.mp4
midterm, https://media.signbsl.com/videos/asl/youtube/mp4/nqIy-VA2kLA.mp4
midterm exam, https://media.signbsl.com/videos/asl/youtube/mp4/K5_m_2mbhTM.mp4
midterm examination, https://media.signbsl.com/videos/asl/youtube/mp4/K5_m_2mbhTM.mp4
midtown, https://media.signbsl.com/videos/asl/youtube/mp4/37dz4qz6omU.mp4
mid twenties, https://media.signbsl.com/videos/asl/youtube/mp4/eo-6SDaaDtg.mp4
midway, https://media.signbsl.com/videos/asl/youtube/mp4/FQ7dqyUMsfk.mp4
midweek, https://media.signbsl.com/videos/asl/youtube/mp4/K87R71GItFA.mp4
midweekly, https://media.signbsl.com/videos/asl/youtube/mp4/K87R71GItFA.mp4
Midwest, https://media.signbsl.com/videos/asl/youtube/mp4/JguYXeZ3eNg.mp4
midwife, https://media.signbsl.com/videos/asl/youtube/mp4/A-qnKsphHBY.mp4
midwinter, https://media.signbsl.com/videos/asl/youtube/mp4/0il-cfQImNo.mp4
midyear, https://media.signbsl.com/videos/asl/youtube/mp4/qlsfH1enMmA.mp4
mien, https://media.signbsl.com/videos/asl/AustinCommunityCollege/mp4/auto_bearing_.mp4
miff, https://player.vimeo.com/external/392186387.sd.mp4?s=5c42c2f919f657be440d8cffe549051f9c8e0d60&profile_id=164
miffed, https://media.signbsl.com/videos/asl/youtube/mp4/d0MAlz7UTYM.mp4
might, https://media.signbsl.com/videos/asl/youtube/mp4/dHndfKybt_g.mp4
mightier, https://media.signbsl.com/videos/asl/youtube/mp4/fFt60yy7dVE.mp4
mightiness, https://media.signbsl.com/videos/asl/youtube/mp4/dHndfKybt_g.mp4
might maybe, https://player.vimeo.com/external/392377639.sd.mp4?s=40f6192126ee4161fa806a9af4a4eb7c72f56a0d&profile_id=164
mighty, https://player.vimeo.com/external/392377659.sd.mp4?s=b53f8d5bb210e92dc51f52dc8a1bc3c7fcae8ea2&profile_id=164
migraine, https://media.signbsl.com/videos/asl/youtube/mp4/dV2wjaYrKvQ.mp4
migrant, https://media.signbsl.com/videos/asl/youtube/mp4/amIRMcv29_Y.mp4
migrate, https://player.vimeo.com/external/392377673.sd.mp4?s=e846edf7f445debc2856c0501daa446e5c148bbe&profile_id=164
migration, https://media.signbsl.com/videos/asl/elementalaslconcepts/mp4/migration.mp4
migration route, https://media.signbsl.com/videos/asl/youtube/mp4/oQYIBhAIlsY.mp4
migrator, https://media.signbsl.com/videos/asl/youtube/mp4/amIRMcv29_Y.mp4
mike, https://media.signbsl.com/videos/asl/aslsearch/mp4/microphone.mp4
mil, https://media.signbsl.com/videos/asl/tsdvideo/mp4/479.mp4
Milady, https://media.signbsl.com/videos/asl/youtube/mp4/_ASRKLTL5Dk.mp4
milage, https://media.signbsl.com/videos/asl/youtube/mp4/GIgERx9bclY.mp4
milan italy, https://player.vimeo.com/external/392377695.sd.mp4?s=e2762e274b1b62155d81f526ac60361157f286cb&profile_id=164
milch, https://media.signbsl.com/videos/asl/youtube/mp4/izeAkRpjakc.mp4
milch cow, https://media.signbsl.com/videos/asl/youtube/mp4/cPH4CZpU-v0.mp4
milcher, https://media.signbsl.com/videos/asl/youtube/mp4/cPH4CZpU-v0.mp4
mild, https://media.signbsl.com/videos/asl/youtube/mp4/ZmU40WQjrkg.mp4
mildew, https://media.signbsl.com/videos/asl/youtube/mp4/BeQYRo2mQk8.mp4
mile, https://media.signbsl.com/videos/asl/tsdvideo/mp4/478.mp4
mileage, https://media.signbsl.com/videos/asl/youtube/mp4/GIgERx9bclY.mp4
milepost, https://media.signbsl.com/videos/asl/youtube/mp4/fTOt0rHcUfc.mp4
miler, https://media.signbsl.com/videos/asl/youtube/mp4/Fdu-UAYtBIs.mp4
miles per hour mph, https://player.vimeo.com/external/392690329.sd.mp4?s=a18e6663b90ef090ec86bd61a8b2066c708b6762&profile_id=164
milestone, https://media.signbsl.com/videos/asl/youtube/mp4/fTOt0rHcUfc.mp4
milieu, https://media.signbsl.com/videos/asl/youtube/mp4/GbvRO-vTxEY.mp4
militance, https://media.signbsl.com/videos/asl/youtube/mp4/XQVS1zHLcOw.mp4
militancy, https://media.signbsl.com/videos/asl/youtube/mp4/XQVS1zHLcOw.mp4
militaries, https://media.signbsl.com/videos/asl/aslsignbank/mp4/NAVY-1581.mp4
militarisation, https://media.signbsl.com/videos/asl/youtube/mp4/X7ePVaNc3rM.mp4
militarise, https://media.signbsl.com/videos/asl/youtube/mp4/3rDOZfJCyvY.mp4
militarism, https://media.signbsl.com/videos/asl/youtube/mp4/MYFoJrxCahg.mp4
militarist, https://media.signbsl.com/videos/asl/youtube/mp4/BSLFXD3RuBs.mp4
militarization, https://media.signbsl.com/videos/asl/youtube/mp4/X7ePVaNc3rM.mp4
militarize, https://media.signbsl.com/videos/asl/youtube/mp4/3rDOZfJCyvY.mp4
military, https://media.signbsl.com/videos/asl/aslsignbank/mp4/NAVY-1581.mp4
military blockade, https://media.signbsl.com/videos/asl/youtube/mp4/wkKSgpsQnKU.mp4
military campaign, https://media.signbsl.com/videos/asl/youtube/mp4/pkpFOkG-Pi4.mp4
military force, https://media.signbsl.com/videos/asl/signlanguagestudent/mp4/force.mp4
military greeting, https://media.signbsl.com/videos/asl/aslsearch/mp4/salute.mp4
military group, https://media.signbsl.com/videos/asl/signlanguagestudent/mp4/force.mp4
military junta, https://media.signbsl.com/videos/asl/youtube/mp4/WbQeK3vLO4w.mp4
military machine, https://media.signbsl.com/videos/asl/youtube/mp4/smfJvlKtdpQ.mp4
military man, https://media.signbsl.com/videos/asl/youtube/mp4/BShL7sluaRo.mp4
military officer, https://media.signbsl.com/videos/asl/youtube/mp4/lKlhNRKuGQI.mp4
military personnel, https://media.signbsl.com/videos/asl/youtube/mp4/BShL7sluaRo.mp4
military plane, https://media.signbsl.com/videos/asl/youtube/mp4/XaYbcFUt_eI.mp4
military reserve, https://media.signbsl.com/videos/asl/youtube/mp4/KWKxGTSo1vQ.mp4
military unit, https://media.signbsl.com/videos/asl/signlanguagestudent/mp4/force.mp4
militia, https://media.signbsl.com/videos/asl/elementalaslconcepts/mp4/militia.mp4
milk, https://media.signbsl.com/videos/asl/startasl/mp4/milk.mp4
milk cow, https://media.signbsl.com/videos/asl/youtube/mp4/cPH4CZpU-v0.mp4
milker, https://media.signbsl.com/videos/asl/youtube/mp4/cPH4CZpU-v0.mp4
milkier, https://media.signbsl.com/videos/asl/youtube/mp4/TD8MfaSlP4U.mp4
milkiness, https://media.signbsl.com/videos/asl/youtube/mp4/QVYiurv7UMA.mp4
milking, https://media.signbsl.com/videos/asl/aslsearch/mp4/milking.mp4
milklike, https://media.signbsl.com/videos/asl/youtube/mp4/QlZTvt8KP14.mp4
milkmaid, https://media.signbsl.com/videos/asl/youtube/mp4/1lj9-bKywLY.mp4
milkman, https://media.signbsl.com/videos/asl/youtube/mp4/bOQH7KVz7rM.mp4
milk shake, https://player.vimeo.com/external/392377760.sd.mp4?s=3a4abe4b478846d5a7c95dd33d995dcd50cee0ef&profile_id=164
milkshake, https://player.vimeo.com/external/392377760.sd.mp4?s=3a4abe4b478846d5a7c95dd33d995dcd50cee0ef&profile_id=164
milk sugar, https://media.signbsl.com/videos/asl/youtube/mp4/cr7Wi2e0VXw.mp4
milky, https://media.signbsl.com/videos/asl/youtube/mp4/QlZTvt8KP14.mp4
Milky Way, https://media.signbsl.com/videos/asl/youtube/mp4/8wOErR7eg2U.mp4
Milky Way Galaxy, https://media.signbsl.com/videos/asl/youtube/mp4/8wOErR7eg2U.mp4
Milky Way System, https://media.signbsl.com/videos/asl/youtube/mp4/8wOErR7eg2U.mp4
mill, https://media.signbsl.com/videos/asl/aslsearch/mp4/factory.mp4
mill about, https://player.vimeo.com/external/392267878.sd.mp4?s=10d9266847209e94d3c1a9616403129d8e274422&profile_id=164
millage, https://media.signbsl.com/videos/asl/youtube/mp4/oTmkq1CA1_Y.mp4
mill around, https://player.vimeo.com/external/392267878.sd.mp4?s=10d9266847209e94d3c1a9616403129d8e274422&profile_id=164
millenary, https://media.signbsl.com/videos/asl/youtube/mp4/xSlFwjObxCw.mp4
millennium, https://media.signbsl.com/videos/asl/valleybible/mp4/millennium.mp4
miller, https://media.signbsl.com/videos/asl/youtube/mp4/xWj_ub9e64E.mp4
millibar, https://media.signbsl.com/videos/asl/youtube/mp4/o6QQUOtPVsA.mp4
milligram, https://media.signbsl.com/videos/asl/youtube/mp4/muX0UcL-rJU.mp4
milliliter, https://media.signbsl.com/videos/asl/tsdvideo/mp4/479.mp4
millilitre, https://media.signbsl.com/videos/asl/tsdvideo/mp4/479.mp4
millimeter, https://media.signbsl.com/videos/asl/aslsearch/mp4/mm.mp4
millimetre, https://media.signbsl.com/videos/asl/aslsearch/mp4/mm.mp4
milliner, https://media.signbsl.com/videos/asl/youtube/mp4/qyE11zMSr44.mp4
milling machine, https://media.signbsl.com/videos/asl/youtube/mp4/xWj_ub9e64E.mp4
million, https://media.signbsl.com/videos/asl/aslsearch/mp4/million.mp4
millionaire, https://media.signbsl.com/videos/asl/aslsearch/mp4/millionaire.mp4
millionairess, https://media.signbsl.com/videos/asl/youtube/mp4/PnwTYAts5tI.mp4
millionth, https://media.signbsl.com/videos/asl/tsdvideo/mp4/480.mp4
millionths, https://media.signbsl.com/videos/asl/tsdvideo/mp4/480.mp4
millisecond, https://media.signbsl.com/videos/asl/AustinCommunityCollege/mp4/elec_millisecond_.mp4
millwright, https://media.signbsl.com/videos/asl/youtube/mp4/mNEDjViK_fA.mp4
milt, https://media.signbsl.com/videos/asl/youtube/mp4/Zx1in7ABPpM.mp4
milton ontario, https://player.vimeo.com/external/392377883.sd.mp4?s=6b6fffee57778e834cfd0542086b9ae4f2cfad51&profile_id=164
Milwaukee, https://player.vimeo.com/external/392377901.sd.mp4?s=093ee00bc4c7dab07f3ea47a9840633350afc06a&profile_id=164
mime, https://media.signbsl.com/videos/asl/aslsignbank/mp4/MIME-3004.mp4
mimer, https://media.signbsl.com/videos/asl/youtube/mp4/cuehmBwHCrE.mp4
mimic, https://player.vimeo.com/external/392377925.sd.mp4?s=66d38e62f940d988c35a45bc001e819558b8c389&profile_id=164
mimicker, https://player.vimeo.com/external/392377925.sd.mp4?s=66d38e62f940d988c35a45bc001e819558b8c389&profile_id=164
min, https://media.signbsl.com/videos/asl/startasl/mp4/minute.mp4
minacious, https://player.vimeo.com/external/392867726.sd.mp4?s=e4ca45c108b96e854329f931b19fbd6508e5deb1&profile_id=164
minatory, https://player.vimeo.com/external/392867726.sd.mp4?s=e4ca45c108b96e854329f931b19fbd6508e5deb1&profile_id=164
mince, https://media.signbsl.com/videos/asl/youtube/mp4/kDqVv27uU-o.mp4
mincing, https://media.signbsl.com/videos/asl/youtube/mp4/9tpfX_qSRtQ.mp4
mind, https://media.signbsl.com/videos/asl/aslsignbank/mp4/HEAD-BACK-1776.mp4
mind blank, https://media.signbsl.com/videos/asl/aslsignbank/mp4/MIND-BLANK-2628.mp4
mind blown, https://media.signbsl.com/videos/asl/youtube/mp4/TFblTmOc_Bc.mp4
mind control, https://player.vimeo.com/external/392377970.sd.mp4?s=1f53010b919c5296ba338bc22d8218e8e535d819&profile_id=164
minded, https://media.signbsl.com/videos/asl/youtube/mp4/KGfMz834lyE.mp4
mind freeze, https://player.vimeo.com/external/392690357.sd.mp4?s=0a0765ebda3c8afebde7e70e46faff6ce7f4dd34&profile_id=164
mind its own business, https://media.signbsl.com/videos/asl/youtube/mp4/mL0YRwVtgj0.mp4
mindless, https://media.signbsl.com/videos/asl/youtube/mp4/E52UZjQaCkM.mp4
mind reading, https://media.signbsl.com/videos/asl/youtube/mp4/IqLa7HGil6A.mp4
mind turned, https://media.signbsl.com/videos/asl/aslsignbank/mp4/MIND-TURNED-1609.mp4
mind wandering, https://media.signbsl.com/videos/asl/youtube/mp4/U6cV52zFTuU.mp4
mine, https://media.signbsl.com/videos/asl/startasl/mp4/my.mp4
mine my, https://media.signbsl.com/videos/asl/elementalaslconcepts/mp4/mine_my.mp4
mineral, https://media.signbsl.com/videos/asl/elementalaslconcepts/mp4/mineral.mp4
mineralogist, https://media.signbsl.com/videos/asl/youtube/mp4/Wtp2FBeg0gA.mp4
mineralogy, https://media.signbsl.com/videos/asl/youtube/mp4/c3K_tP1weWM.mp4
mineshaft, https://media.signbsl.com/videos/asl/youtube/mp4/3vLTSmwhUFY.mp4
minesweeper, https://media.signbsl.com/videos/asl/youtube/mp4/u_B3gky6zQw.mp4
mingle, https://media.signbsl.com/videos/asl/youtube/mp4/teY8UJZyMjk.mp4
mingle mangle, https://media.signbsl.com/videos/asl/youtube/mp4/vB4ehCbk3B8.mp4
miniature model, https://media.signbsl.com/videos/asl/youtube/mp4/J06V_XUu6po.mp4
miniaturise, https://media.signbsl.com/videos/asl/youtube/mp4/JCoxX8FciJM.mp4
miniaturist, https://media.signbsl.com/videos/asl/youtube/mp4/5oiNs3978Z0.mp4
miniaturize, https://media.signbsl.com/videos/asl/youtube/mp4/JCoxX8FciJM.mp4
minibar, https://media.signbsl.com/videos/asl/youtube/mp4/P9aAhn21spY.mp4
minicomputer, https://media.signbsl.com/videos/asl/youtube/mp4/iiejoRQ7ee4.mp4
minima, https://media.signbsl.com/videos/asl/youtube/mp4/CZOxmOg2QIE.mp4
minimal, https://media.signbsl.com/videos/asl/tsdvideo/mp4/343.mp4
minimal art, https://media.signbsl.com/videos/asl/youtube/mp4/oTcKKC9Poao.mp4
minimalism, https://media.signbsl.com/videos/asl/youtube/mp4/oTcKKC9Poao.mp4
minimise, https://media.signbsl.com/videos/asl/youtube/mp4/Ik-6LsUBRZg.mp4
minimize, https://media.signbsl.com/videos/asl/aslsearch/mp4/belittle.mp4
minimum, https://media.signbsl.com/videos/asl/tsdvideo/mp4/343.mp4
mining, https://media.signbsl.com/videos/asl/youtube/mp4/XNekfaI83pU.mp4
miniseries, https://media.signbsl.com/videos/asl/youtube/mp4/9Gv_hYcRIDo.mp4
minister, https://media.signbsl.com/videos/asl/aslsearch/mp4/pastor.mp4
ministerial, https://media.signbsl.com/videos/asl/youtube/mp4/renI9Gs8hDk.mp4
Ministering of Angels, https://media.signbsl.com/videos/asl/ids/mp4/2013-11-3010-ministering-of-angels-1500k-ase.mp4
Minister Ministry, https://media.signbsl.com/videos/asl/ids/mp4/2013-11-3000-minister-ministry-1500k-ase.mp4
ministration, https://media.signbsl.com/videos/asl/youtube/mp4/oze0yUYZjGs.mp4
ministry, https://media.signbsl.com/videos/asl/handsofgrace/mp4/dFFd29EoIxU.mp4
Minneapolis, https://media.signbsl.com/videos/asl/youtube/mp4/tyL-pio2GsM.mp4
Minnesota, https://media.signbsl.com/videos/asl/youtube/mp4/neyC_sg_XtA.mp4
minor, https://media.signbsl.com/videos/asl/startasl/mp4/children.mp4
minorities, https://media.signbsl.com/videos/asl/aslsearch/mp4/minority.mp4
minority, https://media.signbsl.com/videos/asl/aslsearch/mp4/minority.mp4
minor of an element, https://media.signbsl.com/videos/asl/youtube/mp4/XDkJ5gDtIeM.mp4
minor planet, https://media.signbsl.com/videos/asl/youtube/mp4/BRvUhPVp9g8.mp4
mint, https://media.signbsl.com/videos/asl/aslsearch/mp4/lot.mp4
mintage, https://media.signbsl.com/videos/asl/youtube/mp4/nzjCMhzkZqU.mp4
minter, https://media.signbsl.com/videos/asl/youtube/mp4/48tyAvWtpkk.mp4
mintier, https://media.signbsl.com/videos/asl/youtube/mp4/_YU2CZO9dlw.mp4
minus, https://media.signbsl.com/videos/asl/tsdvideo/mp4/417b.mp4
minuscule, https://player.vimeo.com/external/392278080.sd.mp4?s=d41cce19d96dfc150f19d99ea5988a7d5fd2f369&profile_id=164
minus sign, https://media.signbsl.com/videos/asl/tsdvideo/mp4/372.mp4
minute, https://media.signbsl.com/videos/asl/startasl/mp4/minute.mp4
minute hand, https://media.signbsl.com/videos/asl/tsdvideo/mp4/374.mp4
Minuteman, https://media.signbsl.com/videos/asl/youtube/mp4/ujsUJzRM3U8.mp4
minuteness, https://media.signbsl.com/videos/asl/youtube/mp4/Kmnm0Y-Qfxk.mp4
minute of arc, https://media.signbsl.com/videos/asl/youtube/mp4/yN1lW1lnQZ8.mp4
minutes, https://media.signbsl.com/videos/asl/startasl/mp4/minute.mp4
minutia, https://media.signbsl.com/videos/asl/youtube/mp4/XKiLu_ksOLA.mp4
miracle, https://media.signbsl.com/videos/asl/signlanguagestudent/mp4/miracle%20(alternate).mp4
miraculous food, https://media.signbsl.com/videos/asl/valleybible/mp4/Manna.mp4
mirage, https://media.signbsl.com/videos/asl/youtube/mp4/9sNjdHWEbP0.mp4
miranda-rule, https://media.signbsl.com/videos/asl/user/daniw/mp4/miranda-rule.mp4
Miranda rule, https://media.signbsl.com/videos/asl/user/daniw/mp4/miranda-rule.mp4
mire, https://media.signbsl.com/videos/asl/youtube/mp4/yBW9mx3_MMk.mp4
mirkily, https://media.signbsl.com/videos/asl/youtube/mp4/mmoHukPILhw.mp4
mirror, https://media.signbsl.com/videos/asl/startasl/mp4/mirror.mp4
mirthful, https://media.signbsl.com/videos/asl/aslsignbank/mp4/FUNNY-3015.mp4
miry, https://media.signbsl.com/videos/asl/youtube/mp4/W7chOU4GhmU.mp4
misaddress, https://media.signbsl.com/videos/asl/youtube/mp4/ouD8qu6XtfE.mp4
misadventure, https://media.signbsl.com/videos/asl/youtube/mp4/u4KauBrDUig.mp4
misalign, https://media.signbsl.com/videos/asl/youtube/mp4/YU0ejOpT-C4.mp4
misaligned, https://media.signbsl.com/videos/asl/youtube/mp4/EmY4GhlGTMw.mp4
misanthrope, https://media.signbsl.com/videos/asl/youtube/mp4/azPGxG5MnDE.mp4
misanthropic, https://media.signbsl.com/videos/asl/youtube/mp4/3nOwiFRVlHk.mp4
misanthropical, https://media.signbsl.com/videos/asl/youtube/mp4/3nOwiFRVlHk.mp4
misanthropist, https://media.signbsl.com/videos/asl/youtube/mp4/azPGxG5MnDE.mp4
misapplication, https://media.signbsl.com/videos/asl/youtube/mp4/A84WYs51OOA.mp4
misapprehend, https://media.signbsl.com/videos/asl/youtube/mp4/CaNT7Wliyis.mp4
misappropriate, https://media.signbsl.com/videos/asl/aslsearch/mp4/embezzle.mp4
misappropriation, https://media.signbsl.com/videos/asl/youtube/mp4/A84WYs51OOA.mp4
misbeliever, https://media.signbsl.com/videos/asl/youtube/mp4/VF7dp2ctp74.mp4
miscalculate, https://media.signbsl.com/videos/asl/youtube/mp4/MZBMGTHA5sk.mp4
miscall, https://media.signbsl.com/videos/asl/youtube/mp4/OHiWKkm-1CU.mp4
miscarriage, https://media.signbsl.com/videos/asl/aslsearch/mp4/miscarriage.mp4
miscarriage of justice, https://media.signbsl.com/videos/asl/youtube/mp4/CbDxZD0oq-w.mp4
miscarry, https://media.signbsl.com/videos/asl/aslsignbank/mp4/FAIL-594.mp4
miscast, https://media.signbsl.com/videos/asl/youtube/mp4/DzuUYpCrqnM.mp4
miscegenation, https://media.signbsl.com/videos/asl/youtube/mp4/GCRL_tN3kjo.mp4
miscellanea, https://media.signbsl.com/videos/asl/youtube/mp4/Lt-pbyuiqiI.mp4
miscellaneous, https://media.signbsl.com/videos/asl/youtube/mp4/h8rxOsvzMTo.mp4
miscellany, https://media.signbsl.com/videos/asl/youtube/mp4/Lt-pbyuiqiI.mp4
mischance, https://media.signbsl.com/videos/asl/youtube/mp4/u4KauBrDUig.mp4
mischief, https://media.signbsl.com/videos/asl/youtube/mp4/WMntYWP2Pgw.mp4
mischief maker, https://media.signbsl.com/videos/asl/youtube/mp4/YaRUqtIkhag.mp4
mischief making, https://media.signbsl.com/videos/asl/youtube/mp4/WMntYWP2Pgw.mp4
mischievous, https://player.vimeo.com/external/392380217.sd.mp4?s=b1acef374bdc080deee4841140ea5efbd7745f22&profile_id=164
mischievously, https://media.signbsl.com/videos/asl/youtube/mp4/h7MK1zQLp_Y.mp4
mischievousness, https://media.signbsl.com/videos/asl/youtube/mp4/WMntYWP2Pgw.mp4
miscible, https://media.signbsl.com/videos/asl/youtube/mp4/k8nL7j_GOVw.mp4
miscommunication, https://player.vimeo.com/external/392690380.sd.mp4?s=cf7c09b344a09329e8ee3e313a396740db146718&profile_id=164
misconceive, https://media.signbsl.com/videos/asl/youtube/mp4/CaNT7Wliyis.mp4
misconduct, https://media.signbsl.com/videos/asl/aslsearch/mp4/misconduct.mp4
misconstrue, https://media.signbsl.com/videos/asl/youtube/mp4/CaNT7Wliyis.mp4
miscount, https://media.signbsl.com/videos/asl/youtube/mp4/YSz5c4NsFkc.mp4
miscreant, https://media.signbsl.com/videos/asl/youtube/mp4/bJH6F6S4GJ4.mp4
misdating, https://media.signbsl.com/videos/asl/youtube/mp4/eb3C4WIooKQ.mp4
misdeal, https://media.signbsl.com/videos/asl/youtube/mp4/Rjo6Tmcl7A8.mp4
misdemeanor, https://media.signbsl.com/videos/asl/youtube/mp4/o3ROekxkDHo.mp4
misdemeanour, https://media.signbsl.com/videos/asl/youtube/mp4/o3ROekxkDHo.mp4
misdiagnose, https://media.signbsl.com/videos/asl/youtube/mp4/wCpT0Y_vxUk.mp4
misdid, https://media.signbsl.com/videos/asl/youtube/mp4/w6gT6e0RGmE.mp4
misdirect, https://media.signbsl.com/videos/asl/youtube/mp4/C-3vwdlF-Bk.mp4
miser, https://media.signbsl.com/videos/asl/youtube/mp4/Vd1Z_5ir7qg.mp4
miserable, https://media.signbsl.com/videos/asl/startasl/mp4/poor.mp4
miseries, https://media.signbsl.com/videos/asl/youtube/mp4/tAJy-Y_zG0s.mp4
misery, https://media.signbsl.com/videos/asl/youtube/mp4/tAJy-Y_zG0s.mp4
misestimate, https://media.signbsl.com/videos/asl/youtube/mp4/MZBMGTHA5sk.mp4
misfed, https://media.signbsl.com/videos/asl/youtube/mp4/GjlbjXD0tec.mp4
misfile, https://media.signbsl.com/videos/asl/youtube/mp4/TFqGYLFrUWw.mp4
misfire, https://media.signbsl.com/videos/asl/youtube/mp4/hdliZwlfcB4.mp4
misfit, https://media.signbsl.com/videos/asl/youtube/mp4/a0dgnyor8Y4.mp4
misfortunate, https://media.signbsl.com/videos/asl/startasl/mp4/poor.mp4
misfortune, https://media.signbsl.com/videos/asl/youtube/mp4/4GtXbtHbSeU.mp4
misgendered, https://media.signbsl.com/videos/asl/youtube/mp4/AT_nHUpFCew.mp4
misgiving, https://media.signbsl.com/videos/asl/youtube/mp4/GbwVMFoU8uk.mp4
misgovern, https://media.signbsl.com/videos/asl/youtube/mp4/0UYu3hUXpKc.mp4
misgovernment, https://media.signbsl.com/videos/asl/youtube/mp4/62fXSCgOnx0.mp4
misguidance, https://media.signbsl.com/videos/asl/youtube/mp4/30aM3tbdgYw.mp4
misguide, https://media.signbsl.com/videos/asl/youtube/mp4/odeBNe0Fk6c.mp4
mishandle, https://media.signbsl.com/videos/asl/aslsignbank/mp4/FUCK-UP-2905.mp4
mishap, https://media.signbsl.com/videos/asl/youtube/mp4/u4KauBrDUig.mp4
mishear, https://media.signbsl.com/videos/asl/youtube/mp4/AhyufXF27AY.mp4
mishit, https://media.signbsl.com/videos/asl/youtube/mp4/j0UHUsIZQ9I.mp4
mishmash, https://media.signbsl.com/videos/asl/youtube/mp4/vB4ehCbk3B8.mp4
mishuma saba, https://media.signbsl.com/videos/asl/youtube/mp4/tCU2Wad0s9k.mp4
misidentified, https://media.signbsl.com/videos/asl/youtube/mp4/KyVTY1hy92I.mp4
misidentify, https://media.signbsl.com/videos/asl/youtube/mp4/pgoedOe-jys.mp4
misinform, https://media.signbsl.com/videos/asl/youtube/mp4/3M93zMyuM1w.mp4
misinterpret, https://media.signbsl.com/videos/asl/youtube/mp4/CaNT7Wliyis.mp4
misjudge, https://media.signbsl.com/videos/asl/youtube/mp4/d7mqlUYwSWU.mp4
mislaid, https://media.signbsl.com/videos/asl/youtube/mp4/a0nOu3KfEWA.mp4
mislay, https://player.vimeo.com/external/392277270.sd.mp4?s=ff46321915a175be6d39743df1f690189ff94c32&profile_id=164
mislead, https://media.signbsl.com/videos/asl/youtube/mp4/3M93zMyuM1w.mp4
mismanage, https://media.signbsl.com/videos/asl/aslsearch/mp4/misconduct.mp4
mismatch, https://media.signbsl.com/videos/asl/youtube/mp4/ATO2buyGt-g.mp4
mismatched, https://player.vimeo.com/external/392626204.sd.mp4?s=aa265694ce9cceb6d608ead22f760057e66c5a8a&profile_id=164
misname, https://media.signbsl.com/videos/asl/youtube/mp4/OHiWKkm-1CU.mp4
misnomer, https://media.signbsl.com/videos/asl/youtube/mp4/gTzCrZVOAMw.mp4
misogamist, https://media.signbsl.com/videos/asl/youtube/mp4/wyqkCHNxE60.mp4
misogynist, https://media.signbsl.com/videos/asl/youtube/mp4/-m6NwJdp3mo.mp4
misplace, https://player.vimeo.com/external/392277270.sd.mp4?s=ff46321915a175be6d39743df1f690189ff94c32&profile_id=164
misplaced, https://media.signbsl.com/videos/asl/youtube/mp4/a0nOu3KfEWA.mp4
misprint, https://media.signbsl.com/videos/asl/youtube/mp4/Yt7RGttQ8Yc.mp4
misprision, https://media.signbsl.com/videos/asl/youtube/mp4/Hji3J-FVxAY.mp4
mispronounce, https://media.signbsl.com/videos/asl/aslsearch/mp4/mispronounce.mp4
misquotation, https://media.signbsl.com/videos/asl/youtube/mp4/CTuqTMX56LA.mp4
misread, https://media.signbsl.com/videos/asl/aslsearch/mp4/misread.mp4
misreport, https://media.signbsl.com/videos/asl/youtube/mp4/X2iW3MoWQxM.mp4
misrepresent, https://media.signbsl.com/videos/asl/youtube/mp4/f5Tm4Yt825s.mp4
misrule, https://media.signbsl.com/videos/asl/youtube/mp4/62fXSCgOnx0.mp4
miss, https://media.signbsl.com/videos/asl/startasl/mp4/lose.mp4
misses, https://media.signbsl.com/videos/asl/startasl/mp4/lose.mp4
misshapen, https://player.vimeo.com/external/392282966.sd.mp4?s=6301f9d23b399dd097548e1317e2137b1f4f8c0c&profile_id=164
missile, https://media.signbsl.com/videos/asl/aslsearch/mp4/missile.mp4
missing part, https://media.signbsl.com/videos/asl/tsdvideo/mp4/1536.mp4
missing tooth, https://media.signbsl.com/videos/asl/youtube/mp4/SvpLwnwsbrE.mp4
mission, https://media.signbsl.com/videos/asl/valleybible/mp4/missions.mp4
missionaries, https://media.signbsl.com/videos/asl/signlanguagestudent/mp4/missionary%20(alternate).mp4
missionary, https://media.signbsl.com/videos/asl/signlanguagestudent/mp4/missionary%20(alternate).mp4
missionary post, https://media.signbsl.com/videos/asl/valleybible/mp4/missions.mp4
missionary preacher, https://media.signbsl.com/videos/asl/signlanguagestudent/mp4/missionary%20(preacher).mp4
missionary station, https://media.signbsl.com/videos/asl/valleybible/mp4/missions.mp4
missionary work, https://media.signbsl.com/videos/asl/ids/mp4/2013-11-3090-missionary-work-1500k-ase.mp4
Mission a unit of the church, https://media.signbsl.com/videos/asl/ids/mp4/2013-11-3040-mission-a-unit-of-the-church-1500k-ase.mp4
Mission call to serve, https://media.signbsl.com/videos/asl/ids/mp4/2013-11-3030-mission-call-to-serve-1500k-ase.mp4
missioner, https://media.signbsl.com/videos/asl/signlanguagestudent/mp4/missionary%20(alternate).mp4
Mission Field, https://media.signbsl.com/videos/asl/ids/mp4/2013-11-3080-mission-field-1500k-ase.mp4
Mission President, https://media.signbsl.com/videos/asl/ids/mp4/2013-11-3050-mission-president-1500k-ase.mp4
missions, https://media.signbsl.com/videos/asl/valleybible/mp4/missions.mp4
Mississippi, https://media.signbsl.com/videos/asl/youtube/mp4/cW6XZ02Uobo.mp4
missive, https://media.signbsl.com/videos/asl/aslsignbank/mp4/MAIL-356.mp4
miss moppet, https://media.signbsl.com/videos/asl/youtube/mp4/UI_rGFOlR04.mp4
Missouri, https://media.signbsl.com/videos/asl/elementalaslconcepts/mp4/missouri.mp4
Missouri Compromise, https://media.signbsl.com/videos/asl/elementalaslconcepts/mp4/missouri_compromise.mp4
misspeak, https://media.signbsl.com/videos/asl/youtube/mp4/QrADQNqH950.mp4
miss pearson, https://media.signbsl.com/videos/asl/youtube/mp4/glKodoG6TLY.mp4
misspell, https://media.signbsl.com/videos/asl/youtube/mp4/5zOEEP9m7Uc.mp4
misspend, https://media.signbsl.com/videos/asl/youtube/mp4/MHD1V67o1uY.mp4
misstate, https://media.signbsl.com/videos/asl/youtube/mp4/viGBqlgLYq0.mp4
missy, https://media.signbsl.com/videos/asl/startasl/mp4/girl.mp4
mist, https://media.signbsl.com/videos/asl/youtube/mp4/KVce2wSLgKE.mp4
mistakable, https://media.signbsl.com/videos/asl/youtube/mp4/i2nAt5I3vSQ.mp4
mistake, https://media.signbsl.com/videos/asl/youtube/mp4/YU4Gp6fdHa8.mp4
mister alderman ptolemy tortoise, https://media.signbsl.com/videos/asl/youtube/mp4/XbnlAIu95Uw.mp4
misthink.misthinks, NA
mistier, https://media.signbsl.com/videos/asl/youtube/mp4/J8mABI11aCs.mp4
mistily, https://media.signbsl.com/videos/asl/youtube/mp4/j7pC53byvoU.mp4
mistime, https://media.signbsl.com/videos/asl/youtube/mp4/iz-buqbGMQw.mp4
mistiming, https://media.signbsl.com/videos/asl/youtube/mp4/eb3C4WIooKQ.mp4
mistletoe, https://media.signbsl.com/videos/asl/youtube/mp4/e_czhQCSO_g.mp4
mistral, https://media.signbsl.com/videos/asl/youtube/mp4/n4rO-OcUJI8.mp4
mistreat, https://media.signbsl.com/videos/asl/youtube/mp4/Y8Dar2IJIro.mp4
mistress, https://media.signbsl.com/videos/asl/youtube/mp4/BuZMpX1SiTo.mp4
mistrial, https://media.signbsl.com/videos/asl/youtube/mp4/s9FZhwyybNA.mp4
mistrust, https://media.signbsl.com/videos/asl/aslsearch/mp4/suspect.mp4
misunderstand, https://media.signbsl.com/videos/asl/youtube/mp4/CaNT7Wliyis.mp4
misunderstood, https://media.signbsl.com/videos/asl/aslsearch/mp4/misunderstood.mp4
misuse, https://media.signbsl.com/videos/asl/unoclimb/mp4/MEOfyplFZDQ.mp4
mite, https://media.signbsl.com/videos/asl/youtube/mp4/0v95AR3OaZU.mp4
mitigate, https://media.signbsl.com/videos/asl/youtube/mp4/WAcP3wZLXQo.mp4
mitochondria, https://media.signbsl.com/videos/asl/youtube/mp4/GMZ8ZoNAOio.mp4
mitosis, https://media.signbsl.com/videos/asl/youtube/mp4/SQt9ONixnWs.mp4
mitsvah, https://media.signbsl.com/videos/asl/youtube/mp4/UeD3gwM740U.mp4
mitt, https://media.signbsl.com/videos/asl/aslsearch/mp4/hand.mp4
mitten, https://media.signbsl.com/videos/asl/aslsearch/mp4/mitten.mp4
mittens, https://media.signbsl.com/videos/asl/aslsearch/mp4/mitten.mp4
mittens gloves, https://media.signbsl.com/videos/asl/youtube/mp4/HZ1qPL7iq-M.mp4
mitzvah, https://media.signbsl.com/videos/asl/youtube/mp4/UeD3gwM740U.mp4
mix, https://media.signbsl.com/videos/asl/aslsignbank/mp4/MATCH-1624.mp4
mixable, https://media.signbsl.com/videos/asl/youtube/mp4/k8nL7j_GOVw.mp4
mixed, https://media.signbsl.com/videos/asl/youtube/mp4/gqRSB7a5QNc.mp4
mixed bag, https://media.signbsl.com/videos/asl/youtube/mp4/Lt-pbyuiqiI.mp4
mixed decimal, https://media.signbsl.com/videos/asl/youtube/mp4/ghu5UC_suks.mp4
mixed drink, https://media.signbsl.com/videos/asl/aslsearch/mp4/mixed-drink.mp4
mixed feeling, https://media.signbsl.com/videos/asl/youtube/mp4/BUJnRpUZzBo.mp4
mixed number, https://media.signbsl.com/videos/asl/tsdvideo/mp4/549.mp4
mixed up, https://media.signbsl.com/videos/asl/aslsignbank/mp4/CONFUSED-2320.mp4
mixer, https://media.signbsl.com/videos/asl/signlanguagestudent/mp4/social.mp4
mixologist, https://media.signbsl.com/videos/asl/youtube/mp4/bFxqyGUv8PY.mp4
mixture, https://media.signbsl.com/videos/asl/youtube/mp4/Lt-pbyuiqiI.mp4
mizzle, https://media.signbsl.com/videos/asl/aslsignbank/mp4/RAIN-1011.mp4
mkeka, https://media.signbsl.com/videos/asl/youtube/mp4/9vhEypg4ENo.mp4
ml, https://media.signbsl.com/videos/asl/tsdvideo/mp4/479.mp4
mm, https://media.signbsl.com/videos/asl/aslsearch/mp4/mm.mp4
mmm, https://media.signbsl.com/videos/asl/youtube/mp4/w6BAdDj13us.mp4
MN, https://media.signbsl.com/videos/asl/youtube/mp4/neyC_sg_XtA.mp4
mnemonic, https://media.signbsl.com/videos/asl/youtube/mp4/riyokCYKtU4.mp4
mnemotechnic, https://media.signbsl.com/videos/asl/youtube/mp4/riyokCYKtU4.mp4
mnemotechnical, https://media.signbsl.com/videos/asl/youtube/mp4/riyokCYKtU4.mp4
MO, https://media.signbsl.com/videos/asl/elementalaslconcepts/mp4/missouri.mp4
moan, https://media.signbsl.com/videos/asl/youtube/mp4/sBWhge6_yZY.mp4
moaner, https://media.signbsl.com/videos/asl/youtube/mp4/Hg3v807Gkvg.mp4
moat, https://media.signbsl.com/videos/asl/youtube/mp4/JUiyyWW6mcI.mp4
mob, https://media.signbsl.com/videos/asl/aslsearch/mp4/gang.mp4
mobile, https://media.signbsl.com/videos/asl/aslsignbank/mp4/TEXT-1196.mp4
mobile phone, https://media.signbsl.com/videos/asl/aslsignbank/mp4/TEXT-1196.mp4
mobile telephone, https://media.signbsl.com/videos/asl/aslsignbank/mp4/TEXT-1196.mp4
mobilisation, https://media.signbsl.com/videos/asl/youtube/mp4/X7ePVaNc3rM.mp4
mobilization, https://media.signbsl.com/videos/asl/youtube/mp4/X7ePVaNc3rM.mp4
mobilizer, https://media.signbsl.com/videos/asl/youtube/mp4/xhFwkQCFR9M.mp4
Mocambique, https://media.signbsl.com/videos/asl/youtube/mp4/r76L_KcKSf0.mp4
mocassin, https://media.signbsl.com/videos/asl/youtube/mp4/DbxCQCX_scU.mp4
moccasin, https://media.signbsl.com/videos/asl/youtube/mp4/DbxCQCX_scU.mp4
moccasins, https://media.signbsl.com/videos/asl/youtube/mp4/DbxCQCX_scU.mp4
mocha, https://media.signbsl.com/videos/asl/youtube/mp4/m8D9Un6MJEY.mp4
mock, https://media.signbsl.com/videos/asl/aslsearch/mp4/betray2.mp4
mockery, https://player.vimeo.com/external/392385988.sd.mp4?s=405d3df3522b93cfe3030293ca39ae21dc384038&profile_id=164
mock me, https://media.signbsl.com/videos/asl/youtube/mp4/CoW5JIWezFk.mp4
mockup, NA
mod, https://media.signbsl.com/videos/asl/youtube/mp4/RhZz6MB9iL4.mp4
mode, https://media.signbsl.com/videos/asl/tsdvideo/mp4/240.mp4
model, https://media.signbsl.com/videos/asl/aslsearch/mp4/model.mp4
model house, https://media.signbsl.com/videos/asl/youtube/mp4/1kEopnUqrRc.mp4
modeling, https://media.signbsl.com/videos/asl/elementalaslconcepts/mp4/show.mp4
modelling, https://media.signbsl.com/videos/asl/elementalaslconcepts/mp4/show.mp4
moderate, https://media.signbsl.com/videos/asl/youtube/mp4/846yICcXpX0.mp4
moderately, https://media.signbsl.com/videos/asl/youtube/mp4/yMcEKzDKFlU.mp4
moderation, https://media.signbsl.com/videos/asl/youtube/mp4/YlDEgl7Msxk.mp4
moderatism, https://media.signbsl.com/videos/asl/youtube/mp4/Vk0qbMQLYSM.mp4
modern, https://media.signbsl.com/videos/asl/youtube/mp4/AnG9pOIP3F4.mp4
modern day, https://media.signbsl.com/videos/asl/youtube/mp4/1LOC399ffyM.mp4
modernise, https://media.signbsl.com/videos/asl/youtube/mp4/LElqeFQUWBk.mp4
modernize, https://media.signbsl.com/videos/asl/youtube/mp4/LElqeFQUWBk.mp4
modernizer, https://media.signbsl.com/videos/asl/youtube/mp4/N6PlbCVjyi8.mp4
modern times, https://player.vimeo.com/external/392418560.sd.mp4?s=faeb242650d37ec51f013df9f38f30e50bacbb57&profile_id=164
modern world, https://player.vimeo.com/external/392418560.sd.mp4?s=faeb242650d37ec51f013df9f38f30e50bacbb57&profile_id=164
modes of transportation, https://player.vimeo.com/external/392690439.sd.mp4?s=47b407456195051ddbccf9fde341c997dc9e54a1&profile_id=164
modest, https://media.signbsl.com/videos/asl/startasl/mp4/humble.mp4
modesty, https://media.signbsl.com/videos/asl/ids/mp4/2013-11-3100-modesty-1500k-ase.mp4
modification, https://media.signbsl.com/videos/asl/startasl/mp4/change.mp4
modifier, https://media.signbsl.com/videos/asl/youtube/mp4/TF3ADKJ5orY.mp4
modify, https://media.signbsl.com/videos/asl/signlanguagestudent/mp4/alter.mp4
modiste, https://player.vimeo.com/external/392747452.sd.mp4?s=9f7f40bcff8dce6040fedf24f46adce34710fdf3&profile_id=164
modular, https://media.signbsl.com/videos/asl/youtube/mp4/XxHS4Ht1xbU.mp4
modulate, https://media.signbsl.com/videos/asl/youtube/mp4/QT4q5Zjr69U.mp4
modulation, https://media.signbsl.com/videos/asl/youtube/mp4/t48IEqCgolo.mp4
module, https://media.signbsl.com/videos/asl/youtube/mp4/5zQwo76RWPw.mp4
module solar, https://media.signbsl.com/videos/asl/AustinCommunityCollege/mp4/elec_module_solar_.mp4
modus vivendi, https://media.signbsl.com/videos/asl/youtube/mp4/V6F5abU28Xw.mp4
mogul, https://media.signbsl.com/videos/asl/youtube/mp4/0P74ZKdfZzM.mp4
Mohammedan, https://media.signbsl.com/videos/asl/startasl/mp4/muslim.mp4
Mohammedanism, https://media.signbsl.com/videos/asl/youtube/mp4/Z1PwkbbV-Uo.mp4
Mohawk, https://media.signbsl.com/videos/asl/youtube/mp4/nN1VIqE-4Qk.mp4
Moira Shearer, https://media.signbsl.com/videos/asl/youtube/mp4/yxxUpZALZFw.mp4
moist, https://media.signbsl.com/videos/asl/aslsearch/mp4/damp.mp4
moistener, https://media.signbsl.com/videos/asl/youtube/mp4/eRhdt1nszyc.mp4
moister, https://media.signbsl.com/videos/asl/youtube/mp4/IKz98Q20O4M.mp4
moisture, https://media.signbsl.com/videos/asl/aslsignbank/mp4/WET-2234.mp4
mol, https://media.signbsl.com/videos/asl/youtube/mp4/6FUtaR7sjiw.mp4
molar, https://media.signbsl.com/videos/asl/youtube/mp4/yLKaSwNPqfY.mp4
molar concentration, https://media.signbsl.com/videos/asl/youtube/mp4/eUfnaxU-DRA.mp4
molarity, https://media.signbsl.com/videos/asl/youtube/mp4/eUfnaxU-DRA.mp4
molasses, https://media.signbsl.com/videos/asl/youtube/mp4/_Fry-IM6FDM.mp4
mold, https://media.signbsl.com/videos/asl/youtube/mp4/BeQYRo2mQk8.mp4
Moldavia, https://media.signbsl.com/videos/asl/youtube/mp4/bzgFH0vsSYg.mp4
molder, https://media.signbsl.com/videos/asl/deaftec/mp4/1364.mp4
moldier, https://media.signbsl.com/videos/asl/youtube/mp4/LkYGYiy5sN4.mp4
Moldova, https://media.signbsl.com/videos/asl/youtube/mp4/bzgFH0vsSYg.mp4
mold shape, https://media.signbsl.com/videos/asl/youtube/mp4/T13F4jSilQk.mp4
mole, https://media.signbsl.com/videos/asl/youtube/mp4/Y4zqoEEE7zI.mp4
molecule, https://media.signbsl.com/videos/asl/youtube/mp4/povYBQ5NV5w.mp4
molest, https://player.vimeo.com/external/392414900.sd.mp4?s=597521931ac36aea6d75a430e51c495872dba2b8&profile_id=164
molester, https://media.signbsl.com/videos/asl/youtube/mp4/3HtkeQOHUNs.mp4
mollify, https://player.vimeo.com/external/392414630.sd.mp4?s=3a7fd0653661d8d31e18710537233f1a71c00885&profile_id=164
mollusc, https://media.signbsl.com/videos/asl/youtube/mp4/-M2jA5NuAvY.mp4
mollusk, https://media.signbsl.com/videos/asl/youtube/mp4/-M2jA5NuAvY.mp4
mollycoddle, https://player.vimeo.com/external/391390882.sd.mp4?s=91d08175bafe0a828a342483af08724100380440&profile_id=164
mollymawk, https://media.signbsl.com/videos/asl/youtube/mp4/8hEDxq8RrH0.mp4
molt, https://media.signbsl.com/videos/asl/elementalaslconcepts/mp4/molt.mp4
molten, https://media.signbsl.com/videos/asl/youtube/mp4/21JSoZjBp_w.mp4
molting, https://media.signbsl.com/videos/asl/elementalaslconcepts/mp4/molt.mp4
mom, https://media.signbsl.com/videos/asl/startasl/mp4/mother.mp4
moment, https://media.signbsl.com/videos/asl/aslsignbank/mp4/MINUTE-1606.mp4
momentaneous, https://media.signbsl.com/videos/asl/youtube/mp4/bAbdzgy7Txk.mp4
momentary, https://media.signbsl.com/videos/asl/youtube/mp4/bAbdzgy7Txk.mp4
momentum, https://media.signbsl.com/videos/asl/youtube/mp4/Aga_09EeD3E.mp4
mom is in the kitchen, https://media.signbsl.com/videos/asl/mariekatzenbachschool/mp4/Mom%20is%20in%20the%20kitchen.mp4
momma, https://media.signbsl.com/videos/asl/aslsearch/mp4/mama.mp4
mommy, https://media.signbsl.com/videos/asl/aslsearch/mp4/mama.mp4
mommy is working, https://media.signbsl.com/videos/asl/youtube/mp4/H5oh5dHeip0.mp4
Mon, https://media.signbsl.com/videos/asl/startasl/mp4/monday.mp4
Monaco, https://media.signbsl.com/videos/asl/youtube/mp4/8g9LLQQQP2I.mp4
monarch, https://media.signbsl.com/videos/asl/youtube/mp4/dh3wRe0O3nU.mp4
monarchies, https://media.signbsl.com/videos/asl/youtube/mp4/QLEq5TTWa7o.mp4
monarchist, https://media.signbsl.com/videos/asl/youtube/mp4/IBDdP9w4HWw.mp4
monarchy, https://media.signbsl.com/videos/asl/youtube/mp4/QLEq5TTWa7o.mp4
monastic, https://media.signbsl.com/videos/asl/youtube/mp4/VW2EEPySEcA.mp4
monaural, https://media.signbsl.com/videos/asl/youtube/mp4/_lmZxTJVoz4.mp4
Monday, https://media.signbsl.com/videos/asl/startasl/mp4/monday.mp4
monetarily, https://media.signbsl.com/videos/asl/youtube/mp4/GRN0PBofu2M.mp4
monetarism, https://media.signbsl.com/videos/asl/youtube/mp4/D5f-n7qGU9k.mp4
monetary, https://media.signbsl.com/videos/asl/youtube/mp4/nyAHoVstTaY.mp4
monetary fund, https://media.signbsl.com/videos/asl/aslsearch/mp4/fund.mp4
monetary resource, https://media.signbsl.com/videos/asl/valleybible/mp4/finances.mp4
monetise, https://media.signbsl.com/videos/asl/youtube/mp4/eAAGhUA2NjU.mp4
monetize, https://media.signbsl.com/videos/asl/youtube/mp4/eAAGhUA2NjU.mp4
money, https://media.signbsl.com/videos/asl/tsdvideo/mp4/181.mp4
moneybag, https://media.signbsl.com/videos/asl/youtube/mp4/PsPYeuPBXZE.mp4
money box, https://player.vimeo.com/external/392518536.sd.mp4?s=22ff2fb9975418a22e4d8f712a95077963d13e3e&profile_id=164
moneyed, https://media.signbsl.com/videos/asl/startasl/mp4/wealthy.mp4
moneyer, https://media.signbsl.com/videos/asl/youtube/mp4/48tyAvWtpkk.mp4
moneygrubber, https://media.signbsl.com/videos/asl/youtube/mp4/P8QbpwxyCng.mp4
moneylender, https://media.signbsl.com/videos/asl/youtube/mp4/hY8C443Mspo.mp4
moneymaker, https://media.signbsl.com/videos/asl/youtube/mp4/xY4OO1_CZ-U.mp4
moneymaking, https://media.signbsl.com/videos/asl/youtube/mp4/YTbTl7uZEgs.mp4
moneyman, https://media.signbsl.com/videos/asl/youtube/mp4/hJQCLjsZ_OI.mp4
money spinner, https://media.signbsl.com/videos/asl/youtube/mp4/xMHhSIL84xk.mp4
monger, https://player.vimeo.com/external/392528440.sd.mp4?s=cb3e1cedd3b9441af8dd6b8bb6def61dbcdb441c&profile_id=164
Mongolia, https://media.signbsl.com/videos/asl/youtube/mp4/1E8zMwT9nuc.mp4
mongrel, https://media.signbsl.com/videos/asl/youtube/mp4/XSi6WbW0KH8.mp4
monish, https://media.signbsl.com/videos/asl/valleybible/mp4/Admonish.mp4
monism, https://media.signbsl.com/videos/asl/philosophy/mp4/Monism-HD.mp4
monitor, https://media.signbsl.com/videos/asl/aslsearch/mp4/supervise.mp4
monitoring device, https://media.signbsl.com/videos/asl/mariekatzenbachschool/mp4/monitor.mp4
monitor tv computer, https://media.signbsl.com/videos/asl/youtube/mp4/qsFjyroP3M8.mp4
monk, https://media.signbsl.com/videos/asl/youtube/mp4/VW2EEPySEcA.mp4
monkey, https://media.signbsl.com/videos/asl/startasl/mp4/monkey.mp4
monkey around, https://media.signbsl.com/videos/asl/youtube/mp4/LElf0V6cYbg.mp4
monkey bars, https://media.signbsl.com/videos/asl/youtube/mp4/c1Ie-Y0aQmM.mp4
monkey nut, https://media.signbsl.com/videos/asl/youtube/mp4/3_v9vxps058.mp4
monkfish, https://media.signbsl.com/videos/asl/youtube/mp4/lSzFT3o3cfs.mp4
monkish, https://media.signbsl.com/videos/asl/youtube/mp4/p4tD_LUMauk.mp4
mono, https://media.signbsl.com/videos/asl/youtube/mp4/halK2cgXohU.mp4
monochrome, https://media.signbsl.com/videos/asl/youtube/mp4/G890hRr-e1g.mp4
monocle, https://media.signbsl.com/videos/asl/youtube/mp4/uNL2y-mGo7Q.mp4
monocled, https://media.signbsl.com/videos/asl/youtube/mp4/Um3FgJgLjAM.mp4
monocracy, https://player.vimeo.com/external/392541606.sd.mp4?s=1b3a2da28dbc0126def9f3efaab34660701135c4&profile_id=164
monocular, https://media.signbsl.com/videos/asl/youtube/mp4/lNweWtGGoQU.mp4
monocycle, https://media.signbsl.com/videos/asl/aslsearch/mp4/unicycle.mp4
Monodon monoceros, https://media.signbsl.com/videos/asl/youtube/mp4/301RfYs7U04.mp4
monogamist, https://media.signbsl.com/videos/asl/youtube/mp4/-ECGOfpVnL0.mp4
monogamous, https://media.signbsl.com/videos/asl/youtube/mp4/aSPY3XBNJ-A.mp4
monogram, https://media.signbsl.com/videos/asl/youtube/mp4/fq5IIs0l4Us.mp4
monograph, https://media.signbsl.com/videos/asl/youtube/mp4/WwchS9vQLXI.mp4
monogynist, https://media.signbsl.com/videos/asl/youtube/mp4/-ECGOfpVnL0.mp4
monolingual, https://media.signbsl.com/videos/asl/youtube/mp4/8xJU6KlI9lQ.mp4
monolog, https://media.signbsl.com/videos/asl/youtube/mp4/hyojVz6kuBM.mp4
monomer, https://media.signbsl.com/videos/asl/youtube/mp4/DzMPTnypnOc.mp4
monomial, https://media.signbsl.com/videos/asl/deaftec-math/mp4/47D-1.mp4
mononucleosis, https://media.signbsl.com/videos/asl/youtube/mp4/halK2cgXohU.mp4
monophonic, https://media.signbsl.com/videos/asl/youtube/mp4/23Evq03o91E.mp4
monopolies, https://media.signbsl.com/videos/asl/youtube/mp4/rTdFTNM5v5E.mp4
monopolise, https://media.signbsl.com/videos/asl/youtube/mp4/T76t11W2TjY.mp4
monopoliser, https://media.signbsl.com/videos/asl/youtube/mp4/mOJehxf5_fE.mp4
monopolist, https://media.signbsl.com/videos/asl/youtube/mp4/mOJehxf5_fE.mp4
monopolize, https://media.signbsl.com/videos/asl/youtube/mp4/T76t11W2TjY.mp4
monopolizer, https://media.signbsl.com/videos/asl/youtube/mp4/mOJehxf5_fE.mp4
monopoly, https://media.signbsl.com/videos/asl/youtube/mp4/rTdFTNM5v5E.mp4
monorail, https://media.signbsl.com/videos/asl/youtube/mp4/GGeHJEJqOro.mp4
monosyllabic, https://media.signbsl.com/videos/asl/youtube/mp4/yqOOp_vCZGc.mp4
monotheist, https://media.signbsl.com/videos/asl/youtube/mp4/fClxqYjTOXI.mp4
monotone, https://media.signbsl.com/videos/asl/youtube/mp4/ZpZPNIKjQTE.mp4
monotonic, https://media.signbsl.com/videos/asl/youtube/mp4/ZpZPNIKjQTE.mp4
monotonous, https://player.vimeo.com/external/392186676.sd.mp4?s=1b1e456a9e7331a6b445848905f8e8e7b74a27dd&profile_id=164
monoxide, https://media.signbsl.com/videos/asl/youtube/mp4/NQFqkq8jw1Q.mp4
Monsignor, https://media.signbsl.com/videos/asl/youtube/mp4/x9nYs8I__6g.mp4
monster, https://media.signbsl.com/videos/asl/aslsearch/mp4/monster.mp4
monstrosities, https://media.signbsl.com/videos/asl/youtube/mp4/tQPSxhAo4KA.mp4
monstrosity, https://media.signbsl.com/videos/asl/youtube/mp4/tQPSxhAo4KA.mp4
monstrous, https://media.signbsl.com/videos/asl/youtube/mp4/ae4oa2RzuDM.mp4
montage, https://media.signbsl.com/videos/asl/youtube/mp4/orS5lptGSY4.mp4
Montana, https://media.signbsl.com/videos/asl/aslsignbank/mp4/MONTANA-3158.mp4
Monte Carlo, https://media.signbsl.com/videos/asl/youtube/mp4/ldxbnCN4DmA.mp4
Montego Bay, https://media.signbsl.com/videos/asl/youtube/mp4/BbcugWN2JGQ.mp4
month, https://media.signbsl.com/videos/asl/startasl/mp4/month.mp4
monthly, https://media.signbsl.com/videos/asl/aslsignbank/mp4/RENT-2410.mp4
monument, https://media.signbsl.com/videos/asl/elementalaslconcepts/mp4/monument.mp4
monumental, https://media.signbsl.com/videos/asl/youtube/mp4/3TCatweAmqk.mp4
moo, https://media.signbsl.com/videos/asl/youtube/mp4/Mamv5pVV6lM.mp4
moocher, https://media.signbsl.com/videos/asl/youtube/mp4/gzd7qQ5O5zs.mp4
moo cow, https://media.signbsl.com/videos/asl/startasl/mp4/cow.mp4
mood, https://media.signbsl.com/videos/asl/elementalaslconcepts/mp4/mood.mp4
Moody, https://media.signbsl.com/videos/asl/youtube/mp4/HM-daTl4YH8.mp4
moolah, https://media.signbsl.com/videos/asl/youtube/mp4/3WtmZlJ5YxA.mp4
moon, https://media.signbsl.com/videos/asl/startasl/mp4/moon.mp4
moon curser, https://media.signbsl.com/videos/asl/youtube/mp4/Ot1tDQTaP_k.mp4
moon gazing, https://player.vimeo.com/external/392867486.sd.mp4?s=397c23bd999c292cc513d03dcfa9297d0ca68107&profile_id=164
moonily, https://media.signbsl.com/videos/asl/youtube/mp4/NtAQ95fIhMI.mp4
moonless, https://media.signbsl.com/videos/asl/youtube/mp4/lwk4R0zkPwQ.mp4
moonlight, https://media.signbsl.com/videos/asl/youtube/mp4/Mh1v1NA-tWE.mp4
moonlighter, https://media.signbsl.com/videos/asl/youtube/mp4/xbh9npZUti0.mp4
moonlike, https://media.signbsl.com/videos/asl/youtube/mp4/M7F-92krEuM.mp4
moon phase, https://media.signbsl.com/videos/asl/elementalaslconcepts/mp4/moon_phase.mp4
moon round, https://media.signbsl.com/videos/asl/youtube/mp4/M7F-92krEuM.mp4
moonscape, https://media.signbsl.com/videos/asl/youtube/mp4/j8rm3D7uYN8.mp4
moonset, https://media.signbsl.com/videos/asl/aslsignbank/mp4/SUNSET-2338.mp4
moonshiner, https://media.signbsl.com/videos/asl/youtube/mp4/gYi9G5vm2Js.mp4
moonstruck, https://media.signbsl.com/videos/asl/aslsearch/mp4/lunatic.mp4
moorage, https://media.signbsl.com/videos/asl/youtube/mp4/s3OXZztMCUw.mp4
mooring, https://media.signbsl.com/videos/asl/youtube/mp4/s3OXZztMCUw.mp4
moose, https://media.signbsl.com/videos/asl/aslsearch/mp4/elk.mp4
moot, https://media.signbsl.com/videos/asl/youtube/mp4/BkRaE-7kwtw.mp4
mop, https://media.signbsl.com/videos/asl/aslsearch/mp4/mop.mp4
mopboard, https://media.signbsl.com/videos/asl/youtube/mp4/tC00l9N3geI.mp4
mope, https://media.signbsl.com/videos/asl/youtube/mp4/Ae4z8KpaRPw.mp4
mope around, https://media.signbsl.com/videos/asl/youtube/mp4/Ae4z8KpaRPw.mp4
moped, https://media.signbsl.com/videos/asl/youtube/mp4/FORKavMov0I.mp4
moppet, https://media.signbsl.com/videos/asl/youtube/mp4/BY2VAySv53k.mp4
mopsy, https://media.signbsl.com/videos/asl/youtube/mp4/-D1aEZqj90A.mp4
mop up, https://media.signbsl.com/videos/asl/aslsearch/mp4/mop.mp4
moraine, https://media.signbsl.com/videos/asl/youtube/mp4/ap5aEuhOjDU.mp4
moral, https://media.signbsl.com/videos/asl/ids/mp4/2013-11-3120-moral-1500k-ase.mp4
morale, https://media.signbsl.com/videos/asl/youtube/mp4/C5I-QhhOUvY.mp4
moral excellence, https://media.signbsl.com/videos/asl/youtube/mp4/TuBTqCsUvXg.mp4
moralism, https://media.signbsl.com/videos/asl/youtube/mp4/jrG31nMdsWU.mp4
moralist, https://media.signbsl.com/videos/asl/youtube/mp4/dNi2E6zI6kY.mp4
moral philosophy, https://media.signbsl.com/videos/asl/philosophy/mp4/Ethics-HD.mp4
moral principle, https://media.signbsl.com/videos/asl/youtube/mp4/7fsITc01Zlw.mp4
moral sense, https://media.signbsl.com/videos/asl/aslsignbank/mp4/GUILTY-1851.mp4
morass, https://media.signbsl.com/videos/asl/youtube/mp4/yBW9mx3_MMk.mp4
morbid, https://media.signbsl.com/videos/asl/youtube/mp4/loLJRaGY_tM.mp4
morbidity, https://media.signbsl.com/videos/asl/signlanguagestudent/mp4/mortality.mp4
morbilli, https://player.vimeo.com/external/392376118.sd.mp4?s=f4bc08e9e174bca3f96864cb11dfe6090e19c46d&profile_id=164
more, https://media.signbsl.com/videos/asl/startasl/mp4/more.mp4
more awful, https://media.signbsl.com/videos/asl/youtube/mp4/ducOIdELX9E.mp4
more babyish, https://media.signbsl.com/videos/asl/youtube/mp4/1SnyVW8hn-I.mp4
morel, https://media.signbsl.com/videos/asl/youtube/mp4/VfqBKt6ADuI.mp4
more likely, https://media.signbsl.com/videos/asl/tsdvideo/mp4/375.mp4
morels, https://media.signbsl.com/videos/asl/youtube/mp4/VfqBKt6ADuI.mp4
more often than not, https://media.signbsl.com/videos/asl/youtube/mp4/cFuFf4aGDyU.mp4
more or less, https://media.signbsl.com/videos/asl/aslsignbank/mp4/APPROXIMATE-636.mp4
moreover, https://player.vimeo.com/external/392141494.sd.mp4?s=fc24d801b02d3dd0fcbdcf4696792dd5142439b6&profile_id=164
more serious, https://media.signbsl.com/videos/asl/youtube/mp4/xejASFLmQ8o.mp4
more than, https://media.signbsl.com/videos/asl/startasl/mp4/more-than.mp4
more than enormous, https://media.signbsl.com/videos/asl/youtube/mp4/XH-CEQz2spA.mp4
morgue, https://player.vimeo.com/external/392690469.sd.mp4?s=210eaedd82a1d6bc468e0cc802324f9a2c585eff&profile_id=164
moribund, https://media.signbsl.com/videos/asl/youtube/mp4/gA60Hb7wUNY.mp4
Mormon, https://media.signbsl.com/videos/asl/signlanguagestudent/mp4/Mormon.mp4
Mormon State, https://media.signbsl.com/videos/asl/youtube/mp4/WbH0QK0UrCo.mp4
Mormon Tabernacle, https://media.signbsl.com/videos/asl/youtube/mp4/RdeEutiuybw.mp4
morn, https://media.signbsl.com/videos/asl/startasl/mp4/morning.mp4
morning, https://media.signbsl.com/videos/asl/startasl/mp4/morning.mp4
morning dew, https://player.vimeo.com/external/392690508.sd.mp4?s=6e2689ccb079b43efbdc5c9e5bb826731842953d&profile_id=164
morning time, https://media.signbsl.com/videos/asl/startasl/mp4/morning.mp4
Morocco, https://media.signbsl.com/videos/asl/aslsignbank/mp4/MOROCCO-3486.mp4
moron, https://media.signbsl.com/videos/asl/aslsignbank/mp4/IDIOT-2180.mp4
morose, https://media.signbsl.com/videos/asl/youtube/mp4/HM-daTl4YH8.mp4
morph become, https://media.signbsl.com/videos/asl/signlanguagestudent/mp4/morph%20(become).mp4
morph change, https://media.signbsl.com/videos/asl/signlanguagestudent/mp4/morph%20(change).mp4
morpheme, https://media.signbsl.com/videos/asl/aslsignbank/mp4/WORD-1449.mp4
morphia, https://media.signbsl.com/videos/asl/youtube/mp4/s_m-MbbLqdc.mp4
morphine, https://media.signbsl.com/videos/asl/youtube/mp4/s_m-MbbLqdc.mp4
morsel, https://media.signbsl.com/videos/asl/youtube/mp4/SEZmXiurtt8.mp4
mortal, https://media.signbsl.com/videos/asl/aslsignbank/mp4/PERSON-888.mp4
mortality, https://media.signbsl.com/videos/asl/signlanguagestudent/mp4/mortality.mp4
mortality rate, https://media.signbsl.com/videos/asl/signlanguagestudent/mp4/mortality.mp4
mortar, https://media.signbsl.com/videos/asl/youtube/mp4/_nLu0H77GUQ.mp4
mortgagee, https://media.signbsl.com/videos/asl/youtube/mp4/Zo1QrbDlOt8.mp4
mortgage holder, https://media.signbsl.com/videos/asl/youtube/mp4/Zo1QrbDlOt8.mp4
mortgager, https://media.signbsl.com/videos/asl/youtube/mp4/h9Qf1sGmRYw.mp4
mortgagor, https://media.signbsl.com/videos/asl/youtube/mp4/h9Qf1sGmRYw.mp4
mortician, https://media.signbsl.com/videos/asl/youtube/mp4/YPYpEsUPCbU.mp4
mortification, https://media.signbsl.com/videos/asl/youtube/mp4/hcNJRFQygKU.mp4
mortify, https://player.vimeo.com/external/395736399.sd.mp4?s=6ce20664bfd017186d3360d698d4a1ac1de998c7&profile_id=164
mortuaries, https://player.vimeo.com/external/392690469.sd.mp4?s=210eaedd82a1d6bc468e0cc802324f9a2c585eff&profile_id=164
mortuary, https://player.vimeo.com/external/392690469.sd.mp4?s=210eaedd82a1d6bc468e0cc802324f9a2c585eff&profile_id=164
mosaic, https://media.signbsl.com/videos/asl/youtube/mp4/kN0SYyqxkMo.mp4
Moses, https://media.signbsl.com/videos/asl/valleybible/mp4/Moses-2.mp4
mosey, https://media.signbsl.com/videos/asl/youtube/mp4/jNVvadncLqA.mp4
Moslem, https://media.signbsl.com/videos/asl/startasl/mp4/muslim.mp4
mosque, https://media.signbsl.com/videos/asl/youtube/mp4/P_vh39KmWcM.mp4
mosquito, https://media.signbsl.com/videos/asl/aslsearch/mp4/mosquito.mp4
mosquito hawk, https://media.signbsl.com/videos/asl/thefamilyvocab/mp4/dragonfly.mp4
moss grown, https://media.signbsl.com/videos/asl/youtube/mp4/e-bCV33EYec.mp4
mossy, https://media.signbsl.com/videos/asl/youtube/mp4/e-bCV33EYec.mp4
most, https://media.signbsl.com/videos/asl/startasl/mp4/most.mp4
most especially, https://media.signbsl.com/videos/asl/youtube/mp4/FoE6n8NV2GM.mp4
most importantly, https://media.signbsl.com/videos/asl/youtube/mp4/FoE6n8NV2GM.mp4
mostly, https://media.signbsl.com/videos/asl/youtube/mp4/nH4Mj079cSM.mp4
most see only, https://media.signbsl.com/videos/asl/tsdvideo/mp4/1045.mp4
mote, https://media.signbsl.com/videos/asl/youtube/mp4/povYBQ5NV5w.mp4
motel, https://media.signbsl.com/videos/asl/youtube/mp4/4-YDxP9S3ic.mp4
moth, https://media.signbsl.com/videos/asl/youtube/mp4/VDLXTATKFhE.mp4
moth eaten, https://media.signbsl.com/videos/asl/youtube/mp4/LZQEuG1ldcE.mp4
mother, https://media.signbsl.com/videos/asl/startasl/mp4/mother.mp4
mother-in-law, https://media.signbsl.com/videos/asl/aslsearch/mp4/mother-in-law.mp4
motherboard, NA
mother country, https://media.signbsl.com/videos/asl/youtube/mp4/scR5fPQlI8c.mp4
mother fucker, https://media.signbsl.com/videos/asl/aslsearch/mp4/asshole.mp4
motherfucker, https://media.signbsl.com/videos/asl/aslsearch/mp4/asshole.mp4
motherhood, https://media.signbsl.com/videos/asl/youtube/mp4/gYPVRfEey-Q.mp4
mother in law, https://media.signbsl.com/videos/asl/aslsearch/mp4/mother-in-law.mp4
motherland, https://media.signbsl.com/videos/asl/youtube/mp4/scR5fPQlI8c.mp4
motherless, https://media.signbsl.com/videos/asl/youtube/mp4/AIsAIjvsVT4.mp4
motherlike, https://media.signbsl.com/videos/asl/youtube/mp4/9USt6XnHBwY.mp4
mother superior, https://media.signbsl.com/videos/asl/youtube/mp4/ZeD8DJj_86I.mp4
mother wit, https://media.signbsl.com/videos/asl/aslsearch/mp4/common-sense.mp4
mothproof, https://media.signbsl.com/videos/asl/youtube/mp4/BIUEYY3hKdI.mp4
motif, https://media.signbsl.com/videos/asl/youtube/mp4/jGomNAHUFP0.mp4
motility, https://media.signbsl.com/videos/asl/aslsignbank/mp4/VIBRATE-1391.mp4
motion, https://media.signbsl.com/videos/asl/aslsignbank/mp4/VIBRATE-1391.mp4
motionless, https://media.signbsl.com/videos/asl/youtube/mp4/TSBZ70yPa7U.mp4
motion picture, https://media.signbsl.com/videos/asl/startasl/mp4/movie.mp4
motion picture fan, https://media.signbsl.com/videos/asl/youtube/mp4/bDVkZPvozKo.mp4
motion picture photography, https://media.signbsl.com/videos/asl/youtube/mp4/R-cawtEoknM.mp4
motion picture show, https://media.signbsl.com/videos/asl/startasl/mp4/movie.mp4
motivate, https://media.signbsl.com/videos/asl/aslsearch/mp4/motivate.mp4
motivated, https://media.signbsl.com/videos/asl/youtube/mp4/DQJvt4B5Yxw.mp4
motivation, https://media.signbsl.com/videos/asl/aslsearch/mp4/encourage2.mp4
motivator, https://media.signbsl.com/videos/asl/youtube/mp4/PgPv0_1t94A.mp4
motive, https://media.signbsl.com/videos/asl/youtube/mp4/lC4pmG9L2Z0.mp4
motiveless, https://media.signbsl.com/videos/asl/youtube/mp4/vy6gvOEp5vw.mp4
motley, https://media.signbsl.com/videos/asl/youtube/mp4/Lt-pbyuiqiI.mp4
motley fool, https://media.signbsl.com/videos/asl/youtube/mp4/EtnL_z0cTFM.mp4
motor, https://media.signbsl.com/videos/asl/AustinCommunityCollege/mp4/auto_motor_.mp4
motor ataxia, https://media.signbsl.com/videos/asl/youtube/mp4/7YCpm43oEEY.mp4
motorbus, https://media.signbsl.com/videos/asl/startasl/mp4/bus.mp4
motorcade, https://media.signbsl.com/videos/asl/youtube/mp4/JrqZhHv66Uk.mp4
motorcar, https://media.signbsl.com/videos/asl/startasl/mp4/car.mp4
Motor City, https://media.signbsl.com/videos/asl/youtube/mp4/cZF1vHeQUTw.mp4
motorcoach, https://media.signbsl.com/videos/asl/startasl/mp4/bus.mp4
motorcycle, https://media.signbsl.com/videos/asl/startasl/mp4/motorcycle.mp4
motorcycle racing, https://player.vimeo.com/external/392690555.sd.mp4?s=b9048574537da104e0a3d9f26270e268acf97ba8&profile_id=164
motorial, https://media.signbsl.com/videos/asl/youtube/mp4/E-2n69MchfA.mp4
motorise, https://media.signbsl.com/videos/asl/youtube/mp4/ZQr1qfqQWWc.mp4
motorist, https://media.signbsl.com/videos/asl/youtube/mp4/sFoZssUHWsE.mp4
motorize, https://media.signbsl.com/videos/asl/youtube/mp4/ZQr1qfqQWWc.mp4
motor scooter, https://media.signbsl.com/videos/asl/aslbricks/mp4/scooter.mp4
motortruck, https://media.signbsl.com/videos/asl/aslsignbank/mp4/TRUCK-1316.mp4
motorway, https://media.signbsl.com/videos/asl/startasl/mp4/freeway.mp4
Motown, https://media.signbsl.com/videos/asl/youtube/mp4/cZF1vHeQUTw.mp4
motto, https://media.signbsl.com/videos/asl/youtube/mp4/V5rVU-PciIU.mp4
mould, https://media.signbsl.com/videos/asl/youtube/mp4/TfPvsKF0WBw.mp4
moulder, https://media.signbsl.com/videos/asl/deaftec/mp4/1364.mp4
moult, https://media.signbsl.com/videos/asl/elementalaslconcepts/mp4/molt.mp4
moulting, https://media.signbsl.com/videos/asl/elementalaslconcepts/mp4/molt.mp4
mound, https://media.signbsl.com/videos/asl/aslsignbank/mp4/HEAP-1774.mp4
mount, https://media.signbsl.com/videos/asl/aslsearch/mp4/climb.mp4
mountable, https://media.signbsl.com/videos/asl/youtube/mp4/QpQgkHhtBjQ.mp4
mountain, https://media.signbsl.com/videos/asl/startasl/mp4/mountains.mp4
mountain climber, https://media.signbsl.com/videos/asl/youtube/mp4/UNAbjzuPOQU.mp4
mountain climbing, https://player.vimeo.com/external/392690605.sd.mp4?s=fe95e3c57e4db47c2c6c971d6e0b7c60c9b86040&profile_id=164
mountain climbing robe, https://player.vimeo.com/external/392690576.sd.mp4?s=a2405cfbe8bd5d3facfd6aaaac419bd2baf033b4&profile_id=164
mountain dew, https://media.signbsl.com/videos/asl/youtube/mp4/sVRmELorwWU.mp4
mountaineer, https://media.signbsl.com/videos/asl/youtube/mp4/UNAbjzuPOQU.mp4
mountaineering, https://player.vimeo.com/external/392690605.sd.mp4?s=fe95e3c57e4db47c2c6c971d6e0b7c60c9b86040&profile_id=164
mountain lion, https://player.vimeo.com/external/391910530.sd.mp4?s=1cf1ed5f6b437f42bac29608e99212d47c87afb5&profile_id=164
mountain man, https://media.signbsl.com/videos/asl/youtube/mp4/VS4jTumsenM.mp4
mountainous, https://media.signbsl.com/videos/asl/youtube/mp4/xjF3dbfsMac.mp4
mountainpeak, NA
mountains, https://media.signbsl.com/videos/asl/startasl/mp4/mountains.mp4
mountainside, https://media.signbsl.com/videos/asl/youtube/mp4/n8YjqzWGgsI.mp4
Mountain State, https://media.signbsl.com/videos/asl/mariekatzenbachschool/mp4/West%20Virginia.mp4
mountebank, https://media.signbsl.com/videos/asl/youtube/mp4/9REJqoKbhVY.mp4
Mount Rushmore State, https://media.signbsl.com/videos/asl/youtube/mp4/Lc3icR3NOvk.mp4
mount up, https://media.signbsl.com/videos/asl/youtube/mp4/l7HsqLRJego.mp4
mourn, https://media.signbsl.com/videos/asl/signlanguagestudent/mp4/mourn.mp4
mourner, https://media.signbsl.com/videos/asl/youtube/mp4/N7GFGugf_Oc.mp4
mournful, https://media.signbsl.com/videos/asl/youtube/mp4/EuXMWbN1VuY.mp4
Mourn Regret, https://media.signbsl.com/videos/asl/ids/mp4/2013-11-3160-mourn-regret-1500k-ase.mp4
mouse, https://media.signbsl.com/videos/asl/aslsignbank/mp4/RAT-2879.mp4
mouse click, https://media.signbsl.com/videos/asl/aslsignbank/mp4/PRESS-927.mp4
mouse colored, https://media.signbsl.com/videos/asl/youtube/mp4/_8VehIJ-CYw.mp4
mouselike, https://media.signbsl.com/videos/asl/youtube/mp4/_8VehIJ-CYw.mp4
mouser, https://media.signbsl.com/videos/asl/youtube/mp4/YVlr8rbEfzo.mp4
mousey, https://media.signbsl.com/videos/asl/youtube/mp4/w3BJSw5iWCM.mp4
mousse, https://media.signbsl.com/videos/asl/youtube/mp4/V8RjqxRfiQ0.mp4
moustache, https://media.signbsl.com/videos/asl/startasl/mp4/mustache.mp4
mousy, https://media.signbsl.com/videos/asl/youtube/mp4/w3BJSw5iWCM.mp4
mouth, https://media.signbsl.com/videos/asl/aslsearch/mp4/utter.mp4
mouthful, https://media.signbsl.com/videos/asl/youtube/mp4/-4FMDB6zUVE.mp4
mouth harp, https://media.signbsl.com/videos/asl/aslsignbank/mp4/HARMONICA-1838.mp4
mouthiness, https://media.signbsl.com/videos/asl/youtube/mp4/kyBnsyiT9pA.mp4
mouth mask, https://media.signbsl.com/videos/asl/youtube/mp4/t6nLc4Mll44.mp4
mouth morpheme, https://media.signbsl.com/videos/asl/youtube/mp4/FSGlS-xmh48.mp4
mouth off, https://media.signbsl.com/videos/asl/aslsearch/mp4/jabber.mp4
mouth organ, https://media.signbsl.com/videos/asl/aslsignbank/mp4/HARMONICA-1838.mp4
mouthpiece, https://media.signbsl.com/videos/asl/youtube/mp4/zSVzTwjrgBI.mp4
mouth to mouth resuscitation, https://player.vimeo.com/external/395726575.sd.mp4?s=bfa99945920b59264c2e3774a375fb854d32c497&profile_id=164
mouthwash, https://media.signbsl.com/videos/asl/youtube/mp4/hHJzZyji2qw.mp4
mouth watering, https://media.signbsl.com/videos/asl/youtube/mp4/ZRWkaL24AlI.mp4
movable, https://media.signbsl.com/videos/asl/youtube/mp4/z9cLrfd3x3w.mp4
move, https://media.signbsl.com/videos/asl/startasl/mp4/go.mp4
moveable, https://media.signbsl.com/videos/asl/youtube/mp4/z9cLrfd3x3w.mp4
move about, https://media.signbsl.com/videos/asl/youtube/mp4/-MgX5zoU3dg.mp4
move ahead, https://media.signbsl.com/videos/asl/youtube/mp4/Tez7-msMKPI.mp4
move around, https://media.signbsl.com/videos/asl/youtube/mp4/d_V1a43I1WI.mp4
move back, https://media.signbsl.com/videos/asl/youtube/mp4/26-pq93XoWI.mp4
move backward and forward, https://media.signbsl.com/videos/asl/youtube/mp4/7ex6-YUR-HY.mp4
move down, https://media.signbsl.com/videos/asl/youtube/mp4/5J6dbmgPuNg.mp4
move into, https://media.signbsl.com/videos/asl/startasl/mp4/enter.mp4
movement, https://media.signbsl.com/videos/asl/aslsignbank/mp4/VIBRATE-1391.mp4
move on, https://media.signbsl.com/videos/asl/aslsearch/mp4/advance2.mp4
move out, NA
move people around, https://media.signbsl.com/videos/asl/youtube/mp4/fMo6EefoLo4.mp4
mover, https://media.signbsl.com/videos/asl/youtube/mp4/4ekeVOMfX7I.mp4
move up, https://media.signbsl.com/videos/asl/youtube/mp4/Ope_GqmB31c.mp4
movie, https://media.signbsl.com/videos/asl/startasl/mp4/movie.mp4
moviegoer, https://media.signbsl.com/videos/asl/youtube/mp4/bDVkZPvozKo.mp4
movie house, https://media.signbsl.com/videos/asl/aslsearch/mp4/cinema.mp4
movie maker, https://media.signbsl.com/videos/asl/youtube/mp4/8u5r9_2A6GU.mp4
movie star, https://player.vimeo.com/external/392690659.sd.mp4?s=9b78f77287d71902b3e437bb3e79aa8a54425e04&profile_id=164
movie theater, https://media.signbsl.com/videos/asl/aslsearch/mp4/cinema.mp4
movie theatre, https://media.signbsl.com/videos/asl/aslsearch/mp4/cinema.mp4
movietv credits, https://media.signbsl.com/videos/asl/aslsignbank/mp4/TELEPROMPTER-2311.mp4
moving picture, https://media.signbsl.com/videos/asl/startasl/mp4/movie.mp4
moving picture show, https://media.signbsl.com/videos/asl/startasl/mp4/movie.mp4
moving ridge, https://media.signbsl.com/videos/asl/aslsearch/mp4/wave.mp4
mow, https://media.signbsl.com/videos/asl/youtube/mp4/kCdWgs8DNzM.mp4
mow down, https://media.signbsl.com/videos/asl/aslsearch/mp4/massacre.mp4
mower, https://media.signbsl.com/videos/asl/aslsearch/mp4/lawn-mower.mp4
mowing the lawn, https://media.signbsl.com/videos/asl/startasl/mp4/mowing-the-lawn.mp4
mow lawn, https://media.signbsl.com/videos/asl/mariekatzenbachschool/mp4/mow%20lawn.mp4
moxie, https://media.signbsl.com/videos/asl/youtube/mp4/h2QYTlWAZeY.mp4
Mozambique, https://media.signbsl.com/videos/asl/youtube/mp4/r76L_KcKSf0.mp4
mrs. mcgregor, NA
MS, https://media.signbsl.com/videos/asl/youtube/mp4/cW6XZ02Uobo.mp4
msec, https://media.signbsl.com/videos/asl/AustinCommunityCollege/mp4/elec_millisecond_.mp4
MT, https://media.signbsl.com/videos/asl/aslsignbank/mp4/MONTANA-3158.mp4
much, https://media.signbsl.com/videos/asl/aslsignbank/mp4/MANY-504.mp4
much later, https://media.signbsl.com/videos/asl/youtube/mp4/I6TpeHZkx6A.mp4
mucilaginous, https://media.signbsl.com/videos/asl/aslsearch/mp4/sticky.mp4
muck, https://media.signbsl.com/videos/asl/aslsignbank/mp4/RUB-2288.mp4
muck about, https://media.signbsl.com/videos/asl/youtube/mp4/LElf0V6cYbg.mp4
muck around, https://media.signbsl.com/videos/asl/youtube/mp4/LElf0V6cYbg.mp4
muckheap, https://media.signbsl.com/videos/asl/youtube/mp4/mNtfjVS4BPY.mp4
muckhill, https://media.signbsl.com/videos/asl/youtube/mp4/mNtfjVS4BPY.mp4
muckle, https://media.signbsl.com/videos/asl/aslsearch/mp4/lot.mp4
muckrake, https://media.signbsl.com/videos/asl/youtube/mp4/FqaXJczYiuw.mp4
muck up, https://media.signbsl.com/videos/asl/aslsignbank/mp4/FUCK-UP-2905.mp4
mucky, https://media.signbsl.com/videos/asl/youtube/mp4/W7chOU4GhmU.mp4
mucoid, https://media.signbsl.com/videos/asl/youtube/mp4/dT2LGDyh-qo.mp4
mud, https://player.vimeo.com/external/395766151.sd.mp4?s=d71622131dd5276a7287be516567b5593199f6d5&profile_id=164
mudcat, https://media.signbsl.com/videos/asl/youtube/mp4/RetdbRjF794.mp4
muddied, https://media.signbsl.com/videos/asl/youtube/mp4/Av7z59nyg6c.mp4
muddier, https://media.signbsl.com/videos/asl/youtube/mp4/1SjLISWXTPo.mp4
muddle, https://player.vimeo.com/external/391390565.sd.mp4?s=383ac5c5790e55cf22c9165515add97686652be0&profile_id=164
muddy, https://media.signbsl.com/videos/asl/youtube/mp4/W7chOU4GhmU.mp4
mudroom, https://media.signbsl.com/videos/asl/youtube/mp4/C8326aUaF24.mp4
mud slide, https://player.vimeo.com/external/392690704.sd.mp4?s=4d3f5897492ef21587b261bfbd1a663db4d68ea2&profile_id=164
mudslide, https://player.vimeo.com/external/392690704.sd.mp4?s=4d3f5897492ef21587b261bfbd1a663db4d68ea2&profile_id=164
muff, https://media.signbsl.com/videos/asl/aslsignbank/mp4/FUCK-UP-2905.mp4
muffin, https://media.signbsl.com/videos/asl/mariekatzenbachschool/mp4/muffin.mp4
muffle, https://media.signbsl.com/videos/asl/aslsearch/mp4/muffle.mp4
muffler, https://media.signbsl.com/videos/asl/youtube/mp4/dZX-mMuVikA.mp4
mug, https://media.signbsl.com/videos/asl/startasl/mp4/mug.mp4
mugful, https://media.signbsl.com/videos/asl/youtube/mp4/AahtnH6Jpsk.mp4
mugger, https://media.signbsl.com/videos/asl/youtube/mp4/rEtUuc-Gwjw.mp4
muggier, https://media.signbsl.com/videos/asl/youtube/mp4/Km1ZSosPCzY.mp4
mugginess, https://media.signbsl.com/videos/asl/youtube/mp4/3awpDR477cs.mp4
mug up, https://media.signbsl.com/videos/asl/youtube/mp4/IGYKV4spCPM.mp4
mugwump, https://media.signbsl.com/videos/asl/youtube/mp4/3fYHaLhsxGc.mp4
Muhammadan, https://media.signbsl.com/videos/asl/startasl/mp4/muslim.mp4
Muhammadanism, https://media.signbsl.com/videos/asl/youtube/mp4/Z1PwkbbV-Uo.mp4
Muhammedan, https://media.signbsl.com/videos/asl/startasl/mp4/muslim.mp4
Mulatto, https://media.signbsl.com/videos/asl/youtube/mp4/rNPTwK5D8Xc.mp4
mulch, https://media.signbsl.com/videos/asl/youtube/mp4/z9Lk0SWaqEo.mp4
mulct, https://media.signbsl.com/videos/asl/youtube/mp4/uA31P9Lwrqo.mp4
mule, https://media.signbsl.com/videos/asl/youtube/mp4/gzpXHZaMPKc.mp4
muleskinner, NA
mull, https://media.signbsl.com/videos/asl/signlanguagestudent/mp4/ponder.mp4
muller, https://media.signbsl.com/videos/asl/youtube/mp4/cLtxZrem1pU.mp4
mull over, https://media.signbsl.com/videos/asl/signlanguagestudent/mp4/ponder.mp4
multicell, https://media.signbsl.com/videos/asl/youtube/mp4/BLTCofyB32k.mp4
multicolor, https://media.signbsl.com/videos/asl/youtube/mp4/CJVGVGHeBjY.mp4
multicolored, https://media.signbsl.com/videos/asl/youtube/mp4/CJVGVGHeBjY.mp4
multicolour, https://media.signbsl.com/videos/asl/youtube/mp4/CJVGVGHeBjY.mp4
multicoloured, https://media.signbsl.com/videos/asl/youtube/mp4/CJVGVGHeBjY.mp4
multicultural, https://media.signbsl.com/videos/asl/youtube/mp4/4j-b9Xf9hUo.mp4
multidimensional, https://media.signbsl.com/videos/asl/youtube/mp4/LU7ADhzJRYg.mp4
multidisciplinary, https://media.signbsl.com/videos/asl/youtube/mp4/uhnvPCAAzGo.mp4
multifamily, https://media.signbsl.com/videos/asl/youtube/mp4/K7j5eoWBghI.mp4
multifariousness, https://media.signbsl.com/videos/asl/startasl/mp4/diversity.mp4
multilateral, https://media.signbsl.com/videos/asl/youtube/mp4/pWs1RTtTNV4.mp4
multilevel, https://media.signbsl.com/videos/asl/youtube/mp4/chCjnPffA-8.mp4
multilingual, https://media.signbsl.com/videos/asl/youtube/mp4/9o-e75_axtw.mp4
multimedia, https://media.signbsl.com/videos/asl/youtube/mp4/5ZUQ5YRvz3U.mp4
multimedia system, https://media.signbsl.com/videos/asl/youtube/mp4/5ZUQ5YRvz3U.mp4
multimillionaire, https://media.signbsl.com/videos/asl/youtube/mp4/5tOFW12I6Us.mp4
multinational, https://media.signbsl.com/videos/asl/youtube/mp4/VZXHwDXuRXc.mp4
multinomial, https://media.signbsl.com/videos/asl/tsdvideo/mp4/1476.mp4
multiplayer, https://media.signbsl.com/videos/asl/youtube/mp4/qfsT0nwAo6s.mp4
multiple, https://media.signbsl.com/videos/asl/tsdvideo/mp4/1110.mp4
multiple choice, https://media.signbsl.com/videos/asl/elementalaslconcepts/mp4/multiple_choice.mp4
multiple ear piercings, https://media.signbsl.com/videos/asl/youtube/mp4/thFpCLU_ziE.mp4
multiple sclerosis ms, https://player.vimeo.com/external/392690798.sd.mp4?s=e331f55b24a2da2e33579062e0d4de6bc431451c&profile_id=164
multiplex, https://media.signbsl.com/videos/asl/youtube/mp4/wjsMIjfWsDU.mp4
multiplexer, https://media.signbsl.com/videos/asl/youtube/mp4/cBwZt7SlLuc.mp4
multiplication, https://media.signbsl.com/videos/asl/tsdvideo/mp4/481.mp4
multiplication property for inequalities, https://media.signbsl.com/videos/asl/youtube/mp4/L5wGuf5-zjI.mp4
multiplication property of zero, https://media.signbsl.com/videos/asl/youtube/mp4/wuVfLvtMnUU.mp4
multiplication sentence, https://media.signbsl.com/videos/asl/youtube/mp4/RtJgQZdP_7Q.mp4
multiplicative identity, https://media.signbsl.com/videos/asl/youtube/mp4/t7NwjzTDrVc.mp4
multiplicative inverse, https://media.signbsl.com/videos/asl/youtube/mp4/T2IcFC6fAto.mp4
multiplicative inverse property, https://media.signbsl.com/videos/asl/youtube/mp4/UzKp45OX08I.mp4
multiplicative property of equality, https://media.signbsl.com/videos/asl/youtube/mp4/JNVqHDV2Cx0.mp4
multiplicative property of zero, https://media.signbsl.com/videos/asl/youtube/mp4/Ljun-4pF6dY.mp4
multiplicities, https://media.signbsl.com/videos/asl/youtube/mp4/7NBd5n-S7Rs.mp4
multiplicity, https://media.signbsl.com/videos/asl/youtube/mp4/7NBd5n-S7Rs.mp4
multiply, https://media.signbsl.com/videos/asl/signlanguagestudent/mp4/multiply.mp4
multiprocessor, https://media.signbsl.com/videos/asl/youtube/mp4/5oOsJmxhdIc.mp4
multipurpose, https://media.signbsl.com/videos/asl/youtube/mp4/CMiO7j39uTE.mp4
multiracial, https://media.signbsl.com/videos/asl/youtube/mp4/vIOKyh2K014.mp4
multistage, https://media.signbsl.com/videos/asl/youtube/mp4/42aWQ2B5fq0.mp4
multi step, https://media.signbsl.com/videos/asl/youtube/mp4/k6uyusbhHns.mp4
multistorey, https://media.signbsl.com/videos/asl/youtube/mp4/GO0mO_lrFJI.mp4
multistoried, https://media.signbsl.com/videos/asl/youtube/mp4/GO0mO_lrFJI.mp4
multistory, https://media.signbsl.com/videos/asl/youtube/mp4/GO0mO_lrFJI.mp4
multitask, https://media.signbsl.com/videos/asl/youtube/mp4/GYCnuDkm9dc.mp4
multitude, https://media.signbsl.com/videos/asl/signlanguagestudent/mp4/multitude.mp4
multitudinous, https://media.signbsl.com/videos/asl/ids/mp4/2013-11-2405-infinite-1500k-ase.mp4
mum, https://media.signbsl.com/videos/asl/aslsearch/mp4/mama.mp4
Mumbai, https://media.signbsl.com/videos/asl/youtube/mp4/jcIbQKmySJc.mp4
mumble, https://player.vimeo.com/external/392378713.sd.mp4?s=3d9a3a484cfaea16f39b57ca06562c7b6d38af8b&profile_id=164
mummer, https://media.signbsl.com/videos/asl/youtube/mp4/cuehmBwHCrE.mp4
mummery, https://media.signbsl.com/videos/asl/youtube/mp4/13S5MoIUxMo.mp4
mummification, https://media.signbsl.com/videos/asl/youtube/mp4/McDXkRHQEjc.mp4
mummy, https://media.signbsl.com/videos/asl/aslsearch/mp4/mama.mp4
mumps, https://player.vimeo.com/external/392867565.sd.mp4?s=9b08e52b2883c184717b514a909473179e489e36&profile_id=164
munchies, https://media.signbsl.com/videos/asl/youtube/mp4/L6ZejFtDJS8.mp4
mundane, https://media.signbsl.com/videos/asl/aslsearch/mp4/everyday.mp4
municipal, https://media.signbsl.com/videos/asl/youtube/mp4/fADClGJtZEE.mp4
munificence, https://media.signbsl.com/videos/asl/youtube/mp4/gsZvoKDjMNc.mp4
munificent, https://media.signbsl.com/videos/asl/youtube/mp4/L_7FX5Ryl7Y.mp4
munition, https://media.signbsl.com/videos/asl/aslsearch/mp4/arms.mp4
mural, https://media.signbsl.com/videos/asl/youtube/mp4/YFbBkl7c-bs.mp4
muralist, https://media.signbsl.com/videos/asl/youtube/mp4/YpxpJwnCA3w.mp4
murder, https://media.signbsl.com/videos/asl/youtube/mp4/lNu89ki21sI.mp4
murderer, https://player.vimeo.com/external/392691219.sd.mp4?s=f7909b5b5a1784b553a2fcd86dcfc79d2a4e259a&profile_id=164
murderess, https://media.signbsl.com/videos/asl/youtube/mp4/wkTT94UXLOs.mp4
murderous, https://media.signbsl.com/videos/asl/youtube/mp4/oOJfDc3L93g.mp4
Muritaniya, https://media.signbsl.com/videos/asl/youtube/mp4/acpd_RjFRg0.mp4
murmur, https://media.signbsl.com/videos/asl/signlanguagestudent/mp4/murmur%20(complain).mp4
murphy, https://media.signbsl.com/videos/asl/startasl/mp4/potato.mp4
murrain, https://media.signbsl.com/videos/asl/youtube/mp4/Idw9h_hpd7E.mp4
Musca domestica, https://player.vimeo.com/external/392186237.sd.mp4?s=1da14449d104bb1fb442af47c7325d6513036756&profile_id=164
muscae volitantes, https://media.signbsl.com/videos/asl/youtube/mp4/vgQyRyhvxFM.mp4
muscat, https://media.signbsl.com/videos/asl/youtube/mp4/Z7zwuJ_4AHY.mp4
Muscat and Oman, https://media.signbsl.com/videos/asl/youtube/mp4/gJ7z0zuSXZU.mp4
muscatel, https://media.signbsl.com/videos/asl/youtube/mp4/Z7zwuJ_4AHY.mp4
muscat grape, https://media.signbsl.com/videos/asl/youtube/mp4/Z7zwuJ_4AHY.mp4
musca volitans, https://media.signbsl.com/videos/asl/youtube/mp4/vgQyRyhvxFM.mp4
muscle, https://media.signbsl.com/videos/asl/aslsearch/mp4/muscle.mp4
musclebound, NA
muscle builder, https://media.signbsl.com/videos/asl/youtube/mp4/FORYrkc4m1A.mp4
musclebuilder, https://media.signbsl.com/videos/asl/youtube/mp4/FORYrkc4m1A.mp4
muscle building, https://media.signbsl.com/videos/asl/youtube/mp4/QlXQf76weH4.mp4
musclebuilding, https://media.signbsl.com/videos/asl/youtube/mp4/QlXQf76weH4.mp4
muscle contraction, https://media.signbsl.com/videos/asl/youtube/mp4/omON-vpws1c.mp4
muscled, https://media.signbsl.com/videos/asl/youtube/mp4/6Xq3mpxEiZ8.mp4
muscleman, https://media.signbsl.com/videos/asl/youtube/mp4/FORYrkc4m1A.mp4
muscle spasm, https://media.signbsl.com/videos/asl/startasl/mp4/cramp.mp4
muscle tear, https://player.vimeo.com/external/392378325.sd.mp4?s=c6cf59b4e4881d1653c452ed2111b97893947a51&profile_id=164
muscly, https://media.signbsl.com/videos/asl/youtube/mp4/5-BQEp8m1jU.mp4
muscular, https://media.signbsl.com/videos/asl/startasl/mp4/muscular.mp4
muscular contraction, https://media.signbsl.com/videos/asl/youtube/mp4/omON-vpws1c.mp4
muscularity, https://media.signbsl.com/videos/asl/youtube/mp4/6T4o289FDz8.mp4
musculus, https://media.signbsl.com/videos/asl/aslsearch/mp4/muscle.mp4
musculus intercostalis, https://media.signbsl.com/videos/asl/youtube/mp4/hmUWMH2Q8oM.mp4
muse, https://media.signbsl.com/videos/asl/signlanguagestudent/mp4/ponder.mp4
museum, https://media.signbsl.com/videos/asl/aslsignbank/mp4/MUSEUM-1585.mp4
mush, https://media.signbsl.com/videos/asl/youtube/mp4/wrA4LgPY_tM.mp4
mushroom, https://media.signbsl.com/videos/asl/startasl/mp4/mushroom.mp4
mushroom cloud, https://media.signbsl.com/videos/asl/youtube/mp4/wBd8P45SXrw.mp4
mushroom shaped cloud, https://media.signbsl.com/videos/asl/youtube/mp4/wBd8P45SXrw.mp4
music, https://media.signbsl.com/videos/asl/startasl/mp4/music.mp4
musical, https://media.signbsl.com/videos/asl/youtube/mp4/lHDQH66aX24.mp4
musical instrument, https://player.vimeo.com/external/392378476.sd.mp4?s=a31c9ade99f8e54fe5b4b01e0b6335d98b106bc9&profile_id=164
musical medley, https://media.signbsl.com/videos/asl/youtube/mp4/l8mtmbj0_p4.mp4
musical rhythm, https://media.signbsl.com/videos/asl/aslsearch/mp4/beat.mp4
music director, https://media.signbsl.com/videos/asl/youtube/mp4/PdMf8gO84yU.mp4
music hall, https://media.signbsl.com/videos/asl/youtube/mp4/Lp59i5f1nxQ.mp4
musician, https://player.vimeo.com/external/392378500.sd.mp4?s=56bba9c702a015ff3cf7d00494018445ba615b33&profile_id=164
musicianship, https://media.signbsl.com/videos/asl/youtube/mp4/kpPxTwvopyc.mp4
musicologist, https://media.signbsl.com/videos/asl/youtube/mp4/caq48KWDnPg.mp4
music player, https://media.signbsl.com/videos/asl/aslsearch/mp4/music-player.mp4
music rack, https://player.vimeo.com/external/392378433.sd.mp4?s=ac91fa882d459149bb57ffe555fa24472b3662b9&profile_id=164
music stand, https://player.vimeo.com/external/392378433.sd.mp4?s=ac91fa882d459149bb57ffe555fa24472b3662b9&profile_id=164
musing, https://media.signbsl.com/videos/asl/tsdvideo/mp4/507.mp4
musjid, https://media.signbsl.com/videos/asl/youtube/mp4/P_vh39KmWcM.mp4
musk, https://media.signbsl.com/videos/asl/youtube/mp4/j6sWU-C_cZk.mp4
musketeer, https://media.signbsl.com/videos/asl/youtube/mp4/VSBujrY1Lqo.mp4
Muslim, https://media.signbsl.com/videos/asl/startasl/mp4/muslim.mp4
Muslimism, https://media.signbsl.com/videos/asl/youtube/mp4/Z1PwkbbV-Uo.mp4
muss, https://media.signbsl.com/videos/asl/youtube/mp4/VlsnLDVOR6g.mp4
mussel, https://player.vimeo.com/external/392691263.sd.mp4?s=cc413f3c8d635e9b156c414dbeabdd638a251eec&profile_id=164
mussiness, https://media.signbsl.com/videos/asl/youtube/mp4/VlsnLDVOR6g.mp4
mussitate, https://player.vimeo.com/external/392378713.sd.mp4?s=3d9a3a484cfaea16f39b57ca06562c7b6d38af8b&profile_id=164
mussy, https://media.signbsl.com/videos/asl/startasl/mp4/messy.mp4
must, https://media.signbsl.com/videos/asl/startasl/mp4/must.mp4
mustache, https://media.signbsl.com/videos/asl/startasl/mp4/mustache.mp4
mustard, https://player.vimeo.com/external/392867616.sd.mp4?s=556e9562f0baedd7f6525cb338119ec17a53bc0e&profile_id=164
Mustela putorius, https://media.signbsl.com/videos/asl/youtube/mp4/rgaH5ixZ3Oc.mp4
muster, https://media.signbsl.com/videos/asl/youtube/mp4/rYHfEriVorc.mp4
muster a group of people, https://media.signbsl.com/videos/asl/youtube/mp4/T-S7hEY3sr8.mp4
muster people, https://media.signbsl.com/videos/asl/youtube/mp4/COuTLSgZ_MI.mp4
muster up, https://media.signbsl.com/videos/asl/youtube/mp4/rYHfEriVorc.mp4
muster up the courage, https://media.signbsl.com/videos/asl/youtube/mp4/rYHfEriVorc.mp4
must have to, https://media.signbsl.com/videos/asl/youtube/mp4/hLJckCJfuRk.mp4
mustnt, https://media.signbsl.com/videos/asl/youtube/mp4/LI0xGbhnZNI.mp4
musty, https://player.vimeo.com/external/392378651.sd.mp4?s=15a1254937a3dfeed6840cdf9dfedbc482d99ccf&profile_id=164
mut, https://media.signbsl.com/videos/asl/youtube/mp4/mmSPRUAM9ac.mp4
mutable, https://media.signbsl.com/videos/asl/youtube/mp4/LA5kNz_54_M.mp4
mutagen, https://media.signbsl.com/videos/asl/youtube/mp4/eirM_H0b7nM.mp4
mutant, https://media.signbsl.com/videos/asl/youtube/mp4/fIPbLVThdF8.mp4
mutate, https://media.signbsl.com/videos/asl/youtube/mp4/qZ2n64trO4E.mp4
mutation, https://media.signbsl.com/videos/asl/youtube/mp4/fIPbLVThdF8.mp4
mute, https://player.vimeo.com/external/392378688.sd.mp4?s=2062ef349a7c38831a33595b57ef7123ae820cd5&profile_id=164
mutilate, https://media.signbsl.com/videos/asl/youtube/mp4/lNu89ki21sI.mp4
mutineer, https://media.signbsl.com/videos/asl/youtube/mp4/hMHF2hR6Esg.mp4
mutinied, https://media.signbsl.com/videos/asl/youtube/mp4/IseUa9pXOv4.mp4
mutt, https://media.signbsl.com/videos/asl/youtube/mp4/XSi6WbW0KH8.mp4
mutter, https://player.vimeo.com/external/392378713.sd.mp4?s=3d9a3a484cfaea16f39b57ca06562c7b6d38af8b&profile_id=164
mutton, https://media.signbsl.com/videos/asl/youtube/mp4/mmSPRUAM9ac.mp4
mutton chop, https://media.signbsl.com/videos/asl/aslsearch/mp4/sideburn.mp4
muttonhead, https://player.vimeo.com/external/391206075.sd.mp4?s=70036e65baeb2a49618c767f8923c823ff04370d&profile_id=164
mutual, https://media.signbsl.com/videos/asl/aslsearch/mp4/mutual.mp4
mutual exclusiveness, https://media.signbsl.com/videos/asl/youtube/mp4/oJrGmJVM1dM.mp4
mutualism, https://media.signbsl.com/videos/asl/youtube/mp4/1Ly_BcJI5hQ.mp4
mutually exclusive events, https://media.signbsl.com/videos/asl/youtube/mp4/ftloV9tpAF4.mp4
mutually ruinous, https://media.signbsl.com/videos/asl/youtube/mp4/7bEdPj53Qss.mp4
mutual respect, https://player.vimeo.com/external/392378746.sd.mp4?s=bb2c0af2b2eb569adf9c37860905a186b17c3919&profile_id=164
muzzle, https://media.signbsl.com/videos/asl/aslsearch/mp4/muzzle.mp4
muzzy, https://media.signbsl.com/videos/asl/aslsearch/mp4/blurred.mp4
mx, https://media.signbsl.com/videos/asl/youtube/mp4/fcDhwxmKnAU.mp4
my, https://media.signbsl.com/videos/asl/startasl/mp4/my.mp4
Myanmar, https://player.vimeo.com/external/392378813.sd.mp4?s=5eb2966c35dbfe43ce2c51150ea164597ed23f5c&profile_id=164
my bad, https://media.signbsl.com/videos/asl/youtube/mp4/WZ858kDMwss.mp4
my cats play ball, https://media.signbsl.com/videos/asl/youtube/mp4/wRcAMysmN28.mp4
mycologist, https://media.signbsl.com/videos/asl/youtube/mp4/FIjcdxSb0TI.mp4
mycology, https://media.signbsl.com/videos/asl/youtube/mp4/m1n3rO0J5Uo.mp4
my condolences, https://media.signbsl.com/videos/asl/youtube/mp4/8DGeg50qBZk.mp4
mycorrhizae, https://media.signbsl.com/videos/asl/youtube/mp4/sFswNCxEnDs.mp4
myelitis, https://media.signbsl.com/videos/asl/youtube/mp4/PvA-ri_IPMQ.mp4
my name, https://media.signbsl.com/videos/asl/aslsearch/mp4/my-name.mp4
my name deborah, https://media.signbsl.com/videos/asl/startasl/mp4/mynamedeborah.mp4
myopia, https://media.signbsl.com/videos/asl/youtube/mp4/DSlFeO5BRNk.mp4
myopic, https://media.signbsl.com/videos/asl/youtube/mp4/IpMU9ih80YU.mp4
my person, https://media.signbsl.com/videos/asl/youtube/mp4/XXPrWQjc3Wo.mp4
myriad, https://media.signbsl.com/videos/asl/ids/mp4/2013-11-2405-infinite-1500k-ase.mp4
myself, https://media.signbsl.com/videos/asl/aslsearch/mp4/self.mp4
mysteries, https://player.vimeo.com/external/392378862.sd.mp4?s=a8c4f5748417c8d2027ce3977515c26a5e7b082f&profile_id=164
mysterious, https://media.signbsl.com/videos/asl/youtube/mp4/Qiv297fkK7Y.mp4
mystery, https://player.vimeo.com/external/392378862.sd.mp4?s=a8c4f5748417c8d2027ce3977515c26a5e7b082f&profile_id=164
mystery story, https://media.signbsl.com/videos/asl/aslsearch/mp4/mystery.mp4
mystic, https://media.signbsl.com/videos/asl/youtube/mp4/PLZPeiapx_E.mp4
mystical, https://media.signbsl.com/videos/asl/youtube/mp4/PLZPeiapx_E.mp4
mystification, https://media.signbsl.com/videos/asl/youtube/mp4/ZI1DNid_A4Y.mp4
mystifying, https://media.signbsl.com/videos/asl/youtube/mp4/Qiv297fkK7Y.mp4
myth, https://media.signbsl.com/videos/asl/valleybible/mp4/myth.mp4
mythicise, https://media.signbsl.com/videos/asl/youtube/mp4/DOUOU-ZW5OI.mp4
mythicize, https://media.signbsl.com/videos/asl/youtube/mp4/DOUOU-ZW5OI.mp4
mythologise, https://media.signbsl.com/videos/asl/youtube/mp4/DOUOU-ZW5OI.mp4
mythologist, https://media.signbsl.com/videos/asl/youtube/mp4/MkZYERz-IMg.mp4
mythologize, https://media.signbsl.com/videos/asl/youtube/mp4/DOUOU-ZW5OI.mp4
my turn, https://media.signbsl.com/videos/asl/youtube/mp4/2RZBi5QyVF4.mp4
