word, videoURL
s, https://media.signbsl.com/videos/asl/aslsearch/mp4/second.mp4
Sabbath, https://media.signbsl.com/videos/asl/signlanguagestudent/mp4/sabbath.mp4
Sabbath school, https://media.signbsl.com/videos/asl/ids/mp4/2013-11-4740-sunday-school-1500k-ase.mp4
Sabbatum, https://media.signbsl.com/videos/asl/startasl/mp4/saturday.mp4
sable, https://player.vimeo.com/external/392868354.sd.mp4?s=f956734e2da68ce31bd415b0770e83184864aecf&profile_id=164
sabotage, https://player.vimeo.com/external/392547305.sd.mp4?s=b866c1dd268e78484238eeb0c44c4b7ac754eb60&profile_id=164
saboteur, https://media.signbsl.com/videos/asl/youtube/mp4/7Q5-IyNjGlg.mp4
sac, https://media.signbsl.com/videos/asl/aslsearch/mp4/sac.mp4
saccharide, https://media.signbsl.com/videos/asl/signlanguagestudent/mp4/carbohydrate.mp4
saccharin, https://media.signbsl.com/videos/asl/youtube/mp4/CaamJs9TGxs.mp4
saccharose, https://media.signbsl.com/videos/asl/youtube/mp4/HguVx5jMTzc.mp4
sack, https://media.signbsl.com/videos/asl/aslsearch/mp4/sack.mp4
sack out, https://media.signbsl.com/videos/asl/aslsearch/mp4/go-to-sleep.mp4
sacrament, https://media.signbsl.com/videos/asl/signlanguagestudent/mp4/sacrament%20(mormon).mp4
sacrament (mormon), https://media.signbsl.com/videos/asl/signlanguagestudent/mp4/sacrament%20(mormon).mp4
Sacrament (Ordinance), https://media.signbsl.com/videos/asl/ids/mp4/2013-11-4210-sacrament-ordinance-1500k-ase.mp4
sacramental manduction, https://media.signbsl.com/videos/asl/aslsearch/mp4/communion.mp4
Sacrament Meeting, https://media.signbsl.com/videos/asl/ids/mp4/2013-11-4220-sacrament-meeting-1500k-ase.mp4
sacrament mormon, https://media.signbsl.com/videos/asl/signlanguagestudent/mp4/sacrament%20(mormon).mp4
sacrament of the Eucharist, https://media.signbsl.com/videos/asl/handsofgrace/mp4/QdWqyZjXzuo.mp4
Sacrament Ordinance, https://media.signbsl.com/videos/asl/ids/mp4/2013-11-4210-sacrament-ordinance-1500k-ase.mp4
sacred, https://media.signbsl.com/videos/asl/signlanguagestudent/mp4/sacred.mp4
Sacred Grove, https://media.signbsl.com/videos/asl/ids/mp4/2013-11-4240-sacred-grove-1500k-ase.mp4
sacred scripture, https://media.signbsl.com/videos/asl/signlanguagestudent/mp4/scriptures.mp4
Sacred Trinity, https://media.signbsl.com/videos/asl/handsofgrace/mp4/guR9ozdPMt4.mp4
sacrifice, https://media.signbsl.com/videos/asl/ids/mp4/2013-11-4250-sacrifice-1500k-ase.mp4
sacrifice (give up), https://media.signbsl.com/videos/asl/signlanguagestudent/mp4/sacrifice%20(give%20up).mp4
sacrifice (offer), https://media.signbsl.com/videos/asl/signlanguagestudent/mp4/sacrifice%20(offer).mp4
Sacrifice Give-up Offer-up, NA
sacrifice give up, https://media.signbsl.com/videos/asl/signlanguagestudent/mp4/sacrifice%20(give%20up).mp4
sacrifice offer, https://media.signbsl.com/videos/asl/signlanguagestudent/mp4/sacrifice%20(offer).mp4
sacrilegious, https://player.vimeo.com/external/392422529.sd.mp4?s=e5b6690f9957064c694345f1ed8b0d68f86f4f1f&profile_id=164
sacristan, https://media.signbsl.com/videos/asl/youtube/mp4/Jq_HdcZA-bc.mp4
sacristies, https://media.signbsl.com/videos/asl/youtube/mp4/JaOVk6Kc1YY.mp4
sacristy, https://media.signbsl.com/videos/asl/youtube/mp4/JaOVk6Kc1YY.mp4
sacrosanct, https://media.signbsl.com/videos/asl/youtube/mp4/VEWUyQk4ptI.mp4
sad, https://media.signbsl.com/videos/asl/startasl/mp4/sad.mp4
Saddam, https://player.vimeo.com/external/392196642.sd.mp4?s=84c2a71898c3b9ba51e7ddbbfe74e78ba9817a41&profile_id=164
Saddam bin Hussein at Takriti, https://player.vimeo.com/external/392196642.sd.mp4?s=84c2a71898c3b9ba51e7ddbbfe74e78ba9817a41&profile_id=164
Saddam Hussein, https://player.vimeo.com/external/392196642.sd.mp4?s=84c2a71898c3b9ba51e7ddbbfe74e78ba9817a41&profile_id=164
sadden, https://media.signbsl.com/videos/asl/youtube/mp4/V1H--rH5rts.mp4
saddle, https://media.signbsl.com/videos/asl/aslsearch/mp4/saddle.mp4
saddler, https://media.signbsl.com/videos/asl/youtube/mp4/0nWkyhsmp84.mp4
Sadducee, https://media.signbsl.com/videos/asl/valleybible/mp4/Sadducees.mp4
sadducees, https://media.signbsl.com/videos/asl/valleybible/mp4/Sadducees.mp4
sadism, https://media.signbsl.com/videos/asl/youtube/mp4/UL0xuHMu1HI.mp4
sadly, https://media.signbsl.com/videos/asl/youtube/mp4/jrFu_tjXILY.mp4
sadomasochism, https://media.signbsl.com/videos/asl/youtube/mp4/_FvqC-bxLz0.mp4
sad sack, https://media.signbsl.com/videos/asl/youtube/mp4/kgTgJVKbq-Y.mp4
SAE (Society of American Engineers), https://media.signbsl.com/videos/asl/AustinCommunityCollege/mp4/auto_SAE_.mp4
sae society of american engineers, https://media.signbsl.com/videos/asl/AustinCommunityCollege/mp4/auto_SAE_.mp4
safari, https://media.signbsl.com/videos/asl/youtube/mp4/MOc9oRAGUQ4.mp4
safe, https://media.signbsl.com/videos/asl/aslsearch/mp4/safe.mp4
safeguard, https://media.signbsl.com/videos/asl/youtube/mp4/muZOGQ-JI5o.mp4
safer, https://media.signbsl.com/videos/asl/youtube/mp4/kspsExlqbzQ.mp4
safeties, https://media.signbsl.com/videos/asl/aslsearch/mp4/safety.mp4
safety, https://media.signbsl.com/videos/asl/aslsearch/mp4/safety.mp4
safety belt, https://media.signbsl.com/videos/asl/aslsearch/mp4/safety-belt.mp4
safety glass, https://media.signbsl.com/videos/asl/AustinCommunityCollege/mp4/weld_safety_glasses_.mp4
safety glasses, https://media.signbsl.com/videos/asl/AustinCommunityCollege/mp4/weld_safety_glasses_.mp4
safety harness, https://media.signbsl.com/videos/asl/aslsearch/mp4/safety-belt.mp4
safety pin, https://media.signbsl.com/videos/asl/youtube/mp4/iSRUHOhiSrg.mp4
sag, https://media.signbsl.com/videos/asl/youtube/mp4/FATt3_DatHg.mp4
saga, https://media.signbsl.com/videos/asl/youtube/mp4/SDfok9KGX0M.mp4
sage, https://media.signbsl.com/videos/asl/youtube/mp4/oGnKrKLlHNE.mp4
Sagebrush State, https://media.signbsl.com/videos/asl/youtube/mp4/7JLD6K9ygWc.mp4
sagging pants, https://media.signbsl.com/videos/asl/youtube/mp4/mYeHsevuCPo.mp4
sahib, https://media.signbsl.com/videos/asl/youtube/mp4/u3mKq6geY-g.mp4
said, https://player.vimeo.com/external/391152762.sd.mp4?s=da036db0ef4a24ca9b9282dfb2f83bfb0a78202f&profile_id=164
said to, https://media.signbsl.com/videos/asl/youtube/mp4/lEYL1i7h9HQ.mp4
sail, https://media.signbsl.com/videos/asl/aslsignbank/mp4/SAIL-987.mp4
sailboat, https://media.signbsl.com/videos/asl/youtube/mp4/5ho8NdXuveQ.mp4
sailing, https://player.vimeo.com/external/392144178.sd.mp4?s=98df1ce031d62ac9c0d2a263872f39300a6c0ca5&profile_id=164
sailing boat, https://media.signbsl.com/videos/asl/youtube/mp4/5ho8NdXuveQ.mp4
sailing master, https://media.signbsl.com/videos/asl/youtube/mp4/_mwnFZzvTGk.mp4
sail into, https://media.signbsl.com/videos/asl/youtube/mp4/ao28pBIZOx4.mp4
sailor, https://media.signbsl.com/videos/asl/aslsearch/mp4/sailor.mp4
sailor boy, https://media.signbsl.com/videos/asl/youtube/mp4/7QoAg7NDtF0.mp4
sailplaning, https://player.vimeo.com/external/392144178.sd.mp4?s=98df1ce031d62ac9c0d2a263872f39300a6c0ca5&profile_id=164
saint, https://media.signbsl.com/videos/asl/ids/mp4/2013-11-4260-saint-1500k-ase.mp4
sainted, https://media.signbsl.com/videos/asl/youtube/mp4/aFzyNO8h2DU.mp4
Saint George, https://media.signbsl.com/videos/asl/youtube/mp4/jIeoQzVb2D8.mp4
sainthood, https://media.signbsl.com/videos/asl/youtube/mp4/jMGBTsEEkf8.mp4
Saint Johns bread, https://media.signbsl.com/videos/asl/youtube/mp4/O-XzwayOpFQ.mp4
saintlier, https://media.signbsl.com/videos/asl/youtube/mp4/i1RHQGkAnow.mp4
saintlike, https://media.signbsl.com/videos/asl/youtube/mp4/aFzyNO8h2DU.mp4
Saint Louis, https://media.signbsl.com/videos/asl/elementalaslconcepts/mp4/gateway_to_the_west.mp4
saintly, https://media.signbsl.com/videos/asl/youtube/mp4/aFzyNO8h2DU.mp4
Saint Nick, https://media.signbsl.com/videos/asl/youtube/mp4/tp4AGGQymJ4.mp4
Saint Patrick, https://media.signbsl.com/videos/asl/youtube/mp4/p1YlezVEPjg.mp4
Saint Patricks Day, https://media.signbsl.com/videos/asl/aslsignbank/mp4/PINCH-901.mp4
Saint Paul, https://media.signbsl.com/videos/asl/valleybible/mp4/Paul-2.mp4
saints, https://media.signbsl.com/videos/asl/ids/mp4/2013-11-4260-saint-1500k-ase.mp4
Saint Thomas, https://media.signbsl.com/videos/asl/philosophy/mp4/Aquinas-HD.mp4
Saint Thomas Aquinas, https://media.signbsl.com/videos/asl/philosophy/mp4/Aquinas-HD.mp4
Saint Valentines Day, https://media.signbsl.com/videos/asl/startasl/mp4/valentines-day.mp4
Saint Vincent and the Grenadines, https://media.signbsl.com/videos/asl/youtube/mp4/LJFwhjJa4Y0.mp4
Sakartvelo, https://media.signbsl.com/videos/asl/mariekatzenbachschool/mp4/Georgia.mp4
sake, https://media.signbsl.com/videos/asl/youtube/mp4/0tMMoDFGQGI.mp4
salaam, https://media.signbsl.com/videos/asl/youtube/mp4/Q9FUoal5lb8.mp4
salacious, https://media.signbsl.com/videos/asl/youtube/mp4/dXG_ynLThps.mp4
salad, https://media.signbsl.com/videos/asl/aslsignbank/mp4/SALAD-988.mp4
salad dressing, https://media.signbsl.com/videos/asl/aslsearch/mp4/salad-dressing.mp4
salami, https://media.signbsl.com/videos/asl/youtube/mp4/fSrBAcM7f9Q.mp4
salaried, https://media.signbsl.com/videos/asl/youtube/mp4/0XEuBPUZ9G4.mp4
salary, https://media.signbsl.com/videos/asl/aslsearch/mp4/salary.mp4
sale, https://media.signbsl.com/videos/asl/signlanguagestudent/mp4/sale.mp4
saleroom, https://media.signbsl.com/videos/asl/youtube/mp4/matXQFtb-dc.mp4
sales booth, https://media.signbsl.com/videos/asl/youtube/mp4/rEB9WphCw1Y.mp4
salesclerk, https://media.signbsl.com/videos/asl/youtube/mp4/nxQ4lFlfDL0.mp4
salesgirl, https://media.signbsl.com/videos/asl/youtube/mp4/wE7GJxpZn_Q.mp4
saleslady, https://media.signbsl.com/videos/asl/youtube/mp4/wE7GJxpZn_Q.mp4
salesman, https://media.signbsl.com/videos/asl/youtube/mp4/CtIxT6jh9HE.mp4
salesmanship, https://media.signbsl.com/videos/asl/youtube/mp4/j0YjMmpM1lw.mp4
sales outlet, https://media.signbsl.com/videos/asl/youtube/mp4/adfVioKM4ag.mp4
salesperson, https://media.signbsl.com/videos/asl/aslsearch/mp4/salesperson.mp4
sales pitch, https://media.signbsl.com/videos/asl/youtube/mp4/goeyPyVtDGU.mp4
salesroom, https://media.signbsl.com/videos/asl/youtube/mp4/matXQFtb-dc.mp4
sales talk, https://media.signbsl.com/videos/asl/youtube/mp4/goeyPyVtDGU.mp4
sales tax, https://media.signbsl.com/videos/asl/tsdvideo/mp4/1552.mp4
saleswoman, https://media.signbsl.com/videos/asl/youtube/mp4/wE7GJxpZn_Q.mp4
salience, https://media.signbsl.com/videos/asl/youtube/mp4/06wZlwST5mE.mp4
saliency, https://media.signbsl.com/videos/asl/youtube/mp4/06wZlwST5mE.mp4
salient, https://media.signbsl.com/videos/asl/youtube/mp4/hfBI5gA3qJ4.mp4
salientian, https://media.signbsl.com/videos/asl/aslsignbank/mp4/FROG-137.mp4
saline, https://media.signbsl.com/videos/asl/youtube/mp4/_a4g1poTsY0.mp4
saline solution, https://media.signbsl.com/videos/asl/youtube/mp4/_a4g1poTsY0.mp4
salinity, https://media.signbsl.com/videos/asl/youtube/mp4/-fFhdMQF4Tc.mp4
saliva, https://media.signbsl.com/videos/asl/startasl/mp4/spit.mp4
salivate, https://media.signbsl.com/videos/asl/youtube/mp4/AmvVZzM9_aE.mp4
sallied forth, https://media.signbsl.com/videos/asl/youtube/mp4/yUFqRRIg-VI.mp4
salmagundi, https://media.signbsl.com/videos/asl/youtube/mp4/Lt-pbyuiqiI.mp4
salmon, https://media.signbsl.com/videos/asl/aslsearch/mp4/salmon.mp4
salmonella, https://media.signbsl.com/videos/asl/youtube/mp4/4q6BiRrh1lc.mp4
salmon pink, https://media.signbsl.com/videos/asl/startasl/mp4/peach.mp4
salon, https://media.signbsl.com/videos/asl/aslsearch/mp4/salon.mp4
saloon, https://media.signbsl.com/videos/asl/startasl/mp4/bar.mp4
salt, https://media.signbsl.com/videos/asl/startasl/mp4/salt.mp4
salt away, https://media.signbsl.com/videos/asl/aslsearch/mp4/store2.mp4
saltwater, https://media.signbsl.com/videos/asl/youtube/mp4/U1eTY8ZHFUo.mp4
salty, https://media.signbsl.com/videos/asl/youtube/mp4/fkJLIKqKfqQ.mp4
salutary, https://media.signbsl.com/videos/asl/youtube/mp4/-TeWJ0PThFU.mp4
salutation, https://media.signbsl.com/videos/asl/aslsignbank/mp4/HELLO-482.mp4
salutations, https://media.signbsl.com/videos/asl/aslsignbank/mp4/HELLO-482.mp4
salutatorian, https://media.signbsl.com/videos/asl/youtube/mp4/oASPhCeZXPg.mp4
salutatory speaker, https://media.signbsl.com/videos/asl/youtube/mp4/oASPhCeZXPg.mp4
salute, https://media.signbsl.com/videos/asl/youtube/mp4/jl1KUmbGF6A.mp4
saluter, https://media.signbsl.com/videos/asl/youtube/mp4/pCQ35h-XClo.mp4
Salvador, https://media.signbsl.com/videos/asl/youtube/mp4/2tczjT4EU8E.mp4
salvage, https://media.signbsl.com/videos/asl/aslsearch/mp4/save2.mp4
salvageable, https://media.signbsl.com/videos/asl/youtube/mp4/YjondFTHRB0.mp4
salvation, https://media.signbsl.com/videos/asl/signlanguagestudent/mp4/salvation.mp4
salve, https://media.signbsl.com/videos/asl/youtube/mp4/EHb-jCXCfHk.mp4
same, https://media.signbsl.com/videos/asl/tsdvideo/mp4/190.mp4
same as, https://media.signbsl.com/videos/asl/youtube/mp4/QLLdQWlrxuw.mp4
same as the other, https://media.signbsl.com/videos/asl/youtube/mp4/oLprD3cYgAI.mp4
same here, https://media.signbsl.com/videos/asl/aslsearch/mp4/same-here.mp4
same old, https://media.signbsl.com/videos/asl/youtube/mp4/dPQxeiONb7M.mp4
same same, https://media.signbsl.com/videos/asl/youtube/mp4/iIe0xbfvITE.mp4
Samoa, https://media.signbsl.com/videos/asl/youtube/mp4/boTGcozRNhQ.mp4
Samoan Islands, https://media.signbsl.com/videos/asl/youtube/mp4/boTGcozRNhQ.mp4
sample, https://media.signbsl.com/videos/asl/tsdvideo/mp4/1279.mp4
sampler, https://media.signbsl.com/videos/asl/youtube/mp4/FtUGrpfizHI.mp4
sampling distribution, https://media.signbsl.com/videos/asl/tsdvideo/mp4/1525.mp4
Sana, https://media.signbsl.com/videos/asl/youtube/mp4/Uv3finYXNIM.mp4
Sanaa, https://media.signbsl.com/videos/asl/youtube/mp4/Uv3finYXNIM.mp4
sanative, https://media.signbsl.com/videos/asl/aslsignbank/mp4/THERAPY-1206.mp4
sanatoria, https://media.signbsl.com/videos/asl/youtube/mp4/w7W-TV6-LEg.mp4
sanatorium, https://media.signbsl.com/videos/asl/youtube/mp4/PWhjU4vMZCc.mp4
sancta, https://media.signbsl.com/videos/asl/youtube/mp4/uNvR1JPNC-0.mp4
sanctification, https://media.signbsl.com/videos/asl/valleybible/mp4/sanctification.mp4
sanctify, https://media.signbsl.com/videos/asl/signlanguagestudent/mp4/sanctify.mp4
sanctifying grace, https://media.signbsl.com/videos/asl/handsofgrace/mp4/K6BCx1P7xNU.mp4
sanction, https://media.signbsl.com/videos/asl/aslsignbank/mp4/VALIDATE-1369.mp4
sanctity, https://media.signbsl.com/videos/asl/valleybible/mp4/holiness.mp4
sanctuaries, https://media.signbsl.com/videos/asl/youtube/mp4/5Gm_3N3BuOs.mp4
sanctuary, https://media.signbsl.com/videos/asl/youtube/mp4/5Gm_3N3BuOs.mp4
sanctum, https://media.signbsl.com/videos/asl/ids/mp4/2013-11-2240-holy-1500k-ase.mp4
sanctum sanctorum, https://media.signbsl.com/videos/asl/youtube/mp4/qIhWIB0Pw-Q.mp4
sand, https://media.signbsl.com/videos/asl/aslsearch/mp4/sand.mp4
sandal, https://media.signbsl.com/videos/asl/aslsearch/mp4/sandal.mp4
sandbag, https://media.signbsl.com/videos/asl/youtube/mp4/nFpttEV3J2Q.mp4
sandbox, https://media.signbsl.com/videos/asl/aslsearch/mp4/sandbox.mp4
sandcastle, https://media.signbsl.com/videos/asl/aslsearch/mp4/sandcastle.mp4
sand dune, https://media.signbsl.com/videos/asl/youtube/mp4/EHsCvTs87DY.mp4
sander, https://media.signbsl.com/videos/asl/youtube/mp4/7XM6o6jvBIg.mp4
sandier, https://media.signbsl.com/videos/asl/youtube/mp4/ToC5n-mod-Q.mp4
sandman, https://media.signbsl.com/videos/asl/youtube/mp4/zMgWqXmTvsc.mp4
sandpaper, https://media.signbsl.com/videos/asl/youtube/mp4/6NoqM6CNRJk.mp4
sandpile, https://media.signbsl.com/videos/asl/aslsearch/mp4/sandbox.mp4
sands, https://media.signbsl.com/videos/asl/youtube/mp4/51irRXcDkls.mp4
sandstorm, https://player.vimeo.com/external/392672292.sd.mp4?s=b9f9bdf7c7e215c1fbe6367530aa3456e28c36c8&profile_id=164
sandwich, https://media.signbsl.com/videos/asl/startasl/mp4/sandwich.mp4
sandy, https://media.signbsl.com/videos/asl/youtube/mp4/6pjpym0O8NQ.mp4
sane, https://media.signbsl.com/videos/asl/aslsearch/mp4/sane.mp4
saner, https://media.signbsl.com/videos/asl/youtube/mp4/Zp7gRSB1wPc.mp4
sang froid, https://media.signbsl.com/videos/asl/youtube/mp4/diy7tyHxllA.mp4
sanguine, https://media.signbsl.com/videos/asl/youtube/mp4/HIOeJZJkIeI.mp4
sanitarian, https://media.signbsl.com/videos/asl/youtube/mp4/63CVEP0CzTc.mp4
sanitation, https://media.signbsl.com/videos/asl/youtube/mp4/vcgQkwsBl40.mp4
sanitisation, https://media.signbsl.com/videos/asl/youtube/mp4/vcgQkwsBl40.mp4
sanitise, https://media.signbsl.com/videos/asl/youtube/mp4/fasx_r0yJCA.mp4
sanitiser, https://media.signbsl.com/videos/asl/youtube/mp4/rN9bnm419rw.mp4
sanitization, https://media.signbsl.com/videos/asl/youtube/mp4/vcgQkwsBl40.mp4
sanitize, https://media.signbsl.com/videos/asl/youtube/mp4/fasx_r0yJCA.mp4
sank, https://media.signbsl.com/videos/asl/youtube/mp4/_VlesiblXsY.mp4
sank into, https://media.signbsl.com/videos/asl/youtube/mp4/F8lWJLOVFdg.mp4
San Marino, https://media.signbsl.com/videos/asl/youtube/mp4/c3HkhbZRHLA.mp4
santa, https://media.signbsl.com/videos/asl/youtube/mp4/itJ428btBLI.mp4
Santa Claus, https://media.signbsl.com/videos/asl/youtube/mp4/tp4AGGQymJ4.mp4
Santiago, https://media.signbsl.com/videos/asl/youtube/mp4/JrQz4w-WPyw.mp4
Santiago de Cuba, https://media.signbsl.com/videos/asl/youtube/mp4/JrQz4w-WPyw.mp4
sap, https://media.signbsl.com/videos/asl/aslsearch/mp4/sap.mp4
sapidity, https://player.vimeo.com/external/392436550.sd.mp4?s=0b1eba7f3d8c336c199765f65c0140e685c027ef&profile_id=164
sapless, https://media.signbsl.com/videos/asl/youtube/mp4/jpn0a5rTRa8.mp4
sapphire, https://media.signbsl.com/videos/asl/youtube/mp4/Q699kuLyZIg.mp4
sappiness, https://media.signbsl.com/videos/asl/youtube/mp4/pguvI2VvBy4.mp4
Sapporo, https://media.signbsl.com/videos/asl/youtube/mp4/vDJPVsE5QvU.mp4
sappy, https://media.signbsl.com/videos/asl/startasl/mp4/silly.mp4
saprophyte, https://media.signbsl.com/videos/asl/youtube/mp4/mH9IP3KB3W8.mp4
saprophytic organism, https://media.signbsl.com/videos/asl/youtube/mp4/mH9IP3KB3W8.mp4
Saratoga chip, https://media.signbsl.com/videos/asl/aslsearch/mp4/chip.mp4
sarcasm, https://media.signbsl.com/videos/asl/aslsearch/mp4/irony.mp4
sarcastic, https://media.signbsl.com/videos/asl/aslsearch/mp4/sarcastic.mp4
sardine, https://media.signbsl.com/videos/asl/youtube/mp4/UFlcvORfZA8.mp4
sardonic, https://media.signbsl.com/videos/asl/youtube/mp4/VGjSoSv3hwQ.mp4
sarge, https://media.signbsl.com/videos/asl/youtube/mp4/gEYcjcng6Yg.mp4
sartorial, https://media.signbsl.com/videos/asl/youtube/mp4/WSNgGpjO4Og.mp4
Sartre, https://media.signbsl.com/videos/asl/philosophy/mp4/Sartre-HD.mp4
sash, https://media.signbsl.com/videos/asl/aslsearch/mp4/sash.mp4
sashay, https://media.signbsl.com/videos/asl/aslsearch/mp4/excursion.mp4
sass, https://media.signbsl.com/videos/asl/youtube/mp4/CI9rtlxeyJQ.mp4
sassing, https://media.signbsl.com/videos/asl/youtube/mp4/CI9rtlxeyJQ.mp4
sassy, https://player.vimeo.com/external/392195057.sd.mp4?s=0ab621937c502a1478a8b46ef785e8f033a47c0b&profile_id=164
Sat, https://media.signbsl.com/videos/asl/startasl/mp4/saturday.mp4
Satan, https://media.signbsl.com/videos/asl/ids/mp4/2013-11-1270-devil-satan-advesrary-lucifer-1500k-ase.mp4
satanic, https://media.signbsl.com/videos/asl/youtube/mp4/qLpYTL83C4w.mp4
sat around, https://media.signbsl.com/videos/asl/youtube/mp4/f6RDVNlKa8E.mp4
sat back, https://media.signbsl.com/videos/asl/youtube/mp4/Z3TsOq9OZkQ.mp4
satchel, https://media.signbsl.com/videos/asl/youtube/mp4/r-iLI1tMNL4.mp4
sate, https://media.signbsl.com/videos/asl/youtube/mp4/C6KOXQ7v0-w.mp4
satellite, https://media.signbsl.com/videos/asl/aslsearch/mp4/satellite.mp4
satiable, https://media.signbsl.com/videos/asl/youtube/mp4/KiXXvdEbbRk.mp4
satiate, https://media.signbsl.com/videos/asl/youtube/mp4/EnExJmA5Af4.mp4
satin, https://media.signbsl.com/videos/asl/youtube/mp4/IT3lKfZ6Wu8.mp4
sat in for, https://media.signbsl.com/videos/asl/youtube/mp4/r9N8KlfEgIQ.mp4
satiny, https://media.signbsl.com/videos/asl/youtube/mp4/SfLGEXt-VdU.mp4
satire, https://media.signbsl.com/videos/asl/aslsearch/mp4/irony.mp4
satirist, https://media.signbsl.com/videos/asl/youtube/mp4/sHDGAH5XfVc.mp4
satisfaction, https://media.signbsl.com/videos/asl/youtube/mp4/aw5EVPODHzg.mp4
satisfiable, https://media.signbsl.com/videos/asl/youtube/mp4/KiXXvdEbbRk.mp4
satisfied, https://media.signbsl.com/videos/asl/youtube/mp4/HCmptFV_Pn4.mp4
satisfy, https://media.signbsl.com/videos/asl/aslsearch/mp4/satisfy.mp4
saturate, https://media.signbsl.com/videos/asl/youtube/mp4/bOI-Hk2K5Ac.mp4
saturated, https://media.signbsl.com/videos/asl/elementalaslconcepts/mp4/saturated.mp4
saturation, https://media.signbsl.com/videos/asl/youtube/mp4/3NYEzXNfkR0.mp4
Saturday, https://media.signbsl.com/videos/asl/startasl/mp4/saturday.mp4
Saturn, https://media.signbsl.com/videos/asl/youtube/mp4/UeKw0km2pXM.mp4
saturnalia, https://media.signbsl.com/videos/asl/youtube/mp4/ieO7kFDFEsk.mp4
saturnine, https://media.signbsl.com/videos/asl/youtube/mp4/HM-daTl4YH8.mp4
satyr, https://media.signbsl.com/videos/asl/youtube/mp4/lag6yPbOfeI.mp4
sauce, https://media.signbsl.com/videos/asl/aslsearch/mp4/sauce.mp4
sauced, https://media.signbsl.com/videos/asl/youtube/mp4/XUuI5qkXv3M.mp4
saucer, https://media.signbsl.com/videos/asl/aslsignbank/mp4/FRISBEE-2640.mp4
saucy, https://player.vimeo.com/external/392195057.sd.mp4?s=0ab621937c502a1478a8b46ef785e8f033a47c0b&profile_id=164
Saudi Arabia, https://media.signbsl.com/videos/asl/youtube/mp4/lnu4U5Tun24.mp4
Saul, https://media.signbsl.com/videos/asl/valleybible/mp4/Paul-2.mp4
Saul of Tarsus, https://media.signbsl.com/videos/asl/valleybible/mp4/Paul-2.mp4
saunter, https://media.signbsl.com/videos/asl/aslsignbank/mp4/WALK-1407.mp4
sausage, https://media.signbsl.com/videos/asl/aslsignbank/mp4/HOTDOG-372.mp4
saute, https://media.signbsl.com/videos/asl/youtube/mp4/2WyZjHujok0.mp4
savage, https://media.signbsl.com/videos/asl/youtube/mp4/kaMlHa2bs8M.mp4
savant, https://media.signbsl.com/videos/asl/youtube/mp4/JPXtMUOsxsc.mp4
save, https://media.signbsl.com/videos/asl/aslsearch/mp4/redeem.mp4
saved, https://media.signbsl.com/videos/asl/youtube/mp4/5kRYujr4UEU.mp4
saver, https://media.signbsl.com/videos/asl/youtube/mp4/p9kbwloLOYQ.mp4
saving, https://media.signbsl.com/videos/asl/youtube/mp4/33tfRCT-99E.mp4
savings, https://media.signbsl.com/videos/asl/startasl/mp4/savings.mp4
Savior, https://media.signbsl.com/videos/asl/startasl/mp4/jesus.mp4
Saviour, https://media.signbsl.com/videos/asl/startasl/mp4/jesus.mp4
savor, https://media.signbsl.com/videos/asl/startasl/mp4/enjoy.mp4
savories, https://media.signbsl.com/videos/asl/youtube/mp4/ZqqKO-_oWYs.mp4
savorless, https://media.signbsl.com/videos/asl/youtube/mp4/b0S33yHhjCk.mp4
savory, https://media.signbsl.com/videos/asl/youtube/mp4/ZqqKO-_oWYs.mp4
savour, https://media.signbsl.com/videos/asl/startasl/mp4/enjoy.mp4
savourless, https://media.signbsl.com/videos/asl/youtube/mp4/b0S33yHhjCk.mp4
savoury, https://media.signbsl.com/videos/asl/youtube/mp4/ZqqKO-_oWYs.mp4
savvy, https://media.signbsl.com/videos/asl/aslsignbank/mp4/UNDERSTAND-311.mp4
saw, https://media.signbsl.com/videos/asl/aslsignbank/mp4/SAW-331.mp4
sawbones, https://media.signbsl.com/videos/asl/startasl/mp4/surgeon.mp4
sawdust, https://media.signbsl.com/videos/asl/youtube/mp4/tN0WFXyn07o.mp4
sawing machine, https://media.signbsl.com/videos/asl/youtube/mp4/-ZgF--_Xwj0.mp4
saw logs, https://media.signbsl.com/videos/asl/youtube/mp4/PvOdfCoYfkQ.mp4
saw off, https://media.signbsl.com/videos/asl/youtube/mp4/DO4AMT5b-ko.mp4
saw see, https://media.signbsl.com/videos/asl/signlanguagestudent/mp4/saw-see.mp4
saw to saw, https://media.signbsl.com/videos/asl/signlanguagestudent/mp4/saw-to-saw.mp4
saw wood, https://media.signbsl.com/videos/asl/youtube/mp4/PvOdfCoYfkQ.mp4
sax, https://media.signbsl.com/videos/asl/aslsearch/mp4/saxophone.mp4
saxaphonist, https://media.signbsl.com/videos/asl/youtube/mp4/IRsAwC9RBwM.mp4
saxophone, https://media.signbsl.com/videos/asl/aslsearch/mp4/saxophone.mp4
say, https://media.signbsl.com/videos/asl/aslsignbank/mp4/SAY-536.mp4
saying, https://media.signbsl.com/videos/asl/aslsearch/mp4/expression.mp4
sayonara, https://media.signbsl.com/videos/asl/startasl/mp4/bye.mp4
say so, https://media.signbsl.com/videos/asl/ids/mp4/2013-11-420-authority-1500k-ase.mp4
say sorry, https://media.signbsl.com/videos/asl/youtube/mp4/zQ9dhZ7-RFY.mp4
say to, https://media.signbsl.com/videos/asl/aslsignbank/mp4/TELL-1189.mp4
SB, https://media.signbsl.com/videos/asl/aslsignbank/mp4/BULLSHIT-2138.mp4
SC, https://media.signbsl.com/videos/asl/youtube/mp4/EHI04FRi2FI.mp4
scab, https://media.signbsl.com/videos/asl/youtube/mp4/ZEoGhzM5CoU.mp4
scabby, https://media.signbsl.com/videos/asl/youtube/mp4/U2wXmhFZN_A.mp4
scabrous, https://media.signbsl.com/videos/asl/youtube/mp4/HqAwY40VIF0.mp4
scads, https://media.signbsl.com/videos/asl/aslsignbank/mp4/AUDIENCE-2081.mp4
scaffold, https://media.signbsl.com/videos/asl/youtube/mp4/285ca0m1gko.mp4
scalage, https://media.signbsl.com/videos/asl/youtube/mp4/XmE4KyBAcsA.mp4
scalawag, https://media.signbsl.com/videos/asl/youtube/mp4/bFAM7_C-VLM.mp4
scald, https://media.signbsl.com/videos/asl/youtube/mp4/gDqIDNacSwQ.mp4
scalding, https://media.signbsl.com/videos/asl/youtube/mp4/okpzIKk9QrM.mp4
scale, https://media.signbsl.com/videos/asl/aslsearch/mp4/scale.mp4
scale back, https://media.signbsl.com/videos/asl/youtube/mp4/PAQgDO-aSBQ.mp4
scale down, https://media.signbsl.com/videos/asl/youtube/mp4/uX66tytZis0.mp4
scale drawing, https://media.signbsl.com/videos/asl/tsdvideo/mp4/347.mp4
scale factor, https://media.signbsl.com/videos/asl/tsdvideo/mp4/569.mp4
scaleless, https://media.signbsl.com/videos/asl/youtube/mp4/dwRY1Z_rJ4w.mp4
scalene triangle, https://media.signbsl.com/videos/asl/tsdvideo/mp4/313.mp4
scale of measurement, https://media.signbsl.com/videos/asl/aslsearch/mp4/scale.mp4
scalier, https://media.signbsl.com/videos/asl/youtube/mp4/4k7P2AF_DZE.mp4
scaliness, https://media.signbsl.com/videos/asl/youtube/mp4/4NadbI8ciNo.mp4
scaling, https://media.signbsl.com/videos/asl/youtube/mp4/c0a_wpCLG40.mp4
scallop, https://player.vimeo.com/external/391915520.sd.mp4?s=cfc0849c00434a776cf8dfbd0123f6e9bb420278&profile_id=164
scallywag, https://media.signbsl.com/videos/asl/youtube/mp4/bFAM7_C-VLM.mp4
scalp, https://media.signbsl.com/videos/asl/aslsearch/mp4/scalp.mp4
scalper, https://media.signbsl.com/videos/asl/youtube/mp4/Q_zaN7TlQWk.mp4
scam, https://media.signbsl.com/videos/asl/youtube/mp4/Cd9T89mYqPk.mp4
scammer, https://media.signbsl.com/videos/asl/youtube/mp4/4XE_iwb-gT0.mp4
scamp, https://media.signbsl.com/videos/asl/youtube/mp4/mjRhZFlno1o.mp4
scamper, https://media.signbsl.com/videos/asl/youtube/mp4/dU8kzot0p6w.mp4
scan, https://media.signbsl.com/videos/asl/aslsearch/mp4/scan.mp4
scandal, https://media.signbsl.com/videos/asl/youtube/mp4/ktb3pOWN6FQ.mp4
Scandinavia, https://media.signbsl.com/videos/asl/youtube/mp4/s-ph2orDGh8.mp4
scanner, https://media.signbsl.com/videos/asl/mariekatzenbachschool/mp4/scanner.mp4
scant, https://media.signbsl.com/videos/asl/youtube/mp4/5T41p4j2nMY.mp4
scantily, https://media.signbsl.com/videos/asl/youtube/mp4/ZMXIKB0X6EE.mp4
scan tool, https://media.signbsl.com/videos/asl/AustinCommunityCollege/mp4/auto_scan_tool_.mp4
scanty, https://media.signbsl.com/videos/asl/youtube/mp4/ItTyRcxrx-I.mp4
scapegoat, https://media.signbsl.com/videos/asl/youtube/mp4/K7Z45TlphQs.mp4
scar, https://media.signbsl.com/videos/asl/aslsearch/mp4/scar.mp4
scarce, https://media.signbsl.com/videos/asl/aslsignbank/mp4/BARELY-650.mp4
scarcely, https://media.signbsl.com/videos/asl/aslsignbank/mp4/BARELY-650.mp4
scarceness, https://media.signbsl.com/videos/asl/elementalaslconcepts/mp4/scarcity.mp4
scarcity, https://media.signbsl.com/videos/asl/elementalaslconcepts/mp4/scarcity.mp4
scare, https://player.vimeo.com/external/392677613.sd.mp4?s=7c20fb00f99b3faa67c3644be9b650e902daadf4&profile_id=164
scare away, https://media.signbsl.com/videos/asl/youtube/mp4/_EXy0sNHGBc.mp4
scarecrow, https://media.signbsl.com/videos/asl/youtube/mp4/isgXpdfxocg.mp4
scared, https://media.signbsl.com/videos/asl/startasl/mp4/scared.mp4
scaremonger, https://media.signbsl.com/videos/asl/youtube/mp4/Ecl_0yjt6tY.mp4
scare off, https://media.signbsl.com/videos/asl/youtube/mp4/_EXy0sNHGBc.mp4
scarer, https://media.signbsl.com/videos/asl/youtube/mp4/isgXpdfxocg.mp4
scarey, https://media.signbsl.com/videos/asl/youtube/mp4/GGia-_aStrg.mp4
scarf, https://media.signbsl.com/videos/asl/aslsearch/mp4/scarf.mp4
scarf out, https://media.signbsl.com/videos/asl/youtube/mp4/EnExJmA5Af4.mp4
scarlet, https://media.signbsl.com/videos/asl/startasl/mp4/red.mp4
scarp, https://media.signbsl.com/videos/asl/youtube/mp4/LWc01UqU18g.mp4
scarper, https://media.signbsl.com/videos/asl/youtube/mp4/iIPGD4v85NU.mp4
scary, https://media.signbsl.com/videos/asl/youtube/mp4/GGia-_aStrg.mp4
scat, https://media.signbsl.com/videos/asl/youtube/mp4/WmrU39fi7gU.mp4
scathing, https://media.signbsl.com/videos/asl/youtube/mp4/okpzIKk9QrM.mp4
scatologist, https://media.signbsl.com/videos/asl/youtube/mp4/pVTRm2tPTNs.mp4
scat singing, https://media.signbsl.com/videos/asl/youtube/mp4/WmrU39fi7gU.mp4
scatter, https://media.signbsl.com/videos/asl/aslsearch/mp4/scatter.mp4
scatterbrained, https://media.signbsl.com/videos/asl/youtube/mp4/7CMBaEF26HM.mp4
scattered, https://media.signbsl.com/videos/asl/youtube/mp4/2a3tVs49KHg.mp4
scattered rain, https://player.vimeo.com/external/392747114.sd.mp4?s=2a66a86756f3f26637c84f8ce3ea5fb1ec3d45c8&profile_id=164
scattered snow, https://player.vimeo.com/external/392747202.sd.mp4?s=ec607e14ccb2e205f9655cef37a9df4187adf570&profile_id=164
scatter plot, https://media.signbsl.com/videos/asl/tsdvideo/mp4/570.mp4
scatty, https://player.vimeo.com/external/391145710.sd.mp4?s=2af9dd59cc069c85be5012987685839e5bb8389d&profile_id=164
scavenge, https://media.signbsl.com/videos/asl/youtube/mp4/WXfeS7KFl7U.mp4
scavenger, https://media.signbsl.com/videos/asl/elementalaslconcepts/mp4/scavenger.mp4
scavenger cell, https://media.signbsl.com/videos/asl/youtube/mp4/k6sXgRlFbwA.mp4
scene, https://media.signbsl.com/videos/asl/elementalaslconcepts/mp4/setting.mp4
scenery, https://media.signbsl.com/videos/asl/youtube/mp4/n36hvgT3a6E.mp4
scenic, https://media.signbsl.com/videos/asl/youtube/mp4/ila1ov6HUBs.mp4
scent, https://media.signbsl.com/videos/asl/aslsignbank/mp4/SMELL-1076.mp4
sceptic, https://media.signbsl.com/videos/asl/aslsearch/mp4/skeptic.mp4
sceptical, https://media.signbsl.com/videos/asl/youtube/mp4/yRzrz6SvoAE.mp4
schedule, https://media.signbsl.com/videos/asl/signlanguagestudent/mp4/schedule.mp4
scheduler, https://media.signbsl.com/videos/asl/youtube/mp4/MhF9ICEQmhs.mp4
scheme, https://media.signbsl.com/videos/asl/aslsignbank/mp4/SYSTEM-1156.mp4
scheming, https://media.signbsl.com/videos/asl/aslsignbank/mp4/i(rub-hands)-1802.mp4
Scheol, https://media.signbsl.com/videos/asl/valleybible/mp4/Hades.mp4
schism, https://media.signbsl.com/videos/asl/youtube/mp4/J_nwoI4m2bA.mp4
schizo, https://media.signbsl.com/videos/asl/youtube/mp4/JMlFbXomomk.mp4
schizophrenia, https://media.signbsl.com/videos/asl/youtube/mp4/MngfzI73A-4.mp4
schizophrenic disorder, https://media.signbsl.com/videos/asl/youtube/mp4/MngfzI73A-4.mp4
schizophrenic psychosis, https://media.signbsl.com/videos/asl/youtube/mp4/MngfzI73A-4.mp4
schmal, https://media.signbsl.com/videos/asl/youtube/mp4/VYONOcBrgxM.mp4
schmoozer, https://media.signbsl.com/videos/asl/youtube/mp4/txDwIFMAqt8.mp4
schnorchel, https://media.signbsl.com/videos/asl/youtube/mp4/A5ntDeXJ5P8.mp4
schnorkel, https://media.signbsl.com/videos/asl/youtube/mp4/A5ntDeXJ5P8.mp4
schnorr, https://media.signbsl.com/videos/asl/youtube/mp4/eL33MwyfV-c.mp4
schnoz, https://media.signbsl.com/videos/asl/youtube/mp4/c_ezVdZFJqk.mp4
schnozzle, https://media.signbsl.com/videos/asl/youtube/mp4/c_ezVdZFJqk.mp4
scholar, https://media.signbsl.com/videos/asl/youtube/mp4/A-Yf7MmxluM.mp4
scholarly person, https://media.signbsl.com/videos/asl/youtube/mp4/A-Yf7MmxluM.mp4
scholarship, https://media.signbsl.com/videos/asl/youtube/mp4/ofkfThoqRYY.mp4
scholastic, https://media.signbsl.com/videos/asl/youtube/mp4/cEUUIim6wvk.mp4
school, https://media.signbsl.com/videos/asl/startasl/mp4/school.mp4
school age child, https://media.signbsl.com/videos/asl/youtube/mp4/BchVooFbRH0.mp4
school assignment, https://media.signbsl.com/videos/asl/youtube/mp4/aLI0b1l9cQQ.mp4
schoolbag, https://media.signbsl.com/videos/asl/youtube/mp4/Xc4JRNmSurc.mp4
schoolbook, https://media.signbsl.com/videos/asl/youtube/mp4/bZADrjmVkCc.mp4
schoolboy, https://media.signbsl.com/videos/asl/youtube/mp4/w0s4LWpa9so.mp4
schoolboyish, https://media.signbsl.com/videos/asl/youtube/mp4/RVMNeuyJX9w.mp4
schoolchild, https://media.signbsl.com/videos/asl/youtube/mp4/BchVooFbRH0.mp4
school crossing, https://media.signbsl.com/videos/asl/aslsearch/mp4/school-crossing.mp4
schoolday, NA
schoolfellow, https://media.signbsl.com/videos/asl/aslsearch/mp4/classmate.mp4
schoolgirl, https://media.signbsl.com/videos/asl/youtube/mp4/oUatIOvk600.mp4
schoolhouse, https://media.signbsl.com/videos/asl/youtube/mp4/Uj2Ocr3cVBw.mp4
schoolmaam, https://media.signbsl.com/videos/asl/youtube/mp4/BuZMpX1SiTo.mp4
schoolmarm, https://media.signbsl.com/videos/asl/youtube/mp4/BuZMpX1SiTo.mp4
schoolmaster, https://media.signbsl.com/videos/asl/ids/mp4/2013-11-2890-master-1500k-ase.mp4
schoolmate, https://media.signbsl.com/videos/asl/aslsearch/mp4/classmate.mp4
schoolmistress, https://media.signbsl.com/videos/asl/youtube/mp4/BuZMpX1SiTo.mp4
school of nursing, https://media.signbsl.com/videos/asl/aslsearch/mp4/nursing-school.mp4
school of thought, https://media.signbsl.com/videos/asl/signlanguagestudent/mp4/doctrine.mp4
school principal, https://media.signbsl.com/videos/asl/aslsignbank/mp4/PRINCIPAL-932.mp4
schoolroom, https://media.signbsl.com/videos/asl/startasl/mp4/classroom.mp4
school text, https://media.signbsl.com/videos/asl/youtube/mp4/bZADrjmVkCc.mp4
school transcript, https://media.signbsl.com/videos/asl/youtube/mp4/Uxncb3czbIU.mp4
schoolwork, https://media.signbsl.com/videos/asl/youtube/mp4/aLI0b1l9cQQ.mp4
schoolyard, https://media.signbsl.com/videos/asl/youtube/mp4/9wWRLA1MnIc.mp4
schrader valvestem, https://media.signbsl.com/videos/asl/AustinCommunityCollege/mp4/auto_schrader_valve_.mp4
Schutzstaffel, https://media.signbsl.com/videos/asl/aslsearch/mp4/ss.mp4
Schweiz, https://media.signbsl.com/videos/asl/youtube/mp4/4CwQ3J7Fo5I.mp4
science, https://media.signbsl.com/videos/asl/startasl/mp4/science.mp4
science lab, https://media.signbsl.com/videos/asl/aslsearch/mp4/laboratory.mp4
science laboratory, https://media.signbsl.com/videos/asl/aslsearch/mp4/laboratory.mp4
scientific discipline, https://media.signbsl.com/videos/asl/startasl/mp4/science.mp4
scientific notation, https://media.signbsl.com/videos/asl/tsdvideo/mp4/571.mp4
scientist, https://media.signbsl.com/videos/asl/startasl/mp4/scientist.mp4
scintilla, https://media.signbsl.com/videos/asl/aslsearch/mp4/shred.mp4
scintillate, https://player.vimeo.com/external/392538822.sd.mp4?s=f366cb87dabf3339a83aadaa7170fd2e1eea0a14&profile_id=164
sciolist, https://media.signbsl.com/videos/asl/youtube/mp4/ZGnAgPzkYZY.mp4
scissor, https://media.signbsl.com/videos/asl/youtube/mp4/v1bwVHFTvHU.mp4
scissors, https://media.signbsl.com/videos/asl/startasl/mp4/scissors.mp4
scoff, https://media.signbsl.com/videos/asl/aslsearch/mp4/jeer.mp4
scold, https://media.signbsl.com/videos/asl/startasl/mp4/yell.mp4
scolded me, https://media.signbsl.com/videos/asl/youtube/mp4/rLmDOdQn4VE.mp4
scollop, https://player.vimeo.com/external/391915520.sd.mp4?s=cfc0849c00434a776cf8dfbd0123f6e9bb420278&profile_id=164
sconce, https://media.signbsl.com/videos/asl/youtube/mp4/ZYVw4NOA894.mp4
scoop, https://media.signbsl.com/videos/asl/aslsearch/mp4/scoop.mp4
scoopful, https://media.signbsl.com/videos/asl/youtube/mp4/Cwb4ASz8PZ8.mp4
scoop out, https://media.signbsl.com/videos/asl/aslsearch/mp4/scoop.mp4
scoop up, https://media.signbsl.com/videos/asl/aslsearch/mp4/scoop.mp4
scoot, https://media.signbsl.com/videos/asl/youtube/mp4/6rndiaQBhys.mp4
scooter, https://media.signbsl.com/videos/asl/aslbricks/mp4/scooter.mp4
scope, https://media.signbsl.com/videos/asl/youtube/mp4/jWqlRjTkohk.mp4
scorch, https://media.signbsl.com/videos/asl/youtube/mp4/Y1eOPUr-fus.mp4
scorched, https://media.signbsl.com/videos/asl/youtube/mp4/6htVsSJ7vIk.mp4
scorching, https://media.signbsl.com/videos/asl/youtube/mp4/Ewj09I2-b4U.mp4
score, https://media.signbsl.com/videos/asl/aslsearch/mp4/score.mp4
score basketball, https://media.signbsl.com/videos/asl/youtube/mp4/h-GkTVSK-BU.mp4
scoreboard, https://media.signbsl.com/videos/asl/aslsearch/mp4/scoreboard.mp4
scorekeeper, https://media.signbsl.com/videos/asl/youtube/mp4/9aPppPf_JIk.mp4
scoreless, https://media.signbsl.com/videos/asl/youtube/mp4/mq6-gLBbl6c.mp4
scoreline, https://media.signbsl.com/videos/asl/youtube/mp4/Qi5g35Q-nZU.mp4
scorer, https://media.signbsl.com/videos/asl/youtube/mp4/9aPppPf_JIk.mp4
scores, https://media.signbsl.com/videos/asl/aslsignbank/mp4/AUDIENCE-2081.mp4
scoria, https://media.signbsl.com/videos/asl/AustinCommunityCollege/mp4/weld_slag_.mp4
scorn, https://media.signbsl.com/videos/asl/aslsearch/mp4/despise.mp4
scornful, https://media.signbsl.com/videos/asl/youtube/mp4/fWOLGeOfeys.mp4
Scorpio, https://media.signbsl.com/videos/asl/aslsearch/mp4/scorpion.mp4
Scorpion, https://media.signbsl.com/videos/asl/aslsearch/mp4/scorpion.mp4
scotch, https://media.signbsl.com/videos/asl/aslsearch/mp4/frustrate.mp4
Scotland, https://media.signbsl.com/videos/asl/startasl/mp4/scotland.mp4
Scottish Highlander, https://media.signbsl.com/videos/asl/youtube/mp4/yRyekvj24J8.mp4
scoundrel, https://media.signbsl.com/videos/asl/aslsearch/mp4/villain.mp4
scour, https://media.signbsl.com/videos/asl/aslsignbank/mp4/WASH-316.mp4
scourge, https://media.signbsl.com/videos/asl/youtube/mp4/blMo3kncXfg.mp4
scout, https://media.signbsl.com/videos/asl/aslsearch/mp4/scout.mp4
scoutmaster, https://media.signbsl.com/videos/asl/youtube/mp4/31J_PIm3wMk.mp4
scouts, https://media.signbsl.com/videos/asl/aslsearch/mp4/scout.mp4
scowl, https://media.signbsl.com/videos/asl/aslsignbank/mp4/FROWN-2215.mp4
scrabble, https://media.signbsl.com/videos/asl/youtube/mp4/eX5LZc6hn-M.mp4
scraggier, https://media.signbsl.com/videos/asl/youtube/mp4/aOQ_vZQEYCs.mp4
scragglier, https://media.signbsl.com/videos/asl/youtube/mp4/6h6jlBSco3w.mp4
scraggly, https://media.signbsl.com/videos/asl/youtube/mp4/t-Gcn99tBxk.mp4
scraggy, https://media.signbsl.com/videos/asl/aslsignbank/mp4/SKINNY-2197.mp4
scram, https://media.signbsl.com/videos/asl/youtube/mp4/L4jASRM4BOk.mp4
scramble, https://media.signbsl.com/videos/asl/aslsearch/mp4/scramble.mp4
scrambled egg, https://player.vimeo.com/external/392747323.sd.mp4?s=5ac518e3a96255fc661f18161c871d4d85769b1b&profile_id=164
scrambled eggs, https://player.vimeo.com/external/392747323.sd.mp4?s=5ac518e3a96255fc661f18161c871d4d85769b1b&profile_id=164
scrambler, https://media.signbsl.com/videos/asl/youtube/mp4/cLCecCKfH7w.mp4
scrap, https://media.signbsl.com/videos/asl/startasl/mp4/fight.mp4
scrape, https://media.signbsl.com/videos/asl/aslsearch/mp4/abrasion.mp4
scrap paper, https://media.signbsl.com/videos/asl/youtube/mp4/Jk24cUcG_b4.mp4
scrapper, https://media.signbsl.com/videos/asl/youtube/mp4/Ik1oSOrGUBE.mp4
scrappy, https://media.signbsl.com/videos/asl/youtube/mp4/F6SYfJvQFv0.mp4
scraps, NA
scratch, https://media.signbsl.com/videos/asl/aslsearch/mp4/abrasion.mp4
scratch on sides, https://media.signbsl.com/videos/asl/youtube/mp4/xZH3rj5kVbE.mp4
scratch up, https://media.signbsl.com/videos/asl/youtube/mp4/UWxK7rfjePE.mp4
scratchy, https://media.signbsl.com/videos/asl/youtube/mp4/Duk8St-gE7E.mp4
scrawl, https://media.signbsl.com/videos/asl/youtube/mp4/mEfFy7w59GA.mp4
scrawniness, https://media.signbsl.com/videos/asl/youtube/mp4/8HU9stRqWoA.mp4
scrawny, https://media.signbsl.com/videos/asl/aslsignbank/mp4/SKINNY-2197.mp4
screak, https://media.signbsl.com/videos/asl/youtube/mp4/tIa-8IRuO5A.mp4
scream, https://media.signbsl.com/videos/asl/aslsearch/mp4/call3.mp4
scream from head and mouth, https://media.signbsl.com/videos/asl/youtube/mp4/Km9I8lSzYHs.mp4
screaming, https://player.vimeo.com/external/392179467.sd.mp4?s=febf9ecc924f4d27a8def7fe0370cd7d7eeecd24&profile_id=164
screaming meemies, https://media.signbsl.com/videos/asl/youtube/mp4/bxU8fzn6M2k.mp4
screech, https://media.signbsl.com/videos/asl/youtube/mp4/tIa-8IRuO5A.mp4
screed, https://media.signbsl.com/videos/asl/youtube/mp4/RG4RhsjMiz0.mp4
screen, https://media.signbsl.com/videos/asl/aslsearch/mp4/screen.mp4
screen background, https://media.signbsl.com/videos/asl/youtube/mp4/DJ-xZHvbaiI.mp4
screening, https://media.signbsl.com/videos/asl/youtube/mp4/Coxc1Tqnsyo.mp4
screenplay, https://media.signbsl.com/videos/asl/youtube/mp4/AaAcBhXJ_WY.mp4
screenwriter, https://media.signbsl.com/videos/asl/youtube/mp4/OG8fCpx5Xyk.mp4
screw, https://media.signbsl.com/videos/asl/aslsearch/mp4/screw.mp4
screw auger, https://media.signbsl.com/videos/asl/youtube/mp4/YeNoGAMGCEE.mp4
screwball, https://media.signbsl.com/videos/asl/youtube/mp4/6KLd-weQ9B4.mp4
screwdriver, https://media.signbsl.com/videos/asl/startasl/mp4/screwdriver.mp4
screwdriver flat head, https://media.signbsl.com/videos/asl/AustinCommunityCollege/mp4/auto_flathead_.mp4
screwdriver philips head, https://media.signbsl.com/videos/asl/AustinCommunityCollege/mp4/auto_phillips_screwdr_.mp4
screwing, https://media.signbsl.com/videos/asl/aslsignbank/mp4/INTERCOURSE-2909.mp4
screw on, https://media.signbsl.com/videos/asl/youtube/mp4/WvzO_INZxvE.mp4
screw this, https://media.signbsl.com/videos/asl/youtube/mp4/JhV83ofVUh8.mp4
screw thread, https://media.signbsl.com/videos/asl/AustinCommunityCollege/mp4/auto_thread_.mp4
screw up, https://media.signbsl.com/videos/asl/aslsignbank/mp4/FUCK-UP-2905.mp4
scribble, https://media.signbsl.com/videos/asl/youtube/mp4/eX5LZc6hn-M.mp4
scribe, https://media.signbsl.com/videos/asl/youtube/mp4/aD-YO_Jfx0A.mp4
scrimmage, https://media.signbsl.com/videos/asl/youtube/mp4/SRp5zgeU56M.mp4
scrimp, https://media.signbsl.com/videos/asl/youtube/mp4/MEljI64EYuw.mp4
scrip, https://media.signbsl.com/videos/asl/youtube/mp4/jIf7OawJUuM.mp4
script, https://media.signbsl.com/videos/asl/aslsearch/mp4/script.mp4
scripture, https://media.signbsl.com/videos/asl/startasl/mp4/bible.mp4
scripture memory, https://media.signbsl.com/videos/asl/valleybible/mp4/scripture%20memory.mp4
scriptures, https://media.signbsl.com/videos/asl/startasl/mp4/bible.mp4
scriptwriter, https://media.signbsl.com/videos/asl/youtube/mp4/Q74Ig6Bisec.mp4
scrivener, https://media.signbsl.com/videos/asl/youtube/mp4/aD-YO_Jfx0A.mp4
scroll, https://media.signbsl.com/videos/asl/aslsearch/mp4/scroll.mp4
scrolling credits star wars style, https://media.signbsl.com/videos/asl/youtube/mp4/w4jRpXpxAbs.mp4
scroll saw, https://player.vimeo.com/external/392866643.sd.mp4?s=206eeb98f3fdd878b630d2a1503c29e1eb1ba618&profile_id=164
scrooge, https://media.signbsl.com/videos/asl/youtube/mp4/JDGo2z30aco.mp4
scrota, https://media.signbsl.com/videos/asl/youtube/mp4/EqIlIzSSmE8.mp4
scrounge, https://media.signbsl.com/videos/asl/youtube/mp4/40OHmVB2-18.mp4
scrounger, https://media.signbsl.com/videos/asl/youtube/mp4/gzd7qQ5O5zs.mp4
scrub, https://media.signbsl.com/videos/asl/aslsignbank/mp4/WASH-316.mp4
scrubber, https://media.signbsl.com/videos/asl/youtube/mp4/-i6mwOxNloI.mp4
scrubby, https://media.signbsl.com/videos/asl/youtube/mp4/3DhqLaD_cGo.mp4
scruffily, https://media.signbsl.com/videos/asl/youtube/mp4/8Ur7gMDdYfQ.mp4
scrumptious, https://media.signbsl.com/videos/asl/youtube/mp4/wWE0Z7MX-Xk.mp4
scrunch, https://media.signbsl.com/videos/asl/youtube/mp4/URfnYW6YMaQ.mp4
scrunch up, https://media.signbsl.com/videos/asl/youtube/mp4/URfnYW6YMaQ.mp4
scruple, https://media.signbsl.com/videos/asl/youtube/mp4/GbwVMFoU8uk.mp4
scruples, https://media.signbsl.com/videos/asl/aslsignbank/mp4/GUILTY-1851.mp4
scrupulosity, https://media.signbsl.com/videos/asl/youtube/mp4/z_x_vGHpaCo.mp4
scrupulous, https://media.signbsl.com/videos/asl/youtube/mp4/xdxA7OhDmIg.mp4
scrutinise, https://media.signbsl.com/videos/asl/youtube/mp4/OqT86z2kZgU.mp4
scrutinize, https://media.signbsl.com/videos/asl/youtube/mp4/OqT86z2kZgU.mp4
scuba, https://media.signbsl.com/videos/asl/youtube/mp4/r_f12x7kiKk.mp4
scuba dive, https://media.signbsl.com/videos/asl/aslsearch/mp4/scuba-dive.mp4
scuba diving, https://media.signbsl.com/videos/asl/youtube/mp4/dIhsJcT5Zn0.mp4
scubagear, https://media.signbsl.com/videos/asl/youtube/mp4/bjd8YY4BoM0.mp4
scud, https://media.signbsl.com/videos/asl/youtube/mp4/6rndiaQBhys.mp4
scud clouds, https://media.signbsl.com/videos/asl/youtube/mp4/w6CkGsFVRFM.mp4
scuff, https://media.signbsl.com/videos/asl/youtube/mp4/1UAzikz25ds.mp4
scuffle, https://media.signbsl.com/videos/asl/youtube/mp4/sxeWeiCoM7k.mp4
sculpt, https://media.signbsl.com/videos/asl/youtube/mp4/su9JrhUrHEY.mp4
sculptor, https://media.signbsl.com/videos/asl/youtube/mp4/N3YM5GGAdpY.mp4
sculptress, https://media.signbsl.com/videos/asl/youtube/mp4/wtcH7Pr1AiU.mp4
sculptural, https://media.signbsl.com/videos/asl/youtube/mp4/kdgtiAb6zmk.mp4
sculpture, https://media.signbsl.com/videos/asl/youtube/mp4/su9JrhUrHEY.mp4
sculpturer, https://media.signbsl.com/videos/asl/youtube/mp4/N3YM5GGAdpY.mp4
scum, https://media.signbsl.com/videos/asl/youtube/mp4/r6gqgt3wa_8.mp4
scum bag, https://media.signbsl.com/videos/asl/youtube/mp4/7LYI9dK_sEY.mp4
scupper, https://media.signbsl.com/videos/asl/youtube/mp4/Xq64KSXhOSA.mp4
scurried, https://media.signbsl.com/videos/asl/youtube/mp4/D02wQm6pah8.mp4
scurrility, https://media.signbsl.com/videos/asl/youtube/mp4/t_Y0R4CiFkc.mp4
scurrilous, https://media.signbsl.com/videos/asl/youtube/mp4/fWOLGeOfeys.mp4
scurry, https://media.signbsl.com/videos/asl/youtube/mp4/dU8kzot0p6w.mp4
scutcheon, https://media.signbsl.com/videos/asl/youtube/mp4/TFhvHIrFOA8.mp4
scutter, https://media.signbsl.com/videos/asl/youtube/mp4/yT6fe-9Tkm0.mp4
scuttle, https://media.signbsl.com/videos/asl/youtube/mp4/wK63MDGzFvA.mp4
SD, https://media.signbsl.com/videos/asl/youtube/mp4/Lc3icR3NOvk.mp4
sea, https://media.signbsl.com/videos/asl/aslsearch/mp4/sea.mp4
seabed, https://media.signbsl.com/videos/asl/youtube/mp4/wF5UFtsAQJI.mp4
sea bird, https://media.signbsl.com/videos/asl/youtube/mp4/ublryj-xU4o.mp4
seabird, https://media.signbsl.com/videos/asl/youtube/mp4/ublryj-xU4o.mp4
seaboard, https://media.signbsl.com/videos/asl/youtube/mp4/hmqKwJAQd_U.mp4
seaborne, https://media.signbsl.com/videos/asl/youtube/mp4/7GYm88wK-7k.mp4
sea bottom, https://media.signbsl.com/videos/asl/youtube/mp4/wF5UFtsAQJI.mp4
sea coast, https://media.signbsl.com/videos/asl/aslsearch/mp4/coast.mp4
seacoast, https://media.signbsl.com/videos/asl/aslsearch/mp4/coast.mp4
sea dog, https://media.signbsl.com/videos/asl/youtube/mp4/1et83qdKyOw.mp4
sea doo, https://media.signbsl.com/videos/asl/aslsearch/mp4/sea-doo.mp4
seafarer, https://media.signbsl.com/videos/asl/youtube/mp4/1et83qdKyOw.mp4
seafaring, https://player.vimeo.com/external/392746994.sd.mp4?s=40cb25587a9627edf8889a88ff845d65cc24b2fa&profile_id=164
seafood, https://player.vimeo.com/external/392747397.sd.mp4?s=93f3077b53f6c32392049665e6bab8b76279f18f&profile_id=164
seafowl, https://media.signbsl.com/videos/asl/youtube/mp4/ublryj-xU4o.mp4
sea horse, https://media.signbsl.com/videos/asl/aslsearch/mp4/walrus.mp4
seahorse, https://media.signbsl.com/videos/asl/aslsearch/mp4/walrus.mp4
seal, https://media.signbsl.com/videos/asl/aslsignbank/mp4/SEAL-1007.mp4
sea lane, https://media.signbsl.com/videos/asl/youtube/mp4/rKNaKpog5ME.mp4
sealed, https://media.signbsl.com/videos/asl/signlanguagestudent/mp4/certain.mp4
sea lion, https://media.signbsl.com/videos/asl/aslsearch/mp4/sea-lion.mp4
seal off, https://media.signbsl.com/videos/asl/signlanguagestudent/mp4/seal%20(bind).mp4
Seal Sealing, https://media.signbsl.com/videos/asl/ids/mp4/2013-11-4310-seal-sealing-1500k-ase.mp4
sealskin, https://media.signbsl.com/videos/asl/youtube/mp4/RdWq8zbIDS4.mp4
seam, https://media.signbsl.com/videos/asl/youtube/mp4/ynxN643Kr1Q.mp4
seaman, https://media.signbsl.com/videos/asl/youtube/mp4/1et83qdKyOw.mp4
seamanship, https://media.signbsl.com/videos/asl/youtube/mp4/R4vSV0KwNfU.mp4
seamier, https://media.signbsl.com/videos/asl/youtube/mp4/Rv0HnNBhw_s.mp4
seamstress, https://player.vimeo.com/external/392747452.sd.mp4?s=9f7f40bcff8dce6040fedf24f46adce34710fdf3&profile_id=164
seamy, https://media.signbsl.com/videos/asl/youtube/mp4/q7p7lurxElw.mp4
seance, https://media.signbsl.com/videos/asl/youtube/mp4/sDUab-YrLPE.mp4
seaplane, https://media.signbsl.com/videos/asl/youtube/mp4/plEp8HyeS68.mp4
sea poacher, https://media.signbsl.com/videos/asl/youtube/mp4/ZjmpToKYaSk.mp4
sea poker, https://media.signbsl.com/videos/asl/youtube/mp4/ZjmpToKYaSk.mp4
sea poose, https://media.signbsl.com/videos/asl/youtube/mp4/dHMTFT9i_Co.mp4
seaport, https://media.signbsl.com/videos/asl/youtube/mp4/NNphf06kDHw.mp4
sea purse, https://media.signbsl.com/videos/asl/youtube/mp4/dHMTFT9i_Co.mp4
sea puss, https://media.signbsl.com/videos/asl/youtube/mp4/dHMTFT9i_Co.mp4
sear, https://media.signbsl.com/videos/asl/youtube/mp4/Y1eOPUr-fus.mp4
search, https://media.signbsl.com/videos/asl/aslsignbank/mp4/EXPLORE-816.mp4
search and siezure, https://media.signbsl.com/videos/asl/unoclimb/mp4/8V17SQH3_1Q.mp4
search engine, https://media.signbsl.com/videos/asl/mariekatzenbachschool/mp4/search%20engine.mp4
searching, https://media.signbsl.com/videos/asl/startasl/mp4/searching.mp4
search party, https://player.vimeo.com/external/392747553.sd.mp4?s=55b8d2c7d8251fbce4376a6792fff9348fbf67b6&profile_id=164
Search Seek, https://media.signbsl.com/videos/asl/ids/mp4/2013-11-4330-search-seek-1500k-ase.mp4
search warrant, https://media.signbsl.com/videos/asl/unoclimb/mp4/VMeC_S3gIS8.mp4
sea robber, https://media.signbsl.com/videos/asl/youtube/mp4/HK_8csqVSJk.mp4
sea rover, https://media.signbsl.com/videos/asl/youtube/mp4/HK_8csqVSJk.mp4
seashell, https://media.signbsl.com/videos/asl/youtube/mp4/1u_X_Vt55kQ.mp4
seashore, https://media.signbsl.com/videos/asl/aslsearch/mp4/coast.mp4
seasick, https://media.signbsl.com/videos/asl/youtube/mp4/yjIM9OAqWLk.mp4
seaside, https://media.signbsl.com/videos/asl/youtube/mp4/hmqKwJAQd_U.mp4
season, https://media.signbsl.com/videos/asl/startasl/mp4/season.mp4
seasonable, https://media.signbsl.com/videos/asl/youtube/mp4/VS7cicGDf1k.mp4
seasonableness, https://media.signbsl.com/videos/asl/youtube/mp4/xgaur2AYYZM.mp4
sea star, https://media.signbsl.com/videos/asl/aslsearch/mp4/starfish.mp4
seat, https://media.signbsl.com/videos/asl/youtube/mp4/k4acAbNtqrg.mp4
seat belt, https://media.signbsl.com/videos/asl/elementalaslconcepts/mp4/seat_belt.mp4
seatbelt, https://media.signbsl.com/videos/asl/elementalaslconcepts/mp4/seat_belt.mp4
seatmate, https://media.signbsl.com/videos/asl/youtube/mp4/JHZ-BlVaTg4.mp4
sea urchin, https://media.signbsl.com/videos/asl/thefamilyvocab/mp4/sea-urchin.mp4
seawall, https://media.signbsl.com/videos/asl/youtube/mp4/Y4zqoEEE7zI.mp4
seaward, https://media.signbsl.com/videos/asl/youtube/mp4/8Iw8QuSriZk.mp4
seawater, https://media.signbsl.com/videos/asl/youtube/mp4/U1eTY8ZHFUo.mp4
seaway, https://media.signbsl.com/videos/asl/youtube/mp4/rKNaKpog5ME.mp4
seaweed, https://media.signbsl.com/videos/asl/thefamilyvocab/mp4/seaweed.mp4
seaworthiness, https://media.signbsl.com/videos/asl/youtube/mp4/BX_sPzxbkuQ.mp4
sebaceous, https://media.signbsl.com/videos/asl/youtube/mp4/CoLq4MEkJYc.mp4
sebastian, https://media.signbsl.com/videos/asl/youtube/mp4/n8qcXKaHbNY.mp4
Sebastodes miniatus, https://media.signbsl.com/videos/asl/youtube/mp4/LCdkVp7CZts.mp4
seborrhea, https://media.signbsl.com/videos/asl/youtube/mp4/lTVVM0uiWF0.mp4
sec, https://media.signbsl.com/videos/asl/aslsearch/mp4/second.mp4
secant, https://media.signbsl.com/videos/asl/tsdvideo/mp4/1319.mp4
secede, https://media.signbsl.com/videos/asl/elementalaslconcepts/mp4/secede.mp4
secern, https://media.signbsl.com/videos/asl/youtube/mp4/RQRYjUrdbTg.mp4
secernate, https://media.signbsl.com/videos/asl/youtube/mp4/RQRYjUrdbTg.mp4
secessionist, https://media.signbsl.com/videos/asl/youtube/mp4/VTUU7rz1uGg.mp4
secluded, https://media.signbsl.com/videos/asl/aslsearch/mp4/secluded.mp4
second, https://media.signbsl.com/videos/asl/aslsignbank/mp4/MINUTE-1606.mp4
Second Advent, https://media.signbsl.com/videos/asl/ids/mp4/2013-11-4320-second-coming-1500k-ase.mp4
secondaries, https://media.signbsl.com/videos/asl/youtube/mp4/gZVnUzecUFc.mp4
secondary, https://media.signbsl.com/videos/asl/youtube/mp4/gZVnUzecUFc.mp4
secondary character, https://media.signbsl.com/videos/asl/elementalaslconcepts/mp4/secondary_character.mp4
secondary school, https://media.signbsl.com/videos/asl/startasl/mp4/middle-school.mp4
secondary source, https://media.signbsl.com/videos/asl/elementalaslconcepts/mp4/secondary_source.mp4
second childhood, https://media.signbsl.com/videos/asl/youtube/mp4/eiSV3gNqNm0.mp4
Second Coming, https://media.signbsl.com/videos/asl/ids/mp4/2013-11-4320-second-coming-1500k-ase.mp4
Second Coming of Christ, https://media.signbsl.com/videos/asl/ids/mp4/2013-11-4320-second-coming-1500k-ase.mp4
second continental congress, https://media.signbsl.com/videos/asl/elementalaslconcepts/mp4/second_continental_congress.mp4
second down, https://media.signbsl.com/videos/asl/youtube/mp4/0HJbRz6UeXw.mp4
secondly, https://media.signbsl.com/videos/asl/startasl/mp4/second.mp4
second place, https://media.signbsl.com/videos/asl/aslsearch/mp4/second-place.mp4
second recommended version, https://media.signbsl.com/videos/asl/mariekatzenbachschool/mp4/second.mp4
seconds, https://media.signbsl.com/videos/asl/youtube/mp4/j-Lv4udz3z8.mp4
second sight, https://media.signbsl.com/videos/asl/youtube/mp4/lhYgHC5FSK0.mp4
second to third, https://media.signbsl.com/videos/asl/youtube/mp4/Bn1qp3kQOkA.mp4
Second World War, https://media.signbsl.com/videos/asl/elementalaslconcepts/mp4/world_war_ii.mp4
secret, https://player.vimeo.com/external/395755756.sd.mp4?s=80582e1677da0f8f2bb87c43d35e4bc769e9f356&profile_id=164
secretarial, https://media.signbsl.com/videos/asl/youtube/mp4/DxEIQ0jWbwI.mp4
secretarial assistant, https://media.signbsl.com/videos/asl/startasl/mp4/secretary.mp4
Secretariat, https://media.signbsl.com/videos/asl/youtube/mp4/IAr9DVcuZuA.mp4
secretary, https://media.signbsl.com/videos/asl/aslsignbank/mp4/SECRETARY-1010.mp4
secrete, https://media.signbsl.com/videos/asl/youtube/mp4/ij-rtcRZoHk.mp4
secreter, https://media.signbsl.com/videos/asl/youtube/mp4/IMXkov-JTcY.mp4
secretive, https://player.vimeo.com/external/392518119.sd.mp4?s=54492d257b0086791bb3b4c3834ad98fc39933bd&profile_id=164
secretor, https://media.signbsl.com/videos/asl/youtube/mp4/IMXkov-JTcY.mp4
secretory organ, https://media.signbsl.com/videos/asl/youtube/mp4/IMXkov-JTcY.mp4
secret weapon, https://media.signbsl.com/videos/asl/youtube/mp4/RM6ZhENvwwY.mp4
secret writing, https://media.signbsl.com/videos/asl/thefamilyvocab/mp4/coding.mp4
sect, https://media.signbsl.com/videos/asl/valleybible/mp4/sect.mp4
sectarian, https://media.signbsl.com/videos/asl/youtube/mp4/8YlZ6sozaLk.mp4
sectarist, https://media.signbsl.com/videos/asl/youtube/mp4/8YlZ6sozaLk.mp4
sectary, https://media.signbsl.com/videos/asl/youtube/mp4/8YlZ6sozaLk.mp4
section, https://media.signbsl.com/videos/asl/aslsignbank/mp4/DEPARTMENT-737.mp4
sectional, https://media.signbsl.com/videos/asl/youtube/mp4/n2Lmm8RbDjY.mp4
sectionalisation, https://media.signbsl.com/videos/asl/aslsignbank/mp4/QUARTER-998.mp4
sectionalism, https://media.signbsl.com/videos/asl/youtube/mp4/GSUPbEf4gEw.mp4
sectionalization, https://media.signbsl.com/videos/asl/aslsignbank/mp4/QUARTER-998.mp4
sectioned, https://media.signbsl.com/videos/asl/youtube/mp4/n2Lmm8RbDjY.mp4
secular humanism, https://media.signbsl.com/videos/asl/youtube/mp4/hg3Q6Rdnlxs.mp4
secure, https://media.signbsl.com/videos/asl/aslsearch/mp4/guarantee.mp4
secured, https://media.signbsl.com/videos/asl/startasl/mp4/lock.mp4
secure shell ssh, https://media.signbsl.com/videos/asl/deaftec/mp4/1049.mp4
secure sockets layer ssl, https://media.signbsl.com/videos/asl/deaftec/mp4/1050.mp4
securities, https://media.signbsl.com/videos/asl/deaftec/mp4/1051.mp4
securities market, https://media.signbsl.com/videos/asl/aslsearch/mp4/stock-market.mp4
security, https://media.signbsl.com/videos/asl/deaftec/mp4/1051.mp4
security guard, https://media.signbsl.com/videos/asl/youtube/mp4/mUZWP0Jdb_g.mp4
sedate, https://media.signbsl.com/videos/asl/youtube/mp4/m_F-C7EnPOs.mp4
sedative, https://media.signbsl.com/videos/asl/youtube/mp4/Asrb1UOeap8.mp4
sedative drug, https://media.signbsl.com/videos/asl/youtube/mp4/Asrb1UOeap8.mp4
sediment, https://media.signbsl.com/videos/asl/aslsearch/mp4/sediment.mp4
sedimentary, https://media.signbsl.com/videos/asl/youtube/mp4/_NyW_-K0O9w.mp4
sedition, https://media.signbsl.com/videos/asl/youtube/mp4/gihYuYH7Rmg.mp4
seditious, https://media.signbsl.com/videos/asl/youtube/mp4/UuIh1Je5hGg.mp4
seduce, https://media.signbsl.com/videos/asl/youtube/mp4/r8gRsn9LyoA.mp4
seducer, https://media.signbsl.com/videos/asl/youtube/mp4/wlAEhdZCElk.mp4
seductress, https://media.signbsl.com/videos/asl/youtube/mp4/2uVl2arr6DM.mp4
see, https://media.signbsl.com/videos/asl/aslsignbank/mp4/SEE-538.mp4
see, NA
seed, https://media.signbsl.com/videos/asl/aslsearch/mp4/seed.mp4
seed bearing, https://media.signbsl.com/videos/asl/youtube/mp4/2iyMWAZK89Y.mp4
seedbed, https://media.signbsl.com/videos/asl/youtube/mp4/-T2k9ZXT_Dk.mp4
seed coat, https://media.signbsl.com/videos/asl/elementalaslconcepts/mp4/seed_coat.mp4
seed leaf, https://media.signbsl.com/videos/asl/elementalaslconcepts/mp4/cotyledon.mp4
seedless, https://media.signbsl.com/videos/asl/youtube/mp4/ePK1j2zndIc.mp4
seedling, https://media.signbsl.com/videos/asl/elementalaslconcepts/mp4/seedling.mp4
seedy, https://media.signbsl.com/videos/asl/youtube/mp4/q7p7lurxElw.mp4
seeing, https://media.signbsl.com/videos/asl/youtube/mp4/WPXRJo-mGKE.mp4
seeing a place, https://media.signbsl.com/videos/asl/youtube/mp4/G1MomQ0MgNw.mp4
seeing red, https://player.vimeo.com/external/392186387.sd.mp4?s=5c42c2f919f657be440d8cffe549051f9c8e0d60&profile_id=164
see it, https://media.signbsl.com/videos/asl/aslsearch/mp4/see-it.mp4
seek, https://media.signbsl.com/videos/asl/aslsearch/mp4/look-for.mp4
seeking, https://media.signbsl.com/videos/asl/aslsearch/mp4/quest.mp4
seem, https://media.signbsl.com/videos/asl/signlanguagestudent/mp4/seem.mp4
seemingly, https://media.signbsl.com/videos/asl/aslsignbank/mp4/SEEM-1012.mp4
seemliest, https://media.signbsl.com/videos/asl/youtube/mp4/fSoWSKZVX6U.mp4
seer, https://media.signbsl.com/videos/asl/signlanguagestudent/mp4/prophet%20(alternate).mp4
seesaw, https://media.signbsl.com/videos/asl/aslsearch/mp4/seesaw.mp4
see see, https://media.signbsl.com/videos/asl/youtube/mp4/oG_RVG25lUo.mp4
seethe, https://media.signbsl.com/videos/asl/youtube/mp4/Xr9C6inqBxA.mp4
see you later, https://media.signbsl.com/videos/asl/startasl/mp4/seeyoulater.mp4
see zeroasym, https://media.signbsl.com/videos/asl/aslsignbank/mp4/SEE-ZERO-3056.mp4
see zerob, https://media.signbsl.com/videos/asl/aslsignbank/mp4/SEE-ZERO-3057.mp4
segment, https://media.signbsl.com/videos/asl/tsdvideo/mp4/572.mp4
segmentation, https://media.signbsl.com/videos/asl/aslsignbank/mp4/QUARTER-998.mp4
segregation, https://media.signbsl.com/videos/asl/elementalaslconcepts/mp4/segregation.mp4
segregationist, https://media.signbsl.com/videos/asl/youtube/mp4/ybNh8f4P1QU.mp4
segregator, https://media.signbsl.com/videos/asl/youtube/mp4/ybNh8f4P1QU.mp4
segue, https://media.signbsl.com/videos/asl/youtube/mp4/syEqTQvWXQE.mp4
seism, https://media.signbsl.com/videos/asl/startasl/mp4/earthquake.mp4
seismal, https://media.signbsl.com/videos/asl/youtube/mp4/5IE3sHLCGww.mp4
seismic, https://media.signbsl.com/videos/asl/youtube/mp4/5IE3sHLCGww.mp4
seismogram, https://media.signbsl.com/videos/asl/youtube/mp4/kVWFJUxMsPQ.mp4
seismograph, https://media.signbsl.com/videos/asl/youtube/mp4/8CnT01BjNks.mp4
seismographer, https://media.signbsl.com/videos/asl/youtube/mp4/PdMteBP1sEE.mp4
seismologist, https://media.signbsl.com/videos/asl/youtube/mp4/s5Dpvbd1AI0.mp4
seize, https://media.signbsl.com/videos/asl/youtube/mp4/ZXQb_MnMIIM.mp4
seize an opportunity, https://media.signbsl.com/videos/asl/aslsignbank/mp4/SEIZE-1015.mp4
seize with teeth, https://media.signbsl.com/videos/asl/startasl/mp4/bite.mp4
seizure, https://media.signbsl.com/videos/asl/youtube/mp4/p0O8RZUOIyg.mp4
seldom, https://media.signbsl.com/videos/asl/aslsearch/mp4/seldom.mp4
select, https://media.signbsl.com/videos/asl/elementalaslconcepts/mp4/select.mp4
selection, https://media.signbsl.com/videos/asl/aslsignbank/mp4/OPTION-1533.mp4
selective, https://media.signbsl.com/videos/asl/youtube/mp4/L8THYfzFIaw.mp4
selector, https://media.signbsl.com/videos/asl/youtube/mp4/fGSvT2AUtrk.mp4
selector switch, https://media.signbsl.com/videos/asl/youtube/mp4/fGSvT2AUtrk.mp4
self, https://media.signbsl.com/videos/asl/youtube/mp4/pjFxlECHD3g.mp4
Self-reliance, https://media.signbsl.com/videos/asl/ids/mp4/2013-11-4360-self-reliance-1500k-ase.mp4
self annihilation, https://media.signbsl.com/videos/asl/aslsearch/mp4/suicide.mp4
self assurance, https://media.signbsl.com/videos/asl/aslsignbank/mp4/HEALTH-765.mp4
self centered, https://media.signbsl.com/videos/asl/youtube/mp4/hQdq8XVUR14.mp4
self centeredness, https://media.signbsl.com/videos/asl/philosophy/mp4/Ethical%20Egoism-HD.mp4
self centred, https://media.signbsl.com/videos/asl/youtube/mp4/hQdq8XVUR14.mp4
self command, https://media.signbsl.com/videos/asl/youtube/mp4/oBdodUVkgu0.mp4
self complacency, https://media.signbsl.com/videos/asl/youtube/mp4/Dr44keuKN2c.mp4
self conceited, https://media.signbsl.com/videos/asl/youtube/mp4/gLg4Pk49K2c.mp4
self concern, https://media.signbsl.com/videos/asl/philosophy/mp4/Ethical%20Egoism-HD.mp4
self confidence, https://media.signbsl.com/videos/asl/aslsignbank/mp4/HEALTH-765.mp4
self control, https://media.signbsl.com/videos/asl/youtube/mp4/oBdodUVkgu0.mp4
self destruction, https://media.signbsl.com/videos/asl/aslsearch/mp4/suicide.mp4
self destructive, https://media.signbsl.com/videos/asl/youtube/mp4/xsQ3l5gl6Jo.mp4
self directed, https://media.signbsl.com/videos/asl/aslsignbank/mp4/INDEPENDENT-1739.mp4
self direction, https://media.signbsl.com/videos/asl/ids/mp4/2013-11-4360-self-reliance-1500k-ase.mp4
self distrust, https://media.signbsl.com/videos/asl/youtube/mp4/0316VKnxDgo.mp4
self doubt, https://media.signbsl.com/videos/asl/youtube/mp4/0316VKnxDgo.mp4
self employed, https://media.signbsl.com/videos/asl/youtube/mp4/jKsDTN686no.mp4
self esteem, https://media.signbsl.com/videos/asl/youtube/mp4/lgluJcjK1d0.mp4
self generated, https://media.signbsl.com/videos/asl/aslsearch/mp4/spontaneous.mp4
self governance, https://media.signbsl.com/videos/asl/elementalaslconcepts/mp4/self-governance.mp4
self gratification, https://media.signbsl.com/videos/asl/youtube/mp4/Tq5ih3Oppjo.mp4
selfie, https://media.signbsl.com/videos/asl/youtube/mp4/u1xeM7dvK1M.mp4
self importance, https://media.signbsl.com/videos/asl/aslsignbank/mp4/EGO-2753.mp4
self important, https://media.signbsl.com/videos/asl/startasl/mp4/arrogant.mp4
self incriminating, https://media.signbsl.com/videos/asl/unoclimb/mp4/BNLaBIoElV0.mp4
self indulgence, https://media.signbsl.com/videos/asl/youtube/mp4/zhAS4Dk30aI.mp4
self interest, https://media.signbsl.com/videos/asl/youtube/mp4/jTj6iVnQ4Qw.mp4
selfish, https://media.signbsl.com/videos/asl/aslsearch/mp4/selfish.mp4
self justification, https://player.vimeo.com/external/392026502.sd.mp4?s=7c47f43a46427fd9bd3f87078f3fc8c5461f67b1&profile_id=164
selfless, https://media.signbsl.com/videos/asl/youtube/mp4/pu_aS9mi00s.mp4
selflessness, https://media.signbsl.com/videos/asl/philosophy/mp4/Ethical%20Altruism-HD.mp4
self love, https://media.signbsl.com/videos/asl/youtube/mp4/PeoR2THDOoE.mp4
self loving, https://player.vimeo.com/external/392380043.sd.mp4?s=8e10f175c6fe17562fac0ec8254b4951019a9cc9&profile_id=164
self possession, https://media.signbsl.com/videos/asl/youtube/mp4/oBdodUVkgu0.mp4
self regard, https://media.signbsl.com/videos/asl/youtube/mp4/lgluJcjK1d0.mp4
self reliance, https://media.signbsl.com/videos/asl/ids/mp4/2013-11-4360-self-reliance-1500k-ase.mp4
self reliant, https://media.signbsl.com/videos/asl/aslsignbank/mp4/INDEPENDENT-1739.mp4
self reproach, https://media.signbsl.com/videos/asl/youtube/mp4/rsFQ6_Agysk.mp4
self respect, https://media.signbsl.com/videos/asl/youtube/mp4/lgluJcjK1d0.mp4
self satisfaction, https://media.signbsl.com/videos/asl/youtube/mp4/Dr44keuKN2c.mp4
self satisfied, https://media.signbsl.com/videos/asl/youtube/mp4/jIpE3A9a0Mk.mp4
self seeker, https://media.signbsl.com/videos/asl/youtube/mp4/lLvWDFxzzqs.mp4
self seeking, https://media.signbsl.com/videos/asl/youtube/mp4/jTj6iVnQ4Qw.mp4
self sufficiency, https://media.signbsl.com/videos/asl/ids/mp4/2013-11-4360-self-reliance-1500k-ase.mp4
self will, https://media.signbsl.com/videos/asl/youtube/mp4/oBdodUVkgu0.mp4
self willed, https://player.vimeo.com/external/392169285.sd.mp4?s=b179e921909f04c1d5ef7e334145782d877d429d&profile_id=164
sell, https://media.signbsl.com/videos/asl/aslsignbank/mp4/SELL-741.mp4
sellable, https://media.signbsl.com/videos/asl/youtube/mp4/xBz-C-ULuPs.mp4
seller, https://media.signbsl.com/videos/asl/aslsearch/mp4/seller.mp4
selling price, https://player.vimeo.com/external/391170949.sd.mp4?s=e673ca724a4a38728de30bcfb00581a5a2080222&profile_id=164
sell off, https://media.signbsl.com/videos/asl/youtube/mp4/-V-_nvoekps.mp4
sell out, https://media.signbsl.com/videos/asl/youtube/mp4/uNULmEKfYD4.mp4
sell up, https://media.signbsl.com/videos/asl/youtube/mp4/uNULmEKfYD4.mp4
seltzer, https://player.vimeo.com/external/391389507.sd.mp4?s=6ea22e79aa10d058339d8d1cc1db8b02883849ab&profile_id=164
semblance, https://media.signbsl.com/videos/asl/youtube/mp4/KC3Y0ec-Gn4.mp4
semen, https://media.signbsl.com/videos/asl/youtube/mp4/503CFnKuiEg.mp4
semester, https://media.signbsl.com/videos/asl/aslsignbank/mp4/STATE-1114.mp4
semi, https://player.vimeo.com/external/392747635.sd.mp4?s=86177dad459f16578d84ebbd4963476705e73610&profile_id=164
semiannual, https://media.signbsl.com/videos/asl/aslsearch/mp4/semiannual.mp4
semiaquatic, https://media.signbsl.com/videos/asl/youtube/mp4/yqe6IrWpuro.mp4
semiarid, https://media.signbsl.com/videos/asl/youtube/mp4/Ub9l9pnjGUM.mp4
semiautomatic, https://media.signbsl.com/videos/asl/youtube/mp4/QA40StccF6Y.mp4
semiautomatic pistol, https://media.signbsl.com/videos/asl/youtube/mp4/QA40StccF6Y.mp4
semicircle, https://media.signbsl.com/videos/asl/tsdvideo/mp4/1321.mp4
semicolon, https://media.signbsl.com/videos/asl/aslsearch/mp4/semicolon.mp4
semiconducting, https://media.signbsl.com/videos/asl/youtube/mp4/Dszn-tFPYOg.mp4
semiconductive, https://media.signbsl.com/videos/asl/youtube/mp4/Dszn-tFPYOg.mp4
semiconductor diode, https://media.signbsl.com/videos/asl/youtube/mp4/OaLYxorIPZs.mp4
semiconscious, https://media.signbsl.com/videos/asl/youtube/mp4/IyoKkW-k74g.mp4
semidark, https://media.signbsl.com/videos/asl/youtube/mp4/vL29rNWHJg0.mp4
semidetached, https://media.signbsl.com/videos/asl/youtube/mp4/MEeqt-IfhEI.mp4
semifinalist, https://media.signbsl.com/videos/asl/youtube/mp4/w-5TDd5HA6g.mp4
semi formal, https://media.signbsl.com/videos/asl/youtube/mp4/_NZSZnfTd2w.mp4
semiformal, https://media.signbsl.com/videos/asl/youtube/mp4/_NZSZnfTd2w.mp4
semigloss, https://media.signbsl.com/videos/asl/youtube/mp4/0SU9BE6CmEw.mp4
semimonthlies, https://player.vimeo.com/external/391201821.sd.mp4?s=e698ed61a31f6f4086edd69269282f3c9b746925&profile_id=164
semimonthly, https://player.vimeo.com/external/391201821.sd.mp4?s=e698ed61a31f6f4086edd69269282f3c9b746925&profile_id=164
seminal, https://media.signbsl.com/videos/asl/youtube/mp4/BPKMRMWwGsw.mp4
seminal fluid, https://media.signbsl.com/videos/asl/youtube/mp4/503CFnKuiEg.mp4
seminal vesicle, https://media.signbsl.com/videos/asl/youtube/mp4/cyY0FAOknR0.mp4
seminal vesicles, https://media.signbsl.com/videos/asl/youtube/mp4/cyY0FAOknR0.mp4
seminarian, https://media.signbsl.com/videos/asl/youtube/mp4/SdCRurOcCeY.mp4
seminaries, https://media.signbsl.com/videos/asl/ids/mp4/2013-11-4370-seminary-1500k-ase.mp4
seminarist, https://media.signbsl.com/videos/asl/youtube/mp4/SdCRurOcCeY.mp4
seminary, https://media.signbsl.com/videos/asl/ids/mp4/2013-11-4370-seminary-1500k-ase.mp4
seminate, https://media.signbsl.com/videos/asl/youtube/mp4/VHEM0CMMCfo.mp4
semiofficial, https://media.signbsl.com/videos/asl/youtube/mp4/kMkwTdUiZC4.mp4
semiotic, https://media.signbsl.com/videos/asl/youtube/mp4/IMs8PcjPDlI.mp4
semiotical, https://media.signbsl.com/videos/asl/youtube/mp4/IMs8PcjPDlI.mp4
semipermeable, https://media.signbsl.com/videos/asl/youtube/mp4/zg8UFNtP6Y0.mp4
semiprecious, https://media.signbsl.com/videos/asl/youtube/mp4/DfR3Ffj69WQ.mp4
semiprivate, https://media.signbsl.com/videos/asl/youtube/mp4/lEBIfsKltF4.mp4
semipro, https://media.signbsl.com/videos/asl/youtube/mp4/uh0_GvDS_Cg.mp4
semiprofessional, https://media.signbsl.com/videos/asl/youtube/mp4/uh0_GvDS_Cg.mp4
semiretired, https://media.signbsl.com/videos/asl/youtube/mp4/8aUg2DMwXeM.mp4
semiskilled, NA
semisolid, https://media.signbsl.com/videos/asl/youtube/mp4/PXGC6I_XscM.mp4
semisweet, https://media.signbsl.com/videos/asl/youtube/mp4/JvlSEOxJw-g.mp4
semisynthetic, https://media.signbsl.com/videos/asl/youtube/mp4/fwDrjmnmdfw.mp4
semitrailer, https://player.vimeo.com/external/392747635.sd.mp4?s=86177dad459f16578d84ebbd4963476705e73610&profile_id=164
semitransparency, https://media.signbsl.com/videos/asl/youtube/mp4/9hjb0r_yWsE.mp4
semitransparent, https://media.signbsl.com/videos/asl/elementalaslconcepts/mp4/translucent.mp4
semitropic, https://media.signbsl.com/videos/asl/youtube/mp4/INjXpSKVjTs.mp4
semitropical, https://media.signbsl.com/videos/asl/youtube/mp4/INjXpSKVjTs.mp4
semiweeklies, https://media.signbsl.com/videos/asl/aslsignbank/mp4/NUMBER-WEEKS-2643.mp4
semiweekly, https://media.signbsl.com/videos/asl/aslsignbank/mp4/NUMBER-WEEKS-2643.mp4
sempstress, https://player.vimeo.com/external/392747452.sd.mp4?s=9f7f40bcff8dce6040fedf24f46adce34710fdf3&profile_id=164
senate, https://media.signbsl.com/videos/asl/aslsearch/mp4/senate.mp4
senator, https://media.signbsl.com/videos/asl/aslsearch/mp4/senator.mp4
send, https://media.signbsl.com/videos/asl/signlanguagestudent/mp4/send.mp4
send away, https://media.signbsl.com/videos/asl/aslsearch/mp4/terminate2.mp4
sender, https://media.signbsl.com/videos/asl/youtube/mp4/6pqf2cKDYdM.mp4
send for, https://media.signbsl.com/videos/asl/aslsignbank/mp4/SUMMON-1142.mp4
send me, https://media.signbsl.com/videos/asl/youtube/mp4/akBHXqP9gqE.mp4
send me a message, https://media.signbsl.com/videos/asl/youtube/mp4/OJpIEp4nMjI.mp4
send off, https://media.signbsl.com/videos/asl/signlanguagestudent/mp4/send.mp4
sendup, https://player.vimeo.com/external/392385988.sd.mp4?s=405d3df3522b93cfe3030293ca39ae21dc384038&profile_id=164
send word, https://media.signbsl.com/videos/asl/aslsearch/mp4/advise.mp4
Senegal, https://media.signbsl.com/videos/asl/youtube/mp4/muavJN99QsM.mp4
senile, https://media.signbsl.com/videos/asl/youtube/mp4/1Ft_uHRJMeE.mp4
senility, https://media.signbsl.com/videos/asl/youtube/mp4/eiSV3gNqNm0.mp4
senior, https://media.signbsl.com/videos/asl/aslsignbank/mp4/SENIOR-YEAR-2220.mp4
senior citizen, https://media.signbsl.com/videos/asl/aslsignbank/mp4/SENIOR-CITIZEN-1966.mp4
senior high, https://media.signbsl.com/videos/asl/startasl/mp4/highschool.mp4
senior high school, https://media.signbsl.com/videos/asl/startasl/mp4/highschool.mp4
Senora, https://media.signbsl.com/videos/asl/youtube/mp4/iH3b8bNuKpE.mp4
sens, https://media.signbsl.com/videos/asl/youtube/mp4/FdUZb3NFrj0.mp4
sensation, https://media.signbsl.com/videos/asl/aslsignbank/mp4/SET-RECORD-2310.mp4
sensationalise, https://media.signbsl.com/videos/asl/youtube/mp4/2dKSZWRNI8o.mp4
sensationalism, https://media.signbsl.com/videos/asl/philosophy/mp4/Empiricism%201-HD.mp4
sense, https://media.signbsl.com/videos/asl/aslsearch/mp4/common-sense.mp4
sense datum, https://media.signbsl.com/videos/asl/aslsearch/mp4/sensation.mp4
sense experience, https://media.signbsl.com/videos/asl/aslsearch/mp4/sensation.mp4
sense impression, https://media.signbsl.com/videos/asl/aslsearch/mp4/sensation.mp4
senseless, https://media.signbsl.com/videos/asl/youtube/mp4/E52UZjQaCkM.mp4
sense of right and wrong, https://media.signbsl.com/videos/asl/aslsignbank/mp4/GUILTY-1851.mp4
sense of smell, https://media.signbsl.com/videos/asl/youtube/mp4/UqPpN1YL7j8.mp4
sense organ, https://media.signbsl.com/videos/asl/youtube/mp4/4E1Bsx6quC4.mp4
sensibilise, https://media.signbsl.com/videos/asl/youtube/mp4/iup1L7_Cf_M.mp4
sensibilities, https://media.signbsl.com/videos/asl/youtube/mp4/K15ZMbvyU-A.mp4
sensibility, https://media.signbsl.com/videos/asl/youtube/mp4/K15ZMbvyU-A.mp4
sensibilize, https://media.signbsl.com/videos/asl/youtube/mp4/iup1L7_Cf_M.mp4
sensible, https://media.signbsl.com/videos/asl/tsdvideo/mp4/1551.mp4
sensible horizon, https://media.signbsl.com/videos/asl/elementalaslconcepts/mp4/horizon.mp4
sensify, https://media.signbsl.com/videos/asl/youtube/mp4/iup1L7_Cf_M.mp4
sensing element, https://media.signbsl.com/videos/asl/AustinCommunityCollege/mp4/auto_sensor_.mp4
sensitise, https://media.signbsl.com/videos/asl/youtube/mp4/iup1L7_Cf_M.mp4
sensitised, https://player.vimeo.com/external/392645493.sd.mp4?s=c9a10f26835802c1631caae5a7b7d46030c24174&profile_id=164
sensitive, https://media.signbsl.com/videos/asl/aslsearch/mp4/sore.mp4
sensitive teeth, https://media.signbsl.com/videos/asl/youtube/mp4/30lBu7dSuXM.mp4
sensitize, https://media.signbsl.com/videos/asl/youtube/mp4/iup1L7_Cf_M.mp4
sensitized, https://player.vimeo.com/external/392645493.sd.mp4?s=c9a10f26835802c1631caae5a7b7d46030c24174&profile_id=164
sensor, https://media.signbsl.com/videos/asl/AustinCommunityCollege/mp4/auto_sensor_.mp4
sensorial, https://media.signbsl.com/videos/asl/youtube/mp4/OlWaGJXq8sg.mp4
sensory, https://media.signbsl.com/videos/asl/youtube/mp4/OlWaGJXq8sg.mp4
sensory receptor, https://media.signbsl.com/videos/asl/youtube/mp4/4E1Bsx6quC4.mp4
sensual, https://media.signbsl.com/videos/asl/youtube/mp4/C9RVNVtNRKY.mp4
sensualist, https://media.signbsl.com/videos/asl/youtube/mp4/uxGYf6Fpct4.mp4
sensually, https://media.signbsl.com/videos/asl/youtube/mp4/K1ph7RZnVP8.mp4
sentence, https://media.signbsl.com/videos/asl/startasl/mp4/sentence.mp4
sentence structure, https://media.signbsl.com/videos/asl/elementalaslconcepts/mp4/sentence_structure.mp4
sententious, https://media.signbsl.com/videos/asl/youtube/mp4/KJ0lkakJlTs.mp4
sentiment, https://media.signbsl.com/videos/asl/aslsignbank/mp4/OPINION-1536.mp4
sentimental, https://media.signbsl.com/videos/asl/youtube/mp4/qPTmI3PI6CE.mp4
sentimentalist, https://media.signbsl.com/videos/asl/youtube/mp4/Y8-5VRTB6g0.mp4
sentinel, https://media.signbsl.com/videos/asl/youtube/mp4/k5tly7rid2Y.mp4
sentry, https://media.signbsl.com/videos/asl/youtube/mp4/k5tly7rid2Y.mp4
Sep, https://player.vimeo.com/external/393637054.sd.mp4?s=8cab4861e4f4a6b4763c447b4d2ec0ffbafe1168&profile_id=164
Sep 11, https://player.vimeo.com/external/392645315.sd.mp4?s=116ab52356bc284ed297fc6a67cc6814dd2c3eaf&profile_id=164
separate, https://media.signbsl.com/videos/asl/aslsignbank/mp4/DIVIDE-803.mp4
separated, https://media.signbsl.com/videos/asl/youtube/mp4/rRDZeveZ_vY.mp4
separately, https://media.signbsl.com/videos/asl/youtube/mp4/CTSy_bVkevM.mp4
separate out, https://media.signbsl.com/videos/asl/elementalaslconcepts/mp4/filter.mp4
separation, https://media.signbsl.com/videos/asl/valleybible/mp4/separation.mp4
separatism, https://media.signbsl.com/videos/asl/youtube/mp4/0EfvV2MZDUY.mp4
separator, https://media.signbsl.com/videos/asl/youtube/mp4/RRF8xaK7kPg.mp4
sepsis, https://media.signbsl.com/videos/asl/youtube/mp4/FOvK9bKTmH0.mp4
Sept, https://player.vimeo.com/external/393637054.sd.mp4?s=8cab4861e4f4a6b4763c447b4d2ec0ffbafe1168&profile_id=164
Sept. 11, NA
September, https://player.vimeo.com/external/393637054.sd.mp4?s=8cab4861e4f4a6b4763c447b4d2ec0ffbafe1168&profile_id=164
September 11, https://player.vimeo.com/external/392645315.sd.mp4?s=116ab52356bc284ed297fc6a67cc6814dd2c3eaf&profile_id=164
septuple, https://media.signbsl.com/videos/asl/youtube/mp4/tJCUeJl8xi8.mp4
sepulture, https://media.signbsl.com/videos/asl/aslsignbank/mp4/FUNERAL-3358.mp4
sequel, https://media.signbsl.com/videos/asl/aslsignbank/mp4/PROCESS-936.mp4
sequence, https://media.signbsl.com/videos/asl/tsdvideo/mp4/350.mp4
sequent, https://media.signbsl.com/videos/asl/youtube/mp4/9VceugS3Hxs.mp4
sequential, https://media.signbsl.com/videos/asl/youtube/mp4/9VceugS3Hxs.mp4
sequester, https://media.signbsl.com/videos/asl/ids/mp4/2013-11-4410-set-apart-1500k-ase.mp4
sequestrate, https://media.signbsl.com/videos/asl/ids/mp4/2013-11-4410-set-apart-1500k-ase.mp4
sequestration, https://media.signbsl.com/videos/asl/elementalaslconcepts/mp4/segregation.mp4
sequined, https://media.signbsl.com/videos/asl/youtube/mp4/Y91trde2-Sw.mp4
sera, https://media.signbsl.com/videos/asl/youtube/mp4/oN_D7PVfo20.mp4
seraglio, https://media.signbsl.com/videos/asl/youtube/mp4/yjGzbiFwvuM.mp4
serail, https://media.signbsl.com/videos/asl/youtube/mp4/yjGzbiFwvuM.mp4
seraph, https://media.signbsl.com/videos/asl/youtube/mp4/iSsq7iKXuVE.mp4
Serbia, https://media.signbsl.com/videos/asl/youtube/mp4/EQIiodbZrXM.mp4
Serbia and Montenegro, https://player.vimeo.com/external/392877004.sd.mp4?s=27ab3a612b9678b564ed8289216e72f62f401837&profile_id=164
serenade, https://media.signbsl.com/videos/asl/youtube/mp4/jiE_O24ASEI.mp4
serendipitous, https://media.signbsl.com/videos/asl/youtube/mp4/ekym3R9JQ_4.mp4
serene, https://media.signbsl.com/videos/asl/aslsignbank/mp4/PEACE-2281.mp4
serenity, https://media.signbsl.com/videos/asl/youtube/mp4/wL1DvLSQ6QI.mp4
serial, https://media.signbsl.com/videos/asl/youtube/mp4/9VceugS3Hxs.mp4
sericeous, https://media.signbsl.com/videos/asl/youtube/mp4/s5XQM2MN-l0.mp4
series, https://media.signbsl.com/videos/asl/youtube/mp4/IgbEusrwjP4.mp4
series circuit, https://media.signbsl.com/videos/asl/AustinCommunityCollege/mp4/elec_series_circuits_.mp4
series circuits, https://media.signbsl.com/videos/asl/AustinCommunityCollege/mp4/elec_series_circuits_.mp4
serious, https://media.signbsl.com/videos/asl/signlanguagestudent/mp4/serious.mp4
seriously, https://media.signbsl.com/videos/asl/youtube/mp4/-9KkixSFWlk.mp4
sermon, https://media.signbsl.com/videos/asl/aslsearch/mp4/sermon.mp4
sermoniser, https://media.signbsl.com/videos/asl/aslsignbank/mp4/PREACHER-2516.mp4
sermonizer, https://media.signbsl.com/videos/asl/aslsignbank/mp4/PREACHER-2516.mp4
Sermon on the Mount, https://media.signbsl.com/videos/asl/ids/mp4/2013-11-4380-sermon-on-the-mount-1500k-ase.mp4
serology, https://media.signbsl.com/videos/asl/youtube/mp4/9EByRpIWtyY.mp4
serotonin, https://media.signbsl.com/videos/asl/youtube/mp4/_az46MwGafI.mp4
serpent, https://media.signbsl.com/videos/asl/startasl/mp4/snake.mp4
serpentine, https://media.signbsl.com/videos/asl/youtube/mp4/HfeArxRIEKg.mp4
servant, https://media.signbsl.com/videos/asl/ids/mp4/2013-11-4390-servant-1500k-ase.mp4
serve, https://media.signbsl.com/videos/asl/aslsignbank/mp4/SERVE-1021.mp4
serve god, https://media.signbsl.com/videos/asl/youtube/mp4/T0ORoxKRpCU.mp4
server, https://media.signbsl.com/videos/asl/aslsearch/mp4/server.mp4
Serve Service, https://media.signbsl.com/videos/asl/ids/mp4/2013-11-4400-serve-service-1500k-ase.mp4
serve tennis, https://media.signbsl.com/videos/asl/youtube/mp4/ua4Q1aQxwJ8.mp4
serve volleyball, https://media.signbsl.com/videos/asl/youtube/mp4/YDL4XJUUXa8.mp4
service, https://media.signbsl.com/videos/asl/startasl/mp4/service.mp4
serviceable, https://media.signbsl.com/videos/asl/youtube/mp4/Wt0OCERSGjM.mp4
Service Animal, https://player.vimeo.com/external/392747867.sd.mp4?s=b82552d0f86cdfcffff89cdcd67b810110b4a28f&profile_id=164
serviceman, https://media.signbsl.com/videos/asl/youtube/mp4/BShL7sluaRo.mp4
service of summons complaint, https://media.signbsl.com/videos/asl/unoclimb/mp4/_CWm8tAUAgA.mp4
service pack, https://media.signbsl.com/videos/asl/deaftec/mp4/1053.mp4
servicewoman, https://media.signbsl.com/videos/asl/youtube/mp4/wxd4PVqier0.mp4
serviette, https://media.signbsl.com/videos/asl/aslsignbank/mp4/ENVELOPE-2890.mp4
servile, https://media.signbsl.com/videos/asl/youtube/mp4/pLmqEKjA5dc.mp4
serving, https://media.signbsl.com/videos/asl/youtube/mp4/yXLYVHh-sco.mp4
serving spoon, https://player.vimeo.com/external/392747937.sd.mp4?s=be184b620fe24aea447693b6e21d3b4fae04880f&profile_id=164
sesquicentennial, https://media.signbsl.com/videos/asl/youtube/mp4/JT-q9BtVHpo.mp4
sess, https://media.signbsl.com/videos/asl/youtube/mp4/FdUZb3NFrj0.mp4
sessile, https://media.signbsl.com/videos/asl/youtube/mp4/NDcP6h8ZQcM.mp4
session, https://media.signbsl.com/videos/asl/youtube/mp4/ZJs-3r67hPw.mp4
sestet, https://media.signbsl.com/videos/asl/youtube/mp4/5kqeH5kRW2g.mp4
set, https://media.signbsl.com/videos/asl/tsdvideo/mp4/1068.mp4
set (ready to run), https://media.signbsl.com/videos/asl/youtube/mp4/YBcLjJmhrDk.mp4
set about, https://media.signbsl.com/videos/asl/aslsignbank/mp4/START-619.mp4
set a clock, https://media.signbsl.com/videos/asl/youtube/mp4/hdaX0tb-Dy0.mp4
set a gemstone, https://media.signbsl.com/videos/asl/youtube/mp4/wg9w5ku6eRg.mp4
set apart, https://media.signbsl.com/videos/asl/ids/mp4/2013-11-4410-set-apart-1500k-ase.mp4
set back, https://media.signbsl.com/videos/asl/aslsearch/mp4/defer.mp4
setback, https://media.signbsl.com/videos/asl/aslsearch/mp4/defer.mp4
set builder notation, https://media.signbsl.com/videos/asl/youtube/mp4/3rom0DeX2V0.mp4
set down, https://media.signbsl.com/videos/asl/aslsearch/mp4/jot-down.mp4
set expression, https://media.signbsl.com/videos/asl/youtube/mp4/8dvCThVPtPg.mp4
set list, https://media.signbsl.com/videos/asl/youtube/mp4/N4-bLWOIelk.mp4
setlist, https://media.signbsl.com/videos/asl/youtube/mp4/N4-bLWOIelk.mp4
set mind made up, https://media.signbsl.com/videos/asl/youtube/mp4/LCHmufaUDhI.mp4
set off, https://media.signbsl.com/videos/asl/AustinCommunityCollege/mp4/weld_trigger_.mp4
set on, https://media.signbsl.com/videos/asl/youtube/mp4/vmmF0vFFnlE.mp4
set out, https://media.signbsl.com/videos/asl/aslsignbank/mp4/START-619.mp4
set ready to run, https://media.signbsl.com/videos/asl/youtube/mp4/YBcLjJmhrDk.mp4
sets, https://media.signbsl.com/videos/asl/tsdvideo/mp4/1068.mp4
sett, https://player.vimeo.com/external/391390652.sd.mp4?s=ad8a3a62984f31b307643e0de682dd7faba23170&profile_id=164
setter, https://media.signbsl.com/videos/asl/youtube/mp4/zyz0xswSW14.mp4
setting, https://media.signbsl.com/videos/asl/elementalaslconcepts/mp4/setting.mp4
settle, https://media.signbsl.com/videos/asl/handsofgrace/mp4/YhnQBnA-e0A.mp4
settle down, https://media.signbsl.com/videos/asl/aslsignbank/mp4/E(calm-down)-1908.mp4
settlement, https://media.signbsl.com/videos/asl/elementalaslconcepts/mp4/settlement.mp4
settler, https://media.signbsl.com/videos/asl/elementalaslconcepts/mp4/colonists.mp4
set to, https://media.signbsl.com/videos/asl/youtube/mp4/Z-wqVBMWwuA.mp4
set up, https://media.signbsl.com/videos/asl/aslsignbank/mp4/SET-UP-1023.mp4
setup, https://media.signbsl.com/videos/asl/aslsignbank/mp4/SET-UP-1023.mp4
set up in different places, https://media.signbsl.com/videos/asl/youtube/mp4/PBBcs8PhSsU.mp4
seven, https://media.signbsl.com/videos/asl/aslsignbank/mp4/SEVEN-641.mp4
seven by seven, https://media.signbsl.com/videos/asl/youtube/mp4/YwW2Qo0sVNQ.mp4
seven days, https://media.signbsl.com/videos/asl/aslsignbank/mp4/NUMBER-DAYS-2814.mp4
seven days ago, https://media.signbsl.com/videos/asl/youtube/mp4/tx9CTJN8BOQ.mp4
seven days later, https://media.signbsl.com/videos/asl/youtube/mp4/2M4XIJ-yqKY.mp4
seven dollars, https://media.signbsl.com/videos/asl/youtube/mp4/4E_nCgVuxxk.mp4
sevenfold, https://media.signbsl.com/videos/asl/youtube/mp4/tJCUeJl8xi8.mp4
seven hours, https://media.signbsl.com/videos/asl/youtube/mp4/tx18Ct6Aqok.mp4
seven hundred, https://media.signbsl.com/videos/asl/aslsearch/mp4/seven-hundred.mp4
seven minutes, https://media.signbsl.com/videos/asl/youtube/mp4/tEgYuq84B6c.mp4
seven months, https://media.signbsl.com/videos/asl/youtube/mp4/4NCrE4H9YoM.mp4
seven oclock, https://media.signbsl.com/videos/asl/youtube/mp4/j97yLp7w1pQ.mp4
seven of them, https://media.signbsl.com/videos/asl/youtube/mp4/-gmh1WrXvZ4.mp4
seven of us, https://media.signbsl.com/videos/asl/youtube/mp4/jsXi4x4L_qM.mp4
seven points, https://media.signbsl.com/videos/asl/youtube/mp4/tpYBFolvc38.mp4
sevens, https://media.signbsl.com/videos/asl/elementalaslconcepts/mp4/parliament.mp4
seventeen, https://media.signbsl.com/videos/asl/aslsignbank/mp4/SEVENTEEN-2520.mp4
seventh, https://media.signbsl.com/videos/asl/tsdvideo/mp4/1194.mp4
seventh heaven, https://media.signbsl.com/videos/asl/youtube/mp4/jvw2yCiIy_0.mp4
seventh place, https://media.signbsl.com/videos/asl/youtube/mp4/Ixtx13kHTpA.mp4
seven times, https://media.signbsl.com/videos/asl/youtube/mp4/Iba0j5bGhxA.mp4
seventy, https://media.signbsl.com/videos/asl/tsdvideo/mp4/403.mp4
seventy eight, https://media.signbsl.com/videos/asl/aslsignbank/mp4/SEVENTY-EIGHT-2825.mp4
seventy five, https://media.signbsl.com/videos/asl/youtube/mp4/WyYz0Y6veHw.mp4
seventy five cents, https://media.signbsl.com/videos/asl/mariekatzenbachschool/mp4/seventy%20five%20cents.mp4
seventy four, https://media.signbsl.com/videos/asl/youtube/mp4/C09kfVnRWW0.mp4
seventy nine, https://media.signbsl.com/videos/asl/aslsignbank/mp4/SEVENTY-NINE-2826.mp4
seventy one, https://media.signbsl.com/videos/asl/aslsignbank/mp4/SEVENTY-ONE-2821.mp4
seventy seven, https://media.signbsl.com/videos/asl/youtube/mp4/x4fUBWBioq4.mp4
seventy six, https://media.signbsl.com/videos/asl/aslsignbank/mp4/SEVENTY-SIX-2824.mp4
seventy three, https://media.signbsl.com/videos/asl/aslsignbank/mp4/SEVENTY-THREE-2823.mp4
seventy two, https://media.signbsl.com/videos/asl/aslsignbank/mp4/SEVENTY-TWO-2822.mp4
seven weeks, https://media.signbsl.com/videos/asl/youtube/mp4/c2hqLU8pdhk.mp4
seven weeks ago, https://media.signbsl.com/videos/asl/youtube/mp4/cV0C7TjuyR0.mp4
seven weeks later, https://media.signbsl.com/videos/asl/youtube/mp4/2tgZr0antpc.mp4
seven years ago, https://media.signbsl.com/videos/asl/youtube/mp4/DxEq2fMqi7c.mp4
seven years later, https://media.signbsl.com/videos/asl/youtube/mp4/hMZg7ZiHCfQ.mp4
sever, https://media.signbsl.com/videos/asl/aslsearch/mp4/sever.mp4
several, NA
severalise, https://media.signbsl.com/videos/asl/youtube/mp4/RQRYjUrdbTg.mp4
severalize, https://media.signbsl.com/videos/asl/youtube/mp4/RQRYjUrdbTg.mp4
severally, https://media.signbsl.com/videos/asl/youtube/mp4/CTSy_bVkevM.mp4
severance, https://media.signbsl.com/videos/asl/youtube/mp4/7miB1JlJAp8.mp4
severance pay, https://media.signbsl.com/videos/asl/youtube/mp4/7miB1JlJAp8.mp4
severe, https://media.signbsl.com/videos/asl/youtube/mp4/xr0X2zI0eH4.mp4
severely, https://media.signbsl.com/videos/asl/youtube/mp4/-9KkixSFWlk.mp4
severity, https://player.vimeo.com/external/392166272.sd.mp4?s=11af282f0754c071fd9e78c89ec8dc464eaf0401&profile_id=164
sew, https://media.signbsl.com/videos/asl/aslsignbank/mp4/SEW-1027.mp4
sewer, https://media.signbsl.com/videos/asl/youtube/mp4/x3eCFtf1h7M.mp4
sewerage, https://media.signbsl.com/videos/asl/youtube/mp4/x3eCFtf1h7M.mp4
sewer water, https://media.signbsl.com/videos/asl/youtube/mp4/rHoq4p28Sv0.mp4
sewing, https://media.signbsl.com/videos/asl/startasl/mp4/sewing.mp4
sewing machine, https://media.signbsl.com/videos/asl/aslsearch/mp4/sewing-machine.mp4
sewing needle, https://media.signbsl.com/videos/asl/thefamilyvocab/mp4/dragonfly.mp4
sew together, https://media.signbsl.com/videos/asl/aslsignbank/mp4/SEW-1027.mp4
sew with a sewing machine, https://media.signbsl.com/videos/asl/youtube/mp4/T8VgxTiCNiw.mp4
sex, https://media.signbsl.com/videos/asl/ids/mp4/2013-11-4430-sex-sexual-1500k-ase.mp4
sex activity, https://media.signbsl.com/videos/asl/aslsearch/mp4/sex2.mp4
sex appeal, https://media.signbsl.com/videos/asl/youtube/mp4/nqZ0oz1cQbo.mp4
sex bomb, https://media.signbsl.com/videos/asl/youtube/mp4/O_TnkaJAORI.mp4
sex gland, https://media.signbsl.com/videos/asl/youtube/mp4/RhPmb104K2c.mp4
sexily, https://media.signbsl.com/videos/asl/youtube/mp4/MbKhxrkXOU4.mp4
sexism, https://media.signbsl.com/videos/asl/youtube/mp4/PplSUEOOkWc.mp4
sexist, https://media.signbsl.com/videos/asl/youtube/mp4/wpWu4nywiJk.mp4
sex kitten, https://media.signbsl.com/videos/asl/youtube/mp4/O_TnkaJAORI.mp4
sexless, https://media.signbsl.com/videos/asl/youtube/mp4/MURGRadEnJU.mp4
sexologist, https://media.signbsl.com/videos/asl/youtube/mp4/Au_TOfOD01Y.mp4
sexpot, https://media.signbsl.com/videos/asl/youtube/mp4/O_TnkaJAORI.mp4
sext, https://media.signbsl.com/videos/asl/youtube/mp4/TCOwUAXOVLo.mp4
sextet, https://media.signbsl.com/videos/asl/youtube/mp4/5kqeH5kRW2g.mp4
sextette, https://media.signbsl.com/videos/asl/youtube/mp4/5kqeH5kRW2g.mp4
sexton, https://media.signbsl.com/videos/asl/youtube/mp4/Jq_HdcZA-bc.mp4
sextuple, https://media.signbsl.com/videos/asl/youtube/mp4/Ci-S-5CfFOg.mp4
sexual, https://media.signbsl.com/videos/asl/youtube/mp4/yMOcaIIFK54.mp4
sexual abstention, https://media.signbsl.com/videos/asl/signlanguagestudent/mp4/chastity.mp4
sexual abuse, NA
sexual activity, https://media.signbsl.com/videos/asl/aslsearch/mp4/sex2.mp4
sexual desire, https://media.signbsl.com/videos/asl/youtube/mp4/CXoxuaHSmwc.mp4
sexual immorality, NA
sexual practice, https://media.signbsl.com/videos/asl/aslsearch/mp4/sex2.mp4
sexy, https://media.signbsl.com/videos/asl/aslsearch/mp4/sexy.mp4
shabbat, https://media.signbsl.com/videos/asl/signlanguagestudent/mp4/sabbath.mp4
shabbily, https://media.signbsl.com/videos/asl/youtube/mp4/QyM2KdwZhJ8.mp4
shabby, https://media.signbsl.com/videos/asl/youtube/mp4/LZQEuG1ldcE.mp4
shack, https://media.signbsl.com/videos/asl/aslsearch/mp4/live.mp4
shackle, https://player.vimeo.com/external/392163343.sd.mp4?s=fe514ce4198e7e29c7c02f011a0d6915cf5cfaac&profile_id=164
shack up, https://media.signbsl.com/videos/asl/youtube/mp4/hfX1Ty9a8tw.mp4
shade, https://media.signbsl.com/videos/asl/aslsignbank/mp4/GHOST-1879.mp4
shades, https://media.signbsl.com/videos/asl/startasl/mp4/sunglasses.mp4
shadier, https://media.signbsl.com/videos/asl/youtube/mp4/W3-XwF2dLO0.mp4
shadily, https://media.signbsl.com/videos/asl/youtube/mp4/BfohZ8_kUK4.mp4
shadiness, https://media.signbsl.com/videos/asl/youtube/mp4/T3IDwU9mE04.mp4
shadow, https://media.signbsl.com/videos/asl/aslsearch/mp4/shadow.mp4
shadowiness, https://media.signbsl.com/videos/asl/youtube/mp4/T3IDwU9mE04.mp4
shadowy, https://media.signbsl.com/videos/asl/aslsearch/mp4/vague.mp4
shady, https://player.vimeo.com/external/392127427.sd.mp4?s=e92875d83b1f664e3b8a5ebd00a0c18d840a10d0&profile_id=164
shaft, https://media.signbsl.com/videos/asl/tsdvideo/mp4/1228.mp4
shaft of light, https://media.signbsl.com/videos/asl/tsdvideo/mp4/1228.mp4
shag, https://media.signbsl.com/videos/asl/aslsignbank/mp4/INTERCOURSE-2909.mp4
shagginess, https://media.signbsl.com/videos/asl/youtube/mp4/sGnaDE2oOG8.mp4
shaggy, https://media.signbsl.com/videos/asl/youtube/mp4/QTEYIbHTwfY.mp4
shahaada, https://media.signbsl.com/videos/asl/youtube/mp4/QGwBr5nrDlw.mp4
shake, https://media.signbsl.com/videos/asl/aslsearch/mp4/shake.mp4
shake hands, https://media.signbsl.com/videos/asl/aslsearch/mp4/shake-hands.mp4
shake off, https://player.vimeo.com/external/392514137.sd.mp4?s=cdf7ec03ed9c55bd3f8df081ea1fea22d04333e6&profile_id=164
shake on, https://media.signbsl.com/videos/asl/youtube/mp4/lGK0ojpZpv8.mp4
shakes, https://media.signbsl.com/videos/asl/aslsearch/mp4/shake.mp4
shakier, https://media.signbsl.com/videos/asl/youtube/mp4/HqJul4zKcXU.mp4
shakily, https://media.signbsl.com/videos/asl/youtube/mp4/HVjknSM2Pzs.mp4
shako, https://media.signbsl.com/videos/asl/youtube/mp4/lQBdHE2gWcc.mp4
shall, https://media.signbsl.com/videos/asl/signlanguagestudent/mp4/shall.mp4
shallow, https://media.signbsl.com/videos/asl/youtube/mp4/sTDy0HbEnXY.mp4
shallower, https://media.signbsl.com/videos/asl/youtube/mp4/fPJvCgvh7j8.mp4
sham, https://media.signbsl.com/videos/asl/aslsearch/mp4/pretend.mp4
shaman, https://media.signbsl.com/videos/asl/youtube/mp4/m9x2SuftpCQ.mp4
shamble, https://media.signbsl.com/videos/asl/youtube/mp4/sxeWeiCoM7k.mp4
shame, https://media.signbsl.com/videos/asl/aslsearch/mp4/shame.mp4
shame faced, https://player.vimeo.com/external/392748005.sd.mp4?s=538efce194b0d5573027906cc85f639b57cc7a03&profile_id=164
shamefaced, https://player.vimeo.com/external/392748005.sd.mp4?s=538efce194b0d5573027906cc85f639b57cc7a03&profile_id=164
shameful, https://media.signbsl.com/videos/asl/youtube/mp4/Qwn3BrtC678.mp4
shameless, https://media.signbsl.com/videos/asl/youtube/mp4/RCMBYC_c2oY.mp4
shame on, https://media.signbsl.com/videos/asl/youtube/mp4/VohAO6Dc2bg.mp4
shammer, https://media.signbsl.com/videos/asl/youtube/mp4/eJelWC5cGbA.mp4
shampoo, https://media.signbsl.com/videos/asl/aslsearch/mp4/shampoo.mp4
shampooer, https://media.signbsl.com/videos/asl/youtube/mp4/V1bl98nv35k.mp4
shamrock, https://media.signbsl.com/videos/asl/youtube/mp4/LGpHnpOauRE.mp4
Shangri la, https://media.signbsl.com/videos/asl/ids/mp4/2013-11-3420-paradise-1500k-ase.mp4
shantytown, https://media.signbsl.com/videos/asl/youtube/mp4/lWrBnxyU8Wo.mp4
shape, https://media.signbsl.com/videos/asl/tsdvideo/mp4/191.mp4
shapeless, https://media.signbsl.com/videos/asl/youtube/mp4/vcrTWOBd9sw.mp4
shard, https://media.signbsl.com/videos/asl/youtube/mp4/Zyrv59BcDYc.mp4
share, https://media.signbsl.com/videos/asl/aslsignbank/mp4/SHARE-251.mp4
sharecrop, https://media.signbsl.com/videos/asl/youtube/mp4/rcpcxJUYim8.mp4
sharecrop farmer, https://media.signbsl.com/videos/asl/youtube/mp4/nUD9KgRctYo.mp4
sharecropper, https://media.signbsl.com/videos/asl/youtube/mp4/nUD9KgRctYo.mp4
sharecropping, https://media.signbsl.com/videos/asl/elementalaslconcepts/mp4/sharecropping.mp4
shareholder, https://media.signbsl.com/videos/asl/youtube/mp4/kXXN2GVB9rQ.mp4
shareowner, https://media.signbsl.com/videos/asl/youtube/mp4/kXXN2GVB9rQ.mp4
Sharing the Gospel, https://media.signbsl.com/videos/asl/ids/mp4/2013-11-4440-sharing-the-gospel-1500k-ase.mp4
shark, https://media.signbsl.com/videos/asl/aslsearch/mp4/shark.mp4
sharkskin, https://media.signbsl.com/videos/asl/youtube/mp4/70OR3TTl9NI.mp4
sharp, https://media.signbsl.com/videos/asl/youtube/mp4/eTizYpjpklc.mp4
sharpen, https://media.signbsl.com/videos/asl/youtube/mp4/HMX3sYQ_sA4.mp4
sharpener, https://media.signbsl.com/videos/asl/youtube/mp4/vgeRwcDrZfk.mp4
sharper, https://media.signbsl.com/videos/asl/youtube/mp4/4XE_iwb-gT0.mp4
sharpie, https://media.signbsl.com/videos/asl/youtube/mp4/4XE_iwb-gT0.mp4
sharply, https://media.signbsl.com/videos/asl/youtube/mp4/O1457jzrxAM.mp4
sharpness, https://media.signbsl.com/videos/asl/youtube/mp4/wyrkYDpI3js.mp4
sharp set, https://player.vimeo.com/external/392124259.sd.mp4?s=8941444da32728bdaad314f33eb69a53294b7f4f&profile_id=164
sharpshooter, https://media.signbsl.com/videos/asl/youtube/mp4/6X4ouES1HUo.mp4
sharpshooting, https://media.signbsl.com/videos/asl/youtube/mp4/zGbZAvjoCWc.mp4
sharpy, https://media.signbsl.com/videos/asl/youtube/mp4/4XE_iwb-gT0.mp4
shatterproof, https://media.signbsl.com/videos/asl/youtube/mp4/qFe3lWELsRw.mp4
shatterproof glass, https://media.signbsl.com/videos/asl/AustinCommunityCollege/mp4/weld_safety_glasses_.mp4
shave, https://media.signbsl.com/videos/asl/startasl/mp4/shave.mp4
shave head, https://media.signbsl.com/videos/asl/youtube/mp4/r8mfn-FHMi4.mp4
shaver, https://media.signbsl.com/videos/asl/startasl/mp4/children.mp4
shave someones head, https://media.signbsl.com/videos/asl/youtube/mp4/R0y6zIAsOtQ.mp4
she, https://media.signbsl.com/videos/asl/aslsearch/mp4/she.mp4
sheaf, https://media.signbsl.com/videos/asl/youtube/mp4/rkEsu24WK14.mp4
shear, https://media.signbsl.com/videos/asl/youtube/mp4/m1gYibP0VKw.mp4
Shearer, https://media.signbsl.com/videos/asl/youtube/mp4/yxxUpZALZFw.mp4
sheath, https://media.signbsl.com/videos/asl/youtube/mp4/xcEQGuPBJWY.mp4
shebeen, https://media.signbsl.com/videos/asl/youtube/mp4/sZ-JlPXBTRA.mp4
she bop, https://media.signbsl.com/videos/asl/youtube/mp4/E3kNX5NOBw4.mp4
shed, https://media.signbsl.com/videos/asl/aslsearch/mp4/shed.mp4
shed blood, https://media.signbsl.com/videos/asl/aslsignbank/mp4/BLOOD-416.mp4
Shedding of Innocent Blood, https://media.signbsl.com/videos/asl/ids/mp4/2013-11-4450-shedding-of-innocent-blood-1500k-ase.mp4
sheen, https://media.signbsl.com/videos/asl/elementalaslconcepts/mp4/luster.mp4
sheeny, https://media.signbsl.com/videos/asl/aslsearch/mp4/glossy.mp4
sheep, https://media.signbsl.com/videos/asl/aslsearch/mp4/sheep.mp4
sheepherder, https://media.signbsl.com/videos/asl/youtube/mp4/zzc33EjC0hI.mp4
sheepman, https://media.signbsl.com/videos/asl/youtube/mp4/6JjFsH7nMLs.mp4
sheepskin, https://media.signbsl.com/videos/asl/aslsearch/mp4/diploma.mp4
sheer, https://media.signbsl.com/videos/asl/youtube/mp4/4EPsTS5xk-A.mp4
sheerer, https://media.signbsl.com/videos/asl/youtube/mp4/B97FXgCBI5A.mp4
sheesha, https://player.vimeo.com/external/392184956.sd.mp4?s=0762a602630e6028ed32858ede539cd50493dc11&profile_id=164
sheet, https://media.signbsl.com/videos/asl/startasl/mp4/sheets.mp4
sheet cake, https://media.signbsl.com/videos/asl/youtube/mp4/nqWuQRSCCHE.mp4
sheetlike, https://media.signbsl.com/videos/asl/youtube/mp4/I0ON4iFlVWs.mp4
sheets, https://media.signbsl.com/videos/asl/startasl/mp4/sheets.mp4
she goat, https://media.signbsl.com/videos/asl/youtube/mp4/c2rhlqwHmS4.mp4
sheik, https://media.signbsl.com/videos/asl/youtube/mp4/_BkdL-AhgsA.mp4
shekels, https://media.signbsl.com/videos/asl/youtube/mp4/3WtmZlJ5YxA.mp4
shelf, https://media.signbsl.com/videos/asl/startasl/mp4/shelves.mp4
shell, https://media.signbsl.com/videos/asl/elementalaslconcepts/mp4/carapace.mp4
shellac, https://media.signbsl.com/videos/asl/youtube/mp4/N9Jtmv-WHPQ.mp4
shellac varnish, https://media.signbsl.com/videos/asl/youtube/mp4/N9Jtmv-WHPQ.mp4
shellfish, https://media.signbsl.com/videos/asl/youtube/mp4/qnoc2W_Ln_4.mp4
shell parakeet, https://media.signbsl.com/videos/asl/youtube/mp4/q3_OWnP5bhg.mp4
shelter, https://media.signbsl.com/videos/asl/elementalaslconcepts/mp4/shelter.mp4
shelve, https://media.signbsl.com/videos/asl/aslsearch/mp4/defer.mp4
shelves, https://media.signbsl.com/videos/asl/startasl/mp4/shelves.mp4
shenanigan, https://media.signbsl.com/videos/asl/youtube/mp4/WMntYWP2Pgw.mp4
shepherd, https://media.signbsl.com/videos/asl/youtube/mp4/zzc33EjC0hI.mp4
sherbert, https://media.signbsl.com/videos/asl/youtube/mp4/lGAo2cAKx1U.mp4
sherbet, https://media.signbsl.com/videos/asl/youtube/mp4/lGAo2cAKx1U.mp4
sherd, https://media.signbsl.com/videos/asl/youtube/mp4/Zyrv59BcDYc.mp4
sheriff, https://media.signbsl.com/videos/asl/youtube/mp4/QdnTx8lX0gQ.mp4
shh, https://media.signbsl.com/videos/asl/youtube/mp4/5qHxxNub3qk.mp4
Shia, https://media.signbsl.com/videos/asl/youtube/mp4/GUlqpUfYaZ0.mp4
Shiah, https://media.signbsl.com/videos/asl/youtube/mp4/GUlqpUfYaZ0.mp4
Shiah Islam, https://media.signbsl.com/videos/asl/youtube/mp4/GUlqpUfYaZ0.mp4
shibboleth, https://media.signbsl.com/videos/asl/youtube/mp4/0FsU0ZjAiPo.mp4
shield, https://media.signbsl.com/videos/asl/aslsearch/mp4/shield.mp4
shielder, https://player.vimeo.com/external/392679984.sd.mp4?s=cb757ff4887de280d6a2761c05f83a02a4fe28d8&profile_id=164
shield full face, https://media.signbsl.com/videos/asl/AustinCommunityCollege/mp4/weld_shield_fullface_.mp4
shielding gas, https://media.signbsl.com/videos/asl/AustinCommunityCollege/mp4/weld_shielding_gas_.mp4
shift, https://media.signbsl.com/videos/asl/youtube/mp4/FpqQnjHPf70.mp4
shift attention fast, https://media.signbsl.com/videos/asl/youtube/mp4/w4Br1lUB4PQ.mp4
shifter, https://player.vimeo.com/external/392142493.sd.mp4?s=a700fc00880906abd36a9809be32ce65cff7da95&profile_id=164
shiftily, https://media.signbsl.com/videos/asl/youtube/mp4/uTVvZ0uTk54.mp4
shifting, https://media.signbsl.com/videos/asl/youtube/mp4/efmxrTjL1BY.mp4
shiftless, https://media.signbsl.com/videos/asl/youtube/mp4/-PHmdpbgWFw.mp4
shilling, https://media.signbsl.com/videos/asl/youtube/mp4/_QIUYKgf3t0.mp4
shillyshally, https://media.signbsl.com/videos/asl/signlanguagestudent/mp4/procrastinate.mp4
shimmer, https://media.signbsl.com/videos/asl/youtube/mp4/VZ8SmuS3gT0.mp4
shimmied, https://media.signbsl.com/videos/asl/youtube/mp4/omEpXn1KTZo.mp4
shimmy, https://media.signbsl.com/videos/asl/youtube/mp4/thH8DjKhJeg.mp4
shin, https://media.signbsl.com/videos/asl/youtube/mp4/rEW3OWDdYto.mp4
shine, https://media.signbsl.com/videos/asl/aslsearch/mp4/shine.mp4
shiner, https://media.signbsl.com/videos/asl/youtube/mp4/0xH6D8FS02M.mp4
shingle, https://media.signbsl.com/videos/asl/youtube/mp4/JgZpkzxhSTU.mp4
shingles, https://media.signbsl.com/videos/asl/youtube/mp4/9HZPfb7UoTM.mp4
shingly, https://media.signbsl.com/videos/asl/youtube/mp4/AfWbdoA88lw.mp4
shinguard, NA
shininess, https://media.signbsl.com/videos/asl/elementalaslconcepts/mp4/luster.mp4
shining, https://media.signbsl.com/videos/asl/elementalaslconcepts/mp4/sunny.mp4
shiny, https://media.signbsl.com/videos/asl/elementalaslconcepts/mp4/sunny.mp4
shiny clothes, https://media.signbsl.com/videos/asl/youtube/mp4/MlGbZFWLzbY.mp4
shiny dress, https://player.vimeo.com/external/392749046.sd.mp4?s=188067c5dc429adda13a92f85cf7a6a02616e701&profile_id=164
shiny eyes, https://media.signbsl.com/videos/asl/youtube/mp4/sW_M9mWaqvs.mp4
ship, https://media.signbsl.com/videos/asl/youtube/mp4/vvu_8z2fbxQ.mp4
shipboard, https://media.signbsl.com/videos/asl/youtube/mp4/vDhw0pmn1ak.mp4
shipboard soldier, https://media.signbsl.com/videos/asl/youtube/mp4/6VHbFTsu9T4.mp4
shipbuilder, https://media.signbsl.com/videos/asl/youtube/mp4/C0BPHUMTCD4.mp4
shipbuilding, https://media.signbsl.com/videos/asl/youtube/mp4/eOm4KTTWylY.mp4
shipload, https://media.signbsl.com/videos/asl/youtube/mp4/tYpTBJlXtlk.mp4
shipmate, https://media.signbsl.com/videos/asl/youtube/mp4/LLUwYK9u6Wg.mp4
shipment, https://media.signbsl.com/videos/asl/youtube/mp4/fdfwrq6WTVA.mp4
shipowner, https://media.signbsl.com/videos/asl/youtube/mp4/y_xDKuXHcw8.mp4
shipper, https://media.signbsl.com/videos/asl/youtube/mp4/Nt9yjr3813w.mp4
shipping, https://media.signbsl.com/videos/asl/youtube/mp4/7mw42j6RBA8.mp4
ship route, https://media.signbsl.com/videos/asl/youtube/mp4/rKNaKpog5ME.mp4
shipwreck, https://media.signbsl.com/videos/asl/youtube/mp4/oq8qYNXd8TI.mp4
shipwreck survivor, https://media.signbsl.com/videos/asl/youtube/mp4/H_25VFB00g8.mp4
shirk, https://media.signbsl.com/videos/asl/youtube/mp4/Z_QqargK-fM.mp4
shirt, https://media.signbsl.com/videos/asl/startasl/mp4/shirt.mp4
shirt-plaid, NA
shirtfront, https://media.signbsl.com/videos/asl/youtube/mp4/iDLM0Jkhnus.mp4
shirting, https://media.signbsl.com/videos/asl/youtube/mp4/HYaXgYuuSEw.mp4
shirtless, https://media.signbsl.com/videos/asl/youtube/mp4/69xooCC1KJA.mp4
shirt pocket, https://media.signbsl.com/videos/asl/youtube/mp4/ui_OD_F0D3c.mp4
shirtsleeve, https://media.signbsl.com/videos/asl/youtube/mp4/-1Gysz3Hpzs.mp4
shirt v-neck, https://media.signbsl.com/videos/asl/startasl/mp4/shirt-v-neck.mp4
shirt v neck, https://media.signbsl.com/videos/asl/startasl/mp4/shirt-v-neck.mp4
shisha, https://player.vimeo.com/external/392184956.sd.mp4?s=0762a602630e6028ed32858ede539cd50493dc11&profile_id=164
shish kebab, https://player.vimeo.com/external/392685262.sd.mp4?s=316617be086f5e4a1e3c5f09965194e5286acac7&profile_id=164
shit, https://media.signbsl.com/videos/asl/aslsearch/mp4/asshole.mp4
shite, https://media.signbsl.com/videos/asl/youtube/mp4/nd5FxzIzYnE.mp4
shithead, https://player.vimeo.com/external/391206075.sd.mp4?s=70036e65baeb2a49618c767f8923c823ff04370d&profile_id=164
shitlist, https://player.vimeo.com/external/391203886.sd.mp4?s=73da279b114e7205a795eac6fae9b448d665ad71&profile_id=164
shitting, https://media.signbsl.com/videos/asl/aslsearch/mp4/defecation.mp4
shitty, https://media.signbsl.com/videos/asl/startasl/mp4/lousy.mp4
shiver, https://media.signbsl.com/videos/asl/youtube/mp4/Hd8WeM-A_ns.mp4
shivery, https://media.signbsl.com/videos/asl/youtube/mp4/GGia-_aStrg.mp4
shnorr, https://media.signbsl.com/videos/asl/youtube/mp4/eL33MwyfV-c.mp4
shoal, https://media.signbsl.com/videos/asl/youtube/mp4/GAWhbk_oI6U.mp4
shoat, https://media.signbsl.com/videos/asl/youtube/mp4/KVXAaz_32LY.mp4
shock, https://media.signbsl.com/videos/asl/aslsignbank/mp4/SHOCK-1038.mp4
shocked, https://media.signbsl.com/videos/asl/youtube/mp4/Daxtk4Z34Jg.mp4
shocking, https://media.signbsl.com/videos/asl/youtube/mp4/7rmesHdOEcg.mp4
shockproof, https://media.signbsl.com/videos/asl/youtube/mp4/lchOZmMtOkw.mp4
shocks, https://media.signbsl.com/videos/asl/aslsignbank/mp4/SHOCK-1038.mp4
shod, https://media.signbsl.com/videos/asl/youtube/mp4/eDJt5AhmdLQ.mp4
shodden, https://media.signbsl.com/videos/asl/youtube/mp4/eDJt5AhmdLQ.mp4
shoddiness, https://media.signbsl.com/videos/asl/youtube/mp4/zvccxtUoJwc.mp4
shoe, https://media.signbsl.com/videos/asl/startasl/mp4/shoes.mp4
shoeblack, https://media.signbsl.com/videos/asl/youtube/mp4/RT3ax5sMlnQ.mp4
shoed, https://media.signbsl.com/videos/asl/youtube/mp4/eDJt5AhmdLQ.mp4
shoehorn, https://media.signbsl.com/videos/asl/youtube/mp4/qxnx0ZwPPXo.mp4
shoe lace, https://media.signbsl.com/videos/asl/aslsearch/mp4/shoelace.mp4
shoelace, https://media.signbsl.com/videos/asl/aslsearch/mp4/shoelace.mp4
shoeless, https://media.signbsl.com/videos/asl/youtube/mp4/4gd6BQMYB3s.mp4
shoemaker, https://media.signbsl.com/videos/asl/youtube/mp4/9vgN1xL-KD8.mp4
shoe polish, https://media.signbsl.com/videos/asl/youtube/mp4/BYacrrujeNg.mp4
shoes, https://media.signbsl.com/videos/asl/startasl/mp4/shoes.mp4
shoeshine, https://media.signbsl.com/videos/asl/youtube/mp4/r2LVvJV8tFQ.mp4
shoe string, https://media.signbsl.com/videos/asl/aslsearch/mp4/shoelace.mp4
shoestring, https://media.signbsl.com/videos/asl/aslsearch/mp4/shoelace.mp4
shofar, https://media.signbsl.com/videos/asl/youtube/mp4/EY81rkbLeHI.mp4
shogun, https://media.signbsl.com/videos/asl/youtube/mp4/h7W6g13gNVo.mp4
shogunate, https://player.vimeo.com/external/392541606.sd.mp4?s=1b3a2da28dbc0126def9f3efaab34660701135c4&profile_id=164
shoo, https://media.signbsl.com/videos/asl/aslsignbank/mp4/E(go-away)-1900.mp4
shoo away, https://media.signbsl.com/videos/asl/aslsignbank/mp4/E(go-away)-1900.mp4
shoo in, https://media.signbsl.com/videos/asl/youtube/mp4/RWXftblzl6I.mp4
shoo off, https://media.signbsl.com/videos/asl/aslsignbank/mp4/E(go-away)-1900.mp4
shoot, https://media.signbsl.com/videos/asl/startasl/mp4/darn.mp4
shoot (basketball), https://media.signbsl.com/videos/asl/youtube/mp4/a0z4O0AyMSE.mp4
shoot a line, https://media.signbsl.com/videos/asl/aslsearch/mp4/brag.mp4
shoot arrow, https://media.signbsl.com/videos/asl/youtube/mp4/fWytSs4iCzA.mp4
shoot basketball, https://media.signbsl.com/videos/asl/youtube/mp4/a0z4O0AyMSE.mp4
shooter, https://media.signbsl.com/videos/asl/youtube/mp4/uW9Vq_xRaMQ.mp4
shoot for, https://player.vimeo.com/external/392762264.sd.mp4?s=7f940383bf95d94bc2487cf15ecfecd0d05d508c&profile_id=164
shoot golf ball, https://media.signbsl.com/videos/asl/youtube/mp4/wZR4YZDEBHE.mp4
shoot hockey puck, https://media.signbsl.com/videos/asl/youtube/mp4/lHt0VpBC4nY.mp4
shooting, https://media.signbsl.com/videos/asl/aslsearch/mp4/shot.mp4
shooting range, NA
shootout, https://media.signbsl.com/videos/asl/youtube/mp4/1BPG8jc5kRQ.mp4
shoot soccer ball, https://media.signbsl.com/videos/asl/youtube/mp4/TkpUoWKGYcU.mp4
shoot the breeze, https://media.signbsl.com/videos/asl/startasl/mp4/gossip.mp4
shop, https://media.signbsl.com/videos/asl/startasl/mp4/store.mp4
shopaholic, https://media.signbsl.com/videos/asl/youtube/mp4/opEykE_EAxY.mp4
shop clerk, https://media.signbsl.com/videos/asl/youtube/mp4/nxQ4lFlfDL0.mp4
shopfront, https://media.signbsl.com/videos/asl/youtube/mp4/ZSYQ0MfoWPc.mp4
shophar, https://media.signbsl.com/videos/asl/youtube/mp4/EY81rkbLeHI.mp4
shopfront, https://media.signbsl.com/videos/asl/youtube/mp4/ZSYQ0MfoWPc.mp4
shophar, https://media.signbsl.com/videos/asl/youtube/mp4/EY81rkbLeHI.mp4
shopkeeper, https://media.signbsl.com/videos/asl/youtube/mp4/_j2LjFMqY6o.mp4
shoplift, https://media.signbsl.com/videos/asl/youtube/mp4/60x7PVww9ZU.mp4
shoplifter, https://media.signbsl.com/videos/asl/youtube/mp4/-MNUPLD9A5s.mp4
shop mechanic, https://media.signbsl.com/videos/asl/startasl/mp4/mechanic.mp4
shopper, https://media.signbsl.com/videos/asl/youtube/mp4/sT9hdvrnRVQ.mp4
shopping, https://media.signbsl.com/videos/asl/startasl/mp4/shopping.mp4
shopping cart, https://media.signbsl.com/videos/asl/aslsearch/mp4/shopping-cart.mp4
shopping casually, https://media.signbsl.com/videos/asl/youtube/mp4/bHtxM4hrfHk.mp4
shopping center, https://media.signbsl.com/videos/asl/aslsearch/mp4/mall.mp4
shopping centre, https://media.signbsl.com/videos/asl/aslsearch/mp4/mall.mp4
shopping mall, https://media.signbsl.com/videos/asl/aslsearch/mp4/mall.mp4
shoptalk, NA
shopwalker, https://media.signbsl.com/videos/asl/youtube/mp4/x5p2eL1cd9s.mp4
shopworn, https://media.signbsl.com/videos/asl/youtube/mp4/cjU8h0LcN4M.mp4
shore, https://media.signbsl.com/videos/asl/youtube/mp4/i5m6jln8kig.mp4
shore bird, https://media.signbsl.com/videos/asl/youtube/mp4/9WY7z-vy-pM.mp4
shorebird, https://media.signbsl.com/videos/asl/youtube/mp4/9WY7z-vy-pM.mp4
shore up, https://media.signbsl.com/videos/asl/youtube/mp4/i5m6jln8kig.mp4
short, https://media.signbsl.com/videos/asl/startasl/mp4/short.mp4
shortage, https://media.signbsl.com/videos/asl/youtube/mp4/gXlOTxh4s2k.mp4
short as in short circuit, https://media.signbsl.com/videos/asl/deaftec/mp4/1056.mp4
short circuit, https://media.signbsl.com/videos/asl/aslbricks/mp4/bypass.mp4
shortcoming, https://media.signbsl.com/videos/asl/youtube/mp4/eskqvAPpDMQ.mp4
shortcut, https://media.signbsl.com/videos/asl/youtube/mp4/ytfPBJFpLuQ.mp4
shorten, https://media.signbsl.com/videos/asl/youtube/mp4/b2aTsdSILRQ.mp4
shorter, https://media.signbsl.com/videos/asl/elementalaslconcepts/mp4/shorter.mp4
shortfall, https://media.signbsl.com/videos/asl/youtube/mp4/gXlOTxh4s2k.mp4
short hair, https://media.signbsl.com/videos/asl/aslsearch/mp4/short-hair.mp4
shorthand, https://media.signbsl.com/videos/asl/youtube/mp4/-D9ykpxFKZc.mp4
short handed, https://media.signbsl.com/videos/asl/youtube/mp4/sb4sQaPm4UA.mp4
shorthanded, https://media.signbsl.com/videos/asl/youtube/mp4/sb4sQaPm4UA.mp4
short in system, https://media.signbsl.com/videos/asl/AustinCommunityCollege/mp4/auto_short_n_system_.mp4
short letter, https://media.signbsl.com/videos/asl/aslsearch/mp4/note.mp4
shortlist, https://media.signbsl.com/videos/asl/youtube/mp4/cyILNNHs_zY.mp4
short lived, https://media.signbsl.com/videos/asl/youtube/mp4/5Grpd1gwdn0.mp4
shortly, https://media.signbsl.com/videos/asl/aslsignbank/mp4/SOON-266.mp4
short pants, https://media.signbsl.com/videos/asl/startasl/mp4/shorts.mp4
shorts, https://media.signbsl.com/videos/asl/startasl/mp4/shorts.mp4
shortsightedness, https://media.signbsl.com/videos/asl/youtube/mp4/DSlFeO5BRNk.mp4
short skirt, https://media.signbsl.com/videos/asl/youtube/mp4/VPJ09AAL22k.mp4
short sleep, https://media.signbsl.com/videos/asl/youtube/mp4/lRvbma2E-vY.mp4
short sleeve, https://media.signbsl.com/videos/asl/aslsearch/mp4/short-sleeve.mp4
short sleeves, https://media.signbsl.com/videos/asl/aslsearch/mp4/short-sleeve.mp4
short staffed, https://media.signbsl.com/videos/asl/youtube/mp4/sb4sQaPm4UA.mp4
short temper, https://media.signbsl.com/videos/asl/youtube/mp4/8D5P6EtLQG4.mp4
short ton, https://media.signbsl.com/videos/asl/tsdvideo/mp4/1232.mp4
short tree, https://player.vimeo.com/external/392749091.sd.mp4?s=d80514aeaaa0e333bb0dc15abc3ba8b9ef18a13a&profile_id=164
shot, https://media.signbsl.com/videos/asl/aslsearch/mp4/stroke.mp4
shotput, NA
should, https://media.signbsl.com/videos/asl/youtube/mp4/dN3qkIbbSG0.mp4
shoulder, https://media.signbsl.com/videos/asl/aslsearch/mp4/shoulder.mp4
shoulder ache, https://media.signbsl.com/videos/asl/youtube/mp4/eyEcRejrG2c.mp4
shoulder shifting, https://media.signbsl.com/videos/asl/youtube/mp4/D-bQzeRh0uo.mp4
shouldnn++t, NA
shout, https://media.signbsl.com/videos/asl/aslsignbank/mp4/SHOUT-598.mp4
shouting, https://media.signbsl.com/videos/asl/youtube/mp4/3Whh7nNz1MY.mp4
shout out, https://media.signbsl.com/videos/asl/aslsearch/mp4/call3.mp4
shove, https://media.signbsl.com/videos/asl/youtube/mp4/fkmJ_Ia5jg8.mp4
shovel, https://media.signbsl.com/videos/asl/aslsearch/mp4/shovel.mp4
shovelboard, https://media.signbsl.com/videos/asl/youtube/mp4/4pzopX3xPbY.mp4
shovelful, https://media.signbsl.com/videos/asl/youtube/mp4/XMmAamzJT8w.mp4
shovel in, https://media.signbsl.com/videos/asl/youtube/mp4/cnlcyMb4LpM.mp4
show, https://media.signbsl.com/videos/asl/startasl/mp4/show.mp4
show biz, https://media.signbsl.com/videos/asl/youtube/mp4/VEzhVgLeZJA.mp4
show business, https://media.signbsl.com/videos/asl/youtube/mp4/VEzhVgLeZJA.mp4
show cause, https://media.signbsl.com/videos/asl/unoclimb/mp4/GdJS8DOgF08.mp4
showdown, https://media.signbsl.com/videos/asl/aslsearch/mp4/encounter.mp4
shower, https://media.signbsl.com/videos/asl/startasl/mp4/shower.mp4
showerproof, https://media.signbsl.com/videos/asl/youtube/mp4/T-lq7TmvoDI.mp4
show everyone, https://media.signbsl.com/videos/asl/youtube/mp4/6O0OYmoqkVE.mp4
showgirl, https://media.signbsl.com/videos/asl/youtube/mp4/gfMZ0njJ034.mp4
showiness, https://media.signbsl.com/videos/asl/youtube/mp4/R0FgH44WL5k.mp4
showman, https://media.signbsl.com/videos/asl/youtube/mp4/GPqWRnMXlks.mp4
show me, https://media.signbsl.com/videos/asl/youtube/mp4/KNlBnpzMCuI.mp4
Show Me State, https://media.signbsl.com/videos/asl/elementalaslconcepts/mp4/missouri.mp4
show off, https://player.vimeo.com/external/392128360.sd.mp4?s=ef42898b126bd3f01a13e27cc8b40478c38b6d95&profile_id=164
showpiece, https://media.signbsl.com/videos/asl/youtube/mp4/nV5D8PA9u5c.mp4
showroom, https://media.signbsl.com/videos/asl/youtube/mp4/matXQFtb-dc.mp4
show someone, https://media.signbsl.com/videos/asl/youtube/mp4/yn82UNYboTQ.mp4
show stopper, https://media.signbsl.com/videos/asl/youtube/mp4/TOnTaSg94Ao.mp4
showstopper, https://media.signbsl.com/videos/asl/youtube/mp4/TOnTaSg94Ao.mp4
show time, https://media.signbsl.com/videos/asl/youtube/mp4/hAxv7UBpvy8.mp4
showtime, https://media.signbsl.com/videos/asl/youtube/mp4/hAxv7UBpvy8.mp4
show up, https://media.signbsl.com/videos/asl/signlanguagestudent/mp4/show-up.mp4
showy, https://media.signbsl.com/videos/asl/youtube/mp4/cJcGG03Iqso.mp4
show you, https://media.signbsl.com/videos/asl/youtube/mp4/wYTygoyIYGg.mp4
shrank, https://media.signbsl.com/videos/asl/youtube/mp4/EUMUNbAmUTE.mp4
shrank down, https://media.signbsl.com/videos/asl/youtube/mp4/yEAUApbZ39c.mp4
shred, https://media.signbsl.com/videos/asl/aslsearch/mp4/shred.mp4
shrewd, https://media.signbsl.com/videos/asl/youtube/mp4/K6K1kBQnMZc.mp4
shrewlike, https://media.signbsl.com/videos/asl/youtube/mp4/n0m5bhTSfok.mp4
shriller, https://media.signbsl.com/videos/asl/youtube/mp4/DhzUAPyLkI0.mp4
shrimp, https://media.signbsl.com/videos/asl/aslsearch/mp4/shrimp.mp4
shrine, https://media.signbsl.com/videos/asl/youtube/mp4/Ui-lQeD-u_8.mp4
shrink, https://media.signbsl.com/videos/asl/aslsearch/mp4/quail.mp4
shrinkable, https://media.signbsl.com/videos/asl/youtube/mp4/5NATEgdEAkM.mp4
shrink from, https://media.signbsl.com/videos/asl/youtube/mp4/Z_QqargK-fM.mp4
shrinking, https://media.signbsl.com/videos/asl/youtube/mp4/ZybUBLa0nUQ.mp4
shrive, https://media.signbsl.com/videos/asl/aslsearch/mp4/confess.mp4
shrivel, https://media.signbsl.com/videos/asl/youtube/mp4/babce85NrrQ.mp4
shroud, https://media.signbsl.com/videos/asl/youtube/mp4/U4TEAXSFBes.mp4
shrub, https://media.signbsl.com/videos/asl/aslsearch/mp4/bush.mp4
shrubby, https://media.signbsl.com/videos/asl/youtube/mp4/Bcj9yfsBkkQ.mp4
shrug, https://media.signbsl.com/videos/asl/aslsearch/mp4/shrug.mp4
shtup, https://media.signbsl.com/videos/asl/aslsignbank/mp4/INTERCOURSE-2909.mp4
shuck, https://media.signbsl.com/videos/asl/youtube/mp4/s3g1cdLxuzw.mp4
shucks, https://media.signbsl.com/videos/asl/youtube/mp4/qoDfDMeSNKs.mp4
shudder, https://media.signbsl.com/videos/asl/youtube/mp4/Hd8WeM-A_ns.mp4
shuddery, https://media.signbsl.com/videos/asl/youtube/mp4/GGia-_aStrg.mp4
shuffle, https://media.signbsl.com/videos/asl/youtube/mp4/sxeWeiCoM7k.mp4
shuffleboard, https://media.signbsl.com/videos/asl/youtube/mp4/4pzopX3xPbY.mp4
shuffle cards, https://media.signbsl.com/videos/asl/aslsearch/mp4/shuffle-cards.mp4
shuffling, https://media.signbsl.com/videos/asl/youtube/mp4/Eqjmr9um2zA.mp4
shun, https://media.signbsl.com/videos/asl/signlanguagestudent/mp4/cast%20out.mp4
shunt, https://media.signbsl.com/videos/asl/youtube/mp4/Sxt8pSAaamw.mp4
shunt circuit, https://media.signbsl.com/videos/asl/AustinCommunityCollege/mp4/elec_parallel_circuits_.mp4
shush, https://media.signbsl.com/videos/asl/youtube/mp4/3dWcqAxS81I.mp4
shut, https://media.signbsl.com/videos/asl/startasl/mp4/close.mp4
shut away, https://media.signbsl.com/videos/asl/aslsearch/mp4/lock-up.mp4
shut down, https://media.signbsl.com/videos/asl/aslsearch/mp4/bankrupt.mp4
shutdown, https://media.signbsl.com/videos/asl/aslsearch/mp4/bankrupt.mp4
shut in, https://media.signbsl.com/videos/asl/youtube/mp4/hFve4TLZ9rQ.mp4
shut off, https://media.signbsl.com/videos/asl/youtube/mp4/RXntJaKpJ3w.mp4
shutter, https://media.signbsl.com/videos/asl/youtube/mp4/eA2AC6IYhFg.mp4
shutterbug, https://media.signbsl.com/videos/asl/youtube/mp4/CuvK4z1V800.mp4
shuttle, https://media.signbsl.com/videos/asl/youtube/mp4/-7wpKRrq8rg.mp4
shut up, https://media.signbsl.com/videos/asl/aslsignbank/mp4/E(shh)-1888.mp4
shy, https://media.signbsl.com/videos/asl/startasl/mp4/shy.mp4
shylock, https://media.signbsl.com/videos/asl/youtube/mp4/hY8C443Mspo.mp4
shyster, https://media.signbsl.com/videos/asl/youtube/mp4/Xuc9VKhC3-Y.mp4
Siam, https://media.signbsl.com/videos/asl/youtube/mp4/EWxe5YCLz30.mp4
sib, https://media.signbsl.com/videos/asl/startasl/mp4/siblings.mp4
sibilate, https://media.signbsl.com/videos/asl/youtube/mp4/pVgR-P5uhr0.mp4
sibling, https://media.signbsl.com/videos/asl/startasl/mp4/siblings.mp4
siblings, https://media.signbsl.com/videos/asl/startasl/mp4/siblings.mp4
sibylline, https://media.signbsl.com/videos/asl/youtube/mp4/2j5PBlGDM-g.mp4
sic, https://media.signbsl.com/videos/asl/youtube/mp4/7QDPQ_WVlEA.mp4
Sicilia, https://media.signbsl.com/videos/asl/youtube/mp4/heW84MEab1s.mp4
Sicilian Mafia, https://media.signbsl.com/videos/asl/youtube/mp4/2J0a_6ExhjY.mp4
Sicily, https://media.signbsl.com/videos/asl/youtube/mp4/heW84MEab1s.mp4
sick, https://media.signbsl.com/videos/asl/startasl/mp4/throw-up.mp4
sick abed, https://player.vimeo.com/external/391197916.sd.mp4?s=9ca455aaa1b194eb6321f09f2949afe81c3e6242&profile_id=164
sickbay, https://media.signbsl.com/videos/asl/youtube/mp4/_qZgYOMYnFs.mp4
sickbed, https://media.signbsl.com/videos/asl/youtube/mp4/YgKUyMqE6Yo.mp4
sick berth, https://media.signbsl.com/videos/asl/youtube/mp4/_qZgYOMYnFs.mp4
sicken, https://media.signbsl.com/videos/asl/youtube/mp4/Epf1VkNjY7w.mp4
sickening, https://player.vimeo.com/external/392380246.sd.mp4?s=a1b8d7863d58162d96b3cf9e8fd39bd0eb8d7bc7&profile_id=164
sick headache, https://media.signbsl.com/videos/asl/youtube/mp4/dV2wjaYrKvQ.mp4
sickly, https://media.signbsl.com/videos/asl/youtube/mp4/vduojz_rPl8.mp4
sickness, https://media.signbsl.com/videos/asl/aslsearch/mp4/illness.mp4
sick of, https://media.signbsl.com/videos/asl/youtube/mp4/mqZH7F4bvJ8.mp4
sickout, https://media.signbsl.com/videos/asl/youtube/mp4/3twWk3uMZkk.mp4
sick person, https://media.signbsl.com/videos/asl/youtube/mp4/vtAuM7rlZVc.mp4
sickroom, https://media.signbsl.com/videos/asl/youtube/mp4/1RhXJ5wqJes.mp4
sick sick, https://media.signbsl.com/videos/asl/youtube/mp4/ab8Ll75UZfI.mp4
Siddhartha, https://player.vimeo.com/external/391218422.sd.mp4?s=256ceed1693360056e95b9477d29cd27e7ba8b73&profile_id=164
side, https://media.signbsl.com/videos/asl/aslsignbank/mp4/SIDE-1049.mp4
side ache, https://media.signbsl.com/videos/asl/youtube/mp4/s8Nm4bPrX1Q.mp4
sidebar, https://media.signbsl.com/videos/asl/youtube/mp4/9RCmYgoY3XI.mp4
sideburn, https://media.signbsl.com/videos/asl/aslsearch/mp4/sideburn.mp4
sideburns, https://media.signbsl.com/videos/asl/aslsearch/mp4/sideburn.mp4
side by side, https://media.signbsl.com/videos/asl/aslsignbank/mp4/NEAR-193.mp4
side effect, https://media.signbsl.com/videos/asl/youtube/mp4/c-hklZXP6z4.mp4
sidekick, https://media.signbsl.com/videos/asl/youtube/mp4/gdF3X4a6A4g.mp4
sidelight, https://media.signbsl.com/videos/asl/youtube/mp4/LNgJ-dof6h0.mp4
sideline, https://media.signbsl.com/videos/asl/aslsearch/mp4/sideline.mp4
sidelong, https://media.signbsl.com/videos/asl/youtube/mp4/db6UFp0vIbI.mp4
sideman, https://media.signbsl.com/videos/asl/youtube/mp4/4M4DC1Ym17M.mp4
sides, https://media.signbsl.com/videos/asl/aslsignbank/mp4/SIDE-1049.mp4
sideslip, https://media.signbsl.com/videos/asl/aslsignbank/mp4/SLIP-1075.mp4
sidestep, https://media.signbsl.com/videos/asl/youtube/mp4/tVkSgOZqRRM.mp4
sidetrack, https://player.vimeo.com/external/391976153.sd.mp4?s=b3440e37a09ce3fca97b4a47159052c23b814818&profile_id=164
sidetracked, https://media.signbsl.com/videos/asl/aslsearch/mp4/sidetracked.mp4
side view, https://media.signbsl.com/videos/asl/tsdvideo/mp4/576.mp4
sidewall, https://media.signbsl.com/videos/asl/youtube/mp4/8NRKrB6S-8Y.mp4
side whiskers, https://media.signbsl.com/videos/asl/aslsearch/mp4/sideburn.mp4
side with, https://media.signbsl.com/videos/asl/youtube/mp4/Bg_gSnd_D8s.mp4
sidle, https://media.signbsl.com/videos/asl/youtube/mp4/yuF19GHdY_8.mp4
siege, https://media.signbsl.com/videos/asl/youtube/mp4/wkKSgpsQnKU.mp4
siemens, https://media.signbsl.com/videos/asl/aslsearch/mp4/s.mp4
siena, https://media.signbsl.com/videos/asl/youtube/mp4/Rbh3YQZtxys.mp4
Sierra Leone, https://media.signbsl.com/videos/asl/youtube/mp4/x_I2lM_U5ik.mp4
sieve, https://media.signbsl.com/videos/asl/aslsearch/mp4/strain.mp4
sieve out, https://media.signbsl.com/videos/asl/youtube/mp4/C0PI1gCbjcc.mp4
sift, https://media.signbsl.com/videos/asl/aslsearch/mp4/strain.mp4
sifter, https://media.signbsl.com/videos/asl/aslsearch/mp4/sifter.mp4
sigh, https://media.signbsl.com/videos/asl/aslsearch/mp4/sigh.mp4
sight, https://media.signbsl.com/videos/asl/signlanguagestudent/mp4/view.mp4
sighted, https://media.signbsl.com/videos/asl/youtube/mp4/jenGYIY0vWk.mp4
sightedness, https://media.signbsl.com/videos/asl/youtube/mp4/WPXRJo-mGKE.mp4
sightless, https://media.signbsl.com/videos/asl/youtube/mp4/WybYaSFC5E4.mp4
sightseeing, https://media.signbsl.com/videos/asl/youtube/mp4/F6kXk7ZGd-I.mp4
sightseer, https://media.signbsl.com/videos/asl/youtube/mp4/mMdFNZr5ROs.mp4
sign, https://media.signbsl.com/videos/asl/startasl/mp4/sign.mp4
signal, https://media.signbsl.com/videos/asl/startasl/mp4/point.mp4
signal caller, https://media.signbsl.com/videos/asl/aslsearch/mp4/quarterback.mp4
signalise, https://media.signbsl.com/videos/asl/youtube/mp4/LxYe-ARAbak.mp4
signalize, https://media.signbsl.com/videos/asl/youtube/mp4/LxYe-ARAbak.mp4
signalman, https://media.signbsl.com/videos/asl/youtube/mp4/K0kSfF33cMk.mp4
signatories, https://media.signbsl.com/videos/asl/mariekatzenbachschool/mp4/signer.mp4
signatory, https://media.signbsl.com/videos/asl/mariekatzenbachschool/mp4/signer.mp4
signature, https://media.signbsl.com/videos/asl/youtube/mp4/PNt7Q_2nOPw.mp4
signboard, https://media.signbsl.com/videos/asl/aslsignbank/mp4/SIGNAGE-257.mp4
signer, https://media.signbsl.com/videos/asl/mariekatzenbachschool/mp4/signer.mp4
significance, https://media.signbsl.com/videos/asl/youtube/mp4/B__IgGoSizs.mp4
significant, https://media.signbsl.com/videos/asl/elementalaslconcepts/mp4/significance.mp4
signification, https://media.signbsl.com/videos/asl/youtube/mp4/B__IgGoSizs.mp4
signifier, https://media.signbsl.com/videos/asl/tsdvideo/mp4/526.mp4
signing, https://media.signbsl.com/videos/asl/startasl/mp4/sign-language.mp4
signing well but not fluent, https://media.signbsl.com/videos/asl/youtube/mp4/SZ9YKiHpNUw.mp4
sign language, https://media.signbsl.com/videos/asl/startasl/mp4/sign-language.mp4
signpaper, https://media.signbsl.com/videos/asl/aslsignbank/mp4/SIGNATURE-258.mp4
signpost, https://media.signbsl.com/videos/asl/youtube/mp4/q-8Zg_-41q4.mp4
Signs of the Times, https://media.signbsl.com/videos/asl/ids/mp4/2013-11-4460-signs-of-times-1500k-ase.mp4
silence, https://media.signbsl.com/videos/asl/aslsignbank/mp4/QUIET-233.mp4
silencer, https://media.signbsl.com/videos/asl/youtube/mp4/dZX-mMuVikA.mp4
silent, https://media.signbsl.com/videos/asl/youtube/mp4/9rp2ICTeDgM.mp4
silicon chip, https://media.signbsl.com/videos/asl/youtube/mp4/Df3U_ehbu0s.mp4
silken, https://media.signbsl.com/videos/asl/youtube/mp4/SfLGEXt-VdU.mp4
silklike, https://media.signbsl.com/videos/asl/youtube/mp4/SfLGEXt-VdU.mp4
silky, https://media.signbsl.com/videos/asl/youtube/mp4/SfLGEXt-VdU.mp4
sill, https://media.signbsl.com/videos/asl/youtube/mp4/4qFqob6YJJk.mp4
silly, https://media.signbsl.com/videos/asl/youtube/mp4/euXTA2TStZ0.mp4
silly you, https://media.signbsl.com/videos/asl/youtube/mp4/gj6GCDmK9mU.mp4
silo, https://media.signbsl.com/videos/asl/youtube/mp4/eQY2ath9n_Y.mp4
silt, https://media.signbsl.com/videos/asl/youtube/mp4/LSrlGT2U5os.mp4
silver, https://media.signbsl.com/videos/asl/aslsearch/mp4/silver.mp4
silverback, https://media.signbsl.com/videos/asl/youtube/mp4/_HVZ8OTL5Yk.mp4
silvern, https://media.signbsl.com/videos/asl/aslsearch/mp4/silver.mp4
silver screen, https://media.signbsl.com/videos/asl/aslsearch/mp4/screen.mp4
silversmith, https://media.signbsl.com/videos/asl/youtube/mp4/kpbHgufMQrE.mp4
Silver State, https://media.signbsl.com/videos/asl/youtube/mp4/7JLD6K9ygWc.mp4
silvertail, https://media.signbsl.com/videos/asl/youtube/mp4/-YOFbjSADR4.mp4
silver tip, https://media.signbsl.com/videos/asl/youtube/mp4/9zY6-ncXHAQ.mp4
silvertip, https://media.signbsl.com/videos/asl/youtube/mp4/9zY6-ncXHAQ.mp4
silver tongued, https://player.vimeo.com/external/392009626.sd.mp4?s=757186da0cf93857349e587eb54d66d28e61db84&profile_id=164
silverware, https://media.signbsl.com/videos/asl/youtube/mp4/ONcSfKIlTSU.mp4
silver worker, https://media.signbsl.com/videos/asl/youtube/mp4/kpbHgufMQrE.mp4
silverworker, https://media.signbsl.com/videos/asl/youtube/mp4/kpbHgufMQrE.mp4
silvery, https://media.signbsl.com/videos/asl/aslsearch/mp4/silver.mp4
similar, https://media.signbsl.com/videos/asl/aslsearch/mp4/like.mp4
similar figures, https://media.signbsl.com/videos/asl/tsdvideo/mp4/504.mp4
similarities, https://media.signbsl.com/videos/asl/elementalaslconcepts/mp4/similarities.mp4
similarity, https://media.signbsl.com/videos/asl/elementalaslconcepts/mp4/similarities.mp4
simile, https://media.signbsl.com/videos/asl/youtube/mp4/qsLnHEbGWE8.mp4
similitude, https://media.signbsl.com/videos/asl/ids/mp4/2013-11-4470-similitude-1500k-ase.mp4
simmer, https://media.signbsl.com/videos/asl/aslsearch/mp4/simmer.mp4
simmer down, https://media.signbsl.com/videos/asl/aslsignbank/mp4/E(calm-down)-1908.mp4
simoleons, https://media.signbsl.com/videos/asl/youtube/mp4/3WtmZlJ5YxA.mp4
simper, https://media.signbsl.com/videos/asl/youtube/mp4/PpC8cHWt8bw.mp4
simple, https://media.signbsl.com/videos/asl/aslsignbank/mp4/ELEMENTARY-SCHOOL-743.mp4
simple event, https://media.signbsl.com/videos/asl/tsdvideo/mp4/577.mp4
simple interest, https://media.signbsl.com/videos/asl/tsdvideo/mp4/351.mp4
simple machine, https://media.signbsl.com/videos/asl/elementalaslconcepts/mp4/simple_machine.mp4
simple machines, https://media.signbsl.com/videos/asl/elementalaslconcepts/mp4/simple_machine.mp4
simple microscope, https://media.signbsl.com/videos/asl/youtube/mp4/-8qVQIp2_rw.mp4
simple regression, https://media.signbsl.com/videos/asl/youtube/mp4/WdcUyRGOZyo.mp4
simplest form, https://media.signbsl.com/videos/asl/tsdvideo/mp4/506.mp4
simply, https://media.signbsl.com/videos/asl/aslsignbank/mp4/JUST-1702.mp4
simulacrum, https://media.signbsl.com/videos/asl/youtube/mp4/Gce7i_yGI7A.mp4
simulate, https://media.signbsl.com/videos/asl/aslsignbank/mp4/COPY-1165.mp4
simulation, https://media.signbsl.com/videos/asl/aslsearch/mp4/model.mp4
simulator, https://media.signbsl.com/videos/asl/youtube/mp4/AlGeW685qGc.mp4
simulcast, https://media.signbsl.com/videos/asl/youtube/mp4/iN0xuhZGVkg.mp4
simultaneous, https://media.signbsl.com/videos/asl/aslsearch/mp4/simultaneous.mp4
simultaneous communication, https://media.signbsl.com/videos/asl/youtube/mp4/OgKwRRGG06Y.mp4
sin, https://media.signbsl.com/videos/asl/signlanguagestudent/mp4/sin.mp4
Sinbad, https://media.signbsl.com/videos/asl/youtube/mp4/XKWdlSiXWBI.mp4
Sinbad the Sailor, https://media.signbsl.com/videos/asl/youtube/mp4/XKWdlSiXWBI.mp4
since, https://media.signbsl.com/videos/asl/aslsearch/mp4/since.mp4
Sincere Serious True Solemn, https://media.signbsl.com/videos/asl/ids/mp4/2013-11-4480-sincere-serious-true-solemn-1500k-ase.mp4
sine, https://media.signbsl.com/videos/asl/tsdvideo/mp4/1322.mp4
sinecure, https://media.signbsl.com/videos/asl/youtube/mp4/MWw4YaYXpa8.mp4
sinew, https://media.signbsl.com/videos/asl/youtube/mp4/UN6xaveR0YI.mp4
sine wave, https://media.signbsl.com/videos/asl/AustinCommunityCollege/mp4/elec_sine_wave_.mp4
sing, https://media.signbsl.com/videos/asl/startasl/mp4/sing.mp4
Singapore, https://media.signbsl.com/videos/asl/youtube/mp4/bR7TPgdgVkk.mp4
singe, https://media.signbsl.com/videos/asl/youtube/mp4/IOGZ6GLH5WQ.mp4
singer, https://media.signbsl.com/videos/asl/aslsearch/mp4/singer.mp4
singing, https://player.vimeo.com/external/392749135.sd.mp4?s=c2b10c958dad980868fa227ac851553c203e85ad&profile_id=164
single, https://media.signbsl.com/videos/asl/aslsignbank/mp4/ONE-519.mp4
Single Adult, https://media.signbsl.com/videos/asl/ids/mp4/2013-11-4510-single-adult-1500k-ase.mp4
single alone, https://media.signbsl.com/videos/asl/startasl/mp4/single-alone.mp4
single channel, https://media.signbsl.com/videos/asl/youtube/mp4/23Evq03o91E.mp4
single dollar, https://media.signbsl.com/videos/asl/youtube/mp4/IVLeP80g9_8.mp4
single file, https://media.signbsl.com/videos/asl/youtube/mp4/dhl1GuQ7sVc.mp4
single handed, https://media.signbsl.com/videos/asl/youtube/mp4/2WLtdvT433A.mp4
single minded, https://media.signbsl.com/videos/asl/unoclimb/mp4/-FdsgFUdJ2o.mp4
single phase, https://media.signbsl.com/videos/asl/AustinCommunityCollege/mp4/elec_single_phase_.mp4
single pole, https://media.signbsl.com/videos/asl/AustinCommunityCollege/mp4/elec_single_pole_.mp4
singles, https://media.signbsl.com/videos/asl/youtube/mp4/6ZFeG-7Qtug.mp4
singlet, https://media.signbsl.com/videos/asl/youtube/mp4/HbmKZfhS31E.mp4
single throw, https://media.signbsl.com/videos/asl/AustinCommunityCollege/mp4/elec_single_throw_.mp4
singly, https://media.signbsl.com/videos/asl/youtube/mp4/CTSy_bVkevM.mp4
singular, https://media.signbsl.com/videos/asl/aslsignbank/mp4/STRANGE-688.mp4
singultus, https://media.signbsl.com/videos/asl/aslsearch/mp4/hiccup.mp4
sinister, https://player.vimeo.com/external/392867726.sd.mp4?s=e4ca45c108b96e854329f931b19fbd6508e5deb1&profile_id=164
sink, https://media.signbsl.com/videos/asl/startasl/mp4/drop.mp4
sinkable, https://media.signbsl.com/videos/asl/youtube/mp4/cI_bADkREIQ.mp4
sinker, https://media.signbsl.com/videos/asl/aslsignbank/mp4/DONUT-3284.mp4
sinkhole, https://media.signbsl.com/videos/asl/youtube/mp4/jtJTnH_fHTw.mp4
sinless, https://media.signbsl.com/videos/asl/youtube/mp4/d0HpWz9YGPU.mp4
sinner, https://media.signbsl.com/videos/asl/aslsearch/mp4/sinner.mp4
sinning, https://media.signbsl.com/videos/asl/signlanguagestudent/mp4/sin.mp4
Sins of the World, https://media.signbsl.com/videos/asl/ids/mp4/2013-11-4500-sins-of-the-world-1500k-ase.mp4
sinuate, https://media.signbsl.com/videos/asl/youtube/mp4/XdS0Jn1nBf0.mp4
sinuous, https://media.signbsl.com/videos/asl/youtube/mp4/XdS0Jn1nBf0.mp4
Sion, https://media.signbsl.com/videos/asl/ids/mp4/2013-11-5350-zion-1500k-ase.mp4
sip, https://media.signbsl.com/videos/asl/youtube/mp4/gdmK7Pa_NaQ.mp4
siphon, https://media.signbsl.com/videos/asl/youtube/mp4/QGunHxvqiVA.mp4
sipper, https://media.signbsl.com/videos/asl/youtube/mp4/DtEt2ee67xU.mp4
sir, https://media.signbsl.com/videos/asl/youtube/mp4/Vcbf-FKnWd8.mp4
sire, https://media.signbsl.com/videos/asl/youtube/mp4/ZdipnLROb6s.mp4
siren, https://media.signbsl.com/videos/asl/youtube/mp4/kvbR9X_E9xM.mp4
siriasis, https://media.signbsl.com/videos/asl/youtube/mp4/hBHk-t0uL2Q.mp4
Sir Isaac Newton, https://media.signbsl.com/videos/asl/elementalaslconcepts/mp4/newton.mp4
sirocco, https://player.vimeo.com/external/392672292.sd.mp4?s=b9f9bdf7c7e215c1fbe6367530aa3456e28c36c8&profile_id=164
Sir Stephen Harold Spender, https://media.signbsl.com/videos/asl/youtube/mp4/Xa-EN3AOETE.mp4
sirup, https://media.signbsl.com/videos/asl/aslsearch/mp4/syrup.mp4
sis, https://media.signbsl.com/videos/asl/startasl/mp4/sister.mp4
siss, https://media.signbsl.com/videos/asl/youtube/mp4/pVgR-P5uhr0.mp4
sissified, https://media.signbsl.com/videos/asl/youtube/mp4/UHrjZf2Xxu0.mp4
sissy, https://media.signbsl.com/videos/asl/youtube/mp4/UHrjZf2Xxu0.mp4
sissyish, https://media.signbsl.com/videos/asl/youtube/mp4/UHrjZf2Xxu0.mp4
sister, https://media.signbsl.com/videos/asl/startasl/mp4/sister.mp4
sister-in-law, https://media.signbsl.com/videos/asl/aslsearch/mp4/sister-in-law.mp4
sisterhood, https://media.signbsl.com/videos/asl/youtube/mp4/uP8QpefkgF0.mp4
sister in law, https://media.signbsl.com/videos/asl/aslsearch/mp4/sister-in-law.mp4
sit, https://media.signbsl.com/videos/asl/startasl/mp4/sit.mp4
sit back, https://media.signbsl.com/videos/asl/startasl/mp4/take-it-easy3.mp4
sitcom, https://media.signbsl.com/videos/asl/youtube/mp4/ch67nnP7nrQ.mp4
sit down, https://media.signbsl.com/videos/asl/startasl/mp4/sit.mp4
site, https://media.signbsl.com/videos/asl/aslsearch/mp4/www.mp4
sit on the toilet, https://media.signbsl.com/videos/asl/youtube/mp4/vq--1l-Un5E.mp4
sitter, https://media.signbsl.com/videos/asl/aslsignbank/mp4/SUPERVISOR-1146.mp4
sitting, https://media.signbsl.com/videos/asl/youtube/mp4/sDUab-YrLPE.mp4
sitting room, https://media.signbsl.com/videos/asl/startasl/mp4/living-room.mp4
situate, https://media.signbsl.com/videos/asl/youtube/mp4/4k4k7HToff8.mp4
situation, https://media.signbsl.com/videos/asl/aslsearch/mp4/situation.mp4
sit up, https://media.signbsl.com/videos/asl/elementalaslconcepts/mp4/sit_up.mp4
six, https://media.signbsl.com/videos/asl/aslsignbank/mp4/SIX-603.mp4
six by six, https://media.signbsl.com/videos/asl/youtube/mp4/cX2VQwo8HvI.mp4
six days, https://media.signbsl.com/videos/asl/aslsignbank/mp4/NUMBER-DAYS-2812.mp4
six days ago, https://media.signbsl.com/videos/asl/youtube/mp4/hQTjVqtj9G0.mp4
six days later, https://media.signbsl.com/videos/asl/youtube/mp4/LD2nw9wOM94.mp4
six dollars, https://media.signbsl.com/videos/asl/youtube/mp4/psoE-9NfGqo.mp4
sixfold, https://media.signbsl.com/videos/asl/youtube/mp4/Ci-S-5CfFOg.mp4
six hours, https://media.signbsl.com/videos/asl/youtube/mp4/GBRBNfMOwxM.mp4
six hundred, https://media.signbsl.com/videos/asl/aslsearch/mp4/six-hundred.mp4
six minutes, https://media.signbsl.com/videos/asl/youtube/mp4/e4FEqfO4C3M.mp4
six months, https://media.signbsl.com/videos/asl/youtube/mp4/eQYoaeyZcy8.mp4
six oclock, https://media.signbsl.com/videos/asl/youtube/mp4/k4gZKgIoHoA.mp4
six of them, https://media.signbsl.com/videos/asl/youtube/mp4/CYcTYFP0lA4.mp4
six of us, https://media.signbsl.com/videos/asl/youtube/mp4/402dLo0fyTI.mp4
sixpence, https://media.signbsl.com/videos/asl/youtube/mp4/GJ3awf8RyD0.mp4
six points, https://media.signbsl.com/videos/asl/youtube/mp4/D_qsrIMuCfc.mp4
sixteen, https://media.signbsl.com/videos/asl/aslsignbank/mp4/SIXTEEN-2511.mp4
sixteenth, https://media.signbsl.com/videos/asl/youtube/mp4/T4UHgAZS8Nk.mp4
sixth, https://media.signbsl.com/videos/asl/tsdvideo/mp4/409.mp4
sixth place, https://media.signbsl.com/videos/asl/youtube/mp4/X0TaofbJwNk.mp4
six times, https://media.signbsl.com/videos/asl/youtube/mp4/BN13raFMWQg.mp4
six times more than, https://media.signbsl.com/videos/asl/startasl/mp4/six-times-more-than.mp4
sixty, https://media.signbsl.com/videos/asl/aslsignbank/mp4/SIXTY-2662.mp4
sixty eight, https://media.signbsl.com/videos/asl/aslsignbank/mp4/SIXTY-EIGHT-2819.mp4
sixty five, https://media.signbsl.com/videos/asl/aslsignbank/mp4/SIXTY-FIVE-2734.mp4
sixty four, https://media.signbsl.com/videos/asl/aslsignbank/mp4/SIXTY-FOUR-2733.mp4
sixty nine, https://media.signbsl.com/videos/asl/aslsignbank/mp4/SIXTY-NINE-2820.mp4
sixty one, https://media.signbsl.com/videos/asl/aslsignbank/mp4/SIXTY-ONE-2731.mp4
sixty seven, https://media.signbsl.com/videos/asl/youtube/mp4/XbaM5Kq3uf0.mp4
sixty six, https://media.signbsl.com/videos/asl/aslsignbank/mp4/SIXTY-SIX-2735.mp4
sixty three, https://media.signbsl.com/videos/asl/aslsignbank/mp4/SIXTY-THREE-2732.mp4
sixty two, https://media.signbsl.com/videos/asl/youtube/mp4/yUV0iudUHq4.mp4
six weeks, https://media.signbsl.com/videos/asl/youtube/mp4/9EUzHJYnE5E.mp4
six weeks ago, https://media.signbsl.com/videos/asl/youtube/mp4/Fh9u7O76Sr0.mp4
six weeks later, https://media.signbsl.com/videos/asl/youtube/mp4/y7oI691bMyY.mp4
six years ago, https://media.signbsl.com/videos/asl/youtube/mp4/4sdIxr12fYc.mp4
six years later, https://media.signbsl.com/videos/asl/youtube/mp4/0PLBolNd5ok.mp4
sizable, https://media.signbsl.com/videos/asl/youtube/mp4/rMhB78Lo03Y.mp4
size, https://media.signbsl.com/videos/asl/tsdvideo/mp4/194.mp4
sizeable, https://media.signbsl.com/videos/asl/youtube/mp4/rMhB78Lo03Y.mp4
size description, https://player.vimeo.com/external/392749207.sd.mp4?s=9984301c6b6b14c86f3bbc735a94944d08abfc31&profile_id=164
sizz, https://media.signbsl.com/videos/asl/youtube/mp4/pVgR-P5uhr0.mp4
sizzle, https://media.signbsl.com/videos/asl/youtube/mp4/Z19Hvhhffcg.mp4
skank, https://media.signbsl.com/videos/asl/youtube/mp4/BemLKVmLpXc.mp4
skanky, https://player.vimeo.com/external/392438285.sd.mp4?s=7788e41045bbb664e3772d01efbb2665c9ac374c&profile_id=164
skate, https://media.signbsl.com/videos/asl/aslsearch/mp4/skate.mp4
skateboard, https://media.signbsl.com/videos/asl/youtube/mp4/rVMTe9k9Fks.mp4
skateboarder, https://media.signbsl.com/videos/asl/youtube/mp4/iQigAZaL89A.mp4
skateboarding, https://media.signbsl.com/videos/asl/aslsearch/mp4/skateboarding.mp4
skater, https://media.signbsl.com/videos/asl/youtube/mp4/zRaIzJ_sfS4.mp4
skating rink, https://media.signbsl.com/videos/asl/youtube/mp4/dEiNHnVSSLc.mp4
skedaddle, https://media.signbsl.com/videos/asl/youtube/mp4/tetgtj8r2Bs.mp4
skeeter hawk, https://media.signbsl.com/videos/asl/thefamilyvocab/mp4/dragonfly.mp4
skeletal, https://media.signbsl.com/videos/asl/youtube/mp4/seYAKC59XoM.mp4
skeletal system, https://media.signbsl.com/videos/asl/aslsearch/mp4/skeleton.mp4
skeleton, https://media.signbsl.com/videos/asl/aslsearch/mp4/skeleton.mp4
skeptic, https://media.signbsl.com/videos/asl/aslsearch/mp4/skeptic.mp4
skeptical, https://media.signbsl.com/videos/asl/youtube/mp4/yRzrz6SvoAE.mp4
skepticism, https://media.signbsl.com/videos/asl/aslsignbank/mp4/DOUBT-1274.mp4
sketch, https://media.signbsl.com/videos/asl/aslsearch/mp4/sketch.mp4
sketch block, https://media.signbsl.com/videos/asl/youtube/mp4/4XGhVtiEqOA.mp4
sketchbook, https://media.signbsl.com/videos/asl/youtube/mp4/4XGhVtiEqOA.mp4
sketch pad, https://media.signbsl.com/videos/asl/youtube/mp4/4XGhVtiEqOA.mp4
skew, https://media.signbsl.com/videos/asl/tsdvideo/mp4/1437.mp4
skewed, https://media.signbsl.com/videos/asl/tsdvideo/mp4/1528.mp4
skew whiff, https://media.signbsl.com/videos/asl/aslsearch/mp4/lopsided.mp4
ski, https://media.signbsl.com/videos/asl/aslsignbank/mp4/SKI-759.mp4
skid, https://media.signbsl.com/videos/asl/aslsearch/mp4/skid.mp4
skid vehicle, https://media.signbsl.com/videos/asl/aslsearch/mp4/skid.mp4
skied, https://media.signbsl.com/videos/asl/youtube/mp4/mDHKP3rX0fc.mp4
skier, https://media.signbsl.com/videos/asl/youtube/mp4/2GxLBFBGLP0.mp4
skiff, https://media.signbsl.com/videos/asl/youtube/mp4/0sId4kKmbKY.mp4
ski goggles, https://player.vimeo.com/external/392749239.sd.mp4?s=af22dece070c25e30acc6e079254d6302d57287b&profile_id=164
skiing, https://media.signbsl.com/videos/asl/startasl/mp4/skiing.mp4
skilful, https://media.signbsl.com/videos/asl/aslsignbank/mp4/EXPERT-2482.mp4
ski lift, https://media.signbsl.com/videos/asl/youtube/mp4/tCtEFmmfzdc.mp4
skill, https://media.signbsl.com/videos/asl/aslsearch/mp4/skill.mp4
skilled, https://media.signbsl.com/videos/asl/aslsignbank/mp4/SUPER-SKILL-1144.mp4
skillet, https://media.signbsl.com/videos/asl/youtube/mp4/NXKQJIoVn5g.mp4
skillful, https://media.signbsl.com/videos/asl/aslsignbank/mp4/EXPERT-2482.mp4
skim, https://player.vimeo.com/external/392271220.sd.mp4?s=0e9a2342df9648e240d0a842c428adabe67f1f96&profile_id=164
ski mask, https://player.vimeo.com/external/392749289.sd.mp4?s=14a7bfab389244b1b8585bccf231a8883a54aab7&profile_id=164
skimmer, https://media.signbsl.com/videos/asl/aslsearch/mp4/straw-hat.mp4
skimming, https://media.signbsl.com/videos/asl/elementalaslconcepts/mp4/skimming.mp4
skim money, https://media.signbsl.com/videos/asl/youtube/mp4/MBcfmaibltg.mp4
skim off, https://media.signbsl.com/videos/asl/youtube/mp4/LYxuHHX9vpc.mp4
skim over, https://player.vimeo.com/external/392271220.sd.mp4?s=0e9a2342df9648e240d0a842c428adabe67f1f96&profile_id=164
skimp, https://media.signbsl.com/videos/asl/youtube/mp4/MEljI64EYuw.mp4
skimpily, https://media.signbsl.com/videos/asl/youtube/mp4/LKcOISdp8c8.mp4
skin, https://media.signbsl.com/videos/asl/aslsignbank/mp4/PEEL-728.mp4
skin care, https://media.signbsl.com/videos/asl/youtube/mp4/aQG4h4ZbBog.mp4
skincare, https://media.signbsl.com/videos/asl/youtube/mp4/aQG4h4ZbBog.mp4
skin color, https://media.signbsl.com/videos/asl/youtube/mp4/pMVIkJRgq3g.mp4
skin colour, https://media.signbsl.com/videos/asl/youtube/mp4/pMVIkJRgq3g.mp4
skin dive, https://media.signbsl.com/videos/asl/youtube/mp4/PrNEM__q-YY.mp4
skin diving, https://media.signbsl.com/videos/asl/youtube/mp4/PrNEM__q-YY.mp4
skin doctor, https://player.vimeo.com/external/391933385.sd.mp4?s=cbd967b1078dd12c4c4f642b0da9d9254d9c5eaf&profile_id=164
skinflint, https://media.signbsl.com/videos/asl/youtube/mp4/JDGo2z30aco.mp4
skinless, https://media.signbsl.com/videos/asl/youtube/mp4/GkFxXlsdGZw.mp4
skinniness, https://media.signbsl.com/videos/asl/youtube/mp4/8HU9stRqWoA.mp4
skinny, https://media.signbsl.com/videos/asl/aslsignbank/mp4/SKINNY-2197.mp4
skin rash, https://media.signbsl.com/videos/asl/startasl/mp4/rash.mp4
skint, https://media.signbsl.com/videos/asl/startasl/mp4/broke.mp4
skintight, https://media.signbsl.com/videos/asl/youtube/mp4/hMZBOLpnHQQ.mp4
skip, https://media.signbsl.com/videos/asl/aslsignbank/mp4/JUMP-159.mp4
skip count, https://media.signbsl.com/videos/asl/tsdvideo/mp4/412.mp4
skip counting, https://media.signbsl.com/videos/asl/elementalaslconcepts/mp4/skip_counting.mp4
skipper, https://media.signbsl.com/videos/asl/youtube/mp4/pbdEoFnYjVE.mp4
skipping, https://media.signbsl.com/videos/asl/aslsearch/mp4/skipping.mp4
skipping rope, https://media.signbsl.com/videos/asl/aslsearch/mp4/jump-rope.mp4
skip rope, https://media.signbsl.com/videos/asl/aslsearch/mp4/jump-rope.mp4
skirmish, https://media.signbsl.com/videos/asl/youtube/mp4/RATySHlg8BA.mp4
skirt, https://media.signbsl.com/videos/asl/startasl/mp4/skirt.mp4
skirting board, https://media.signbsl.com/videos/asl/youtube/mp4/tC00l9N3geI.mp4
skis, https://media.signbsl.com/videos/asl/aslsignbank/mp4/SKI-759.mp4
skit, https://media.signbsl.com/videos/asl/youtube/mp4/XMQqZJ-yz1Q.mp4
ski tow, https://media.signbsl.com/videos/asl/youtube/mp4/tCtEFmmfzdc.mp4
skitter, https://media.signbsl.com/videos/asl/youtube/mp4/wK63MDGzFvA.mp4
skreak, https://media.signbsl.com/videos/asl/youtube/mp4/tIa-8IRuO5A.mp4
skreigh, https://media.signbsl.com/videos/asl/youtube/mp4/EgPoPWll40c.mp4
skulk, https://media.signbsl.com/videos/asl/youtube/mp4/QPJWjOgWufs.mp4
skull, https://media.signbsl.com/videos/asl/youtube/mp4/EoREhvk_8Jg.mp4
skulpting ceramics, https://media.signbsl.com/videos/asl/startasl/mp4/skulpting-ceramics.mp4
skunk, https://media.signbsl.com/videos/asl/youtube/mp4/FdUZb3NFrj0.mp4
sky, https://media.signbsl.com/videos/asl/aslsearch/mp4/sky.mp4
sky blue, https://media.signbsl.com/videos/asl/youtube/mp4/Q699kuLyZIg.mp4
skyjack, https://media.signbsl.com/videos/asl/youtube/mp4/YWUo46smd_o.mp4
skyjacker, https://media.signbsl.com/videos/asl/youtube/mp4/14SgHIS8VWY.mp4
skylark, https://media.signbsl.com/videos/asl/youtube/mp4/Xuf_VyrFYos.mp4
skyline, https://media.signbsl.com/videos/asl/elementalaslconcepts/mp4/horizon.mp4
skyward, https://media.signbsl.com/videos/asl/youtube/mp4/tMbtO3oD144.mp4
skywrite, https://media.signbsl.com/videos/asl/youtube/mp4/otryaDLUhPA.mp4
slab, https://media.signbsl.com/videos/asl/youtube/mp4/9GMecS1Od5c.mp4
slack, https://media.signbsl.com/videos/asl/youtube/mp4/Kk3VLcufAdU.mp4
slacken, https://media.signbsl.com/videos/asl/youtube/mp4/Kk3VLcufAdU.mp4
slacking off, https://media.signbsl.com/videos/asl/youtube/mp4/FBTQ6T5wjk4.mp4
slack off, https://media.signbsl.com/videos/asl/youtube/mp4/-JsLBvL9Fck.mp4
slag, https://media.signbsl.com/videos/asl/AustinCommunityCollege/mp4/weld_slag_.mp4
slag inclusions, https://media.signbsl.com/videos/asl/AustinCommunityCollege/mp4/weld_slag_inclusion_.mp4
slake, https://media.signbsl.com/videos/asl/AustinCommunityCollege/mp4/weld_quench_.mp4
slam, https://media.signbsl.com/videos/asl/youtube/mp4/Aw3nTuEIgFo.mp4
slam dunk, https://media.signbsl.com/videos/asl/youtube/mp4/iEEthCQ9cp8.mp4
slander, https://media.signbsl.com/videos/asl/youtube/mp4/sWjkhrcOwdE.mp4
slanderer, https://media.signbsl.com/videos/asl/youtube/mp4/ueT-rdm1fgU.mp4
slang, https://media.signbsl.com/videos/asl/youtube/mp4/mJuwfZ-HdLU.mp4
slant, https://media.signbsl.com/videos/asl/youtube/mp4/0qD8d6tj5xQ.mp4
slanted, https://media.signbsl.com/videos/asl/tsdvideo/mp4/331.mp4
slant eye, https://media.signbsl.com/videos/asl/youtube/mp4/WVRpFOxuRQQ.mp4
slanting, https://media.signbsl.com/videos/asl/tsdvideo/mp4/331.mp4
slap, https://media.signbsl.com/videos/asl/aslsearch/mp4/slap.mp4
slaphappy, https://media.signbsl.com/videos/asl/youtube/mp4/vadNnzoh4XI.mp4
slapstick, https://media.signbsl.com/videos/asl/youtube/mp4/fw-TpKkb05Y.mp4
slap up, https://media.signbsl.com/videos/asl/aslsearch/mp4/great.mp4
slash, https://media.signbsl.com/videos/asl/aslsearch/mp4/whip.mp4
slasher, https://media.signbsl.com/videos/asl/youtube/mp4/8lJlZSR4LYk.mp4
slash through, https://media.signbsl.com/videos/asl/aslsearch/mp4/slash.mp4
slat, https://media.signbsl.com/videos/asl/youtube/mp4/T68D_VL6GsY.mp4
slate, https://media.signbsl.com/videos/asl/youtube/mp4/kritGmc3OnY.mp4
slattern, https://media.signbsl.com/videos/asl/youtube/mp4/83kYPaUmQaE.mp4
slaughter, https://media.signbsl.com/videos/asl/youtube/mp4/xm8c8qDu4to.mp4
slaughterer, https://media.signbsl.com/videos/asl/youtube/mp4/_D7EQ6_5g6c.mp4
slave, https://media.signbsl.com/videos/asl/aslsearch/mp4/slave.mp4
slaveholder, https://media.signbsl.com/videos/asl/youtube/mp4/0seFbQ01hI4.mp4
slave owner, https://media.signbsl.com/videos/asl/youtube/mp4/0seFbQ01hI4.mp4
slaver, https://media.signbsl.com/videos/asl/youtube/mp4/0seFbQ01hI4.mp4
slavery, https://media.signbsl.com/videos/asl/startasl/mp4/slavery.mp4
slay, https://media.signbsl.com/videos/asl/youtube/mp4/Lpyqz7d7WjQ.mp4
slayer, https://media.signbsl.com/videos/asl/aslsearch/mp4/killer.mp4
sleaze, https://media.signbsl.com/videos/asl/youtube/mp4/P4u9johXbcI.mp4
sleazier, https://media.signbsl.com/videos/asl/youtube/mp4/NnxRv7cBymQ.mp4
sleazy, https://media.signbsl.com/videos/asl/youtube/mp4/q7p7lurxElw.mp4
sled, https://media.signbsl.com/videos/asl/aslsearch/mp4/sled.mp4
sledding, https://media.signbsl.com/videos/asl/mariekatzenbachschool/mp4/sledding.mp4
sledge, https://media.signbsl.com/videos/asl/aslsearch/mp4/sled.mp4
sledgehammer, https://media.signbsl.com/videos/asl/youtube/mp4/PewFeAVGlbQ.mp4
sleek, https://media.signbsl.com/videos/asl/youtube/mp4/SfLGEXt-VdU.mp4
sleep, https://media.signbsl.com/videos/asl/startasl/mp4/sleep.mp4
sleeper, https://media.signbsl.com/videos/asl/youtube/mp4/qyOiPV63CW0.mp4
sleeping, https://media.signbsl.com/videos/asl/youtube/mp4/Z_6zu4CAbDA.mp4
sleeping around, https://player.vimeo.com/external/392423249.sd.mp4?s=4341e4e2e63c7f88744c603221c094ba31ff57d7&profile_id=164
sleeping bag, https://player.vimeo.com/external/392749305.sd.mp4?s=27528a0a6b2c3ff38148c15e03e936e1c3b96f6e&profile_id=164
sleeping capsule, https://media.signbsl.com/videos/asl/aslsearch/mp4/sleeping-pill.mp4
sleeping draught, https://media.signbsl.com/videos/asl/aslsearch/mp4/sleeping-pill.mp4
sleeping pill, https://media.signbsl.com/videos/asl/aslsearch/mp4/sleeping-pill.mp4
sleeping room, https://media.signbsl.com/videos/asl/startasl/mp4/bedroom.mp4
sleeping tablet, https://media.signbsl.com/videos/asl/aslsearch/mp4/sleeping-pill.mp4
sleepless, https://media.signbsl.com/videos/asl/youtube/mp4/VhFao6cvD9Y.mp4
sleepover, https://media.signbsl.com/videos/asl/youtube/mp4/mjcxCU97UZo.mp4
sleepwalk, https://media.signbsl.com/videos/asl/youtube/mp4/tEEB0N3mE-Y.mp4
sleepwalker, https://media.signbsl.com/videos/asl/youtube/mp4/VTeANDWSH2I.mp4
sleepwalking, https://media.signbsl.com/videos/asl/youtube/mp4/jHUL1VOn43c.mp4
sleepy, https://media.signbsl.com/videos/asl/youtube/mp4/WwkUUN1oq7A.mp4
sleepy eyed, https://media.signbsl.com/videos/asl/youtube/mp4/WwkUUN1oq7A.mp4
sleepyhead, https://media.signbsl.com/videos/asl/youtube/mp4/Fkx79M51P20.mp4
sleepyheaded, https://media.signbsl.com/videos/asl/youtube/mp4/WwkUUN1oq7A.mp4
sleet, https://player.vimeo.com/external/392749331.sd.mp4?s=bcd72323421d60c82345a5391a6b94f663ffdba2&profile_id=164
sleeve, https://media.signbsl.com/videos/asl/youtube/mp4/zOd_wkkVSNc.mp4
sleeveless, https://media.signbsl.com/videos/asl/aslsearch/mp4/sleeveless.mp4
sleigh, https://media.signbsl.com/videos/asl/aslsearch/mp4/sled.mp4
sleight, https://media.signbsl.com/videos/asl/youtube/mp4/sQwhJkatB9w.mp4
slender, https://media.signbsl.com/videos/asl/aslsearch/mp4/slim.mp4
slenderer, https://media.signbsl.com/videos/asl/youtube/mp4/zXg10uOrawQ.mp4
slenderise, https://media.signbsl.com/videos/asl/youtube/mp4/z14uZhAuo_w.mp4
slenderize, https://media.signbsl.com/videos/asl/startasl/mp4/lose-weight.mp4
sleuth, https://media.signbsl.com/videos/asl/youtube/mp4/lPn1TMq3P6k.mp4
sleuthhound, https://media.signbsl.com/videos/asl/youtube/mp4/YHc8qX9pCec.mp4
slew, https://media.signbsl.com/videos/asl/aslsearch/mp4/lot.mp4
slews, https://media.signbsl.com/videos/asl/aslsignbank/mp4/AUDIENCE-2081.mp4
slice, https://media.signbsl.com/videos/asl/aslsignbank/mp4/SCRATCH-249.mp4
slicer, https://media.signbsl.com/videos/asl/youtube/mp4/rYWlmG8FsJs.mp4
slick, https://media.signbsl.com/videos/asl/youtube/mp4/SfLGEXt-VdU.mp4
slicker, https://media.signbsl.com/videos/asl/youtube/mp4/XA5of11vrek.mp4
slick slicker slickest, https://media.signbsl.com/videos/asl/youtube/mp4/btl1lO5OXac.mp4
slid, https://media.signbsl.com/videos/asl/youtube/mp4/qxXeHmQCTvc.mp4
slide, https://media.signbsl.com/videos/asl/aslsearch/mp4/skid.mp4
slide by, https://media.signbsl.com/videos/asl/youtube/mp4/6dO2ZrV_Yj0.mp4
slide fastener, https://media.signbsl.com/videos/asl/youtube/mp4/RqQIV6r1UU8.mp4
slide show, https://media.signbsl.com/videos/asl/youtube/mp4/q90VdRrwVuk.mp4
sliding doors close, https://media.signbsl.com/videos/asl/youtube/mp4/YzaINyvs9I4.mp4
slight, https://media.signbsl.com/videos/asl/aslsearch/mp4/slim.mp4
slightly, https://media.signbsl.com/videos/asl/youtube/mp4/4QwTHWvICfE.mp4
slim, https://media.signbsl.com/videos/asl/aslsearch/mp4/slim.mp4
slim chance, https://media.signbsl.com/videos/asl/youtube/mp4/gYwGzxhf268.mp4
slim down, https://media.signbsl.com/videos/asl/startasl/mp4/lose-weight.mp4
slime, https://media.signbsl.com/videos/asl/aslsearch/mp4/slime.mp4
slimmed, https://media.signbsl.com/videos/asl/youtube/mp4/myF1Tw7bUmM.mp4
slimmer, https://media.signbsl.com/videos/asl/youtube/mp4/2icIJu6cQEA.mp4
sling, https://media.signbsl.com/videos/asl/aslsearch/mp4/sling.mp4
slingshot, https://media.signbsl.com/videos/asl/aslsearch/mp4/slingshot.mp4
slink, https://media.signbsl.com/videos/asl/youtube/mp4/x5Q5b-dVFqg.mp4
slinkier, https://media.signbsl.com/videos/asl/youtube/mp4/8l5yAKvAxRY.mp4
slinky, https://media.signbsl.com/videos/asl/youtube/mp4/h4lU5jqv6F8.mp4
slip, https://media.signbsl.com/videos/asl/aslsearch/mp4/skid.mp4
slip away, https://media.signbsl.com/videos/asl/youtube/mp4/6dO2ZrV_Yj0.mp4
slip by, https://media.signbsl.com/videos/asl/youtube/mp4/6dO2ZrV_Yj0.mp4
slip into, https://media.signbsl.com/videos/asl/youtube/mp4/Z1mCyyjsI1I.mp4
slip noose, https://media.signbsl.com/videos/asl/youtube/mp4/K-dnYHaT658.mp4
slip of paper, https://media.signbsl.com/videos/asl/youtube/mp4/fqCV9p0quiI.mp4
slip on base, https://media.signbsl.com/videos/asl/youtube/mp4/GeZiR2bMZwA.mp4
slipper, https://media.signbsl.com/videos/asl/aslsearch/mp4/slipper.mp4
slippers, https://media.signbsl.com/videos/asl/aslsearch/mp4/slipper.mp4
slippery, https://media.signbsl.com/videos/asl/youtube/mp4/bmlc2lyUDTw.mp4
slippery for cars, https://player.vimeo.com/external/392749402.sd.mp4?s=b25664ff7e9fd5f1eea28f83e76444efab4245e5&profile_id=164
slippery for walking, https://player.vimeo.com/external/392749436.sd.mp4?s=9e3f98f00be8023cb4b3fd94643a3da393d5999a&profile_id=164
slippy, https://media.signbsl.com/videos/asl/youtube/mp4/bmlc2lyUDTw.mp4
slippy sloppy, https://media.signbsl.com/videos/asl/youtube/mp4/4a-vgVusetc.mp4
slit, https://media.signbsl.com/videos/asl/aslsearch/mp4/slit.mp4
sliver, https://media.signbsl.com/videos/asl/youtube/mp4/2khzC4Oc91g.mp4
slob, https://media.signbsl.com/videos/asl/aslsearch/mp4/slob.mp4
slobber, https://media.signbsl.com/videos/asl/aslsearch/mp4/drool.mp4
slog, https://media.signbsl.com/videos/asl/youtube/mp4/RiDadJQIWoY.mp4
slogan, https://media.signbsl.com/videos/asl/youtube/mp4/P5S8qTUVFsE.mp4
slop, https://media.signbsl.com/videos/asl/aslsearch/mp4/spill.mp4
slope, https://media.signbsl.com/videos/asl/aslsignbank/mp4/SIDE-1049.mp4
sloped, https://media.signbsl.com/videos/asl/tsdvideo/mp4/331.mp4
slope intercept, https://media.signbsl.com/videos/asl/tsdvideo/mp4/1235.mp4
sloping, https://media.signbsl.com/videos/asl/tsdvideo/mp4/331.mp4
slopped, https://player.vimeo.com/external/392518215.sd.mp4?s=113d53ba6f2c71f52d578ada70db149ecff96e8b&profile_id=164
slops, https://media.signbsl.com/videos/asl/youtube/mp4/3qyOlHI1IAA.mp4
slosh, https://media.signbsl.com/videos/asl/youtube/mp4/dtietPzbruE.mp4
slosh around, https://media.signbsl.com/videos/asl/youtube/mp4/dtietPzbruE.mp4
sloshed, https://player.vimeo.com/external/392518215.sd.mp4?s=113d53ba6f2c71f52d578ada70db149ecff96e8b&profile_id=164
slot, https://media.signbsl.com/videos/asl/youtube/mp4/DmwT1G1D-f8.mp4
sloth, https://media.signbsl.com/videos/asl/thefamilyvocab/mp4/sloth.mp4
slothful, https://player.vimeo.com/external/392199499.sd.mp4?s=a0af72b8a62bc40793656539a344e4d71fa6b697&profile_id=164
slouch, https://media.signbsl.com/videos/asl/aslsearch/mp4/slump.mp4
sloughy, https://media.signbsl.com/videos/asl/youtube/mp4/W7chOU4GhmU.mp4
Slovakia, https://media.signbsl.com/videos/asl/youtube/mp4/JztYQsJSxEc.mp4
Slovak Republic, https://media.signbsl.com/videos/asl/youtube/mp4/JztYQsJSxEc.mp4
sloven, https://media.signbsl.com/videos/asl/aslsearch/mp4/slob.mp4
Slovenia, https://media.signbsl.com/videos/asl/youtube/mp4/5GCd-mB8FFI.mp4
Slovenija, https://media.signbsl.com/videos/asl/youtube/mp4/5GCd-mB8FFI.mp4
slovenly person, https://media.signbsl.com/videos/asl/aslsearch/mp4/slob.mp4
slow, https://media.signbsl.com/videos/asl/startasl/mp4/slow.mp4
slow cooker, https://player.vimeo.com/external/392678799.sd.mp4?s=d163989df9c1dbb1b57f4a25c9e2570bdb8cf46b&profile_id=164
slow down, https://media.signbsl.com/videos/asl/youtube/mp4/-D9gQ57MRQU.mp4
slower, https://media.signbsl.com/videos/asl/youtube/mp4/Xnwa60i5eDU.mp4
slowly shift attention, https://media.signbsl.com/videos/asl/youtube/mp4/FgrsuVeeC-E.mp4
slow scrolling credits, https://media.signbsl.com/videos/asl/youtube/mp4/wrH-GO0cJWM.mp4
slow up, https://media.signbsl.com/videos/asl/youtube/mp4/Kk3VLcufAdU.mp4
slow witted, https://player.vimeo.com/external/392125211.sd.mp4?s=c9e653ee540d83ebdda3e96bb43922c21c880fda&profile_id=164
slubbed, https://media.signbsl.com/videos/asl/youtube/mp4/MRXJYgYqn-0.mp4
sludge, https://media.signbsl.com/videos/asl/aslsignbank/mp4/RUB-2288.mp4
slue, https://media.signbsl.com/videos/asl/aslsearch/mp4/skid.mp4
slug, https://media.signbsl.com/videos/asl/youtube/mp4/mrbqaauuINM.mp4
slugger, https://media.signbsl.com/videos/asl/youtube/mp4/9FPSYnEyXDE.mp4
sluggish, https://media.signbsl.com/videos/asl/youtube/mp4/lZMUDkDwlQA.mp4
sluggishness, https://media.signbsl.com/videos/asl/youtube/mp4/n9WNo-eEG9U.mp4
sluice, https://media.signbsl.com/videos/asl/youtube/mp4/pucISmBLvlQ.mp4
sluicegate, https://media.signbsl.com/videos/asl/youtube/mp4/Sg82d-NJ78s.mp4
sluice valve, https://media.signbsl.com/videos/asl/youtube/mp4/Sg82d-NJ78s.mp4
sluiceway, https://media.signbsl.com/videos/asl/youtube/mp4/pucISmBLvlQ.mp4
slum, https://media.signbsl.com/videos/asl/youtube/mp4/ClBnvcQeq6c.mp4
slum area, https://media.signbsl.com/videos/asl/youtube/mp4/ClBnvcQeq6c.mp4
slumber, https://media.signbsl.com/videos/asl/startasl/mp4/sleep.mp4
slumberer, https://media.signbsl.com/videos/asl/youtube/mp4/qyOiPV63CW0.mp4
slumlord, https://media.signbsl.com/videos/asl/youtube/mp4/YrM3lVFKPTQ.mp4
slump, https://media.signbsl.com/videos/asl/aslsearch/mp4/slump.mp4
slur, https://media.signbsl.com/videos/asl/youtube/mp4/FnDzuMd-vKs.mp4
slurp, https://media.signbsl.com/videos/asl/youtube/mp4/xAn7_mzIVtk.mp4
slush, https://media.signbsl.com/videos/asl/aslsearch/mp4/slush.mp4
slush around, https://media.signbsl.com/videos/asl/youtube/mp4/dtietPzbruE.mp4
slushier, https://media.signbsl.com/videos/asl/youtube/mp4/xkhpG4wkie0.mp4
slushy, https://media.signbsl.com/videos/asl/youtube/mp4/ar0AjgLyg4s.mp4
slut, https://media.signbsl.com/videos/asl/youtube/mp4/ie2iSOIwHUI.mp4
sly, https://media.signbsl.com/videos/asl/youtube/mp4/6ghfSzLcMK0.mp4
slyly, https://media.signbsl.com/videos/asl/youtube/mp4/uGV1YIlRMsg.mp4
slyness, https://media.signbsl.com/videos/asl/youtube/mp4/zbf2Q-WwC6k.mp4
slytherin, https://media.signbsl.com/videos/asl/youtube/mp4/xzFvy8k66oE.mp4
smack, https://player.vimeo.com/external/392436550.sd.mp4?s=0b1eba7f3d8c336c199765f65c0140e685c027ef&profile_id=164
smack of, https://media.signbsl.com/videos/asl/youtube/mp4/pmMMdzK1K04.mp4
small, https://media.signbsl.com/videos/asl/startasl/mp4/small.mp4
small arm, https://media.signbsl.com/videos/asl/youtube/mp4/gar_c2aPTyg.mp4
small beer, https://media.signbsl.com/videos/asl/youtube/mp4/pQFks0iJqDc.mp4
small change, https://media.signbsl.com/videos/asl/youtube/mp4/FyIw6twg1XE.mp4
smaller, https://media.signbsl.com/videos/asl/youtube/mp4/gv46dsGhuqM.mp4
small fry, https://media.signbsl.com/videos/asl/startasl/mp4/children.mp4
smallholder, https://media.signbsl.com/videos/asl/youtube/mp4/pSs7xO4Hae4.mp4
smallholding, https://media.signbsl.com/videos/asl/youtube/mp4/bZRILQaDGBM.mp4
small letter, https://player.vimeo.com/external/392278080.sd.mp4?s=d41cce19d96dfc150f19d99ea5988a7d5fd2f369&profile_id=164
small minded, https://player.vimeo.com/external/392405172.sd.mp4?s=999dee96e54cd64db24cbe3d3681007732843ff4&profile_id=164
small part of large organization, https://media.signbsl.com/videos/asl/youtube/mp4/27V2MoD2KZc.mp4
small party, https://media.signbsl.com/videos/asl/youtube/mp4/HoN7ZSXy9Vc.mp4
smallpox, https://media.signbsl.com/videos/asl/youtube/mp4/LHBI-XXmS7k.mp4
small talk, https://media.signbsl.com/videos/asl/youtube/mp4/3hA2liUUPTI.mp4
small town, https://media.signbsl.com/videos/asl/aslsearch/mp4/village.mp4
smarmier, https://media.signbsl.com/videos/asl/youtube/mp4/T6Wh1oWTp7Y.mp4
smarmy, https://media.signbsl.com/videos/asl/youtube/mp4/cIfReZSw6ZI.mp4
smart, https://player.vimeo.com/external/392195057.sd.mp4?s=0ab621937c502a1478a8b46ef785e8f033a47c0b&profile_id=164
smart alec, https://media.signbsl.com/videos/asl/youtube/mp4/exwdocvTTVw.mp4
smartboard, https://media.signbsl.com/videos/asl/mariekatzenbachschool/mp4/smartboard.mp4
smash, https://media.signbsl.com/videos/asl/youtube/mp4/akHpOgqn6ec.mp4
smashed, https://player.vimeo.com/external/392518215.sd.mp4?s=113d53ba6f2c71f52d578ada70db149ecff96e8b&profile_id=164
smasher, https://media.signbsl.com/videos/asl/startasl/mp4/sweetheart.mp4
smash hit, https://media.signbsl.com/videos/asl/youtube/mp4/vIOJX88UMdg.mp4
smashing, https://media.signbsl.com/videos/asl/aslsearch/mp4/great.mp4
smash up, https://media.signbsl.com/videos/asl/youtube/mp4/vgbA7N4VFfg.mp4
smatter, https://media.signbsl.com/videos/asl/youtube/mp4/fh5NLDMuVvo.mp4
smear, https://player.vimeo.com/external/391916800.sd.mp4?s=e84d64b60ea7be556f7779e8cc8cf27c37054f3f&profile_id=164
smell, https://media.signbsl.com/videos/asl/aslsignbank/mp4/SMELL-1076.mp4
smells bad, https://media.signbsl.com/videos/asl/aslsignbank/mp4/STINK-2196.mp4
smelly, https://media.signbsl.com/videos/asl/aslsignbank/mp4/E(smelly)-1887.mp4
smelt, https://media.signbsl.com/videos/asl/youtube/mp4/EtIKWFdlkgY.mp4
smidge, https://media.signbsl.com/videos/asl/aslsearch/mp4/shred.mp4
smidgen, https://media.signbsl.com/videos/asl/aslsearch/mp4/shred.mp4
smidgeon, https://media.signbsl.com/videos/asl/aslsearch/mp4/shred.mp4
smidgin, https://media.signbsl.com/videos/asl/aslsearch/mp4/shred.mp4
Smilax rotundifolia, https://media.signbsl.com/videos/asl/youtube/mp4/ioQMs2K-DTY.mp4
smile, https://media.signbsl.com/videos/asl/aslsignbank/mp4/SMILE-1077.mp4
smiley, https://media.signbsl.com/videos/asl/youtube/mp4/FtH9o-RBd-E.mp4
smiling, https://media.signbsl.com/videos/asl/aslsignbank/mp4/SMILE-1077.mp4
smirch, https://media.signbsl.com/videos/asl/youtube/mp4/sWjkhrcOwdE.mp4
smirk, https://media.signbsl.com/videos/asl/youtube/mp4/PpC8cHWt8bw.mp4
Smith, https://media.signbsl.com/videos/asl/ids/mp4/2013-11-2570-joseph-smith-1500k-ase.mp4
smithereens, https://media.signbsl.com/videos/asl/youtube/mp4/vczdWzcN5P4.mp4
smitten, https://media.signbsl.com/videos/asl/youtube/mp4/47JR5-ETrzI.mp4
smog, https://media.signbsl.com/videos/asl/youtube/mp4/qXv7fSh0l0g.mp4
smogginess, https://media.signbsl.com/videos/asl/youtube/mp4/qXv7fSh0l0g.mp4
smoke, https://media.signbsl.com/videos/asl/startasl/mp4/smoking.mp4
smoke a cigar, https://media.signbsl.com/videos/asl/aslsearch/mp4/smoke-a-cigar.mp4
smoke a cigarette, https://media.signbsl.com/videos/asl/aslsearch/mp4/smoke-a-cigarette.mp4
smoke a pipe, https://media.signbsl.com/videos/asl/aslsearch/mp4/smoke-a-pipe.mp4
smokehouse, https://media.signbsl.com/videos/asl/youtube/mp4/EPy_NkV_GkI.mp4
smokeless, https://media.signbsl.com/videos/asl/youtube/mp4/t043MZrGx7E.mp4
smoker, https://media.signbsl.com/videos/asl/youtube/mp4/8PFw_3FuxB4.mp4
smoke screen, https://media.signbsl.com/videos/asl/youtube/mp4/OVCTrlvDRX0.mp4
smokescreen, https://media.signbsl.com/videos/asl/youtube/mp4/OVCTrlvDRX0.mp4
smokestack, https://media.signbsl.com/videos/asl/youtube/mp4/AzplgT5j-Tc.mp4
smokier, https://media.signbsl.com/videos/asl/youtube/mp4/pyKzFLKHAho.mp4
smoking, https://media.signbsl.com/videos/asl/startasl/mp4/smoking.mp4
smolder, https://media.signbsl.com/videos/asl/youtube/mp4/axx3hsYBHYg.mp4
smooch, https://media.signbsl.com/videos/asl/youtube/mp4/rdi0U-Noe5c.mp4
smooching, https://player.vimeo.com/external/392380749.sd.mp4?s=e9db38157d1680d5cda5968ce9f87323b597ee9c&profile_id=164
smooth, https://media.signbsl.com/videos/asl/aslsearch/mp4/shine.mp4
smoothen, https://media.signbsl.com/videos/asl/aslsearch/mp4/shine.mp4
smoother, https://media.signbsl.com/videos/asl/youtube/mp4/7XM6o6jvBIg.mp4
smooth faced, https://media.signbsl.com/videos/asl/youtube/mp4/qqdQmEkB5DQ.mp4
smoothie, https://media.signbsl.com/videos/asl/youtube/mp4/99xOXCMwkRk.mp4
smooth shaven, https://player.vimeo.com/external/395766184.sd.mp4?s=b7c86b6e79206b7b11dbb56f1f7546481aaf880d&profile_id=164
smooth spoken, https://player.vimeo.com/external/392009626.sd.mp4?s=757186da0cf93857349e587eb54d66d28e61db84&profile_id=164
smooth tongued, https://media.signbsl.com/videos/asl/youtube/mp4/SNehvoP2l0Q.mp4
smorgasbord, https://media.signbsl.com/videos/asl/youtube/mp4/Lt-pbyuiqiI.mp4
smother, https://player.vimeo.com/external/391390565.sd.mp4?s=383ac5c5790e55cf22c9165515add97686652be0&profile_id=164
smoulder, https://media.signbsl.com/videos/asl/youtube/mp4/axx3hsYBHYg.mp4
sms, https://media.signbsl.com/videos/asl/youtube/mp4/5gpUIdo9ZDg.mp4
smudge, https://media.signbsl.com/videos/asl/youtube/mp4/FnDzuMd-vKs.mp4
smug, https://media.signbsl.com/videos/asl/youtube/mp4/jIpE3A9a0Mk.mp4
smugger, https://media.signbsl.com/videos/asl/youtube/mp4/WFxYWX9h2Mw.mp4
smuggle, https://media.signbsl.com/videos/asl/youtube/mp4/0zok5e1ovEg.mp4
smuggled, https://player.vimeo.com/external/391203299.sd.mp4?s=ee3bed0ddf4cd0cc030354037bd204571cb8ded5&profile_id=164
smuggler, https://media.signbsl.com/videos/asl/youtube/mp4/Ot1tDQTaP_k.mp4
smut, https://media.signbsl.com/videos/asl/ids/mp4/2013-11-3570-pornography-1500k-ase.mp4
smuttier, https://media.signbsl.com/videos/asl/youtube/mp4/OrEwJvEmRDM.mp4
snack, https://media.signbsl.com/videos/asl/aslsearch/mp4/snack.mp4
snaffle, https://media.signbsl.com/videos/asl/aslsearch/mp4/grab.mp4
snag, https://media.signbsl.com/videos/asl/aslsearch/mp4/snag.mp4
snail, https://media.signbsl.com/videos/asl/aslsearch/mp4/snail.mp4
snake, https://media.signbsl.com/videos/asl/startasl/mp4/snake.mp4
snakebit, https://media.signbsl.com/videos/asl/youtube/mp4/wNaVL0GXsZY.mp4
snake charming, https://media.signbsl.com/videos/asl/youtube/mp4/dZLKYoaICyQ.mp4
snake doctor, https://media.signbsl.com/videos/asl/thefamilyvocab/mp4/dragonfly.mp4
snake feeder, https://media.signbsl.com/videos/asl/thefamilyvocab/mp4/dragonfly.mp4
snakelike, https://media.signbsl.com/videos/asl/youtube/mp4/HfeArxRIEKg.mp4
snake piercing, https://media.signbsl.com/videos/asl/youtube/mp4/qQVoXnSLZrU.mp4
snake pit, https://media.signbsl.com/videos/asl/signlanguagestudent/mp4/hell.mp4
snaky, https://media.signbsl.com/videos/asl/youtube/mp4/HfeArxRIEKg.mp4
snap, https://media.signbsl.com/videos/asl/aslsignbank/mp4/CATCH-1032.mp4
snap fastener, https://media.signbsl.com/videos/asl/youtube/mp4/tcnZIwzOQKA.mp4
snap fingers, https://media.signbsl.com/videos/asl/youtube/mp4/rDLMxNJ5dyY.mp4
snap off, https://media.signbsl.com/videos/asl/youtube/mp4/yN6sgI0Bw_o.mp4
snappier, https://media.signbsl.com/videos/asl/youtube/mp4/DpIyTZtkkKY.mp4
snappily, https://media.signbsl.com/videos/asl/youtube/mp4/NfBhev73BjM.mp4
snappish, https://media.signbsl.com/videos/asl/youtube/mp4/2kmZ4FueTAI.mp4
snappishness, https://media.signbsl.com/videos/asl/youtube/mp4/ZFdQI4FxN2k.mp4
snappy, https://media.signbsl.com/videos/asl/youtube/mp4/U7x9aQI941s.mp4
snaps, https://media.signbsl.com/videos/asl/aslsignbank/mp4/CATCH-1032.mp4
snap up, https://media.signbsl.com/videos/asl/aslsearch/mp4/grab.mp4
snare, https://media.signbsl.com/videos/asl/youtube/mp4/CEvB50yfUwA.mp4
snarf, https://media.signbsl.com/videos/asl/youtube/mp4/oLLgLsxlDeo.mp4
snarl, https://media.signbsl.com/videos/asl/youtube/mp4/IH8S-gERsZ8.mp4
snarl up, https://player.vimeo.com/external/392756405.sd.mp4?s=0440a637818f35757173abeceb13e7f7b4660367&profile_id=164
snatch, https://media.signbsl.com/videos/asl/aslsearch/mp4/abduct.mp4
sneak, https://media.signbsl.com/videos/asl/youtube/mp4/oLLgLsxlDeo.mp4
sneaker, https://media.signbsl.com/videos/asl/youtube/mp4/GJm1yIB0o5k.mp4
sneak thief, https://media.signbsl.com/videos/asl/youtube/mp4/pJpFI_APDQQ.mp4
sneaky, https://player.vimeo.com/external/392544818.sd.mp4?s=24695a9ded6d00e71808c8ea9b92208c76194722&profile_id=164
sneer, https://media.signbsl.com/videos/asl/youtube/mp4/PdhPY6hEIEo.mp4
sneering, https://media.signbsl.com/videos/asl/youtube/mp4/tVekkKK2K6M.mp4
sneeze, https://media.signbsl.com/videos/asl/aslsignbank/mp4/SNEEZE-2193.mp4
sneezing, https://media.signbsl.com/videos/asl/aslsignbank/mp4/SNEEZE-2193.mp4
snick, https://media.signbsl.com/videos/asl/youtube/mp4/brJpz0plPho.mp4
snicker, https://media.signbsl.com/videos/asl/youtube/mp4/5b2qn2ZXb10.mp4
snide, https://media.signbsl.com/videos/asl/youtube/mp4/tVekkKK2K6M.mp4
sniff, https://media.signbsl.com/videos/asl/youtube/mp4/z6Zyx5Mr2dU.mp4
sniffer, https://media.signbsl.com/videos/asl/youtube/mp4/MdjlIyGk6Io.mp4
sniffle, https://media.signbsl.com/videos/asl/startasl/mp4/sniffles.mp4
sniffles, https://media.signbsl.com/videos/asl/startasl/mp4/sniffles.mp4
snigger, https://media.signbsl.com/videos/asl/youtube/mp4/5b2qn2ZXb10.mp4
snip, https://media.signbsl.com/videos/asl/aslsignbank/mp4/SCISSORS-CUT-99.mp4
snipe, https://media.signbsl.com/videos/asl/youtube/mp4/gZGaBUsPWUM.mp4
snip off, https://media.signbsl.com/videos/asl/aslsignbank/mp4/SCISSORS-CUT-99.mp4
snippy, https://media.signbsl.com/videos/asl/youtube/mp4/k7fQERQAcK8.mp4
snips, https://player.vimeo.com/external/392520742.sd.mp4?s=abff7f955b5962aa1ecf1280cd02b3a54e136f34&profile_id=164
snitch, https://player.vimeo.com/external/392510697.sd.mp4?s=ba149970def7d241347c242b2c23caafe5107885&profile_id=164
snitcher, https://media.signbsl.com/videos/asl/youtube/mp4/pJpFI_APDQQ.mp4
snivel, https://media.signbsl.com/videos/asl/startasl/mp4/sniffles.mp4
sniveller, https://media.signbsl.com/videos/asl/youtube/mp4/Hg3v807Gkvg.mp4
snob, https://media.signbsl.com/videos/asl/aslsearch/mp4/snob.mp4
snobbish, https://media.signbsl.com/videos/asl/youtube/mp4/lHJNrKlXwxA.mp4
snobby, https://media.signbsl.com/videos/asl/youtube/mp4/lHJNrKlXwxA.mp4
snog, https://media.signbsl.com/videos/asl/youtube/mp4/rdi0U-Noe5c.mp4
snoop, https://media.signbsl.com/videos/asl/youtube/mp4/lPn1TMq3P6k.mp4
snoopy, https://media.signbsl.com/videos/asl/startasl/mp4/nosy.mp4
snoot, https://media.signbsl.com/videos/asl/youtube/mp4/c_ezVdZFJqk.mp4
snooty, https://media.signbsl.com/videos/asl/youtube/mp4/r5B9BYxItD0.mp4
snooze, https://media.signbsl.com/videos/asl/aslsearch/mp4/doze.mp4
snore, https://media.signbsl.com/videos/asl/youtube/mp4/PvOdfCoYfkQ.mp4
snorkel, https://media.signbsl.com/videos/asl/youtube/mp4/A5ntDeXJ5P8.mp4
snorkel breather, https://media.signbsl.com/videos/asl/youtube/mp4/A5ntDeXJ5P8.mp4
snorkeler, https://media.signbsl.com/videos/asl/youtube/mp4/LhJf83f0YKc.mp4
snort, https://media.signbsl.com/videos/asl/aslsearch/mp4/snort.mp4
snot, https://media.signbsl.com/videos/asl/aslsearch/mp4/snob.mp4
snot nosed, https://media.signbsl.com/videos/asl/youtube/mp4/r5B9BYxItD0.mp4
snotty, https://media.signbsl.com/videos/asl/youtube/mp4/r5B9BYxItD0.mp4
snout, https://media.signbsl.com/videos/asl/youtube/mp4/c_ezVdZFJqk.mp4
snow, https://media.signbsl.com/videos/asl/startasl/mp4/snow.mp4
snowball, https://media.signbsl.com/videos/asl/aslsearch/mp4/snowball.mp4
snowbird, https://media.signbsl.com/videos/asl/mariekatzenbachschool/mp4/snowflakes.mp4
snowblew, https://media.signbsl.com/videos/asl/youtube/mp4/l3VaDYur-PQ.mp4
snowboard, https://media.signbsl.com/videos/asl/aslsearch/mp4/snowboard.mp4
snowboarder, https://media.signbsl.com/videos/asl/youtube/mp4/DCYQb4NO5aY.mp4
snowbound, https://media.signbsl.com/videos/asl/youtube/mp4/lBLh0w7-wg8.mp4
snow bunting, https://media.signbsl.com/videos/asl/mariekatzenbachschool/mp4/snowflakes.mp4
snow chains, https://player.vimeo.com/external/392520887.sd.mp4?s=f6d8c133eead630cadf5c02e739bb0bc6fb5a952&profile_id=164
snowfall, https://media.signbsl.com/videos/asl/startasl/mp4/snow.mp4
snowfield, https://media.signbsl.com/videos/asl/youtube/mp4/WjFCd4QkvY8.mp4
snowflake, https://media.signbsl.com/videos/asl/mariekatzenbachschool/mp4/snowflakes.mp4
snowflakes, https://media.signbsl.com/videos/asl/mariekatzenbachschool/mp4/snowflakes.mp4
snow flurries, https://player.vimeo.com/external/392749507.sd.mp4?s=9fa85a4fba0594a6eef699ece28b728fe10e5c1b&profile_id=164
snow flurry, https://player.vimeo.com/external/392749507.sd.mp4?s=9fa85a4fba0594a6eef699ece28b728fe10e5c1b&profile_id=164
snowier, https://media.signbsl.com/videos/asl/youtube/mp4/UtsmerKbaeo.mp4
snowing, https://media.signbsl.com/videos/asl/youtube/mp4/Zv20K53H_b4.mp4
snowless, https://media.signbsl.com/videos/asl/youtube/mp4/XzYka2NXkzw.mp4
snowline, NA
snowman, https://media.signbsl.com/videos/asl/aslsignbank/mp4/SNOWMAN-1084.mp4
snowmobile, https://media.signbsl.com/videos/asl/aslsearch/mp4/snowmobile.mp4
snow skiing, https://media.signbsl.com/videos/asl/aslsearch/mp4/snow-skiing.mp4
snowstorm, https://player.vimeo.com/external/391205328.sd.mp4?s=43e7ca0f765647a20816aeb34596acbb72c3c215&profile_id=164
snowsuit, https://media.signbsl.com/videos/asl/youtube/mp4/0eGBdXH28K0.mp4
snow white, https://media.signbsl.com/videos/asl/youtube/mp4/A7BQomIUYrQ.mp4
snowy, https://media.signbsl.com/videos/asl/youtube/mp4/A7BQomIUYrQ.mp4
snub, https://media.signbsl.com/videos/asl/youtube/mp4/CBcMVb9O9iw.mp4
snuff, https://media.signbsl.com/videos/asl/youtube/mp4/z6Zyx5Mr2dU.mp4
snuff it, https://media.signbsl.com/videos/asl/youtube/mp4/7Reav4BjWdQ.mp4
snuffle, https://media.signbsl.com/videos/asl/startasl/mp4/sniffles.mp4
snuff out, https://media.signbsl.com/videos/asl/youtube/mp4/hgl3OqvrjSU.mp4
snug, https://media.signbsl.com/videos/asl/aslsearch/mp4/cozy.mp4
snugger, https://media.signbsl.com/videos/asl/youtube/mp4/QFUuATgNPaI.mp4
snuggery, https://media.signbsl.com/videos/asl/youtube/mp4/5PaIiRS1hj0.mp4
snuggle, https://media.signbsl.com/videos/asl/aslsearch/mp4/nest.mp4
snuggling, https://player.vimeo.com/external/392380749.sd.mp4?s=e9db38157d1680d5cda5968ce9f87323b597ee9c&profile_id=164
so, https://media.signbsl.com/videos/asl/aslsignbank/mp4/OR-1532.mp4
soak, https://media.signbsl.com/videos/asl/aslsearch/mp4/overcharge.mp4
soakage, https://media.signbsl.com/videos/asl/aslsearch/mp4/soak.mp4
soaked, https://player.vimeo.com/external/392518215.sd.mp4?s=113d53ba6f2c71f52d578ada70db149ecff96e8b&profile_id=164
soaker, https://media.signbsl.com/videos/asl/aslsearch/mp4/alcoholic.mp4
soaking, https://media.signbsl.com/videos/asl/aslsearch/mp4/soak.mp4
soaking up, https://media.signbsl.com/videos/asl/deaftec/mp4/1335.mp4
soak through, https://media.signbsl.com/videos/asl/aslsearch/mp4/soak-through.mp4
soak up, https://media.signbsl.com/videos/asl/signlanguagestudent/mp4/take-up.mp4
so and so, https://media.signbsl.com/videos/asl/youtube/mp4/7LYI9dK_sEY.mp4
soap, https://media.signbsl.com/videos/asl/startasl/mp4/soap.mp4
soapbox, https://media.signbsl.com/videos/asl/youtube/mp4/I8u-XbOb5xY.mp4
soapier, https://media.signbsl.com/videos/asl/youtube/mp4/XXyxP3G30i0.mp4
soap rock, https://media.signbsl.com/videos/asl/AustinCommunityCollege/mp4/weld_soapstone_.mp4
soaprock, https://media.signbsl.com/videos/asl/AustinCommunityCollege/mp4/weld_soapstone_.mp4
soapstone, https://media.signbsl.com/videos/asl/AustinCommunityCollege/mp4/weld_soapstone_.mp4
soapsuds, https://media.signbsl.com/videos/asl/youtube/mp4/HGs_X0rR8IM.mp4
soap up, https://media.signbsl.com/videos/asl/youtube/mp4/Z8KBm-d1dE0.mp4
soar, https://media.signbsl.com/videos/asl/aslsearch/mp4/zoom.mp4
soaring, https://player.vimeo.com/external/392144178.sd.mp4?s=98df1ce031d62ac9c0d2a263872f39300a6c0ca5&profile_id=164
soar up, https://media.signbsl.com/videos/asl/aslsearch/mp4/zoom.mp4
soar upwards, https://media.signbsl.com/videos/asl/aslsearch/mp4/zoom.mp4
SOB, https://media.signbsl.com/videos/asl/aslsearch/mp4/asshole.mp4
sober, https://media.signbsl.com/videos/asl/aslsearch/mp4/sober.mp4
soberer, https://media.signbsl.com/videos/asl/youtube/mp4/8eR7euXcFBw.mp4
soccer, https://media.signbsl.com/videos/asl/aslsearch/mp4/soccer.mp4
soccer field, https://media.signbsl.com/videos/asl/aslsearch/mp4/soccer-field.mp4
soccer goal, https://media.signbsl.com/videos/asl/youtube/mp4/dSy1PvZ1UhE.mp4
sociable, https://media.signbsl.com/videos/asl/signlanguagestudent/mp4/social.mp4
social, https://media.signbsl.com/videos/asl/signlanguagestudent/mp4/social.mp4
social affair, https://media.signbsl.com/videos/asl/youtube/mp4/l_RjIxhua30.mp4
social function, https://media.signbsl.com/videos/asl/youtube/mp4/6uInOgPWnT4.mp4
social gathering, https://media.signbsl.com/videos/asl/youtube/mp4/l_RjIxhua30.mp4
socialise, https://media.signbsl.com/videos/asl/youtube/mp4/mBLzRmPiUdg.mp4
socialism, https://media.signbsl.com/videos/asl/youtube/mp4/KNX7unNPlvY.mp4
Socialist Peoples Libyan Arab Jamahiriya, https://media.signbsl.com/videos/asl/youtube/mp4/9VBEl5bmabI.mp4
Socialist Republic of Vietnam, https://media.signbsl.com/videos/asl/startasl/mp4/vietnam.mp4
socialite, https://media.signbsl.com/videos/asl/youtube/mp4/5j0fykeZBgY.mp4
socialize, https://media.signbsl.com/videos/asl/youtube/mp4/mBLzRmPiUdg.mp4
social occasion, https://media.signbsl.com/videos/asl/youtube/mp4/6uInOgPWnT4.mp4
Social Security number, https://media.signbsl.com/videos/asl/youtube/mp4/-GZWgSy-r6Y.mp4
social studies, https://media.signbsl.com/videos/asl/mariekatzenbachschool/mp4/social%20studies.mp4
social work, https://media.signbsl.com/videos/asl/youtube/mp4/lKHT5kVrmrI.mp4
social worker, https://media.signbsl.com/videos/asl/aslsearch/mp4/social-worker.mp4
societal, https://media.signbsl.com/videos/asl/youtube/mp4/t43-WX2BHWI.mp4
society, https://media.signbsl.com/videos/asl/aslsignbank/mp4/SOCIETY-1092.mp4
sociological, https://media.signbsl.com/videos/asl/youtube/mp4/lBlxD2ZWiTY.mp4
sociologist, https://media.signbsl.com/videos/asl/youtube/mp4/xhAF2LEjitQ.mp4
sociopath, https://media.signbsl.com/videos/asl/youtube/mp4/-KQ5cNQBi_k.mp4
sock, https://media.signbsl.com/videos/asl/startasl/mp4/socks.mp4
socket, https://media.signbsl.com/videos/asl/youtube/mp4/x0WV9pvuuXE.mp4
socket wrench, https://media.signbsl.com/videos/asl/AustinCommunityCollege/mp4/auto_socket_wrench_.mp4
socks, https://media.signbsl.com/videos/asl/startasl/mp4/socks.mp4
Socrates, https://media.signbsl.com/videos/asl/philosophy/mp4/Socrates-HD.mp4
sod, https://media.signbsl.com/videos/asl/youtube/mp4/vrhjjB9sz0c.mp4
soda, https://media.signbsl.com/videos/asl/startasl/mp4/soda-pop.mp4
sodality, https://media.signbsl.com/videos/asl/aslsearch/mp4/fraternity.mp4
soda machine, https://media.signbsl.com/videos/asl/startasl/mp4/soda-machine.mp4
soda pop, https://media.signbsl.com/videos/asl/startasl/mp4/soda-pop.mp4
soda water, https://media.signbsl.com/videos/asl/startasl/mp4/soda-pop.mp4
sodbuster, https://media.signbsl.com/videos/asl/aslsearch/mp4/farmer.mp4
sodomise, https://media.signbsl.com/videos/asl/youtube/mp4/XnsRoxoFONs.mp4
sodomize, https://media.signbsl.com/videos/asl/youtube/mp4/XnsRoxoFONs.mp4
sofa, https://media.signbsl.com/videos/asl/startasl/mp4/sofa.mp4
so far, https://media.signbsl.com/videos/asl/aslsearch/mp4/still.mp4
so forth, https://media.signbsl.com/videos/asl/youtube/mp4/dzJNhNH_dhM.mp4
soft, https://media.signbsl.com/videos/asl/aslsearch/mp4/soft.mp4
softball, https://media.signbsl.com/videos/asl/aslsearch/mp4/softball.mp4
softball game, https://media.signbsl.com/videos/asl/aslsearch/mp4/softball.mp4
soft boiled, https://media.signbsl.com/videos/asl/startasl/mp4/soft-hearted.mp4
soften, https://media.signbsl.com/videos/asl/aslsearch/mp4/cushion.mp4
softener, https://media.signbsl.com/videos/asl/youtube/mp4/AG72bjDlbRA.mp4
soft hearted, https://media.signbsl.com/videos/asl/startasl/mp4/soft-hearted.mp4
softhearted, https://media.signbsl.com/videos/asl/startasl/mp4/soft-hearted.mp4
softie, https://media.signbsl.com/videos/asl/youtube/mp4/Wy00ke3SADA.mp4
soft on, https://media.signbsl.com/videos/asl/youtube/mp4/47JR5-ETrzI.mp4
soft touch, https://media.signbsl.com/videos/asl/youtube/mp4/sq_WJH8Guds.mp4
software, https://media.signbsl.com/videos/asl/deaftec/mp4/1059.mp4
software engineer, https://player.vimeo.com/external/392649969.sd.mp4?s=9d457beeee3ea3376f8c869c2616801f2572c219&profile_id=164
software package, https://media.signbsl.com/videos/asl/deaftec/mp4/1059.mp4
software system, https://media.signbsl.com/videos/asl/deaftec/mp4/1059.mp4
soft witted, https://media.signbsl.com/videos/asl/youtube/mp4/4lN9uC3VLc0.mp4
softwood, https://media.signbsl.com/videos/asl/youtube/mp4/D4zermGPGy0.mp4
softy, https://media.signbsl.com/videos/asl/youtube/mp4/Wy00ke3SADA.mp4
soggier, https://media.signbsl.com/videos/asl/youtube/mp4/nk3CHfTh_5E.mp4
soggily, https://media.signbsl.com/videos/asl/youtube/mp4/pEFU8kp7qnU.mp4
soggy, https://media.signbsl.com/videos/asl/youtube/mp4/hdP1T4sAdns.mp4
soil, https://media.signbsl.com/videos/asl/aslsignbank/mp4/DIRTY-109.mp4
soiled, https://media.signbsl.com/videos/asl/startasl/mp4/dirty.mp4
sojourn, https://media.signbsl.com/videos/asl/youtube/mp4/KKZc9rzz1l0.mp4
solace, https://media.signbsl.com/videos/asl/aslsignbank/mp4/COMFORTABLE-2039.mp4
solar, https://media.signbsl.com/videos/asl/AustinCommunityCollege/mp4/elec_solar_.mp4
solar day, https://media.signbsl.com/videos/asl/startasl/mp4/day.mp4
solar eclipse, https://media.signbsl.com/videos/asl/aslsearch/mp4/solar-eclipse.mp4
solar system, https://media.signbsl.com/videos/asl/aslsearch/mp4/solar-system.mp4
solar trap, https://media.signbsl.com/videos/asl/youtube/mp4/eTW0nwgsi-0.mp4
solder, https://media.signbsl.com/videos/asl/youtube/mp4/IX2L0BYCWiI.mp4
soldier, https://player.vimeo.com/external/392444794.sd.mp4?s=98b2bc815cd64ad488134ce92b324ded8cdcde68&profile_id=164
soldierlike, https://media.signbsl.com/videos/asl/youtube/mp4/0zlQ08_HNVo.mp4
soldierly, https://media.signbsl.com/videos/asl/youtube/mp4/0zlQ08_HNVo.mp4
soldier of fortune, https://media.signbsl.com/videos/asl/youtube/mp4/iQKlFHDDESA.mp4
soldier on, https://media.signbsl.com/videos/asl/youtube/mp4/Qva1tbzWL50.mp4
sole, https://media.signbsl.com/videos/asl/youtube/mp4/7qyECBjMD2I.mp4
solecism, https://player.vimeo.com/external/392141576.sd.mp4?s=12f7615ba75b5fc87d8d478645cbce6a46cc7dd2&profile_id=164
solely, https://media.signbsl.com/videos/asl/aslsignbank/mp4/ALONE-2065.mp4
solemn, https://media.signbsl.com/videos/asl/youtube/mp4/ohohXbK6alo.mp4
solenoid, https://media.signbsl.com/videos/asl/youtube/mp4/3k1P3tdpO9w.mp4
solicit, https://media.signbsl.com/videos/asl/youtube/mp4/8TAQ4ihnzfY.mp4
solicitation, https://media.signbsl.com/videos/asl/unoclimb/mp4/4dZ2u1kP60s.mp4
solid, https://media.signbsl.com/videos/asl/aslsearch/mp4/solid.mp4
solid color, https://player.vimeo.com/external/392749640.sd.mp4?s=2bc6bde1b463e2bdfc11d0c012c0c18a5d6ffe10&profile_id=164
solider, https://media.signbsl.com/videos/asl/youtube/mp4/SoxHMavxT74.mp4
solid figure, https://media.signbsl.com/videos/asl/tsdvideo/mp4/195.mp4
solid ground, https://media.signbsl.com/videos/asl/aslsearch/mp4/ground.mp4
solidification, https://media.signbsl.com/videos/asl/youtube/mp4/76Qvag-V35E.mp4
solidifying, https://media.signbsl.com/videos/asl/youtube/mp4/76Qvag-V35E.mp4
soliloquies, https://media.signbsl.com/videos/asl/youtube/mp4/iOZIDpJdxsw.mp4
solitaries, https://media.signbsl.com/videos/asl/youtube/mp4/_jufYPHbva8.mp4
solitariness, https://media.signbsl.com/videos/asl/youtube/mp4/bSox6pN4dIk.mp4
solitary, https://media.signbsl.com/videos/asl/youtube/mp4/_jufYPHbva8.mp4
solitude, https://media.signbsl.com/videos/asl/youtube/mp4/iE4h64YoXBQ.mp4
soloist, https://media.signbsl.com/videos/asl/youtube/mp4/qOk0SEeSEq8.mp4
Solomon, https://media.signbsl.com/videos/asl/valleybible/mp4/Solomon.mp4
solon, https://media.signbsl.com/videos/asl/youtube/mp4/Fn7iHycBlNw.mp4
so long, https://media.signbsl.com/videos/asl/startasl/mp4/bye.mp4
solstice, https://media.signbsl.com/videos/asl/youtube/mp4/N3rFXu18lCw.mp4
solubility, https://media.signbsl.com/videos/asl/elementalaslconcepts/mp4/solubility.mp4
soluble, https://media.signbsl.com/videos/asl/youtube/mp4/M0-fmo57q7Q.mp4
solute, https://media.signbsl.com/videos/asl/elementalaslconcepts/mp4/solute.mp4
solution, https://media.signbsl.com/videos/asl/elementalaslconcepts/mp4/solution.mp4
solution set, https://media.signbsl.com/videos/asl/tsdvideo/mp4/1529.mp4
solve, https://media.signbsl.com/videos/asl/tsdvideo/mp4/415.mp4
solvency, https://media.signbsl.com/videos/asl/youtube/mp4/TCNJUQ2yTmI.mp4
solvent, https://media.signbsl.com/videos/asl/youtube/mp4/RU8T5Kfg1zM.mp4
solving, https://media.signbsl.com/videos/asl/youtube/mp4/zCyIdeqtUs8.mp4
soma, https://media.signbsl.com/videos/asl/ids/mp4/2013-11-3520-physical-body-1500k-ase.mp4
Somalia, https://media.signbsl.com/videos/asl/youtube/mp4/6rj5rCKsd5o.mp4
somberness, https://media.signbsl.com/videos/asl/youtube/mp4/0ffNY5mJwuI.mp4
sombreness, https://media.signbsl.com/videos/asl/youtube/mp4/0ffNY5mJwuI.mp4
some, https://media.signbsl.com/videos/asl/startasl/mp4/some.mp4
somebody, https://media.signbsl.com/videos/asl/aslsignbank/mp4/PERSON-888.mp4
someday, https://media.signbsl.com/videos/asl/aslsearch/mp4/someday.mp4
some form or fashion, https://media.signbsl.com/videos/asl/youtube/mp4/EqAE7lhtR2M.mp4
someone, https://media.signbsl.com/videos/asl/aslsignbank/mp4/PERSON-888.mp4
someone offers me a job, https://media.signbsl.com/videos/asl/youtube/mp4/qs6Mn6af180.mp4
someone slaps my face, https://media.signbsl.com/videos/asl/youtube/mp4/hacG_PRk7u8.mp4
someplace, https://media.signbsl.com/videos/asl/aslsearch/mp4/somewhere.mp4
somersault, https://media.signbsl.com/videos/asl/aslsearch/mp4/flip.mp4
somersaulting, https://media.signbsl.com/videos/asl/aslsearch/mp4/flip.mp4
something, https://media.signbsl.com/videos/asl/signlanguagestudent/mp4/something.mp4
something about the point, https://media.signbsl.com/videos/asl/youtube/mp4/fUqD_sszLa8.mp4
sometime, https://media.signbsl.com/videos/asl/youtube/mp4/uj2mFYqxqY0.mp4
sometimes, https://media.signbsl.com/videos/asl/startasl/mp4/sometimes.mp4
somewhat, https://media.signbsl.com/videos/asl/youtube/mp4/4QwTHWvICfE.mp4
somewhere, https://media.signbsl.com/videos/asl/aslsearch/mp4/somewhere.mp4
somnambulate, https://media.signbsl.com/videos/asl/youtube/mp4/tEEB0N3mE-Y.mp4
somnambulation, https://media.signbsl.com/videos/asl/youtube/mp4/jHUL1VOn43c.mp4
somnambulism, https://media.signbsl.com/videos/asl/youtube/mp4/jHUL1VOn43c.mp4
somnambulist, https://media.signbsl.com/videos/asl/youtube/mp4/VTeANDWSH2I.mp4
son, https://media.signbsl.com/videos/asl/startasl/mp4/son.mp4
son-in-law, https://media.signbsl.com/videos/asl/aslsearch/mp4/son-in-law.mp4
sonar, https://media.signbsl.com/videos/asl/youtube/mp4/GKHCo6jPvVw.mp4
song, https://media.signbsl.com/videos/asl/startasl/mp4/song.mp4
songbird, https://media.signbsl.com/videos/asl/youtube/mp4/zF9eAwrU9mY.mp4
songster, https://media.signbsl.com/videos/asl/youtube/mp4/zF9eAwrU9mY.mp4
songstress, https://media.signbsl.com/videos/asl/youtube/mp4/lPl8gJbJ-MI.mp4
sonic, https://media.signbsl.com/videos/asl/youtube/mp4/aa5j3Ky3BAo.mp4
son in law, https://media.signbsl.com/videos/asl/aslsearch/mp4/son-in-law.mp4
son of a bitch, https://media.signbsl.com/videos/asl/aslsearch/mp4/asshole.mp4
Son of God, https://media.signbsl.com/videos/asl/ids/mp4/2013-11-4520-son-of-god-1500k-ase.mp4
Son of Man, https://media.signbsl.com/videos/asl/ids/mp4/2013-11-4530-son-of-man-1500k-ase.mp4
sonography, https://media.signbsl.com/videos/asl/youtube/mp4/ZSZTCSlFVwo.mp4
sonometer, https://media.signbsl.com/videos/asl/youtube/mp4/On5mfbxgNCo.mp4
sonority, https://media.signbsl.com/videos/asl/youtube/mp4/efkqu5hQttQ.mp4
sonorousness, https://media.signbsl.com/videos/asl/youtube/mp4/efkqu5hQttQ.mp4
sonsie, https://media.signbsl.com/videos/asl/youtube/mp4/y_aCi3I-Uv8.mp4
sonsy, https://media.signbsl.com/videos/asl/youtube/mp4/y_aCi3I-Uv8.mp4
soon, https://media.signbsl.com/videos/asl/aslsignbank/mp4/SOON-266.mp4
sooner, https://media.signbsl.com/videos/asl/youtube/mp4/cI3UEP4PZOQ.mp4
Sooner State, https://media.signbsl.com/videos/asl/youtube/mp4/Ve9Nq4jv3Us.mp4
soot, https://media.signbsl.com/videos/asl/youtube/mp4/_Q7hD9RwC9o.mp4
soot black, https://player.vimeo.com/external/392868354.sd.mp4?s=f956734e2da68ce31bd415b0770e83184864aecf&profile_id=164
soothe, https://media.signbsl.com/videos/asl/aslsignbank/mp4/COMFORTABLE-2039.mp4
soothsayer, https://media.signbsl.com/videos/asl/youtube/mp4/xAce_mfwvkY.mp4
sop, https://media.signbsl.com/videos/asl/aslsearch/mp4/soak-through.mp4
sophism, https://media.signbsl.com/videos/asl/youtube/mp4/vi5adY9NGrY.mp4
sophisticate, https://media.signbsl.com/videos/asl/youtube/mp4/7juBPWElnUE.mp4
sophistication, https://media.signbsl.com/videos/asl/youtube/mp4/6XxoCjQHkRI.mp4
sophistry, https://media.signbsl.com/videos/asl/youtube/mp4/vi5adY9NGrY.mp4
sophomore, https://media.signbsl.com/videos/asl/aslsearch/mp4/sophomore.mp4
soporiferous, https://media.signbsl.com/videos/asl/youtube/mp4/M3bh2bBHKds.mp4
soporific, https://media.signbsl.com/videos/asl/youtube/mp4/M3bh2bBHKds.mp4
soprano, https://media.signbsl.com/videos/asl/youtube/mp4/_00RGpY083g.mp4
so pretty, https://media.signbsl.com/videos/asl/youtube/mp4/hwXiNhRtpTo.mp4
sop up, https://media.signbsl.com/videos/asl/signlanguagestudent/mp4/take-up.mp4
sop up with bread, https://media.signbsl.com/videos/asl/youtube/mp4/r3Xvd1_zKSQ.mp4
sorbet, https://media.signbsl.com/videos/asl/youtube/mp4/lGAo2cAKx1U.mp4
sorcerer, https://media.signbsl.com/videos/asl/youtube/mp4/5atQPZ5HjEc.mp4
sorcerous, https://media.signbsl.com/videos/asl/youtube/mp4/w1ndSy0nrUk.mp4
sordid, https://media.signbsl.com/videos/asl/youtube/mp4/q7p7lurxElw.mp4
sordidness, https://media.signbsl.com/videos/asl/youtube/mp4/hI58614fZK4.mp4
sore, https://media.signbsl.com/videos/asl/youtube/mp4/uePmigt8L2M.mp4
sorehead, https://media.signbsl.com/videos/asl/youtube/mp4/13ciB5itHww.mp4
Soren Aabye Kierkegaard, https://media.signbsl.com/videos/asl/philosophy/mp4/Kierkegaard-HD.mp4
soreness, https://media.signbsl.com/videos/asl/youtube/mp4/XVWP2Fxkm8w.mp4
Soren Kierkegaard, https://media.signbsl.com/videos/asl/philosophy/mp4/Kierkegaard-HD.mp4
sorer, https://media.signbsl.com/videos/asl/youtube/mp4/Uqe0wJQzE1Y.mp4
sore throat, https://media.signbsl.com/videos/asl/startasl/mp4/sore-throat.mp4
sori, https://media.signbsl.com/videos/asl/youtube/mp4/eCSnYdXa2Qs.mp4
sororities, https://media.signbsl.com/videos/asl/aslsearch/mp4/sorority.mp4
sorority, https://media.signbsl.com/videos/asl/aslsearch/mp4/sorority.mp4
sorriness, https://media.signbsl.com/videos/asl/youtube/mp4/lpSM6G4Rj8Y.mp4
sorrow, https://media.signbsl.com/videos/asl/ids/mp4/2013-11-4540-sorrowremorse-regret-1500k-ase.mp4
sorrower, https://media.signbsl.com/videos/asl/youtube/mp4/N7GFGugf_Oc.mp4
sorry, https://media.signbsl.com/videos/asl/startasl/mp4/sorry.mp4
sorry i already have plans, https://media.signbsl.com/videos/asl/startasl/mp4/sorry-i-already-have-plans.mp4
sort, https://media.signbsl.com/videos/asl/signlanguagestudent/mp4/sort.mp4
sortie, https://media.signbsl.com/videos/asl/youtube/mp4/fK2LJxb2TfE.mp4
sort of, https://media.signbsl.com/videos/asl/aslsignbank/mp4/E(so-so)-1886.mp4
sort out, https://media.signbsl.com/videos/asl/signlanguagestudent/mp4/sort.mp4
so small, https://media.signbsl.com/videos/asl/youtube/mp4/eMkrh_piDfk.mp4
so so, https://media.signbsl.com/videos/asl/startasl/mp4/so-so.mp4
sot, https://media.signbsl.com/videos/asl/aslsearch/mp4/drunk.mp4
Soudan, https://media.signbsl.com/videos/asl/youtube/mp4/1smBMsLn9is.mp4
sou east, https://media.signbsl.com/videos/asl/youtube/mp4/00s_rpDWLuw.mp4
soueaster, https://media.signbsl.com/videos/asl/youtube/mp4/-yQZh__zkNI.mp4
sough, https://media.signbsl.com/videos/asl/aslsearch/mp4/seed.mp4
soul, https://media.signbsl.com/videos/asl/aslsignbank/mp4/PERSON-888.mp4
soulful, https://media.signbsl.com/videos/asl/youtube/mp4/2QJoCgOZfcs.mp4
soul kiss, https://player.vimeo.com/external/392132916.sd.mp4?s=a4679a63939fcdda6fe726e5769d2403bddb8479&profile_id=164
soulless, https://media.signbsl.com/videos/asl/youtube/mp4/wgWPAvCfI50.mp4
soulmate, NA
soul patch, https://media.signbsl.com/videos/asl/youtube/mp4/81ThPX6lRwY.mp4
sound, https://media.signbsl.com/videos/asl/signlanguagestudent/mp4/sound.mp4
soundbite, NA
sounder, https://media.signbsl.com/videos/asl/youtube/mp4/sAw9TDQSR3k.mp4
soundless, https://media.signbsl.com/videos/asl/youtube/mp4/9rp2ICTeDgM.mp4
sound off, https://media.signbsl.com/videos/asl/startasl/mp4/complain.mp4
sound out, https://player.vimeo.com/external/392012501.sd.mp4?s=13c9dd2c6bf00598b4076eb7a086bb0f60be8e6b&profile_id=164
soundproof, https://media.signbsl.com/videos/asl/youtube/mp4/IJRHl-YEsU4.mp4
sound reflection, https://media.signbsl.com/videos/asl/youtube/mp4/vKEIB3NOqIY.mp4
soundtrack, https://media.signbsl.com/videos/asl/youtube/mp4/O86ZVBJnQRY.mp4
sound wave, https://media.signbsl.com/videos/asl/elementalaslconcepts/mp4/sound_wave.mp4
soup, https://media.signbsl.com/videos/asl/aslsignbank/mp4/SOUP-386.mp4
soupier, https://media.signbsl.com/videos/asl/youtube/mp4/5nL2Mx1NRDU.mp4
soup up, https://media.signbsl.com/videos/asl/youtube/mp4/31c9gocMDmY.mp4
soupy, https://media.signbsl.com/videos/asl/youtube/mp4/MzR1-GDCUt4.mp4
sour, https://media.signbsl.com/videos/asl/youtube/mp4/uc-LWBKqQM0.mp4
source, https://media.signbsl.com/videos/asl/aslsearch/mp4/origin.mp4
sour cream, https://player.vimeo.com/external/392446818.sd.mp4?s=8d9ccc1ec41a2abd1c330f9e3cd01ade0fb3619e&profile_id=164
soured cream, https://player.vimeo.com/external/392446818.sd.mp4?s=8d9ccc1ec41a2abd1c330f9e3cd01ade0fb3619e&profile_id=164
sourish, https://media.signbsl.com/videos/asl/youtube/mp4/fT-zlj8NSEs.mp4
sourness, https://media.signbsl.com/videos/asl/youtube/mp4/HDReGftMnhA.mp4
souse, https://media.signbsl.com/videos/asl/youtube/mp4/TuvEWmqgpVo.mp4
soused, https://player.vimeo.com/external/392518215.sd.mp4?s=113d53ba6f2c71f52d578ada70db149ecff96e8b&profile_id=164
South, https://media.signbsl.com/videos/asl/startasl/mp4/south.mp4
South Africa, https://media.signbsl.com/videos/asl/youtube/mp4/bEWvNaYICS0.mp4
South America, https://media.signbsl.com/videos/asl/startasl/mp4/south-america.mp4
southbound, https://media.signbsl.com/videos/asl/youtube/mp4/CU_QhIwSQlc.mp4
South Carolina, https://media.signbsl.com/videos/asl/youtube/mp4/EHI04FRi2FI.mp4
South Dakota, https://media.signbsl.com/videos/asl/youtube/mp4/Lc3icR3NOvk.mp4
south east, https://media.signbsl.com/videos/asl/youtube/mp4/00s_rpDWLuw.mp4
southeast, https://media.signbsl.com/videos/asl/youtube/mp4/00s_rpDWLuw.mp4
Southeast Asia, https://media.signbsl.com/videos/asl/mariekatzenbachschool/mp4/Southeast%20Asia.mp4
southeaster, https://media.signbsl.com/videos/asl/youtube/mp4/-yQZh__zkNI.mp4
southeasterly, https://media.signbsl.com/videos/asl/youtube/mp4/UhWDDgcOBzA.mp4
southeastern, https://media.signbsl.com/videos/asl/youtube/mp4/UhWDDgcOBzA.mp4
southern, https://media.signbsl.com/videos/asl/signlanguagestudent/mp4/southern.mp4
southern belle, https://media.signbsl.com/videos/asl/youtube/mp4/To3PWdNuIgU.mp4
Southerner, https://media.signbsl.com/videos/asl/youtube/mp4/bJ_Fx0YjYVg.mp4
southernmost, https://media.signbsl.com/videos/asl/youtube/mp4/xSa_3OCDpEk.mp4
Southern Rhodesia, https://media.signbsl.com/videos/asl/youtube/mp4/WbwQBz06_Dk.mp4
South Korea, https://media.signbsl.com/videos/asl/mariekatzenbachschool/mp4/South%20Korea.mp4
southmost, https://media.signbsl.com/videos/asl/youtube/mp4/xSa_3OCDpEk.mp4
southward, https://media.signbsl.com/videos/asl/youtube/mp4/CU_QhIwSQlc.mp4
Southwest, https://media.signbsl.com/videos/asl/youtube/mp4/IPksDXQhb6w.mp4
South West Africa, https://player.vimeo.com/external/392379896.sd.mp4?s=440db10aadde3adfb045d61f3a31955d17ccd6c2&profile_id=164
southwesterly, https://media.signbsl.com/videos/asl/youtube/mp4/OKO9sCQKG4A.mp4
southwestern, https://media.signbsl.com/videos/asl/youtube/mp4/OKO9sCQKG4A.mp4
southwestern United States, https://media.signbsl.com/videos/asl/youtube/mp4/IPksDXQhb6w.mp4
souvenir, https://media.signbsl.com/videos/asl/youtube/mp4/fo3iKdZwxgY.mp4
souvenir gifts, https://player.vimeo.com/external/392749696.sd.mp4?s=2b7609f82dcf27ed686e28ff001673524d098fc9&profile_id=164
sovereign, https://media.signbsl.com/videos/asl/youtube/mp4/dh3wRe0O3nU.mp4
sow, https://media.signbsl.com/videos/asl/aslsearch/mp4/seed.mp4
sower, https://media.signbsl.com/videos/asl/youtube/mp4/tSoaS0yfCiQ.mp4
sozzled, https://player.vimeo.com/external/392518215.sd.mp4?s=113d53ba6f2c71f52d578ada70db149ecff96e8b&profile_id=164
space, https://media.signbsl.com/videos/asl/aslsearch/mp4/space.mp4
space atmosphere, https://media.signbsl.com/videos/asl/signlanguagestudent/mp4/space-atmosphere.mp4
space available, https://media.signbsl.com/videos/asl/signlanguagestudent/mp4/space-available.mp4
space biology, https://media.signbsl.com/videos/asl/youtube/mp4/VKle00PloXQ.mp4
spacefaring, https://media.signbsl.com/videos/asl/youtube/mp4/WTx9P79qTrg.mp4
space figure, https://media.signbsl.com/videos/asl/youtube/mp4/XNDiHZ6wPOc.mp4
spaceflight, https://media.signbsl.com/videos/asl/youtube/mp4/WTx9P79qTrg.mp4
spaceman, https://media.signbsl.com/videos/asl/youtube/mp4/NtPOaREo2Aw.mp4
space travel, https://media.signbsl.com/videos/asl/youtube/mp4/WTx9P79qTrg.mp4
spacewalk, NA
spacewoman, https://media.signbsl.com/videos/asl/youtube/mp4/5vVHwQy2tgg.mp4
spacier, https://media.signbsl.com/videos/asl/youtube/mp4/FyOwCf4o3n8.mp4
spacious, https://media.signbsl.com/videos/asl/youtube/mp4/MGO2mNbn-Yw.mp4
spaciousness, https://media.signbsl.com/videos/asl/youtube/mp4/GHe-Yrh52C4.mp4
spackling, https://media.signbsl.com/videos/asl/startasl/mp4/spackling.mp4
spade, https://media.signbsl.com/videos/asl/youtube/mp4/ZtqUIjK6dWI.mp4
spadeful, https://media.signbsl.com/videos/asl/youtube/mp4/XMmAamzJT8w.mp4
spaghetti, https://media.signbsl.com/videos/asl/aslsearch/mp4/spaghetti.mp4
Spain, https://media.signbsl.com/videos/asl/startasl/mp4/spain.mp4
spam, https://media.signbsl.com/videos/asl/deaftec/mp4/1060.mp4
span, https://media.signbsl.com/videos/asl/youtube/mp4/rLVji87cLIg.mp4
spangled, https://media.signbsl.com/videos/asl/youtube/mp4/Y91trde2-Sw.mp4
spanglish, https://media.signbsl.com/videos/asl/youtube/mp4/MmweBKQPZ4c.mp4
spangly, https://media.signbsl.com/videos/asl/youtube/mp4/Y91trde2-Sw.mp4
Spanish, https://media.signbsl.com/videos/asl/youtube/mp4/pWE9RXiS0Lw.mp4
Spanish American, https://media.signbsl.com/videos/asl/aslsignbank/mp4/SPANISH-1099.mp4
Spanish capital, https://media.signbsl.com/videos/asl/youtube/mp4/eeaOR5KOliI.mp4
Spanish Guinea, https://media.signbsl.com/videos/asl/youtube/mp4/LQTytgwLUkI.mp4
spanish heritage month, https://player.vimeo.com/external/392749736.sd.mp4?s=4c2e098156edc58edcdf2c92536ca6a116ff12c3&profile_id=164
spank, https://media.signbsl.com/videos/asl/youtube/mp4/ghJB59-BBo4.mp4
spanking, https://media.signbsl.com/videos/asl/aslsearch/mp4/lively.mp4
spanner, https://media.signbsl.com/videos/asl/aslsearch/mp4/wrench.mp4
spare, https://media.signbsl.com/videos/asl/aslsearch/mp4/excess.mp4
spare part, https://media.signbsl.com/videos/asl/youtube/mp4/PQ01sK2t2ys.mp4
spare time activity, https://media.signbsl.com/videos/asl/aslsearch/mp4/sideline.mp4
sparing, https://player.vimeo.com/external/392133739.sd.mp4?s=1e8e6705004a2f7dc852236a3e1db04856c90ed2&profile_id=164
spark, https://media.signbsl.com/videos/asl/AustinCommunityCollege/mp4/weld_trigger_.mp4
sparkle, https://player.vimeo.com/external/392129309.sd.mp4?s=3a19b4d3ea8cdf2a7bd2bef3c92bf24b46872eba&profile_id=164
sparkling water, https://player.vimeo.com/external/391389507.sd.mp4?s=6ea22e79aa10d058339d8d1cc1db8b02883849ab&profile_id=164
spark off, https://media.signbsl.com/videos/asl/AustinCommunityCollege/mp4/weld_trigger_.mp4
sparse, https://media.signbsl.com/videos/asl/aslsearch/mp4/sparse.mp4
sparser, https://media.signbsl.com/videos/asl/youtube/mp4/zPNVZG8bPMs.mp4
spartan, https://media.signbsl.com/videos/asl/youtube/mp4/oXp_9CuBWTc.mp4
spasm, https://media.signbsl.com/videos/asl/startasl/mp4/cramp.mp4
spastic, https://media.signbsl.com/videos/asl/youtube/mp4/iM5uhn8pP24.mp4
spastic paralysis, https://player.vimeo.com/external/395736121.sd.mp4?s=47225f7a832cff18922c0c8222db08776fee3d98&profile_id=164
spat, https://media.signbsl.com/videos/asl/aslsignbank/mp4/&=claps-1949.mp4
spate, https://media.signbsl.com/videos/asl/aslsearch/mp4/lot.mp4
spat out, https://media.signbsl.com/videos/asl/youtube/mp4/Q3w04FVjqBU.mp4
spatter, https://media.signbsl.com/videos/asl/youtube/mp4/Ke1tR8d4njw.mp4
spattering, https://media.signbsl.com/videos/asl/youtube/mp4/Ke1tR8d4njw.mp4
spatula, https://player.vimeo.com/external/392749772.sd.mp4?s=bf80b554c28dec9cc3462e7304f1a1e5eb6a9a21&profile_id=164
spawn, https://media.signbsl.com/videos/asl/youtube/mp4/fLh-qtn2xP4.mp4
spay, https://media.signbsl.com/videos/asl/youtube/mp4/tLDOymMvsFA.mp4
speak, https://media.signbsl.com/videos/asl/signlanguagestudent/mp4/speak.mp4
speaker, https://media.signbsl.com/videos/asl/youtube/mp4/CKiCoPNArWU.mp4
speakers blaring, https://player.vimeo.com/external/392749813.sd.mp4?s=50e821c03b4d02864ff56a2581faf9d33c88e324&profile_id=164
speaker system, https://media.signbsl.com/videos/asl/youtube/mp4/CKiCoPNArWU.mp4
speaker unit, https://media.signbsl.com/videos/asl/youtube/mp4/CKiCoPNArWU.mp4
spear, https://media.signbsl.com/videos/asl/youtube/mp4/4_rjVUxn5hk.mp4
spearfish, https://media.signbsl.com/videos/asl/youtube/mp4/vbFblMJ5gsI.mp4
spec, https://media.signbsl.com/videos/asl/youtube/mp4/Tt2L4wNptfY.mp4
special, https://media.signbsl.com/videos/asl/aslsignbank/mp4/UNIQUE-3000.mp4
special effect, https://media.signbsl.com/videos/asl/youtube/mp4/SfEJrCI6NxU.mp4
specialisation, https://media.signbsl.com/videos/asl/youtube/mp4/nNHO_5_l5ZM.mp4
specialise, https://media.signbsl.com/videos/asl/youtube/mp4/uACdfgGcEbQ.mp4
specialiser, https://media.signbsl.com/videos/asl/aslsignbank/mp4/SPECIALIST-1101.mp4
specialism, https://media.signbsl.com/videos/asl/youtube/mp4/nNHO_5_l5ZM.mp4
specialist, https://media.signbsl.com/videos/asl/aslsignbank/mp4/SPECIALIST-1101.mp4
speciality, https://media.signbsl.com/videos/asl/youtube/mp4/kD-DAmqymYI.mp4
specialization, https://media.signbsl.com/videos/asl/youtube/mp4/nNHO_5_l5ZM.mp4
specialize, https://media.signbsl.com/videos/asl/youtube/mp4/uACdfgGcEbQ.mp4
specializer, https://media.signbsl.com/videos/asl/aslsignbank/mp4/SPECIALIST-1101.mp4
specially, https://media.signbsl.com/videos/asl/aslsignbank/mp4/SPECIAL-1100.mp4
specialty, https://media.signbsl.com/videos/asl/youtube/mp4/kD-DAmqymYI.mp4
speciation, https://media.signbsl.com/videos/asl/youtube/mp4/FWE4wzGaKJg.mp4
specie, https://media.signbsl.com/videos/asl/youtube/mp4/nzjCMhzkZqU.mp4
specific, https://media.signbsl.com/videos/asl/signlanguagestudent/mp4/specific.mp4
specifically, https://media.signbsl.com/videos/asl/signlanguagestudent/mp4/specifically.mp4
specification, https://media.signbsl.com/videos/asl/youtube/mp4/Tt2L4wNptfY.mp4
specified, https://media.signbsl.com/videos/asl/youtube/mp4/1ZcbjTCd3Eg.mp4
specify, https://media.signbsl.com/videos/asl/youtube/mp4/kfVC32q47GU.mp4
specimen, https://media.signbsl.com/videos/asl/youtube/mp4/W9RBApts0Rw.mp4
specious, https://media.signbsl.com/videos/asl/youtube/mp4/h3zJTEED9z8.mp4
speck, https://media.signbsl.com/videos/asl/youtube/mp4/povYBQ5NV5w.mp4
speckle, https://player.vimeo.com/external/392128425.sd.mp4?s=56921882407a74f24c77f309af73e5bff639a1ca&profile_id=164
speckless, https://player.vimeo.com/external/392193435.sd.mp4?s=33ed3ec7a41943e22f12742a3285db166331cf67&profile_id=164
specs, https://media.signbsl.com/videos/asl/startasl/mp4/glasses-2.mp4
spectacle, https://media.signbsl.com/videos/asl/youtube/mp4/Z7Hc01tn9yM.mp4
spectacled, https://media.signbsl.com/videos/asl/youtube/mp4/Um3FgJgLjAM.mp4
spectacles, https://media.signbsl.com/videos/asl/startasl/mp4/glasses-2.mp4
spectacular, https://media.signbsl.com/videos/asl/youtube/mp4/hfBI5gA3qJ4.mp4
spectate, https://media.signbsl.com/videos/asl/youtube/mp4/4m-9ge8b7SY.mp4
spectator, https://media.signbsl.com/videos/asl/youtube/mp4/MTcr8G8lIxU.mp4
specter, https://media.signbsl.com/videos/asl/aslsignbank/mp4/GHOST-1879.mp4
spectra, https://media.signbsl.com/videos/asl/deaftec/mp4/1427.mp4
spectral, https://media.signbsl.com/videos/asl/youtube/mp4/E0sQ4Qu9OL8.mp4
spectre, https://media.signbsl.com/videos/asl/aslsignbank/mp4/GHOST-1879.mp4
spectrometer, https://media.signbsl.com/videos/asl/youtube/mp4/ejLssq-HjO8.mp4
spectrophotometer, https://media.signbsl.com/videos/asl/deaftec/mp4/1426.mp4
spectrum, https://media.signbsl.com/videos/asl/deaftec/mp4/1427.mp4
speculate, https://media.signbsl.com/videos/asl/signlanguagestudent/mp4/ponder.mp4
speculation, https://media.signbsl.com/videos/asl/youtube/mp4/PzMIWnOLF6w.mp4
speculative, https://player.vimeo.com/external/392210024.sd.mp4?s=37c863a8a8578ca0d1be901da65d2e844eff4a72&profile_id=164
sped, https://media.signbsl.com/videos/asl/youtube/mp4/LqKBOiiA4xM.mp4
speech, https://media.signbsl.com/videos/asl/aslsignbank/mp4/LECTURE-2426.mp4
speech communication, https://media.signbsl.com/videos/asl/valleybible/mp4/speech.mp4
speech defect, https://player.vimeo.com/external/392449137.sd.mp4?s=93500c928b0110daf2f046e1df1d269150595036&profile_id=164
speech disorder, https://player.vimeo.com/external/392449137.sd.mp4?s=93500c928b0110daf2f046e1df1d269150595036&profile_id=164
speechifier, https://media.signbsl.com/videos/asl/youtube/mp4/0VYvgf6SoPQ.mp4
speechless, https://media.signbsl.com/videos/asl/youtube/mp4/q3PX4mUjZqc.mp4
speechmaker, https://media.signbsl.com/videos/asl/youtube/mp4/0VYvgf6SoPQ.mp4
speech pattern, https://media.signbsl.com/videos/asl/aslsignbank/mp4/ACCENT-584.mp4
speech read, https://media.signbsl.com/videos/asl/aslsignbank/mp4/LIPREAD-1645.mp4
speech therapist, https://media.signbsl.com/videos/asl/youtube/mp4/7ytzWBAb2GY.mp4
speech therapy, https://player.vimeo.com/external/392449165.sd.mp4?s=d351a8e30e22053bfd7b46e1b1645b089296b44d&profile_id=164
speechwriter, https://media.signbsl.com/videos/asl/youtube/mp4/-e30FRGKSF8.mp4
speed, https://media.signbsl.com/videos/asl/tsdvideo/mp4/1325.mp4
speed demon, https://media.signbsl.com/videos/asl/youtube/mp4/wOKXCYXAOzM.mp4
speeder, https://media.signbsl.com/videos/asl/youtube/mp4/wOKXCYXAOzM.mp4
speedily, https://media.signbsl.com/videos/asl/youtube/mp4/-dBM8Wo-on0.mp4
speed indicator, https://media.signbsl.com/videos/asl/youtube/mp4/NXP1MQvPYpQ.mp4
speeding, https://media.signbsl.com/videos/asl/aslsearch/mp4/speeding.mp4
speed limit, https://media.signbsl.com/videos/asl/aslsearch/mp4/speed-limit.mp4
speedometer, https://media.signbsl.com/videos/asl/youtube/mp4/NXP1MQvPYpQ.mp4
speedster, https://media.signbsl.com/videos/asl/youtube/mp4/Y1rsWLtnuPk.mp4
speed up, https://media.signbsl.com/videos/asl/aslsearch/mp4/accelerate.mp4
speedy, https://media.signbsl.com/videos/asl/aslsignbank/mp4/QUICK-2323.mp4
speleological, https://media.signbsl.com/videos/asl/youtube/mp4/hEPR2jkrhvE.mp4
spell, https://media.signbsl.com/videos/asl/aslsearch/mp4/spell.mp4
spellbound, https://media.signbsl.com/videos/asl/youtube/mp4/5LGeXnxKp2E.mp4
spellcheck, https://media.signbsl.com/videos/asl/youtube/mp4/pEqchgxdmPU.mp4
spelldown, https://media.signbsl.com/videos/asl/youtube/mp4/-LEY81ydMBM.mp4
speller, https://media.signbsl.com/videos/asl/youtube/mp4/GaYcstAoPnA.mp4
spell fast, https://media.signbsl.com/videos/asl/youtube/mp4/5Zz8JKfc1pA.mp4
spelling bee, https://media.signbsl.com/videos/asl/youtube/mp4/-LEY81ydMBM.mp4
spelling contest, https://media.signbsl.com/videos/asl/youtube/mp4/-LEY81ydMBM.mp4
spend, https://media.signbsl.com/videos/asl/aslsearch/mp4/spend.mp4
Spender, https://media.signbsl.com/videos/asl/youtube/mp4/Xa-EN3AOETE.mp4
spending money, https://player.vimeo.com/external/392868420.sd.mp4?s=2536562969d3f52e948ab2d02594ed2777653f2d&profile_id=164
spendthrift, https://player.vimeo.com/external/392034274.sd.mp4?s=14f59f575da604d640712b9f4b0a714768c4f030&profile_id=164
spent, https://media.signbsl.com/videos/asl/aslsignbank/mp4/WORN-OUT-1461.mp4
sperm, https://media.signbsl.com/videos/asl/youtube/mp4/R_yIN7ZgflM.mp4
spermatozoan, https://media.signbsl.com/videos/asl/youtube/mp4/R_yIN7ZgflM.mp4
spermatozoon, https://media.signbsl.com/videos/asl/youtube/mp4/R_yIN7ZgflM.mp4
sperm cell, https://media.signbsl.com/videos/asl/youtube/mp4/R_yIN7ZgflM.mp4
spermicidal, https://media.signbsl.com/videos/asl/youtube/mp4/xK3eNxoHr38.mp4
spew, https://media.signbsl.com/videos/asl/startasl/mp4/throw-up.mp4
sphacelus, https://media.signbsl.com/videos/asl/youtube/mp4/pBA1UqpOZe4.mp4
sphere, https://media.signbsl.com/videos/asl/tsdvideo/mp4/1197.mp4
spic, https://player.vimeo.com/external/392193435.sd.mp4?s=33ed3ec7a41943e22f12742a3285db166331cf67&profile_id=164
spic and span, https://media.signbsl.com/videos/asl/aslsignbank/mp4/NEW-195.mp4
spice, https://media.signbsl.com/videos/asl/youtube/mp4/3w2ioXAe6vA.mp4
spice up, https://media.signbsl.com/videos/asl/youtube/mp4/3w2ioXAe6vA.mp4
spicier, https://media.signbsl.com/videos/asl/youtube/mp4/oW8QwPb4uck.mp4
spicily, https://media.signbsl.com/videos/asl/youtube/mp4/Hz7A2lfgbKQ.mp4
spick, https://player.vimeo.com/external/392193435.sd.mp4?s=33ed3ec7a41943e22f12742a3285db166331cf67&profile_id=164
spick and span, https://media.signbsl.com/videos/asl/aslsignbank/mp4/NEW-195.mp4
spicy, https://media.signbsl.com/videos/asl/youtube/mp4/QjbsIwolxP0.mp4
spider, https://media.signbsl.com/videos/asl/aslsearch/mp4/spider.mp4
spiderlike, https://media.signbsl.com/videos/asl/youtube/mp4/oG264TLEK58.mp4
spiderly, https://media.signbsl.com/videos/asl/youtube/mp4/oG264TLEK58.mp4
spider web, NA
spiderweb, NA
spidery, https://media.signbsl.com/videos/asl/youtube/mp4/oG264TLEK58.mp4
spied, https://media.signbsl.com/videos/asl/youtube/mp4/iiuf6gbZOsY.mp4
spiel, https://media.signbsl.com/videos/asl/youtube/mp4/O_2yhXK-ETE.mp4
spiel off, https://media.signbsl.com/videos/asl/youtube/mp4/RgUm2ZL7dkU.mp4
spiffy, https://media.signbsl.com/videos/asl/youtube/mp4/U7x9aQI941s.mp4
spike, https://media.signbsl.com/videos/asl/youtube/mp4/TANlN4kVV_o.mp4
spike arrester, https://media.signbsl.com/videos/asl/AustinCommunityCollege/mp4/elec_surge_suppressor_.mp4
spike suppressor, https://media.signbsl.com/videos/asl/AustinCommunityCollege/mp4/elec_surge_suppressor_.mp4
spiky hair, https://media.signbsl.com/videos/asl/youtube/mp4/fMjoxIpKoZk.mp4
spile, https://media.signbsl.com/videos/asl/youtube/mp4/raBo5kHnQ-g.mp4
spill, https://media.signbsl.com/videos/asl/aslsearch/mp4/spill.mp4
spill over, NA
spill the beans, https://media.signbsl.com/videos/asl/aslsearch/mp4/tattle.mp4
spillway, https://media.signbsl.com/videos/asl/youtube/mp4/5InFEf8LN5U.mp4
spin, https://media.signbsl.com/videos/asl/aslsignbank/mp4/TWIRL-309.mp4
spinach, https://media.signbsl.com/videos/asl/thefamilyvocab/mp4/spinach.mp4
spinal column, https://media.signbsl.com/videos/asl/aslsignbank/mp4/BACK-27.mp4
spin around, https://media.signbsl.com/videos/asl/aslsignbank/mp4/TWIRL-309.mp4
spindle, https://media.signbsl.com/videos/asl/youtube/mp4/Uczr_2itegM.mp4
spindlier, https://media.signbsl.com/videos/asl/youtube/mp4/l7WClvF6tug.mp4
spindly, https://media.signbsl.com/videos/asl/youtube/mp4/8D9llvK88FI.mp4
spine, https://media.signbsl.com/videos/asl/aslsignbank/mp4/BACK-27.mp4
spineless, https://media.signbsl.com/videos/asl/youtube/mp4/hgnf8tlaPvs.mp4
spinner, https://media.signbsl.com/videos/asl/youtube/mp4/lArBMd03Fo8.mp4
spinning, https://media.signbsl.com/videos/asl/startasl/mp4/spinning.mp4
spinning wheel, https://media.signbsl.com/videos/asl/youtube/mp4/0HxbkJACols.mp4
spin off, https://media.signbsl.com/videos/asl/youtube/mp4/GxRuOKAgV9A.mp4
Spinoza, https://media.signbsl.com/videos/asl/philosophy/mp4/Spinoza-HD.mp4
spinster, https://media.signbsl.com/videos/asl/youtube/mp4/lArBMd03Fo8.mp4
spiracle, https://media.signbsl.com/videos/asl/elementalaslconcepts/mp4/spiracles.mp4
spiracles, https://media.signbsl.com/videos/asl/elementalaslconcepts/mp4/spiracles.mp4
spiral, https://media.signbsl.com/videos/asl/aslsearch/mp4/spiral.mp4
spirit, https://media.signbsl.com/videos/asl/signlanguagestudent/mp4/spirit.mp4
spirit away, https://media.signbsl.com/videos/asl/youtube/mp4/hLelP8wLwVs.mp4
spiritlessness, https://media.signbsl.com/videos/asl/youtube/mp4/_4elPE2ifWw.mp4
Spirit of God, https://media.signbsl.com/videos/asl/ids/mp4/2013-11-4570-sprit-of-god-1500k-ase.mp4
Spirit of the Lord, https://media.signbsl.com/videos/asl/ids/mp4/2013-11-4580-spirit-of-the-lord-1500k-ase.mp4
Spirit Prison, https://media.signbsl.com/videos/asl/ids/mp4/2013-11-4590-spirit-prison-1500k-ase.mp4
spirits, https://media.signbsl.com/videos/asl/aslsearch/mp4/liquor.mp4
spiritual, https://media.signbsl.com/videos/asl/youtube/mp4/sHht7kyfY-E.mp4
Spiritual Death, https://media.signbsl.com/videos/asl/ids/mp4/2013-11-4620-spiritual-death-1500k-ase.mp4
spiritual gift, https://media.signbsl.com/videos/asl/valleybible/mp4/spiritual%20gift.mp4
spiritualist, https://media.signbsl.com/videos/asl/youtube/mp4/KhZOh5iknEQ.mp4
spiritual rebirth, https://media.signbsl.com/videos/asl/youtube/mp4/2wIEU-nXk9I.mp4
Spiritual Spirituality, https://media.signbsl.com/videos/asl/ids/mp4/2013-11-4610-spiritual-spirituality-1500k-ase.mp4
spiritual warfare, https://media.signbsl.com/videos/asl/valleybible/mp4/spiritual%20warfare.mp4
spirit up, https://player.vimeo.com/external/392260448.sd.mp4?s=c4dd70d36fb9d847d09844eb06fa0e9d9915b2e9&profile_id=164
spirt, https://media.signbsl.com/videos/asl/youtube/mp4/8bgB5xTYklA.mp4
spit, https://media.signbsl.com/videos/asl/startasl/mp4/spit.mp4
spite, https://media.signbsl.com/videos/asl/youtube/mp4/BRELSV3fc-M.mp4
spitefulness, https://media.signbsl.com/videos/asl/youtube/mp4/BRELSV3fc-M.mp4
spit out, https://media.signbsl.com/videos/asl/youtube/mp4/ft0RLJPiK24.mp4
spittle, https://media.signbsl.com/videos/asl/startasl/mp4/spit.mp4
spit up, https://media.signbsl.com/videos/asl/youtube/mp4/ft0RLJPiK24.mp4
splash, https://media.signbsl.com/videos/asl/aslsearch/mp4/splash.mp4
splash down, https://media.signbsl.com/videos/asl/youtube/mp4/V4q1lL-rzIo.mp4
splashdown, https://media.signbsl.com/videos/asl/youtube/mp4/V4q1lL-rzIo.mp4
splashing, https://media.signbsl.com/videos/asl/AustinCommunityCollege/mp4/weld_spatter_.mp4
splat, https://media.signbsl.com/videos/asl/youtube/mp4/ZZ8VpnnFOSo.mp4
splat on you, https://media.signbsl.com/videos/asl/youtube/mp4/b_ikr3-jnmk.mp4
splatter, https://media.signbsl.com/videos/asl/aslsearch/mp4/spill.mp4
splattering, https://media.signbsl.com/videos/asl/youtube/mp4/Ke1tR8d4njw.mp4
splay, https://media.signbsl.com/videos/asl/youtube/mp4/hUS0uDuKp_U.mp4
splayed out, https://media.signbsl.com/videos/asl/youtube/mp4/hUS0uDuKp_U.mp4
spleen, https://media.signbsl.com/videos/asl/youtube/mp4/8D5P6EtLQG4.mp4
splendid, https://media.signbsl.com/videos/asl/signlanguagestudent/mp4/glorious.mp4
splendor, https://media.signbsl.com/videos/asl/youtube/mp4/7GeTIsqaqtU.mp4
splendour, https://media.signbsl.com/videos/asl/youtube/mp4/7GeTIsqaqtU.mp4
splice, https://media.signbsl.com/videos/asl/youtube/mp4/gSPWI0NOauo.mp4
spline, https://media.signbsl.com/videos/asl/youtube/mp4/T68D_VL6GsY.mp4
splinter, https://media.signbsl.com/videos/asl/elementalaslconcepts/mp4/secede.mp4
splinterless, https://media.signbsl.com/videos/asl/youtube/mp4/qFe3lWELsRw.mp4
splinterproof, https://media.signbsl.com/videos/asl/youtube/mp4/qFe3lWELsRw.mp4
split, https://media.signbsl.com/videos/asl/aslsignbank/mp4/DIVIDE-803.mp4
split end, https://media.signbsl.com/videos/asl/youtube/mp4/aJ57sJwQTZk.mp4
splits, https://media.signbsl.com/videos/asl/aslsignbank/mp4/DIVIDE-803.mp4
split the check, https://media.signbsl.com/videos/asl/youtube/mp4/9HPevnAajAc.mp4
split up, https://media.signbsl.com/videos/asl/aslsignbank/mp4/DIVIDE-803.mp4
split wood, https://media.signbsl.com/videos/asl/youtube/mp4/iLbn_zydMmM.mp4
splodge, https://media.signbsl.com/videos/asl/youtube/mp4/9uY0DDjPKyU.mp4
splosh, https://media.signbsl.com/videos/asl/aslsearch/mp4/splash.mp4
splotch, https://media.signbsl.com/videos/asl/youtube/mp4/9uY0DDjPKyU.mp4
splurge, https://media.signbsl.com/videos/asl/youtube/mp4/TZ5rzF-1C7A.mp4
splutter, https://media.signbsl.com/videos/asl/youtube/mp4/acz5gKYis9E.mp4
spoil, https://media.signbsl.com/videos/asl/aslsearch/mp4/impair.mp4
spoiled, https://media.signbsl.com/videos/asl/youtube/mp4/PUTD6mtG85w.mp4
spoiler, https://media.signbsl.com/videos/asl/youtube/mp4/AsARS28zh9s.mp4
spoilsport, https://media.signbsl.com/videos/asl/youtube/mp4/4C8rAj2rtRo.mp4
spoke, https://media.signbsl.com/videos/asl/youtube/mp4/RSKwWQTV2Tg.mp4
spoken communication, https://media.signbsl.com/videos/asl/valleybible/mp4/speech.mp4
spoken language, https://media.signbsl.com/videos/asl/valleybible/mp4/speech.mp4
spokeswoman, https://media.signbsl.com/videos/asl/youtube/mp4/aVORfJRel38.mp4
sponge, https://media.signbsl.com/videos/asl/aslsearch/mp4/sponge.mp4
spongelike, https://media.signbsl.com/videos/asl/youtube/mp4/OF-7evL1FD4.mp4
spongier, https://media.signbsl.com/videos/asl/youtube/mp4/cYOBH8chk70.mp4
sponginess, https://media.signbsl.com/videos/asl/youtube/mp4/F54DdTWWXz0.mp4
spongy, https://media.signbsl.com/videos/asl/youtube/mp4/OF-7evL1FD4.mp4
sponsor, https://media.signbsl.com/videos/asl/youtube/mp4/ugqDWnO9h5E.mp4
spontaneity, https://media.signbsl.com/videos/asl/youtube/mp4/-sxROQOYtns.mp4
spontaneous, https://media.signbsl.com/videos/asl/aslsearch/mp4/spontaneous.mp4
spontaneous abortion, https://media.signbsl.com/videos/asl/aslsearch/mp4/miscarriage.mp4
spontaneously, https://player.vimeo.com/external/392196053.sd.mp4?s=05621d4e9d004adcf0585e15d8b725e44e700092&profile_id=164
spontaneousness, https://media.signbsl.com/videos/asl/youtube/mp4/-sxROQOYtns.mp4
spoof, https://player.vimeo.com/external/392385988.sd.mp4?s=405d3df3522b93cfe3030293ca39ae21dc384038&profile_id=164
spook, https://media.signbsl.com/videos/asl/aslsignbank/mp4/GHOST-1879.mp4
spool, https://media.signbsl.com/videos/asl/aslsearch/mp4/spool.mp4
spoon, https://media.signbsl.com/videos/asl/aslsearch/mp4/spoon.mp4
spoonfed, https://media.signbsl.com/videos/asl/youtube/mp4/3nYIyUlmoT4.mp4
spoonful, https://media.signbsl.com/videos/asl/youtube/mp4/hV8gTGXgf-I.mp4
spoor, https://media.signbsl.com/videos/asl/youtube/mp4/ZATngwUKpKc.mp4
sporadic, https://media.signbsl.com/videos/asl/youtube/mp4/zE_AV9Tx_Hc.mp4
sporadically, https://media.signbsl.com/videos/asl/youtube/mp4/nw_BkqRlx2g.mp4
sporangium, https://media.signbsl.com/videos/asl/youtube/mp4/VFhOBr4LHHk.mp4
spore, https://media.signbsl.com/videos/asl/youtube/mp4/BdXEM8rlh0E.mp4
spore case, https://media.signbsl.com/videos/asl/youtube/mp4/VFhOBr4LHHk.mp4
spore sac, https://media.signbsl.com/videos/asl/youtube/mp4/VFhOBr4LHHk.mp4
sport, https://media.signbsl.com/videos/asl/startasl/mp4/sports.mp4
sport coat, https://media.signbsl.com/videos/asl/youtube/mp4/ajQNkGes4ls.mp4
sportfishing, https://media.signbsl.com/videos/asl/startasl/mp4/fishing.mp4
sporting, https://media.signbsl.com/videos/asl/youtube/mp4/y70OKOQWoQs.mp4
sporting house, https://media.signbsl.com/videos/asl/youtube/mp4/B0glyhW8QwI.mp4
sporting lady, https://media.signbsl.com/videos/asl/aslsearch/mp4/whore.mp4
sportive, https://media.signbsl.com/videos/asl/youtube/mp4/CNYNfGkc2DQ.mp4
sport jacket, https://media.signbsl.com/videos/asl/youtube/mp4/ajQNkGes4ls.mp4
sports, https://media.signbsl.com/videos/asl/startasl/mp4/sports.mp4
sports announcer, https://media.signbsl.com/videos/asl/youtube/mp4/GN0VyR8Sgq0.mp4
sportscaster, https://media.signbsl.com/videos/asl/youtube/mp4/GN0VyR8Sgq0.mp4
sports coat, https://media.signbsl.com/videos/asl/youtube/mp4/ajQNkGes4ls.mp4
sports commentator, https://media.signbsl.com/videos/asl/youtube/mp4/GN0VyR8Sgq0.mp4
sports jacket, https://media.signbsl.com/videos/asl/youtube/mp4/ajQNkGes4ls.mp4
sportsman, https://media.signbsl.com/videos/asl/youtube/mp4/hYEv-c_DmTI.mp4
sportsmanlike, https://media.signbsl.com/videos/asl/youtube/mp4/y70OKOQWoQs.mp4
sports meeting, https://media.signbsl.com/videos/asl/youtube/mp4/_aMSENxr3pc.mp4
sports player, https://media.signbsl.com/videos/asl/youtube/mp4/BZOo08xd4bI.mp4
sports stadium, https://media.signbsl.com/videos/asl/startasl/mp4/stadium.mp4
sports store, https://media.signbsl.com/videos/asl/aslsearch/mp4/sports-store.mp4
sportswear, https://media.signbsl.com/videos/asl/youtube/mp4/79Y_BdlJDDA.mp4
sportswoman, https://media.signbsl.com/videos/asl/youtube/mp4/hYEv-c_DmTI.mp4
sports writer, https://media.signbsl.com/videos/asl/youtube/mp4/Iz51SvzhYVI.mp4
sportswriter, https://media.signbsl.com/videos/asl/youtube/mp4/Iz51SvzhYVI.mp4
sporty, https://media.signbsl.com/videos/asl/youtube/mp4/cJcGG03Iqso.mp4
spot, https://media.signbsl.com/videos/asl/aslsearch/mp4/spot.mp4
spotless, https://player.vimeo.com/external/392193435.sd.mp4?s=33ed3ec7a41943e22f12742a3285db166331cf67&profile_id=164
spotlight, https://player.vimeo.com/external/392130357.sd.mp4?s=b7a97e0847c92474574c0dc39247f9f6e362aa29&profile_id=164
spots, https://media.signbsl.com/videos/asl/youtube/mp4/vgQyRyhvxFM.mp4
spot someone, https://media.signbsl.com/videos/asl/youtube/mp4/2FRmgZCz8VM.mp4
spotted, https://media.signbsl.com/videos/asl/youtube/mp4/L_6C0D_xBGQ.mp4
spotter, https://media.signbsl.com/videos/asl/youtube/mp4/d46sw9KnzuE.mp4
spottier, https://media.signbsl.com/videos/asl/youtube/mp4/MeGnhkJGj5Q.mp4
spottily, https://media.signbsl.com/videos/asl/youtube/mp4/gyRQtmLVxmg.mp4
spot welding, https://media.signbsl.com/videos/asl/AustinCommunityCollege/mp4/weld_spot_welding_.mp4
spousal, https://media.signbsl.com/videos/asl/youtube/mp4/57GTuL_Z4nI.mp4
spouse, https://media.signbsl.com/videos/asl/aslsearch/mp4/partner.mp4
spout, https://media.signbsl.com/videos/asl/youtube/mp4/Kj8RwRZS5I0.mp4
spouter, https://media.signbsl.com/videos/asl/youtube/mp4/5nON5FOVJ3c.mp4
sprain, https://media.signbsl.com/videos/asl/youtube/mp4/srcAfs1Z0iY.mp4
sprang, https://media.signbsl.com/videos/asl/youtube/mp4/0XWy3aMmhJw.mp4
sprang for, https://media.signbsl.com/videos/asl/youtube/mp4/ZaUHZo3bnog.mp4
sprang forth, https://media.signbsl.com/videos/asl/youtube/mp4/y3Qx5w5fYo8.mp4
sprang on, https://media.signbsl.com/videos/asl/youtube/mp4/WzWTlQrXqh0.mp4
sprawl, https://media.signbsl.com/videos/asl/youtube/mp4/rF_83-xo1Ck.mp4
spray, https://media.signbsl.com/videos/asl/aslsearch/mp4/spray.mp4
sprayer, https://media.signbsl.com/videos/asl/aslsearch/mp4/spray.mp4
spray hair, https://media.signbsl.com/videos/asl/aslsearch/mp4/spray-hair.mp4
spraying, https://media.signbsl.com/videos/asl/youtube/mp4/bsGQSKBkNfc.mp4
spread, https://media.signbsl.com/videos/asl/aslsearch/mp4/broadcast2.mp4
spreadable, https://media.signbsl.com/videos/asl/youtube/mp4/bsPWBOE3hP8.mp4
spreader, https://media.signbsl.com/videos/asl/youtube/mp4/3CohZ5IAzbw.mp4
spread like wildfire, https://media.signbsl.com/videos/asl/youtube/mp4/zY_IfbqdZMw.mp4
spread out, https://media.signbsl.com/videos/asl/aslsearch/mp4/scatter.mp4
spree, https://media.signbsl.com/videos/asl/youtube/mp4/7YSeFjzqUg8.mp4
sprightlier, https://media.signbsl.com/videos/asl/youtube/mp4/q37YPNTGtaA.mp4
sprightliness, https://media.signbsl.com/videos/asl/youtube/mp4/AOEOHiBCzi8.mp4
spring, https://media.signbsl.com/videos/asl/aslsearch/mp4/spring.mp4
spring balance, https://media.signbsl.com/videos/asl/elementalaslconcepts/mp4/spring_scale.mp4
springboard, https://media.signbsl.com/videos/asl/youtube/mp4/efHMFVMGvEU.mp4
spring chicken, https://media.signbsl.com/videos/asl/ids/mp4/2013-11-5310-youth-1500k-ase.mp4
springer, https://media.signbsl.com/videos/asl/youtube/mp4/PQ-R8nLjS_U.mp4
springier, https://media.signbsl.com/videos/asl/youtube/mp4/V9X_WHWi4W8.mp4
springily, https://media.signbsl.com/videos/asl/youtube/mp4/m8QuB0hp2qY.mp4
springlike, https://media.signbsl.com/videos/asl/youtube/mp4/e0icJ_zvgYQ.mp4
springs, https://media.signbsl.com/videos/asl/aslsearch/mp4/spring.mp4
spring scale, https://media.signbsl.com/videos/asl/elementalaslconcepts/mp4/spring_scale.mp4
springtime, https://media.signbsl.com/videos/asl/startasl/mp4/spring.mp4
spring to mind, https://media.signbsl.com/videos/asl/youtube/mp4/wQHdlKHVGVU.mp4
spring up, https://media.signbsl.com/videos/asl/aslsearch/mp4/arise.mp4
spring water, https://media.signbsl.com/videos/asl/elementalaslconcepts/mp4/ground_water.mp4
springy, https://player.vimeo.com/external/392440535.sd.mp4?s=a60536043977e743374b0e6d0e1163d7b67f7188&profile_id=164
sprinkle, https://media.signbsl.com/videos/asl/aslsearch/mp4/splash.mp4
sprinkler, https://media.signbsl.com/videos/asl/aslsearch/mp4/sprinkler.mp4
sprinkles, https://media.signbsl.com/videos/asl/youtube/mp4/Omtwm7htsYw.mp4
sprint, https://media.signbsl.com/videos/asl/aslsearch/mp4/sprint.mp4
sprinter, https://media.signbsl.com/videos/asl/youtube/mp4/smA-xp6Dsb0.mp4
sprite, https://media.signbsl.com/videos/asl/youtube/mp4/npbm43CeWqM.mp4
spritz, https://media.signbsl.com/videos/asl/youtube/mp4/NcLM3tZH-w8.mp4
sprout, https://player.vimeo.com/external/392143167.sd.mp4?s=224f40aa98c13db69d8fa46f4de94f113df372d1&profile_id=164
spruce, https://media.signbsl.com/videos/asl/youtube/mp4/U7x9aQI941s.mp4
spry, https://media.signbsl.com/videos/asl/aslsearch/mp4/agile.mp4
spud, https://media.signbsl.com/videos/asl/startasl/mp4/potato.mp4
spue, https://media.signbsl.com/videos/asl/startasl/mp4/throw-up.mp4
spunk, https://media.signbsl.com/videos/asl/youtube/mp4/6SGE7lVVp2U.mp4
spunkier, https://media.signbsl.com/videos/asl/youtube/mp4/YJ_SGHNx4wU.mp4
spunky, https://media.signbsl.com/videos/asl/youtube/mp4/H-J3cgl6-ZA.mp4
spun sugar, https://media.signbsl.com/videos/asl/aslsearch/mp4/cotton-candy.mp4
spur, https://media.signbsl.com/videos/asl/youtube/mp4/8zEKsTk2cdU.mp4
spurious, https://media.signbsl.com/videos/asl/youtube/mp4/42wjB4oKOZU.mp4
spurring, https://media.signbsl.com/videos/asl/youtube/mp4/8zEKsTk2cdU.mp4
spurt, https://media.signbsl.com/videos/asl/youtube/mp4/8bgB5xTYklA.mp4
sputter, https://media.signbsl.com/videos/asl/youtube/mp4/acz5gKYis9E.mp4
sputtering, https://media.signbsl.com/videos/asl/youtube/mp4/Ke1tR8d4njw.mp4
spy, https://media.signbsl.com/videos/asl/aslsearch/mp4/spy.mp4
spymaster, https://media.signbsl.com/videos/asl/youtube/mp4/8rXQRrKmeAg.mp4
spyware, https://media.signbsl.com/videos/asl/youtube/mp4/v8HbGf9Gv74.mp4
squabble, https://media.signbsl.com/videos/asl/startasl/mp4/spat.mp4
squad, https://media.signbsl.com/videos/asl/startasl/mp4/team.mp4
squad car, https://media.signbsl.com/videos/asl/aslsearch/mp4/police-car.mp4
squadron, https://media.signbsl.com/videos/asl/youtube/mp4/qcNLI9a-Q1E.mp4
squalid, https://media.signbsl.com/videos/asl/youtube/mp4/q7p7lurxElw.mp4
squalidness, https://media.signbsl.com/videos/asl/youtube/mp4/hI58614fZK4.mp4
squall, https://media.signbsl.com/videos/asl/youtube/mp4/nYJtoGGf8Ug.mp4
squalor, https://media.signbsl.com/videos/asl/youtube/mp4/hI58614fZK4.mp4
squander, https://media.signbsl.com/videos/asl/aslsignbank/mp4/WASTE-820.mp4
square, https://media.signbsl.com/videos/asl/tsdvideo/mp4/414.mp4
square away, https://player.vimeo.com/external/395766219.sd.mp4?s=9009535209a24f8afa148e90d85536672ad379b5&profile_id=164
squared, https://media.signbsl.com/videos/asl/tsdvideo/mp4/578b.mp4
square exponent, https://media.signbsl.com/videos/asl/deaftec-math/mp4/80D-1.mp4
square number, https://media.signbsl.com/videos/asl/tsdvideo/mp4/805.mp4
squarer, https://media.signbsl.com/videos/asl/youtube/mp4/GGyreg6dMIw.mp4
square root, https://media.signbsl.com/videos/asl/tsdvideo/mp4/580.mp4
square toed, https://media.signbsl.com/videos/asl/youtube/mp4/26e42j1fb-Q.mp4
square unit, https://media.signbsl.com/videos/asl/tsdvideo/mp4/315.mp4
squash, https://media.signbsl.com/videos/asl/aslsignbank/mp4/SQUISH-1107.mp4
squash rackets, https://media.signbsl.com/videos/asl/youtube/mp4/B57C8B22U98.mp4
squash racquets, https://media.signbsl.com/videos/asl/youtube/mp4/B57C8B22U98.mp4
squashy, https://media.signbsl.com/videos/asl/youtube/mp4/OF-7evL1FD4.mp4
squat, https://media.signbsl.com/videos/asl/youtube/mp4/6pEmIokhitY.mp4
squatter, https://media.signbsl.com/videos/asl/youtube/mp4/LHhhYRja15o.mp4
squattiness, https://media.signbsl.com/videos/asl/youtube/mp4/QzvihEUUnr8.mp4
squatting, https://media.signbsl.com/videos/asl/youtube/mp4/6pEmIokhitY.mp4
squaw, https://media.signbsl.com/videos/asl/youtube/mp4/LRR2ybZ-9Rs.mp4
squawk, https://media.signbsl.com/videos/asl/youtube/mp4/EgPoPWll40c.mp4
squawker, https://media.signbsl.com/videos/asl/youtube/mp4/Hg3v807Gkvg.mp4
squeak, https://media.signbsl.com/videos/asl/youtube/mp4/tIa-8IRuO5A.mp4
squeak by, https://media.signbsl.com/videos/asl/youtube/mp4/rbsczr5_XwM.mp4
squeaker, https://player.vimeo.com/external/395767850.sd.mp4?s=03ce3ae137bd04410a60a227627c8ce53457e539&profile_id=164
squeak through, https://media.signbsl.com/videos/asl/youtube/mp4/rbsczr5_XwM.mp4
squeal, https://media.signbsl.com/videos/asl/aslsearch/mp4/confess.mp4
squealer, https://media.signbsl.com/videos/asl/aslsearch/mp4/pig.mp4
squeamish, https://media.signbsl.com/videos/asl/youtube/mp4/Kk1oM7q_N88.mp4
squeezability, https://media.signbsl.com/videos/asl/youtube/mp4/F54DdTWWXz0.mp4
squeezable, https://media.signbsl.com/videos/asl/youtube/mp4/AZgB5wmSuh4.mp4
squeeze, https://media.signbsl.com/videos/asl/startasl/mp4/hug.mp4
squeeze box, https://media.signbsl.com/videos/asl/youtube/mp4/ktkxlYapr-Y.mp4
squeeze eyes, https://media.signbsl.com/videos/asl/youtube/mp4/XXZynqy8a68.mp4
squeeze in, https://media.signbsl.com/videos/asl/youtube/mp4/oPF_3-F_awk.mp4
squeeze out, https://media.signbsl.com/videos/asl/youtube/mp4/os18wJ8VvC4.mp4
squeeze through, https://media.signbsl.com/videos/asl/youtube/mp4/2DrxeZuqxH4.mp4
squelch, https://media.signbsl.com/videos/asl/aslsignbank/mp4/SQUISH-1107.mp4
squib, https://media.signbsl.com/videos/asl/youtube/mp4/1AyDA42Fzu4.mp4
squid, https://media.signbsl.com/videos/asl/thefamilyvocab/mp4/squid.mp4
squiffy, https://player.vimeo.com/external/392518215.sd.mp4?s=113d53ba6f2c71f52d578ada70db149ecff96e8b&profile_id=164
squiggle, https://media.signbsl.com/videos/asl/youtube/mp4/MakxEaZXrTM.mp4
squinch, https://media.signbsl.com/videos/asl/aslsearch/mp4/quail.mp4
squint, https://media.signbsl.com/videos/asl/youtube/mp4/db6UFp0vIbI.mp4
squint eyed, https://media.signbsl.com/videos/asl/youtube/mp4/db6UFp0vIbI.mp4
squinty, https://media.signbsl.com/videos/asl/youtube/mp4/db6UFp0vIbI.mp4
squirm, https://player.vimeo.com/external/392538869.sd.mp4?s=4ee02c80291a549577d04d5854b4653e1ad01e2a&profile_id=164
squirm embarrassed, https://media.signbsl.com/videos/asl/youtube/mp4/bib-i4M2ElY.mp4
squirmier, https://media.signbsl.com/videos/asl/youtube/mp4/QvYRyj5YaaA.mp4
squirmy, https://media.signbsl.com/videos/asl/youtube/mp4/RY0i7xSOUEE.mp4
squirrel, https://media.signbsl.com/videos/asl/aslsignbank/mp4/SQUIRREL-739.mp4
squirt, https://media.signbsl.com/videos/asl/youtube/mp4/os18wJ8VvC4.mp4
squish, https://media.signbsl.com/videos/asl/aslsignbank/mp4/SQUISH-1107.mp4
squishy, https://media.signbsl.com/videos/asl/youtube/mp4/OF-7evL1FD4.mp4
Srbija, https://media.signbsl.com/videos/asl/youtube/mp4/EQIiodbZrXM.mp4
Sri Lanka, https://media.signbsl.com/videos/asl/youtube/mp4/_Z1YZRt7Q2k.mp4
SS, https://media.signbsl.com/videos/asl/aslsearch/mp4/ss.mp4
ssi, https://media.signbsl.com/videos/asl/aslsignbank/mp4/PENSION-2275.mp4
St. George, NA
St. John the Baptist, NA
St. Louis, NA
St. Nick, NA
St. Patrick, NA
St. Paul, NA
St. Thomas, NA
St. Thomas Aquinas, NA
St. Vincent and the Grenadines, NA
stab, https://media.signbsl.com/videos/asl/aslsearch/mp4/jab.mp4
stabber, https://media.signbsl.com/videos/asl/youtube/mp4/KFh5rJDPZew.mp4
stabile, https://media.signbsl.com/videos/asl/youtube/mp4/oaLome9JG_g.mp4
stabilise, https://media.signbsl.com/videos/asl/youtube/mp4/LkH1CJEL-QQ.mp4
stability, https://media.signbsl.com/videos/asl/youtube/mp4/mXKSwEzv1aM.mp4
stabilize, https://media.signbsl.com/videos/asl/youtube/mp4/LkH1CJEL-QQ.mp4
stable, https://media.signbsl.com/videos/asl/aslsearch/mp4/stable.mp4
stableboy, https://media.signbsl.com/videos/asl/youtube/mp4/wXaRoyFArh0.mp4
stable companion, https://media.signbsl.com/videos/asl/youtube/mp4/Yu9yQ8QjK9c.mp4
stableman, https://media.signbsl.com/videos/asl/youtube/mp4/wXaRoyFArh0.mp4
stablemate, https://media.signbsl.com/videos/asl/youtube/mp4/Yu9yQ8QjK9c.mp4
stableness, https://media.signbsl.com/videos/asl/elementalaslconcepts/mp4/stable.mp4
stack, https://media.signbsl.com/videos/asl/youtube/mp4/CxcnNG76tUs.mp4
stack away, https://media.signbsl.com/videos/asl/aslsearch/mp4/store2.mp4
stacks, https://media.signbsl.com/videos/asl/aslsignbank/mp4/AUDIENCE-2081.mp4
stack up, https://media.signbsl.com/videos/asl/youtube/mp4/RRJgyXRrUrg.mp4
stadia, https://media.signbsl.com/videos/asl/youtube/mp4/NOYWOmupl60.mp4
stadium, https://media.signbsl.com/videos/asl/startasl/mp4/stadium.mp4
staff, https://media.signbsl.com/videos/asl/signlanguagestudent/mp4/staff.mp4
staffer, https://media.signbsl.com/videos/asl/youtube/mp4/AV4PkW3jw8I.mp4
staff member, https://media.signbsl.com/videos/asl/youtube/mp4/AV4PkW3jw8I.mp4
staff of life, https://media.signbsl.com/videos/asl/startasl/mp4/bread.mp4
stag, https://media.signbsl.com/videos/asl/youtube/mp4/lPn1TMq3P6k.mp4
stage, https://media.signbsl.com/videos/asl/signlanguagestudent/mp4/stage.mp4
stagecraft, https://media.signbsl.com/videos/asl/youtube/mp4/My5laGWpRjc.mp4
stagehand, https://media.signbsl.com/videos/asl/youtube/mp4/w1-sqGQIO9k.mp4
stage manager, https://player.vimeo.com/external/392749887.sd.mp4?s=1254cdad2419ad5ac9086678d53bc86a86076dd9&profile_id=164
stager, https://player.vimeo.com/external/392749887.sd.mp4?s=1254cdad2419ad5ac9086678d53bc86a86076dd9&profile_id=164
stage set, https://media.signbsl.com/videos/asl/youtube/mp4/WfbkNye9ZWs.mp4
stagestruck, NA
stage technician, https://media.signbsl.com/videos/asl/youtube/mp4/w1-sqGQIO9k.mp4
stagey, https://media.signbsl.com/videos/asl/youtube/mp4/wxq5RmK_0VE.mp4
stagger, https://media.signbsl.com/videos/asl/youtube/mp4/Gvg3fxrSgHA.mp4
stagnancy, https://media.signbsl.com/videos/asl/youtube/mp4/gBrgK8R5Bpc.mp4
stagnate, https://media.signbsl.com/videos/asl/youtube/mp4/mrbqaauuINM.mp4
stagnation, https://media.signbsl.com/videos/asl/youtube/mp4/gBrgK8R5Bpc.mp4
stagy, https://media.signbsl.com/videos/asl/youtube/mp4/wxq5RmK_0VE.mp4
staid, https://media.signbsl.com/videos/asl/youtube/mp4/NRnQjqbwk6Q.mp4
stain, https://media.signbsl.com/videos/asl/valleybible/mp4/defile.mp4
stained, https://media.signbsl.com/videos/asl/youtube/mp4/UsGEsQe30Yk.mp4
stainless, https://media.signbsl.com/videos/asl/youtube/mp4/MK8Qx2VeIl4.mp4
stainless steel, https://media.signbsl.com/videos/asl/AustinCommunityCollege/mp4/weld_stainless_steel_.mp4
staircase, https://media.signbsl.com/videos/asl/startasl/mp4/stairs.mp4
stairs, https://media.signbsl.com/videos/asl/startasl/mp4/stairs.mp4
stairstep, https://media.signbsl.com/videos/asl/youtube/mp4/Jl7m0cMU9-o.mp4
stairway, https://media.signbsl.com/videos/asl/startasl/mp4/stairs.mp4
stake, https://media.signbsl.com/videos/asl/youtube/mp4/feGpjS2kI-A.mp4
stakeholder, https://media.signbsl.com/videos/asl/youtube/mp4/YLX2Qlnu1hw.mp4
Stake President, https://media.signbsl.com/videos/asl/ids/mp4/2013-11-4640-stake-president-1500k-ase.mp4
stakes, https://media.signbsl.com/videos/asl/youtube/mp4/jRUq0LUl4uw.mp4
stalactite, https://media.signbsl.com/videos/asl/youtube/mp4/fHopLgVA4OU.mp4
stalagmite, https://media.signbsl.com/videos/asl/youtube/mp4/YreR4tr6jrQ.mp4
stale, https://media.signbsl.com/videos/asl/aslsearch/mp4/stale.mp4
stalemate, https://player.vimeo.com/external/391917238.sd.mp4?s=b23cb33657623856a81088f415188198a820e5b2&profile_id=164
staler, https://media.signbsl.com/videos/asl/youtube/mp4/2zvrXtUt3zI.mp4
Stalinism, https://player.vimeo.com/external/392541606.sd.mp4?s=1b3a2da28dbc0126def9f3efaab34660701135c4&profile_id=164
stalk, https://media.signbsl.com/videos/asl/aslsearch/mp4/stalk.mp4
stalker, https://media.signbsl.com/videos/asl/youtube/mp4/EgWfgAf-P5Q.mp4
stalking, https://media.signbsl.com/videos/asl/aslsearch/mp4/stalking.mp4
stalking horse, https://media.signbsl.com/videos/asl/youtube/mp4/2iA8M9LNT28.mp4
stalkless, https://media.signbsl.com/videos/asl/youtube/mp4/NDcP6h8ZQcM.mp4
stall, https://media.signbsl.com/videos/asl/signlanguagestudent/mp4/procrastinate.mp4
stall horse, https://media.signbsl.com/videos/asl/signlanguagestudent/mp4/stall-horse.mp4
stallion, https://media.signbsl.com/videos/asl/youtube/mp4/mDazw_XLkW0.mp4
stalwart, https://media.signbsl.com/videos/asl/aslsearch/mp4/stout.mp4
Stamboul, https://media.signbsl.com/videos/asl/youtube/mp4/0IIWKA9G9kE.mp4
Stambul, https://media.signbsl.com/videos/asl/youtube/mp4/0IIWKA9G9kE.mp4
stamen, https://media.signbsl.com/videos/asl/elementalaslconcepts/mp4/stamen.mp4
stamina, https://media.signbsl.com/videos/asl/youtube/mp4/LL2da0m0ItU.mp4
stammer, https://media.signbsl.com/videos/asl/youtube/mp4/dIoDeUox1vs.mp4
stammerer, https://media.signbsl.com/videos/asl/youtube/mp4/zeBrdbaKilw.mp4
stamp, https://media.signbsl.com/videos/asl/startasl/mp4/stamp.mp4
stamp down, https://media.signbsl.com/videos/asl/aslsearch/mp4/conquer.mp4
stampede, https://media.signbsl.com/videos/asl/youtube/mp4/YLlCqMZQv6o.mp4
stamping ground, https://media.signbsl.com/videos/asl/youtube/mp4/be7NbIEa8hA.mp4
stamp out, https://media.signbsl.com/videos/asl/youtube/mp4/SuDm4ERVrKM.mp4
stamp pad, https://media.signbsl.com/videos/asl/aslsearch/mp4/pad.mp4
stance, https://media.signbsl.com/videos/asl/youtube/mp4/rQeLUrk4hwo.mp4
stanched, https://media.signbsl.com/videos/asl/youtube/mp4/pbXmSw31dlI.mp4
stand, https://media.signbsl.com/videos/asl/startasl/mp4/stand.mp4
stand about, https://media.signbsl.com/videos/asl/youtube/mp4/3CvaFDEbons.mp4
standard, https://media.signbsl.com/videos/asl/youtube/mp4/92jy6Y-Jstk.mp4
standard deviation, https://media.signbsl.com/videos/asl/tsdvideo/mp4/1326.mp4
standardise, https://media.signbsl.com/videos/asl/youtube/mp4/w19Vc7oPLSM.mp4
standardize, https://media.signbsl.com/videos/asl/youtube/mp4/w19Vc7oPLSM.mp4
standard notation, https://media.signbsl.com/videos/asl/tsdvideo/mp4/270.mp4
standard operating procedure, https://media.signbsl.com/videos/asl/youtube/mp4/k7sVO8VF1Kk.mp4
standard procedure, https://media.signbsl.com/videos/asl/youtube/mp4/k7sVO8VF1Kk.mp4
Standards For the Strength of Youth, https://media.signbsl.com/videos/asl/ids/mp4/2013-11-4670-standards-for-the-strength-of-youth-1500k-ase.mp4
standard transmission, https://media.signbsl.com/videos/asl/aslsearch/mp4/stick-shift.mp4
Standard Work, https://media.signbsl.com/videos/asl/ids/mp4/2013-11-4680-standard-work-1500k-ase.mp4
Stand as a Witness, https://media.signbsl.com/videos/asl/ids/mp4/2013-11-4650-stand-as-a-witness-1500k-ase.mp4
stand by, https://media.signbsl.com/videos/asl/youtube/mp4/IBF5SKe4p5k.mp4
standby, https://media.signbsl.com/videos/asl/youtube/mp4/IBF5SKe4p5k.mp4
stand easel, https://media.signbsl.com/videos/asl/youtube/mp4/69VCI0BuhNw.mp4
Stand Firm Immovable Steadfast, https://media.signbsl.com/videos/asl/ids/mp4/2013-11-4660-standfirm-immovable-firm-steadfast-1500k-ase.mp4
stand for, https://media.signbsl.com/videos/asl/youtube/mp4/CN6SRlNnGlc.mp4
stand for a long time, https://media.signbsl.com/videos/asl/youtube/mp4/spB6Hz_Objw.mp4
stand in, https://media.signbsl.com/videos/asl/aslsearch/mp4/backup.mp4
standing operating procedure, https://media.signbsl.com/videos/asl/youtube/mp4/k7sVO8VF1Kk.mp4
standing ovation, https://player.vimeo.com/external/392749916.sd.mp4?s=87730decdb7aee8d4256f881b870ea85cea16983&profile_id=164
standing to sue, https://media.signbsl.com/videos/asl/unoclimb/mp4/upOoEue49LE.mp4
standing wave, https://media.signbsl.com/videos/asl/youtube/mp4/gKmXdOK4xrQ.mp4
stand mute, https://media.signbsl.com/videos/asl/unoclimb/mp4/Ezr1MkderKA.mp4
standoff, https://media.signbsl.com/videos/asl/youtube/mp4/3XSCZ8C6F4Y.mp4
standoffish, https://media.signbsl.com/videos/asl/youtube/mp4/R6vY7-JIFH8.mp4
stand on his head, https://media.signbsl.com/videos/asl/youtube/mp4/zubxrf5QjbM.mp4
stand out, https://media.signbsl.com/videos/asl/youtube/mp4/Fwr4C5P2kxU.mp4
standpoint, https://media.signbsl.com/videos/asl/signlanguagestudent/mp4/point-of-view.mp4
standstill, https://player.vimeo.com/external/391917238.sd.mp4?s=b23cb33657623856a81088f415188198a820e5b2&profile_id=164
stand up, https://media.signbsl.com/videos/asl/startasl/mp4/stand.mp4
standup, https://media.signbsl.com/videos/asl/startasl/mp4/stand.mp4
stand up imperative, https://media.signbsl.com/videos/asl/youtube/mp4/X_6W1aqS2JU.mp4
stanza, https://media.signbsl.com/videos/asl/elementalaslconcepts/mp4/stanza.mp4
staple, https://media.signbsl.com/videos/asl/aslsearch/mp4/staple.mp4
stapler, https://media.signbsl.com/videos/asl/youtube/mp4/Jn67GgCU5IE.mp4
stapling machine, https://media.signbsl.com/videos/asl/youtube/mp4/Jn67GgCU5IE.mp4
star, https://media.signbsl.com/videos/asl/aslsearch/mp4/star.mp4
starboard, https://media.signbsl.com/videos/asl/youtube/mp4/jfAchoPfSi4.mp4
starbucks, https://media.signbsl.com/videos/asl/youtube/mp4/dER9TgOMOJw.mp4
starch, https://media.signbsl.com/videos/asl/youtube/mp4/itYh0zEjWgE.mp4
star divination, https://media.signbsl.com/videos/asl/youtube/mp4/sSnw8qTktxg.mp4
stardom, https://media.signbsl.com/videos/asl/youtube/mp4/0ViKFU-RGrg.mp4
stare, https://media.signbsl.com/videos/asl/aslsearch/mp4/gaze.mp4
stare at me, https://media.signbsl.com/videos/asl/aslsearch/mp4/stare-at-me.mp4
starfish, https://media.signbsl.com/videos/asl/aslsearch/mp4/starfish.mp4
stargaze, https://media.signbsl.com/videos/asl/aslsignbank/mp4/DREAM-1277.mp4
stargazer, https://media.signbsl.com/videos/asl/youtube/mp4/19GcBGSgUvg.mp4
staring at me, https://media.signbsl.com/videos/asl/youtube/mp4/ui5gw5W27Ag.mp4
stark, https://media.signbsl.com/videos/asl/youtube/mp4/xr0X2zI0eH4.mp4
starless, https://media.signbsl.com/videos/asl/youtube/mp4/-6C5FCbz-BU.mp4
starlet, https://media.signbsl.com/videos/asl/youtube/mp4/srT1eX8zwsk.mp4
starlets, https://media.signbsl.com/videos/asl/youtube/mp4/srT1eX8zwsk.mp4
starrier, https://media.signbsl.com/videos/asl/youtube/mp4/IyKusRtPQeg.mp4
starry, https://media.signbsl.com/videos/asl/youtube/mp4/y0AUr25og5g.mp4
start, https://media.signbsl.com/videos/asl/aslsignbank/mp4/START-619.mp4
started, https://media.signbsl.com/videos/asl/signlanguagestudent/mp4/started.mp4
starter, https://media.signbsl.com/videos/asl/aslsearch/mp4/freshman.mp4
startle, https://media.signbsl.com/videos/asl/youtube/mp4/yYrVfzI8W7k.mp4
start out, https://media.signbsl.com/videos/asl/aslsignbank/mp4/START-619.mp4
star trek, https://media.signbsl.com/videos/asl/thefamilyvocab/mp4/Star-Trek.mp4
start up, https://media.signbsl.com/videos/asl/youtube/mp4/-OUjFoH-N9o.mp4
startup, https://media.signbsl.com/videos/asl/youtube/mp4/-OUjFoH-N9o.mp4
starve, https://media.signbsl.com/videos/asl/aslsignbank/mp4/CRAVE-1181.mp4
starved, https://player.vimeo.com/external/392124259.sd.mp4?s=8941444da32728bdaad314f33eb69a53294b7f4f&profile_id=164
starveling, https://media.signbsl.com/videos/asl/youtube/mp4/KeWwn_hfFIU.mp4
stash away, https://media.signbsl.com/videos/asl/aslsearch/mp4/store2.mp4
stat, https://media.signbsl.com/videos/asl/youtube/mp4/EuNBaznHsqE.mp4
state, https://media.signbsl.com/videos/asl/aslsignbank/mp4/SAY-536.mp4
statecraft, https://media.signbsl.com/videos/asl/youtube/mp4/lCKfn9wmzd8.mp4
state government, https://media.signbsl.com/videos/asl/elementalaslconcepts/mp4/state_government.mp4
state highway, https://media.signbsl.com/videos/asl/startasl/mp4/freeway.mp4
statehood, https://media.signbsl.com/videos/asl/youtube/mp4/CVTwENjh4Rs.mp4
Statehouse, https://media.signbsl.com/videos/asl/youtube/mp4/uujXU24V6vI.mp4
state legislature, https://media.signbsl.com/videos/asl/elementalaslconcepts/mp4/state_legislature.mp4
stateliness, https://media.signbsl.com/videos/asl/valleybible/mp4/majesty.mp4
stately, https://player.vimeo.com/external/392383278.sd.mp4?s=ce7106dcd442594846b5e505fec4d50f15e321ca&profile_id=164
statement, https://media.signbsl.com/videos/asl/signlanguagestudent/mp4/statement.mp4
state of affairs, https://media.signbsl.com/videos/asl/aslsearch/mp4/situation.mp4
State of Bahrain, https://player.vimeo.com/external/392762450.sd.mp4?s=a0a172117ca4b6f4dc43ab58582c463a09ba89b0&profile_id=164
State of Eritrea, https://media.signbsl.com/videos/asl/aslsignbank/mp4/ERITREA-3210.mp4
State of Kuwait, https://media.signbsl.com/videos/asl/youtube/mp4/OpKLRZjGncc.mp4
state of matter, https://media.signbsl.com/videos/asl/elementalaslconcepts/mp4/states_of_matter.mp4
state ones points, https://media.signbsl.com/videos/asl/youtube/mp4/RzYXROCrYZw.mp4
stateroom, https://media.signbsl.com/videos/asl/youtube/mp4/aeI78OU5x-U.mp4
states, https://media.signbsl.com/videos/asl/aslsignbank/mp4/SAY-536.mp4
statesman, https://media.signbsl.com/videos/asl/youtube/mp4/Fn7iHycBlNw.mp4
statesmanlike, https://media.signbsl.com/videos/asl/youtube/mp4/AS-McYu1pfc.mp4
statesmanly, https://media.signbsl.com/videos/asl/youtube/mp4/AS-McYu1pfc.mp4
statesmanship, https://media.signbsl.com/videos/asl/youtube/mp4/lCKfn9wmzd8.mp4
stateswoman, https://media.signbsl.com/videos/asl/youtube/mp4/xoVWul55tKU.mp4
statewide, https://media.signbsl.com/videos/asl/youtube/mp4/e3THhrCVyjU.mp4
static, https://media.signbsl.com/videos/asl/youtube/mp4/TSBZ70yPa7U.mp4
station, https://media.signbsl.com/videos/asl/aslsearch/mp4/station.mp4
station agent, https://media.signbsl.com/videos/asl/youtube/mp4/BEdbmF-HBeM.mp4
stationary, https://media.signbsl.com/videos/asl/youtube/mp4/17kAANxbwTY.mp4
stationary bike, https://player.vimeo.com/external/392749949.sd.mp4?s=dbe72e93225764e166ddf7cd151d52ed75a4b95c&profile_id=164
stationary wave, https://media.signbsl.com/videos/asl/youtube/mp4/gKmXdOK4xrQ.mp4
stationer, https://media.signbsl.com/videos/asl/youtube/mp4/IaCzrJnXzss.mp4
stationery, https://media.signbsl.com/videos/asl/youtube/mp4/dgSPdmEIBDE.mp4
stationery seller, https://media.signbsl.com/videos/asl/youtube/mp4/IaCzrJnXzss.mp4
stationmaster, https://media.signbsl.com/videos/asl/youtube/mp4/BEdbmF-HBeM.mp4
statistical regression, https://media.signbsl.com/videos/asl/youtube/mp4/WdcUyRGOZyo.mp4
statistician, https://media.signbsl.com/videos/asl/youtube/mp4/1v4Rw92ripc.mp4
statistics, https://media.signbsl.com/videos/asl/aslsearch/mp4/statistics.mp4
stat mi, https://media.signbsl.com/videos/asl/tsdvideo/mp4/478.mp4
statuary, https://media.signbsl.com/videos/asl/youtube/mp4/WamH1rNkW_c.mp4
statue, https://media.signbsl.com/videos/asl/startasl/mp4/statue.mp4
statue maker, https://media.signbsl.com/videos/asl/youtube/mp4/N3YM5GGAdpY.mp4
Statue of Liberty, https://media.signbsl.com/videos/asl/elementalaslconcepts/mp4/statue_of_liberty.mp4
statuesque, https://media.signbsl.com/videos/asl/youtube/mp4/SnfUme63Mzw.mp4
stature, https://media.signbsl.com/videos/asl/youtube/mp4/UzNWaKToZNA.mp4
status, https://media.signbsl.com/videos/asl/youtube/mp4/xzCZD1ppQC8.mp4
statute, https://media.signbsl.com/videos/asl/youtube/mp4/I61XrO2_rPk.mp4
statute law, https://media.signbsl.com/videos/asl/youtube/mp4/m4sJ09ZEqnQ.mp4
statute mile, https://media.signbsl.com/videos/asl/tsdvideo/mp4/478.mp4
statute title, https://media.signbsl.com/videos/asl/aslsignbank/mp4/NAME-511.mp4
statutory rape, https://media.signbsl.com/videos/asl/unoclimb/mp4/wrcmqQLGHlY.mp4
staunch, https://media.signbsl.com/videos/asl/youtube/mp4/DhVcQD0jbdM.mp4
stave, https://media.signbsl.com/videos/asl/youtube/mp4/t39YIat-ip4.mp4
stave off, https://media.signbsl.com/videos/asl/youtube/mp4/IRLoe0ze1_E.mp4
stay, https://media.signbsl.com/videos/asl/aslsearch/mp4/stay.mp4
stay at home, https://media.signbsl.com/videos/asl/youtube/mp4/yK-a81YTz2s.mp4
stay back, https://media.signbsl.com/videos/asl/youtube/mp4/HIX42PtGy40.mp4
stay calm, https://media.signbsl.com/videos/asl/mariekatzenbachschool/mp4/stay%20calm.mp4
stay in bed, https://media.signbsl.com/videos/asl/youtube/mp4/LGcmnu_J_YU.mp4
staying power, https://media.signbsl.com/videos/asl/youtube/mp4/LL2da0m0ItU.mp4
stays, https://media.signbsl.com/videos/asl/youtube/mp4/TTsWvoBn10Y.mp4
stay up, https://media.signbsl.com/videos/asl/elementalaslconcepts/mp4/sit_up.mp4
steadfast, https://media.signbsl.com/videos/asl/youtube/mp4/WxpCwgZbADU.mp4
steadied, https://media.signbsl.com/videos/asl/youtube/mp4/AleaZX6TF38.mp4
steadies, https://media.signbsl.com/videos/asl/tsdvideo/mp4/328.mp4
steadily, https://media.signbsl.com/videos/asl/youtube/mp4/S3im0FulSqY.mp4
steady, https://media.signbsl.com/videos/asl/tsdvideo/mp4/328.mp4
steak, https://player.vimeo.com/external/392749988.sd.mp4?s=e6f2bf01c4a2c1c0eee11a551f3d6fc554c9ce67&profile_id=164
steakhouse, https://media.signbsl.com/videos/asl/youtube/mp4/V2YKwwioQn4.mp4
steal, https://media.signbsl.com/videos/asl/startasl/mp4/steal.mp4
stealer, https://media.signbsl.com/videos/asl/aslsearch/mp4/thief.mp4
stealing, https://media.signbsl.com/videos/asl/unoclimb/mp4/4RKtWiqZsdU.mp4
stealth, https://media.signbsl.com/videos/asl/youtube/mp4/IwV9pRbC3QQ.mp4
stealthier, https://media.signbsl.com/videos/asl/youtube/mp4/usa_LEEkhZE.mp4
stealth mode, https://media.signbsl.com/videos/asl/deaftec/mp4/1062.mp4
steam, https://media.signbsl.com/videos/asl/aslsearch/mp4/steam.mp4
steamboat, https://media.signbsl.com/videos/asl/elementalaslconcepts/mp4/steamboat.mp4
steamed, https://media.signbsl.com/videos/asl/youtube/mp4/d0MAlz7UTYM.mp4
steamfitter, https://media.signbsl.com/videos/asl/youtube/mp4/jICA7Mj8aWc.mp4
steamier, https://media.signbsl.com/videos/asl/youtube/mp4/gQ7ztVSFrk0.mp4
steaminess, https://media.signbsl.com/videos/asl/youtube/mp4/RmOYjxLiRlw.mp4
steamroll, https://media.signbsl.com/videos/asl/youtube/mp4/g-YT3krRuOM.mp4
steamroller, https://media.signbsl.com/videos/asl/youtube/mp4/g-YT3krRuOM.mp4
steatite, https://media.signbsl.com/videos/asl/AustinCommunityCollege/mp4/weld_soapstone_.mp4
steel, https://media.signbsl.com/videos/asl/aslsearch/mp4/sword.mp4
steel carbon, https://media.signbsl.com/videos/asl/AustinCommunityCollege/mp4/weld_steelcarbon_.mp4
steeler, https://media.signbsl.com/videos/asl/youtube/mp4/k09_8aaEKUc.mp4
steelmaker, https://media.signbsl.com/videos/asl/youtube/mp4/48b8_HVEZeU.mp4
steelman, https://media.signbsl.com/videos/asl/youtube/mp4/48b8_HVEZeU.mp4
steel mild, https://media.signbsl.com/videos/asl/AustinCommunityCollege/mp4/weld_steelmild_.mp4
steelwork, https://media.signbsl.com/videos/asl/youtube/mp4/ZUkzWUUWze4.mp4
steelworker, https://media.signbsl.com/videos/asl/youtube/mp4/48b8_HVEZeU.mp4
steely, https://media.signbsl.com/videos/asl/youtube/mp4/oY7Kq0EW52A.mp4
steep, https://media.signbsl.com/videos/asl/youtube/mp4/hmjQQjj4EUI.mp4
steepen, https://media.signbsl.com/videos/asl/youtube/mp4/T2OL0k9Y72M.mp4
steer, https://media.signbsl.com/videos/asl/aslsignbank/mp4/LEAD-683.mp4
steerable, https://media.signbsl.com/videos/asl/youtube/mp4/VKUlZfZUz4Y.mp4
steerage, https://media.signbsl.com/videos/asl/youtube/mp4/ZfijysXErxo.mp4
steerer, https://media.signbsl.com/videos/asl/youtube/mp4/2ajzKtheyI8.mp4
steering, https://media.signbsl.com/videos/asl/youtube/mp4/ZfijysXErxo.mp4
steering knuckle, https://media.signbsl.com/videos/asl/AustinCommunityCollege/mp4/auto_steering_knuckle_.mp4
steering wheel, https://media.signbsl.com/videos/asl/aslsearch/mp4/steering-wheel.mp4
steersman, https://media.signbsl.com/videos/asl/youtube/mp4/2ajzKtheyI8.mp4
stellar, https://media.signbsl.com/videos/asl/youtube/mp4/9lbDWKIT-dQ.mp4
stem, https://media.signbsl.com/videos/asl/aslsearch/mp4/stalk.mp4
stem from, https://media.signbsl.com/videos/asl/youtube/mp4/itEITsN-c74.mp4
stemless, https://media.signbsl.com/videos/asl/youtube/mp4/uhmg4xYCFRs.mp4
stemma, https://media.signbsl.com/videos/asl/youtube/mp4/5_Jwyq1jWKE.mp4
stench, https://media.signbsl.com/videos/asl/aslsearch/mp4/stink.mp4
steno, https://media.signbsl.com/videos/asl/youtube/mp4/TWynjSBak0k.mp4
stenography, https://media.signbsl.com/videos/asl/youtube/mp4/-D9ykpxFKZc.mp4
stent, https://media.signbsl.com/videos/asl/youtube/mp4/oHpU-6tZ18M.mp4
stentor, https://media.signbsl.com/videos/asl/youtube/mp4/WiCTN55aljE.mp4
step, https://media.signbsl.com/videos/asl/aslsignbank/mp4/STEPS-2195.mp4
step brother, https://media.signbsl.com/videos/asl/aslsearch/mp4/stepbrother.mp4
stepbrother, https://media.signbsl.com/videos/asl/aslsearch/mp4/stepbrother.mp4
step by step, https://media.signbsl.com/videos/asl/youtube/mp4/AWZfXkdPWWw.mp4
stepchild, https://media.signbsl.com/videos/asl/aslsearch/mp4/stepchild.mp4
step dad, https://player.vimeo.com/external/392750045.sd.mp4?s=e8b46bb72b952958074203945b09f309b24105f3&profile_id=164
step daughter, https://media.signbsl.com/videos/asl/aslsearch/mp4/stepdaughter.mp4
stepdaughter, https://media.signbsl.com/videos/asl/aslsearch/mp4/stepdaughter.mp4
step down, https://media.signbsl.com/videos/asl/aslsearch/mp4/quit.mp4
step family, https://player.vimeo.com/external/385993948.sd.mp4?s=89a820cb73b71af4a4f4a35f4290b6c3b51f2feb&profile_id=164&oauth2_token_id=1269733722
step father, https://media.signbsl.com/videos/asl/aslsearch/mp4/stepfather.mp4
stepfather, https://media.signbsl.com/videos/asl/aslsearch/mp4/stepfather.mp4
Stephen Spender, https://media.signbsl.com/videos/asl/youtube/mp4/Xa-EN3AOETE.mp4
step in, https://media.signbsl.com/videos/asl/aslsearch/mp4/interfere.mp4
step mother, https://player.vimeo.com/external/385994018.sd.mp4?s=da31013fc205885525156841b9b2998258ebf20d&profile_id=164&oauth2_token_id=1269733722
stepmother, https://player.vimeo.com/external/385994018.sd.mp4?s=da31013fc205885525156841b9b2998258ebf20d&profile_id=164&oauth2_token_id=1269733722
stepparent, https://media.signbsl.com/videos/asl/youtube/mp4/11owiPEzn-8.mp4
stepper, https://media.signbsl.com/videos/asl/youtube/mp4/k52liNfhaUs.mp4
steppingstone, NA
steps, https://media.signbsl.com/videos/asl/startasl/mp4/stairs.mp4
step sister, https://media.signbsl.com/videos/asl/aslsearch/mp4/stepsister.mp4
stepsister, https://media.signbsl.com/videos/asl/aslsearch/mp4/stepsister.mp4
step son, https://media.signbsl.com/videos/asl/aslsearch/mp4/stepson.mp4
stepson, https://media.signbsl.com/videos/asl/aslsearch/mp4/stepson.mp4
step up, https://media.signbsl.com/videos/asl/aslsearch/mp4/escalate.mp4
stepwise, https://media.signbsl.com/videos/asl/youtube/mp4/AWZfXkdPWWw.mp4
stereotype, https://media.signbsl.com/videos/asl/youtube/mp4/LmjMLpv8Fn8.mp4
sterile, https://media.signbsl.com/videos/asl/youtube/mp4/XXxBgSNfFAw.mp4
sterilisation, https://media.signbsl.com/videos/asl/youtube/mp4/rXFrvzqk2Xs.mp4
sterilise, https://media.signbsl.com/videos/asl/youtube/mp4/Axbc8ruWqG0.mp4
steriliser, https://media.signbsl.com/videos/asl/youtube/mp4/Fr8e8MbWEJ0.mp4
sterilization, https://media.signbsl.com/videos/asl/youtube/mp4/rXFrvzqk2Xs.mp4
sterilize, https://media.signbsl.com/videos/asl/youtube/mp4/Axbc8ruWqG0.mp4
sterilizer, https://media.signbsl.com/videos/asl/youtube/mp4/Fr8e8MbWEJ0.mp4
stern, https://media.signbsl.com/videos/asl/youtube/mp4/k4acAbNtqrg.mp4
sternum, https://media.signbsl.com/videos/asl/youtube/mp4/z5-Ihexz3cU.mp4
sternutation, https://media.signbsl.com/videos/asl/aslsignbank/mp4/SNEEZE-2193.mp4
steroid, https://media.signbsl.com/videos/asl/youtube/mp4/Izt23fHFJjQ.mp4
stethoscope, https://media.signbsl.com/videos/asl/aslsearch/mp4/stethoscope.mp4
stevedore, https://media.signbsl.com/videos/asl/youtube/mp4/pjDwhof8pAc.mp4
stew, https://player.vimeo.com/external/391217571.sd.mp4?s=699754b2ebd75aee6d752854abd2943a5dc1745d&profile_id=164
steward, https://media.signbsl.com/videos/asl/valleybible/mp4/steward.mp4
stewardess, https://media.signbsl.com/videos/asl/youtube/mp4/mGbbc6ICS_8.mp4
Stewardship Duty Responsibility, https://media.signbsl.com/videos/asl/ids/mp4/2013-11-4690-stewardship-duty-responsibility-1500k-ase.mp4
stick, https://media.signbsl.com/videos/asl/aslsearch/mp4/stick.mp4
stick by, https://media.signbsl.com/videos/asl/youtube/mp4/UQOghX_qjco.mp4
stick down, https://media.signbsl.com/videos/asl/youtube/mp4/wepAu5A_AdQ.mp4
sticker, https://media.signbsl.com/videos/asl/aslsearch/mp4/sticker.mp4
stick in, https://player.vimeo.com/external/392010303.sd.mp4?s=ccbc2a2b0cdbc9cb5a7e5ab0933a028e2b4f25c5&profile_id=164
stick in the mud, https://media.signbsl.com/videos/asl/youtube/mp4/e-bCV33EYec.mp4
stickler, https://media.signbsl.com/videos/asl/youtube/mp4/omCqKOK_D60.mp4
stick like white on rice, https://media.signbsl.com/videos/asl/youtube/mp4/sOQ6zJ5XrLc.mp4
stick on, https://media.signbsl.com/videos/asl/youtube/mp4/Vp1MrSjZ3lw.mp4
stick out, https://media.signbsl.com/videos/asl/aslsignbank/mp4/PATIENT-250.mp4
stick shift, https://media.signbsl.com/videos/asl/aslsearch/mp4/stick-shift.mp4
stick up for, https://media.signbsl.com/videos/asl/youtube/mp4/lDIdqSFn2jU.mp4
stick welding, https://media.signbsl.com/videos/asl/AustinCommunityCollege/mp4/weld_stick_welding_.mp4
sticky, https://player.vimeo.com/external/391178515.sd.mp4?s=a0230a9d6440dca090b5c1e70ab6ee1cd326930a&profile_id=164
sties, https://media.signbsl.com/videos/asl/youtube/mp4/EhxkyQaGd98.mp4
stiff, https://player.vimeo.com/external/392518215.sd.mp4?s=113d53ba6f2c71f52d578ada70db149ecff96e8b&profile_id=164
stiffen, https://media.signbsl.com/videos/asl/youtube/mp4/zBibL0YThcE.mp4
stiffness, https://media.signbsl.com/videos/asl/youtube/mp4/Iqv8C8XZapA.mp4
stigma, https://media.signbsl.com/videos/asl/elementalaslconcepts/mp4/stigma.mp4
stigmata, https://media.signbsl.com/videos/asl/handsofgrace/mp4/Kgyb-9mVs88.mp4
stigmatise, https://media.signbsl.com/videos/asl/youtube/mp4/DcaFhFtgmdU.mp4
stigmatize, https://media.signbsl.com/videos/asl/youtube/mp4/DcaFhFtgmdU.mp4
stiletto, https://media.signbsl.com/videos/asl/youtube/mp4/0B2LALOZmTI.mp4
still, https://media.signbsl.com/videos/asl/aslsearch/mp4/however.mp4
stillbirth, https://media.signbsl.com/videos/asl/aslsearch/mp4/miscarriage.mp4
stillborn, https://media.signbsl.com/videos/asl/youtube/mp4/2A87Uvc4Tpk.mp4
stilted, https://media.signbsl.com/videos/asl/youtube/mp4/meiDs1Kbbl0.mp4
stimulant, https://media.signbsl.com/videos/asl/youtube/mp4/4EgN1_WA5C0.mp4
stimulate, https://media.signbsl.com/videos/asl/AustinCommunityCollege/mp4/elec_energize_.mp4
stimulation, https://media.signbsl.com/videos/asl/youtube/mp4/4EgN1_WA5C0.mp4
stimulus, https://media.signbsl.com/videos/asl/youtube/mp4/4EgN1_WA5C0.mp4
sting, https://media.signbsl.com/videos/asl/aslsignbank/mp4/FOOL-1491.mp4
stinger, https://media.signbsl.com/videos/asl/youtube/mp4/M4Rh-xx3GuI.mp4
stinging, https://media.signbsl.com/videos/asl/aslsearch/mp4/sting.mp4
stingy, https://media.signbsl.com/videos/asl/startasl/mp4/stingy.mp4
stink, https://media.signbsl.com/videos/asl/aslsearch/mp4/stink.mp4
stinker, https://media.signbsl.com/videos/asl/youtube/mp4/7LYI9dK_sEY.mp4
stinking, https://media.signbsl.com/videos/asl/aslsignbank/mp4/E(smelly)-1887.mp4
stinkpot, https://media.signbsl.com/videos/asl/youtube/mp4/7LYI9dK_sEY.mp4
stinky, https://media.signbsl.com/videos/asl/startasl/mp4/lousy.mp4
stint, https://media.signbsl.com/videos/asl/youtube/mp4/MEljI64EYuw.mp4
stinting, https://player.vimeo.com/external/392133739.sd.mp4?s=1e8e6705004a2f7dc852236a3e1db04856c90ed2&profile_id=164
stipend, https://media.signbsl.com/videos/asl/youtube/mp4/_ZTilaBjB0E.mp4
stipulate, https://media.signbsl.com/videos/asl/youtube/mp4/kfVC32q47GU.mp4
stipulation, https://media.signbsl.com/videos/asl/unoclimb/mp4/W1zED2uBUoY.mp4
stir, https://media.signbsl.com/videos/asl/aslsearch/mp4/stir.mp4
stirrer, https://media.signbsl.com/videos/asl/youtube/mp4/Ecl_0yjt6tY.mp4
stirring, https://media.signbsl.com/videos/asl/youtube/mp4/nrBoZI9OJdc.mp4
stir up, https://media.signbsl.com/videos/asl/youtube/mp4/rqMlNIkaqmA.mp4
stir up trouble, https://media.signbsl.com/videos/asl/youtube/mp4/uG8cE8sYyZI.mp4
stitch, https://media.signbsl.com/videos/asl/aslsignbank/mp4/SEW-1027.mp4
stitchery, https://media.signbsl.com/videos/asl/startasl/mp4/sewing.mp4
stitches, https://media.signbsl.com/videos/asl/youtube/mp4/Gx8iTDIEmZE.mp4
stock, https://media.signbsl.com/videos/asl/youtube/mp4/cjU8h0LcN4M.mp4
stockade, https://media.signbsl.com/videos/asl/youtube/mp4/Us4Cr6Ayu7Q.mp4
stock breeder, https://media.signbsl.com/videos/asl/youtube/mp4/aRMDjfRb3w4.mp4
stockbreeder, https://media.signbsl.com/videos/asl/youtube/mp4/aRMDjfRb3w4.mp4
stockbroker, https://media.signbsl.com/videos/asl/youtube/mp4/75Iv7K8SXZQ.mp4
stock exchange, https://media.signbsl.com/videos/asl/aslsearch/mp4/stock-market.mp4
stockholder, https://media.signbsl.com/videos/asl/youtube/mp4/kXXN2GVB9rQ.mp4
stocking, https://player.vimeo.com/external/392750075.sd.mp4?s=8dbf79fa1579e4786427c607d8b5956318d90415&profile_id=164
stockings, https://player.vimeo.com/external/392750075.sd.mp4?s=8dbf79fa1579e4786427c607d8b5956318d90415&profile_id=164
stock market, https://media.signbsl.com/videos/asl/aslsearch/mp4/stock-market.mp4
stockpot, https://media.signbsl.com/videos/asl/youtube/mp4/G6ActFj1Yrs.mp4
stock room, https://media.signbsl.com/videos/asl/youtube/mp4/qHEUxucttT4.mp4
stockroom, https://media.signbsl.com/videos/asl/youtube/mp4/qHEUxucttT4.mp4
stock shelves, https://media.signbsl.com/videos/asl/youtube/mp4/-984mWV4WIg.mp4
stocktaking, https://media.signbsl.com/videos/asl/youtube/mp4/r9zZfRypvCA.mp4
stockyard, https://media.signbsl.com/videos/asl/youtube/mp4/Xm1pIvrdqQc.mp4
stodge, https://media.signbsl.com/videos/asl/youtube/mp4/ObgQnf1rx4I.mp4
stodgily, https://media.signbsl.com/videos/asl/youtube/mp4/ejiwzeATru4.mp4
stodginess, https://media.signbsl.com/videos/asl/youtube/mp4/k_lHK_9ULSI.mp4
stodgy, https://media.signbsl.com/videos/asl/youtube/mp4/e-bCV33EYec.mp4
stoichiometry, https://media.signbsl.com/videos/asl/youtube/mp4/7V-u6bC0JIo.mp4
stoke, https://media.signbsl.com/videos/asl/youtube/mp4/Fp0D8qVC28c.mp4
stole, https://media.signbsl.com/videos/asl/youtube/mp4/0mnu8BkIr4Q.mp4
stolen, https://media.signbsl.com/videos/asl/youtube/mp4/jS_wPr96LqQ.mp4
stolid, https://media.signbsl.com/videos/asl/youtube/mp4/ZBXDs3tFeVA.mp4
stolon, https://media.signbsl.com/videos/asl/youtube/mp4/szBxn4y1KA8.mp4
stomach, https://media.signbsl.com/videos/asl/aslsignbank/mp4/STOMACH-1128.mp4
stomachache, https://media.signbsl.com/videos/asl/aslsearch/mp4/stomach-ache.mp4
stomach ache, https://media.signbsl.com/videos/asl/aslsearch/mp4/stomach-ache.mp4
stomach rumbling, https://media.signbsl.com/videos/asl/youtube/mp4/lbtmHEUx9dk.mp4
stomach surgery, https://media.signbsl.com/videos/asl/youtube/mp4/Wy9b_2NjhjY.mp4
stomach upset, https://media.signbsl.com/videos/asl/startasl/mp4/upset-stomach.mp4
stomata, https://media.signbsl.com/videos/asl/deaftec/mp4/1428.mp4
stomp, https://media.signbsl.com/videos/asl/aslsignbank/mp4/STAMP-1113.mp4
stomp out, https://media.signbsl.com/videos/asl/youtube/mp4/uYJVOpUTLLY.mp4
stone, https://media.signbsl.com/videos/asl/startasl/mp4/stone.mp4
stone broke, https://media.signbsl.com/videos/asl/startasl/mp4/broke.mp4
stone deaf, https://media.signbsl.com/videos/asl/youtube/mp4/UNNei2cpHVo.mp4
stonemason, https://media.signbsl.com/videos/asl/youtube/mp4/-LAlLQ4Mqe8.mp4
stones, https://media.signbsl.com/videos/asl/startasl/mp4/stone.mp4
stone wash, https://media.signbsl.com/videos/asl/youtube/mp4/8KWSQp4hRJs.mp4
stonewash, https://media.signbsl.com/videos/asl/youtube/mp4/8KWSQp4hRJs.mp4
stoney, https://media.signbsl.com/videos/asl/youtube/mp4/SJARAw0ZW1Q.mp4
stony, https://media.signbsl.com/videos/asl/aslsearch/mp4/rocky.mp4
stony broke, https://media.signbsl.com/videos/asl/startasl/mp4/broke.mp4
stooge, https://media.signbsl.com/videos/asl/youtube/mp4/GLJd8R6sPio.mp4
stool, https://media.signbsl.com/videos/asl/aslsignbank/mp4/POOP-916.mp4
stoolie, https://media.signbsl.com/videos/asl/youtube/mp4/yR-RWAQTPJU.mp4
stoolpigeon, https://media.signbsl.com/videos/asl/youtube/mp4/yR-RWAQTPJU.mp4
stoop, https://media.signbsl.com/videos/asl/youtube/mp4/eKhp9-6vLnU.mp4
stop, https://media.signbsl.com/videos/asl/signlanguagestudent/mp4/finish.mp4
stop!, NA
stop and frisk, https://media.signbsl.com/videos/asl/unoclimb/mp4/Ien1B02BVXI.mp4
stop dead, https://media.signbsl.com/videos/asl/youtube/mp4/hQWYy4mJU9k.mp4
stop doing that, https://media.signbsl.com/videos/asl/youtube/mp4/r97SVQY0v0Y.mp4
stop doing that thats enough, https://media.signbsl.com/videos/asl/youtube/mp4/bzsTUUWyG4c.mp4
stopgap, https://media.signbsl.com/videos/asl/youtube/mp4/aQmzF_ouHag.mp4
stoplight, https://media.signbsl.com/videos/asl/aslsearch/mp4/traffic-lights.mp4
stopover, https://media.signbsl.com/videos/asl/youtube/mp4/Y6WhC6fcW_Q.mp4
stopo watch, https://media.signbsl.com/videos/asl/aslsearch/mp4/stopwatch.mp4
stopping point, https://media.signbsl.com/videos/asl/elementalaslconcepts/mp4/conclusion.mp4
stops, https://media.signbsl.com/videos/asl/youtube/mp4/s99BIEoZqeI.mp4
stop sign, https://media.signbsl.com/videos/asl/aslsearch/mp4/stop-sign.mp4
stopwatch, https://media.signbsl.com/videos/asl/aslsearch/mp4/stopwatch.mp4
storage, https://media.signbsl.com/videos/asl/youtube/mp4/UH_M9XElLr4.mp4
storage area, https://media.signbsl.com/videos/asl/youtube/mp4/9PLCzF5T_bc.mp4
storage area network san, https://media.signbsl.com/videos/asl/deaftec/mp4/1063.mp4
storage locker, https://media.signbsl.com/videos/asl/aslsearch/mp4/locker.mp4
storage room, https://media.signbsl.com/videos/asl/youtube/mp4/8OnzJS_0clQ.mp4
storage tank, https://media.signbsl.com/videos/asl/AustinCommunityCollege/mp4/weld_tank_.mp4
store, https://media.signbsl.com/videos/asl/startasl/mp4/store.mp4
storefront, https://media.signbsl.com/videos/asl/youtube/mp4/ZSYQ0MfoWPc.mp4
storekeeper, https://media.signbsl.com/videos/asl/youtube/mp4/_j2LjFMqY6o.mp4
storeroom, https://media.signbsl.com/videos/asl/youtube/mp4/8OnzJS_0clQ.mp4
storey, https://media.signbsl.com/videos/asl/youtube/mp4/TtJgeB00seg.mp4
stories, https://media.signbsl.com/videos/asl/signlanguagestudent/mp4/story.mp4
storm, https://media.signbsl.com/videos/asl/aslsearch/mp4/storm.mp4
storm about, https://media.signbsl.com/videos/asl/youtube/mp4/KYNTrm7BOwg.mp4
stormier, https://media.signbsl.com/videos/asl/youtube/mp4/Tue6jCmEHws.mp4
storm weather, https://player.vimeo.com/external/392479083.sd.mp4?s=06625a7ac11b0d354abb461c389508c061cfc050&profile_id=164
story, https://media.signbsl.com/videos/asl/signlanguagestudent/mp4/story.mp4
storybook, https://media.signbsl.com/videos/asl/youtube/mp4/OGHj1Bz_610.mp4
story elements, https://media.signbsl.com/videos/asl/elementalaslconcepts/mp4/story_elements.mp4
story structure, https://media.signbsl.com/videos/asl/elementalaslconcepts/mp4/story_structure.mp4
storyteller, https://media.signbsl.com/videos/asl/aslsearch/mp4/narrator.mp4
storytelling, https://media.signbsl.com/videos/asl/aslsearch/mp4/storytelling.mp4
storytime, https://media.signbsl.com/videos/asl/aslsearch/mp4/storytime.mp4
stout, https://media.signbsl.com/videos/asl/aslsearch/mp4/stout.mp4
stouter, https://media.signbsl.com/videos/asl/youtube/mp4/IY-mPSgQ1d4.mp4
stoutness, https://media.signbsl.com/videos/asl/youtube/mp4/LalHh07WU-4.mp4
stove, https://media.signbsl.com/videos/asl/aslsearch/mp4/stove.mp4
stowage, https://media.signbsl.com/videos/asl/youtube/mp4/8OnzJS_0clQ.mp4
stow away, https://media.signbsl.com/videos/asl/youtube/mp4/_dY2XK3XoWI.mp4
stowaway, https://media.signbsl.com/videos/asl/youtube/mp4/_dY2XK3XoWI.mp4
St Patricks Day, https://media.signbsl.com/videos/asl/aslsignbank/mp4/PINCH-901.mp4
straddle, https://media.signbsl.com/videos/asl/youtube/mp4/MPbQvFca1nU.mp4
strafe, https://media.signbsl.com/videos/asl/youtube/mp4/sFIv9GY0GBk.mp4
straggle, https://player.vimeo.com/external/391976153.sd.mp4?s=b3440e37a09ce3fca97b4a47159052c23b814818&profile_id=164
straggler, https://media.signbsl.com/videos/asl/youtube/mp4/rN7XnWPCKYc.mp4
straight, https://media.signbsl.com/videos/asl/aslsearch/mp4/straight.mp4
Straight and Narrow Path, https://media.signbsl.com/videos/asl/ids/mp4/2013-11-4700-straight-and-narrow-path-1500k-ase.mp4
straight angle, https://media.signbsl.com/videos/asl/tsdvideo/mp4/581.mp4
straightaway, https://media.signbsl.com/videos/asl/signlanguagestudent/mp4/immediately%20(alternate%202).mp4
straighten, https://player.vimeo.com/external/395766219.sd.mp4?s=9009535209a24f8afa148e90d85536672ad379b5&profile_id=164
straightener, https://media.signbsl.com/videos/asl/youtube/mp4/vbw9PTDOzhg.mp4
straighten hair, https://media.signbsl.com/videos/asl/youtube/mp4/LXV6xEPU3Oo.mp4
straighten out, https://player.vimeo.com/external/395766219.sd.mp4?s=9009535209a24f8afa148e90d85536672ad379b5&profile_id=164
straightforward, https://media.signbsl.com/videos/asl/youtube/mp4/wsAlwvWvz0E.mp4
straight from the shoulder, https://media.signbsl.com/videos/asl/aslsignbank/mp4/STRAIGHT-821.mp4
straight hair, https://media.signbsl.com/videos/asl/aslsearch/mp4/straight-hair.mp4
straight laced, https://media.signbsl.com/videos/asl/youtube/mp4/26e42j1fb-Q.mp4
straightlaced, https://media.signbsl.com/videos/asl/youtube/mp4/26e42j1fb-Q.mp4
straight off, https://media.signbsl.com/videos/asl/signlanguagestudent/mp4/immediately%20(alternate%202).mp4
strain, https://media.signbsl.com/videos/asl/elementalaslconcepts/mp4/filter.mp4
strained, https://media.signbsl.com/videos/asl/youtube/mp4/QXCgpUSWQ8c.mp4
strainer, https://media.signbsl.com/videos/asl/aslsearch/mp4/strainer.mp4
strait, https://media.signbsl.com/videos/asl/youtube/mp4/n1x2AAn0G6U.mp4
strait laced, https://media.signbsl.com/videos/asl/youtube/mp4/26e42j1fb-Q.mp4
straitlaced, https://media.signbsl.com/videos/asl/youtube/mp4/26e42j1fb-Q.mp4
strake, https://media.signbsl.com/videos/asl/youtube/mp4/I200t1TLTG4.mp4
strand, https://player.vimeo.com/external/392287750.sd.mp4?s=481f16e26d6f8b3b9af771ec44f63f9a2cc646ae&profile_id=164
strange, https://media.signbsl.com/videos/asl/startasl/mp4/strange.mp4
stranger, https://media.signbsl.com/videos/asl/aslsearch/mp4/stranger.mp4
strangle, https://media.signbsl.com/videos/asl/aslsearch/mp4/strangle.mp4
strangler, https://player.vimeo.com/external/395747285.sd.mp4?s=26f767733765852dec8e7c5c2aadf0cc544e43d9&profile_id=164
strap, https://media.signbsl.com/videos/asl/aslsearch/mp4/whip.mp4
strapless, https://media.signbsl.com/videos/asl/youtube/mp4/s2hlVZbCB9A.mp4
strapping, https://player.vimeo.com/external/391198104.sd.mp4?s=bcd89c5841a6f2529578850622922e5385751f05&profile_id=164
stratagem, https://media.signbsl.com/videos/asl/youtube/mp4/6yD4cbsC6eA.mp4
strategian, https://media.signbsl.com/videos/asl/youtube/mp4/e5xxiYW5g-8.mp4
strategist, https://media.signbsl.com/videos/asl/youtube/mp4/e5xxiYW5g-8.mp4
strategy, https://media.signbsl.com/videos/asl/elementalaslconcepts/mp4/strategy.mp4
strati, https://media.signbsl.com/videos/asl/youtube/mp4/cOGpQclEqi0.mp4
stratified, https://media.signbsl.com/videos/asl/aslsignbank/mp4/GRADE-LETTER-3345.mp4
stratosphere, https://media.signbsl.com/videos/asl/youtube/mp4/8WirKJHs1fU.mp4
stratus, https://media.signbsl.com/videos/asl/elementalaslconcepts/mp4/stratus_cloud.mp4
stratus cloud, https://media.signbsl.com/videos/asl/elementalaslconcepts/mp4/stratus_cloud.mp4
straw, https://media.signbsl.com/videos/asl/aslsearch/mp4/straw.mp4
strawberry, https://media.signbsl.com/videos/asl/startasl/mp4/strawberry.mp4
strawberry guava, https://player.vimeo.com/external/392680042.sd.mp4?s=ecbc2766d2db3257d0c2798c9f9d9cdcaf11f89f&profile_id=164
straw hat, https://media.signbsl.com/videos/asl/aslsearch/mp4/straw-hat.mp4
straw man, https://media.signbsl.com/videos/asl/youtube/mp4/isgXpdfxocg.mp4
strawman, https://media.signbsl.com/videos/asl/youtube/mp4/isgXpdfxocg.mp4
stray, https://media.signbsl.com/videos/asl/youtube/mp4/HJig-HoF_4Y.mp4
strayer, https://media.signbsl.com/videos/asl/youtube/mp4/rN7XnWPCKYc.mp4
streak, https://media.signbsl.com/videos/asl/youtube/mp4/5rG11C4MNlA.mp4
streaker, https://media.signbsl.com/videos/asl/youtube/mp4/sXtfZaivIfE.mp4
streak test, https://media.signbsl.com/videos/asl/elementalaslconcepts/mp4/streak_test.mp4
stream, https://media.signbsl.com/videos/asl/aslsignbank/mp4/FLOW-704.mp4
streamer, https://media.signbsl.com/videos/asl/aslsignbank/mp4/DS-1935.mp4
streamers, https://media.signbsl.com/videos/asl/aslsignbank/mp4/DS-1935.mp4
streaming, https://media.signbsl.com/videos/asl/mariekatzenbachschool/mp4/streaming.mp4
streamline, https://media.signbsl.com/videos/asl/youtube/mp4/0EtNtESbmm4.mp4
street, https://media.signbsl.com/videos/asl/startasl/mp4/street.mp4
street arab, https://media.signbsl.com/videos/asl/youtube/mp4/dImgOCnixOQ.mp4
streetcar, https://player.vimeo.com/external/392528981.sd.mp4?s=1819b37b95f899ea0f8f835ed544ccfe2d79e82e&profile_id=164
street cred, https://media.signbsl.com/videos/asl/youtube/mp4/6SQfCS1YTks.mp4
street credibility, https://media.signbsl.com/videos/asl/youtube/mp4/6SQfCS1YTks.mp4
street girl, https://media.signbsl.com/videos/asl/youtube/mp4/83kYPaUmQaE.mp4
street lamp, https://media.signbsl.com/videos/asl/youtube/mp4/e04j7BvXp-U.mp4
streetlamp, https://media.signbsl.com/videos/asl/youtube/mp4/e04j7BvXp-U.mp4
streetlight, https://media.signbsl.com/videos/asl/youtube/mp4/e04j7BvXp-U.mp4
street person, https://media.signbsl.com/videos/asl/youtube/mp4/8-xKFgm4f94.mp4
street smart, https://media.signbsl.com/videos/asl/youtube/mp4/binMzyEwQuo.mp4
streetwalker, https://media.signbsl.com/videos/asl/youtube/mp4/83kYPaUmQaE.mp4
streetwise, https://media.signbsl.com/videos/asl/youtube/mp4/binMzyEwQuo.mp4
strength, https://media.signbsl.com/videos/asl/aslsignbank/mp4/DOMINANT-1269.mp4
strengthen, https://media.signbsl.com/videos/asl/youtube/mp4/BX6rtOpUFDs.mp4
strenuosity, https://media.signbsl.com/videos/asl/youtube/mp4/HBxvPXrBOq8.mp4
strenuous, https://media.signbsl.com/videos/asl/youtube/mp4/QMQOLE32cr0.mp4
stress, https://media.signbsl.com/videos/asl/aslsearch/mp4/stress.mp4
stretch, https://player.vimeo.com/external/392481453.sd.mp4?s=73e63fa38bd5184728b61f57bfadb920517f98b6&profile_id=164
stretcher, https://media.signbsl.com/videos/asl/youtube/mp4/PT6qh4PdmMw.mp4
stretch out, https://media.signbsl.com/videos/asl/aslsearch/mp4/stretch.mp4
stretch out your tail, https://media.signbsl.com/videos/asl/youtube/mp4/ghh9Gjd-Ezw.mp4
strew, https://media.signbsl.com/videos/asl/youtube/mp4/DfQ5iBOvjo0.mp4
striated, https://media.signbsl.com/videos/asl/youtube/mp4/IOV4qYC9tVE.mp4
stricken, https://media.signbsl.com/videos/asl/youtube/mp4/CPsyrw9n5jY.mp4
stricken down, https://media.signbsl.com/videos/asl/youtube/mp4/WCcuzWoTtoE.mp4
stricken out, https://media.signbsl.com/videos/asl/youtube/mp4/p7_pwMSmE70.mp4
stricken up, https://media.signbsl.com/videos/asl/youtube/mp4/HKpWQR3hk7c.mp4
strict, https://media.signbsl.com/videos/asl/startasl/mp4/strict.mp4
stridden, https://media.signbsl.com/videos/asl/youtube/mp4/vMqen41TqXc.mp4
stride, https://media.signbsl.com/videos/asl/youtube/mp4/pfJ48AeRTUE.mp4
strident, https://media.signbsl.com/videos/asl/youtube/mp4/vZWT49hQqAQ.mp4
strife, https://media.signbsl.com/videos/asl/youtube/mp4/2d7MXt3ATmA.mp4
strike, https://media.signbsl.com/videos/asl/aslsearch/mp4/impress.mp4
strike a chord, https://media.signbsl.com/videos/asl/youtube/mp4/XUHJeL5p4cs.mp4
strike a note, https://media.signbsl.com/videos/asl/youtube/mp4/XUHJeL5p4cs.mp4
strikebound, https://media.signbsl.com/videos/asl/youtube/mp4/bEhRjp12FXI.mp4
strikebreaker, https://media.signbsl.com/videos/asl/youtube/mp4/ZEoGhzM5CoU.mp4
strike down, https://media.signbsl.com/videos/asl/youtube/mp4/Jn9DjHuozqw.mp4
strike hard, https://media.signbsl.com/videos/asl/aslsignbank/mp4/KNOCK-OFF-1695.mp4
strike home, https://media.signbsl.com/videos/asl/youtube/mp4/XUHJeL5p4cs.mp4
strike off, https://player.vimeo.com/external/391913863.sd.mp4?s=6ba2b224855b7d584d9a94725901fb30c1b64187&profile_id=164
strike out, https://player.vimeo.com/external/391913863.sd.mp4?s=6ba2b224855b7d584d9a94725901fb30c1b64187&profile_id=164
strikeout, https://player.vimeo.com/external/391913863.sd.mp4?s=6ba2b224855b7d584d9a94725901fb30c1b64187&profile_id=164
striker, https://media.signbsl.com/videos/asl/AustinCommunityCollege/mp4/weld_striker_.mp4
strike slip fault, https://media.signbsl.com/videos/asl/youtube/mp4/yJGVq81qc6w.mp4
striking, https://media.signbsl.com/videos/asl/youtube/mp4/hfBI5gA3qJ4.mp4
strikingness, https://media.signbsl.com/videos/asl/youtube/mp4/06wZlwST5mE.mp4
string, https://media.signbsl.com/videos/asl/aslsearch/mp4/string.mp4
stringer, https://media.signbsl.com/videos/asl/youtube/mp4/OPYdADkqQYQ.mp4
stringier, https://media.signbsl.com/videos/asl/youtube/mp4/rMzSjJR1a-c.mp4
stringiness, https://media.signbsl.com/videos/asl/youtube/mp4/20A9uHZLg-Y.mp4
strings along, https://media.signbsl.com/videos/asl/youtube/mp4/RT_BnKzFYpE.mp4
string up, https://media.signbsl.com/videos/asl/youtube/mp4/7AyjoHobmDU.mp4
strip, https://media.signbsl.com/videos/asl/aslsearch/mp4/strip.mp4
strip cropping, https://media.signbsl.com/videos/asl/youtube/mp4/FkpXsXa-YpI.mp4
strip down, https://media.signbsl.com/videos/asl/aslsearch/mp4/undress.mp4
stripe, https://media.signbsl.com/videos/asl/aslsearch/mp4/stripe.mp4
striped cloths, https://player.vimeo.com/external/392754772.sd.mp4?s=9800fedaa46fad7140ed98c9a57259ce24e8a94b&profile_id=164
stripes, https://media.signbsl.com/videos/asl/youtube/mp4/_LJ5TJ7-WFE.mp4
stripling, https://media.signbsl.com/videos/asl/aslsignbank/mp4/TEENAGER-1185.mp4
strip off, https://media.signbsl.com/videos/asl/youtube/mp4/RqTtTocZ0GI.mp4
strip paint, https://media.signbsl.com/videos/asl/youtube/mp4/77t-5V6E-ng.mp4
stripper, https://media.signbsl.com/videos/asl/youtube/mp4/oG_iGQByZc8.mp4
stripperstringer beads, https://media.signbsl.com/videos/asl/AustinCommunityCollege/mp4/weld_stripper_.mp4
stripper well, https://media.signbsl.com/videos/asl/youtube/mp4/oG_iGQByZc8.mp4
stripping, https://media.signbsl.com/videos/asl/youtube/mp4/LKk10vhfovo.mp4
strive, https://media.signbsl.com/videos/asl/youtube/mp4/KQugNrR6AFc.mp4
stroke, https://media.signbsl.com/videos/asl/aslsearch/mp4/stroke.mp4
stroke medical, https://player.vimeo.com/external/392481894.sd.mp4?s=4d4fbb115ca94e5dd6ba972275616ff701bedbab&profile_id=164
stroke, https://media.signbsl.com/videos/asl/aslsearch/mp4/stroke.mp4
stroke medical, https://player.vimeo.com/external/392481894.sd.mp4?s=4d4fbb115ca94e5dd6ba972275616ff701bedbab&profile_id=164
stroll, https://media.signbsl.com/videos/asl/aslsignbank/mp4/WALK-1407.mp4
stroller, https://media.signbsl.com/videos/asl/aslsearch/mp4/stroller.mp4
strong, https://media.signbsl.com/videos/asl/startasl/mp4/strong.mp4
strong arm, https://media.signbsl.com/videos/asl/youtube/mp4/lH-pq5r7XSU.mp4
strong armer, https://player.vimeo.com/external/392516980.sd.mp4?s=e16f44357a59a3b624930c0ee3d8c9280408aa5c&profile_id=164
strong belief, https://media.signbsl.com/videos/asl/valleybible/mp4/conviction.mp4
strong deaf, https://media.signbsl.com/videos/asl/youtube/mp4/MyBzOWbyZN0.mp4
strong drink, https://media.signbsl.com/videos/asl/aslsearch/mp4/liquor.mp4
strong feelings, https://media.signbsl.com/videos/asl/youtube/mp4/a40GUHJ9UNA.mp4
stronghold, https://media.signbsl.com/videos/asl/youtube/mp4/Kxm08bY_i8k.mp4
strongman, https://media.signbsl.com/videos/asl/youtube/mp4/7xBKA_nTg8I.mp4
strong point, https://media.signbsl.com/videos/asl/youtube/mp4/kD-DAmqymYI.mp4
strongroom, https://media.signbsl.com/videos/asl/youtube/mp4/yQf2bCtkD-4.mp4
strong suit, https://media.signbsl.com/videos/asl/youtube/mp4/kD-DAmqymYI.mp4
strong wind, https://player.vimeo.com/external/392754812.sd.mp4?s=5f67bc29e29ea776a755ff926170cad9627a1939&profile_id=164
structural, https://media.signbsl.com/videos/asl/youtube/mp4/AMfDip-yn9Y.mp4
structure, https://media.signbsl.com/videos/asl/aslsignbank/mp4/RENOVATE-2352.mp4
struggle, https://media.signbsl.com/videos/asl/aslsignbank/mp4/STRUGGLE-1135.mp4
strum, https://media.signbsl.com/videos/asl/youtube/mp4/nrBHEUEWYOo.mp4
strumpet, https://media.signbsl.com/videos/asl/youtube/mp4/ie2iSOIwHUI.mp4
strung out, https://media.signbsl.com/videos/asl/youtube/mp4/pI1K3xT8Pfg.mp4
strut, https://media.signbsl.com/videos/asl/youtube/mp4/R7CY5tGfXbQ.mp4
Struthio camelus, https://media.signbsl.com/videos/asl/aslsearch/mp4/ostrich.mp4
stub, https://media.signbsl.com/videos/asl/youtube/mp4/4ypRXCW407k.mp4
stubble, https://media.signbsl.com/videos/asl/youtube/mp4/s3g1cdLxuzw.mp4
stubborn, https://media.signbsl.com/videos/asl/startasl/mp4/stubborn.mp4
stubby, https://media.signbsl.com/videos/asl/youtube/mp4/qeCclCqRVy0.mp4
stuck, https://media.signbsl.com/videos/asl/aslsearch/mp4/stuck.mp4
stuck his pole, https://media.signbsl.com/videos/asl/youtube/mp4/huIrPk2QDbg.mp4
stuck up, https://media.signbsl.com/videos/asl/youtube/mp4/r5B9BYxItD0.mp4
stud, https://media.signbsl.com/videos/asl/youtube/mp4/4BrzyVZZXr0.mp4
student, https://media.signbsl.com/videos/asl/startasl/mp4/student.mp4
student residence, https://media.signbsl.com/videos/asl/startasl/mp4/dorm.mp4
studied, https://media.signbsl.com/videos/asl/youtube/mp4/YrOmZ5fdkWg.mp4
studio, https://media.signbsl.com/videos/asl/youtube/mp4/IxESATSm424.mp4
studious, https://player.vimeo.com/external/391208734.sd.mp4?s=e0b45d4a4783da3b121c342706636e371f03cddc&profile_id=164
stud mare, https://media.signbsl.com/videos/asl/youtube/mp4/OfwYlQQUpbE.mp4
study, https://media.signbsl.com/videos/asl/startasl/mp4/examine.mp4
stuff, https://media.signbsl.com/videos/asl/aslsearch/mp4/stuff.mp4
stuffed, https://media.signbsl.com/videos/asl/youtube/mp4/YnblLeehAbI.mp4
stuffer, https://media.signbsl.com/videos/asl/youtube/mp4/yt1L9vMJNM8.mp4
stuffier, https://media.signbsl.com/videos/asl/youtube/mp4/y30dwL_F-1c.mp4
stuffily, https://media.signbsl.com/videos/asl/youtube/mp4/ejiwzeATru4.mp4
stuffiness, https://media.signbsl.com/videos/asl/youtube/mp4/k_lHK_9ULSI.mp4
stuffing, https://media.signbsl.com/videos/asl/youtube/mp4/SK5u-CbDNP4.mp4
stuffy, https://media.signbsl.com/videos/asl/youtube/mp4/SSISvXLegvA.mp4
stultification, https://media.signbsl.com/videos/asl/youtube/mp4/rGA07f-t7S8.mp4
stultify, https://media.signbsl.com/videos/asl/youtube/mp4/0Gcnhp4YWUw.mp4
stumble, https://media.signbsl.com/videos/asl/valleybible/mp4/stumble.mp4
stumblebum, https://media.signbsl.com/videos/asl/youtube/mp4/Zavh6n7aUNk.mp4
stumbler, https://media.signbsl.com/videos/asl/youtube/mp4/kgTgJVKbq-Y.mp4
stump, https://media.signbsl.com/videos/asl/youtube/mp4/I8u-XbOb5xY.mp4
stun, https://media.signbsl.com/videos/asl/youtube/mp4/PmRgorZyWes.mp4
stunned, https://media.signbsl.com/videos/asl/youtube/mp4/NcLZ8EvrrJQ.mp4
stunner, https://media.signbsl.com/videos/asl/startasl/mp4/sweetheart.mp4
stunng, https://media.signbsl.com/videos/asl/youtube/mp4/d0MAlz7UTYM.mp4
stunt, https://media.signbsl.com/videos/asl/youtube/mp4/lS7rVHIiPY0.mp4
stunted, https://media.signbsl.com/videos/asl/youtube/mp4/3DhqLaD_cGo.mp4
stunt flier, https://media.signbsl.com/videos/asl/youtube/mp4/F2n-qhpFMn8.mp4
stunt man, https://media.signbsl.com/videos/asl/aslsearch/mp4/double.mp4
stuntman, https://media.signbsl.com/videos/asl/aslsearch/mp4/double.mp4
stunt pilot, https://media.signbsl.com/videos/asl/youtube/mp4/F2n-qhpFMn8.mp4
stunt woman, https://media.signbsl.com/videos/asl/aslsearch/mp4/double.mp4
stupefied, https://player.vimeo.com/external/392517281.sd.mp4?s=2cbaf82c07e2a11f5e2a44e0f6654f00457dc8bf&profile_id=164
stupefy, https://media.signbsl.com/videos/asl/youtube/mp4/iVO0hZ-tugw.mp4
stupid, https://media.signbsl.com/videos/asl/aslsearch/mp4/stupid.mp4
stupid person, https://media.signbsl.com/videos/asl/youtube/mp4/8XhgGnhsOFw.mp4
stupor, https://media.signbsl.com/videos/asl/aslsignbank/mp4/SHOCK-1038.mp4
sturdily, https://media.signbsl.com/videos/asl/youtube/mp4/HJdq5WR9uCw.mp4
sturdy, https://player.vimeo.com/external/392166312.sd.mp4?s=d7e372b7b4e575de9f8d6dc39429ee02ba678bd2&profile_id=164
Sturm und Drang, https://media.signbsl.com/videos/asl/youtube/mp4/cvA3vbhGHTY.mp4
stutter, https://media.signbsl.com/videos/asl/youtube/mp4/dIoDeUox1vs.mp4
stutterer, https://media.signbsl.com/videos/asl/youtube/mp4/zeBrdbaKilw.mp4
St Valentines Day, https://media.signbsl.com/videos/asl/startasl/mp4/valentines-day.mp4
sty, https://media.signbsl.com/videos/asl/youtube/mp4/EhxkyQaGd98.mp4
style, https://media.signbsl.com/videos/asl/elementalaslconcepts/mp4/style.mp4
stylemark, https://media.signbsl.com/videos/asl/youtube/mp4/ZdikiUJtXtM.mp4
styler, https://player.vimeo.com/external/392680252.sd.mp4?s=a9acac8946ed70994d9641c735b53c620ab59b2f&profile_id=164
stylise, https://media.signbsl.com/videos/asl/youtube/mp4/S_YR2bUtnmA.mp4
stylish, https://player.vimeo.com/external/392124801.sd.mp4?s=bca2f674fdf3c6fcbdb99983463915bb2a2aa3ee&profile_id=164
stylist, https://player.vimeo.com/external/392680252.sd.mp4?s=a9acac8946ed70994d9641c735b53c620ab59b2f&profile_id=164
stylistic, https://media.signbsl.com/videos/asl/youtube/mp4/UONREC6R3Z8.mp4
stylize, https://media.signbsl.com/videos/asl/youtube/mp4/S_YR2bUtnmA.mp4
stylostixis, https://media.signbsl.com/videos/asl/youtube/mp4/M0vbddMmlrs.mp4
stymie, https://media.signbsl.com/videos/asl/aslsignbank/mp4/EMBARRASS-2756.mp4
stymy, https://media.signbsl.com/videos/asl/aslsignbank/mp4/EMBARRASS-2756.mp4
stypsis, https://media.signbsl.com/videos/asl/youtube/mp4/yGajVpaL5Lk.mp4
suasible, https://media.signbsl.com/videos/asl/youtube/mp4/dyryci5Nc0M.mp4
sub, https://media.signbsl.com/videos/asl/aslsearch/mp4/submarine.mp4
subaquatic, https://media.signbsl.com/videos/asl/youtube/mp4/yqe6IrWpuro.mp4
subatomic, https://media.signbsl.com/videos/asl/youtube/mp4/T5oA57h2UY8.mp4
subbasement, https://media.signbsl.com/videos/asl/youtube/mp4/vUxr35sE9zM.mp4
subcategories, https://media.signbsl.com/videos/asl/youtube/mp4/jcSfNNX4KFg.mp4
subcommittee, https://media.signbsl.com/videos/asl/youtube/mp4/KCkkTdQ0NeQ.mp4
subconscious, https://media.signbsl.com/videos/asl/youtube/mp4/UX1CeKAQ2jM.mp4
subcontinent, https://media.signbsl.com/videos/asl/youtube/mp4/9qF8gpCpOeU.mp4
subcontract, https://media.signbsl.com/videos/asl/youtube/mp4/TX91TD2Fo1s.mp4
subcontractor, https://media.signbsl.com/videos/asl/youtube/mp4/FkcAzEJQ3ig.mp4
subculture, https://media.signbsl.com/videos/asl/youtube/mp4/8hFLa-tchXc.mp4
subcutaneous, https://media.signbsl.com/videos/asl/youtube/mp4/IgpiaTzmt5Y.mp4
subdivide, https://media.signbsl.com/videos/asl/youtube/mp4/InA7gQ6Y590.mp4
subdivision, https://media.signbsl.com/videos/asl/ids/mp4/2013-11-680-branch-8000k-ase.mp4
subduction, https://media.signbsl.com/videos/asl/youtube/mp4/sIPHE89qbME.mp4
subdue, https://media.signbsl.com/videos/asl/aslsearch/mp4/conquer.mp4
Subdue Overcome Conquer, https://media.signbsl.com/videos/asl/ids/mp4/2013-11-4710-subdue-overcome-conquer-1500k-ase.mp4
subfreezing, https://media.signbsl.com/videos/asl/youtube/mp4/miPE7bon-og.mp4
subgroup, https://media.signbsl.com/videos/asl/youtube/mp4/K5wDNmlvxOw.mp4
subhead, https://media.signbsl.com/videos/asl/elementalaslconcepts/mp4/subheading.mp4
subheading, https://media.signbsl.com/videos/asl/elementalaslconcepts/mp4/subheading.mp4
subhuman, https://media.signbsl.com/videos/asl/youtube/mp4/LOpohiUAjug.mp4
subject, https://media.signbsl.com/videos/asl/signlanguagestudent/mp4/subject.mp4
subject area, https://media.signbsl.com/videos/asl/youtube/mp4/jykCnQVws8A.mp4
subject field, https://media.signbsl.com/videos/asl/youtube/mp4/jykCnQVws8A.mp4
subjection, https://media.signbsl.com/videos/asl/youtube/mp4/3hO_1--eZqY.mp4
subjugate, https://media.signbsl.com/videos/asl/youtube/mp4/osSQH-adP-c.mp4
subjugation, https://media.signbsl.com/videos/asl/startasl/mp4/oppression.mp4
sublease, https://media.signbsl.com/videos/asl/youtube/mp4/0ACj22YuAW8.mp4
sublet, https://media.signbsl.com/videos/asl/youtube/mp4/0ACj22YuAW8.mp4
sublimate, https://media.signbsl.com/videos/asl/youtube/mp4/sSeEgfcN2E0.mp4
sublimation, https://media.signbsl.com/videos/asl/deaftec/mp4/1429.mp4
sublime, https://media.signbsl.com/videos/asl/youtube/mp4/e8T3j2swnGs.mp4
subliminal, https://media.signbsl.com/videos/asl/youtube/mp4/Fv4t53ifbtw.mp4
submarine, https://media.signbsl.com/videos/asl/aslsearch/mp4/submarine.mp4
submariner, https://media.signbsl.com/videos/asl/youtube/mp4/EZa9QlIHHAU.mp4
submerge, https://media.signbsl.com/videos/asl/aslsignbank/mp4/DROWN-2749.mp4
submerged, https://media.signbsl.com/videos/asl/aslsearch/mp4/underwater.mp4
submergence, https://media.signbsl.com/videos/asl/ids/mp4/2013-11-2370-immersion-1500k-ase.mp4
submerging, https://media.signbsl.com/videos/asl/ids/mp4/2013-11-2370-immersion-1500k-ase.mp4
submersed, https://media.signbsl.com/videos/asl/aslsearch/mp4/underwater.mp4
submersible, https://media.signbsl.com/videos/asl/youtube/mp4/8HzGTp6o4Qc.mp4
submersible warship, https://media.signbsl.com/videos/asl/youtube/mp4/8HzGTp6o4Qc.mp4
submersion, https://media.signbsl.com/videos/asl/ids/mp4/2013-11-2370-immersion-1500k-ase.mp4
submicroscopic, https://media.signbsl.com/videos/asl/youtube/mp4/VmPeNKxRGug.mp4
submission, https://media.signbsl.com/videos/asl/ids/mp4/2013-11-4720-submission-submissiveness-1500k-ase.mp4
submit, https://media.signbsl.com/videos/asl/aslsearch/mp4/submit.mp4
subnet, https://media.signbsl.com/videos/asl/deaftec/mp4/1064.mp4
subnet mask, https://media.signbsl.com/videos/asl/deaftec/mp4/1065.mp4
subnormal, https://media.signbsl.com/videos/asl/youtube/mp4/2A4r--WaBWA.mp4
subocular, https://media.signbsl.com/videos/asl/youtube/mp4/axO4vefv2_A.mp4
suborbital, https://media.signbsl.com/videos/asl/youtube/mp4/axO4vefv2_A.mp4
subordinate, https://media.signbsl.com/videos/asl/youtube/mp4/cVOvjZlliqk.mp4
subordinate clause, https://media.signbsl.com/videos/asl/elementalaslconcepts/mp4/dependent_clause.mp4
suborner, https://media.signbsl.com/videos/asl/youtube/mp4/rGHUnzCdFDI.mp4
subpena, https://media.signbsl.com/videos/asl/youtube/mp4/qAhyJTQfPIY.mp4
subplot, https://media.signbsl.com/videos/asl/youtube/mp4/7y7JH68QADI.mp4
subpoena, https://media.signbsl.com/videos/asl/unoclimb/mp4/5SSgQi9Kt4Y.mp4
subprogram, https://media.signbsl.com/videos/asl/youtube/mp4/qt25mw6npck.mp4
subroutine, https://media.signbsl.com/videos/asl/youtube/mp4/qt25mw6npck.mp4
subscribe, https://media.signbsl.com/videos/asl/aslsearch/mp4/subscribe.mp4
subscriber, https://media.signbsl.com/videos/asl/aslsearch/mp4/subscriber.mp4
subscript, https://player.vimeo.com/external/392208898.sd.mp4?s=e1be63519fbee5509bffcf7e6bd2208d01a55a78&profile_id=164
subscription, https://media.signbsl.com/videos/asl/youtube/mp4/jBGqZnfMnOA.mp4
subsequence, https://media.signbsl.com/videos/asl/youtube/mp4/1VQRhq2o7MQ.mp4
subsequently, https://media.signbsl.com/videos/asl/startasl/mp4/after.mp4
subsequentness, https://media.signbsl.com/videos/asl/youtube/mp4/1VQRhq2o7MQ.mp4
subservience, https://media.signbsl.com/videos/asl/youtube/mp4/-E1yX7oxLLM.mp4
subset, https://media.signbsl.com/videos/asl/deaftec-math/mp4/82D-1.mp4
subsidence, https://media.signbsl.com/videos/asl/youtube/mp4/7SDRivTLFZM.mp4
subsidiaries, https://media.signbsl.com/videos/asl/youtube/mp4/cVOvjZlliqk.mp4
subsidiary, https://media.signbsl.com/videos/asl/youtube/mp4/cVOvjZlliqk.mp4
subsidies, https://media.signbsl.com/videos/asl/youtube/mp4/iFucy2r2Na4.mp4
subsidiser, https://media.signbsl.com/videos/asl/youtube/mp4/5UzyiF7caqo.mp4
subsidizer, https://media.signbsl.com/videos/asl/youtube/mp4/5UzyiF7caqo.mp4
subsidy, https://media.signbsl.com/videos/asl/youtube/mp4/iFucy2r2Na4.mp4
subsist, https://media.signbsl.com/videos/asl/aslsearch/mp4/exist.mp4
subsistence, https://media.signbsl.com/videos/asl/youtube/mp4/J1ipvVkB6W0.mp4
subsister, https://media.signbsl.com/videos/asl/youtube/mp4/bXLMmp5IFJE.mp4
subsoil, https://media.signbsl.com/videos/asl/youtube/mp4/RHWBnOqs7qM.mp4
subsonic, https://media.signbsl.com/videos/asl/youtube/mp4/VBp028Pq8Ys.mp4
subspecies, https://media.signbsl.com/videos/asl/youtube/mp4/IAkKFsuoGiw.mp4
substance, https://media.signbsl.com/videos/asl/aslsearch/mp4/substance.mp4
substance abuse, https://player.vimeo.com/external/391989611.sd.mp4?s=b65199a28c74f6710eecf08911126519e9edd9cb&profile_id=164
substandardmediocre, https://media.signbsl.com/videos/asl/youtube/mp4/ayu3rrzM9kc.mp4
substantia grisea, https://player.vimeo.com/external/392864595.sd.mp4?s=c9447fc8a833bef6a2551cf8c4e50931026ca0c9&profile_id=164
substantial, https://media.signbsl.com/videos/asl/youtube/mp4/tRvXuUk9tGc.mp4
substantiate, https://media.signbsl.com/videos/asl/startasl/mp4/support.mp4
substantiation, https://media.signbsl.com/videos/asl/aslsignbank/mp4/PROOF-753.mp4
substation, https://media.signbsl.com/videos/asl/youtube/mp4/ThvPBXBDiAY.mp4
substitute, https://media.signbsl.com/videos/asl/aslsearch/mp4/backup.mp4
substitute method, https://media.signbsl.com/videos/asl/deaftec-math/mp4/84D-1.mp4
substitution, https://media.signbsl.com/videos/asl/tsdvideo/mp4/568.mp4
substrata, https://media.signbsl.com/videos/asl/youtube/mp4/--xffyzFxck.mp4
substrate, https://media.signbsl.com/videos/asl/deaftec/mp4/1430.mp4
substructure, https://player.vimeo.com/external/391209253.sd.mp4?s=304d3c22d3fafa8105ca1df667d187b78ecd95a4&profile_id=164
subsume, https://media.signbsl.com/videos/asl/youtube/mp4/CAQyTZb7Rec.mp4
subsurface, https://media.signbsl.com/videos/asl/youtube/mp4/xx2NuP8tV9k.mp4
subsystem, https://media.signbsl.com/videos/asl/youtube/mp4/CexjzsdPI8k.mp4
subtenant, https://media.signbsl.com/videos/asl/youtube/mp4/oasbcU9acfo.mp4
subtend, https://media.signbsl.com/videos/asl/youtube/mp4/TZYIIrylXFQ.mp4
subterfuge, https://media.signbsl.com/videos/asl/youtube/mp4/pEASm6_qPqA.mp4
subterranean, https://media.signbsl.com/videos/asl/youtube/mp4/IpbuMSrTINM.mp4
subterraneous, https://media.signbsl.com/videos/asl/youtube/mp4/IpbuMSrTINM.mp4
subtext, https://media.signbsl.com/videos/asl/youtube/mp4/SsfuHAhw-8s.mp4
subtilize, https://media.signbsl.com/videos/asl/youtube/mp4/sSeEgfcN2E0.mp4
subtitle, https://media.signbsl.com/videos/asl/aslsignbank/mp4/CAPTION-1022.mp4
subtle, https://media.signbsl.com/videos/asl/youtube/mp4/WpaFc5STKHQ.mp4
subtler, https://media.signbsl.com/videos/asl/youtube/mp4/ZAVqSfVB4EU.mp4
subtlety, https://media.signbsl.com/videos/asl/youtube/mp4/GEQQn3La2tg.mp4
subtopic, https://media.signbsl.com/videos/asl/youtube/mp4/pX0V43UVlkI.mp4
subtotal, https://media.signbsl.com/videos/asl/youtube/mp4/leA-24SJfJI.mp4
subtract, https://media.signbsl.com/videos/asl/startasl/mp4/subtract.mp4
subtraction, https://media.signbsl.com/videos/asl/tsdvideo/mp4/417b.mp4
subtropic, https://media.signbsl.com/videos/asl/youtube/mp4/INjXpSKVjTs.mp4
subtropical, https://media.signbsl.com/videos/asl/youtube/mp4/INjXpSKVjTs.mp4
suburb, https://media.signbsl.com/videos/asl/youtube/mp4/UszscRkbwI8.mp4
suburban area, https://media.signbsl.com/videos/asl/youtube/mp4/UszscRkbwI8.mp4
suburbanite, https://media.signbsl.com/videos/asl/youtube/mp4/4x8GdpT6pWQ.mp4
suburbia, https://media.signbsl.com/videos/asl/youtube/mp4/UszscRkbwI8.mp4
subvent, https://media.signbsl.com/videos/asl/youtube/mp4/RXFszFvx6aY.mp4
subvention, https://media.signbsl.com/videos/asl/youtube/mp4/RXFszFvx6aY.mp4
subversion, https://media.signbsl.com/videos/asl/youtube/mp4/sWnYKhvK-yE.mp4
subversive, https://media.signbsl.com/videos/asl/youtube/mp4/_lHQ0HYVQpM.mp4
subversive activity, https://media.signbsl.com/videos/asl/youtube/mp4/sWnYKhvK-yE.mp4
subvert, https://player.vimeo.com/external/392547305.sd.mp4?s=b866c1dd268e78484238eeb0c44c4b7ac754eb60&profile_id=164
subverter, https://media.signbsl.com/videos/asl/youtube/mp4/_lHQ0HYVQpM.mp4
subway, https://media.signbsl.com/videos/asl/aslsearch/mp4/subway.mp4
subzero, https://media.signbsl.com/videos/asl/youtube/mp4/Z-zAppVRNVA.mp4
succeeder, https://media.signbsl.com/videos/asl/aslsearch/mp4/winner.mp4
succeeding, NA
success, https://media.signbsl.com/videos/asl/aslsearch/mp4/accomplish.mp4
successive, https://media.signbsl.com/videos/asl/youtube/mp4/9VceugS3Hxs.mp4
successively, https://media.signbsl.com/videos/asl/youtube/mp4/sXARXbXExtg.mp4
successor, https://media.signbsl.com/videos/asl/youtube/mp4/s5q2OeP8b3A.mp4
succor, https://media.signbsl.com/videos/asl/youtube/mp4/oze0yUYZjGs.mp4
succour, https://media.signbsl.com/videos/asl/youtube/mp4/oze0yUYZjGs.mp4
succulence, https://media.signbsl.com/videos/asl/youtube/mp4/_MRA1OFpjZc.mp4
succulent, https://media.signbsl.com/videos/asl/youtube/mp4/nD9iRyiztx4.mp4
succumb, https://media.signbsl.com/videos/asl/youtube/mp4/6zf_pbcUsc0.mp4
such, https://media.signbsl.com/videos/asl/youtube/mp4/TffzmZlm-68.mp4
suck, https://media.signbsl.com/videos/asl/signlanguagestudent/mp4/take-up.mp4
sucker, https://media.signbsl.com/videos/asl/youtube/mp4/sq_WJH8Guds.mp4
suck in, https://media.signbsl.com/videos/asl/youtube/mp4/r3Xvd1_zKSQ.mp4
suckle, https://player.vimeo.com/external/391214094.sd.mp4?s=88b06697a68fbf0e5aeb9c29f2c2ce1477b7d6a5&profile_id=164
suck up, https://media.signbsl.com/videos/asl/signlanguagestudent/mp4/take-up.mp4
sucrose, https://media.signbsl.com/videos/asl/youtube/mp4/HguVx5jMTzc.mp4
suction, https://media.signbsl.com/videos/asl/youtube/mp4/SWkAofDdo2E.mp4
Sudan, https://media.signbsl.com/videos/asl/youtube/mp4/1smBMsLn9is.mp4
sudate, https://player.vimeo.com/external/392404739.sd.mp4?s=f8c6bb62c49f52977424a7e13033ed408b713ee0&profile_id=164
sudden, https://media.signbsl.com/videos/asl/aslsearch/mp4/sudden.mp4
sudden hearing loss, https://media.signbsl.com/videos/asl/youtube/mp4/zv6oP4yNEIM.mp4
suddenly, https://media.signbsl.com/videos/asl/aslsignbank/mp4/SNAP-2060.mp4
suddenly get ahead, https://media.signbsl.com/videos/asl/youtube/mp4/UzKzv3bEHfs.mp4
sudor, https://media.signbsl.com/videos/asl/aslsearch/mp4/sweat.mp4
suds, https://media.signbsl.com/videos/asl/youtube/mp4/HGs_X0rR8IM.mp4
sue, https://media.signbsl.com/videos/asl/aslsearch/mp4/sue.mp4
suer, https://media.signbsl.com/videos/asl/unoclimb/mp4/2Ik_GUy93BQ.mp4
suffer, https://media.signbsl.com/videos/asl/startasl/mp4/hurt.mp4
sufferable, https://media.signbsl.com/videos/asl/youtube/mp4/gCqHQ55O9Xc.mp4
sufferer, https://media.signbsl.com/videos/asl/ids/mp4/2013-11-2905-martyr-1500k-ase.mp4
suffering, https://media.signbsl.com/videos/asl/valleybible/mp4/suffering.mp4
suffice, https://media.signbsl.com/videos/asl/youtube/mp4/oSHNv25Mm48.mp4
suffix, https://media.signbsl.com/videos/asl/youtube/mp4/B31Qw67Orsw.mp4
suffocate, https://player.vimeo.com/external/391171193.sd.mp4?s=d584ff8cc18f56df13539171ca0fadc0c06f74f8&profile_id=164
suffrage, https://media.signbsl.com/videos/asl/youtube/mp4/-1E7MB27bRM.mp4
suffragette, https://media.signbsl.com/videos/asl/youtube/mp4/vetLRh9PMdE.mp4
suffragist, https://media.signbsl.com/videos/asl/youtube/mp4/bBBvBUMW9gc.mp4
sugar, https://media.signbsl.com/videos/asl/startasl/mp4/sugar.mp4
sugar apple, https://media.signbsl.com/videos/asl/youtube/mp4/L_wm_FFJzTs.mp4
sugarless, https://media.signbsl.com/videos/asl/youtube/mp4/sZwlZbbg-Aw.mp4
suggest, https://media.signbsl.com/videos/asl/aslsearch/mp4/suggest.mp4
suggestion, https://media.signbsl.com/videos/asl/youtube/mp4/JdtdcCBO0GM.mp4
suggestive, https://media.signbsl.com/videos/asl/youtube/mp4/15Vxm2KA-y0.mp4
suggestive of, https://media.signbsl.com/videos/asl/youtube/mp4/15Vxm2KA-y0.mp4
suicidal, https://media.signbsl.com/videos/asl/youtube/mp4/xsQ3l5gl6Jo.mp4
suicide, https://media.signbsl.com/videos/asl/aslsearch/mp4/suicide.mp4
Suisse, https://media.signbsl.com/videos/asl/youtube/mp4/4CwQ3J7Fo5I.mp4
suit, https://media.signbsl.com/videos/asl/youtube/mp4/WIIEji8jNA4.mp4
suitcase, https://player.vimeo.com/external/391190209.sd.mp4?s=3e78e1f334e2d8e1d8844400cd075733d782a361&profile_id=164
suite, https://media.signbsl.com/videos/asl/youtube/mp4/i_t2ZAQq34g.mp4
suit of clothes, https://media.signbsl.com/videos/asl/aslsearch/mp4/suit.mp4
suitor, https://media.signbsl.com/videos/asl/youtube/mp4/LHo5eN8glf4.mp4
sulfurous, https://media.signbsl.com/videos/asl/youtube/mp4/TpDci3j9x0Q.mp4
sullen, https://media.signbsl.com/videos/asl/youtube/mp4/HM-daTl4YH8.mp4
sullied, https://media.signbsl.com/videos/asl/youtube/mp4/L_6C0D_xBGQ.mp4
sully, https://media.signbsl.com/videos/asl/valleybible/mp4/defile.mp4
sulphurous, https://media.signbsl.com/videos/asl/youtube/mp4/TpDci3j9x0Q.mp4
Sultanate of Oman, https://media.signbsl.com/videos/asl/youtube/mp4/gJ7z0zuSXZU.mp4
sultrily, https://media.signbsl.com/videos/asl/youtube/mp4/K1ph7RZnVP8.mp4
sum, https://media.signbsl.com/videos/asl/aslsignbank/mp4/HALF-1847.mp4
summarise, https://media.signbsl.com/videos/asl/aslsearch/mp4/summarize.mp4
summarize, https://media.signbsl.com/videos/asl/aslsearch/mp4/summarize.mp4
summary, https://media.signbsl.com/videos/asl/youtube/mp4/j7w3Exhe26c.mp4
summate, https://media.signbsl.com/videos/asl/signlanguagestudent/mp4/add-up.mp4
summer, https://media.signbsl.com/videos/asl/startasl/mp4/summer.mp4
summerhouse, https://media.signbsl.com/videos/asl/youtube/mp4/dHnavnEs_Sc.mp4
summerlike, https://media.signbsl.com/videos/asl/youtube/mp4/WR3IMMTGhuE.mp4
summer solstice, https://media.signbsl.com/videos/asl/youtube/mp4/lPt_4BHZPSE.mp4
summertime, https://media.signbsl.com/videos/asl/startasl/mp4/summer.mp4
summit, https://media.signbsl.com/videos/asl/youtube/mp4/7gF-PJa3mK0.mp4
summon, https://media.signbsl.com/videos/asl/youtube/mp4/rYHfEriVorc.mp4
summoner, https://media.signbsl.com/videos/asl/youtube/mp4/Cqt7ERLux3Q.mp4
summons, https://media.signbsl.com/videos/asl/youtube/mp4/yaGE8LPCuP4.mp4
sum of money, https://media.signbsl.com/videos/asl/aslsignbank/mp4/HALF-1847.mp4
sump, https://media.signbsl.com/videos/asl/youtube/mp4/va3mWkCNE_w.mp4
sumptuous, https://player.vimeo.com/external/392280586.sd.mp4?s=6c174e17ef38e2ac200c1d56f715b95dd72d928c&profile_id=164
sumptuousness, https://media.signbsl.com/videos/asl/youtube/mp4/-DprPBsEZjg.mp4
sum up, https://media.signbsl.com/videos/asl/aslsearch/mp4/summarize.mp4
sun, https://media.signbsl.com/videos/asl/startasl/mp4/sun.mp4
sunbaked, https://media.signbsl.com/videos/asl/youtube/mp4/6htVsSJ7vIk.mp4
sunbathe, https://media.signbsl.com/videos/asl/youtube/mp4/YefA5dE7-X4.mp4
sunbather, https://media.signbsl.com/videos/asl/youtube/mp4/RJVUHxXlxAA.mp4
sunblock, https://player.vimeo.com/external/392504069.sd.mp4?s=80d0387e05c380936635a80d9332253112058cb2&profile_id=164
sun blocker, https://player.vimeo.com/external/392504069.sd.mp4?s=80d0387e05c380936635a80d9332253112058cb2&profile_id=164
sunburn, https://media.signbsl.com/videos/asl/youtube/mp4/U3iYK3oXsec.mp4
sunburst, https://media.signbsl.com/videos/asl/youtube/mp4/GgQjg3A6Glw.mp4
sundance, NA
Sunday, https://media.signbsl.com/videos/asl/startasl/mp4/sunday.mp4
Sunday punch, https://media.signbsl.com/videos/asl/youtube/mp4/Gm2Wuppg424.mp4
sundays, https://media.signbsl.com/videos/asl/startasl/mp4/sunday.mp4
Sunday school, https://media.signbsl.com/videos/asl/ids/mp4/2013-11-4740-sunday-school-1500k-ase.mp4
sundial, https://media.signbsl.com/videos/asl/youtube/mp4/4ULKfMiDsAI.mp4
Sunflower State, https://media.signbsl.com/videos/asl/youtube/mp4/VKhX7FwHDUk.mp4
sung, https://media.signbsl.com/videos/asl/youtube/mp4/3j4GOFQgk7E.mp4
sunglasses, https://media.signbsl.com/videos/asl/startasl/mp4/sunglasses.mp4
sunless, https://media.signbsl.com/videos/asl/youtube/mp4/F71r3NBmF4k.mp4
sunlight, https://media.signbsl.com/videos/asl/signlanguagestudent/mp4/sunshine.mp4
Sunna, https://media.signbsl.com/videos/asl/youtube/mp4/52FFt-nHAF8.mp4
Sunnah, https://media.signbsl.com/videos/asl/youtube/mp4/52FFt-nHAF8.mp4
sunnier, https://media.signbsl.com/videos/asl/youtube/mp4/kfyxB-0k5-s.mp4
sunny, https://media.signbsl.com/videos/asl/elementalaslconcepts/mp4/sunny.mp4
sunrise, https://media.signbsl.com/videos/asl/aslsignbank/mp4/SUNRISE-720.mp4
sunroof, https://player.vimeo.com/external/392754934.sd.mp4?s=eec1f31328e2f20627248a6ba56b650f8620b653&profile_id=164
sunscreen, https://player.vimeo.com/external/392504069.sd.mp4?s=80d0387e05c380936635a80d9332253112058cb2&profile_id=164
sunset, https://media.signbsl.com/videos/asl/aslsignbank/mp4/SUNSET-1143.mp4
sunshade, https://media.signbsl.com/videos/asl/youtube/mp4/1_lh7ANhZrQ.mp4
sunshine, https://media.signbsl.com/videos/asl/signlanguagestudent/mp4/sunshine.mp4
sunshine roof, https://player.vimeo.com/external/392754934.sd.mp4?s=eec1f31328e2f20627248a6ba56b650f8620b653&profile_id=164
Sunshine State, https://media.signbsl.com/videos/asl/youtube/mp4/sXM8QeBTErY.mp4
sunshiny, https://media.signbsl.com/videos/asl/elementalaslconcepts/mp4/sunny.mp4
sunspot, https://media.signbsl.com/videos/asl/youtube/mp4/hGt-_KZe3VQ.mp4
sunstroke, https://media.signbsl.com/videos/asl/youtube/mp4/hBHk-t0uL2Q.mp4
suntan, https://media.signbsl.com/videos/asl/youtube/mp4/U3iYK3oXsec.mp4
sun tanning, https://media.signbsl.com/videos/asl/startasl/mp4/sun-tanning.mp4
suntrap, https://media.signbsl.com/videos/asl/youtube/mp4/eTW0nwgsi-0.mp4
sunup, https://player.vimeo.com/external/391917102.sd.mp4?s=51eed1c8462cb12376308ad1c796aa536f7881d4&profile_id=164
sun visor, https://player.vimeo.com/external/392754909.sd.mp4?s=4cfa2ddff9658398c95f18022cce70e4cc457a0a&profile_id=164
sun{6}, NA
suoerbug, https://media.signbsl.com/videos/asl/youtube/mp4/occI6ye_s2g.mp4
Suomi, https://media.signbsl.com/videos/asl/startasl/mp4/finland.mp4
super, https://media.signbsl.com/videos/asl/youtube/mp4/r_jf0dpBhSE.mp4
superabundance, https://media.signbsl.com/videos/asl/youtube/mp4/jsTb4jVCed4.mp4
superb, https://media.signbsl.com/videos/asl/aslsignbank/mp4/SMART-710.mp4
super bowl, https://player.vimeo.com/external/392504177.sd.mp4?s=a843bb5297cfd4123bcf9b8662740d06536d1f06&profile_id=164
supercell, https://media.signbsl.com/videos/asl/youtube/mp4/uo-sXlANelc.mp4
supercharge, https://media.signbsl.com/videos/asl/youtube/mp4/bwi979L0mEA.mp4
supercilious, https://media.signbsl.com/videos/asl/youtube/mp4/tVekkKK2K6M.mp4
supercilium, https://media.signbsl.com/videos/asl/aslsearch/mp4/eyebrow.mp4
supercities, https://media.signbsl.com/videos/asl/youtube/mp4/JrHpMzMSMb4.mp4
supercomputer, https://media.signbsl.com/videos/asl/youtube/mp4/BEvWmChc0Vk.mp4
superconducting, https://media.signbsl.com/videos/asl/youtube/mp4/XTGCnrhf1rw.mp4
superego, https://media.signbsl.com/videos/asl/youtube/mp4/URxqTPKVySI.mp4
supererogatory, https://media.signbsl.com/videos/asl/aslsearch/mp4/excess.mp4
superfine, https://media.signbsl.com/videos/asl/youtube/mp4/GQ1MGWHFbC8.mp4
superfluous, https://media.signbsl.com/videos/asl/aslsearch/mp4/excess.mp4
supergiant, https://media.signbsl.com/videos/asl/youtube/mp4/LHv78RKtyQ0.mp4
superhero, https://media.signbsl.com/videos/asl/youtube/mp4/YZX66bLGYtQ.mp4
superhighway, https://media.signbsl.com/videos/asl/startasl/mp4/freeway.mp4
superhuman, https://media.signbsl.com/videos/asl/youtube/mp4/mpWgV43yjgo.mp4
superimpose, https://media.signbsl.com/videos/asl/youtube/mp4/mrtraqWGfgI.mp4
superintendence, https://media.signbsl.com/videos/asl/youtube/mp4/_PAgL-wJSVs.mp4
superintendent, https://media.signbsl.com/videos/asl/elementalaslconcepts/mp4/overseer.mp4
superior, https://media.signbsl.com/videos/asl/aslsearch/mp4/superior.mp4
superlative, https://media.signbsl.com/videos/asl/youtube/mp4/iLfqcD3-Jsg.mp4
superman, https://media.signbsl.com/videos/asl/aslsearch/mp4/superman.mp4
supermarket, https://media.signbsl.com/videos/asl/youtube/mp4/3tiD-ubiKXM.mp4
supermodel, https://media.signbsl.com/videos/asl/youtube/mp4/0HKJfhcftO0.mp4
supermom, https://media.signbsl.com/videos/asl/youtube/mp4/ymk7dQ81_-k.mp4
supernatural, https://media.signbsl.com/videos/asl/youtube/mp4/-HJv_gjC0Rk.mp4
supernova, https://media.signbsl.com/videos/asl/youtube/mp4/3ppEs9QWv8Q.mp4
supernumerary, https://media.signbsl.com/videos/asl/aslsearch/mp4/excess.mp4
superpose, https://media.signbsl.com/videos/asl/youtube/mp4/mrtraqWGfgI.mp4
superpower, https://media.signbsl.com/videos/asl/youtube/mp4/8-wL-wpQszw.mp4
supersaturate, https://media.signbsl.com/videos/asl/youtube/mp4/h6oHnf_t4hA.mp4
supersaturated, https://media.signbsl.com/videos/asl/youtube/mp4/lBL8Rw7hcuM.mp4
supersede, https://media.signbsl.com/videos/asl/youtube/mp4/WIAhPgUS7ZY.mp4
supersensitised, https://player.vimeo.com/external/392645493.sd.mp4?s=c9a10f26835802c1631caae5a7b7d46030c24174&profile_id=164
supersensitive, https://player.vimeo.com/external/392645493.sd.mp4?s=c9a10f26835802c1631caae5a7b7d46030c24174&profile_id=164
supersensitized, https://player.vimeo.com/external/392645493.sd.mp4?s=c9a10f26835802c1631caae5a7b7d46030c24174&profile_id=164
supersize, https://media.signbsl.com/videos/asl/youtube/mp4/AbRoND6XrhQ.mp4
supersonic, https://media.signbsl.com/videos/asl/youtube/mp4/RY9IN40cO1o.mp4
superstar, https://media.signbsl.com/videos/asl/aslsignbank/mp4/SET-RECORD-2310.mp4
superstate, https://media.signbsl.com/videos/asl/youtube/mp4/W1McdP_BGCM.mp4
superstition, https://media.signbsl.com/videos/asl/youtube/mp4/FF2_zf_7j00.mp4
superstitious notion, https://media.signbsl.com/videos/asl/youtube/mp4/FF2_zf_7j00.mp4
superstore, https://media.signbsl.com/videos/asl/youtube/mp4/Ahi5mgjBew8.mp4
superstructure, https://media.signbsl.com/videos/asl/youtube/mp4/6-d7RYqsjwU.mp4
supertanker, https://media.signbsl.com/videos/asl/youtube/mp4/K3JjNaLJfvU.mp4
supertax, https://media.signbsl.com/videos/asl/youtube/mp4/jPcMAOazcqw.mp4
supervene upon, https://media.signbsl.com/videos/asl/youtube/mp4/WIAhPgUS7ZY.mp4
supervise, https://media.signbsl.com/videos/asl/aslsearch/mp4/supervise.mp4
supervising, https://media.signbsl.com/videos/asl/youtube/mp4/_PAgL-wJSVs.mp4
supervision, https://media.signbsl.com/videos/asl/youtube/mp4/_PAgL-wJSVs.mp4
supervisor, https://media.signbsl.com/videos/asl/aslsearch/mp4/supervisor.mp4
superwoman, https://media.signbsl.com/videos/asl/youtube/mp4/ModEEXG3efo.mp4
supper, https://media.signbsl.com/videos/asl/youtube/mp4/GEtikqe7HAI.mp4
suppertime, https://media.signbsl.com/videos/asl/youtube/mp4/tG-rN43SwU0.mp4
supplant, https://media.signbsl.com/videos/asl/youtube/mp4/WIAhPgUS7ZY.mp4
supple, https://media.signbsl.com/videos/asl/youtube/mp4/sMNweyHdW3s.mp4
supplement, https://media.signbsl.com/videos/asl/aslsignbank/mp4/UMBRELLA-395.mp4
supplemental, https://media.signbsl.com/videos/asl/youtube/mp4/boiR-XL1_xM.mp4
supplementary, https://media.signbsl.com/videos/asl/youtube/mp4/boiR-XL1_xM.mp4
supplementary angle, https://media.signbsl.com/videos/asl/tsdvideo/mp4/582.mp4
supplication, https://media.signbsl.com/videos/asl/signlanguagestudent/mp4/invocation.mp4
supplier, https://media.signbsl.com/videos/asl/youtube/mp4/Ff_6m_fmmZ0.mp4
supplies, https://media.signbsl.com/videos/asl/signlanguagestudent/mp4/provide.mp4
supply, https://media.signbsl.com/videos/asl/signlanguagestudent/mp4/provide.mp4
supply and demand, https://media.signbsl.com/videos/asl/elementalaslconcepts/mp4/supply_and_demand.mp4
support, https://media.signbsl.com/videos/asl/startasl/mp4/support.mp4
supportable, https://media.signbsl.com/videos/asl/youtube/mp4/gCqHQ55O9Xc.mp4
supporter, https://media.signbsl.com/videos/asl/startasl/mp4/assistant.mp4
supporting details, https://media.signbsl.com/videos/asl/elementalaslconcepts/mp4/supporting_details.mp4
supporting idea, https://media.signbsl.com/videos/asl/elementalaslconcepts/mp4/supporting_idea.mp4
support me, https://media.signbsl.com/videos/asl/youtube/mp4/bxYKx9K2ems.mp4
support one another, https://media.signbsl.com/videos/asl/youtube/mp4/5q2-3xjIjN0.mp4
support you, https://media.signbsl.com/videos/asl/youtube/mp4/yzBaYpZauDo.mp4
supposable, https://media.signbsl.com/videos/asl/youtube/mp4/RZTW1ZKiGbk.mp4
suppose, https://media.signbsl.com/videos/asl/aslsearch/mp4/guess.mp4
supposed, https://media.signbsl.com/videos/asl/youtube/mp4/f5PUMjZX5Pk.mp4
suppositional, https://media.signbsl.com/videos/asl/youtube/mp4/f5PUMjZX5Pk.mp4
suppositious, https://media.signbsl.com/videos/asl/youtube/mp4/f5PUMjZX5Pk.mp4
supposititious, https://media.signbsl.com/videos/asl/youtube/mp4/f5PUMjZX5Pk.mp4
suppress, https://media.signbsl.com/videos/asl/aslsearch/mp4/conquer.mp4
suppression of evidence, https://media.signbsl.com/videos/asl/unoclimb/mp4/-DeHqc5zNs8.mp4
suppurate, https://media.signbsl.com/videos/asl/youtube/mp4/ogw0c-uBb8k.mp4
suppurating sore, https://media.signbsl.com/videos/asl/youtube/mp4/hakxCYBprNg.mp4
supra, https://media.signbsl.com/videos/asl/aslsignbank/mp4/ABOVE-2.mp4
supranational, https://media.signbsl.com/videos/asl/youtube/mp4/rW6GV5YaaLU.mp4
supremacist, https://media.signbsl.com/videos/asl/youtube/mp4/dQz4WOGJD-M.mp4
supremacy, https://media.signbsl.com/videos/asl/youtube/mp4/uT_vB9T1jbw.mp4
Supreme Being, https://media.signbsl.com/videos/asl/startasl/mp4/god.mp4
Supreme Court, https://media.signbsl.com/videos/asl/elementalaslconcepts/mp4/supreme_court.mp4
Supreme Court of the United States, https://media.signbsl.com/videos/asl/elementalaslconcepts/mp4/supreme_court.mp4
surcharge, https://media.signbsl.com/videos/asl/aslsearch/mp4/overcharge.mp4
surd, https://media.signbsl.com/videos/asl/youtube/mp4/HsE1gOOgShA.mp4
sure, https://media.signbsl.com/videos/asl/signlanguagestudent/mp4/certainly.mp4
sure as shooting, https://media.signbsl.com/videos/asl/signlanguagestudent/mp4/certainly.mp4
sure enough, https://media.signbsl.com/videos/asl/signlanguagestudent/mp4/certainly.mp4
surefooted, https://media.signbsl.com/videos/asl/youtube/mp4/KvUvXIcoqTg.mp4
surely, https://media.signbsl.com/videos/asl/signlanguagestudent/mp4/certainly.mp4
sureness, https://media.signbsl.com/videos/asl/aslsignbank/mp4/HEALTH-765.mp4
surer, https://media.signbsl.com/videos/asl/youtube/mp4/jY87mO6VmTw.mp4
sure thing, https://media.signbsl.com/videos/asl/youtube/mp4/6Dd5I6kND3M.mp4
surety, https://media.signbsl.com/videos/asl/youtube/mp4/kVdVT7OVzHQ.mp4
surf, https://media.signbsl.com/videos/asl/aslbricks/mp4/surf.mp4
surface, https://media.signbsl.com/videos/asl/signlanguagestudent/mp4/show-up.mp4
surface active agent, https://media.signbsl.com/videos/asl/youtube/mp4/BuS5Lq_H150.mp4
surface area, https://media.signbsl.com/videos/asl/youtube/mp4/RDO8OkLoXEk.mp4
surface soil, https://media.signbsl.com/videos/asl/youtube/mp4/d2_urf0XN80.mp4
surfacing, https://media.signbsl.com/videos/asl/AustinCommunityCollege/mp4/weld_surfacing_.mp4
surfactant, https://media.signbsl.com/videos/asl/youtube/mp4/BuS5Lq_H150.mp4
surfboard, https://media.signbsl.com/videos/asl/youtube/mp4/fWadUPjgDBY.mp4
surfboarder, https://media.signbsl.com/videos/asl/youtube/mp4/i1EfK-4TlfQ.mp4
surfboarding, https://media.signbsl.com/videos/asl/youtube/mp4/e22Pc68i_VE.mp4
surfer, https://media.signbsl.com/videos/asl/youtube/mp4/i1EfK-4TlfQ.mp4
surfing, https://media.signbsl.com/videos/asl/youtube/mp4/e22Pc68i_VE.mp4
surfriding, https://media.signbsl.com/videos/asl/youtube/mp4/e22Pc68i_VE.mp4
surf the net, https://media.signbsl.com/videos/asl/mariekatzenbachschool/mp4/surf%20the%20net.mp4
surge, https://media.signbsl.com/videos/asl/aslsearch/mp4/zoom.mp4
surgeon, https://media.signbsl.com/videos/asl/startasl/mp4/surgeon.mp4
surge protector, https://media.signbsl.com/videos/asl/AustinCommunityCollege/mp4/elec_surge_suppressor_.mp4
surgery, https://media.signbsl.com/videos/asl/startasl/mp4/surgery.mp4
surge suppressor, https://media.signbsl.com/videos/asl/AustinCommunityCollege/mp4/elec_surge_suppressor_.mp4
surgical incision, https://media.signbsl.com/videos/asl/aslsignbank/mp4/SURGERY-1149.mp4
surgical operation, https://media.signbsl.com/videos/asl/startasl/mp4/surgery.mp4
surgical procedure, https://media.signbsl.com/videos/asl/startasl/mp4/surgery.mp4
surgical process, https://media.signbsl.com/videos/asl/startasl/mp4/surgery.mp4
surliness, https://media.signbsl.com/videos/asl/youtube/mp4/ZFdQI4FxN2k.mp4
surmisable, https://media.signbsl.com/videos/asl/youtube/mp4/RZTW1ZKiGbk.mp4
surmount, https://media.signbsl.com/videos/asl/youtube/mp4/L8X7VWkzYE8.mp4
surmountable, https://media.signbsl.com/videos/asl/youtube/mp4/c4xiggd61_0.mp4
surname, https://media.signbsl.com/videos/asl/youtube/mp4/3uim_eaSkmI.mp4
surpass, https://media.signbsl.com/videos/asl/youtube/mp4/Fwr4C5P2kxU.mp4
surpassing, https://media.signbsl.com/videos/asl/aslsearch/mp4/exceptional.mp4
surplus, https://media.signbsl.com/videos/asl/aslsearch/mp4/excess.mp4
surprint, https://media.signbsl.com/videos/asl/youtube/mp4/uGi2KkA1UpI.mp4
surprise, https://media.signbsl.com/videos/asl/youtube/mp4/1CDGmjKYhVM.mp4
surprised, https://media.signbsl.com/videos/asl/elementalaslconcepts/mp4/surprise.mp4
surreal, https://media.signbsl.com/videos/asl/youtube/mp4/j_VRXVT6ars.mp4
surrealism, https://media.signbsl.com/videos/asl/youtube/mp4/9JJh_zsN-9I.mp4
surrender, https://media.signbsl.com/videos/asl/valleybible/mp4/surrender.mp4
surreptitious, https://player.vimeo.com/external/395755756.sd.mp4?s=80582e1677da0f8f2bb87c43d35e4bc769e9f356&profile_id=164
surround, https://media.signbsl.com/videos/asl/startasl/mp4/environment.mp4
surround by people, https://media.signbsl.com/videos/asl/youtube/mp4/k1jMOTVwiDI.mp4
surround by people or trees, https://media.signbsl.com/videos/asl/youtube/mp4/v-RJ7yHhxZc.mp4
surrounded, https://media.signbsl.com/videos/asl/youtube/mp4/BMt94FcJIG4.mp4
surrounding, NA
surroundings, https://media.signbsl.com/videos/asl/startasl/mp4/environment.mp4
surtax, https://media.signbsl.com/videos/asl/youtube/mp4/jPcMAOazcqw.mp4
surveillance, https://media.signbsl.com/videos/asl/youtube/mp4/A1w8G1PyuzM.mp4
survey, https://media.signbsl.com/videos/asl/startasl/mp4/study.mp4
survivable, https://media.signbsl.com/videos/asl/youtube/mp4/eC7JZWHg2f8.mp4
survival, https://media.signbsl.com/videos/asl/aslsearch/mp4/endurance.mp4
survivalist, https://media.signbsl.com/videos/asl/youtube/mp4/ZmWQ_HMVrhY.mp4
survive, https://media.signbsl.com/videos/asl/aslsearch/mp4/exist.mp4
survivor, https://media.signbsl.com/videos/asl/youtube/mp4/bXLMmp5IFJE.mp4
susceptibilities, https://media.signbsl.com/videos/asl/youtube/mp4/CQ6cRFMWKB4.mp4
susceptibility, https://media.signbsl.com/videos/asl/youtube/mp4/CQ6cRFMWKB4.mp4
susceptibleness, https://media.signbsl.com/videos/asl/youtube/mp4/CQ6cRFMWKB4.mp4
sushi, https://player.vimeo.com/external/392505927.sd.mp4?s=08959c1a98ccad24bb9681523cf22d63790ff82b&profile_id=164
suspect, https://media.signbsl.com/videos/asl/aslsearch/mp4/suspect.mp4
suspend, https://media.signbsl.com/videos/asl/aslsearch/mp4/suspend.mp4
suspender, https://media.signbsl.com/videos/asl/aslsearch/mp4/suspenders.mp4
suspenders, https://media.signbsl.com/videos/asl/aslsearch/mp4/suspenders.mp4
suspense, https://media.signbsl.com/videos/asl/youtube/mp4/gWIHTMZfCmM.mp4
suspenseful, https://player.vimeo.com/external/392379004.sd.mp4?s=805df4db21dbf93936e5b8fced57e30aa3f09e6f&profile_id=164
suspension, https://media.signbsl.com/videos/asl/youtube/mp4/flDdjBLrLhk.mp4
suspensive, https://player.vimeo.com/external/392379004.sd.mp4?s=805df4db21dbf93936e5b8fced57e30aa3f09e6f&profile_id=164
suspicion, https://media.signbsl.com/videos/asl/youtube/mp4/BsWCR9-J5Ys.mp4
suspicious, https://player.vimeo.com/external/392127427.sd.mp4?s=e92875d83b1f664e3b8a5ebd00a0c18d840a10d0&profile_id=164
suspire, https://media.signbsl.com/videos/asl/youtube/mp4/ooT-sILdUi0.mp4
Sus scrofa, https://media.signbsl.com/videos/asl/aslsearch/mp4/pig.mp4
suss out, https://media.signbsl.com/videos/asl/aslsignbank/mp4/CHECK-1059.mp4
sustain, https://media.signbsl.com/videos/asl/startasl/mp4/support.mp4
sustainability, https://media.signbsl.com/videos/asl/youtube/mp4/UJNhmdXBXWE.mp4
sustenance, https://media.signbsl.com/videos/asl/youtube/mp4/3CvoF01Fme8.mp4
sutler, https://media.signbsl.com/videos/asl/youtube/mp4/PaVrEQBtdKY.mp4
svelte, https://media.signbsl.com/videos/asl/youtube/mp4/hR3LU8I3K4o.mp4
Sverige, https://media.signbsl.com/videos/asl/startasl/mp4/sweden.mp4
Svizzera, https://media.signbsl.com/videos/asl/youtube/mp4/4CwQ3J7Fo5I.mp4
swab, https://media.signbsl.com/videos/asl/youtube/mp4/i6627Fpk9w4.mp4
swag, https://media.signbsl.com/videos/asl/youtube/mp4/Gvg3fxrSgHA.mp4
swagger, https://media.signbsl.com/videos/asl/youtube/mp4/OUk_gER2rRg.mp4
swain, https://media.signbsl.com/videos/asl/startasl/mp4/boyfriend.mp4
swallow, https://media.signbsl.com/videos/asl/aslsearch/mp4/swallow.mp4
swallow hole, https://media.signbsl.com/videos/asl/youtube/mp4/jtJTnH_fHTw.mp4
swam, https://media.signbsl.com/videos/asl/youtube/mp4/YVNFm438ixc.mp4
swamp, https://media.signbsl.com/videos/asl/startasl/mp4/swamp.mp4
swamped, https://media.signbsl.com/videos/asl/youtube/mp4/3kpZOGWcI_s.mp4
swampy, https://media.signbsl.com/videos/asl/youtube/mp4/W7chOU4GhmU.mp4
swan, https://player.vimeo.com/external/392507162.sd.mp4?s=4be2ca4358b756834e5974486dfb3a9c164eef37&profile_id=164
swang, https://media.signbsl.com/videos/asl/youtube/mp4/RB3gjIyAAE0.mp4
swank, https://player.vimeo.com/external/392128360.sd.mp4?s=ef42898b126bd3f01a13e27cc8b40478c38b6d95&profile_id=164
swansong, NA
swap, https://media.signbsl.com/videos/asl/aslsearch/mp4/barter.mp4
sward, https://media.signbsl.com/videos/asl/youtube/mp4/vrhjjB9sz0c.mp4
swarm, https://media.signbsl.com/videos/asl/youtube/mp4/ZuVBpbvDvGA.mp4
swarthiness, https://media.signbsl.com/videos/asl/youtube/mp4/tBPDgUmFwOQ.mp4
swash, https://media.signbsl.com/videos/asl/aslsearch/mp4/brag.mp4
swashbuckler, https://player.vimeo.com/external/391916514.sd.mp4?s=0c05cec8334ac5582a09617aaaaa5b8586260a9d&profile_id=164
swashbuckling, https://media.signbsl.com/videos/asl/youtube/mp4/YWHzO1p0e48.mp4
swat, https://media.signbsl.com/videos/asl/youtube/mp4/fh0X_tqYJBk.mp4
swatch, https://media.signbsl.com/videos/asl/youtube/mp4/k_qRuBFp0TM.mp4
swath swathed, https://media.signbsl.com/videos/asl/youtube/mp4/tyLHKUT3eRU.mp4
swatter, https://media.signbsl.com/videos/asl/youtube/mp4/QwW9gR4qxec.mp4
sway, https://media.signbsl.com/videos/asl/aslsearch/mp4/carry.mp4
swayer, https://media.signbsl.com/videos/asl/youtube/mp4/R94B9dkUyVk.mp4
Swaziland, https://media.signbsl.com/videos/asl/youtube/mp4/DDtxd8Ittu0.mp4
swear, https://media.signbsl.com/videos/asl/aslsearch/mp4/bank.mp4
swearing, https://media.signbsl.com/videos/asl/ids/mp4/2013-11-3250-oath-1500k-ase.mp4
sweat, https://media.signbsl.com/videos/asl/aslsearch/mp4/sweat.mp4
sweat a lot, https://media.signbsl.com/videos/asl/youtube/mp4/65TjPyaNu04.mp4
sweat badly, https://media.signbsl.com/videos/asl/youtube/mp4/7I65sucrRB8.mp4
sweater, https://media.signbsl.com/videos/asl/startasl/mp4/sweater.mp4
sweatier, https://media.signbsl.com/videos/asl/youtube/mp4/Ou61dXXXaGk.mp4
sweatpants, NA
sweatshirt, https://media.signbsl.com/videos/asl/youtube/mp4/F5wBDvPAZns.mp4
sweatshop, https://media.signbsl.com/videos/asl/youtube/mp4/8ojTyyr_ZZs.mp4
Swede, https://media.signbsl.com/videos/asl/youtube/mp4/NRrR_eoPP8s.mp4
sweatshirt, https://media.signbsl.com/videos/asl/youtube/mp4/F5wBDvPAZns.mp4
sweatshop, https://media.signbsl.com/videos/asl/youtube/mp4/8ojTyyr_ZZs.mp4
Swede, https://media.signbsl.com/videos/asl/youtube/mp4/NRrR_eoPP8s.mp4
Sweden, https://media.signbsl.com/videos/asl/startasl/mp4/sweden.mp4
sweep, https://media.signbsl.com/videos/asl/startasl/mp4/broom.mp4
sweeper, https://media.signbsl.com/videos/asl/youtube/mp4/iyLPv1_X2GA.mp4
sweepstake, https://media.signbsl.com/videos/asl/youtube/mp4/mir88iR6F_0.mp4
sweepstakes, https://media.signbsl.com/videos/asl/youtube/mp4/mir88iR6F_0.mp4
sweep up, https://media.signbsl.com/videos/asl/youtube/mp4/DQ350LeQwnw.mp4
sweet, https://media.signbsl.com/videos/asl/aslsignbank/mp4/PIE-SLICE-900.mp4
sweetcake, https://media.signbsl.com/videos/asl/aslsignbank/mp4/SWEETCAKE-1964.mp4
sweetcom, https://media.signbsl.com/videos/asl/youtube/mp4/oU7H5TyZjIY.mp4
sweeten, https://media.signbsl.com/videos/asl/youtube/mp4/T8FGaP9ABj8.mp4
sweetener, https://media.signbsl.com/videos/asl/aslsignbank/mp4/E(come-on)-1906.mp4
sweetheart, https://media.signbsl.com/videos/asl/startasl/mp4/sweetheart.mp4
sweetie, https://media.signbsl.com/videos/asl/youtube/mp4/2NoDcZnFRRk.mp4
sweet potato, https://player.vimeo.com/external/392754981.sd.mp4?s=f7a8335cfd491f051764d3137639dc0820aa7167&profile_id=164
sweet sand verbena, https://media.signbsl.com/videos/asl/aslsearch/mp4/snowball.mp4
sweetsop, https://media.signbsl.com/videos/asl/youtube/mp4/L_wm_FFJzTs.mp4
sweet talk, https://media.signbsl.com/videos/asl/youtube/mp4/YC9oDGG1rCs.mp4
swell, https://media.signbsl.com/videos/asl/aslsearch/mp4/great.mp4
swelling, https://media.signbsl.com/videos/asl/youtube/mp4/vzu-DQEYUpo.mp4
swelter, https://media.signbsl.com/videos/asl/youtube/mp4/Ifg1gn9bFb8.mp4
sweptback, https://media.signbsl.com/videos/asl/youtube/mp4/dP7xSLynW4E.mp4
swerve, https://media.signbsl.com/videos/asl/youtube/mp4/4EPsTS5xk-A.mp4
swerving car, https://media.signbsl.com/videos/asl/youtube/mp4/nAOcTbx0tmA.mp4
swift, https://media.signbsl.com/videos/asl/youtube/mp4/a1MIVCLQbG8.mp4
swig, https://media.signbsl.com/videos/asl/aslsearch/mp4/gulp.mp4
swill, https://media.signbsl.com/videos/asl/youtube/mp4/3qyOlHI1IAA.mp4
swim, https://media.signbsl.com/videos/asl/startasl/mp4/swimming.mp4
swim cap, https://player.vimeo.com/external/392755033.sd.mp4?s=7cfe05d3a8bf7984e6ac5f2d7e518482dd39163c&profile_id=164
swim goggles, https://player.vimeo.com/external/392755083.sd.mp4?s=4183d36819ed6819807945048212925e71883479&profile_id=164
swimmer, https://media.signbsl.com/videos/asl/youtube/mp4/wMsV-JLpdFM.mp4
swimmeret, https://media.signbsl.com/videos/asl/elementalaslconcepts/mp4/swimmerets.mp4
swimmerets, https://media.signbsl.com/videos/asl/elementalaslconcepts/mp4/swimmerets.mp4
swimming, https://media.signbsl.com/videos/asl/startasl/mp4/swimming.mp4
swimming bath, https://media.signbsl.com/videos/asl/startasl/mp4/swimming-pool.mp4
swimming costume, https://media.signbsl.com/videos/asl/aslsignbank/mp4/BRA-2449.mp4
swimming pool, https://media.signbsl.com/videos/asl/startasl/mp4/swimming-pool.mp4
swimming suit, https://media.signbsl.com/videos/asl/youtube/mp4/dcosklKIkgQ.mp4
swimming to stay afloat, https://media.signbsl.com/videos/asl/youtube/mp4/qEES0C7AxUo.mp4
swimsuit, https://media.signbsl.com/videos/asl/aslsignbank/mp4/BRA-2449.mp4
swim trunks, https://media.signbsl.com/videos/asl/youtube/mp4/gj-dsfqGU9c.mp4
swindle, https://media.signbsl.com/videos/asl/youtube/mp4/uA31P9Lwrqo.mp4
swindler, https://media.signbsl.com/videos/asl/youtube/mp4/4XE_iwb-gT0.mp4
swing, https://media.signbsl.com/videos/asl/youtube/mp4/-xSi2SflIYI.mp4
swing about, https://player.vimeo.com/external/392535847.sd.mp4?s=090cfbe8da40b4b0b9180f876f8d811c35c3df9c&profile_id=164
swing around, https://player.vimeo.com/external/392535847.sd.mp4?s=090cfbe8da40b4b0b9180f876f8d811c35c3df9c&profile_id=164
swing bat, https://media.signbsl.com/videos/asl/mariekatzenbachschool/mp4/swing%20bat.mp4
swinge, https://media.signbsl.com/videos/asl/youtube/mp4/IOGZ6GLH5WQ.mp4
swingeing, https://media.signbsl.com/videos/asl/youtube/mp4/Bz3XC0f6Rz0.mp4
swinger, https://media.signbsl.com/videos/asl/youtube/mp4/pMWNjVe_QkA.mp4
swing racket, https://media.signbsl.com/videos/asl/mariekatzenbachschool/mp4/swing%20racket.mp4
swinish, https://media.signbsl.com/videos/asl/youtube/mp4/C1khvXDACpE.mp4
swipe, https://media.signbsl.com/videos/asl/youtube/mp4/oLLgLsxlDeo.mp4
swipe card, https://media.signbsl.com/videos/asl/youtube/mp4/IDI0uirkwBI.mp4
swipe left, https://media.signbsl.com/videos/asl/youtube/mp4/P03OR0BwcBI.mp4
swipe right, https://media.signbsl.com/videos/asl/youtube/mp4/20-5sRSqppc.mp4
swipe right and left, https://media.signbsl.com/videos/asl/youtube/mp4/8J1_edSuVG4.mp4
swipe up, https://media.signbsl.com/videos/asl/youtube/mp4/xOZPQ983G6c.mp4
swirl, https://media.signbsl.com/videos/asl/youtube/mp4/0J8fKZJEcks.mp4
swirl about, https://media.signbsl.com/videos/asl/youtube/mp4/a3fTeAj3S1Q.mp4
swish, https://media.signbsl.com/videos/asl/youtube/mp4/bb9Bdz41i_M.mp4
Swiss, https://media.signbsl.com/videos/asl/youtube/mp4/tI1cgZtdYjs.mp4
Swiss Confederation, https://media.signbsl.com/videos/asl/youtube/mp4/4CwQ3J7Fo5I.mp4
Swiss people, https://media.signbsl.com/videos/asl/youtube/mp4/tI1cgZtdYjs.mp4
switch, https://media.signbsl.com/videos/asl/aslsearch/mp4/exchange.mp4
switchboard, https://media.signbsl.com/videos/asl/youtube/mp4/FkLRWceF78I.mp4
switched at birth, https://media.signbsl.com/videos/asl/youtube/mp4/Bo3RNe8Jgdk.mp4
switch hit, https://media.signbsl.com/videos/asl/youtube/mp4/dz_y2gIOWzE.mp4
switch off, https://media.signbsl.com/videos/asl/mariekatzenbachschool/mp4/turn%20off.mp4
switch on, https://media.signbsl.com/videos/asl/mariekatzenbachschool/mp4/turn%20on.mp4
switch over, https://media.signbsl.com/videos/asl/aslsearch/mp4/exchange.mp4
Switzerland, https://media.signbsl.com/videos/asl/youtube/mp4/4CwQ3J7Fo5I.mp4
swivel, https://media.signbsl.com/videos/asl/youtube/mp4/fpmnQPREDgw.mp4
swivel pin, https://media.signbsl.com/videos/asl/youtube/mp4/dXNYYiQrPRY.mp4
swiz, https://media.signbsl.com/videos/asl/youtube/mp4/KICvewAh1b8.mp4
swob, https://media.signbsl.com/videos/asl/youtube/mp4/i6627Fpk9w4.mp4
swollen, https://media.signbsl.com/videos/asl/youtube/mp4/gLg4Pk49K2c.mp4
swollen headed, https://media.signbsl.com/videos/asl/youtube/mp4/gLg4Pk49K2c.mp4
swoon, https://media.signbsl.com/videos/asl/aslsignbank/mp4/KNOCK-OUT-3264.mp4
swooning, https://media.signbsl.com/videos/asl/aslsearch/mp4/lightheaded.mp4
swoop, https://media.signbsl.com/videos/asl/youtube/mp4/6QzI-pBTosk.mp4
swoosh, https://media.signbsl.com/videos/asl/youtube/mp4/bb9Bdz41i_M.mp4
swop, https://media.signbsl.com/videos/asl/aslsearch/mp4/barter.mp4
sword, https://media.signbsl.com/videos/asl/aslsearch/mp4/sword.mp4
swordsman, https://media.signbsl.com/videos/asl/youtube/mp4/TsnyXtzYzXc.mp4
swordsmanship, https://media.signbsl.com/videos/asl/youtube/mp4/YHqD5Bjf8w8.mp4
swosh, https://media.signbsl.com/videos/asl/youtube/mp4/bb9Bdz41i_M.mp4
swot, https://player.vimeo.com/external/392381191.sd.mp4?s=469d98b8ea7cc9d3952b27307d3eb1d8f7563246&profile_id=164
swot up, https://media.signbsl.com/videos/asl/youtube/mp4/IGYKV4spCPM.mp4
Sydney, https://media.signbsl.com/videos/asl/youtube/mp4/r3vj3N6gKEM.mp4
syllabi, https://media.signbsl.com/videos/asl/youtube/mp4/p84904dSqnE.mp4
syllabic, https://media.signbsl.com/videos/asl/youtube/mp4/aDPco7l39fI.mp4
syllable, https://media.signbsl.com/videos/asl/aslsearch/mp4/syllable.mp4
syllabus, https://media.signbsl.com/videos/asl/startasl/mp4/program.mp4
syllogism, https://media.signbsl.com/videos/asl/youtube/mp4/2SmnagSe7kc.mp4
sylphlike, https://media.signbsl.com/videos/asl/youtube/mp4/hR3LU8I3K4o.mp4
symbioses, https://media.signbsl.com/videos/asl/youtube/mp4/0q0-0Ocz-fY.mp4
symbiosis, https://media.signbsl.com/videos/asl/youtube/mp4/1Ly_BcJI5hQ.mp4
symbol, https://media.signbsl.com/videos/asl/aslsearch/mp4/symbol.mp4
symbolic representation, https://media.signbsl.com/videos/asl/aslsignbank/mp4/SYMBOL-1155.mp4
symbol initialized, https://media.signbsl.com/videos/asl/signlanguagestudent/mp4/symbol%20(initialized).mp4
symbolisation, https://media.signbsl.com/videos/asl/aslsignbank/mp4/SYMBOL-1155.mp4
symbolise, https://media.signbsl.com/videos/asl/youtube/mp4/CN6SRlNnGlc.mp4
symbolism, https://media.signbsl.com/videos/asl/elementalaslconcepts/mp4/symbolizm.mp4
symbolization, https://media.signbsl.com/videos/asl/aslsignbank/mp4/SYMBOL-1155.mp4
symbolize, https://media.signbsl.com/videos/asl/youtube/mp4/CN6SRlNnGlc.mp4
Symbol Symbolic, https://media.signbsl.com/videos/asl/ids/mp4/2013-11-4760-symbol-symbolic-1500k-ase.mp4
symmetric, https://media.signbsl.com/videos/asl/youtube/mp4/C_FuwPzC5Wc.mp4
symmetrical, https://media.signbsl.com/videos/asl/youtube/mp4/C_FuwPzC5Wc.mp4
symmetricalness, https://media.signbsl.com/videos/asl/tsdvideo/mp4/272.mp4
symmetry, https://media.signbsl.com/videos/asl/tsdvideo/mp4/272.mp4
sympathise, https://media.signbsl.com/videos/asl/youtube/mp4/LGkB4JANsmA.mp4
sympathiser, https://media.signbsl.com/videos/asl/youtube/mp4/dhSosUbe0xg.mp4
sympathize, https://media.signbsl.com/videos/asl/youtube/mp4/LGkB4JANsmA.mp4
sympathizer, https://media.signbsl.com/videos/asl/youtube/mp4/dhSosUbe0xg.mp4
sympathize with, https://media.signbsl.com/videos/asl/youtube/mp4/2u4Bri-63oM.mp4
sympathy, https://media.signbsl.com/videos/asl/aslsearch/mp4/sympathy.mp4
symphonic, https://media.signbsl.com/videos/asl/youtube/mp4/hMeWdIdk6Hg.mp4
symposia, https://media.signbsl.com/videos/asl/youtube/mp4/-mHMnZIxnGI.mp4
symptom, https://media.signbsl.com/videos/asl/aslsearch/mp4/symptom.mp4
symptomatic, https://media.signbsl.com/videos/asl/youtube/mp4/V7qaGWDjwII.mp4
symptomatic of, https://media.signbsl.com/videos/asl/youtube/mp4/V7qaGWDjwII.mp4
symptomless, https://media.signbsl.com/videos/asl/youtube/mp4/xT9pRMjlyF0.mp4
synagog, https://media.signbsl.com/videos/asl/youtube/mp4/Nmju-8jh8jo.mp4
synagogue, https://media.signbsl.com/videos/asl/youtube/mp4/T8QJNv7wRCs.mp4
sync, https://media.signbsl.com/videos/asl/youtube/mp4/YcxM7HSMfE0.mp4
synchronise, https://media.signbsl.com/videos/asl/youtube/mp4/4GYkJcozhOI.mp4
synchronize, https://media.signbsl.com/videos/asl/youtube/mp4/YcxM7HSMfE0.mp4
syncopate, https://media.signbsl.com/videos/asl/youtube/mp4/32l5A_FrzZk.mp4
syncope, https://media.signbsl.com/videos/asl/aslsignbank/mp4/KNOCK-OUT-3264.mp4
syndicalist, https://media.signbsl.com/videos/asl/youtube/mp4/dx9o1WERyKs.mp4
syndicate, https://media.signbsl.com/videos/asl/youtube/mp4/DdRzNk5jRXM.mp4
syndrome, https://media.signbsl.com/videos/asl/youtube/mp4/yuCEvKkFSQ8.mp4
synergies, https://media.signbsl.com/videos/asl/youtube/mp4/okloIdSEwVw.mp4
synergism, https://media.signbsl.com/videos/asl/youtube/mp4/okloIdSEwVw.mp4
synergy, https://media.signbsl.com/videos/asl/youtube/mp4/okloIdSEwVw.mp4
synod, https://media.signbsl.com/videos/asl/youtube/mp4/cwzmPtCuAh8.mp4
synonym, https://media.signbsl.com/videos/asl/elementalaslconcepts/mp4/synomym.mp4
synonym finder, https://media.signbsl.com/videos/asl/elementalaslconcepts/mp4/thesarus.mp4
synonyms, https://media.signbsl.com/videos/asl/elementalaslconcepts/mp4/synomym.mp4
synopsis, https://player.vimeo.com/external/391145799.sd.mp4?s=ec0b7c6034ebcebe80c8eac8703a88ac221c0f81&profile_id=164
syntactic, https://media.signbsl.com/videos/asl/youtube/mp4/K4yED9Hc8jU.mp4
syntactical, https://media.signbsl.com/videos/asl/youtube/mp4/K4yED9Hc8jU.mp4
syntactician, https://media.signbsl.com/videos/asl/youtube/mp4/J_CzXcX6B08.mp4
syntax, https://media.signbsl.com/videos/asl/elementalaslconcepts/mp4/sentence_structure.mp4
syntheses, https://media.signbsl.com/videos/asl/youtube/mp4/F4pteGQtRNI.mp4
synthesis, https://media.signbsl.com/videos/asl/philosophy/mp4/Deduction-HD.mp4
synthetic, https://media.signbsl.com/videos/asl/youtube/mp4/fwDrjmnmdfw.mp4
synthetic heroin, https://media.signbsl.com/videos/asl/youtube/mp4/UDnn7_vPZys.mp4
syphon, https://media.signbsl.com/videos/asl/youtube/mp4/QGunHxvqiVA.mp4
Syria, https://media.signbsl.com/videos/asl/youtube/mp4/77l6CmVvHzg.mp4
Syrian Arab Republic, https://media.signbsl.com/videos/asl/youtube/mp4/77l6CmVvHzg.mp4
syringe, https://media.signbsl.com/videos/asl/aslsearch/mp4/syringe.mp4
syrup, https://media.signbsl.com/videos/asl/aslsearch/mp4/syrup.mp4
syslog, https://media.signbsl.com/videos/asl/deaftec/mp4/1066.mp4
system, https://media.signbsl.com/videos/asl/aslsignbank/mp4/SYSTEM-1156.mp4
system administrator, https://media.signbsl.com/videos/asl/deaftec/mp4/1067.mp4
systema lymphaticum, https://media.signbsl.com/videos/asl/youtube/mp4/gkp6UiRQ0Nc.mp4
systema nervosum, https://media.signbsl.com/videos/asl/aslsearch/mp4/nervous-system.mp4
systema skeletale, https://media.signbsl.com/videos/asl/aslsearch/mp4/skeleton.mp4
systematic, https://media.signbsl.com/videos/asl/youtube/mp4/LCAbwwJ319w.mp4
systematic theology, https://media.signbsl.com/videos/asl/valleybible/mp4/Systematic%20Theology.mp4
systematise, https://media.signbsl.com/videos/asl/youtube/mp4/RTFdcWX5qTo.mp4
systematist, https://media.signbsl.com/videos/asl/youtube/mp4/ryZuVYJy_Qo.mp4
systematize, https://media.signbsl.com/videos/asl/youtube/mp4/RTFdcWX5qTo.mp4
systemic, https://media.signbsl.com/videos/asl/youtube/mp4/TGKsL308Egk.mp4
systemise, https://media.signbsl.com/videos/asl/youtube/mp4/RTFdcWX5qTo.mp4
systemize, https://media.signbsl.com/videos/asl/youtube/mp4/RTFdcWX5qTo.mp4
systolic, https://media.signbsl.com/videos/asl/youtube/mp4/FrvDeVmNCLY.mp4
