word, videoURL
T, https://media.signbsl.com/videos/asl/aslsearch/mp4/t.mp4
T.B., https://media.signbsl.com/videos/asl/aslsearch/mp4/t.mp4
T1, https://media.signbsl.com/videos/asl/deaftec/mp4/1068.mp4
T3, https://media.signbsl.com/videos/asl/deaftec/mp4/1069.mp4
tab, https://media.signbsl.com/videos/asl/youtube/mp4/54AUqovg4Cs.mp4
tabasco, https://media.signbsl.com/videos/asl/aslsearch/mp4/red-pepper.mp4
tabernacle, https://media.signbsl.com/videos/asl/youtube/mp4/T8QJNv7wRCs.mp4
table, https://media.signbsl.com/videos/asl/startasl/mp4/table.mp4
tableau, https://media.signbsl.com/videos/asl/youtube/mp4/PHFMfKk-imc.mp4
tablecloth, https://media.signbsl.com/videos/asl/mariekatzenbachschool/mp4/tablecloth.mp4
tableland, https://media.signbsl.com/videos/asl/youtube/mp4/ughgFuHfhFY.mp4
table mustard, https://player.vimeo.com/external/392867616.sd.mp4?s=556e9562f0baedd7f6525cb338119ec17a53bc0e&profile_id=164
table napkin, https://media.signbsl.com/videos/asl/aslsignbank/mp4/ENVELOPE-2890.mp4
table of contents, https://media.signbsl.com/videos/asl/elementalaslconcepts/mp4/table_of_contents.mp4
table salt, https://media.signbsl.com/videos/asl/startasl/mp4/salt.mp4
tablespoon, https://media.signbsl.com/videos/asl/youtube/mp4/kJMEziimo_8.mp4
tablespoonful, https://media.signbsl.com/videos/asl/youtube/mp4/kJMEziimo_8.mp4
tablet, https://media.signbsl.com/videos/asl/youtube/mp4/54AUqovg4Cs.mp4
table tennis, https://media.signbsl.com/videos/asl/aslsearch/mp4/ping-pong.mp4
tabletop, https://media.signbsl.com/videos/asl/youtube/mp4/g7mfHrveFYc.mp4
tabloid, https://media.signbsl.com/videos/asl/youtube/mp4/EE03z9dfe80.mp4
taboo, https://media.signbsl.com/videos/asl/valleybible/mp4/forbidden.mp4
tabu, https://media.signbsl.com/videos/asl/valleybible/mp4/forbidden.mp4
tach, https://media.signbsl.com/videos/asl/youtube/mp4/KcfV1nh8yEI.mp4
tachometer, https://media.signbsl.com/videos/asl/youtube/mp4/KcfV1nh8yEI.mp4
tachycardia, https://media.signbsl.com/videos/asl/youtube/mp4/wEYGpER_4kI.mp4
tacit, https://media.signbsl.com/videos/asl/youtube/mp4/x9RJ8PXgCrM.mp4
taciturn, https://media.signbsl.com/videos/asl/youtube/mp4/QjLHFoHOJNA.mp4
tack, https://player.vimeo.com/external/392164174.sd.mp4?s=8f2cdf93cf4b9a383cdeeffb2e1bbe146ba82a5a&profile_id=164
tackiness, https://media.signbsl.com/videos/asl/youtube/mp4/P4u9johXbcI.mp4
tackle, https://media.signbsl.com/videos/asl/youtube/mp4/FNY6v8yqOxA.mp4
Tackle (Football), https://player.vimeo.com/external/392755132.sd.mp4?s=070f32e7ccbf85f7f91c28fe8359b67319779202&profile_id=164
Tackle (Soccer), https://player.vimeo.com/external/392755189.sd.mp4?s=23eea4c6f89a2477b420f000ebc4b5de44decf57&profile_id=164
tackle football, https://player.vimeo.com/external/392755132.sd.mp4?s=070f32e7ccbf85f7f91c28fe8359b67319779202&profile_id=164
tackler, https://media.signbsl.com/videos/asl/youtube/mp4/-68Mw156mJE.mp4
tackle soccer, https://player.vimeo.com/external/392755189.sd.mp4?s=23eea4c6f89a2477b420f000ebc4b5de44decf57&profile_id=164
tack on, https://player.vimeo.com/external/392164174.sd.mp4?s=8f2cdf93cf4b9a383cdeeffb2e1bbe146ba82a5a&profile_id=164
tack together, https://media.signbsl.com/videos/asl/aslsearch/mp4/put-together.mp4
tack up, https://media.signbsl.com/videos/asl/youtube/mp4/ELvPCRdL1Ek.mp4
Tack Weld, https://media.signbsl.com/videos/asl/AustinCommunityCollege/mp4/weld_tack_weld_.mp4
taco, https://media.signbsl.com/videos/asl/aslsearch/mp4/taco.mp4
tacos, https://media.signbsl.com/videos/asl/aslsearch/mp4/taco.mp4
tact, https://media.signbsl.com/videos/asl/youtube/mp4/NPPprK6nJR4.mp4
tactfulness, https://media.signbsl.com/videos/asl/youtube/mp4/NPPprK6nJR4.mp4
tactic, https://media.signbsl.com/videos/asl/youtube/mp4/EjsJ9R2kMa0.mp4
tactician, https://media.signbsl.com/videos/asl/youtube/mp4/aKn7O9jhDl0.mp4
tactile, https://media.signbsl.com/videos/asl/youtube/mp4/arbdKtHONTQ.mp4
tactless, https://media.signbsl.com/videos/asl/youtube/mp4/pc3wXxnHa8Q.mp4
tactual, https://media.signbsl.com/videos/asl/youtube/mp4/arbdKtHONTQ.mp4
Tadjik, https://media.signbsl.com/videos/asl/youtube/mp4/S9MUVbmkJrk.mp4
tadpole, https://media.signbsl.com/videos/asl/youtube/mp4/6JQGOi0glfU.mp4
Tadzhik, https://media.signbsl.com/videos/asl/youtube/mp4/S9MUVbmkJrk.mp4
Tadzhikistan, https://media.signbsl.com/videos/asl/youtube/mp4/S9MUVbmkJrk.mp4
tafsir, https://media.signbsl.com/videos/asl/youtube/mp4/j0ZrrDFMogM.mp4
tag, https://media.signbsl.com/videos/asl/aslsignbank/mp4/CHASE-72.mp4
tagged image file format, https://media.signbsl.com/videos/asl/youtube/mp4/-WiiKAgIVNU.mp4
tag on, https://player.vimeo.com/external/392164174.sd.mp4?s=8f2cdf93cf4b9a383cdeeffb2e1bbe146ba82a5a&profile_id=164
tag up, https://media.signbsl.com/videos/asl/youtube/mp4/UIhOU9HZUJo.mp4
Tahiti, https://media.signbsl.com/videos/asl/youtube/mp4/_ONL6Xjq-g4.mp4
tail, https://media.signbsl.com/videos/asl/aslsignbank/mp4/CHASE-72.mp4
tailboard, https://media.signbsl.com/videos/asl/youtube/mp4/N8r52j2kuwg.mp4
tail end, https://media.signbsl.com/videos/asl/youtube/mp4/k4acAbNtqrg.mp4
tailgate, https://media.signbsl.com/videos/asl/youtube/mp4/N8r52j2kuwg.mp4
tailgater, https://media.signbsl.com/videos/asl/youtube/mp4/e9n2DKZhbqg.mp4
tail lamp, https://media.signbsl.com/videos/asl/youtube/mp4/9XFPU0Pe0oc.mp4
tailless, https://media.signbsl.com/videos/asl/youtube/mp4/2NweBY7zTUI.mp4
taillight, https://media.signbsl.com/videos/asl/youtube/mp4/9XFPU0Pe0oc.mp4
tail lights, https://media.signbsl.com/videos/asl/youtube/mp4/9XFPU0Pe0oc.mp4
tailpiece, https://media.signbsl.com/videos/asl/youtube/mp4/4NiUri7Vrko.mp4
tailspin, https://media.signbsl.com/videos/asl/youtube/mp4/x58xllyCBOc.mp4
tail twitch, https://media.signbsl.com/videos/asl/youtube/mp4/lAmzF1z00AY.mp4
tailwind, https://media.signbsl.com/videos/asl/youtube/mp4/2GRdKiCCgzU.mp4
taint, https://media.signbsl.com/videos/asl/youtube/mp4/0B0ewMUBncA.mp4
tainted, https://media.signbsl.com/videos/asl/youtube/mp4/L_6C0D_xBGQ.mp4
Taipeh, https://media.signbsl.com/videos/asl/youtube/mp4/85bl9-JOFo8.mp4
Taipei, https://media.signbsl.com/videos/asl/youtube/mp4/85bl9-JOFo8.mp4
tai pei, https://media.signbsl.com/videos/asl/youtube/mp4/85bl9-JOFo8.mp4
Taiwan, https://media.signbsl.com/videos/asl/youtube/mp4/z451fmAJr4g.mp4
Tajik, https://media.signbsl.com/videos/asl/youtube/mp4/S9MUVbmkJrk.mp4
Tajikistan, https://media.signbsl.com/videos/asl/youtube/mp4/S9MUVbmkJrk.mp4
take, https://media.signbsl.com/videos/asl/startasl/mp4/need.mp4
take a breath, https://media.signbsl.com/videos/asl/youtube/mp4/ooT-sILdUi0.mp4
take a breather, https://media.signbsl.com/videos/asl/signlanguagestudent/mp4/rest.mp4
take a chance, https://media.signbsl.com/videos/asl/youtube/mp4/4IHkz2jpnPs.mp4
take a class, https://media.signbsl.com/videos/asl/youtube/mp4/Gaz9tfWbnmw.mp4
take a crack at, https://media.signbsl.com/videos/asl/youtube/mp4/-mWFZwwGf0U.mp4
take a crap, https://media.signbsl.com/videos/asl/aslsignbank/mp4/POOP-916.mp4
take advantage, https://media.signbsl.com/videos/asl/youtube/mp4/tBiu5NZuz8A.mp4
take a firm stand, https://media.signbsl.com/videos/asl/youtube/mp4/if_S7bFJphE.mp4
take a hop, https://media.signbsl.com/videos/asl/aslsearch/mp4/spring.mp4
take aim, https://media.signbsl.com/videos/asl/aslsearch/mp4/aim.mp4
take a lot of pictures, https://media.signbsl.com/videos/asl/youtube/mp4/tuh8IxF7nvA.mp4
take apart, https://media.signbsl.com/videos/asl/youtube/mp4/FY3boVNHj2g.mp4
take a picture, https://media.signbsl.com/videos/asl/aslsignbank/mp4/TAKE-PICTURE-288.mp4
take a pill, https://media.signbsl.com/videos/asl/mariekatzenbachschool/mp4/take%20a%20pill.mp4
take a pulse back and forth, https://media.signbsl.com/videos/asl/youtube/mp4/pJhSA5C79h8.mp4
take a shit, https://media.signbsl.com/videos/asl/aslsignbank/mp4/POOP-916.mp4
takeaway, https://player.vimeo.com/external/392872213.sd.mp4?s=860ad5a8c27df099de6ff9cb12c86a05a9ff0802&profile_id=164
take away, https://player.vimeo.com/external/392872213.sd.mp4?s=860ad5a8c27df099de6ff9cb12c86a05a9ff0802&profile_id=164
take back, https://media.signbsl.com/videos/asl/youtube/mp4/tIqV_w1W6pk.mp4
take by, https://media.signbsl.com/videos/asl/youtube/mp4/6WMyCIO52EI.mp4
take by the hand, https://media.signbsl.com/videos/asl/youtube/mp4/RQ8fvlSNJ_k.mp4
take care, https://media.signbsl.com/videos/asl/startasl/mp4/takecare.mp4
take care of, https://media.signbsl.com/videos/asl/youtube/mp4/To1fVmJP8eg.mp4
take care of yourself, https://media.signbsl.com/videos/asl/startasl/mp4/take-care-of-yourself.mp4
take chances, https://media.signbsl.com/videos/asl/youtube/mp4/4IHkz2jpnPs.mp4
take courses, https://media.signbsl.com/videos/asl/youtube/mp4/oOabWtIRJ00.mp4
take down, https://media.signbsl.com/videos/asl/youtube/mp4/OaQUvo3Pr7w.mp4
take flight, https://media.signbsl.com/videos/asl/aslsearch/mp4/elude.mp4
take for, https://media.signbsl.com/videos/asl/youtube/mp4/Q9o8GPPS-lg.mp4
take from, https://media.signbsl.com/videos/asl/youtube/mp4/B6AMV-3vVeQ.mp4
take heart, https://media.signbsl.com/videos/asl/youtube/mp4/MGXWN-6naKA.mp4
take her breath away, https://media.signbsl.com/videos/asl/youtube/mp4/ujgoZiUIs_A.mp4
take her eyes off, https://media.signbsl.com/videos/asl/youtube/mp4/S65Mkzh9-Tg.mp4
take hold, https://media.signbsl.com/videos/asl/aslsignbank/mp4/HOLD-151.mp4
take in, https://media.signbsl.com/videos/asl/aslsearch/mp4/earn.mp4
take inhaler, https://media.signbsl.com/videos/asl/youtube/mp4/XgMX9JVYjj8.mp4
take into account, https://media.signbsl.com/videos/asl/youtube/mp4/UQrE1kqZL_Q.mp4
take in water, https://media.signbsl.com/videos/asl/youtube/mp4/q84PCohBW-s.mp4
take issue, https://media.signbsl.com/videos/asl/startasl/mp4/disagree.mp4
take it easy, https://media.signbsl.com/videos/asl/startasl/mp4/take-it-easy3.mp4
take kindly to, https://media.signbsl.com/videos/asl/youtube/mp4/5XXbC898YBE.mp4
take medicine, https://media.signbsl.com/videos/asl/youtube/mp4/BZIdfc7aAxk.mp4
take me over, https://media.signbsl.com/videos/asl/youtube/mp4/b8F3Q61wuOw.mp4
Taken Advantage Of, https://player.vimeo.com/external/392755339.sd.mp4?s=c2390b20f26f0501fb6eb18057d614a01fa9ebc1&profile_id=164
taken up, https://media.signbsl.com/videos/asl/aslsignbank/mp4/MONSTER-507.mp4
taken with, https://media.signbsl.com/videos/asl/youtube/mp4/47JR5-ETrzI.mp4
take off, https://media.signbsl.com/videos/asl/startasl/mp4/subtract.mp4
takeoff, https://media.signbsl.com/videos/asl/startasl/mp4/subtract.mp4
take off coat, https://media.signbsl.com/videos/asl/youtube/mp4/zefRjO0I8Sw.mp4
take off hood, https://media.signbsl.com/videos/asl/youtube/mp4/BBZlmcifaQE.mp4
take off my points, https://media.signbsl.com/videos/asl/youtube/mp4/zMBhbQbTmtk.mp4
take off shirt, https://media.signbsl.com/videos/asl/youtube/mp4/4ds1x1yY-eY.mp4
take out, https://media.signbsl.com/videos/asl/aslsearch/mp4/pull-out.mp4
takeout, https://media.signbsl.com/videos/asl/aslsearch/mp4/pull-out.mp4
takeout food, https://player.vimeo.com/external/392872213.sd.mp4?s=860ad5a8c27df099de6ff9cb12c86a05a9ff0802&profile_id=164
take over, https://media.signbsl.com/videos/asl/youtube/mp4/ZXQb_MnMIIM.mp4
take part, https://media.signbsl.com/videos/asl/signlanguagestudent/mp4/participate.mp4
take picture, https://media.signbsl.com/videos/asl/youtube/mp4/Y-QgPi6fhHs.mp4
take picture of paper, https://media.signbsl.com/videos/asl/youtube/mp4/A4mb5fAmXJQ.mp4
take pills, https://media.signbsl.com/videos/asl/startasl/mp4/take-pills.mp4
take place, https://media.signbsl.com/videos/asl/aslsearch/mp4/happen.mp4
taker, https://media.signbsl.com/videos/asl/youtube/mp4/lbCrAQZgS20.mp4
take the stand, https://media.signbsl.com/videos/asl/ids/mp4/2013-11-4890-testify-1500k-ase.mp4
take to be, https://media.signbsl.com/videos/asl/youtube/mp4/Zx6oZZJKEOI.mp4
take to court, https://player.vimeo.com/external/392264893.sd.mp4?s=5651fab10c418f00bcc6988f687bf0e6df2c8b19&profile_id=164
take to the woods, https://media.signbsl.com/videos/asl/youtube/mp4/iIPGD4v85NU.mp4
take turns, https://media.signbsl.com/videos/asl/startasl/mp4/take-turns.mp4
take up, https://media.signbsl.com/videos/asl/signlanguagestudent/mp4/take-up.mp4
take up for, https://media.signbsl.com/videos/asl/youtube/mp4/OsRYlZ0lRMI.mp4
take your time, https://player.vimeo.com/external/392755277.sd.mp4?s=0780b82ed3f86c57e9979a11b1286a7c2f81ca6f&profile_id=164
takings, https://media.signbsl.com/videos/asl/youtube/mp4/l0jHX4mGua0.mp4
tale, https://media.signbsl.com/videos/asl/signlanguagestudent/mp4/story.mp4
talebearer, https://media.signbsl.com/videos/asl/aslbricks/mp4/blabbermouth.mp4
talent, https://media.signbsl.com/videos/asl/signlanguagestudent/mp4/endowment.mp4
talented, https://media.signbsl.com/videos/asl/youtube/mp4/nS1JBAXgI1w.mp4
Talents, https://media.signbsl.com/videos/asl/signlanguagestudent/mp4/endowment.mp4
taleteller, https://media.signbsl.com/videos/asl/aslbricks/mp4/blabbermouth.mp4
talisman, https://media.signbsl.com/videos/asl/youtube/mp4/wPBzcFbAikg.mp4
talk, https://media.signbsl.com/videos/asl/signlanguagestudent/mp4/speak.mp4
talk about, https://media.signbsl.com/videos/asl/aslsearch/mp4/discuss.mp4
talkative, https://player.vimeo.com/external/392872249.sd.mp4?s=d625aaffa0d1ffcdfe7f5bd05369fceb65ed7606&profile_id=164
talkativeness, https://media.signbsl.com/videos/asl/youtube/mp4/7iwio9fffuQ.mp4
talk back, https://media.signbsl.com/videos/asl/youtube/mp4/T40ZlVd8kww.mp4
talk bad about someone, https://media.signbsl.com/videos/asl/youtube/mp4/3TRahkMzgJI.mp4
talk casually, https://media.signbsl.com/videos/asl/youtube/mp4/DihJvwxrpEA.mp4
talkie, https://media.signbsl.com/videos/asl/youtube/mp4/W3Ps8aqPPnU.mp4
talking, https://media.signbsl.com/videos/asl/signlanguagestudent/mp4/speak.mp4
talking picture, https://media.signbsl.com/videos/asl/youtube/mp4/W3Ps8aqPPnU.mp4
talk over, https://media.signbsl.com/videos/asl/aslsearch/mp4/elaborate.mp4
talk recklessly, https://media.signbsl.com/videos/asl/youtube/mp4/5qtivuUMSVE.mp4
talk speak, https://media.signbsl.com/videos/asl/youtube/mp4/8FrWB5VSoNQ.mp4
talk terms, https://media.signbsl.com/videos/asl/aslsearch/mp4/negotiate.mp4
talky, https://player.vimeo.com/external/392872249.sd.mp4?s=d625aaffa0d1ffcdfe7f5bd05369fceb65ed7606&profile_id=164
tall, https://media.signbsl.com/videos/asl/startasl/mp4/tall.mp4
taller, https://media.signbsl.com/videos/asl/elementalaslconcepts/mp4/taller.mp4
tallied, https://media.signbsl.com/videos/asl/youtube/mp4/KnjN4oKI5SA.mp4
tallish, https://media.signbsl.com/videos/asl/youtube/mp4/BIF96uULU0k.mp4
tallness, https://media.signbsl.com/videos/asl/startasl/mp4/height.mp4
tallow, https://media.signbsl.com/videos/asl/youtube/mp4/JBDkvN8yw0w.mp4
tally, https://media.signbsl.com/videos/asl/aslsearch/mp4/fit.mp4
tallyho, https://media.signbsl.com/videos/asl/youtube/mp4/xZWTGVzIrGY.mp4
tally mark, https://media.signbsl.com/videos/asl/tsdvideo/mp4/198.mp4
talon, https://media.signbsl.com/videos/asl/youtube/mp4/L2c5HjL2Kbc.mp4
tamable, https://media.signbsl.com/videos/asl/youtube/mp4/-dJSa3Oys6Y.mp4
tame, https://media.signbsl.com/videos/asl/youtube/mp4/4L7UqXBUGdg.mp4
tameable, https://media.signbsl.com/videos/asl/youtube/mp4/-dJSa3Oys6Y.mp4
tamer, https://media.signbsl.com/videos/asl/youtube/mp4/qWzvmbBOyDw.mp4
tamper, https://media.signbsl.com/videos/asl/youtube/mp4/HgS2b0d7zPA.mp4
tamperer, https://media.signbsl.com/videos/asl/youtube/mp4/q8MA9Kr9Chc.mp4
tan, https://media.signbsl.com/videos/asl/aslsearch/mp4/tan.mp4
tandem, https://media.signbsl.com/videos/asl/youtube/mp4/aPUVcNO8zm4.mp4
tandem bicycle, https://media.signbsl.com/videos/asl/youtube/mp4/aPUVcNO8zm4.mp4
tang, https://player.vimeo.com/external/392436550.sd.mp4?s=0b1eba7f3d8c336c199765f65c0140e685c027ef&profile_id=164
tangent, https://media.signbsl.com/videos/asl/tsdvideo/mp4/1329.mp4
tangibility, https://media.signbsl.com/videos/asl/youtube/mp4/MxFAhrIlYjQ.mp4
tangible, https://media.signbsl.com/videos/asl/youtube/mp4/DbXFj4nizVI.mp4
tangibleness, https://media.signbsl.com/videos/asl/youtube/mp4/MxFAhrIlYjQ.mp4
Tangier, https://media.signbsl.com/videos/asl/youtube/mp4/PcVhXKav-Z8.mp4
Tangiers, https://media.signbsl.com/videos/asl/youtube/mp4/PcVhXKav-Z8.mp4
tangle, https://media.signbsl.com/videos/asl/youtube/mp4/1gS_qQ0FCYA.mp4
tangled, https://media.signbsl.com/videos/asl/youtube/mp4/xmFDbX9J6O4.mp4
tangy, https://media.signbsl.com/videos/asl/youtube/mp4/fT-zlj8NSEs.mp4
tank, https://player.vimeo.com/external/393613802.sd.mp4?s=253f4e96a2b135bdead6a72991028f363fa0eaab&profile_id=164
tankful, https://media.signbsl.com/videos/asl/youtube/mp4/9v0j9k_mUmU.mp4
tank top, https://media.signbsl.com/videos/asl/aslsearch/mp4/tank-top.mp4
tank tops, https://media.signbsl.com/videos/asl/aslsearch/mp4/tank-top.mp4
tanner, https://media.signbsl.com/videos/asl/youtube/mp4/GJ3awf8RyD0.mp4
tanneries, https://media.signbsl.com/videos/asl/youtube/mp4/i1WvFzE25zw.mp4
tannery, https://media.signbsl.com/videos/asl/youtube/mp4/i1WvFzE25zw.mp4
tantalize, https://media.signbsl.com/videos/asl/youtube/mp4/dxk8dvTefNM.mp4
tantamount, NA
tantrum, https://media.signbsl.com/videos/asl/youtube/mp4/IzxS4yEDVHU.mp4
Tanzania, https://media.signbsl.com/videos/asl/youtube/mp4/CPYS6Xcj6sY.mp4
tap, https://media.signbsl.com/videos/asl/youtube/mp4/LbzpFD9CpT8.mp4
tape, https://media.signbsl.com/videos/asl/startasl/mp4/tape.mp4
tape machine, https://media.signbsl.com/videos/asl/youtube/mp4/lLlCKNesX8g.mp4
tape notonlist, https://media.signbsl.com/videos/asl/youtube/mp4/BvWPutff5Q0.mp4
taper, https://media.signbsl.com/videos/asl/startasl/mp4/candle.mp4
tape recorder, https://media.signbsl.com/videos/asl/youtube/mp4/lLlCKNesX8g.mp4
taper off, https://media.signbsl.com/videos/asl/youtube/mp4/RH_2zcpxKnc.mp4
tap house, https://player.vimeo.com/external/392429153.sd.mp4?s=3213d61d40a881efea864ffc84d2883c65d954b8&profile_id=164
taphouse, https://player.vimeo.com/external/392429153.sd.mp4?s=3213d61d40a881efea864ffc84d2883c65d954b8&profile_id=164
tap out, https://media.signbsl.com/videos/asl/youtube/mp4/FsH8pnWvTYc.mp4
tapper, https://media.signbsl.com/videos/asl/youtube/mp4/zoREOpA7wzk.mp4
taproom, https://media.signbsl.com/videos/asl/startasl/mp4/bar.mp4
taproot, https://media.signbsl.com/videos/asl/youtube/mp4/QEX7WlrmhZU.mp4
tap your shoulder, https://media.signbsl.com/videos/asl/youtube/mp4/iZXC6GTEVnw.mp4
taq, https://media.signbsl.com/videos/asl/deaftec/mp4/1431.mp4
tar, https://media.signbsl.com/videos/asl/youtube/mp4/1et83qdKyOw.mp4
tarables, https://media.signbsl.com/videos/asl/youtube/mp4/WqwX5R1woR4.mp4
taradiddle, https://media.signbsl.com/videos/asl/youtube/mp4/yuyD1dkz7mQ.mp4
tardy, https://media.signbsl.com/videos/asl/startasl/mp4/late.mp4
target, https://media.signbsl.com/videos/asl/elementalaslconcepts/mp4/prey.mp4
Tar Heel State, https://media.signbsl.com/videos/asl/youtube/mp4/m46aAIqqAoU.mp4
tariff, https://media.signbsl.com/videos/asl/youtube/mp4/baCNZihp35Q.mp4
tarn, https://media.signbsl.com/videos/asl/youtube/mp4/fzI5HlfsY-Q.mp4
tarnish, https://media.signbsl.com/videos/asl/valleybible/mp4/defile.mp4
tarnished, https://media.signbsl.com/videos/asl/youtube/mp4/L_6C0D_xBGQ.mp4
tarot, https://media.signbsl.com/videos/asl/youtube/mp4/aBiQE76npXo.mp4
tarot card, https://media.signbsl.com/videos/asl/youtube/mp4/aBiQE76npXo.mp4
tarradiddle, https://media.signbsl.com/videos/asl/youtube/mp4/yuyD1dkz7mQ.mp4
tarried, https://media.signbsl.com/videos/asl/youtube/mp4/O0a7FdhT_zc.mp4
tarry, https://player.vimeo.com/external/392267878.sd.mp4?s=10d9266847209e94d3c1a9616403129d8e274422&profile_id=164
tart, https://media.signbsl.com/videos/asl/aslsearch/mp4/whore.mp4
tartan, https://media.signbsl.com/videos/asl/aslsearch/mp4/plaid.mp4
task, https://media.signbsl.com/videos/asl/aslsearch/mp4/project.mp4
taskbar, https://media.signbsl.com/videos/asl/mariekatzenbachschool/mp4/taskbar.mp4
taskforce, NA
taskmaster, https://media.signbsl.com/videos/asl/youtube/mp4/LEaA5a-_LhQ.mp4
task me, https://media.signbsl.com/videos/asl/youtube/mp4/PqX4SNNjyqc.mp4
tassel, https://media.signbsl.com/videos/asl/aslsearch/mp4/tassel.mp4
taste, https://media.signbsl.com/videos/asl/youtube/mp4/aEDKO8Bp5hk.mp4
tasteful, https://media.signbsl.com/videos/asl/youtube/mp4/cER8QuqotbE.mp4
tasteless, https://media.signbsl.com/videos/asl/youtube/mp4/iHAVUJIosQM.mp4
taster, https://media.signbsl.com/videos/asl/youtube/mp4/FtUGrpfizHI.mp4
taste tester, https://media.signbsl.com/videos/asl/youtube/mp4/FtUGrpfizHI.mp4
tastier, https://media.signbsl.com/videos/asl/youtube/mp4/JHxqPBmZT58.mp4
tasty, https://media.signbsl.com/videos/asl/youtube/mp4/ZRWkaL24AlI.mp4
tat, https://media.signbsl.com/videos/asl/youtube/mp4/P4u9johXbcI.mp4
tater, https://media.signbsl.com/videos/asl/startasl/mp4/potato.mp4
tatterdemalion, https://media.signbsl.com/videos/asl/youtube/mp4/qPBvq8tYcq4.mp4
tattle, https://media.signbsl.com/videos/asl/aslsearch/mp4/tattle.mp4
tattler, https://media.signbsl.com/videos/asl/aslbricks/mp4/blabbermouth.mp4
tattletale, https://media.signbsl.com/videos/asl/aslbricks/mp4/blabbermouth.mp4
tattoo, https://media.signbsl.com/videos/asl/youtube/mp4/ngqYnfpcElA.mp4
tattooer, https://media.signbsl.com/videos/asl/youtube/mp4/vWM5zZ1Nw-M.mp4
tatty, https://media.signbsl.com/videos/asl/youtube/mp4/LZQEuG1ldcE.mp4
taut, https://media.signbsl.com/videos/asl/youtube/mp4/DO6TTQdjUmU.mp4
tauten, https://media.signbsl.com/videos/asl/youtube/mp4/mg_ifKEld-g.mp4
tauter, https://media.signbsl.com/videos/asl/youtube/mp4/r5HHBxOwZvg.mp4
tavern, https://media.signbsl.com/videos/asl/youtube/mp4/J7TB4ABQrbw.mp4
taw, https://media.signbsl.com/videos/asl/youtube/mp4/uW9Vq_xRaMQ.mp4
tawdrily, https://media.signbsl.com/videos/asl/youtube/mp4/HYQlZpja1W8.mp4
tawdriness, https://media.signbsl.com/videos/asl/youtube/mp4/N9yhABLu82I.mp4
tawny, https://media.signbsl.com/videos/asl/youtube/mp4/eAQwFrtsnCk.mp4
tax, https://media.signbsl.com/videos/asl/signlanguagestudent/mp4/tax.mp4
taxable, https://media.signbsl.com/videos/asl/youtube/mp4/Ww3A75swkEQ.mp4
tax assessor, https://media.signbsl.com/videos/asl/youtube/mp4/mZ4TtF2fd04.mp4
taxation, https://media.signbsl.com/videos/asl/signlanguagestudent/mp4/tax.mp4
taxation without representation, https://media.signbsl.com/videos/asl/elementalaslconcepts/mp4/taxation_without_representation.mp4
taxer, https://media.signbsl.com/videos/asl/youtube/mp4/D0Lipait4B0.mp4
tax fs, https://media.signbsl.com/videos/asl/signlanguagestudent/mp4/tax-fs.mp4
taxi, https://media.signbsl.com/videos/asl/youtube/mp4/g06MXLJ3LPg.mp4
taxicab, https://media.signbsl.com/videos/asl/youtube/mp4/g06MXLJ3LPg.mp4
taxidermist, https://media.signbsl.com/videos/asl/youtube/mp4/yt1L9vMJNM8.mp4
taxing, https://media.signbsl.com/videos/asl/youtube/mp4/1gZ37TACjws.mp4
taxi rank, https://media.signbsl.com/videos/asl/youtube/mp4/VpGGmOBS7fk.mp4
taxistand, https://media.signbsl.com/videos/asl/youtube/mp4/VpGGmOBS7fk.mp4
taxonomer, https://media.signbsl.com/videos/asl/youtube/mp4/ryZuVYJy_Qo.mp4
taxonomic, https://media.signbsl.com/videos/asl/youtube/mp4/DSm3POP3PRs.mp4
taxonomical, https://media.signbsl.com/videos/asl/youtube/mp4/DSm3POP3PRs.mp4
taxonomist, https://media.signbsl.com/videos/asl/youtube/mp4/ryZuVYJy_Qo.mp4
taxpayer, https://media.signbsl.com/videos/asl/youtube/mp4/b2id-gjvG3g.mp4
TB, https://media.signbsl.com/videos/asl/aslsearch/mp4/t.mp4
t bone, https://media.signbsl.com/videos/asl/youtube/mp4/2fSqmh6z3_M.mp4
tchotchke, https://media.signbsl.com/videos/asl/youtube/mp4/HRd_4GP0dtE.mp4
TCP, https://media.signbsl.com/videos/asl/deaftec/mp4/1070.mp4
TCP/IP, https://media.signbsl.com/videos/asl/deaftec/mp4/1071.mp4
tcp ip, https://media.signbsl.com/videos/asl/deaftec/mp4/1071.mp4
tdd, https://media.signbsl.com/videos/asl/aslsignbank/mp4/CALL-TTY-64.mp4
TDT, https://media.signbsl.com/videos/asl/aslsearch/mp4/tt.mp4
tea, https://media.signbsl.com/videos/asl/startasl/mp4/tea.mp4
teach, https://media.signbsl.com/videos/asl/signlanguagestudent/mp4/instruct.mp4
teachable, https://media.signbsl.com/videos/asl/youtube/mp4/u-3hJQpPdIg.mp4
teacher, https://media.signbsl.com/videos/asl/startasl/mp4/teacher.mp4
Teacher Office in the Aaronic Priesthood, https://media.signbsl.com/videos/asl/ids/mp4/2013-11-4790-teacher-office-in-aaronic-priesthood-1500k-ase.mp4
teaching, https://media.signbsl.com/videos/asl/aslsignbank/mp4/STUDY-1139.mp4
teach me, https://media.signbsl.com/videos/asl/youtube/mp4/CvI30gaVJQg.mp4
teacup, https://media.signbsl.com/videos/asl/youtube/mp4/Fb9p4conwow.mp4
teacupful, https://media.signbsl.com/videos/asl/youtube/mp4/Fb9p4conwow.mp4
teacup roller coaster ride, https://media.signbsl.com/videos/asl/youtube/mp4/Rf0Vxupdam8.mp4
teahouse, https://media.signbsl.com/videos/asl/youtube/mp4/vMI-aGj4N_M.mp4
teakettle, https://media.signbsl.com/videos/asl/youtube/mp4/TqBiYjWMm3I.mp4
team, https://media.signbsl.com/videos/asl/startasl/mp4/team.mp4
teammate, https://media.signbsl.com/videos/asl/youtube/mp4/cZFRwcK8lv8.mp4
team spirit, https://media.signbsl.com/videos/asl/youtube/mp4/C5I-QhhOUvY.mp4
teamster, https://media.signbsl.com/videos/asl/youtube/mp4/zCUbhzP_K8Q.mp4
tea parlor, https://media.signbsl.com/videos/asl/youtube/mp4/vMI-aGj4N_M.mp4
tea parlour, https://media.signbsl.com/videos/asl/youtube/mp4/vMI-aGj4N_M.mp4
teapot, https://media.signbsl.com/videos/asl/aslsearch/mp4/teapot.mp4
tear, https://media.signbsl.com/videos/asl/youtube/mp4/HEoAxCknUYU.mp4
tear apart, https://media.signbsl.com/videos/asl/youtube/mp4/3TRahkMzgJI.mp4
tear down, https://media.signbsl.com/videos/asl/aslsearch/mp4/tear-down.mp4
teardrop, https://media.signbsl.com/videos/asl/youtube/mp4/g4zb7fVNp28.mp4
tearier, https://media.signbsl.com/videos/asl/youtube/mp4/AD4WV_Gxq7k.mp4
tearjerker, https://media.signbsl.com/videos/asl/youtube/mp4/7Puqjqj-8Xk.mp4
tearless, https://media.signbsl.com/videos/asl/youtube/mp4/xSlXF4_KyRo.mp4
tear my hair apart, https://media.signbsl.com/videos/asl/youtube/mp4/qdBlcB6-piE.mp4
tearoom, https://media.signbsl.com/videos/asl/youtube/mp4/vMI-aGj4N_M.mp4
tear up, https://media.signbsl.com/videos/asl/youtube/mp4/v1aaNCjcszE.mp4
tease, https://media.signbsl.com/videos/asl/elementalaslconcepts/mp4/tease.mp4
teaser, https://media.signbsl.com/videos/asl/youtube/mp4/oLQXn_x16Po.mp4
teashop, https://media.signbsl.com/videos/asl/youtube/mp4/vMI-aGj4N_M.mp4
teasing, https://media.signbsl.com/videos/asl/startasl/mp4/annoying.mp4
teaspoon, https://media.signbsl.com/videos/asl/youtube/mp4/6xtiPlQ_rG4.mp4
teaspoonful, https://media.signbsl.com/videos/asl/youtube/mp4/6xtiPlQ_rG4.mp4
teat, https://media.signbsl.com/videos/asl/aslsearch/mp4/nipple.mp4
teatime, https://media.signbsl.com/videos/asl/youtube/mp4/4PUenReSPUM.mp4
tec, https://media.signbsl.com/videos/asl/ids/mp4/2013-11-2480-investigator-1500k-ase.mp4
tech, https://media.signbsl.com/videos/asl/youtube/mp4/WcxCLV3suHg.mp4
technical, https://media.signbsl.com/videos/asl/signlanguagestudent/mp4/technical.mp4
technical foul, https://media.signbsl.com/videos/asl/youtube/mp4/WMSHmxICt6A.mp4
technicalities, https://media.signbsl.com/videos/asl/youtube/mp4/azy4_y2bpj0.mp4
technicality, https://media.signbsl.com/videos/asl/youtube/mp4/azy4_y2bpj0.mp4
technically, https://media.signbsl.com/videos/asl/youtube/mp4/yvTshPFi4go.mp4
technical school, https://media.signbsl.com/videos/asl/youtube/mp4/WcxCLV3suHg.mp4
technical support, https://media.signbsl.com/videos/asl/mariekatzenbachschool/mp4/technical%20support.mp4
technician, https://media.signbsl.com/videos/asl/aslsearch/mp4/technician.mp4
technicolor, https://media.signbsl.com/videos/asl/youtube/mp4/hzbMGRSJsEQ.mp4
technique, https://media.signbsl.com/videos/asl/aslsignbank/mp4/TECH-1183.mp4
techniques, https://media.signbsl.com/videos/asl/aslsignbank/mp4/TECH-1183.mp4
technocracies, https://media.signbsl.com/videos/asl/youtube/mp4/UJkkwYgeVk8.mp4
technocracy, https://media.signbsl.com/videos/asl/youtube/mp4/UJkkwYgeVk8.mp4
technocrat, https://media.signbsl.com/videos/asl/youtube/mp4/wzTVU2KCWaQ.mp4
technologist, https://media.signbsl.com/videos/asl/aslsignbank/mp4/ENGINEER-2889.mp4
technology, https://media.signbsl.com/videos/asl/elementalaslconcepts/mp4/technology.mp4
technophobe, https://media.signbsl.com/videos/asl/youtube/mp4/ntmfFHAN1CI.mp4
techno savvy, https://media.signbsl.com/videos/asl/youtube/mp4/6ozqCFKakQw.mp4
tech school, https://media.signbsl.com/videos/asl/mariekatzenbachschool/mp4/tech%20school.mp4
techy, https://player.vimeo.com/external/392684947.sd.mp4?s=25b140140ab5fde397ff8f68752e12ae1370b033&profile_id=164
tectonic, https://media.signbsl.com/videos/asl/youtube/mp4/tXYNH8HIXpk.mp4
teddies, https://media.signbsl.com/videos/asl/youtube/mp4/thH8DjKhJeg.mp4
teddy, https://media.signbsl.com/videos/asl/youtube/mp4/https://www.youtube.com/watch?v=VdnjxcHBkBI.mp4
teddy bear, https://media.signbsl.com/videos/asl/youtube/mp4/https://www.youtube.com/watch?v=VdnjxcHBkBI.mp4
tedious, https://media.signbsl.com/videos/asl/aslsearch/mp4/dull.mp4
tee, https://media.signbsl.com/videos/asl/youtube/mp4/YdN8i1MsHCU.mp4
teeing ground, https://media.signbsl.com/videos/asl/youtube/mp4/YdN8i1MsHCU.mp4
tee joint, https://media.signbsl.com/videos/asl/AustinCommunityCollege/mp4/weld_teejoint_.mp4
teem, https://media.signbsl.com/videos/asl/youtube/mp4/ZuVBpbvDvGA.mp4
teemingness, https://media.signbsl.com/videos/asl/aslsearch/mp4/abundance.mp4
teenager, https://media.signbsl.com/videos/asl/aslsignbank/mp4/TEENAGER-1185.mp4
teenybopper, https://media.signbsl.com/videos/asl/youtube/mp4/6rOwwH6gIAU.mp4
teepee, https://player.vimeo.com/external/392520826.sd.mp4?s=1c32182094b8143e2a159e8e57d3844f0fa39f65&profile_id=164
teeter, https://media.signbsl.com/videos/asl/youtube/mp4/zPHXaojVM74.mp4
teeterboard, https://media.signbsl.com/videos/asl/aslsearch/mp4/seesaw.mp4
teeter totter, https://media.signbsl.com/videos/asl/aslsearch/mp4/seesaw.mp4
teeth, https://media.signbsl.com/videos/asl/aslsignbank/mp4/TEETH-1187.mp4
teethe, https://media.signbsl.com/videos/asl/youtube/mp4/_Mb79pYXgR0.mp4
teething ring, https://media.signbsl.com/videos/asl/aslsignbank/mp4/PACIFIER-2278.mp4
teetotal, https://media.signbsl.com/videos/asl/youtube/mp4/RLGAyoCmYwE.mp4
Tegucigalpa, https://media.signbsl.com/videos/asl/youtube/mp4/F9FXvmtT098.mp4
teh tarik, https://media.signbsl.com/videos/asl/youtube/mp4/P1g9KY4ZtOE.mp4
telecast, https://media.signbsl.com/videos/asl/youtube/mp4/phs8i3gXWCE.mp4
telecasting, https://media.signbsl.com/videos/asl/youtube/mp4/ubM92ctBFFs.mp4
telecommunication, https://media.signbsl.com/videos/asl/youtube/mp4/AJqUo1ZEMBE.mp4
telecommute, https://media.signbsl.com/videos/asl/youtube/mp4/-tz9wjZOhrE.mp4
teleconference, https://media.signbsl.com/videos/asl/youtube/mp4/b2t7i8pKcH8.mp4
teleconferencing, https://media.signbsl.com/videos/asl/youtube/mp4/b2t7i8pKcH8.mp4
telegenic, https://media.signbsl.com/videos/asl/youtube/mp4/_EDgnbSk_w4.mp4
telegram, https://player.vimeo.com/external/392872317.sd.mp4?s=b2bfc60443aaae3718b24525c558743bb50c965b&profile_id=164
telegraph, https://media.signbsl.com/videos/asl/elementalaslconcepts/mp4/telegraph.mp4
telegraphy, https://media.signbsl.com/videos/asl/elementalaslconcepts/mp4/telegraph.mp4
telekinesis, https://media.signbsl.com/videos/asl/youtube/mp4/y_NwiqBzAtU.mp4
telemarketer, https://media.signbsl.com/videos/asl/youtube/mp4/fLTmdzbxaFo.mp4
telemeter, https://media.signbsl.com/videos/asl/youtube/mp4/LaqK5032elk.mp4
teleological, https://media.signbsl.com/videos/asl/youtube/mp4/OoUTYbvLKb4.mp4
teleology, https://media.signbsl.com/videos/asl/philosophy/mp4/Teleology-HD.mp4
telepathic, https://media.signbsl.com/videos/asl/youtube/mp4/5nq3X8mGzRA.mp4
telephone, https://media.signbsl.com/videos/asl/startasl/mp4/telephone.mp4
telephone receiver, https://media.signbsl.com/videos/asl/youtube/mp4/vDInsWZJGVM.mp4
telephone set, https://media.signbsl.com/videos/asl/startasl/mp4/telephone.mp4
telephony, https://media.signbsl.com/videos/asl/youtube/mp4/_-uz941G9v0.mp4
telephoto lens, https://player.vimeo.com/external/392638435.sd.mp4?s=1506f5ecc6978ccdbaa2781d8a4bac2897016164&profile_id=164
teleplay, https://media.signbsl.com/videos/asl/youtube/mp4/CnKlzCpvUeg.mp4
teleport, https://media.signbsl.com/videos/asl/youtube/mp4/4jlEkS0IgOg.mp4
Teleprompter, https://media.signbsl.com/videos/asl/youtube/mp4/BV4GJAfSMeU.mp4
telescope, https://media.signbsl.com/videos/asl/aslsearch/mp4/telescope.mp4
Telestial Kingdom, https://media.signbsl.com/videos/asl/ids/mp4/2013-11-4800-telestial-kingdom-1500k-ase.mp4
teletext, https://media.signbsl.com/videos/asl/youtube/mp4/4YARy37psaY.mp4
telethon, https://media.signbsl.com/videos/asl/youtube/mp4/etDcxC_RQZY.mp4
televangelism, https://media.signbsl.com/videos/asl/youtube/mp4/Be79wTAk-Rk.mp4
televise, https://media.signbsl.com/videos/asl/youtube/mp4/phs8i3gXWCE.mp4
television, https://media.signbsl.com/videos/asl/startasl/mp4/television.mp4
television camera, https://media.signbsl.com/videos/asl/youtube/mp4/mKmK81hhSFI.mp4
television channel, https://media.signbsl.com/videos/asl/aslsignbank/mp4/CHANNEL-1055.mp4
television receiver, https://media.signbsl.com/videos/asl/startasl/mp4/television.mp4
television set, https://media.signbsl.com/videos/asl/startasl/mp4/television.mp4
tell, https://media.signbsl.com/videos/asl/aslsignbank/mp4/SAY-536.mp4
tell apart, https://media.signbsl.com/videos/asl/youtube/mp4/RQRYjUrdbTg.mp4
teller, https://media.signbsl.com/videos/asl/aslsearch/mp4/narrator.mp4
telling, https://media.signbsl.com/videos/asl/youtube/mp4/P3CgyAE5Bi0.mp4
telling a story, https://media.signbsl.com/videos/asl/youtube/mp4/5gePGG1sVx0.mp4
telling someone to go, https://media.signbsl.com/videos/asl/youtube/mp4/SherEOs7yis.mp4
tell on, https://media.signbsl.com/videos/asl/youtube/mp4/056zQDVlVfg.mp4
telltale, https://media.signbsl.com/videos/asl/aslbricks/mp4/blabbermouth.mp4
tellurian, https://media.signbsl.com/videos/asl/youtube/mp4/8DY3atgrEU8.mp4
telly, https://media.signbsl.com/videos/asl/startasl/mp4/television.mp4
telophase, https://media.signbsl.com/videos/asl/youtube/mp4/SN6UdDg14lo.mp4
temblor, https://media.signbsl.com/videos/asl/startasl/mp4/earthquake.mp4
temerity, https://media.signbsl.com/videos/asl/youtube/mp4/8E8PoBSHHRY.mp4
temp, https://media.signbsl.com/videos/asl/youtube/mp4/VPZnILthbw8.mp4
temp control valve, https://media.signbsl.com/videos/asl/AustinCommunityCollege/mp4/auto_temp_ctrl_valve_.mp4
temper, https://media.signbsl.com/videos/asl/youtube/mp4/l4W8A9BBFKE.mp4
temperament, https://media.signbsl.com/videos/asl/youtube/mp4/b2jH75fOYBc.mp4
temperance, https://media.signbsl.com/videos/asl/youtube/mp4/YlDEgl7Msxk.mp4
temperate, https://media.signbsl.com/videos/asl/youtube/mp4/Rn0ZuvjoN5c.mp4
temperateness, https://player.vimeo.com/external/392673529.sd.mp4?s=30c157786457baf5292a7a09dd783d87b100b76d&profile_id=164
temperature, https://media.signbsl.com/videos/asl/aslsignbank/mp4/WARM-1410.mp4
temperature sensor, https://media.signbsl.com/videos/asl/AustinCommunityCollege/mp4/auto_temp_sensor_.mp4
tempest, https://media.signbsl.com/videos/asl/youtube/mp4/3ejH8FduPO0.mp4
tempestuous, https://media.signbsl.com/videos/asl/youtube/mp4/0ndX1VRsssk.mp4
templatemaster, https://media.signbsl.com/videos/asl/youtube/mp4/68qaefq9Jew.mp4
temple, https://media.signbsl.com/videos/asl/youtube/mp4/TBCnfBe-0Pw.mp4
Temple Jewish, https://media.signbsl.com/videos/asl/ids/mp4/2013-11-4820-temple-jewish-1500k-ase.mp4
Temple Mormon, https://media.signbsl.com/videos/asl/ids/mp4/2013-11-4810-temple-mormon-1500k-ase.mp4
Temple Ordinances, https://media.signbsl.com/videos/asl/ids/mp4/2013-11-4830-temple-ordinance-1500k-ase.mp4
Temple Recommend, https://media.signbsl.com/videos/asl/ids/mp4/2013-11-4840-temple-recommend-1500k-ase.mp4
temporal, https://media.signbsl.com/videos/asl/signlanguagestudent/mp4/temporal.mp4
temporary worker, https://media.signbsl.com/videos/asl/youtube/mp4/VPZnILthbw8.mp4
tempt, https://media.signbsl.com/videos/asl/aslsignbank/mp4/TEMPT-1190.mp4
temptation, https://media.signbsl.com/videos/asl/youtube/mp4/zsBs25Myuu0.mp4
Tempt Temptation, https://media.signbsl.com/videos/asl/ids/mp4/2013-11-4860-tempt-temptation-1500k-ase.mp4
ten, https://media.signbsl.com/videos/asl/signlanguagestudent/mp4/ten.mp4
tenacious, https://media.signbsl.com/videos/asl/youtube/mp4/9Fb3L4zSHX8.mp4
tenancies, https://media.signbsl.com/videos/asl/youtube/mp4/dDBDbdX5jCQ.mp4
tenancy, https://media.signbsl.com/videos/asl/youtube/mp4/dDBDbdX5jCQ.mp4
tenant, https://media.signbsl.com/videos/asl/youtube/mp4/_7hqQCoV5Ak.mp4
tenant farmer, https://media.signbsl.com/videos/asl/elementalaslconcepts/mp4/tenant_farmer.mp4
ten billionths, https://media.signbsl.com/videos/asl/tsdvideo/mp4/508.mp4
Ten Commandments, https://media.signbsl.com/videos/asl/valleybible/mp4/Ten%20Commandments.mp4
tend, https://media.signbsl.com/videos/asl/youtube/mp4/ch3K3P76XtI.mp4
tendency, https://media.signbsl.com/videos/asl/tsdvideo/mp4/515.mp4
tender, https://media.signbsl.com/videos/asl/aslsearch/mp4/sore.mp4
tenderer, https://media.signbsl.com/videos/asl/youtube/mp4/0luFvqkc7bU.mp4
tenderfeet, https://media.signbsl.com/videos/asl/youtube/mp4/jNgGMLQLjKA.mp4
tenderise, https://media.signbsl.com/videos/asl/youtube/mp4/julsXnXhW8c.mp4
tenderize, https://media.signbsl.com/videos/asl/youtube/mp4/julsXnXhW8c.mp4
tenderness, https://media.signbsl.com/videos/asl/aslsignbank/mp4/AFFECTION-2476.mp4
tending, https://media.signbsl.com/videos/asl/youtube/mp4/KGfMz834lyE.mp4
ten dollars, https://media.signbsl.com/videos/asl/mariekatzenbachschool/mp4/ten%20dollars.mp4
tendon, https://media.signbsl.com/videos/asl/youtube/mp4/UN6xaveR0YI.mp4
tend to, https://media.signbsl.com/videos/asl/startasl/mp4/tend-to.mp4
tenet, https://media.signbsl.com/videos/asl/youtube/mp4/DGx8f4sQFEg.mp4
tenfold, https://media.signbsl.com/videos/asl/youtube/mp4/Gw1FvmehcMY.mp4
ten millionths, https://media.signbsl.com/videos/asl/tsdvideo/mp4/1230.mp4
Tennessee, https://media.signbsl.com/videos/asl/youtube/mp4/BGwbZB8HqUk.mp4
tennis, https://media.signbsl.com/videos/asl/startasl/mp4/tennis.mp4
tennis shoe, https://media.signbsl.com/videos/asl/youtube/mp4/GJm1yIB0o5k.mp4
ten o'clock, https://media.signbsl.com/videos/asl/youtube/mp4/HYHs67OkLeg.mp4
ten oclock, https://media.signbsl.com/videos/asl/youtube/mp4/HYHs67OkLeg.mp4
tenor, https://media.signbsl.com/videos/asl/youtube/mp4/dmEzNkUvSKI.mp4
tens, https://media.signbsl.com/videos/asl/signlanguagestudent/mp4/ten.mp4
tense, https://media.signbsl.com/videos/asl/youtube/mp4/AlqRMWiCROE.mp4
tenseness, https://media.signbsl.com/videos/asl/aslsearch/mp4/stress.mp4
tenser, https://media.signbsl.com/videos/asl/youtube/mp4/mOjWqiyo_fo.mp4
tensile, https://player.vimeo.com/external/392416274.sd.mp4?s=3f4cecd1e89d66b4b8b82d3956dc657a0e6b94c8&profile_id=164
tension, https://media.signbsl.com/videos/asl/aslsearch/mp4/stress.mp4
tens place, https://media.signbsl.com/videos/asl/tsdvideo/mp4/1537.mp4
ten strike, https://media.signbsl.com/videos/asl/youtube/mp4/kcdKfNRrEy8.mp4
tent, https://media.signbsl.com/videos/asl/youtube/mp4/EpweU31Lx0M.mp4
tentacle, https://media.signbsl.com/videos/asl/youtube/mp4/IsZIez_aWL8.mp4
tentative, https://media.signbsl.com/videos/asl/youtube/mp4/6bwNBp_hMDA.mp4
tenth, https://media.signbsl.com/videos/asl/tsdvideo/mp4/1200.mp4
ten thousand dollars, https://media.signbsl.com/videos/asl/mariekatzenbachschool/mp4/ten%20thousand%20dollars.mp4
ten thousandths, https://media.signbsl.com/videos/asl/tsdvideo/mp4/273.mp4
tenting, https://media.signbsl.com/videos/asl/startasl/mp4/camping.mp4
Ten Tribes, https://media.signbsl.com/videos/asl/ids/mp4/2013-11-4870-ten-tribes-1500k-ase.mp4
tenuous, https://media.signbsl.com/videos/asl/youtube/mp4/HSpuI4O6rO4.mp4
tenure, https://media.signbsl.com/videos/asl/youtube/mp4/wV_mXIzvOEc.mp4
tepee, https://player.vimeo.com/external/392520826.sd.mp4?s=1c32182094b8143e2a159e8e57d3844f0fa39f65&profile_id=164
tephra, https://media.signbsl.com/videos/asl/youtube/mp4/tnMXJL1ZLII.mp4
tepid, https://media.signbsl.com/videos/asl/youtube/mp4/phEvhX3OMy8.mp4
terabyte, https://media.signbsl.com/videos/asl/aslsearch/mp4/t.mp4
tercet, https://media.signbsl.com/videos/asl/aslsearch/mp4/triplets2.mp4
tergiversate, https://player.vimeo.com/external/391197298.sd.mp4?s=522664f387ec446f6838dee858a7a7d855f8f5d4&profile_id=164
tergiversation, https://media.signbsl.com/videos/asl/valleybible/mp4/apostasy.mp4
term, https://media.signbsl.com/videos/asl/youtube/mp4/qGEP-MJWTIE.mp4
terminable, https://media.signbsl.com/videos/asl/youtube/mp4/hNVzz6itx2A.mp4
terminal, https://media.signbsl.com/videos/asl/youtube/mp4/QEyuraKCojQ.mp4
terminate, https://media.signbsl.com/videos/asl/signlanguagestudent/mp4/finish.mp4
termination, https://media.signbsl.com/videos/asl/youtube/mp4/xFHMEwDNN8M.mp4
terminator, https://media.signbsl.com/videos/asl/youtube/mp4/pX9LOkuASSQ.mp4
terminology, https://media.signbsl.com/videos/asl/youtube/mp4/ct7QuEjSF5Q.mp4
terminus, https://media.signbsl.com/videos/asl/youtube/mp4/QEyuraKCojQ.mp4
termite, https://media.signbsl.com/videos/asl/youtube/mp4/rvFAC8J0-Nc.mp4
term of office, https://media.signbsl.com/videos/asl/youtube/mp4/wV_mXIzvOEc.mp4
terms, https://media.signbsl.com/videos/asl/aslsignbank/mp4/PRICE-931.mp4
ternary, https://media.signbsl.com/videos/asl/aslsearch/mp4/triplets2.mp4
ternion, https://media.signbsl.com/videos/asl/aslsearch/mp4/triplets2.mp4
terrace, https://media.signbsl.com/videos/asl/youtube/mp4/KaeED4e00nU.mp4
terra firma, https://media.signbsl.com/videos/asl/aslsearch/mp4/ground.mp4
terrapin, https://media.signbsl.com/videos/asl/youtube/mp4/sytKWWjeR-Y.mp4
terrarium, https://media.signbsl.com/videos/asl/elementalaslconcepts/mp4/terrarium.mp4
terrestrial, https://media.signbsl.com/videos/asl/elementalaslconcepts/mp4/terrestrial.mp4
terrestrial dynamical time, https://media.signbsl.com/videos/asl/aslsearch/mp4/tt.mp4
Terrestrial Kingdom, https://media.signbsl.com/videos/asl/ids/mp4/2013-11-4880-terrestrial-kingdom-1500k-ase.mp4
terrestrial time, https://media.signbsl.com/videos/asl/aslsearch/mp4/tt.mp4
terrible, https://media.signbsl.com/videos/asl/startasl/mp4/awful.mp4
terrific, https://media.signbsl.com/videos/asl/startasl/mp4/wonderful.mp4
terrified, https://player.vimeo.com/external/392694488.sd.mp4?s=444fb0209a7456d5b1ec1f25cb100710e22bc824&profile_id=164
territorial dominion, https://media.signbsl.com/videos/asl/signlanguagestudent/mp4/district.mp4
territories, https://media.signbsl.com/videos/asl/signlanguagestudent/mp4/district.mp4
territory, https://media.signbsl.com/videos/asl/signlanguagestudent/mp4/district.mp4
terror, https://media.signbsl.com/videos/asl/aslsearch/mp4/panic.mp4
terrorisation, https://media.signbsl.com/videos/asl/youtube/mp4/C0cFD1p6Vwo.mp4
terrorism, https://media.signbsl.com/videos/asl/youtube/mp4/Kiw_ysfQxK8.mp4
terrorist act, https://media.signbsl.com/videos/asl/youtube/mp4/Kiw_ysfQxK8.mp4
terrorization, https://media.signbsl.com/videos/asl/youtube/mp4/C0cFD1p6Vwo.mp4
terse, https://media.signbsl.com/videos/asl/youtube/mp4/YNIFsqA93j8.mp4
terser, https://media.signbsl.com/videos/asl/youtube/mp4/mXrJbWT84e0.mp4
tertiary, https://media.signbsl.com/videos/asl/aslsignbank/mp4/TRIPLE-1313.mp4
terzetto, https://media.signbsl.com/videos/asl/aslsearch/mp4/triplets2.mp4
tessellation, https://media.signbsl.com/videos/asl/tsdvideo/mp4/1530.mp4
tessellations, https://media.signbsl.com/videos/asl/tsdvideo/mp4/1530.mp4
test, https://media.signbsl.com/videos/asl/aslsignbank/mp4/EXAM-706.mp4
testa, https://media.signbsl.com/videos/asl/elementalaslconcepts/mp4/seed_coat.mp4
testament, https://media.signbsl.com/videos/asl/aslsearch/mp4/testament.mp4
testate, https://media.signbsl.com/videos/asl/youtube/mp4/GT1SIy4-B0c.mp4
testator, https://media.signbsl.com/videos/asl/youtube/mp4/GT1SIy4-B0c.mp4
tester, https://media.signbsl.com/videos/asl/youtube/mp4/pGl6OfjNBkw.mp4
testified, https://media.signbsl.com/videos/asl/youtube/mp4/9OrXKcs70rA.mp4
testifier, https://media.signbsl.com/videos/asl/youtube/mp4/ylIUD-wprig.mp4
testify, https://media.signbsl.com/videos/asl/ids/mp4/2013-11-4890-testify-1500k-ase.mp4
testily, https://media.signbsl.com/videos/asl/youtube/mp4/9mAP45LLjKA.mp4
testimonial, https://media.signbsl.com/videos/asl/ids/mp4/2013-11-4900-testimony-1500k-ase.mp4
testimonies, https://media.signbsl.com/videos/asl/ids/mp4/2013-11-4900-testimony-1500k-ase.mp4
testimony, https://media.signbsl.com/videos/asl/ids/mp4/2013-11-4900-testimony-1500k-ase.mp4
test light probe, https://media.signbsl.com/videos/asl/AustinCommunityCollege/mp4/auto_test_light_probe_.mp4
testy, https://player.vimeo.com/external/392684947.sd.mp4?s=25b140140ab5fde397ff8f68752e12ae1370b033&profile_id=164
tetchy, https://player.vimeo.com/external/392684947.sd.mp4?s=25b140140ab5fde397ff8f68752e12ae1370b033&profile_id=164
tether, https://media.signbsl.com/videos/asl/aslsearch/mp4/leash.mp4
tetragon, https://media.signbsl.com/videos/asl/deaftec-math/mp4/68D-1.mp4
tetraiodothyronine, https://media.signbsl.com/videos/asl/aslsignbank/mp4/LETTER-T-1658.mp4
Texan, https://media.signbsl.com/videos/asl/youtube/mp4/SAlFBgVLWjM.mp4
Texas, https://media.signbsl.com/videos/asl/youtube/mp4/Kz7MQQ35XaE.mp4
Texas Ranger, https://media.signbsl.com/videos/asl/youtube/mp4/v4qE2qU-6GY.mp4
text, https://media.signbsl.com/videos/asl/youtube/mp4/5gpUIdo9ZDg.mp4
textbook, https://media.signbsl.com/videos/asl/youtube/mp4/VQSZycOSCvQ.mp4
text edition, https://media.signbsl.com/videos/asl/youtube/mp4/bZADrjmVkCc.mp4
text file, https://media.signbsl.com/videos/asl/youtube/mp4/SsqTUrh69Sw.mp4
textile, https://media.signbsl.com/videos/asl/startasl/mp4/fabric.mp4
texting, https://media.signbsl.com/videos/asl/aslsignbank/mp4/VIDEO-GAME-1969.mp4
textural, https://media.signbsl.com/videos/asl/youtube/mp4/FFSZtnT7aBk.mp4
texture, https://media.signbsl.com/videos/asl/elementalaslconcepts/mp4/texture.mp4
Th, https://media.signbsl.com/videos/asl/startasl/mp4/thursday.mp4
Thailand, https://media.signbsl.com/videos/asl/youtube/mp4/EWxe5YCLz30.mp4
Thalarctos maritimus, https://media.signbsl.com/videos/asl/aslsearch/mp4/polar-bear.mp4
than, https://media.signbsl.com/videos/asl/signlanguagestudent/mp4/than.mp4
thank, https://media.signbsl.com/videos/asl/aslsearch/mp4/thank.mp4
thankful, https://media.signbsl.com/videos/asl/aslsignbank/mp4/THANK-YOU-1198.mp4
Thankful Grateful Appreciate Gratitude, https://media.signbsl.com/videos/asl/ids/mp4/2013-11-4920-thankful-grateful-aprreciate-gratitude-1500k-ase.mp4
thankless, https://media.signbsl.com/videos/asl/youtube/mp4/_vJxSbRwA3o.mp4
thankless wretch, https://media.signbsl.com/videos/asl/youtube/mp4/BNmsZiIPE_A.mp4
thanks, https://media.signbsl.com/videos/asl/startasl/mp4/thankyou.mp4
Thanksgiving, https://media.signbsl.com/videos/asl/startasl/mp4/thanksgiving.mp4
Thanksgiving Day, https://media.signbsl.com/videos/asl/startasl/mp4/thanksgiving.mp4
thanks you, https://media.signbsl.com/videos/asl/youtube/mp4/67OLj6Iif9U.mp4
thank you, https://media.signbsl.com/videos/asl/startasl/mp4/thankyou.mp4
thank you card, https://player.vimeo.com/external/392755379.sd.mp4?s=435094c87f3af3f43be3e2f42192ae3466ad9ec9&profile_id=164
thank you very much, https://media.signbsl.com/videos/asl/aslsearch/mp4/thanks.mp4
that, https://media.signbsl.com/videos/asl/startasl/mp4/that.mp4
that blue house is mine, https://media.signbsl.com/videos/asl/mariekatzenbachschool/mp4/That%20blue%20house%20is%20mine.mp4
thatch, https://media.signbsl.com/videos/asl/youtube/mp4/4uocCkJRsiE.mp4
thatcher, https://media.signbsl.com/videos/asl/youtube/mp4/aL4T5qziu0w.mp4
that one, https://media.signbsl.com/videos/asl/signlanguagestudent/mp4/that-one.mp4
that person, https://media.signbsl.com/videos/asl/youtube/mp4/Y9VQwNwx-DM.mp4
that person informed me, https://media.signbsl.com/videos/asl/youtube/mp4/vzUb64ZqTYI.mp4
thats all, https://media.signbsl.com/videos/asl/youtube/mp4/3XPTZA-ffeU.mp4
thats enough, https://media.signbsl.com/videos/asl/youtube/mp4/5nKYTRnMGwA.mp4
that stinks, https://player.vimeo.com/external/392755440.sd.mp4?s=a551476997dfb4c7351c9ecbb69fbed036d41784&profile_id=164
that was off topic, https://media.signbsl.com/videos/asl/mariekatzenbachschool/mp4/That%20was%20off-topic.mp4
thaw, https://media.signbsl.com/videos/asl/youtube/mp4/ycYcIOC2YIQ.mp4
the, https://media.signbsl.com/videos/asl/aslsignbank/mp4/THE-2789.mp4
the Americas, https://media.signbsl.com/videos/asl/youtube/mp4/5TNbfBbvA-s.mp4
the Argentine, https://media.signbsl.com/videos/asl/youtube/mp4/_nomawZizaw.mp4
theater, https://media.signbsl.com/videos/asl/youtube/mp4/aEriI6ZUBjA.mp4
theatergoer, https://media.signbsl.com/videos/asl/youtube/mp4/aOgfS6H0whQ.mp4
theatre, https://media.signbsl.com/videos/asl/youtube/mp4/aEriI6ZUBjA.mp4
theatregoer, https://media.signbsl.com/videos/asl/youtube/mp4/aOgfS6H0whQ.mp4
theatrical, https://media.signbsl.com/videos/asl/youtube/mp4/4qfCnwVL-xU.mp4
theatrical role, https://media.signbsl.com/videos/asl/youtube/mp4/a83ZLL4Y6tQ.mp4
the bend of the elbow, https://media.signbsl.com/videos/asl/youtube/mp4/l4fnohSOnRM.mp4
The Book of Mormon, https://media.signbsl.com/videos/asl/ids/mp4/2013-11-660-book-of-mormon-1500k-ase.mp4
the Buddha, https://player.vimeo.com/external/391218422.sd.mp4?s=256ceed1693360056e95b9477d29cd27e7ba8b73&profile_id=164
The Church of Jesus Christ of Latter Day Saints, https://media.signbsl.com/videos/asl/ids/mp4/2013-11-4910-the-chruch-of-jesus-christ-of-lds-1500k-ase.mp4
the days of the week, https://media.signbsl.com/videos/asl/startasl/mp4/days-of-the-week.mp4
the Devil, https://media.signbsl.com/videos/asl/ids/mp4/2013-11-1270-devil-satan-advesrary-lucifer-1500k-ase.mp4
the doldrums, https://media.signbsl.com/videos/asl/youtube/mp4/TXook2xqHPE.mp4
thee, https://media.signbsl.com/videos/asl/youtube/mp4/7Xeoef47uno.mp4
Thee Thou, https://media.signbsl.com/videos/asl/ids/mp4/2013-11-4930-thee-thou-1500k-ase.mp4
theft, https://media.signbsl.com/videos/asl/unoclimb/mp4/4RKtWiqZsdU.mp4
The Gambia, https://media.signbsl.com/videos/asl/youtube/mp4/uv_AfS7J8Eo.mp4
their, https://media.signbsl.com/videos/asl/youtube/mp4/m3iTn3rF6v4.mp4
theirs, https://media.signbsl.com/videos/asl/signlanguagestudent/mp4/theirs.mp4
theirs their, https://media.signbsl.com/videos/asl/elementalaslconcepts/mp4/theirs.mp4
the jig is up, https://media.signbsl.com/videos/asl/youtube/mp4/cELb5wJgvd4.mp4
the learning center, https://media.signbsl.com/videos/asl/youtube/mp4/OdNXK3_pM6Q.mp4
the least bit, https://media.signbsl.com/videos/asl/youtube/mp4/6Ele9I0x83Y.mp4
the Little Corporal, https://player.vimeo.com/external/392380015.sd.mp4?s=e65d01ec4bbf24f06ec92dd4f4899f9df4ba62d3&profile_id=164
the living dead, https://media.signbsl.com/videos/asl/deaftec/mp4/1097.mp4
them, https://media.signbsl.com/videos/asl/signlanguagestudent/mp4/them.mp4
thematic, https://media.signbsl.com/videos/asl/youtube/mp4/Qvjz59ry8RM.mp4
theme, https://media.signbsl.com/videos/asl/signlanguagestudent/mp4/subject.mp4
themselves, https://media.signbsl.com/videos/asl/signlanguagestudent/mp4/themselves.mp4
then, https://media.signbsl.com/videos/asl/aslsignbank/mp4/OR-1532.mp4
the Nazarene, https://media.signbsl.com/videos/asl/startasl/mp4/jesus.mp4
thence, https://media.signbsl.com/videos/asl/signlanguagestudent/mp4/therefore.mp4
thenceforth, https://player.vimeo.com/external/392510304.sd.mp4?s=5757ae83b4c577f9c18ebdd1cf5e03339314627c&profile_id=164
The Netherlands, https://media.signbsl.com/videos/asl/youtube/mp4/1setR0hZOx8.mp4
theocracies, https://media.signbsl.com/videos/asl/youtube/mp4/iCsuQGUVacY.mp4
theocracy, https://media.signbsl.com/videos/asl/youtube/mp4/iCsuQGUVacY.mp4
theologian, https://media.signbsl.com/videos/asl/youtube/mp4/43muUhRYp1k.mp4
theological, https://media.signbsl.com/videos/asl/youtube/mp4/fIcvvZCvQaY.mp4
theologiser, https://media.signbsl.com/videos/asl/youtube/mp4/43muUhRYp1k.mp4
theologist, https://media.signbsl.com/videos/asl/youtube/mp4/43muUhRYp1k.mp4
theologizer, https://media.signbsl.com/videos/asl/youtube/mp4/43muUhRYp1k.mp4
theology, https://media.signbsl.com/videos/asl/aslsearch/mp4/theology.mp4
theorem, https://media.signbsl.com/videos/asl/tsdvideo/mp4/1330.mp4
theoretical reasoning, https://media.signbsl.com/videos/asl/philosophy/mp4/(To)%20Reason-HD.mp4
theoretician, https://media.signbsl.com/videos/asl/youtube/mp4/sxUgVE9DP3U.mp4
theoriser, https://media.signbsl.com/videos/asl/youtube/mp4/sxUgVE9DP3U.mp4
theorist, https://media.signbsl.com/videos/asl/youtube/mp4/sxUgVE9DP3U.mp4
theorizer, https://media.signbsl.com/videos/asl/youtube/mp4/sxUgVE9DP3U.mp4
theory, https://media.signbsl.com/videos/asl/signlanguagestudent/mp4/theory.mp4
the other way around, https://media.signbsl.com/videos/asl/youtube/mp4/e1GytnAnclo.mp4
the pits, https://media.signbsl.com/videos/asl/signlanguagestudent/mp4/hell.mp4
the political machine, https://media.signbsl.com/videos/asl/youtube/mp4/3LdfCAagBUE.mp4
therapeutic, https://media.signbsl.com/videos/asl/aslsignbank/mp4/THERAPY-1206.mp4
therapist, https://media.signbsl.com/videos/asl/aslsearch/mp4/therapist.mp4
therapy, https://media.signbsl.com/videos/asl/aslsearch/mp4/therapy.mp4
there, https://media.signbsl.com/videos/asl/signlanguagestudent/mp4/there.mp4
thereafter, https://player.vimeo.com/external/392510304.sd.mp4?s=5757ae83b4c577f9c18ebdd1cf5e03339314627c&profile_id=164
therefor, https://media.signbsl.com/videos/asl/youtube/mp4/iBnXkimMXxA.mp4
therefore, https://media.signbsl.com/videos/asl/signlanguagestudent/mp4/therefore.mp4
therein, https://media.signbsl.com/videos/asl/youtube/mp4/0M_fAGF8moU.mp4
there is no sign for that you need to fingerspell it, https://media.signbsl.com/videos/asl/startasl/mp4/there-is-no-sign-for-that-you-need-to-fingerspell-it.mp4
thereupon, https://media.signbsl.com/videos/asl/youtube/mp4/I7aevbsWkE4.mp4
therewith, https://media.signbsl.com/videos/asl/youtube/mp4/I7aevbsWkE4.mp4
therm, https://media.signbsl.com/videos/asl/youtube/mp4/AaSG0nwOg6Q.mp4
thermal, https://media.signbsl.com/videos/asl/youtube/mp4/CcghN2F4hOA.mp4
thermic, https://media.signbsl.com/videos/asl/youtube/mp4/CcghN2F4hOA.mp4
thermic fever, https://media.signbsl.com/videos/asl/youtube/mp4/hBHk-t0uL2Q.mp4
thermodynamic, https://media.signbsl.com/videos/asl/youtube/mp4/18VZVPFFCIA.mp4
thermodynamical, https://media.signbsl.com/videos/asl/youtube/mp4/18VZVPFFCIA.mp4
thermometer, https://media.signbsl.com/videos/asl/tsdvideo/mp4/199.mp4
thermometer axillary, https://player.vimeo.com/external/392510370.sd.mp4?s=cb112e1a8ec91f6530838e10cb966cd198a37ed6&profile_id=164
thermometer oral, https://player.vimeo.com/external/392510396.sd.mp4?s=1558e19dfacbacda116b33e438b3147048350cdb&profile_id=164
thermonuclear, https://media.signbsl.com/videos/asl/youtube/mp4/TN0tyI1wryo.mp4
thermoregulator, https://media.signbsl.com/videos/asl/AustinCommunityCollege/mp4/auto_thermostat_.mp4
thermos, https://media.signbsl.com/videos/asl/youtube/mp4/EMZlLy6rZi4.mp4
thermos bottle, https://media.signbsl.com/videos/asl/youtube/mp4/EMZlLy6rZi4.mp4
thermos flask, https://media.signbsl.com/videos/asl/youtube/mp4/EMZlLy6rZi4.mp4
thermosphere, https://media.signbsl.com/videos/asl/youtube/mp4/XPWcvOUMboc.mp4
thermostat, https://media.signbsl.com/videos/asl/AustinCommunityCollege/mp4/auto_thermostat_.mp4
thermostatic expansion valve, https://media.signbsl.com/videos/asl/AustinCommunityCollege/mp4/auto_therm_expan_valve_.mp4
thesauri, https://media.signbsl.com/videos/asl/elementalaslconcepts/mp4/thesarus.mp4
thesaurus, https://media.signbsl.com/videos/asl/elementalaslconcepts/mp4/thesarus.mp4
These, https://player.vimeo.com/external/392510539.sd.mp4?s=78bfa5c7b59e48561569220cb23371d1b458e232&profile_id=164
these days, https://player.vimeo.com/external/392510515.sd.mp4?s=993ac0378651fd19a0616425c7186f29190480bc&profile_id=164
the Shiites, https://media.signbsl.com/videos/asl/youtube/mp4/GUlqpUfYaZ0.mp4
thesis, https://media.signbsl.com/videos/asl/youtube/mp4/chQdo1i_rQQ.mp4
thespian, https://media.signbsl.com/videos/asl/startasl/mp4/actor.mp4
the Swiss, https://media.signbsl.com/videos/asl/youtube/mp4/tI1cgZtdYjs.mp4
theta, https://media.signbsl.com/videos/asl/deaftec-math/mp4/87D-1.mp4
the Tempter, https://media.signbsl.com/videos/asl/ids/mp4/2013-11-1270-devil-satan-advesrary-lucifer-1500k-ase.mp4
the two of us, https://media.signbsl.com/videos/asl/youtube/mp4/q8bzN_qcPls.mp4
The Virgin, https://media.signbsl.com/videos/asl/youtube/mp4/VAMstyi3oJQ.mp4
the whole way, https://media.signbsl.com/videos/asl/aslsignbank/mp4/ALL-WAY-2062.mp4
they, https://media.signbsl.com/videos/asl/aslsignbank/mp4/IXarc-1999.mp4
theyll, https://media.signbsl.com/videos/asl/youtube/mp4/SgTNX4GEN9U.mp4
theyve, https://media.signbsl.com/videos/asl/youtube/mp4/z3eJEANwL-A.mp4
thick, https://media.signbsl.com/videos/asl/aslsearch/mp4/thick.mp4
thicket, https://media.signbsl.com/videos/asl/youtube/mp4/2e5doDA_vHU.mp4
thickhead, https://media.signbsl.com/videos/asl/youtube/mp4/k2ACisgGIs0.mp4
thickly settled, https://media.signbsl.com/videos/asl/youtube/mp4/0Zqrn0ksFAY.mp4
thick skinned, https://player.vimeo.com/external/391227005.sd.mp4?s=acfad71acda5325c4bb40d3c9569fe3bd144124c&profile_id=164
thick with dust, https://player.vimeo.com/external/392510591.sd.mp4?s=e5dafd5220253131fd22ad8883b7ac9cbdf321ba&profile_id=164
thief, https://media.signbsl.com/videos/asl/aslsearch/mp4/thief.mp4
thieve, https://player.vimeo.com/external/392510697.sd.mp4?s=ba149970def7d241347c242b2c23caafe5107885&profile_id=164
thievery, https://media.signbsl.com/videos/asl/unoclimb/mp4/4RKtWiqZsdU.mp4
thieving, https://media.signbsl.com/videos/asl/unoclimb/mp4/4RKtWiqZsdU.mp4
thigh, https://media.signbsl.com/videos/asl/aslsearch/mp4/thigh.mp4
thimble, https://player.vimeo.com/external/392510741.sd.mp4?s=2afc5907e6c5f6b136b2a38452626f75db10b237&profile_id=164
thimbleful, https://media.signbsl.com/videos/asl/youtube/mp4/xfjHIsnZFyE.mp4
thin, https://media.signbsl.com/videos/asl/startasl/mp4/thin-2.mp4
thine, https://media.signbsl.com/videos/asl/youtube/mp4/3-A272cYqIo.mp4
Thine Thy, https://media.signbsl.com/videos/asl/ids/mp4/2013-11-4940-thine-thy-1500k-ase.mp4
thing, https://media.signbsl.com/videos/asl/signlanguagestudent/mp4/thing.mp4
thingamabob, https://media.signbsl.com/videos/asl/youtube/mp4/pDK-as85qjU.mp4
thingamajig, https://media.signbsl.com/videos/asl/youtube/mp4/pDK-as85qjU.mp4
thingmabob, https://media.signbsl.com/videos/asl/youtube/mp4/pDK-as85qjU.mp4
thingmajig, https://media.signbsl.com/videos/asl/youtube/mp4/pDK-as85qjU.mp4
things, https://media.signbsl.com/videos/asl/signlanguagestudent/mp4/things.mp4
things blow over, https://media.signbsl.com/videos/asl/youtube/mp4/YEpbu3AwriE.mp4
things stick to clothes, https://media.signbsl.com/videos/asl/youtube/mp4/Gx1Opq7BiJA.mp4
things that happen in a group, https://media.signbsl.com/videos/asl/youtube/mp4/1XP2I0JZ2pY.mp4
thingumabob, https://media.signbsl.com/videos/asl/youtube/mp4/pDK-as85qjU.mp4
thingumajig, https://media.signbsl.com/videos/asl/youtube/mp4/pDK-as85qjU.mp4
thingummy, https://media.signbsl.com/videos/asl/youtube/mp4/pDK-as85qjU.mp4
think, https://media.signbsl.com/videos/asl/aslsignbank/mp4/LOOK-BACK-1638.mp4
thinkable, https://media.signbsl.com/videos/asl/youtube/mp4/puXptkhcPSA.mp4
think about, https://media.signbsl.com/videos/asl/startasl/mp4/think-about.mp4
think back, https://player.vimeo.com/external/392510952.sd.mp4?s=13f351aad824b53f3a235863048ad8e3b289ff38&profile_id=164
thinker, https://media.signbsl.com/videos/asl/youtube/mp4/LMYrn2w7u-I.mp4
think factory, https://player.vimeo.com/external/392511009.sd.mp4?s=b8cca04b996c8fb9df8e4e85b5fa7cb145e15ee9&profile_id=164
think freak out, https://media.signbsl.com/videos/asl/youtube/mp4/BCq3YqYvT_Q.mp4
think harder, https://media.signbsl.com/videos/asl/youtube/mp4/qAVj-qb0tMM.mp4
think hearing, https://media.signbsl.com/videos/asl/youtube/mp4/wHj89nJCTTo.mp4
thinking, https://media.signbsl.com/videos/asl/signlanguagestudent/mp4/thinking.mp4
think nothing, https://media.signbsl.com/videos/asl/youtube/mp4/HnCdIE0LvQQ.mp4
think of, https://media.signbsl.com/videos/asl/youtube/mp4/Zx6oZZJKEOI.mp4
think off topic, https://media.signbsl.com/videos/asl/youtube/mp4/mzejxP-KRN0.mp4
think over, https://media.signbsl.com/videos/asl/signlanguagestudent/mp4/ponder.mp4
think positive, https://media.signbsl.com/videos/asl/youtube/mp4/xa9wVbCWIBw.mp4
think tank, https://player.vimeo.com/external/392511009.sd.mp4?s=b8cca04b996c8fb9df8e4e85b5fa7cb145e15ee9&profile_id=164
think up, https://media.signbsl.com/videos/asl/youtube/mp4/2JGcvyq1v-0.mp4
think zero, https://media.signbsl.com/videos/asl/aslsignbank/mp4/THINK-ZERO-3059.mp4
thin layer, https://media.signbsl.com/videos/asl/youtube/mp4/5wGNjZSGMHU.mp4
thinner, https://media.signbsl.com/videos/asl/youtube/mp4/Xx-VmcytUEA.mp4
thinning, https://media.signbsl.com/videos/asl/elementalaslconcepts/mp4/thinning.mp4
thin out, https://media.signbsl.com/videos/asl/youtube/mp4/w8zTpFDbS1k.mp4
thin shirt, https://media.signbsl.com/videos/asl/youtube/mp4/OlWeaZn5Xnc.mp4
thin skinned, https://media.signbsl.com/videos/asl/aslsignbank/mp4/SENSITIVE-1019.mp4
thin sleeve, https://media.signbsl.com/videos/asl/youtube/mp4/UuiNlO_FlOM.mp4
third, https://media.signbsl.com/videos/asl/aslsignbank/mp4/TRIPLE-1313.mp4
third degree, https://media.signbsl.com/videos/asl/unoclimb/mp4/J0PwPIzzN2I.mp4
third dimensional, https://player.vimeo.com/external/392512761.sd.mp4?s=4690472e29f1eac9bc191a9ccaa5adfe41158ed8&profile_id=164
third down, https://media.signbsl.com/videos/asl/youtube/mp4/oPZEwJX07X4.mp4
third eye, https://player.vimeo.com/external/392511062.sd.mp4?s=44bfa995a7b173c971ab42069e25f1f85f8b3128&profile_id=164
thirdly, https://player.vimeo.com/external/392511153.sd.mp4?s=7cb32a5813d0ed41a040caf0e250bcac2f3469db&profile_id=164
third place, https://media.signbsl.com/videos/asl/aslsearch/mp4/third-place.mp4
thirds, https://media.signbsl.com/videos/asl/aslsignbank/mp4/TRIPLE-1313.mp4
third to fourth, https://media.signbsl.com/videos/asl/youtube/mp4/Bn1qp3kQOkA.mp4
third year, https://media.signbsl.com/videos/asl/aslsignbank/mp4/JUNIOR-1703.mp4
thirst, https://media.signbsl.com/videos/asl/aslsignbank/mp4/CRAVE-1181.mp4
thirsty, https://media.signbsl.com/videos/asl/startasl/mp4/thirsty.mp4
thirteen, https://media.signbsl.com/videos/asl/aslsignbank/mp4/THIRTEEN-2510.mp4
thirty, https://media.signbsl.com/videos/asl/aslsignbank/mp4/THIRTY-1214.mp4
thirty eight, https://media.signbsl.com/videos/asl/aslsignbank/mp4/THIRTY-EIGHT-2660.mp4
thirty five, https://media.signbsl.com/videos/asl/aslsignbank/mp4/THIRTY-FIVE-2657.mp4
thirty five cents, https://media.signbsl.com/videos/asl/mariekatzenbachschool/mp4/thirty%20five%20cents.mp4
thirty four, https://media.signbsl.com/videos/asl/aslsignbank/mp4/THIRTY-FOUR-2656.mp4
thirty nine, https://media.signbsl.com/videos/asl/aslsignbank/mp4/THIRTY-NINE-2661.mp4
thirty one, https://media.signbsl.com/videos/asl/aslsignbank/mp4/THIRTY-ONE-2653.mp4
thirty seven, https://media.signbsl.com/videos/asl/aslsignbank/mp4/THIRTY-SEVEN-2659.mp4
thirty six, https://media.signbsl.com/videos/asl/aslsignbank/mp4/THIRTY-SIX-2658.mp4
thirty three, https://media.signbsl.com/videos/asl/aslsignbank/mp4/THIRTY-THREE-2655.mp4
thirty two, https://media.signbsl.com/videos/asl/aslsignbank/mp4/THIRTY-TWO-2654.mp4
this, https://media.signbsl.com/videos/asl/signlanguagestudent/mp4/this.mp4
this evening, https://media.signbsl.com/videos/asl/elementalaslconcepts/mp4/tonight.mp4
this night, https://media.signbsl.com/videos/asl/elementalaslconcepts/mp4/tonight.mp4
this one, https://media.signbsl.com/videos/asl/signlanguagestudent/mp4/this-one.mp4
this week, https://media.signbsl.com/videos/asl/mariekatzenbachschool/mp4/this%20week.mp4
thither, https://media.signbsl.com/videos/asl/youtube/mp4/1yTvScnRMOw.mp4
tho, https://media.signbsl.com/videos/asl/aslsearch/mp4/although.mp4
tho', https://media.signbsl.com/videos/asl/aslsearch/mp4/although.mp4
Thomas Aquinas, https://media.signbsl.com/videos/asl/philosophy/mp4/Aquinas-HD.mp4
Thomas Chippendale, https://player.vimeo.com/external/395747053.sd.mp4?s=6229e8d159975413d506d2b6888a893e2f6ec0f8&profile_id=164
Thomas Hobbes, https://media.signbsl.com/videos/asl/philosophy/mp4/Hobbes-HD.mp4
Thomas Hopkins Gallaudet, https://media.signbsl.com/videos/asl/aslsignbank/mp4/GALLAUDET-2925.mp4
Thomas Jefferson, https://media.signbsl.com/videos/asl/elementalaslconcepts/mp4/thomas_jefferson.mp4
thong, https://media.signbsl.com/videos/asl/youtube/mp4/jQSzkGeH6xI.mp4
thorax, https://media.signbsl.com/videos/asl/aslsearch/mp4/chest.mp4
thorn, https://media.signbsl.com/videos/asl/youtube/mp4/HhQD03wBYkc.mp4
thorniness, https://media.signbsl.com/videos/asl/youtube/mp4/6S-1p6fNyn8.mp4
thornless, https://media.signbsl.com/videos/asl/youtube/mp4/cf7qANiwmao.mp4
thorough, https://player.vimeo.com/external/392512002.sd.mp4?s=e03b7d0aecbe7085c2e6ba9b6d8422ed7d80ba04&profile_id=164
thoroughbred, https://media.signbsl.com/videos/asl/youtube/mp4/l3WPy4hlxZI.mp4
thorougher, https://media.signbsl.com/videos/asl/youtube/mp4/CLYlbwn_F_A.mp4
thoroughgoing, https://media.signbsl.com/videos/asl/youtube/mp4/Nu6H0pPvZs4.mp4
those, https://media.signbsl.com/videos/asl/signlanguagestudent/mp4/those.mp4
those list, https://media.signbsl.com/videos/asl/signlanguagestudent/mp4/those-list.mp4
those rich people, https://media.signbsl.com/videos/asl/youtube/mp4/AbQD0nZD16Q.mp4
thou, https://media.signbsl.com/videos/asl/youtube/mp4/7rcdLO2G5Yg.mp4
though, https://media.signbsl.com/videos/asl/aslsearch/mp4/although.mp4
thought, https://media.signbsl.com/videos/asl/signlanguagestudent/mp4/idea.mp4
thought bubble, https://player.vimeo.com/external/392512228.sd.mp4?s=81474ecf4e25b83ba1c83c202b6e1913f742d21a&profile_id=164
thoughtful, https://media.signbsl.com/videos/asl/youtube/mp4/LNAY7T6xszw.mp4
thoughtfulness, https://media.signbsl.com/videos/asl/tsdvideo/mp4/507.mp4
thoughtless, https://media.signbsl.com/videos/asl/youtube/mp4/lFJKQf6j7Rw.mp4
thousand, https://media.signbsl.com/videos/asl/aslsignbank/mp4/ONE-THOUSAND-2683.mp4
thousandfold, NA
thousandth, https://media.signbsl.com/videos/asl/tsdvideo/mp4/1231.mp4
thousandths, https://media.signbsl.com/videos/asl/tsdvideo/mp4/1231.mp4
thraldom, https://media.signbsl.com/videos/asl/startasl/mp4/slavery.mp4
thrall, https://media.signbsl.com/videos/asl/startasl/mp4/slavery.mp4
thralldom, https://media.signbsl.com/videos/asl/startasl/mp4/slavery.mp4
thrash, https://media.signbsl.com/videos/asl/youtube/mp4/79_7_wwC2BE.mp4
thrash out, https://media.signbsl.com/videos/asl/youtube/mp4/ZtrrxkYvE-A.mp4
thread, https://media.signbsl.com/videos/asl/aslsearch/mp4/yarn.mp4
threadbare, https://media.signbsl.com/videos/asl/youtube/mp4/cjU8h0LcN4M.mp4
thread gauge, https://media.signbsl.com/videos/asl/AustinCommunityCollege/mp4/auto_thread_gauge_.mp4
threadlike, https://media.signbsl.com/videos/asl/youtube/mp4/pZ6cDwdw4wc.mp4
thread maker, https://media.signbsl.com/videos/asl/youtube/mp4/lArBMd03Fo8.mp4
thready, https://media.signbsl.com/videos/asl/youtube/mp4/pZ6cDwdw4wc.mp4
threaten, https://media.signbsl.com/videos/asl/aslsearch/mp4/endanger.mp4
threatening, https://player.vimeo.com/external/392867726.sd.mp4?s=e4ca45c108b96e854329f931b19fbd6508e5deb1&profile_id=164
three, https://media.signbsl.com/videos/asl/aslsignbank/mp4/THREE-1216.mp4
three-dimensional figure, https://media.signbsl.com/videos/asl/tsdvideo/mp4/195.mp4
three bagger, https://media.signbsl.com/videos/asl/signlanguagestudent/mp4/triple.mp4
three base hit, https://media.signbsl.com/videos/asl/signlanguagestudent/mp4/triple.mp4
three by three, https://media.signbsl.com/videos/asl/youtube/mp4/lbXXBUYI-OA.mp4
three cents, https://media.signbsl.com/videos/asl/youtube/mp4/Pti6qN4DQhU.mp4
three d, https://player.vimeo.com/external/392512761.sd.mp4?s=4690472e29f1eac9bc191a9ccaa5adfe41158ed8&profile_id=164
three day, https://media.signbsl.com/videos/asl/youtube/mp4/t6m83t0isdc.mp4
three days, https://media.signbsl.com/videos/asl/aslsignbank/mp4/NUMBER-DAYS-2285.mp4
three days ago, https://media.signbsl.com/videos/asl/youtube/mp4/Oiz5pU56YUs.mp4
three days later, https://media.signbsl.com/videos/asl/youtube/mp4/Icec-Vwn_8c.mp4
three dimensional, https://player.vimeo.com/external/392512761.sd.mp4?s=4690472e29f1eac9bc191a9ccaa5adfe41158ed8&profile_id=164
three dimensional figure, https://media.signbsl.com/videos/asl/tsdvideo/mp4/195.mp4
three dollars, https://media.signbsl.com/videos/asl/youtube/mp4/6hoOgliZNL4.mp4
threefold, https://media.signbsl.com/videos/asl/youtube/mp4/6SiSsJWxKoM.mp4
three fourths, https://player.vimeo.com/external/392512827.sd.mp4?s=46fbe5a8acc6bfb29c53f46256f2a8f87573bfdc&profile_id=164
three hours, https://media.signbsl.com/videos/asl/youtube/mp4/rO7gRlkZZ-k.mp4
three hundred, https://media.signbsl.com/videos/asl/aslsignbank/mp4/THREE-HUNDRED-2669.mp4
three hundred dollars, https://media.signbsl.com/videos/asl/mariekatzenbachschool/mp4/three%20hundred%20dollars.mp4
three million dollars, https://media.signbsl.com/videos/asl/mariekatzenbachschool/mp4/three%20million%20dollars.mp4
three minutes, https://media.signbsl.com/videos/asl/youtube/mp4/C0JDquKffww.mp4
three months, https://media.signbsl.com/videos/asl/youtube/mp4/K67eq-W4N5A.mp4
three months ago, https://player.vimeo.com/external/392755472.sd.mp4?s=23880c184ea4805bd1508219f06e01d656f62a64&profile_id=164
three oclock, https://media.signbsl.com/videos/asl/youtube/mp4/zD7gtSn1E4o.mp4
three of them, https://media.signbsl.com/videos/asl/youtube/mp4/UisSv9z6380.mp4
three of us, https://media.signbsl.com/videos/asl/aslsignbank/mp4/NUMBER-OF-1217.mp4
three on three, https://media.signbsl.com/videos/asl/youtube/mp4/SczqMmuo-lI.mp4
three party, https://media.signbsl.com/videos/asl/youtube/mp4/qzTXDlWOckA.mp4
three people walking together, https://media.signbsl.com/videos/asl/youtube/mp4/WsTn1-BwBqM.mp4
three phase, https://media.signbsl.com/videos/asl/AustinCommunityCollege/mp4/elec_3_phase_.mp4
three point line, https://media.signbsl.com/videos/asl/aslbricks/mp4/three%20point%20line.mp4
three points, https://media.signbsl.com/videos/asl/youtube/mp4/HCqzStcRHbs.mp4
three point shot, https://media.signbsl.com/videos/asl/aslbricks/mp4/three%20point%20shot.mp4
threescore, https://media.signbsl.com/videos/asl/aslsignbank/mp4/SIXTY-2662.mp4
threesome, https://media.signbsl.com/videos/asl/aslsearch/mp4/triplets2.mp4
three thousand dollars, https://media.signbsl.com/videos/asl/mariekatzenbachschool/mp4/three%20thousand%20dollars.mp4
three times, https://media.signbsl.com/videos/asl/youtube/mp4/6SiSsJWxKoM.mp4
three times a week, https://player.vimeo.com/external/392513061.sd.mp4?s=fa89c867aeff70bdb2d95b3bea851e3931726fa9&profile_id=164
three way, https://media.signbsl.com/videos/asl/youtube/mp4/qzTXDlWOckA.mp4
three weeks, https://media.signbsl.com/videos/asl/youtube/mp4/zybFpTYrdYo.mp4
three weeks ago, https://media.signbsl.com/videos/asl/youtube/mp4/PGNCgheROIo.mp4
three weeks later, https://media.signbsl.com/videos/asl/youtube/mp4/_H9Ql5mVLNg.mp4
three years ago, https://media.signbsl.com/videos/asl/youtube/mp4/pqWmCDL099U.mp4
three years later, https://media.signbsl.com/videos/asl/youtube/mp4/WDh2lb8MiAI.mp4
threnody, https://media.signbsl.com/videos/asl/youtube/mp4/8uaLo_Kwv3Q.mp4
thresh, https://media.signbsl.com/videos/asl/youtube/mp4/79_7_wwC2BE.mp4
threshold, https://player.vimeo.com/external/391215752.sd.mp4?s=bd16a8541ce83b436f0531337cf73c93371ca8b8&profile_id=164
threw, https://media.signbsl.com/videos/asl/youtube/mp4/fqDUT7Ts-oo.mp4
threw away, https://media.signbsl.com/videos/asl/youtube/mp4/BFe0XwrmOhM.mp4
threw in with, https://media.signbsl.com/videos/asl/youtube/mp4/QFZ0dSK6XuM.mp4
thrice a week, https://player.vimeo.com/external/392513724.sd.mp4?s=573f0f82c5ad28135311c3163020d89e5ee5df2e&profile_id=164
thrift, https://player.vimeo.com/external/392403422.sd.mp4?s=3924c540727fa6b70a9c18cf1bdb266f710f8c91&profile_id=164
thriftier, https://media.signbsl.com/videos/asl/youtube/mp4/hn_Xar8_yf8.mp4
thriftless, https://media.signbsl.com/videos/asl/youtube/mp4/vUXkVcKFiS4.mp4
thrifty, https://player.vimeo.com/external/392513764.sd.mp4?s=100ab86860ccf6db6e99e0d5f48df969cfae1bbd&profile_id=164
thrill, https://media.signbsl.com/videos/asl/youtube/mp4/Hd8WeM-A_ns.mp4
thrilled, https://media.signbsl.com/videos/asl/youtube/mp4/F8N0oUYtkn4.mp4
thrive, https://player.vimeo.com/external/392128888.sd.mp4?s=4780a02bad5b888a4ea6e913c6caeef4dc4f9058&profile_id=164
throat, https://media.signbsl.com/videos/asl/aslsearch/mp4/throat.mp4
throat expands, https://media.signbsl.com/videos/asl/youtube/mp4/vnwAsGYpK1Y.mp4
throatily, https://media.signbsl.com/videos/asl/youtube/mp4/LulVczWJ23Q.mp4
throb, https://media.signbsl.com/videos/asl/youtube/mp4/0XAiyImDDqk.mp4
thrombocyte, https://media.signbsl.com/videos/asl/deaftec/mp4/1416.mp4
thrombus, https://player.vimeo.com/external/392513932.sd.mp4?s=a672e50edf7cb2dd46704bdf7cc94dd6a5d4878a&profile_id=164
throne, https://media.signbsl.com/videos/asl/aslsearch/mp4/throne.mp4
throng, https://media.signbsl.com/videos/asl/signlanguagestudent/mp4/multitude.mp4
throttle, https://media.signbsl.com/videos/asl/aslsignbank/mp4/GUN-2932.mp4
throttler, https://player.vimeo.com/external/395747285.sd.mp4?s=26f767733765852dec8e7c5c2aadf0cc544e43d9&profile_id=164
through, https://media.signbsl.com/videos/asl/aslsignbank/mp4/HAD-ENOUGH-1849.mp4
throughout, https://media.signbsl.com/videos/asl/youtube/mp4/2pY7ETy2KZI.mp4
throughput, https://media.signbsl.com/videos/asl/youtube/mp4/w1wSRVKFVhw.mp4
throughway, https://media.signbsl.com/videos/asl/startasl/mp4/freeway.mp4
through with, https://media.signbsl.com/videos/asl/aslsignbank/mp4/HAD-ENOUGH-1849.mp4
through with something, https://media.signbsl.com/videos/asl/youtube/mp4/0k1LvyaZ_iQ.mp4
throw, https://media.signbsl.com/videos/asl/aslsignbank/mp4/THROW-1222.mp4
throw a fit, https://media.signbsl.com/videos/asl/youtube/mp4/LMPPEKxGRjg.mp4
throw all points, https://media.signbsl.com/videos/asl/youtube/mp4/dtvNEpfMEQU.mp4
throw away, https://media.signbsl.com/videos/asl/startasl/mp4/discard.mp4
throwaway, https://media.signbsl.com/videos/asl/startasl/mp4/discard.mp4
throwback, https://media.signbsl.com/videos/asl/youtube/mp4/Lca5da3Ehmo.mp4
throw double, https://media.signbsl.com/videos/asl/AustinCommunityCollege/mp4/elec_dbl_throw_.mp4
thrower, https://media.signbsl.com/videos/asl/youtube/mp4/cT1-C3u6y3s.mp4
throw in, https://media.signbsl.com/videos/asl/aslsignbank/mp4/QUIT-786.mp4
throwing up, https://media.signbsl.com/videos/asl/youtube/mp4/q7oFG6PzyxQ.mp4
throw in the towel, https://media.signbsl.com/videos/asl/aslsignbank/mp4/QUIT-786.mp4
throw off, https://player.vimeo.com/external/392514137.sd.mp4?s=cdf7ec03ed9c55bd3f8df081ea1fea22d04333e6&profile_id=164
throw ones point, https://media.signbsl.com/videos/asl/youtube/mp4/F4r-SqsnHg8.mp4
throw out, https://media.signbsl.com/videos/asl/startasl/mp4/discard.mp4
throw overboard, https://media.signbsl.com/videos/asl/youtube/mp4/-AKCtGBbURY.mp4
throw together, https://player.vimeo.com/external/392514206.sd.mp4?s=9fafe666911fa5431cc1456d7e201cc65d92be68&profile_id=164
throw up, https://media.signbsl.com/videos/asl/startasl/mp4/throw-up.mp4
thrum, https://media.signbsl.com/videos/asl/youtube/mp4/nrBHEUEWYOo.mp4
thrust, https://player.vimeo.com/external/392188493.sd.mp4?s=3fd997f0892418a6bcd45b068b1addaeb59164c7&profile_id=164
thruway, https://media.signbsl.com/videos/asl/startasl/mp4/freeway.mp4
thud, https://media.signbsl.com/videos/asl/youtube/mp4/WYVC1eVypno.mp4
thudmp4, https://player.vimeo.com/external/392514835.sd.mp4?s=b39a43c24e8722097bc6985b67c5ce0e312b5650&profile_id=164
thug, https://player.vimeo.com/external/392516980.sd.mp4?s=e16f44357a59a3b624930c0ee3d8c9280408aa5c&profile_id=164
thumb, https://media.signbsl.com/videos/asl/youtube/mp4/E2D1WnZoW8A.mp4
Thumb Drive, https://media.signbsl.com/videos/asl/deaftec/mp4/1073.mp4
thumbelina, https://media.signbsl.com/videos/asl/youtube/mp4/Q8wtIVC-JRc.mp4
thumbtack, https://media.signbsl.com/videos/asl/aslsearch/mp4/pushpin.mp4
thump, https://player.vimeo.com/external/392517091.sd.mp4?s=bcd11b74081bb46f24bd5eba826eeae8c05c3afc&profile_id=164
thumping, https://media.signbsl.com/videos/asl/youtube/mp4/WYVC1eVypno.mp4
thump out, https://media.signbsl.com/videos/asl/youtube/mp4/FsH8pnWvTYc.mp4
thunder, https://media.signbsl.com/videos/asl/aslsearch/mp4/boom.mp4
thunder bay ontario, https://player.vimeo.com/external/392517130.sd.mp4?s=aa0b3d650804f97e6c08214d47fe7173e5ab84e8&profile_id=164
thunderbolt, https://media.signbsl.com/videos/asl/youtube/mp4/UjJFDPvJsQY.mp4
thunderclap, https://media.signbsl.com/videos/asl/youtube/mp4/UjJFDPvJsQY.mp4
thundercloud, https://media.signbsl.com/videos/asl/youtube/mp4/93cgH-4316M.mp4
thunderous, https://media.signbsl.com/videos/asl/youtube/mp4/HQIUSoYRw6o.mp4
thunder rumbling, https://media.signbsl.com/videos/asl/youtube/mp4/4o9Qln1ViXc.mp4
thundershower, https://media.signbsl.com/videos/asl/youtube/mp4/AJ4ssmt2lxI.mp4
thunderstorm, https://media.signbsl.com/videos/asl/aslsearch/mp4/thunderstorm.mp4
thunder storms, https://media.signbsl.com/videos/asl/aslsearch/mp4/thunderstorm.mp4
thunderstruck, https://player.vimeo.com/external/392517281.sd.mp4?s=2cbaf82c07e2a11f5e2a44e0f6654f00457dc8bf&profile_id=164
thundery, https://media.signbsl.com/videos/asl/youtube/mp4/HQIUSoYRw6o.mp4
thurible, https://media.signbsl.com/videos/asl/youtube/mp4/-_M_laRGpyI.mp4
thurs, https://media.signbsl.com/videos/asl/youtube/mp4/rHYz89H4k5U.mp4
Thursday, https://media.signbsl.com/videos/asl/startasl/mp4/thursday.mp4
thursdayh, https://media.signbsl.com/videos/asl/aslsignbank/mp4/THURSDAY-1228.mp4
thursdays, https://media.signbsl.com/videos/asl/startasl/mp4/thursday.mp4
thus, https://media.signbsl.com/videos/asl/signlanguagestudent/mp4/therefore.mp4
thus far, https://media.signbsl.com/videos/asl/aslsearch/mp4/still.mp4
thwart, https://media.signbsl.com/videos/asl/aslsearch/mp4/frustrate.mp4
thwarted, https://media.signbsl.com/videos/asl/aslsignbank/mp4/FRUSTRATED-1506.mp4
thwartwise, https://media.signbsl.com/videos/asl/youtube/mp4/xzcQH6Ka9iY.mp4
thyroid, https://player.vimeo.com/external/392517513.sd.mp4?s=809528c6b918a3bcc3af29620fe6658326a84277&profile_id=164
thyroid gland, https://player.vimeo.com/external/392517513.sd.mp4?s=809528c6b918a3bcc3af29620fe6658326a84277&profile_id=164
thyroxin, https://media.signbsl.com/videos/asl/aslsignbank/mp4/LETTER-T-1658.mp4
thyroxine, https://media.signbsl.com/videos/asl/aslsignbank/mp4/LETTER-T-1658.mp4
thyself, https://media.signbsl.com/videos/asl/youtube/mp4/W2xjz7HGmGw.mp4
Ti, https://media.signbsl.com/videos/asl/AustinCommunityCollege/mp4/weld_titanium_.mp4
Ti, https://media.signbsl.com/videos/asl/AustinCommunityCollege/mp4/weld_titanium_.mp4
tic, https://media.signbsl.com/videos/asl/youtube/mp4/YksDADG0O4g.mp4
tick, https://media.signbsl.com/videos/asl/youtube/mp4/dhK71WnuPPQ.mp4
ticker, https://media.signbsl.com/videos/asl/aslsignbank/mp4/HEART-BODY-776.mp4
ticket, https://media.signbsl.com/videos/asl/startasl/mp4/ticket.mp4
ticket 2 definitions, https://media.signbsl.com/videos/asl/youtube/mp4/m-T3DAmlhqQ.mp4
ticket booth, https://player.vimeo.com/external/392648543.sd.mp4?s=6c8ad015e73271ff6f3ed2743171a6e704ec3a25&profile_id=164
ticketed, https://media.signbsl.com/videos/asl/youtube/mp4/ULl_6VfR8sA.mp4
ticket office, https://player.vimeo.com/external/392648543.sd.mp4?s=6c8ad015e73271ff6f3ed2743171a6e704ec3a25&profile_id=164
tickle, https://media.signbsl.com/videos/asl/aslsignbank/mp4/TICKLE-1230.mp4
tickling, https://media.signbsl.com/videos/asl/aslsignbank/mp4/TICKLE-1230.mp4
ticklish, https://media.signbsl.com/videos/asl/youtube/mp4/XkUErfKiUVM.mp4
ticktack, https://media.signbsl.com/videos/asl/youtube/mp4/2T_4QbIeUTw.mp4
ticktock, https://media.signbsl.com/videos/asl/youtube/mp4/2T_4QbIeUTw.mp4
tidal, https://media.signbsl.com/videos/asl/youtube/mp4/L0AJhldVgVE.mp4
tidal wave, https://player.vimeo.com/external/392531060.sd.mp4?s=183bdcfb49813437432302c2c33ab389e4b5b17b&profile_id=164
tidbit, https://media.signbsl.com/videos/asl/youtube/mp4/XsMCXXmOL-M.mp4
tiddler, https://media.signbsl.com/videos/asl/startasl/mp4/children.mp4
tiddley, https://player.vimeo.com/external/392518215.sd.mp4?s=113d53ba6f2c71f52d578ada70db149ecff96e8b&profile_id=164
tiddly, https://player.vimeo.com/external/392518215.sd.mp4?s=113d53ba6f2c71f52d578ada70db149ecff96e8b&profile_id=164
tide, https://player.vimeo.com/external/392517757.sd.mp4?s=9966995e7515082147e791e7a882d8ef48b270b4&profile_id=164
tidemark, https://media.signbsl.com/videos/asl/youtube/mp4/YOhXxEWEcoM.mp4
tidied, https://media.signbsl.com/videos/asl/youtube/mp4/IUC6baHTINo.mp4
tidings, https://media.signbsl.com/videos/asl/youtube/mp4/6oJPiLU3KLE.mp4
tidy, https://player.vimeo.com/external/395766219.sd.mp4?s=9009535209a24f8afa148e90d85536672ad379b5&profile_id=164
tidy sum, https://media.signbsl.com/videos/asl/aslsearch/mp4/lot.mp4
tidy up, https://player.vimeo.com/external/395766219.sd.mp4?s=9009535209a24f8afa148e90d85536672ad379b5&profile_id=164
tie, https://media.signbsl.com/videos/asl/startasl/mp4/tie.mp4
tiebreak, https://media.signbsl.com/videos/asl/youtube/mp4/YqlAThF3l5c.mp4
tie down, https://player.vimeo.com/external/392517875.sd.mp4?s=4a2f1291f64d72ad1b2bf2cd77fc93007b8bb987&profile_id=164
tied up, NA
tie her to, https://media.signbsl.com/videos/asl/youtube/mp4/XC-VmerIVtI.mp4
tie her up, https://media.signbsl.com/videos/asl/youtube/mp4/te9Ozn2nCEs.mp4
tie in, https://media.signbsl.com/videos/asl/aslsearch/mp4/associate.mp4
tie off, https://media.signbsl.com/videos/asl/youtube/mp4/0Orhoq31UHI.mp4
tier, https://media.signbsl.com/videos/asl/youtube/mp4/NiMBQexhSkQ.mp4
tierce, https://media.signbsl.com/videos/asl/aslsearch/mp4/triplets2.mp4
tie rod, https://media.signbsl.com/videos/asl/AustinCommunityCollege/mp4/auto_tie_rods_.mp4
tie rods, https://media.signbsl.com/videos/asl/AustinCommunityCollege/mp4/auto_tie_rods_.mp4
tie shoes, https://media.signbsl.com/videos/asl/elementalaslconcepts/mp4/tie_shoes.mp4
tietack, NA
tiff, https://media.signbsl.com/videos/asl/startasl/mp4/spat.mp4
tiffin, https://media.signbsl.com/videos/asl/startasl/mp4/lunch.mp4
tiger, https://media.signbsl.com/videos/asl/startasl/mp4/tiger.mp4
tigerish, https://media.signbsl.com/videos/asl/youtube/mp4/o-OJ9JeAVb0.mp4
tiggy winkle, https://media.signbsl.com/videos/asl/youtube/mp4/jQOZ_VG5Ono.mp4
tight, https://player.vimeo.com/external/392518215.sd.mp4?s=113d53ba6f2c71f52d578ada70db149ecff96e8b&profile_id=164
tighten, https://player.vimeo.com/external/392124852.sd.mp4?s=f0509afc27b82084832b9a97163cdd80ee4b6a5a&profile_id=164
tighten belt, https://media.signbsl.com/videos/asl/youtube/mp4/1wVdI6NseGc.mp4
tight end, https://media.signbsl.com/videos/asl/youtube/mp4/r44v6kyur_s.mp4
tighter, https://media.signbsl.com/videos/asl/youtube/mp4/Ae9bqNV91w8.mp4
tight knit, https://player.vimeo.com/external/392518034.sd.mp4?s=68271ac5ec31e9f5fa22f84201359eba6ba2c710&profile_id=164
tight laced, https://media.signbsl.com/videos/asl/youtube/mp4/26e42j1fb-Q.mp4
tight lipped, https://player.vimeo.com/external/392518119.sd.mp4?s=54492d257b0086791bb3b4c3834ad98fc39933bd&profile_id=164
tightlipped, https://player.vimeo.com/external/392518119.sd.mp4?s=54492d257b0086791bb3b4c3834ad98fc39933bd&profile_id=164
tightly knit, https://player.vimeo.com/external/392518034.sd.mp4?s=68271ac5ec31e9f5fa22f84201359eba6ba2c710&profile_id=164
tightrope, https://player.vimeo.com/external/392518292.sd.mp4?s=136a4844059a94aff8f32500ff8ec8c2a4e827c7&profile_id=164
tights, https://media.signbsl.com/videos/asl/youtube/mp4/cx84FPOz-s8.mp4
tight throat, https://media.signbsl.com/videos/asl/youtube/mp4/FkrC1X2MaYI.mp4
tightwad, https://player.vimeo.com/external/395742483.sd.mp4?s=1621073f0ae80e35bf2abea2713ca07a5bc45fac&profile_id=164
tigress, https://media.signbsl.com/videos/asl/youtube/mp4/EBl15-fw6CU.mp4
tike, https://media.signbsl.com/videos/asl/startasl/mp4/children.mp4
til, https://media.signbsl.com/videos/asl/youtube/mp4/JakriGFcBR8.mp4
tilak, https://player.vimeo.com/external/392518359.sd.mp4?s=4ce8db23eb1a6647574e4cafd150e0e5a8b04c4e&profile_id=164
tilden douglas, https://player.vimeo.com/external/392518432.sd.mp4?s=664559fad4e546277fe6b447cebb70819414d546&profile_id=164
tile, https://media.signbsl.com/videos/asl/youtube/mp4/tWSu8DeVWto.mp4
till, https://player.vimeo.com/external/392518536.sd.mp4?s=22ff2fb9975418a22e4d8f712a95077963d13e3e&profile_id=164
tillable, https://media.signbsl.com/videos/asl/youtube/mp4/Jwco2ldupTY.mp4
till death do us part, https://player.vimeo.com/external/392518493.sd.mp4?s=8024f4d02a0172d8ee11ba85e36900604f21d27f&profile_id=164
til now, https://media.signbsl.com/videos/asl/aslsearch/mp4/still.mp4
tilt, https://media.signbsl.com/videos/asl/youtube/mp4/0qD8d6tj5xQ.mp4
tilted, https://media.signbsl.com/videos/asl/youtube/mp4/RKYL3lCtgMU.mp4
tilting board, https://media.signbsl.com/videos/asl/aslsearch/mp4/seesaw.mp4
tim, https://media.signbsl.com/videos/asl/youtube/mp4/8Xekfhvuzqc.mp4
timber, https://media.signbsl.com/videos/asl/aslsearch/mp4/lumber.mp4
timber line, https://media.signbsl.com/videos/asl/youtube/mp4/JUYIELOl7ug.mp4
timberline, https://media.signbsl.com/videos/asl/youtube/mp4/JUYIELOl7ug.mp4
timbre, https://media.signbsl.com/videos/asl/youtube/mp4/kh_UNnhZ-1Q.mp4
time, https://media.signbsl.com/videos/asl/startasl/mp4/time.mp4
time and again, https://media.signbsl.com/videos/asl/aslsignbank/mp4/INDOCTRINATE-1736.mp4
Time and Eternity, https://media.signbsl.com/videos/asl/ids/mp4/2013-11-4950-time-and-eternity-1500k-ase.mp4
time and time again, https://media.signbsl.com/videos/asl/aslsignbank/mp4/INDOCTRINATE-1736.mp4
time change, https://player.vimeo.com/external/392755522.sd.mp4?s=3113fff02808994013ed13da0982e8bef76348d7&profile_id=164
time for bed, https://media.signbsl.com/videos/asl/aslsearch/mp4/time-for-bed.mp4
time for school, https://media.signbsl.com/videos/asl/youtube/mp4/8pRDx-C151s.mp4
time interval, https://media.signbsl.com/videos/asl/tsdvideo/mp4/230.mp4
timekeeper, https://media.signbsl.com/videos/asl/youtube/mp4/4Jp6MBa0PbU.mp4
timeless, https://media.signbsl.com/videos/asl/youtube/mp4/NRgJVZNxHIY.mp4
time line, https://media.signbsl.com/videos/asl/elementalaslconcepts/mp4/time_line.mp4
timeline, https://player.vimeo.com/external/392520691.sd.mp4?s=0b67aedf5f56a5d0e3c6010f5ac605f5579855fa&profile_id=164
timeliness, https://media.signbsl.com/videos/asl/youtube/mp4/xgaur2AYYZM.mp4
time of arrival, https://player.vimeo.com/external/391169186.sd.mp4?s=7a503719f8234d6a0b040f4ac680918bc5d64d8b&profile_id=164
time of departure, https://player.vimeo.com/external/391933046.sd.mp4?s=7de846465428e6f086edff33db00547acef1ebf2&profile_id=164
time off, https://player.vimeo.com/external/392518603.sd.mp4?s=355c314d5404d99c8b28879a5b4b04780836b8cb&profile_id=164
time of year, https://media.signbsl.com/videos/asl/startasl/mp4/season.mp4
time out, https://media.signbsl.com/videos/asl/aslsignbank/mp4/BREAKTIME-421.mp4
timeout, https://media.signbsl.com/videos/asl/aslsignbank/mp4/BREAKTIME-421.mp4
time passage, https://player.vimeo.com/external/392755569.sd.mp4?s=09116e6435ea60be86a620671b735c9f761eb6b9&profile_id=164
time period, https://media.signbsl.com/videos/asl/aslsignbank/mp4/ERA-3166.mp4
timepiece, https://media.signbsl.com/videos/asl/youtube/mp4/4Jp6MBa0PbU.mp4
timer, https://media.signbsl.com/videos/asl/youtube/mp4/_-LL6IJLgbE.mp4
times, https://media.signbsl.com/videos/asl/tsdvideo/mp4/481.mp4
timeshare, https://media.signbsl.com/videos/asl/youtube/mp4/ZVxD8G1VTeQ.mp4
time sheet, https://player.vimeo.com/external/392518710.sd.mp4?s=8a2c945ad78949c92ed971ac6f98a35cbe840a67&profile_id=164
time span, https://media.signbsl.com/videos/asl/youtube/mp4/rLVji87cLIg.mp4
times up, https://media.signbsl.com/videos/asl/youtube/mp4/jMYcCRGfeGo.mp4
timetable, https://player.vimeo.com/external/392520711.sd.mp4?s=946eb1d86a3b0fe57ba80195dfdd3e098a0fc6a7&profile_id=164
time to clean up, https://media.signbsl.com/videos/asl/youtube/mp4/DkKIpOcF0rU.mp4
time to come, https://media.signbsl.com/videos/asl/startasl/mp4/future.mp4
time to go, https://media.signbsl.com/videos/asl/elementalaslconcepts/mp4/time_to_go.mp4
time to go home, https://media.signbsl.com/videos/asl/youtube/mp4/jTaOnnzVe7g.mp4
timeworn, https://media.signbsl.com/videos/asl/youtube/mp4/cjU8h0LcN4M.mp4
time zone ahead, https://player.vimeo.com/external/392756111.sd.mp4?s=822d28961ed4ffb4465de1dd091587593a1c08a8&profile_id=164
time zone behind, https://player.vimeo.com/external/392756148.sd.mp4?s=3dd1e32136a7357e4e966117b0fc4e86844bb734&profile_id=164
tim hortons, https://player.vimeo.com/external/392518576.sd.mp4?s=e2260c7a3ff465d624a19c4e3d884acdbf1fc5cf&profile_id=164
timid, https://media.signbsl.com/videos/asl/youtube/mp4/HBXfj0ZMbus.mp4
timpani, https://media.signbsl.com/videos/asl/youtube/mp4/Uibgy50cz70.mp4
tin, https://media.signbsl.com/videos/asl/aslsearch/mp4/can2.mp4
tin can, https://media.signbsl.com/videos/asl/aslsearch/mp4/can2.mp4
tincture, https://media.signbsl.com/videos/asl/youtube/mp4/I9BqCdFOOjM.mp4
tinder, https://media.signbsl.com/videos/asl/youtube/mp4/vwrg4tqTHIs.mp4
tinderbox, https://media.signbsl.com/videos/asl/youtube/mp4/CfkJ4rPmeo0.mp4
tinge, https://media.signbsl.com/videos/asl/youtube/mp4/qqJvsSGvVP4.mp4
tinged, https://player.vimeo.com/external/392756333.sd.mp4?s=09a0a9a2558163ff096dfa49eec7f70802d0fbc8&profile_id=164
tingle, https://player.vimeo.com/external/392520764.sd.mp4?s=c862736240305ba96b9ce5bf7e7dc90d0eea3065&profile_id=164
tininess, https://media.signbsl.com/videos/asl/youtube/mp4/Kmnm0Y-Qfxk.mp4
tinker, https://media.signbsl.com/videos/asl/youtube/mp4/LElf0V6cYbg.mp4
tinkerbell, https://media.signbsl.com/videos/asl/youtube/mp4/VSyfWo_QBlA.mp4
tinkerer, https://media.signbsl.com/videos/asl/youtube/mp4/6uVeu-vBFk4.mp4
tin man, https://media.signbsl.com/videos/asl/youtube/mp4/Y3zIFQhss4E.mp4
tinniness, https://media.signbsl.com/videos/asl/youtube/mp4/RPe9D4xF9nc.mp4
tinnitus, https://player.vimeo.com/external/392756185.sd.mp4?s=a48980333e7f58aba17889c2168cfa9568e30117&profile_id=164
tin opener, https://media.signbsl.com/videos/asl/youtube/mp4/r3JKt_x6iU8.mp4
tin snips, https://player.vimeo.com/external/392520742.sd.mp4?s=abff7f955b5962aa1ecf1280cd02b3a54e136f34&profile_id=164
tinsnips, https://player.vimeo.com/external/392520742.sd.mp4?s=abff7f955b5962aa1ecf1280cd02b3a54e136f34&profile_id=164
tint, https://media.signbsl.com/videos/asl/youtube/mp4/I9BqCdFOOjM.mp4
tintinnabulation, https://media.signbsl.com/videos/asl/youtube/mp4/1HdUm5Rb2N8.mp4
tintype, https://media.signbsl.com/videos/asl/youtube/mp4/YJRGZNZ_vuM.mp4
tiny, https://player.vimeo.com/external/392520787.sd.mp4?s=0b76cce8f13515bc4666a6742cbd71b118525152&profile_id=164
tinybox, https://media.signbsl.com/videos/asl/aslsignbank/mp4/TEENY-296.mp4
tip, https://media.signbsl.com/videos/asl/youtube/mp4/0qD8d6tj5xQ.mp4
tip hat, https://media.signbsl.com/videos/asl/youtube/mp4/xcDER22IUUc.mp4
tipi, https://player.vimeo.com/external/392520826.sd.mp4?s=1c32182094b8143e2a159e8e57d3844f0fa39f65&profile_id=164
tip off, https://media.signbsl.com/videos/asl/youtube/mp4/JacdPzYyBzQ.mp4
tip over, https://media.signbsl.com/videos/asl/youtube/mp4/E_Kz22GVjts.mp4
tip over an edge, https://media.signbsl.com/videos/asl/youtube/mp4/gj1xK49QCsg.mp4
tipped, https://media.signbsl.com/videos/asl/youtube/mp4/RKYL3lCtgMU.mp4
tipper, https://media.signbsl.com/videos/asl/youtube/mp4/uLrSBsNES28.mp4
tipper lorry, https://media.signbsl.com/videos/asl/youtube/mp4/uLrSBsNES28.mp4
tipper truck, https://media.signbsl.com/videos/asl/youtube/mp4/uLrSBsNES28.mp4
tippytoe, https://media.signbsl.com/videos/asl/youtube/mp4/plZtxjrthLI.mp4
tippy top, https://media.signbsl.com/videos/asl/youtube/mp4/2vKto-Ag3Xk.mp4
tips cutting, https://media.signbsl.com/videos/asl/AustinCommunityCollege/mp4/weld_tips_cutting_.mp4
tips drag, https://media.signbsl.com/videos/asl/AustinCommunityCollege/mp4/weld_tips_drag_.mp4
tipsily, https://media.signbsl.com/videos/asl/youtube/mp4/tZ6BKg0clXk.mp4
tipster, https://media.signbsl.com/videos/asl/youtube/mp4/whyMJxJlSSA.mp4
tips washing, https://media.signbsl.com/videos/asl/AustinCommunityCollege/mp4/weld_tips_washing_.mp4
tipsy, https://player.vimeo.com/external/392518215.sd.mp4?s=113d53ba6f2c71f52d578ada70db149ecff96e8b&profile_id=164
tip the scales of justice, https://media.signbsl.com/videos/asl/aslsearch/mp4/tilt.mp4
tiptoe, https://media.signbsl.com/videos/asl/youtube/mp4/plZtxjrthLI.mp4
tiptoe sideways, https://media.signbsl.com/videos/asl/youtube/mp4/plZtxjrthLI.mp4
tiptop, https://media.signbsl.com/videos/asl/youtube/mp4/r_jf0dpBhSE.mp4
tip truck, https://media.signbsl.com/videos/asl/youtube/mp4/uLrSBsNES28.mp4
tip vehicle, https://media.signbsl.com/videos/asl/youtube/mp4/hVvdp-sPurc.mp4
tirade, https://media.signbsl.com/videos/asl/youtube/mp4/LEjHUc8srSs.mp4
tire, https://media.signbsl.com/videos/asl/aslsearch/mp4/tire.mp4
tire chains, https://player.vimeo.com/external/392520887.sd.mp4?s=f6d8c133eead630cadf5c02e739bb0bc6fb5a952&profile_id=164
tired, https://media.signbsl.com/videos/asl/startasl/mp4/tired.mp4
tiredness, https://media.signbsl.com/videos/asl/youtube/mp4/E8O_U4akqoY.mp4
tired of, https://media.signbsl.com/videos/asl/youtube/mp4/mqZH7F4bvJ8.mp4
tire flat, https://media.signbsl.com/videos/asl/elementalaslconcepts/mp4/tire_flat.mp4
tire gauge, https://media.signbsl.com/videos/asl/AustinCommunityCollege/mp4/auto_tire_gauge_.mp4
tireless, https://player.vimeo.com/external/392166065.sd.mp4?s=212ab307bce890c8b803ff241132b254a8e46786&profile_id=164
tire out, https://media.signbsl.com/videos/asl/youtube/mp4/gMJdTeTsY3Q.mp4
tires, https://media.signbsl.com/videos/asl/aslsearch/mp4/tire.mp4
tiresome, https://media.signbsl.com/videos/asl/aslsearch/mp4/dull.mp4
tiro, https://media.signbsl.com/videos/asl/aslsearch/mp4/initiate.mp4
tissue, https://media.signbsl.com/videos/asl/youtube/mp4/zliFT1Nj9O4.mp4
tissue paper, https://media.signbsl.com/videos/asl/startasl/mp4/tissue.mp4
tit, https://media.signbsl.com/videos/asl/aslsearch/mp4/breast.mp4
Titan, https://media.signbsl.com/videos/asl/youtube/mp4/7jobfypk9As.mp4
titanium, https://media.signbsl.com/videos/asl/AustinCommunityCollege/mp4/weld_titanium_.mp4
titbit, https://media.signbsl.com/videos/asl/youtube/mp4/XsMCXXmOL-M.mp4
tithe, https://media.signbsl.com/videos/asl/ids/mp4/2013-11-4960-tithing-1500k-ase.mp4
tithing, https://media.signbsl.com/videos/asl/ids/mp4/2013-11-4960-tithing-1500k-ase.mp4
Tithing Settlement, https://media.signbsl.com/videos/asl/ids/mp4/2013-11-4970-tithing-settlement-1500k-ase.mp4
titillating, https://media.signbsl.com/videos/asl/youtube/mp4/qT96vBaWQCA.mp4
titillation, https://media.signbsl.com/videos/asl/aslsignbank/mp4/TICKLE-1230.mp4
title, https://media.signbsl.com/videos/asl/aslsignbank/mp4/NAME-511.mp4
titled, https://media.signbsl.com/videos/asl/youtube/mp4/gZ9VKtXzk_Y.mp4
title holder, https://media.signbsl.com/videos/asl/aslsignbank/mp4/CHAMPION-2353.mp4
titleholder, https://media.signbsl.com/videos/asl/aslsignbank/mp4/CHAMPION-2353.mp4
titrate, https://media.signbsl.com/videos/asl/youtube/mp4/D00scrEGkXc.mp4
titration, https://media.signbsl.com/videos/asl/deaftec/mp4/1432.mp4
titter, https://media.signbsl.com/videos/asl/aslsearch/mp4/giggle.mp4
tittle, https://media.signbsl.com/videos/asl/aslsearch/mp4/shred.mp4
tittle tattle, https://player.vimeo.com/external/395755650.sd.mp4?s=e614f7ba9f29061f03aa1ebe5b2ac124960ff956&profile_id=164
titty, https://media.signbsl.com/videos/asl/aslsearch/mp4/breast.mp4
titular, https://media.signbsl.com/videos/asl/youtube/mp4/80O8M2iGYic.mp4
TN, https://media.signbsl.com/videos/asl/youtube/mp4/BGwbZB8HqUk.mp4
to, https://media.signbsl.com/videos/asl/aslsignbank/mp4/UNTIL-1361.mp4
toad, https://media.signbsl.com/videos/asl/aslsignbank/mp4/FROG-137.mp4
toad frog, https://media.signbsl.com/videos/asl/aslsignbank/mp4/FROG-137.mp4
to a fault, https://media.signbsl.com/videos/asl/youtube/mp4/RLRJPCQNU6Q.mp4
to a greater extent, https://media.signbsl.com/videos/asl/startasl/mp4/more.mp4
to a great extent, https://media.signbsl.com/videos/asl/youtube/mp4/cBVYeam6MTA.mp4
to a higher degree, https://media.signbsl.com/videos/asl/startasl/mp4/more-than.mp4
to a lesser degree, https://media.signbsl.com/videos/asl/tsdvideo/mp4/66.mp4
to a lesser extent, https://media.signbsl.com/videos/asl/aslsearch/mp4/less.mp4
to a lower place, https://media.signbsl.com/videos/asl/tsdvideo/mp4/81.mp4
to and fro, https://media.signbsl.com/videos/asl/aslsearch/mp4/back-and-forth.mp4
toast, https://media.signbsl.com/videos/asl/aslsearch/mp4/toast.mp4
toast cheer, https://player.vimeo.com/external/392522511.sd.mp4?s=b30e1fbc786fce2ed92c1266ae5c0ec123cebdd7&profile_id=164
toaster, https://media.signbsl.com/videos/asl/aslsearch/mp4/toaster.mp4
toaster oven, https://media.signbsl.com/videos/asl/aslsearch/mp4/toaster-oven.mp4
toasty, https://media.signbsl.com/videos/asl/youtube/mp4/p89Gjk8Tn44.mp4
to a T, https://media.signbsl.com/videos/asl/aslsignbank/mp4/E(perfect)-1891.mp4
tobacco, https://media.signbsl.com/videos/asl/aslsearch/mp4/tobacco.mp4
tobacconist, https://media.signbsl.com/videos/asl/youtube/mp4/NVvZMaRIW7g.mp4
tobacconist shop, https://media.signbsl.com/videos/asl/youtube/mp4/NVvZMaRIW7g.mp4
tobacco pipe, https://media.signbsl.com/videos/asl/aslsearch/mp4/pipe.mp4
tobacco shop, https://media.signbsl.com/videos/asl/youtube/mp4/NVvZMaRIW7g.mp4
tobacco user, https://media.signbsl.com/videos/asl/youtube/mp4/8PFw_3FuxB4.mp4
tobaggan, https://media.signbsl.com/videos/asl/youtube/mp4/uQv_6IcOCpU.mp4
to bankrupt, https://media.signbsl.com/videos/asl/youtube/mp4/0dz2F44WD-o.mp4
toboggan, https://player.vimeo.com/external/392522640.sd.mp4?s=1a9df4a81e90be6b3edb529c7da380faa3bb799f&profile_id=164
tobogganer, https://media.signbsl.com/videos/asl/youtube/mp4/oOKSlDBIIG0.mp4
to border, https://media.signbsl.com/videos/asl/youtube/mp4/tEzGxK12Ok0.mp4
tocsin, https://media.signbsl.com/videos/asl/youtube/mp4/GtVNfr1PbOs.mp4
today, https://media.signbsl.com/videos/asl/startasl/mp4/today.mp4
toddle, https://player.vimeo.com/external/392522700.sd.mp4?s=2f372d1be7a044e4007848cb03f6debdd3480b2b&profile_id=164
toddler, https://player.vimeo.com/external/392522744.sd.mp4?s=b9bfea4984323904a8fbcafb9dba4aee8d0bc004&profile_id=164
to die for, https://media.signbsl.com/videos/asl/youtube/mp4/uxT494jrdpo.mp4
to do, https://media.signbsl.com/videos/asl/youtube/mp4/TP1xGosEXRo.mp4
toe, https://media.signbsl.com/videos/asl/aslsearch/mp4/toes.mp4
to each one, https://media.signbsl.com/videos/asl/aslsignbank/mp4/EVERY-1328.mp4
toe in, https://media.signbsl.com/videos/asl/AustinCommunityCollege/mp4/auto_toe_in_.mp4
toe out, https://media.signbsl.com/videos/asl/AustinCommunityCollege/mp4/auto_toe_out_.mp4
toes, https://media.signbsl.com/videos/asl/aslsearch/mp4/toes.mp4
toes pointing in, https://media.signbsl.com/videos/asl/youtube/mp4/XAZLl486uyE.mp4
toes pointing out, https://media.signbsl.com/videos/asl/youtube/mp4/hIEl8m6jpAE.mp4
toffee, https://media.signbsl.com/videos/asl/youtube/mp4/u1z46wpdQzM.mp4
toffy, https://media.signbsl.com/videos/asl/youtube/mp4/u1z46wpdQzM.mp4
tog, https://media.signbsl.com/videos/asl/aslsearch/mp4/garment.mp4
together, https://media.signbsl.com/videos/asl/aslsearch/mp4/together.mp4
together for a long time, https://media.signbsl.com/videos/asl/youtube/mp4/GacXMQVCUSE.mp4
toggle, https://media.signbsl.com/videos/asl/youtube/mp4/QlCvoDuaPUo.mp4
Togo, https://media.signbsl.com/videos/asl/youtube/mp4/1_iGEoFQD2U.mp4
Togolese Republic, https://media.signbsl.com/videos/asl/youtube/mp4/1_iGEoFQD2U.mp4
tog out, https://media.signbsl.com/videos/asl/aslsearch/mp4/dress-up.mp4
tog up, https://media.signbsl.com/videos/asl/aslsearch/mp4/dress-up.mp4
to hitch a horse, https://media.signbsl.com/videos/asl/youtube/mp4/Mw7KznubjJ4.mp4
toil, https://media.signbsl.com/videos/asl/aslsearch/mp4/labor.mp4
toilet, https://media.signbsl.com/videos/asl/startasl/mp4/bathroom.mp4
toilet facility, https://media.signbsl.com/videos/asl/aslsearch/mp4/restroom.mp4
toilet paper, https://media.signbsl.com/videos/asl/aslsearch/mp4/toilet-paper.mp4
toilet tissue, https://media.signbsl.com/videos/asl/aslsearch/mp4/toilet-paper.mp4
toilsome, https://player.vimeo.com/external/391168675.sd.mp4?s=aae06e26bfadc7d0c30e5ef2f00385b96c99d966&profile_id=164
token, https://media.signbsl.com/videos/asl/youtube/mp4/fo3iKdZwxgY.mp4
tokenish, https://media.signbsl.com/videos/asl/youtube/mp4/7ms8GREmEKw.mp4
Tokio, https://media.signbsl.com/videos/asl/youtube/mp4/V9_lAs-SpRc.mp4
Tokyo, https://media.signbsl.com/videos/asl/youtube/mp4/V9_lAs-SpRc.mp4
to label someones reputation, https://media.signbsl.com/videos/asl/youtube/mp4/86spMnEFhRA.mp4
told, https://media.signbsl.com/videos/asl/signlanguagestudent/mp4/told.mp4
told you so, https://player.vimeo.com/external/392522952.sd.mp4?s=a245d84f23539a9a1f66700a7cdb9f815c65ba10&profile_id=164
tolerable, https://media.signbsl.com/videos/asl/youtube/mp4/A2T9hLc8fqY.mp4
tolerably, https://media.signbsl.com/videos/asl/startasl/mp4/so-so.mp4
tolerance, https://media.signbsl.com/videos/asl/AustinCommunityCollege/mp4/weld_tolerance_.mp4
tolerate, https://media.signbsl.com/videos/asl/aslsignbank/mp4/PATIENT-250.mp4
toll, https://media.signbsl.com/videos/asl/signlanguagestudent/mp4/price.mp4
tollroad, https://media.signbsl.com/videos/asl/youtube/mp4/LCB2WMqQ1l4.mp4
tom, https://media.signbsl.com/videos/asl/youtube/mp4/CRgpx3lRLp8.mp4
tomato, https://media.signbsl.com/videos/asl/startasl/mp4/tomato.mp4
tomato ketchup, https://media.signbsl.com/videos/asl/startasl/mp4/ketchup.mp4
tomato sauce, https://player.vimeo.com/external/392523091.sd.mp4?s=66151f05b16251bbbca094de387940867441da9e&profile_id=164
tomb, https://media.signbsl.com/videos/asl/aslsearch/mp4/grave.mp4
tomboy, https://media.signbsl.com/videos/asl/youtube/mp4/3r9ABycixyU.mp4
tomcat, https://media.signbsl.com/videos/asl/youtube/mp4/rzg6IJ2e3b4.mp4
tome, https://media.signbsl.com/videos/asl/youtube/mp4/Kyth_w000WM.mp4
tomentum, https://media.signbsl.com/videos/asl/youtube/mp4/X9V-Yzk7LVU.mp4
tomfoolery, https://media.signbsl.com/videos/asl/aslsignbank/mp4/CRAZY-1184.mp4
tommyrot, https://media.signbsl.com/videos/asl/youtube/mp4/yuyD1dkz7mQ.mp4
tomorrow, https://media.signbsl.com/videos/asl/startasl/mp4/tomorrow.mp4
tom turkey, https://media.signbsl.com/videos/asl/youtube/mp4/CRgpx3lRLp8.mp4
ton, https://media.signbsl.com/videos/asl/tsdvideo/mp4/1232.mp4
tonal, https://media.signbsl.com/videos/asl/youtube/mp4/AB6RALw7jiw.mp4
tonalities, https://media.signbsl.com/videos/asl/youtube/mp4/nkvffmOUOVo.mp4
tonality, https://media.signbsl.com/videos/asl/youtube/mp4/nkvffmOUOVo.mp4
tone, https://media.signbsl.com/videos/asl/youtube/mp4/I9BqCdFOOjM.mp4
tone down, https://media.signbsl.com/videos/asl/aslsearch/mp4/muffle.mp4
toneless, https://media.signbsl.com/videos/asl/youtube/mp4/suAb-XkdLsg.mp4
toner, https://media.signbsl.com/videos/asl/youtube/mp4/4rw9P5NLKXM.mp4
tong, https://media.signbsl.com/videos/asl/youtube/mp4/sM2YLiMuetg.mp4
tongs, https://player.vimeo.com/external/392523263.sd.mp4?s=7b1449df7283b53e992427f7f76133e5d438c6c9&profile_id=164
tongue, https://media.signbsl.com/videos/asl/aslsearch/mp4/tongue.mp4
tongue depressor, https://player.vimeo.com/external/392523312.sd.mp4?s=b1168404d813e76d5667be9476c9cd0c554b9550&profile_id=164
tongue in cheek, https://media.signbsl.com/videos/asl/youtube/mp4/BJX1DCUlSi8.mp4
tongueless, https://player.vimeo.com/external/392378688.sd.mp4?s=2062ef349a7c38831a33595b57ef7123ae820cd5&profile_id=164
tongue piercing, https://media.signbsl.com/videos/asl/youtube/mp4/2I6chSfIQfg.mp4
tongues, https://media.signbsl.com/videos/asl/aslsearch/mp4/tongue.mp4
tongue tie, https://player.vimeo.com/external/392523366.sd.mp4?s=3e80d3f2b9572d2b09e4849ff42ced0b826f367d&profile_id=164
tonic, https://media.signbsl.com/videos/asl/startasl/mp4/soda-pop.mp4
tonight, https://media.signbsl.com/videos/asl/elementalaslconcepts/mp4/tonight.mp4
tonnage, https://media.signbsl.com/videos/asl/youtube/mp4/L6hUkzqB3hQ.mp4
tonnage duty, https://media.signbsl.com/videos/asl/youtube/mp4/L6hUkzqB3hQ.mp4
tons, https://media.signbsl.com/videos/asl/aslsignbank/mp4/AUDIENCE-2081.mp4
tonsil, https://media.signbsl.com/videos/asl/youtube/mp4/UIKWPQoe2i0.mp4
tonsilitis, https://media.signbsl.com/videos/asl/youtube/mp4/9Gko-Nkpk2k.mp4
tonsilla, https://media.signbsl.com/videos/asl/youtube/mp4/UIKWPQoe2i0.mp4
tonsillectomies, https://media.signbsl.com/videos/asl/youtube/mp4/62-6jT2DcFI.mp4
tonsillectomy, https://media.signbsl.com/videos/asl/youtube/mp4/62-6jT2DcFI.mp4
tonsorial, https://media.signbsl.com/videos/asl/youtube/mp4/qpJ1eRJ-hbA.mp4
too, https://media.signbsl.com/videos/asl/signlanguagestudent/mp4/too.mp4
too bad, https://media.signbsl.com/videos/asl/aslsearch/mp4/too-bad.mp4
too big for ones breeches, https://media.signbsl.com/videos/asl/youtube/mp4/r5B9BYxItD0.mp4
too careful, https://media.signbsl.com/videos/asl/youtube/mp4/aTbqzXqhx4g.mp4
too generous, https://media.signbsl.com/videos/asl/youtube/mp4/L_7FX5Ryl7Y.mp4
took, https://media.signbsl.com/videos/asl/signlanguagestudent/mp4/took.mp4
took her picture, https://media.signbsl.com/videos/asl/youtube/mp4/EWXMCI_nsR4.mp4
took the paper bag off his head, https://media.signbsl.com/videos/asl/youtube/mp4/BLcZqXebayU.mp4
tool, https://media.signbsl.com/videos/asl/aslsearch/mp4/dick.mp4
too large, https://media.signbsl.com/videos/asl/youtube/mp4/UdmPdS911gs.mp4
toolbar, https://media.signbsl.com/videos/asl/mariekatzenbachschool/mp4/toolbar.mp4
tooled steel, https://media.signbsl.com/videos/asl/AustinCommunityCollege/mp4/weld_tooledsteel_.mp4
toolmaker, https://media.signbsl.com/videos/asl/youtube/mp4/v_G6H85F6vs.mp4
toolshed, https://media.signbsl.com/videos/asl/youtube/mp4/nv4YMfQAOM4.mp4
too much or too little, https://media.signbsl.com/videos/asl/youtube/mp4/fO-k3i7_r9E.mp4
tooshie, https://media.signbsl.com/videos/asl/youtube/mp4/k4acAbNtqrg.mp4
toot, https://media.signbsl.com/videos/asl/youtube/mp4/CxBEeCxbP3c.mp4
tooth, https://media.signbsl.com/videos/asl/aslsearch/mp4/tooth.mp4
toothache, https://media.signbsl.com/videos/asl/aslsearch/mp4/toothache.mp4
toothbrush, https://media.signbsl.com/videos/asl/aslsearch/mp4/toothbrush.mp4
tooth crown, https://player.vimeo.com/external/392524855.sd.mp4?s=3baa08b703f80eada85b911c3c5e9e2c1d268354&profile_id=164
tooth decay, https://media.signbsl.com/videos/asl/youtube/mp4/Q4Z5Csdu20A.mp4
tooth doctor, https://media.signbsl.com/videos/asl/startasl/mp4/dentist.mp4
tooth enamel, https://media.signbsl.com/videos/asl/youtube/mp4/HsVic14dPXM.mp4
tooth extraction, https://player.vimeo.com/external/392524902.sd.mp4?s=f0416756a66cd05892f53546a2f3ce923493240e&profile_id=164
toothily, https://media.signbsl.com/videos/asl/youtube/mp4/hnvx6sH2sVs.mp4
toothless, https://player.vimeo.com/external/392525018.sd.mp4?s=2ecc07cba041cfa9b730adb6c11442a2e558b280&profile_id=164
toothpaste, https://media.signbsl.com/videos/asl/aslsearch/mp4/toothpaste.mp4
toothsome, https://media.signbsl.com/videos/asl/youtube/mp4/wWE0Z7MX-Xk.mp4
toothy grin, https://player.vimeo.com/external/392756253.sd.mp4?s=686cafee434363e859ebc967d4cca093ce1f8513&profile_id=164
tootle, https://media.signbsl.com/videos/asl/youtube/mp4/C4YXO1brPi4.mp4
too white, https://media.signbsl.com/videos/asl/youtube/mp4/sqoYbfYwwp4.mp4
top, https://media.signbsl.com/videos/asl/signlanguagestudent/mp4/top.mp4
top banana, https://media.signbsl.com/videos/asl/youtube/mp4/DwfUSWfYcTI.mp4
topcoat, https://media.signbsl.com/videos/asl/aslsignbank/mp4/OVERCOAT-2251.mp4
top dog, https://media.signbsl.com/videos/asl/signlanguagestudent/mp4/chief.mp4
toper, https://media.signbsl.com/videos/asl/youtube/mp4/b-rp1uzhnrQ.mp4
to perfection, https://media.signbsl.com/videos/asl/aslsignbank/mp4/E(perfect)-1891.mp4
top executive, https://media.signbsl.com/videos/asl/youtube/mp4/0P74ZKdfZzM.mp4
topic, https://media.signbsl.com/videos/asl/signlanguagestudent/mp4/subject.mp4
topless, https://media.signbsl.com/videos/asl/youtube/mp4/yLn_6RQRivQ.mp4
top level, https://media.signbsl.com/videos/asl/youtube/mp4/7vwNFRslj2o.mp4
top lid, https://media.signbsl.com/videos/asl/signlanguagestudent/mp4/top-lid.mp4
top notch, https://media.signbsl.com/videos/asl/youtube/mp4/r_jf0dpBhSE.mp4
topnotch, https://media.signbsl.com/videos/asl/youtube/mp4/r_jf0dpBhSE.mp4
top off, https://media.signbsl.com/videos/asl/youtube/mp4/Z7bnOeCUcWs.mp4
topographer, https://media.signbsl.com/videos/asl/youtube/mp4/wTPvs_s3Wdw.mp4
topographic, https://media.signbsl.com/videos/asl/youtube/mp4/cY3jbc14C8k.mp4
topographical, https://media.signbsl.com/videos/asl/youtube/mp4/cY3jbc14C8k.mp4
topology, https://media.signbsl.com/videos/asl/deaftec/mp4/1074.mp4
topology ring, https://media.signbsl.com/videos/asl/deaftec/mp4/1078.mp4
topology star, https://media.signbsl.com/videos/asl/deaftec/mp4/1079.mp4
topper, https://media.signbsl.com/videos/asl/youtube/mp4/NlC_dKIP3ho.mp4
toppers, https://media.signbsl.com/videos/asl/youtube/mp4/NlC_dKIP3ho.mp4
topping, https://media.signbsl.com/videos/asl/youtube/mp4/MyoW088sOIk.mp4
topple, https://player.vimeo.com/external/392525130.sd.mp4?s=bb649800eb1e3c229e80545a1e3ac7ebeba77511&profile_id=164
top ranking, https://media.signbsl.com/videos/asl/youtube/mp4/7vwNFRslj2o.mp4
tops, https://media.signbsl.com/videos/asl/youtube/mp4/r_jf0dpBhSE.mp4
top side, https://media.signbsl.com/videos/asl/youtube/mp4/BESuKlcKRls.mp4
topsoil, https://media.signbsl.com/videos/asl/youtube/mp4/d2_urf0XN80.mp4
topsy turvydom, https://media.signbsl.com/videos/asl/aslsignbank/mp4/MESS-1616.mp4
topsy turvyness, https://media.signbsl.com/videos/asl/aslsignbank/mp4/MESS-1616.mp4
top view, https://media.signbsl.com/videos/asl/tsdvideo/mp4/1281.mp4
Torah, https://media.signbsl.com/videos/asl/youtube/mp4/LD65wh2gx9A.mp4
to raise the curtain, https://player.vimeo.com/external/392756211.sd.mp4?s=0d55157b70d9455e96abb4cfc66bc9192d4b2fa4&profile_id=164
torch, https://media.signbsl.com/videos/asl/aslsearch/mp4/flashlight.mp4
torchbearer, https://media.signbsl.com/videos/asl/youtube/mp4/Vl70IxcCY7s.mp4
torch body, https://media.signbsl.com/videos/asl/AustinCommunityCollege/mp4/weld_torch_body_.mp4
torchlight, https://media.signbsl.com/videos/asl/youtube/mp4/Z8B2_Ytp39M.mp4
toreador, https://media.signbsl.com/videos/asl/youtube/mp4/JBruCwaOwUA.mp4
torment, https://media.signbsl.com/videos/asl/aslsearch/mp4/agony.mp4
tormenter, https://media.signbsl.com/videos/asl/youtube/mp4/QoUGJw8rCMc.mp4
tormentor, https://media.signbsl.com/videos/asl/youtube/mp4/QoUGJw8rCMc.mp4
tornado, https://media.signbsl.com/videos/asl/startasl/mp4/tornado.mp4
Toronto, https://player.vimeo.com/external/392525275.sd.mp4?s=1b0295f0e40d9ccd3930c3047150b96efcca7759&profile_id=164
torpedo, https://media.signbsl.com/videos/asl/youtube/mp4/SjIryQrhsSc.mp4
torque, https://media.signbsl.com/videos/asl/AustinCommunityCollege/mp4/auto_torque_.mp4
torrent, https://media.signbsl.com/videos/asl/youtube/mp4/y3D4Xa4MweA.mp4
torrid, https://media.signbsl.com/videos/asl/youtube/mp4/35XVDI_yYMo.mp4
torsi, https://media.signbsl.com/videos/asl/youtube/mp4/CGsEdkKe2pw.mp4
torsion, https://media.signbsl.com/videos/asl/AustinCommunityCollege/mp4/auto_torque_.mp4
torso, https://player.vimeo.com/external/392525326.sd.mp4?s=f4d6e2126561f1ef3882dd91217cc7202723fa3a&profile_id=164
tort, https://media.signbsl.com/videos/asl/youtube/mp4/aD_u3COvUaQ.mp4
tort feasor, https://media.signbsl.com/videos/asl/unoclimb/mp4/MW9ei6J4r6Q.mp4
tortfeasor, https://media.signbsl.com/videos/asl/unoclimb/mp4/MW9ei6J4r6Q.mp4
tortilla, https://media.signbsl.com/videos/asl/youtube/mp4/MxYWALTT75M.mp4
tortoise, https://media.signbsl.com/videos/asl/aslsearch/mp4/tortoise.mp4
tortuous, https://media.signbsl.com/videos/asl/youtube/mp4/xmFDbX9J6O4.mp4
torture, https://media.signbsl.com/videos/asl/aslsearch/mp4/agony.mp4
torturesome, https://media.signbsl.com/videos/asl/youtube/mp4/fDWzFJMQ7I0.mp4
torturing, https://media.signbsl.com/videos/asl/youtube/mp4/fDWzFJMQ7I0.mp4
torturous, https://media.signbsl.com/videos/asl/youtube/mp4/fDWzFJMQ7I0.mp4
Toscana, https://media.signbsl.com/videos/asl/youtube/mp4/kuqcgZjUYsk.mp4
tosh, https://media.signbsl.com/videos/asl/youtube/mp4/yuyD1dkz7mQ.mp4
toss, https://media.signbsl.com/videos/asl/startasl/mp4/discard.mp4
toss and turn, https://player.vimeo.com/external/392525485.sd.mp4?s=fb57cbb9edcc3aee98c56b78e5145f65873801fb&profile_id=164
toss away, https://media.signbsl.com/videos/asl/startasl/mp4/discard.mp4
toss out, https://media.signbsl.com/videos/asl/startasl/mp4/discard.mp4
toss up, https://media.signbsl.com/videos/asl/youtube/mp4/vNO3F9bxnqc.mp4
tossup, https://media.signbsl.com/videos/asl/youtube/mp4/vNO3F9bxnqc.mp4
tot, https://player.vimeo.com/external/392522744.sd.mp4?s=b9bfea4984323904a8fbcafb9dba4aee8d0bc004&profile_id=164
total, https://media.signbsl.com/videos/asl/aslsearch/mp4/absolute.mp4
total communication, https://media.signbsl.com/videos/asl/youtube/mp4/kVI78fxNtac.mp4
total heat, https://media.signbsl.com/videos/asl/youtube/mp4/Kod3CPuGuGc.mp4
totalitarian, https://player.vimeo.com/external/392526255.sd.mp4?s=0f56d7170a601d0d0d6261d97e064b706fd11650&profile_id=164
totalitarianism, https://player.vimeo.com/external/392541606.sd.mp4?s=1b3a2da28dbc0126def9f3efaab34660701135c4&profile_id=164
totally, https://media.signbsl.com/videos/asl/aslsearch/mp4/whole.mp4
tote, https://media.signbsl.com/videos/asl/youtube/mp4/qZ8qusFrO90.mp4
tote bag, https://media.signbsl.com/videos/asl/youtube/mp4/qZ8qusFrO90.mp4
totem, https://media.signbsl.com/videos/asl/youtube/mp4/xv9DpyWxAZY.mp4
totemic, https://media.signbsl.com/videos/asl/youtube/mp4/OmA-a0zk4WQ.mp4
toter, https://media.signbsl.com/videos/asl/youtube/mp4/oi09kc1RIAw.mp4
tote up, https://media.signbsl.com/videos/asl/signlanguagestudent/mp4/add-up.mp4
to that degree, https://media.signbsl.com/videos/asl/youtube/mp4/Y6fY_agX6Qk.mp4
to that extent, https://media.signbsl.com/videos/asl/youtube/mp4/Y6fY_agX6Qk.mp4
to the highest degree, https://media.signbsl.com/videos/asl/startasl/mp4/most.mp4
to the letter, https://media.signbsl.com/videos/asl/aslsignbank/mp4/E(perfect)-1891.mp4
to the lowest degree, https://media.signbsl.com/videos/asl/tsdvideo/mp4/366.mp4
toto, https://media.signbsl.com/videos/asl/youtube/mp4/EA2agSBxhjk.mp4
totter, https://player.vimeo.com/external/392522700.sd.mp4?s=2f372d1be7a044e4007848cb03f6debdd3480b2b&profile_id=164
tot up, https://media.signbsl.com/videos/asl/signlanguagestudent/mp4/add-up.mp4
touch, https://media.signbsl.com/videos/asl/aslsearch/mp4/touch.mp4
touchable, https://media.signbsl.com/videos/asl/youtube/mp4/DbXFj4nizVI.mp4
touch base, https://media.signbsl.com/videos/asl/aslsearch/mp4/connect2.mp4
touchdown, https://media.signbsl.com/videos/asl/youtube/mp4/fvKwI4AYfmo.mp4
touched, https://player.vimeo.com/external/392756333.sd.mp4?s=09a0a9a2558163ff096dfa49eec7f70802d0fbc8&profile_id=164
touched scrooge heart, https://media.signbsl.com/videos/asl/youtube/mp4/mTxKE81ZKqo.mp4
touching, https://player.vimeo.com/external/392526403.sd.mp4?s=3ca6f61854c2b2fa5f82ac612f9fc417ac28a759&profile_id=164
touch my heart, https://media.signbsl.com/videos/asl/youtube/mp4/JVRx1xUjMok.mp4
touch off, https://media.signbsl.com/videos/asl/AustinCommunityCollege/mp4/weld_trigger_.mp4
touch on, https://media.signbsl.com/videos/asl/aslsearch/mp4/affect.mp4
touchstone, https://media.signbsl.com/videos/asl/aslsearch/mp4/criteria.mp4
touch up, https://media.signbsl.com/videos/asl/youtube/mp4/s8HZt5vkXLo.mp4
touchwood, https://media.signbsl.com/videos/asl/youtube/mp4/vwrg4tqTHIs.mp4
touchy, https://media.signbsl.com/videos/asl/aslsignbank/mp4/SENSITIVE-1019.mp4
touchy feely, https://player.vimeo.com/external/392526458.sd.mp4?s=1cb945a8da2eb1afee3592e2bcaffb5a0f1534d7&profile_id=164
tough, https://player.vimeo.com/external/392526661.sd.mp4?s=7de5edc24b796e3a7301445f89e035f74da2612b&profile_id=164
toughen, https://media.signbsl.com/videos/asl/youtube/mp4/TiirnE7WraM.mp4
toughie, https://player.vimeo.com/external/392516980.sd.mp4?s=e16f44357a59a3b624930c0ee3d8c9280408aa5c&profile_id=164
tough love, https://player.vimeo.com/external/392526603.sd.mp4?s=2d66593180aff5c783e485a2ffa54f5c90054eb6&profile_id=164
tough luck, https://media.signbsl.com/videos/asl/youtube/mp4/4GtXbtHbSeU.mp4
toughness, https://media.signbsl.com/videos/asl/youtube/mp4/LL2da0m0ItU.mp4
tour, https://media.signbsl.com/videos/asl/youtube/mp4/K5y9xE2xO7M.mp4
tourer, https://media.signbsl.com/videos/asl/youtube/mp4/74pc6iAlcu8.mp4
touring, https://media.signbsl.com/videos/asl/youtube/mp4/Q3sbk-_ykjY.mp4
tourism, https://media.signbsl.com/videos/asl/youtube/mp4/PvBRqV4EKX4.mp4
tourist, https://media.signbsl.com/videos/asl/youtube/mp4/74pc6iAlcu8.mp4
touristed, https://media.signbsl.com/videos/asl/youtube/mp4/F8559op6L0k.mp4
touristry, https://media.signbsl.com/videos/asl/youtube/mp4/PvBRqV4EKX4.mp4
touristy, https://media.signbsl.com/videos/asl/youtube/mp4/F8559op6L0k.mp4
tournament, https://media.signbsl.com/videos/asl/aslsearch/mp4/tournament.mp4
tourney, https://media.signbsl.com/videos/asl/aslsearch/mp4/tournament.mp4
tousle, https://media.signbsl.com/videos/asl/youtube/mp4/1gS_qQ0FCYA.mp4
tout, https://media.signbsl.com/videos/asl/aslsearch/mp4/brag.mp4
touter, https://media.signbsl.com/videos/asl/youtube/mp4/vDz1zfjF6uw.mp4
tow, https://player.vimeo.com/external/392526982.sd.mp4?s=12a3322fee6021407d50f2af22bdfeb16085ee26&profile_id=164
towage, https://player.vimeo.com/external/392526982.sd.mp4?s=12a3322fee6021407d50f2af22bdfeb16085ee26&profile_id=164
toward, https://media.signbsl.com/videos/asl/signlanguagestudent/mp4/toward.mp4
toward land, https://media.signbsl.com/videos/asl/youtube/mp4/VgiUQEmXN8g.mp4
towboat, https://player.vimeo.com/external/392527012.sd.mp4?s=bf0bad070b225095f0483d2494b22e329f5fedbb&profile_id=164
tow car, https://player.vimeo.com/external/392756374.sd.mp4?s=42ee1e3f3bd1930b42e56b7eff6313801ab6000f&profile_id=164
towel, https://media.signbsl.com/videos/asl/startasl/mp4/towel.mp4
tower, https://media.signbsl.com/videos/asl/aslsearch/mp4/tower.mp4
towhead, https://media.signbsl.com/videos/asl/youtube/mp4/easkfXYPKjw.mp4
towheaded, https://player.vimeo.com/external/391170579.sd.mp4?s=fef5760265448650bb1962795b5c342016b88d99&profile_id=164
town, https://media.signbsl.com/videos/asl/signlanguagestudent/mp4/town.mp4
townee, https://media.signbsl.com/videos/asl/youtube/mp4/_ptsOANnuOc.mp4
town house, https://player.vimeo.com/external/392527209.sd.mp4?s=6b5d833e7d0075f2e5ef076094806c04097dc9a2&profile_id=164
town house, https://player.vimeo.com/external/392527209.sd.mp4?s=6b5d833e7d0075f2e5ef076094806c04097dc9a2&profile_id=164
townhouse, https://player.vimeo.com/external/392527209.sd.mp4?s=6b5d833e7d0075f2e5ef076094806c04097dc9a2&profile_id=164
townsfolk, https://media.signbsl.com/videos/asl/youtube/mp4/FSRVItNeYck.mp4
townsman, https://media.signbsl.com/videos/asl/youtube/mp4/LlTApr9zv2c.mp4
townspeople, https://media.signbsl.com/videos/asl/youtube/mp4/FSRVItNeYck.mp4
townswoman, https://media.signbsl.com/videos/asl/youtube/mp4/_Y0zsH6AdtM.mp4
tow truck, https://player.vimeo.com/external/392756374.sd.mp4?s=42ee1e3f3bd1930b42e56b7eff6313801ab6000f&profile_id=164
toxaemia, https://media.signbsl.com/videos/asl/youtube/mp4/cW5Hmg5ntNk.mp4
toxemia, https://media.signbsl.com/videos/asl/youtube/mp4/cW5Hmg5ntNk.mp4
toxicologic, https://media.signbsl.com/videos/asl/youtube/mp4/PNuwUn3-nho.mp4
toxicological, https://media.signbsl.com/videos/asl/youtube/mp4/PNuwUn3-nho.mp4
toxicologist, https://media.signbsl.com/videos/asl/youtube/mp4/fKaCjZG1TBU.mp4
toy, https://media.signbsl.com/videos/asl/startasl/mp4/toy.mp4
toyboy, https://media.signbsl.com/videos/asl/youtube/mp4/2TX-HAkYnJc.mp4
toy dog, https://media.signbsl.com/videos/asl/mariekatzenbachschool/mp4/toy.mp4
toying, https://media.signbsl.com/videos/asl/aslsearch/mp4/crush.mp4
trace, https://media.signbsl.com/videos/asl/youtube/mp4/mn39QoLVAF8.mp4
traceable, https://media.signbsl.com/videos/asl/youtube/mp4/hOrObaeKK2I.mp4
tracer, https://media.signbsl.com/videos/asl/youtube/mp4/XwbsS_XEgWs.mp4
traceroute, https://media.signbsl.com/videos/asl/deaftec/mp4/1080.mp4
trachea, https://media.signbsl.com/videos/asl/youtube/mp4/jmeOVgFfJfQ.mp4
tracing, https://media.signbsl.com/videos/asl/aslsignbank/mp4/IXtracing-1710.mp4
track, https://media.signbsl.com/videos/asl/aslsignbank/mp4/CHASE-72.mp4
track and field, https://media.signbsl.com/videos/asl/startasl/mp4/track-and-field.mp4
track down, https://player.vimeo.com/external/392527358.sd.mp4?s=b7dc3f1baaf8aa100fc9b857399797643b60b5a0&profile_id=164
tracker, https://media.signbsl.com/videos/asl/youtube/mp4/PNhowDL9uws.mp4
tracking, https://media.signbsl.com/videos/asl/youtube/mp4/ZRDYD3hn6PY.mp4
trackless, https://media.signbsl.com/videos/asl/youtube/mp4/Nb-FYXB8LxY.mp4
tracks, https://media.signbsl.com/videos/asl/aslsignbank/mp4/CHASE-72.mp4
tracksuit, https://media.signbsl.com/videos/asl/youtube/mp4/9ua8jzU0rDI.mp4
tract, https://media.signbsl.com/videos/asl/youtube/mp4/mlNI4rK72JM.mp4
tractable, https://player.vimeo.com/external/391161753.sd.mp4?s=9dcdde242c095140ade8fa731d314191469a0cee&profile_id=164
tractile, https://player.vimeo.com/external/392416274.sd.mp4?s=3f4cecd1e89d66b4b8b82d3956dc657a0e6b94c8&profile_id=164
traction, https://media.signbsl.com/videos/asl/youtube/mp4/-pKMjztTrps.mp4
tractor, https://media.signbsl.com/videos/asl/aslsearch/mp4/tractor.mp4
trade, https://media.signbsl.com/videos/asl/elementalaslconcepts/mp4/craft.mp4
trade embargo, https://media.signbsl.com/videos/asl/youtube/mp4/jHUZ78fCGVo.mp4
trade goods, https://media.signbsl.com/videos/asl/youtube/mp4/VopzLMPQyh4.mp4
trade in, https://media.signbsl.com/videos/asl/youtube/mp4/x1Ttps2ypMk.mp4
trademark, https://media.signbsl.com/videos/asl/youtube/mp4/ZdikiUJtXtM.mp4
trademark registered, https://player.vimeo.com/external/392528396.sd.mp4?s=2c1ec51551fa0a97e7a8cd65fc021bab580152a8&profile_id=164
trade name, https://media.signbsl.com/videos/asl/aslsearch/mp4/brand.mp4
trader, https://player.vimeo.com/external/392528440.sd.mp4?s=cb3e1cedd3b9441af8dd6b8bb6def61dbcdb441c&profile_id=164
trade route, https://media.signbsl.com/videos/asl/youtube/mp4/rKNaKpog5ME.mp4
tradesman, https://media.signbsl.com/videos/asl/youtube/mp4/_j2LjFMqY6o.mp4
trade stoppage, https://media.signbsl.com/videos/asl/youtube/mp4/jHUZ78fCGVo.mp4
trades union, https://player.vimeo.com/external/392625927.sd.mp4?s=5c3a1df1b557df1853a8ff2c5c8148131394ccde&profile_id=164
tradeswoman, https://media.signbsl.com/videos/asl/youtube/mp4/zFJANP5AJMU.mp4
trade union, https://player.vimeo.com/external/392625927.sd.mp4?s=5c3a1df1b557df1853a8ff2c5c8148131394ccde&profile_id=164
trade unionist, https://media.signbsl.com/videos/asl/youtube/mp4/2dVBZa5QS_8.mp4
tradewind, NA
tradition, https://media.signbsl.com/videos/asl/aslsearch/mp4/tradition.mp4
traditionalist, https://media.signbsl.com/videos/asl/youtube/mp4/ycStW7p0xOM.mp4
traditional knowledge, https://media.signbsl.com/videos/asl/youtube/mp4/P71sxTSkV08.mp4
traduce, https://media.signbsl.com/videos/asl/youtube/mp4/7-ArsnAitRs.mp4
traducer, https://media.signbsl.com/videos/asl/youtube/mp4/ueT-rdm1fgU.mp4
traffic, https://media.signbsl.com/videos/asl/startasl/mp4/traffic-2.mp4
traffic cone, https://player.vimeo.com/external/392528502.sd.mp4?s=d7ecb916931da792a335c1856a1ebd3c342790ed&profile_id=164
traffic jam, https://player.vimeo.com/external/392756405.sd.mp4?s=0440a637818f35757173abeceb13e7f7b4660367&profile_id=164
trafficker, https://media.signbsl.com/videos/asl/aslsearch/mp4/seller.mp4
traffic light, https://media.signbsl.com/videos/asl/aslsearch/mp4/traffic-lights.mp4
traffic lights, https://media.signbsl.com/videos/asl/aslsearch/mp4/traffic-lights.mp4
traffic signal, https://media.signbsl.com/videos/asl/aslsearch/mp4/traffic-lights.mp4
tragedies, https://player.vimeo.com/external/395727234.sd.mp4?s=c01088a8f7d7fcaf5fa73b23f5af66d789930953&profile_id=164
tragedy, https://player.vimeo.com/external/395727234.sd.mp4?s=c01088a8f7d7fcaf5fa73b23f5af66d789930953&profile_id=164
trail, https://media.signbsl.com/videos/asl/aslsignbank/mp4/CHASE-72.mp4
trailblazer, https://media.signbsl.com/videos/asl/youtube/mp4/OE3wX3Uzlm4.mp4
trailblazing, https://media.signbsl.com/videos/asl/youtube/mp4/NQG5kFUJg2E.mp4
trailer, https://player.vimeo.com/external/392419331.sd.mp4?s=f9c3fe31ac9a1dcbca38d75eb01fd118c5710ada&profile_id=164
trailing, https://media.signbsl.com/videos/asl/youtube/mp4/ZRDYD3hn6PY.mp4
train, https://media.signbsl.com/videos/asl/startasl/mp4/train.mp4
trainable, https://media.signbsl.com/videos/asl/youtube/mp4/8bd1lKfxo3Q.mp4
train dispatcher, https://media.signbsl.com/videos/asl/youtube/mp4/1mNDx9fzAOI.mp4
trainer, https://player.vimeo.com/external/392756476.sd.mp4?s=43cae97f3e2293fc44882f72b63fcc784a7338d1&profile_id=164
train gone, https://player.vimeo.com/external/392756432.sd.mp4?s=f250aea5ef3d830febfa5984c702b30864e8b6db&profile_id=164
train gone sorry, https://player.vimeo.com/external/392528805.sd.mp4?s=4df787aa522a192e8d862e8c02696aad399b8413&profile_id=164
training, https://player.vimeo.com/external/392528891.sd.mp4?s=05eb9adbb6af4a81988d19735c4802ab2816eabf&profile_id=164
training school, https://media.signbsl.com/videos/asl/youtube/mp4/fSeRkgJfbyk.mp4
trainload, https://media.signbsl.com/videos/asl/youtube/mp4/n-6sjAtLX9E.mp4
trainman, https://media.signbsl.com/videos/asl/youtube/mp4/ngYuo27pU2A.mp4
trainmaster, https://media.signbsl.com/videos/asl/youtube/mp4/1mNDx9fzAOI.mp4
trainspotter, https://media.signbsl.com/videos/asl/youtube/mp4/EbExPmgunao.mp4
train tracks, https://media.signbsl.com/videos/asl/aslsearch/mp4/tracks.mp4
train t verb, https://media.signbsl.com/videos/asl/signlanguagestudent/mp4/train-t-verb.mp4
train verb, https://media.signbsl.com/videos/asl/signlanguagestudent/mp4/train-verb.mp4
train yard, https://media.signbsl.com/videos/asl/youtube/mp4/wXchVvTdluQ.mp4
trait, https://media.signbsl.com/videos/asl/elementalaslconcepts/mp4/traits.mp4
traitor, https://media.signbsl.com/videos/asl/elementalaslconcepts/mp4/traitor.mp4
traitorous, https://media.signbsl.com/videos/asl/youtube/mp4/JcsF_PePvhQ.mp4
traits, https://media.signbsl.com/videos/asl/elementalaslconcepts/mp4/traits.mp4
trajectories, https://player.vimeo.com/external/392528939.sd.mp4?s=b5ca253fe5755c21d94ae05c7fad75a81fa57368&profile_id=164
trajectory, https://player.vimeo.com/external/392528939.sd.mp4?s=b5ca253fe5755c21d94ae05c7fad75a81fa57368&profile_id=164
tram, https://player.vimeo.com/external/392528981.sd.mp4?s=1819b37b95f899ea0f8f835ed544ccfe2d79e82e&profile_id=164
tramcar, https://player.vimeo.com/external/392528981.sd.mp4?s=1819b37b95f899ea0f8f835ed544ccfe2d79e82e&profile_id=164
trammel, https://player.vimeo.com/external/392163343.sd.mp4?s=fe514ce4198e7e29c7c02f011a0d6915cf5cfaac&profile_id=164
trammels, https://player.vimeo.com/external/392163343.sd.mp4?s=fe514ce4198e7e29c7c02f011a0d6915cf5cfaac&profile_id=164
tramp, https://media.signbsl.com/videos/asl/youtube/mp4/HJig-HoF_4Y.mp4
tramper, https://media.signbsl.com/videos/asl/youtube/mp4/XZfcegmSvn4.mp4
trample, https://media.signbsl.com/videos/asl/youtube/mp4/X9jIwN-8su4.mp4
trampoline, https://player.vimeo.com/external/392872509.sd.mp4?s=da9ada7b6c87b0b99620c77b8575dbf28d8937ef&profile_id=164
trampy, https://media.signbsl.com/videos/asl/youtube/mp4/R15AC1bwuUA.mp4
trance, https://media.signbsl.com/videos/asl/youtube/mp4/SAvBvcuRLcY.mp4
tranquil, https://media.signbsl.com/videos/asl/aslsignbank/mp4/PEACE-2281.mp4
tranquilize, https://media.signbsl.com/videos/asl/youtube/mp4/m_F-C7EnPOs.mp4
tranquillise, https://media.signbsl.com/videos/asl/youtube/mp4/m_F-C7EnPOs.mp4
tranquillize, https://media.signbsl.com/videos/asl/youtube/mp4/m_F-C7EnPOs.mp4
trans, https://media.signbsl.com/videos/asl/youtube/mp4/3LzRxmhbv7k.mp4
transaction, https://media.signbsl.com/videos/asl/youtube/mp4/yq-xF1omy6w.mp4
transactions, https://media.signbsl.com/videos/asl/youtube/mp4/F0GqLlnUK3E.mp4
transatlantic, https://media.signbsl.com/videos/asl/youtube/mp4/Ij5kTAyWmU0.mp4
transceiver, https://media.signbsl.com/videos/asl/youtube/mp4/5DNPYJSM2Kw.mp4
transcend, https://media.signbsl.com/videos/asl/aslsearch/mp4/exceed.mp4
transcendental, https://media.signbsl.com/videos/asl/youtube/mp4/6e-s7KRhaVc.mp4
transcendentalism, https://media.signbsl.com/videos/asl/youtube/mp4/o8UF9-8PG7w.mp4
transcendental philosophy, https://media.signbsl.com/videos/asl/youtube/mp4/o8UF9-8PG7w.mp4
transcontinental, https://media.signbsl.com/videos/asl/youtube/mp4/aYkDcz5GdYs.mp4
transcribe, https://media.signbsl.com/videos/asl/youtube/mp4/yPGdtVkb1Pg.mp4
transcriber, https://media.signbsl.com/videos/asl/youtube/mp4/i1Usy4RzwJQ.mp4
transcript, https://media.signbsl.com/videos/asl/youtube/mp4/Uxncb3czbIU.mp4
transcription, https://media.signbsl.com/videos/asl/youtube/mp4/lPoreMc2rmE.mp4
transcript multiple definitions, https://media.signbsl.com/videos/asl/youtube/mp4/VuQ-oZnxw8g.mp4
transexual, https://media.signbsl.com/videos/asl/youtube/mp4/3LzRxmhbv7k.mp4
transfer, https://media.signbsl.com/videos/asl/startasl/mp4/transfer.mp4
transferable, https://media.signbsl.com/videos/asl/youtube/mp4/w9BRsrB2FQE.mp4
transfer case, https://media.signbsl.com/videos/asl/AustinCommunityCollege/mp4/auto_transfer_case_.mp4
transferrable, https://media.signbsl.com/videos/asl/youtube/mp4/w9BRsrB2FQE.mp4
transferral, https://media.signbsl.com/videos/asl/startasl/mp4/transfer.mp4
transfiguration, https://media.signbsl.com/videos/asl/ids/mp4/2013-11-4980-transfiguration-1500k-ase.mp4
transfix, https://player.vimeo.com/external/392194683.sd.mp4?s=d9150e0ce438ce98a2cdb4c9a8db575d37287261&profile_id=164
transfixed, https://media.signbsl.com/videos/asl/youtube/mp4/5LGeXnxKp2E.mp4
transform, https://player.vimeo.com/external/392529239.sd.mp4?s=fdb5719b743f456f4ebda7277609eb3fd35b8f5f&profile_id=164
transformable, https://media.signbsl.com/videos/asl/youtube/mp4/kcQUyAkvcQU.mp4
transformer, https://media.signbsl.com/videos/asl/AustinCommunityCollege/mp4/elec_transformer_.mp4
transfuse, https://media.signbsl.com/videos/asl/youtube/mp4/g1kcLbyg8ho.mp4
transfusion, https://player.vimeo.com/external/392529307.sd.mp4?s=0f135b6c5bdc4df901ad51f3c24ed90f7833b031&profile_id=164
transgender, https://media.signbsl.com/videos/asl/aslsignbank/mp4/TRANSGENDER-1301.mp4
transgress, https://media.signbsl.com/videos/asl/youtube/mp4/9Kzqs__ubIg.mp4
transgression, https://media.signbsl.com/videos/asl/ids/mp4/2013-11-4990-transgression-1500k-ase.mp4
transience, https://media.signbsl.com/videos/asl/youtube/mp4/upzBfLlj3hM.mp4
transient, https://media.signbsl.com/videos/asl/youtube/mp4/5Grpd1gwdn0.mp4
transistor, https://media.signbsl.com/videos/asl/youtube/mp4/-X5zTkf9_3s.mp4
transistorise, https://media.signbsl.com/videos/asl/youtube/mp4/jFh4QqzDCZk.mp4
transistorize, https://media.signbsl.com/videos/asl/youtube/mp4/jFh4QqzDCZk.mp4
transit, https://media.signbsl.com/videos/asl/elementalaslconcepts/mp4/transportation.mp4
transition, https://media.signbsl.com/videos/asl/tsdvideo/mp4/1256-2.mp4
transitory, https://media.signbsl.com/videos/asl/youtube/mp4/5Grpd1gwdn0.mp4
translatable, https://media.signbsl.com/videos/asl/youtube/mp4/kcQUyAkvcQU.mp4
translate, https://media.signbsl.com/videos/asl/ids/mp4/2013-11-5000-translate-1500k-ase.mp4
translation, https://media.signbsl.com/videos/asl/tsdvideo/mp4/512.mp4
translator, https://media.signbsl.com/videos/asl/aslsignbank/mp4/INTERPRETER-1722.mp4
transliterate, https://media.signbsl.com/videos/asl/youtube/mp4/ZXcu3DpG0S0.mp4
translucence, https://media.signbsl.com/videos/asl/youtube/mp4/9hjb0r_yWsE.mp4
translucency, https://media.signbsl.com/videos/asl/youtube/mp4/9hjb0r_yWsE.mp4
translucent, https://media.signbsl.com/videos/asl/elementalaslconcepts/mp4/translucent.mp4
transmigrate, https://player.vimeo.com/external/392377673.sd.mp4?s=e846edf7f445debc2856c0501daa446e5c148bbe&profile_id=164
transmissible, https://player.vimeo.com/external/392669749.sd.mp4?s=1a71ee94ea53017104fafd6fe25eaaf055e184b5&profile_id=164
transmission, https://media.signbsl.com/videos/asl/youtube/mp4/Ltcqk-SyJ2Q.mp4
transmission control protocol, https://media.signbsl.com/videos/asl/deaftec/mp4/1070.mp4
transmission control protocol/internet protocol, NA
transmission fluid, https://media.signbsl.com/videos/asl/AustinCommunityCollege/mp4/auto_transmission_fluid_.mp4
transmission line, https://player.vimeo.com/external/391226349.sd.mp4?s=bd2e7ba9788ecf9d66199ea090793e53080b9cc2&profile_id=164
transmit, https://player.vimeo.com/external/392530094.sd.mp4?s=bcd6cc95c61ba87558b42428b53bffa0f9fe96cd&profile_id=164
transmittable, https://player.vimeo.com/external/392669749.sd.mp4?s=1a71ee94ea53017104fafd6fe25eaaf055e184b5&profile_id=164
transmittal, https://media.signbsl.com/videos/asl/youtube/mp4/Ltcqk-SyJ2Q.mp4
transmitted, https://media.signbsl.com/videos/asl/deaftec/mp4/1383.mp4
transmitter, https://media.signbsl.com/videos/asl/youtube/mp4/6pqf2cKDYdM.mp4
transmitting, https://media.signbsl.com/videos/asl/youtube/mp4/Ltcqk-SyJ2Q.mp4
transmitting aerial, https://media.signbsl.com/videos/asl/elementalaslconcepts/mp4/antennae.mp4
transmutable, https://media.signbsl.com/videos/asl/youtube/mp4/kcQUyAkvcQU.mp4
transnational, https://media.signbsl.com/videos/asl/youtube/mp4/VZXHwDXuRXc.mp4
transoceanic, https://media.signbsl.com/videos/asl/youtube/mp4/-mFQc0nEy44.mp4
transpacific, https://media.signbsl.com/videos/asl/youtube/mp4/iAQTvIH288w.mp4
transparencies, https://media.signbsl.com/videos/asl/youtube/mp4/NKavvLOkOlY.mp4
transparency, https://media.signbsl.com/videos/asl/youtube/mp4/NKavvLOkOlY.mp4
transparent, https://media.signbsl.com/videos/asl/elementalaslconcepts/mp4/transparent.mp4
transpiration, https://media.signbsl.com/videos/asl/deaftec/mp4/1433.mp4
transplant, https://media.signbsl.com/videos/asl/youtube/mp4/gIvlxdPdiKk.mp4
transplantation, https://media.signbsl.com/videos/asl/elementalaslconcepts/mp4/transplant.mp4
transplanting, https://media.signbsl.com/videos/asl/elementalaslconcepts/mp4/transplant.mp4
transpolar, https://media.signbsl.com/videos/asl/youtube/mp4/tX7SlOr1xyg.mp4
transport, https://media.signbsl.com/videos/asl/valleybible/mp4/Rapture.mp4
transportable, https://media.signbsl.com/videos/asl/youtube/mp4/z9cLrfd3x3w.mp4
transportation, https://media.signbsl.com/videos/asl/startasl/mp4/transfer.mp4
transportation system, https://media.signbsl.com/videos/asl/elementalaslconcepts/mp4/transportation.mp4
transporter, https://media.signbsl.com/videos/asl/youtube/mp4/XXN8b2EQLWk.mp4
transport layer, https://media.signbsl.com/videos/asl/deaftec/mp4/1081.mp4
transpose, https://media.signbsl.com/videos/asl/aslsignbank/mp4/COMMUTE-1109.mp4
transposition, https://media.signbsl.com/videos/asl/tsdvideo/mp4/568.mp4
transsexual, https://media.signbsl.com/videos/asl/youtube/mp4/3LzRxmhbv7k.mp4
transship, https://media.signbsl.com/videos/asl/youtube/mp4/NbfHlshDEXk.mp4
transude, https://player.vimeo.com/external/392034312.sd.mp4?s=50d7f740b7b0e0e085fe5fac2ac00c2e06ec7bf8&profile_id=164
transversal, https://media.signbsl.com/videos/asl/youtube/mp4/xzcQH6Ka9iY.mp4
transverse, https://media.signbsl.com/videos/asl/youtube/mp4/xzcQH6Ka9iY.mp4
transverse flute, https://media.signbsl.com/videos/asl/aslsignbank/mp4/FLUTE-1485.mp4
trap, https://media.signbsl.com/videos/asl/youtube/mp4/9E9O9Zx0oRM.mp4
trapezoid, https://media.signbsl.com/videos/asl/tsdvideo/mp4/513.mp4
trapezoid bone, https://media.signbsl.com/videos/asl/youtube/mp4/h_QveHQr_eg.mp4
trapper, https://media.signbsl.com/videos/asl/youtube/mp4/rxl5ZC1cpXg.mp4
trapping, https://media.signbsl.com/videos/asl/youtube/mp4/LF7gpXBeq4I.mp4
trappings, https://media.signbsl.com/videos/asl/youtube/mp4/LF7gpXBeq4I.mp4
trash, https://media.signbsl.com/videos/asl/startasl/mp4/trash2.mp4
trash barrel, https://media.signbsl.com/videos/asl/aslsearch/mp4/trash-can.mp4
trash bin, https://media.signbsl.com/videos/asl/aslsearch/mp4/trash-can.mp4
trash can, https://media.signbsl.com/videos/asl/aslsearch/mp4/trash-can.mp4
trashier, https://media.signbsl.com/videos/asl/youtube/mp4/cUDYo-igVSE.mp4
trashy, https://media.signbsl.com/videos/asl/youtube/mp4/jNa4RAsyXzw.mp4
trauma, https://player.vimeo.com/external/392166374.sd.mp4?s=e4fdc7b4297c49ca71b7c63e4011113f32318201&profile_id=164
traumatise, https://media.signbsl.com/videos/asl/youtube/mp4/q5F8dTdfmlI.mp4
traumatize, https://media.signbsl.com/videos/asl/youtube/mp4/q5F8dTdfmlI.mp4
travail, https://media.signbsl.com/videos/asl/youtube/mp4/CD9KjHsstts.mp4
travel, https://media.signbsl.com/videos/asl/startasl/mp4/go.mp4
travel bag, https://player.vimeo.com/external/392499377.sd.mp4?s=e78cbe0165780721911a24a58060c710eb4c2afa&profile_id=164
travel by, https://media.signbsl.com/videos/asl/signlanguagestudent/mp4/pass.mp4
travel companion, https://player.vimeo.com/external/392530342.sd.mp4?s=967e3adca60d25242f3c697571a1c70aa99d7d86&profile_id=164
travelers check, https://player.vimeo.com/external/392756997.sd.mp4?s=98d83650b940e490fe726dcaee1883935d598c96&profile_id=164
travelers checks, https://player.vimeo.com/external/392756997.sd.mp4?s=98d83650b940e490fe726dcaee1883935d598c96&profile_id=164
travel guide, https://player.vimeo.com/external/392530386.sd.mp4?s=8f839bc88d3d3593216600ce057e27c7c6dba341&profile_id=164
travel guide book, https://player.vimeo.com/external/392756906.sd.mp4?s=4bccbc9d5ac03f8fb5652d13e9a7113790ef1899&profile_id=164
travel guidebook, https://player.vimeo.com/external/392756906.sd.mp4?s=4bccbc9d5ac03f8fb5652d13e9a7113790ef1899&profile_id=164
travel here, https://media.signbsl.com/videos/asl/youtube/mp4/zgjdD8C-o-w.mp4
traveling, https://media.signbsl.com/videos/asl/youtube/mp4/Q3sbk-_ykjY.mp4
traveling bag, https://player.vimeo.com/external/391190209.sd.mp4?s=3e78e1f334e2d8e1d8844400cd075733d782a361&profile_id=164
traveling wave, https://media.signbsl.com/videos/asl/youtube/mp4/PNIR1phpTLU.mp4
travellers check, https://player.vimeo.com/external/392756997.sd.mp4?s=98d83650b940e490fe726dcaee1883935d598c96&profile_id=164
travelog, https://media.signbsl.com/videos/asl/youtube/mp4/sHf21oNPlRI.mp4
travelogue, https://media.signbsl.com/videos/asl/youtube/mp4/sHf21oNPlRI.mp4
travel packing list, https://player.vimeo.com/external/392756953.sd.mp4?s=bbb46a33e0c1e1963fb627b3cdc3b378d3449221&profile_id=164
travel speed, https://media.signbsl.com/videos/asl/AustinCommunityCollege/mp4/weld_travel_speed_.mp4
travestied, https://media.signbsl.com/videos/asl/youtube/mp4/fpQtcicplrI.mp4
travesty, https://player.vimeo.com/external/392385988.sd.mp4?s=405d3df3522b93cfe3030293ca39ae21dc384038&profile_id=164
trawl, https://media.signbsl.com/videos/asl/youtube/mp4/vj65vVhemtQ.mp4
trawl net, https://media.signbsl.com/videos/asl/youtube/mp4/vj65vVhemtQ.mp4
tray, https://media.signbsl.com/videos/asl/aslsearch/mp4/tray.mp4
treacheries, https://media.signbsl.com/videos/asl/youtube/mp4/wJU0aMQ6sXQ.mp4
treacherous, https://media.signbsl.com/videos/asl/youtube/mp4/lOyNIudJaTU.mp4
treachery, https://media.signbsl.com/videos/asl/youtube/mp4/wJU0aMQ6sXQ.mp4
tread, https://media.signbsl.com/videos/asl/youtube/mp4/X9jIwN-8su4.mp4
tread in water, https://media.signbsl.com/videos/asl/youtube/mp4/XTz3m3TnN1g.mp4
treason, https://media.signbsl.com/videos/asl/elementalaslconcepts/mp4/treason.mp4
treasonist, https://media.signbsl.com/videos/asl/elementalaslconcepts/mp4/traitor.mp4
treasure, https://media.signbsl.com/videos/asl/aslsearch/mp4/cherish.mp4
treasurer, https://media.signbsl.com/videos/asl/aslsearch/mp4/treasurer.mp4
Treasure State, https://media.signbsl.com/videos/asl/aslsignbank/mp4/MONTANA-3158.mp4
Treasuries, https://media.signbsl.com/videos/asl/youtube/mp4/uWukBIn-ctE.mp4
Treasury obligations, https://media.signbsl.com/videos/asl/youtube/mp4/uWukBIn-ctE.mp4
treat, https://media.signbsl.com/videos/asl/aslsearch/mp4/address3.mp4
treater, https://media.signbsl.com/videos/asl/youtube/mp4/iKZEVmUkZr8.mp4
treaties, https://media.signbsl.com/videos/asl/aslsearch/mp4/pact.mp4
treatise, https://media.signbsl.com/videos/asl/youtube/mp4/wDQk6aS5W9I.mp4
treatment, https://media.signbsl.com/videos/asl/youtube/mp4/TlLjOIiVFiY.mp4
treaty, https://media.signbsl.com/videos/asl/aslsearch/mp4/pact.mp4
treble, https://media.signbsl.com/videos/asl/aslsearch/mp4/triple.mp4
treble clef, https://media.signbsl.com/videos/asl/youtube/mp4/79aeaa61-5fb6-428c-8686-42af38757df6.mp4
tree, https://media.signbsl.com/videos/asl/startasl/mp4/tree.mp4
tree diagram, https://media.signbsl.com/videos/asl/tsdvideo/mp4/318.mp4
treehouse, NA
treeless, https://media.signbsl.com/videos/asl/youtube/mp4/UuMAMQj6_70.mp4
treelike, https://media.signbsl.com/videos/asl/youtube/mp4/B9FBVzDREUU.mp4
tree line, https://media.signbsl.com/videos/asl/youtube/mp4/JUYIELOl7ug.mp4
treeline, https://media.signbsl.com/videos/asl/youtube/mp4/JUYIELOl7ug.mp4
tree living, https://media.signbsl.com/videos/asl/youtube/mp4/443UKTbD9yM.mp4
Tree of Life, https://media.signbsl.com/videos/asl/ids/mp4/2013-11-5010-tree-of-life-1500k-ase.mp4
tree shaped, https://media.signbsl.com/videos/asl/youtube/mp4/B9FBVzDREUU.mp4
tree sloth, https://media.signbsl.com/videos/asl/thefamilyvocab/mp4/sloth.mp4
trees passing by, https://media.signbsl.com/videos/asl/youtube/mp4/fMwbfD659fs.mp4
tree stump, https://media.signbsl.com/videos/asl/youtube/mp4/67oBzlS0YYw.mp4
treetop, https://media.signbsl.com/videos/asl/youtube/mp4/ymzQ5B8D--Q.mp4
tree trunk, https://media.signbsl.com/videos/asl/aslsearch/mp4/tree-trunk.mp4
trek, https://player.vimeo.com/external/392551054.sd.mp4?s=87e419d1c625290d1969ff7f09a1502f5fb3c9bc&profile_id=164
tremble, https://media.signbsl.com/videos/asl/signlanguagestudent/mp4/tremble%20(alternate%20b).mp4
tremendous, https://media.signbsl.com/videos/asl/startasl/mp4/wonderful.mp4
tremor, https://player.vimeo.com/external/392551164.sd.mp4?s=12b2fc1339204e2cf3ab3a656d10902afc68cc41&profile_id=164
trench, https://media.signbsl.com/videos/asl/youtube/mp4/Znl1pICi1YY.mp4
trenchancy, https://media.signbsl.com/videos/asl/youtube/mp4/lk0D8lTRSWs.mp4
trencherman, https://media.signbsl.com/videos/asl/youtube/mp4/HQk9MSSCXs4.mp4
trench mortar, https://media.signbsl.com/videos/asl/youtube/mp4/_nLu0H77GUQ.mp4
trend, https://media.signbsl.com/videos/asl/tsdvideo/mp4/515.mp4
Trenton, https://media.signbsl.com/videos/asl/aslsignbank/mp4/TRENTON-1310.mp4
trespass, https://media.signbsl.com/videos/asl/aslsearch/mp4/intrude.mp4
trespasser, https://media.signbsl.com/videos/asl/youtube/mp4/cpbgMtZ1zLQ.mp4
trespassing, https://media.signbsl.com/videos/asl/youtube/mp4/Nk2_W-yRSaQ.mp4
tress, https://media.signbsl.com/videos/asl/youtube/mp4/8_1Vda5-Jnc.mp4
trey, https://media.signbsl.com/videos/asl/aslsearch/mp4/triplets2.mp4
triad, https://media.signbsl.com/videos/asl/aslsearch/mp4/triplets2.mp4
triage, https://media.signbsl.com/videos/asl/youtube/mp4/F5P2lwajyr8.mp4
trial, https://media.signbsl.com/videos/asl/aslsearch/mp4/test.mp4
trial court, https://media.signbsl.com/videos/asl/unoclimb/mp4/JG1st7UsfNY.mp4
trial run, https://media.signbsl.com/videos/asl/youtube/mp4/LXQL9nb0FOI.mp4
triangle, https://media.signbsl.com/videos/asl/aslsignbank/mp4/TRIANGLE-1312.mp4
Triangle Instrument, https://player.vimeo.com/external/392551318.sd.mp4?s=e56b1c26a4fceb3fb31e187aa0f4914e9c97b040&profile_id=164
triangular, https://media.signbsl.com/videos/asl/youtube/mp4/qzTXDlWOckA.mp4
triangulate, https://media.signbsl.com/videos/asl/youtube/mp4/oL_sHrHqwOE.mp4
triannual, https://media.signbsl.com/videos/asl/youtube/mp4/bgvshotGV-s.mp4
triathlete, https://media.signbsl.com/videos/asl/youtube/mp4/gBKCO5NGZ4w.mp4
tribade, https://media.signbsl.com/videos/asl/aslsignbank/mp4/LESBIAN-1677.mp4
tribal, https://media.signbsl.com/videos/asl/youtube/mp4/WhkVNeCUlIg.mp4
tribalism, https://media.signbsl.com/videos/asl/youtube/mp4/2iicslyfRx0.mp4
tribe, https://media.signbsl.com/videos/asl/uploads/mp4/user_upload602fef647ea202.53876418.mp4
tribesman, https://media.signbsl.com/videos/asl/youtube/mp4/EuEQ8DhC1wY.mp4
tribeswoman, https://media.signbsl.com/videos/asl/youtube/mp4/YJ4N18RE4ws.mp4
tribulation, https://media.signbsl.com/videos/asl/ids/mp4/2013-11-5020-tribulation-trials-troubles-tests-1500k-ase.mp4
tribunal, https://media.signbsl.com/videos/asl/aslsignbank/mp4/LAWYER-2991.mp4
tribune, https://media.signbsl.com/videos/asl/youtube/mp4/meQaB6BwWxM.mp4
tributaries, https://player.vimeo.com/external/391152580.sd.mp4?s=503ca7a28e7dd94e9aa53512c8d611302230a094&profile_id=164
tributary, https://player.vimeo.com/external/391152580.sd.mp4?s=503ca7a28e7dd94e9aa53512c8d611302230a094&profile_id=164
tribute, https://media.signbsl.com/videos/asl/youtube/mp4/lYWDykDy0A0.mp4
tricentenary, https://media.signbsl.com/videos/asl/youtube/mp4/cplwQXaorCE.mp4
tricentennial, https://media.signbsl.com/videos/asl/youtube/mp4/cplwQXaorCE.mp4
Trichechus manatus, https://media.signbsl.com/videos/asl/youtube/mp4/hiJjo0evnRk.mp4
trichloromethane, https://media.signbsl.com/videos/asl/youtube/mp4/ANXHmW8fNjE.mp4
trichromatic, https://media.signbsl.com/videos/asl/youtube/mp4/B-5o3qEvP9E.mp4
trichrome, https://media.signbsl.com/videos/asl/youtube/mp4/B-5o3qEvP9E.mp4
trick, https://media.signbsl.com/videos/asl/aslsearch/mp4/trick.mp4
tricker, https://media.signbsl.com/videos/asl/youtube/mp4/QSyYQ2LJg2Q.mp4
trickery, https://media.signbsl.com/videos/asl/youtube/mp4/qW_jfnDCcvQ.mp4
trickily, https://media.signbsl.com/videos/asl/youtube/mp4/uGV1YIlRMsg.mp4
trickle, https://media.signbsl.com/videos/asl/youtube/mp4/LjLMhZtxWas.mp4
trick or treat, https://media.signbsl.com/videos/asl/rmdsco/mp4/trick%20or%20treat.mp4
trick out, https://media.signbsl.com/videos/asl/aslsearch/mp4/dress-up.mp4
trickster, https://media.signbsl.com/videos/asl/youtube/mp4/XA5of11vrek.mp4
tricksy, https://media.signbsl.com/videos/asl/youtube/mp4/6ghfSzLcMK0.mp4
trick up, https://media.signbsl.com/videos/asl/aslsearch/mp4/dress-up.mp4
tricky, https://media.signbsl.com/videos/asl/youtube/mp4/6ghfSzLcMK0.mp4
tricolor, https://media.signbsl.com/videos/asl/youtube/mp4/B-5o3qEvP9E.mp4
tricycle, https://media.signbsl.com/videos/asl/aslsearch/mp4/tricycle.mp4
trident, https://media.signbsl.com/videos/asl/youtube/mp4/h976-hGT-78.mp4
tried out, https://media.signbsl.com/videos/asl/youtube/mp4/Tj_8zVF3XbM.mp4
trier, https://media.signbsl.com/videos/asl/youtube/mp4/KMsg0Rh_T8E.mp4
trifle, https://media.signbsl.com/videos/asl/youtube/mp4/i6oYpSdF1b0.mp4
trifler, https://media.signbsl.com/videos/asl/youtube/mp4/WT2uLyDpYV4.mp4
Trifolium repens, https://media.signbsl.com/videos/asl/youtube/mp4/LGpHnpOauRE.mp4
trig, https://media.signbsl.com/videos/asl/youtube/mp4/-Bg9y6Vsins.mp4
trigger, https://media.signbsl.com/videos/asl/AustinCommunityCollege/mp4/weld_trigger_.mp4
triggerman, https://media.signbsl.com/videos/asl/youtube/mp4/SjIryQrhsSc.mp4
trigger off, https://media.signbsl.com/videos/asl/AustinCommunityCollege/mp4/weld_trigger_.mp4
trigon, https://media.signbsl.com/videos/asl/aslsignbank/mp4/TRIANGLE-1312.mp4
trigonometric function, https://media.signbsl.com/videos/asl/tsdvideo/mp4/1513.mp4
trigonometry, https://media.signbsl.com/videos/asl/youtube/mp4/-Bg9y6Vsins.mp4
trike, https://media.signbsl.com/videos/asl/aslsearch/mp4/tricycle.mp4
trilateral, https://media.signbsl.com/videos/asl/aslsignbank/mp4/TRIANGLE-1312.mp4
trill, https://media.signbsl.com/videos/asl/youtube/mp4/B-z7GIQqlNA.mp4
Trillium erectum, https://media.signbsl.com/videos/asl/youtube/mp4/OBx_1X2gptE.mp4
trilobite, https://media.signbsl.com/videos/asl/youtube/mp4/fpgvF5ib7VI.mp4
trilogies, https://media.signbsl.com/videos/asl/youtube/mp4/VTbcwJUGrpw.mp4
trilogy, https://media.signbsl.com/videos/asl/youtube/mp4/VTbcwJUGrpw.mp4
trim, https://media.signbsl.com/videos/asl/tsdvideo/mp4/348.mp4
trim a christmas tree, https://media.signbsl.com/videos/asl/youtube/mp4/h8O9iHm0ztc.mp4
trim back, https://media.signbsl.com/videos/asl/tsdvideo/mp4/348.mp4
trim down, https://media.signbsl.com/videos/asl/tsdvideo/mp4/348.mp4
trimester, https://media.signbsl.com/videos/asl/youtube/mp4/ihzEpXyMbJ0.mp4
trimming, https://media.signbsl.com/videos/asl/youtube/mp4/_np5CbXOiMc.mp4
trimmings, https://media.signbsl.com/videos/asl/youtube/mp4/AKDRPJcPyyU.mp4
trimonthly, https://media.signbsl.com/videos/asl/youtube/mp4/TKlvakqLkeY.mp4
trine, https://media.signbsl.com/videos/asl/aslsearch/mp4/triplets2.mp4
Trinidad and Tobago, https://media.signbsl.com/videos/asl/youtube/mp4/BkU15BM6Z5w.mp4
trinity, https://media.signbsl.com/videos/asl/aslsearch/mp4/triplets2.mp4
trinket, https://media.signbsl.com/videos/asl/youtube/mp4/8c3y_SC0J4Y.mp4
trinomial, https://media.signbsl.com/videos/asl/tsdvideo/mp4/1480.mp4
trio, https://media.signbsl.com/videos/asl/aslsearch/mp4/triplets2.mp4
trip, https://media.signbsl.com/videos/asl/AustinCommunityCollege/mp4/weld_trigger_.mp4
tripartite, https://media.signbsl.com/videos/asl/youtube/mp4/qzTXDlWOckA.mp4
trip drug, https://player.vimeo.com/external/392551930.sd.mp4?s=29e0b6a202b1cc7de8c5aa8a286fb671e85c3a5d&profile_id=164
triple, https://media.signbsl.com/videos/asl/signlanguagestudent/mp4/triple.mp4
triplet, https://media.signbsl.com/videos/asl/aslsearch/mp4/triplets2.mp4
triplets, https://media.signbsl.com/videos/asl/aslsearch/mp4/triplets2.mp4
triplicate, https://media.signbsl.com/videos/asl/youtube/mp4/FCZ-dj9wEL8.mp4
tripod, https://player.vimeo.com/external/392552060.sd.mp4?s=c812d6661d0298ec32740c49345fbd5dab20ffee&profile_id=164
tripper, https://media.signbsl.com/videos/asl/youtube/mp4/2xTYsf__Uy0.mp4
trip trap, https://media.signbsl.com/videos/asl/youtube/mp4/h1pMDiyoSvs.mp4
trip up, https://media.signbsl.com/videos/asl/youtube/mp4/Tvuv6ddc62c.mp4
trisect, https://media.signbsl.com/videos/asl/youtube/mp4/GqEuTaN0auY.mp4
trite, https://media.signbsl.com/videos/asl/youtube/mp4/cjU8h0LcN4M.mp4
triter, https://media.signbsl.com/videos/asl/youtube/mp4/qzLU-v0cWo4.mp4
trit trot, https://media.signbsl.com/videos/asl/youtube/mp4/nF2aWksCe2I.mp4
triumph, https://media.signbsl.com/videos/asl/aslsearch/mp4/victory.mp4
triumphal, https://media.signbsl.com/videos/asl/youtube/mp4/XfzmQmSvXlg.mp4
triumphant, https://media.signbsl.com/videos/asl/youtube/mp4/XfzmQmSvXlg.mp4
triumvirate, https://media.signbsl.com/videos/asl/youtube/mp4/VpLja-h1VNo.mp4
trivia, https://media.signbsl.com/videos/asl/youtube/mp4/pQFks0iJqDc.mp4
trivial, https://media.signbsl.com/videos/asl/aslsignbank/mp4/NO-BIG-DEAL-1562.mp4
trivialise, https://player.vimeo.com/external/392553059.sd.mp4?s=75a4c7f28b0c748392c71745fa11aad0bb448f13&profile_id=164
triviality, https://media.signbsl.com/videos/asl/youtube/mp4/azy4_y2bpj0.mp4
trivialize, https://player.vimeo.com/external/392553059.sd.mp4?s=75a4c7f28b0c748392c71745fa11aad0bb448f13&profile_id=164
triweekly, https://player.vimeo.com/external/392553145.sd.mp4?s=30038c58263f39a132d058b58641a58433acb6bf&profile_id=164
troglodyte, https://media.signbsl.com/videos/asl/youtube/mp4/2vtRf3RuLgE.mp4
troika, https://media.signbsl.com/videos/asl/aslsearch/mp4/triplets2.mp4
troll, https://media.signbsl.com/videos/asl/youtube/mp4/aMaW45O-UWo.mp4
trolley, https://player.vimeo.com/external/392528981.sd.mp4?s=1819b37b95f899ea0f8f835ed544ccfe2d79e82e&profile_id=164
trolley car, https://player.vimeo.com/external/392528981.sd.mp4?s=1819b37b95f899ea0f8f835ed544ccfe2d79e82e&profile_id=164
trollop, https://media.signbsl.com/videos/asl/youtube/mp4/ie2iSOIwHUI.mp4
trombone, https://media.signbsl.com/videos/asl/aslsearch/mp4/trombone.mp4
trombone player, https://media.signbsl.com/videos/asl/youtube/mp4/K_TmCk-kOC8.mp4
trombonist, https://media.signbsl.com/videos/asl/youtube/mp4/K_TmCk-kOC8.mp4
troop, https://media.signbsl.com/videos/asl/youtube/mp4/PNjLkb8fgh8.mp4
trooper, https://media.signbsl.com/videos/asl/youtube/mp4/txktfG690Wg.mp4
troopship, https://media.signbsl.com/videos/asl/youtube/mp4/mSS1Ut28SfY.mp4
trophies, https://player.vimeo.com/external/392553421.sd.mp4?s=5a6fb063a4effac077dfbeb745a170b396dc217f&profile_id=164
trophy, https://player.vimeo.com/external/392553421.sd.mp4?s=5a6fb063a4effac077dfbeb745a170b396dc217f&profile_id=164
trophy wife, https://player.vimeo.com/external/392553352.sd.mp4?s=30cbbd295230f282c8b033c3429c1caea871b79a&profile_id=164
tropic, https://media.signbsl.com/videos/asl/youtube/mp4/UzIhHJO3cUI.mp4
tropism, https://media.signbsl.com/videos/asl/youtube/mp4/hcrzC5ktcZI.mp4
troposphere, https://media.signbsl.com/videos/asl/youtube/mp4/hmjyuM7YBqI.mp4
trot, https://media.signbsl.com/videos/asl/aslsignbank/mp4/RUN-ARMS-244.mp4
trot four legged animal, https://player.vimeo.com/external/392553517.sd.mp4?s=678a37ef1b87a054a41f62fa1a04ec039225f07b&profile_id=164
troth, https://media.signbsl.com/videos/asl/youtube/mp4/4mLmpo9r-4s.mp4
trotter, https://media.signbsl.com/videos/asl/youtube/mp4/lH9ULkm6oGM.mp4
trotting horse, https://media.signbsl.com/videos/asl/youtube/mp4/lH9ULkm6oGM.mp4
trouble, https://media.signbsl.com/videos/asl/startasl/mp4/trouble.mp4
trouble b, https://media.signbsl.com/videos/asl/signlanguagestudent/mp4/trouble-b.mp4
troubled, https://player.vimeo.com/external/392757061.sd.mp4?s=e51daa4d8279084c6db1e0648b94334848a36b02&profile_id=164
trouble maker, https://media.signbsl.com/videos/asl/youtube/mp4/YaRUqtIkhag.mp4
troublemaker, https://media.signbsl.com/videos/asl/youtube/mp4/YaRUqtIkhag.mp4
troubler, https://media.signbsl.com/videos/asl/youtube/mp4/YaRUqtIkhag.mp4
troubleshoot, NA
trouble shooter, https://media.signbsl.com/videos/asl/youtube/mp4/RYl_WXbzTzQ.mp4
troubleshooter, https://media.signbsl.com/videos/asl/youtube/mp4/RYl_WXbzTzQ.mp4
troubleshooting, https://media.signbsl.com/videos/asl/AustinCommunityCollege/mp4/elec_troubleshooting_.mp4
troublesome, https://media.signbsl.com/videos/asl/youtube/mp4/QBD2uduo1aQ.mp4
troublesomeness, https://player.vimeo.com/external/392865334.sd.mp4?s=9b4ecb782d90708b5f65af2af30da669cfd5a319&profile_id=164
trough, https://media.signbsl.com/videos/asl/youtube/mp4/W-vSA5cKJ_0.mp4
trounce, https://media.signbsl.com/videos/asl/startasl/mp4/yell.mp4
troupe, https://media.signbsl.com/videos/asl/youtube/mp4/w2OsDveTa-s.mp4
trouper, https://media.signbsl.com/videos/asl/youtube/mp4/KoWSnj9uo1g.mp4
trousers, https://media.signbsl.com/videos/asl/startasl/mp4/pants.mp4
trousseau, https://media.signbsl.com/videos/asl/youtube/mp4/r1NLbBID9xE.mp4
troy ounce, https://media.signbsl.com/videos/asl/tsdvideo/mp4/248.mp4
truancy, https://media.signbsl.com/videos/asl/youtube/mp4/1Tt9obb_bGg.mp4
truant, https://media.signbsl.com/videos/asl/youtube/mp4/zPXIQ8OfT0s.mp4
truce, https://player.vimeo.com/external/395728393.sd.mp4?s=0ac2d7ff3edbc9d59618073cfebde104b141765f&profile_id=164
truck, https://media.signbsl.com/videos/asl/aslsignbank/mp4/TRUCK-1316.mp4
truck door, https://player.vimeo.com/external/392757129.sd.mp4?s=696c4b365b4825b7487152c40e076d1fbfe4f0d6&profile_id=164
truckful, https://media.signbsl.com/videos/asl/youtube/mp4/wMijjfr8cb4.mp4
truckler, https://media.signbsl.com/videos/asl/youtube/mp4/OjTJrqMm3Nw.mp4
truck vehicle, https://media.signbsl.com/videos/asl/aslsignbank/mp4/TRUCK-1320.mp4
truculence, https://media.signbsl.com/videos/asl/youtube/mp4/foaeSdBLp00.mp4
truculency, https://media.signbsl.com/videos/asl/youtube/mp4/foaeSdBLp00.mp4
trudeau justin, https://player.vimeo.com/external/392553782.sd.mp4?s=c584122f7bd573bff1a598210c58a1deb51bf59a&profile_id=164
trudeau pierre, https://player.vimeo.com/external/392553864.sd.mp4?s=a8847da800163933f489cde0157f656aa99b3d5a&profile_id=164
trudge, https://media.signbsl.com/videos/asl/youtube/mp4/RiDadJQIWoY.mp4
true, https://media.signbsl.com/videos/asl/signlanguagestudent/mp4/true.mp4
true cat, https://media.signbsl.com/videos/asl/startasl/mp4/cat.mp4
true enough, https://player.vimeo.com/external/392553990.sd.mp4?s=3227f46f4eabafbf03c8fb87e32c506141775323&profile_id=164
truelove, https://media.signbsl.com/videos/asl/youtube/mp4/2NoDcZnFRRk.mp4
true pine, https://media.signbsl.com/videos/asl/youtube/mp4/7HPowK00xtg.mp4
truism, https://media.signbsl.com/videos/asl/youtube/mp4/5div7WMzqKE.mp4
truly upset, https://media.signbsl.com/videos/asl/youtube/mp4/J9R5iEDys64.mp4
trump, https://media.signbsl.com/videos/asl/aslsearch/mp4/trumpet.mp4
trump donald, https://player.vimeo.com/external/392554173.sd.mp4?s=b28f8e281767abd2f7613e37cc4ad492be2c9648&profile_id=164
trumpet, https://media.signbsl.com/videos/asl/aslsearch/mp4/trumpet.mp4
trumpeter, https://media.signbsl.com/videos/asl/youtube/mp4/L2dudulmqVc.mp4
trumping, https://media.signbsl.com/videos/asl/youtube/mp4/dFuttyNLdq4.mp4
truncate, https://media.signbsl.com/videos/asl/youtube/mp4/ZH-_WM-1hH0.mp4
truncated text, https://player.vimeo.com/external/392530575.sd.mp4?s=776985387466fd16b52147b46818e465b57536a0&profile_id=164
trundle, https://media.signbsl.com/videos/asl/youtube/mp4/1-bjuF_ATzI.mp4
trunk, https://media.signbsl.com/videos/asl/elementalaslconcepts/mp4/proboscis.mp4
trunks, https://media.signbsl.com/videos/asl/startasl/mp4/shorts.mp4
trust, https://media.signbsl.com/videos/asl/aslsearch/mp4/bank.mp4
trusted port, https://media.signbsl.com/videos/asl/deaftec/mp4/1082.mp4
trustee, https://media.signbsl.com/videos/asl/youtube/mp4/TREsSvjhWxw.mp4
trustiness, https://media.signbsl.com/videos/asl/youtube/mp4/Uklpv0jyZO0.mp4
trustworthiness, https://media.signbsl.com/videos/asl/youtube/mp4/Uklpv0jyZO0.mp4
trustworthy, https://media.signbsl.com/videos/asl/youtube/mp4/PhX14L4exYk.mp4
trusty, https://media.signbsl.com/videos/asl/youtube/mp4/PhX14L4exYk.mp4
truth, https://media.signbsl.com/videos/asl/signlanguagestudent/mp4/truth.mp4
Truth Or Dare, https://player.vimeo.com/external/392757179.sd.mp4?s=19b1ad5c536df52f99156d08a6f8a02b0c4a2669&profile_id=164
Truths, https://media.signbsl.com/videos/asl/signlanguagestudent/mp4/truth.mp4
try, https://media.signbsl.com/videos/asl/aslsignbank/mp4/TRY-2309.mp4
try hard, https://media.signbsl.com/videos/asl/youtube/mp4/bzh4oClJiFA.mp4
trying, https://media.signbsl.com/videos/asl/signlanguagestudent/mp4/trying.mp4
trying to find ones identity, https://media.signbsl.com/videos/asl/youtube/mp4/ADLndQvH9sw.mp4
trying to get peoples attention, https://media.signbsl.com/videos/asl/youtube/mp4/WcDnZcTBZko.mp4
trying to say something, https://media.signbsl.com/videos/asl/youtube/mp4/fexbGDkWER4.mp4
try me, https://player.vimeo.com/external/392530767.sd.mp4?s=19f2aca2f4c40a738685e2aed6e733a1613256c7&profile_id=164
try out, https://player.vimeo.com/external/391173540.sd.mp4?s=568e1a74187b40bdc88a319f272f8696bf0837c4&profile_id=164
tryout, https://player.vimeo.com/external/391173540.sd.mp4?s=568e1a74187b40bdc88a319f272f8696bf0837c4&profile_id=164
try square, https://player.vimeo.com/external/392530851.sd.mp4?s=0c6c599b5a3995d89bd7247b4c5478d91ea05dc5&profile_id=164
tryst, https://media.signbsl.com/videos/asl/youtube/mp4/X8yGMQFC0kQ.mp4
tsarina, https://media.signbsl.com/videos/asl/youtube/mp4/hNB4Mjk0dAw.mp4
tsaritsa, https://media.signbsl.com/videos/asl/youtube/mp4/hNB4Mjk0dAw.mp4
tsk tsk, https://player.vimeo.com/external/392531014.sd.mp4?s=21f99214e39c03e94e0275a0007d2c7ad5118b92&profile_id=164
tsunami, https://player.vimeo.com/external/392531060.sd.mp4?s=183bdcfb49813437432302c2c33ab389e4b5b17b&profile_id=164
TT, https://media.signbsl.com/videos/asl/aslsearch/mp4/tt.mp4
t test, https://media.signbsl.com/videos/asl/deaftec-math/mp4/85D-1.mp4
tty, https://media.signbsl.com/videos/asl/mariekatzenbachschool/mp4/TTY.mp4
tty call, https://media.signbsl.com/videos/asl/youtube/mp4/Y2Mgkkiy_xA.mp4
tty tdd, https://player.vimeo.com/external/392531111.sd.mp4?s=e508e101bc1d2bf1b79c4d504120dad6030397cd&profile_id=164
tub, https://media.signbsl.com/videos/asl/startasl/mp4/bathtub.mp4
tubal, https://media.signbsl.com/videos/asl/youtube/mp4/It6ZgOdKyKg.mp4
tubbiness, https://media.signbsl.com/videos/asl/youtube/mp4/IvIrA8xboHE.mp4
tubby, https://media.signbsl.com/videos/asl/youtube/mp4/KUaQ3NMc-dI.mp4
tube, https://media.signbsl.com/videos/asl/aslsearch/mp4/subway.mp4
tubeless, https://media.signbsl.com/videos/asl/youtube/mp4/3U4rPjuSORc.mp4
tubeless tire, https://media.signbsl.com/videos/asl/youtube/mp4/3U4rPjuSORc.mp4
Tuber, https://media.signbsl.com/videos/asl/youtube/mp4/3Qbbf10wjkU.mp4
tubercle, https://media.signbsl.com/videos/asl/youtube/mp4/mcecBpRTpv0.mp4
tuberculosis, https://media.signbsl.com/videos/asl/aslsearch/mp4/tuberculosis.mp4
tuberosity, https://media.signbsl.com/videos/asl/youtube/mp4/mcecBpRTpv0.mp4
tubful, https://media.signbsl.com/videos/asl/youtube/mp4/qqLRgw9mPHI.mp4
tuck, https://media.signbsl.com/videos/asl/youtube/mp4/GRweD9B6gKE.mp4
tuck away, https://media.signbsl.com/videos/asl/youtube/mp4/8R3OYSzGAqU.mp4
tucker, https://media.signbsl.com/videos/asl/youtube/mp4/2ayinOn3V7g.mp4
tuck in, https://media.signbsl.com/videos/asl/youtube/mp4/8R3OYSzGAqU.mp4
Tues, https://media.signbsl.com/videos/asl/startasl/mp4/tuesday.mp4
Tuesday, https://media.signbsl.com/videos/asl/startasl/mp4/tuesday.mp4
tuesdays, https://media.signbsl.com/videos/asl/startasl/mp4/tuesday.mp4
tug, https://player.vimeo.com/external/392527012.sd.mp4?s=bf0bad070b225095f0483d2494b22e329f5fedbb&profile_id=164
tugboat, https://player.vimeo.com/external/392527012.sd.mp4?s=bf0bad070b225095f0483d2494b22e329f5fedbb&profile_id=164
tuition, https://player.vimeo.com/external/392531347.sd.mp4?s=d7a580796da34676192d20f730ef91acbe223c92&profile_id=164
tuk tuk, https://player.vimeo.com/external/392531392.sd.mp4?s=c54c4c3ab6209a8fd1d13a79b7a6d806718ff253&profile_id=164
tum, https://media.signbsl.com/videos/asl/aslsearch/mp4/stomach.mp4
tumble, https://player.vimeo.com/external/392531434.sd.mp4?s=f5b3a5eea9560c700b244282d9747066cfa24316&profile_id=164
tumble about, https://media.signbsl.com/videos/asl/youtube/mp4/PP2QPFdM1jI.mp4
tumble down, https://media.signbsl.com/videos/asl/youtube/mp4/rq2xbImkdiE.mp4
tumbler, https://media.signbsl.com/videos/asl/youtube/mp4/vQikvcIYq-w.mp4
tummy, https://media.signbsl.com/videos/asl/aslsearch/mp4/stomach.mp4
tumor, https://player.vimeo.com/external/392535591.sd.mp4?s=ad4d6e390e4cbd2bd4f69eb7c0c6ab691dae0490&profile_id=164
tumour, https://player.vimeo.com/external/392535591.sd.mp4?s=ad4d6e390e4cbd2bd4f69eb7c0c6ab691dae0490&profile_id=164
tump over, https://media.signbsl.com/videos/asl/youtube/mp4/E_Kz22GVjts.mp4
tumult, https://media.signbsl.com/videos/asl/youtube/mp4/xKu74JkTne8.mp4
tumultuous, https://player.vimeo.com/external/392757061.sd.mp4?s=e51daa4d8279084c6db1e0648b94334848a36b02&profile_id=164
tumultuousness, https://media.signbsl.com/videos/asl/youtube/mp4/xKu74JkTne8.mp4
tuna, https://media.signbsl.com/videos/asl/mariekatzenbachschool/mp4/tuna.mp4
tundra, https://player.vimeo.com/external/392535641.sd.mp4?s=a9149e782f99901eb30c59b29b7517316a7f1b00&profile_id=164
tune in, https://media.signbsl.com/videos/asl/youtube/mp4/l6F_c2frsXE.mp4
tuner, https://media.signbsl.com/videos/asl/youtube/mp4/2Hqsm7yH_mE.mp4
tune up, https://media.signbsl.com/videos/asl/youtube/mp4/uuA30XF3TxY.mp4
tungsten, https://media.signbsl.com/videos/asl/AustinCommunityCollege/mp4/weld_tungsten_.mp4
tuning fork, https://media.signbsl.com/videos/asl/elementalaslconcepts/mp4/tuning_fork.mp4
Tunisia, https://media.signbsl.com/videos/asl/youtube/mp4/JcrmNp4zMF0.mp4
tunnage, https://media.signbsl.com/videos/asl/youtube/mp4/L6hUkzqB3hQ.mp4
tunnel, https://media.signbsl.com/videos/asl/deaftec/mp4/1083.mp4
turban, https://media.signbsl.com/videos/asl/youtube/mp4/XkF_hFLDUKQ.mp4
turbine, https://media.signbsl.com/videos/asl/youtube/mp4/Yv-Cha0TtWI.mp4
turbo, https://media.signbsl.com/videos/asl/youtube/mp4/SoIiNOm-o8U.mp4
turbulence, https://media.signbsl.com/videos/asl/youtube/mp4/cvA3vbhGHTY.mp4
turbulent, https://player.vimeo.com/external/392757061.sd.mp4?s=e51daa4d8279084c6db1e0648b94334848a36b02&profile_id=164
turd, https://media.signbsl.com/videos/asl/youtube/mp4/nd5FxzIzYnE.mp4
Turdus migratorius, https://media.signbsl.com/videos/asl/youtube/mp4/GbcFoJ5Q7w0.mp4
turf, https://media.signbsl.com/videos/asl/youtube/mp4/vrhjjB9sz0c.mp4
turf out, https://media.signbsl.com/videos/asl/aslsearch/mp4/expel.mp4
turgidity, https://media.signbsl.com/videos/asl/youtube/mp4/ExyivJ15t8o.mp4
turgidness, https://media.signbsl.com/videos/asl/youtube/mp4/ExyivJ15t8o.mp4
turin italy, https://player.vimeo.com/external/392535704.sd.mp4?s=defda0609b9949273f00925dc9c6eecba7b77505&profile_id=164
turkey, https://media.signbsl.com/videos/asl/startasl/mp4/turkey.mp4
turkey bird, https://player.vimeo.com/external/392535770.sd.mp4?s=dc7a3639c6eaccd5a50ead9fca3dcd9424a3d2f8&profile_id=164
turkey cock, https://media.signbsl.com/videos/asl/youtube/mp4/CRgpx3lRLp8.mp4
Turkmen, https://media.signbsl.com/videos/asl/youtube/mp4/EorvHZ2-rmk.mp4
Turkmenia, https://media.signbsl.com/videos/asl/youtube/mp4/EorvHZ2-rmk.mp4
Turkmenistan, https://media.signbsl.com/videos/asl/youtube/mp4/EorvHZ2-rmk.mp4
Turkomen, https://media.signbsl.com/videos/asl/youtube/mp4/EorvHZ2-rmk.mp4
turmoil, https://player.vimeo.com/external/392535796.sd.mp4?s=dd8c300267549dc1848e61120d7172bcb2753a48&profile_id=164
turn, https://media.signbsl.com/videos/asl/signlanguagestudent/mp4/your-turn.mp4
turn a blind eye, https://player.vimeo.com/external/392535823.sd.mp4?s=d33ded7a2c6d8ad96a21bf9d68537fa42202c3e8&profile_id=164
turnabout, https://player.vimeo.com/external/392536399.sd.mp4?s=02a7b331fd7ffe49ba0ccf4e8024fcec540e069d&profile_id=164
turn a knob, https://media.signbsl.com/videos/asl/youtube/mp4/bR8G7jBj_fg.mp4
turn a page, https://media.signbsl.com/videos/asl/youtube/mp4/rSlga9JlK84.mp4
turn a profit, https://player.vimeo.com/external/392422753.sd.mp4?s=57c1ef3db9deacadb32fc7ca6507d43ad7144260&profile_id=164
turnaround, https://player.vimeo.com/external/392536399.sd.mp4?s=02a7b331fd7ffe49ba0ccf4e8024fcec540e069d&profile_id=164
turn around, https://player.vimeo.com/external/392536399.sd.mp4?s=02a7b331fd7ffe49ba0ccf4e8024fcec540e069d&profile_id=164
turn away, https://media.signbsl.com/videos/asl/aslsearch/mp4/deflect.mp4
turn around, https://player.vimeo.com/external/392536399.sd.mp4?s=02a7b331fd7ffe49ba0ccf4e8024fcec540e069d&profile_id=164
turn away, https://media.signbsl.com/videos/asl/aslsearch/mp4/deflect.mp4
turn back, https://media.signbsl.com/videos/asl/youtube/mp4/F-EIG1ei2lE.mp4
turncoat, https://media.signbsl.com/videos/asl/youtube/mp4/AIINMoIv-OA.mp4
turn collar inside out, https://media.signbsl.com/videos/asl/youtube/mp4/OMiGmsrh0qA.mp4
turn collar out, https://media.signbsl.com/videos/asl/youtube/mp4/wSLnqLElm58.mp4
turn down, https://media.signbsl.com/videos/asl/signlanguagestudent/mp4/reject.mp4
turndown, https://media.signbsl.com/videos/asl/signlanguagestudent/mp4/reject.mp4
turned on, https://media.signbsl.com/videos/asl/aslsearch/mp4/horny.mp4
turned them upside down, https://media.signbsl.com/videos/asl/youtube/mp4/qoFf1StXknY.mp4
turned up, https://media.signbsl.com/videos/asl/youtube/mp4/VGRolyqBUQI.mp4
turned up his eyes, https://media.signbsl.com/videos/asl/youtube/mp4/shpna-Y4v58.mp4
turn in, https://media.signbsl.com/videos/asl/aslsearch/mp4/go-to-sleep.mp4
turning, https://media.signbsl.com/videos/asl/signlanguagestudent/mp4/turn.mp4
turning them over, https://media.signbsl.com/videos/asl/youtube/mp4/fZ79J0UZwn4.mp4
turn into, https://media.signbsl.com/videos/asl/youtube/mp4/CtxT91WNrjs.mp4
turnkey, https://media.signbsl.com/videos/asl/youtube/mp4/yQw6SuQOLdU.mp4
turn laptop around, https://media.signbsl.com/videos/asl/youtube/mp4/VD98PjfWV7Y.mp4
turn left, https://player.vimeo.com/external/392535931.sd.mp4?s=0fbc635673c313c42a19b8378aa3804c7246106c&profile_id=164
turn of events, https://media.signbsl.com/videos/asl/youtube/mp4/5mWwAEJBYB8.mp4
turn off, https://media.signbsl.com/videos/asl/mariekatzenbachschool/mp4/turn%20off.mp4
turnoff, https://media.signbsl.com/videos/asl/mariekatzenbachschool/mp4/turn%20off.mp4
turn off engine, https://media.signbsl.com/videos/asl/youtube/mp4/p55ImKonLl0.mp4
turn off tv or computer, https://media.signbsl.com/videos/asl/youtube/mp4/pD3x1nnDoXw.mp4
turn on, https://media.signbsl.com/videos/asl/aslsearch/mp4/excite.mp4
turn on switch, https://media.signbsl.com/videos/asl/youtube/mp4/QlzJjd2dDa0.mp4
turn out, https://media.signbsl.com/videos/asl/aslsearch/mp4/expel.mp4
turnout, https://media.signbsl.com/videos/asl/aslsearch/mp4/expel.mp4
turn over, https://media.signbsl.com/videos/asl/aslsignbank/mp4/SHOVEL-815.mp4
turnover, https://media.signbsl.com/videos/asl/aslsignbank/mp4/SHOVEL-815.mp4
turn over a page, https://media.signbsl.com/videos/asl/youtube/mp4/ISdNgzcYrCI.mp4
turnover rate, https://media.signbsl.com/videos/asl/aslbricks/mp4/turnover.mp4
turn right, https://player.vimeo.com/external/392536018.sd.mp4?s=8465c59bb920e5604c32c4a8973201c19ed80e79&profile_id=164
turn signal left and right, https://player.vimeo.com/external/392757243.sd.mp4?s=9a238a63006b23163a0afbac68cadfa7f2f79d3c&profile_id=164
turn tail, https://media.signbsl.com/videos/asl/youtube/mp4/iIPGD4v85NU.mp4
turn taking, https://player.vimeo.com/external/392536045.sd.mp4?s=ae3b3bf4c25855ce3511eabfc1f9d67e82786124&profile_id=164
turn turtle, https://media.signbsl.com/videos/asl/youtube/mp4/DBUDmrfOQKo.mp4
turn up, https://media.signbsl.com/videos/asl/aslsignbank/mp4/FOLD-1488.mp4
turnup, https://media.signbsl.com/videos/asl/aslsignbank/mp4/FOLD-1488.mp4
turn upside down, https://player.vimeo.com/external/392536320.sd.mp4?s=0e9d2a4603e68699620bd17ad54df97bd573e0d5&profile_id=164
turn up volume, https://media.signbsl.com/videos/asl/youtube/mp4/wn4ph5pssgU.mp4
turn vehicle, https://media.signbsl.com/videos/asl/signlanguagestudent/mp4/turn.mp4
turquoise, https://player.vimeo.com/external/392536451.sd.mp4?s=f74e8841764e2f1d06a4d314d0c6708fc090f519&profile_id=164
turtle, https://player.vimeo.com/external/392536496.sd.mp4?s=75cedec28fca5b94bb8e5a7ee625fee7b327d926&profile_id=164
Tuscany, https://media.signbsl.com/videos/asl/youtube/mp4/kuqcgZjUYsk.mp4
tush, https://media.signbsl.com/videos/asl/youtube/mp4/k4acAbNtqrg.mp4
tusk, https://media.signbsl.com/videos/asl/youtube/mp4/LkwM5JMjDJ0.mp4
tussle, https://media.signbsl.com/videos/asl/youtube/mp4/nOEe6Vqk3YU.mp4
tutelar, https://media.signbsl.com/videos/asl/youtube/mp4/i07nr7H7cIc.mp4
tutelary, https://media.signbsl.com/videos/asl/youtube/mp4/i07nr7H7cIc.mp4
tutor, https://media.signbsl.com/videos/asl/aslsearch/mp4/tutor.mp4
tux, https://player.vimeo.com/external/392536605.sd.mp4?s=eee1736529acc82c50315c6f9f34256f0469a69a&profile_id=164
tuxedo, https://player.vimeo.com/external/392536605.sd.mp4?s=eee1736529acc82c50315c6f9f34256f0469a69a&profile_id=164
tv, https://media.signbsl.com/videos/asl/startasl/mp4/television.mp4
tv camera, https://media.signbsl.com/videos/asl/youtube/mp4/mKmK81hhSFI.mp4
TV channel, https://media.signbsl.com/videos/asl/aslsignbank/mp4/CHANNEL-1055.mp4
tv episode, https://media.signbsl.com/videos/asl/youtube/mp4/r236Y7Qxioc.mp4
tv program, NA
tv set, https://media.signbsl.com/videos/asl/startasl/mp4/television.mp4
twaddle, https://player.vimeo.com/external/395755650.sd.mp4?s=e614f7ba9f29061f03aa1ebe5b2ac124960ff956&profile_id=164
twain, https://media.signbsl.com/videos/asl/youtube/mp4/cN94zer8G6s.mp4
twang, https://media.signbsl.com/videos/asl/youtube/mp4/Iof_ihbpEcQ.mp4
twat, https://media.signbsl.com/videos/asl/youtube/mp4/0hiZOlDJB4U.mp4
tweak, https://player.vimeo.com/external/392536677.sd.mp4?s=6bf8dff353aa33cfc6b588f5d56861511f754a1c&profile_id=164
tweaked the toe of one his galoshes, https://media.signbsl.com/videos/asl/youtube/mp4/boxUtLxI_WQ.mp4
twee, https://media.signbsl.com/videos/asl/youtube/mp4/9tpfX_qSRtQ.mp4
tweedy, https://media.signbsl.com/videos/asl/youtube/mp4/MRXJYgYqn-0.mp4
tween, https://media.signbsl.com/videos/asl/signlanguagestudent/mp4/between%20(alternate%20sign).mp4
tweet, https://media.signbsl.com/videos/asl/aslsearch/mp4/pinch.mp4
tweeter, https://media.signbsl.com/videos/asl/youtube/mp4/j_zIHmuxuhg.mp4
tweezer, https://media.signbsl.com/videos/asl/elementalaslconcepts/mp4/pincer.mp4
twelfth, https://media.signbsl.com/videos/asl/tsdvideo/mp4/516.mp4
twelfths, https://media.signbsl.com/videos/asl/tsdvideo/mp4/516.mp4
twelve, https://media.signbsl.com/videos/asl/aslsignbank/mp4/TWELVE-2286.mp4
twelve days, https://player.vimeo.com/external/392536728.sd.mp4?s=140d0a276ae435db8a4b9abc670a40e66dee7627&profile_id=164
twelve dollars, https://media.signbsl.com/videos/asl/mariekatzenbachschool/mp4/twelve%20dollars.mp4
twelve hours, https://player.vimeo.com/external/392536765.sd.mp4?s=623751a9a4c1c0b0e63037bc45aff936e3024c0a&profile_id=164
twelvemonth, https://media.signbsl.com/videos/asl/startasl/mp4/year.mp4
twelve months, https://media.signbsl.com/videos/asl/startasl/mp4/year.mp4
twelve noon, https://media.signbsl.com/videos/asl/startasl/mp4/noon.mp4
twelve oclock, https://media.signbsl.com/videos/asl/youtube/mp4/iwOpQqPfaJM.mp4
twenties, https://media.signbsl.com/videos/asl/youtube/mp4/eo-6SDaaDtg.mp4
twentieth, https://media.signbsl.com/videos/asl/signlanguagestudent/mp4/twentieth.mp4
twenty, https://media.signbsl.com/videos/asl/signlanguagestudent/mp4/twenty.mp4
twenty dollars, https://media.signbsl.com/videos/asl/mariekatzenbachschool/mp4/twenty%20dollars.mp4
twenty eight, https://media.signbsl.com/videos/asl/aslsignbank/mp4/TWENTY-EIGHT-2651.mp4
twenty five, https://media.signbsl.com/videos/asl/aslsignbank/mp4/TWENTY-FIVE-1335.mp4
twenty five percent, https://media.signbsl.com/videos/asl/tsdvideo/mp4/27.mp4
twenty four, https://media.signbsl.com/videos/asl/aslsignbank/mp4/TWENTY-FOUR-2513.mp4
twenty four hours, https://media.signbsl.com/videos/asl/startasl/mp4/day.mp4
twenty nine, https://media.signbsl.com/videos/asl/aslsignbank/mp4/TWENTY-NINE-2652.mp4
twenty one, https://media.signbsl.com/videos/asl/youtube/mp4/unErbMtXUcA.mp4
twenty seven, https://media.signbsl.com/videos/asl/aslsignbank/mp4/TWENTY-SEVEN-2650.mp4
twenty six, https://media.signbsl.com/videos/asl/aslsignbank/mp4/TWENTY-SIX-2649.mp4
twenty thousand dollars, https://media.signbsl.com/videos/asl/mariekatzenbachschool/mp4/twenty%20thousand%20dollars.mp4
twenty three, https://media.signbsl.com/videos/asl/aslsignbank/mp4/TWENTY-THREE-2021.mp4
twenty two, https://media.signbsl.com/videos/asl/aslsignbank/mp4/TWENTY-TWO-2521.mp4
twerp, https://media.signbsl.com/videos/asl/youtube/mp4/cTZIdJf8kgA.mp4
twice, https://media.signbsl.com/videos/asl/tsdvideo/mp4/517.mp4
twice a week, https://player.vimeo.com/external/392538543.sd.mp4?s=549ff21c4202be4406feafc9ce21b6bf7349c38b&profile_id=164
twiddle, https://media.signbsl.com/videos/asl/youtube/mp4/EKj37qOIquU.mp4
twiddle thumbs, https://player.vimeo.com/external/392538656.sd.mp4?s=bdd02739109491c92d3a9cbb7eba38a46ee4ce82&profile_id=164
twig, https://player.vimeo.com/external/392531434.sd.mp4?s=f5b3a5eea9560c700b244282d9747066cfa24316&profile_id=164
twiggy, https://media.signbsl.com/videos/asl/youtube/mp4/ssghGQObyaI.mp4
twiglike, https://media.signbsl.com/videos/asl/youtube/mp4/ssghGQObyaI.mp4
twilight, https://player.vimeo.com/external/391993324.sd.mp4?s=e7e461e8294722f18eade08c87fbfce7a74645d8&profile_id=164
twin, https://media.signbsl.com/videos/asl/aslsignbank/mp4/TWINS-648.mp4
twin bed, https://player.vimeo.com/external/392757282.sd.mp4?s=e80b13c310d341567e27cbc160d07e23a70ca8b0&profile_id=164
twin bill, https://media.signbsl.com/videos/asl/youtube/mp4/w4vAz6S6FhI.mp4
twine, https://media.signbsl.com/videos/asl/youtube/mp4/VtbniczJW80.mp4
twinge, https://media.signbsl.com/videos/asl/aslsearch/mp4/pinch.mp4
twinight, https://media.signbsl.com/videos/asl/youtube/mp4/pPWTjGQjv5E.mp4
twinkle, https://media.signbsl.com/videos/asl/youtube/mp4/lcqIJivJDNk.mp4
twinkleberry, https://media.signbsl.com/videos/asl/youtube/mp4/7C54MLK7LK8.mp4
twinned, https://media.signbsl.com/videos/asl/elementalaslconcepts/mp4/match.mp4
twins, https://media.signbsl.com/videos/asl/aslsignbank/mp4/TWINS-648.mp4
twirl, https://media.signbsl.com/videos/asl/youtube/mp4/TUim6m9y1ao.mp4
twirler, https://media.signbsl.com/videos/asl/aslsearch/mp4/pitcher.mp4
twirp, https://media.signbsl.com/videos/asl/youtube/mp4/cTZIdJf8kgA.mp4
twist, https://player.vimeo.com/external/392538869.sd.mp4?s=4ee02c80291a549577d04d5854b4653e1ad01e2a&profile_id=164
twist around, https://media.signbsl.com/videos/asl/youtube/mp4/7juBPWElnUE.mp4
twist body, https://media.signbsl.com/videos/asl/youtube/mp4/QW8DD3haSxA.mp4
twister, https://media.signbsl.com/videos/asl/startasl/mp4/tornado.mp4
twisting, https://media.signbsl.com/videos/asl/youtube/mp4/TUim6m9y1ao.mp4
twist the jar, https://media.signbsl.com/videos/asl/youtube/mp4/oO6moJV0wkI.mp4
twisty, https://media.signbsl.com/videos/asl/youtube/mp4/eydpOTs6nTE.mp4
twit, https://media.signbsl.com/videos/asl/youtube/mp4/cTZIdJf8kgA.mp4
twitch, https://media.signbsl.com/videos/asl/aslsearch/mp4/pinch.mp4
twitter, https://player.vimeo.com/external/392538904.sd.mp4?s=8e1a8cd4e762e1e644a203fd0f93e51361aa3410&profile_id=164
twitter bird, https://player.vimeo.com/external/392538940.sd.mp4?s=5da2e59287efc9b67f52daaa795168eb2e60d7ce&profile_id=164
two, https://media.signbsl.com/videos/asl/aslsignbank/mp4/TWO-1336.mp4
two-dimensional figure, https://media.signbsl.com/videos/asl/tsdvideo/mp4/206.mp4
two b, https://media.signbsl.com/videos/asl/signlanguagestudent/mp4/two-b.mp4
two bagger, https://media.signbsl.com/videos/asl/youtube/mp4/RpqiNDcqTE0.mp4
two base hit, https://media.signbsl.com/videos/asl/youtube/mp4/RpqiNDcqTE0.mp4
two baser, https://media.signbsl.com/videos/asl/youtube/mp4/RpqiNDcqTE0.mp4
two by two, https://media.signbsl.com/videos/asl/youtube/mp4/ITjqIgYlGt8.mp4
two cents, https://media.signbsl.com/videos/asl/youtube/mp4/TU91GRtU20A.mp4
two days, https://media.signbsl.com/videos/asl/aslsignbank/mp4/NUMBER-DAYS-2809.mp4
two days ago, https://media.signbsl.com/videos/asl/youtube/mp4/vrvGm0TI9Vw.mp4
two days later, https://media.signbsl.com/videos/asl/youtube/mp4/Jp5JZ3dKKMM.mp4
two dimensional, https://player.vimeo.com/external/392538979.sd.mp4?s=a6c30254b19a96684467afc6c0376e77af13d72a&profile_id=164
two dimensional figure, https://media.signbsl.com/videos/asl/tsdvideo/mp4/206.mp4
two dollars, https://media.signbsl.com/videos/asl/youtube/mp4/8xhI2nDX_38.mp4
two dollars and fifty cents, https://media.signbsl.com/videos/asl/mariekatzenbachschool/mp4/two%20dollars%20and%20fifty%20cents.mp4
two faced, https://player.vimeo.com/external/392539026.sd.mp4?s=cd8fe4e5cefac7e3ba61198d0556ba8fd965b2ad&profile_id=164
twofer, https://media.signbsl.com/videos/asl/youtube/mp4/08ijSrAigv0.mp4
twofold, https://media.signbsl.com/videos/asl/youtube/mp4/OerSwkHsiGA.mp4
two footed, https://media.signbsl.com/videos/asl/youtube/mp4/JixBxGlbLnc.mp4
two hours, https://media.signbsl.com/videos/asl/aslsearch/mp4/two-hours.mp4
two hundred, https://media.signbsl.com/videos/asl/aslsignbank/mp4/TWO-HUNDRED-2667.mp4
two hundred dollars, https://media.signbsl.com/videos/asl/mariekatzenbachschool/mp4/two%20hundred%20dollars.mp4
two in one, https://media.signbsl.com/videos/asl/youtube/mp4/RxT9sZ2Cz9E.mp4
two lane highway, https://media.signbsl.com/videos/asl/startasl/mp4/two-lane-highway.mp4
two million dollars, https://media.signbsl.com/videos/asl/mariekatzenbachschool/mp4/two%20million%20dollars.mp4
two minutes, https://media.signbsl.com/videos/asl/aslsearch/mp4/two-minutes.mp4
two months, https://media.signbsl.com/videos/asl/youtube/mp4/2ghjqa9kIjE.mp4
two oclock, https://media.signbsl.com/videos/asl/youtube/mp4/900i9liKmok.mp4
two of a kind, https://media.signbsl.com/videos/asl/youtube/mp4/cN94zer8G6s.mp4
two of them, https://media.signbsl.com/videos/asl/youtube/mp4/-OnSzbyNRtQ.mp4
two of three, https://player.vimeo.com/external/392872606.sd.mp4?s=f3c5f8d5619ca189a5f2b9dfed26bf95596e2736&profile_id=164
two of us, https://media.signbsl.com/videos/asl/youtube/mp4/obkJwUkkaw8.mp4
two on two, https://media.signbsl.com/videos/asl/youtube/mp4/W9zfwsyHdHc.mp4
two party, https://media.signbsl.com/videos/asl/youtube/mp4/R_Dryre5XFQ.mp4
two people looking at each other romantically, https://media.signbsl.com/videos/asl/youtube/mp4/yK0l5a0H_OY.mp4
two people together, https://media.signbsl.com/videos/asl/youtube/mp4/G-RsdxjCU-k.mp4
two people walk in circle, https://media.signbsl.com/videos/asl/youtube/mp4/Ysgz9CFfLKk.mp4
two people walking together, https://media.signbsl.com/videos/asl/youtube/mp4/DPO7hhjzVDY.mp4
two piece, https://player.vimeo.com/external/391201687.sd.mp4?s=49aedcd33c6d2c2b7feb2e1e275658221a6accc7&profile_id=164
two points, https://media.signbsl.com/videos/asl/youtube/mp4/2BDXHYp78OY.mp4
twoscore, https://media.signbsl.com/videos/asl/aslsignbank/mp4/FORTY-1497.mp4
twosome, https://player.vimeo.com/external/391993154.sd.mp4?s=f34720965e7fdf4f407458bdf671d78aa0354d6b&profile_id=164
twosplit phase, https://media.signbsl.com/videos/asl/AustinCommunityCollege/mp4/elec_2_phase_.mp4
two thousand dollars, https://media.signbsl.com/videos/asl/mariekatzenbachschool/mp4/two%20thousand%20dollars.mp4
two times, https://media.signbsl.com/videos/asl/youtube/mp4/OerSwkHsiGA.mp4
two times more than, https://media.signbsl.com/videos/asl/startasl/mp4/two-times-more-than.mp4
two way, https://media.signbsl.com/videos/asl/youtube/mp4/R_Dryre5XFQ.mp4
two weeks, https://media.signbsl.com/videos/asl/youtube/mp4/YTmZmIWCZts.mp4
two weeks ago, https://media.signbsl.com/videos/asl/youtube/mp4/pYvp2TaJPTg.mp4
two weeks later, https://media.signbsl.com/videos/asl/youtube/mp4/-BrcLsxVf7Q.mp4
two wheel drive, https://media.signbsl.com/videos/asl/AustinCommunityCollege/mp4/auto_2WD_.mp4
two years ago, https://media.signbsl.com/videos/asl/youtube/mp4/0Ro4Hxsqb8Y.mp4
two years later, https://media.signbsl.com/videos/asl/youtube/mp4/8NO-mAhBUP0.mp4
TX, https://media.signbsl.com/videos/asl/youtube/mp4/Kz7MQQ35XaE.mp4
tycoon, https://media.signbsl.com/videos/asl/youtube/mp4/0P74ZKdfZzM.mp4
tyke, https://media.signbsl.com/videos/asl/startasl/mp4/children.mp4
Tyler, https://media.signbsl.com/videos/asl/youtube/mp4/8ctTOHW6RZw.mp4
tympan, https://media.signbsl.com/videos/asl/startasl/mp4/drums.mp4
tympani, https://media.signbsl.com/videos/asl/youtube/mp4/Uibgy50cz70.mp4
tympanum, https://media.signbsl.com/videos/asl/youtube/mp4/Uibgy50cz70.mp4
type, https://media.signbsl.com/videos/asl/signlanguagestudent/mp4/type.mp4
typecast, https://media.signbsl.com/videos/asl/youtube/mp4/ij6Lu6_4OHk.mp4
type down, https://media.signbsl.com/videos/asl/youtube/mp4/xkWoZBmN6r0.mp4
typeface, https://player.vimeo.com/external/392129775.sd.mp4?s=6530a3e04004bfe9c61a2603afed28c14b59e06b&profile_id=164
type kind, https://player.vimeo.com/external/392541526.sd.mp4?s=765f1c8ac745b89ad700823aea96bfea214790d2&profile_id=164
typescript, https://media.signbsl.com/videos/asl/youtube/mp4/VkBqEM5tV5Q.mp4
typeset, https://media.signbsl.com/videos/asl/youtube/mp4/lEvLrRajPW0.mp4
typesetter, https://media.signbsl.com/videos/asl/youtube/mp4/zyz0xswSW14.mp4
type typing, https://media.signbsl.com/videos/asl/signlanguagestudent/mp4/type-typing.mp4
type write, https://player.vimeo.com/external/392541552.sd.mp4?s=744c5aaf2bca980ab0563af417256b04d4adea7d&profile_id=164
typewrite, https://player.vimeo.com/external/392541552.sd.mp4?s=744c5aaf2bca980ab0563af417256b04d4adea7d&profile_id=164
typewriter, https://media.signbsl.com/videos/asl/aslsearch/mp4/typewriter.mp4
typical, https://media.signbsl.com/videos/asl/youtube/mp4/GlT4cXttfjE.mp4
typify, https://media.signbsl.com/videos/asl/youtube/mp4/CN6SRlNnGlc.mp4
typist, https://media.signbsl.com/videos/asl/youtube/mp4/CUGMTqUY6fA.mp4
typo, https://media.signbsl.com/videos/asl/youtube/mp4/Yt7RGttQ8Yc.mp4
typographer, https://media.signbsl.com/videos/asl/youtube/mp4/zyz0xswSW14.mp4
typographical error, https://media.signbsl.com/videos/asl/youtube/mp4/Yt7RGttQ8Yc.mp4
typologies, https://media.signbsl.com/videos/asl/youtube/mp4/-iDNsHfpHYA.mp4
typology, https://media.signbsl.com/videos/asl/youtube/mp4/-iDNsHfpHYA.mp4
tyrannic, https://media.signbsl.com/videos/asl/youtube/mp4/I-_dubQnfyA.mp4
tyrannical, https://media.signbsl.com/videos/asl/youtube/mp4/I-_dubQnfyA.mp4
tyrannies, https://player.vimeo.com/external/392541606.sd.mp4?s=1b3a2da28dbc0126def9f3efaab34660701135c4&profile_id=164
tyranny, https://player.vimeo.com/external/392541606.sd.mp4?s=1b3a2da28dbc0126def9f3efaab34660701135c4&profile_id=164
tyrant, https://media.signbsl.com/videos/asl/youtube/mp4/g2_csX-dNFQ.mp4
tyre, https://media.signbsl.com/videos/asl/aslsearch/mp4/tire.mp4
tyro, https://media.signbsl.com/videos/asl/aslsearch/mp4/initiate.mp4
tzarina, https://media.signbsl.com/videos/asl/youtube/mp4/hNB4Mjk0dAw.mp4
