word, videoURL
F, https://media.signbsl.com/videos/asl/aslsignbank/mp4/LETTER-F-1671.mp4
fab, https://media.signbsl.com/videos/asl/youtube/mp4/bM61MPX_r_s.mp4
fable, https://media.signbsl.com/videos/asl/aslsearch/mp4/legend.mp4
fables, https://media.signbsl.com/videos/asl/aslsearch/mp4/legend.mp4
fabric, https://media.signbsl.com/videos/asl/startasl/mp4/fabric.mp4
fabricate, https://media.signbsl.com/videos/asl/youtube/mp4/oP59oBf56y0.mp4
fabrication, https://media.signbsl.com/videos/asl/aslsearch/mp4/assembly.mp4
fabricator, https://media.signbsl.com/videos/asl/youtube/mp4/WULvcf5_DDA.mp4
fabulous, https://media.signbsl.com/videos/asl/youtube/mp4/bM61MPX_r_s.mp4
facade, https://media.signbsl.com/videos/asl/youtube/mp4/ICy_gUcWORI.mp4
face, https://media.signbsl.com/videos/asl/tsdvideo/mp4/1018.mp4
facebook, https://player.vimeo.com/external/392123349.sd.mp4?s=16501d7235662f55e6b2407c64313554f925f40d&profile_id=164
facecloth, NA
face forward, https://media.signbsl.com/videos/asl/elementalaslconcepts/mp4/face_forward.mp4
face fungus, https://media.signbsl.com/videos/asl/startasl/mp4/beard.mp4
faceguard, NA
faceless, https://media.signbsl.com/videos/asl/youtube/mp4/IgRdz02_aMM.mp4
face lift, https://media.signbsl.com/videos/asl/youtube/mp4/JfYhU_ceK0o.mp4
facelift, https://media.signbsl.com/videos/asl/youtube/mp4/JfYhU_ceK0o.mp4
face lifting, https://media.signbsl.com/videos/asl/youtube/mp4/JfYhU_ceK0o.mp4
face like a bulldog chewing on a wasp, https://media.signbsl.com/videos/asl/youtube/mp4/F4hhx8gMmqg.mp4
face off, https://media.signbsl.com/videos/asl/aslsearch/mp4/encounter.mp4
face only a mother could love, https://media.signbsl.com/videos/asl/youtube/mp4/xkuvw8rxVxM.mp4
facepalm, https://player.vimeo.com/external/392123363.sd.mp4?s=d6d7126ad325d34336b409a4770082b890461c9a&profile_id=164
facet, https://player.vimeo.com/external/391171137.sd.mp4?s=f6b9887be3b62c7f5259bc8ba2fcc2e8f38d29bf&profile_id=164
facetime, https://player.vimeo.com/external/392123370.sd.mp4?s=2962aacc518fe3cd719bbab64c0683bd52399a4d&profile_id=164
facetious, https://media.signbsl.com/videos/asl/youtube/mp4/BJX1DCUlSi8.mp4
facia, https://media.signbsl.com/videos/asl/youtube/mp4/bn6c9ORV3EE.mp4
facial, https://media.signbsl.com/videos/asl/youtube/mp4/Yk6njC0P_jU.mp4
facial expression, https://media.signbsl.com/videos/asl/aslsignbank/mp4/FACIAL-EXPRESSION-1377.mp4
facial hair, https://media.signbsl.com/videos/asl/aslsignbank/mp4/MUSTACHE-3009.mp4
facile, https://player.vimeo.com/external/392009626.sd.mp4?s=757186da0cf93857349e587eb54d66d28e61db84&profile_id=164
facilitate, https://media.signbsl.com/videos/asl/aslsignbank/mp4/OPERATE-205.mp4
facilitator, https://media.signbsl.com/videos/asl/youtube/mp4/gtQUZKmVbo8.mp4
facilities, https://media.signbsl.com/videos/asl/youtube/mp4/KKoNAVUSV0k.mp4
facility, https://media.signbsl.com/videos/asl/youtube/mp4/KKoNAVUSV0k.mp4
facing, https://media.signbsl.com/videos/asl/youtube/mp4/WyrKEnDvn50.mp4
facsimile, https://player.vimeo.com/external/392125087.sd.mp4?s=91a051f81dc5a1054c42a6fc5a54eb01be2f266b&profile_id=164
facsimile machine, https://player.vimeo.com/external/392125087.sd.mp4?s=91a051f81dc5a1054c42a6fc5a54eb01be2f266b&profile_id=164
fact, https://media.signbsl.com/videos/asl/elementalaslconcepts/mp4/fact.mp4
fact family, https://media.signbsl.com/videos/asl/tsdvideo/mp4/280.mp4
faction, https://media.signbsl.com/videos/asl/valleybible/mp4/faction.mp4
factious, https://media.signbsl.com/videos/asl/youtube/mp4/iCbJ73OREkA.mp4
factor, https://media.signbsl.com/videos/asl/tsdvideo/mp4/223.mp4
factored form, https://media.signbsl.com/videos/asl/youtube/mp4/Os5w2DTACSM.mp4
factorial, https://media.signbsl.com/videos/asl/tsdvideo/mp4/1297.mp4
factories, https://media.signbsl.com/videos/asl/aslsearch/mp4/factory.mp4
factorise, https://media.signbsl.com/videos/asl/youtube/mp4/hrspImFEGNw.mp4
factorize, https://media.signbsl.com/videos/asl/youtube/mp4/hrspImFEGNw.mp4
factor pair, https://media.signbsl.com/videos/asl/elementalaslconcepts/mp4/factor_pairs.mp4
factors, https://media.signbsl.com/videos/asl/tsdvideo/mp4/223.mp4
factory, https://media.signbsl.com/videos/asl/aslsearch/mp4/factory.mp4
factory farm, https://media.signbsl.com/videos/asl/aslsignbank/mp4/FARM-128.mp4
factotum, https://media.signbsl.com/videos/asl/youtube/mp4/qbuhdAZEFzs.mp4
facts, https://media.signbsl.com/videos/asl/elementalaslconcepts/mp4/fact.mp4
facultative, https://media.signbsl.com/videos/asl/youtube/mp4/HhMoGhCUWno.mp4
faculties, https://media.signbsl.com/videos/asl/youtube/mp4/5zQwo76RWPw.mp4
faculty, https://media.signbsl.com/videos/asl/youtube/mp4/5zQwo76RWPw.mp4
fad, https://player.vimeo.com/external/392123445.sd.mp4?s=e995934f3b5de543f57d9b31314b8f802962f15d&profile_id=164
fade, https://player.vimeo.com/external/392123473.sd.mp4?s=b7c6e3369890cc62be27f95d7bc0a1493a475617&profile_id=164
fade away, https://player.vimeo.com/external/392123462.sd.mp4?s=0365d488188b60966b9632c556772f6aa25e2f7d&profile_id=164
fadeless, https://media.signbsl.com/videos/asl/youtube/mp4/IOXw7YsJGWc.mp4
fade out, https://player.vimeo.com/external/392123462.sd.mp4?s=0365d488188b60966b9632c556772f6aa25e2f7d&profile_id=164
fading quickly, https://media.signbsl.com/videos/asl/youtube/mp4/AoU15x8TDmM.mp4
faerie, https://media.signbsl.com/videos/asl/youtube/mp4/npbm43CeWqM.mp4
Faeroe Islands, https://media.signbsl.com/videos/asl/youtube/mp4/02A4Nhpgtjk.mp4
Faeroes, https://media.signbsl.com/videos/asl/youtube/mp4/02A4Nhpgtjk.mp4
faery, https://media.signbsl.com/videos/asl/youtube/mp4/npbm43CeWqM.mp4
faff, https://media.signbsl.com/videos/asl/youtube/mp4/XIrkKeOS9uw.mp4
fag, https://media.signbsl.com/videos/asl/aslsignbank/mp4/CIGARETTE-2522.mp4
fagged, https://media.signbsl.com/videos/asl/aslsignbank/mp4/WORN-OUT-1461.mp4
faggot, https://media.signbsl.com/videos/asl/youtube/mp4/7NTRs-QzIT8.mp4
fagot, https://media.signbsl.com/videos/asl/youtube/mp4/7NTRs-QzIT8.mp4
fag out, https://media.signbsl.com/videos/asl/youtube/mp4/gMJdTeTsY3Q.mp4
Fahrenheit, https://media.signbsl.com/videos/asl/tsdvideo/mp4/129.mp4
fail, https://media.signbsl.com/videos/asl/aslsignbank/mp4/BREAK-420.mp4
fain, https://media.signbsl.com/videos/asl/youtube/mp4/avNylkR_TXo.mp4
faineant, https://player.vimeo.com/external/392199499.sd.mp4?s=a0af72b8a62bc40793656539a344e4d71fa6b697&profile_id=164
faint, https://media.signbsl.com/videos/asl/aslsearch/mp4/vague.mp4
fainter, https://media.signbsl.com/videos/asl/youtube/mp4/M1PaNNE2S64.mp4
fair, https://media.signbsl.com/videos/asl/youtube/mp4/G2ZjfXe57N0.mp4
fair and square, https://media.signbsl.com/videos/asl/youtube/mp4/SDDqfCNJJFI.mp4
fair for all, https://media.signbsl.com/videos/asl/youtube/mp4/gvTns0IJSOo.mp4
fair game, https://media.signbsl.com/videos/asl/elementalaslconcepts/mp4/prey.mp4
fairish, https://media.signbsl.com/videos/asl/youtube/mp4/HsRqrDy3UlY.mp4
fairly, https://media.signbsl.com/videos/asl/youtube/mp4/G2ZjfXe57N0.mp4
fairness, https://media.signbsl.com/videos/asl/youtube/mp4/I5ox7HypFNc.mp4
fairway, https://media.signbsl.com/videos/asl/youtube/mp4/zOOEreqpJEU.mp4
fair weather, https://player.vimeo.com/external/392673529.sd.mp4?s=30c157786457baf5292a7a09dd783d87b100b76d&profile_id=164
fairy, https://media.signbsl.com/videos/asl/youtube/mp4/npbm43CeWqM.mp4
fairyland, https://media.signbsl.com/videos/asl/youtube/mp4/DVOcH3oUXhk.mp4
fairy story, https://media.signbsl.com/videos/asl/elementalaslconcepts/mp4/fairytale.mp4
fairytale, https://media.signbsl.com/videos/asl/elementalaslconcepts/mp4/fairytale.mp4
fairy tale, https://media.signbsl.com/videos/asl/elementalaslconcepts/mp4/fairytale.mp4
faith, https://media.signbsl.com/videos/asl/startasl/mp4/religion.mp4
faithful, https://media.signbsl.com/videos/asl/ids/mp4/2013-11-1600-faithful-1500k-ase.mp4
faithless, https://media.signbsl.com/videos/asl/youtube/mp4/JcsF_PePvhQ.mp4
fake, https://media.signbsl.com/videos/asl/aslsearch/mp4/fake.mp4
fake canadian variant, https://player.vimeo.com/external/391207683.sd.mp4?s=65aab9a7dac146b05fe302d2a0b81d0dc25be870&profile_id=164
faker, https://media.signbsl.com/videos/asl/youtube/mp4/eJelWC5cGbA.mp4
falcon, https://media.signbsl.com/videos/asl/youtube/mp4/_udgynhUeUw.mp4
falconer, https://media.signbsl.com/videos/asl/youtube/mp4/O6ASwEk_Xbk.mp4
fall, https://media.signbsl.com/videos/asl/startasl/mp4/fall-down.mp4
fallacies, https://media.signbsl.com/videos/asl/philosophy/mp4/Fallacy-HD.mp4
fallacious, https://media.signbsl.com/videos/asl/youtube/mp4/kP6DdLgEpPQ.mp4
fallacy, https://media.signbsl.com/videos/asl/philosophy/mp4/Fallacy-HD.mp4
fallal, https://media.signbsl.com/videos/asl/youtube/mp4/8c3y_SC0J4Y.mp4
fall apart, https://media.signbsl.com/videos/asl/aslsearch/mp4/break4.mp4
fall asleep, https://media.signbsl.com/videos/asl/youtube/mp4/6T2tA6p8D3A.mp4
fall back, https://player.vimeo.com/external/391916915.sd.mp4?s=c30aafb34ee9b2e8aede10e2c4f5b01f70c18940&profile_id=164
fall back daylight saving time, https://player.vimeo.com/external/392123866.sd.mp4?s=9b4a9b33dea6c84da36be7635216c112289ace19&profile_id=164
fall behind, https://player.vimeo.com/external/391916915.sd.mp4?s=c30aafb34ee9b2e8aede10e2c4f5b01f70c18940&profile_id=164
fall by the wayside, https://media.signbsl.com/videos/asl/aslsignbank/mp4/QUIT-786.mp4
fall down, https://media.signbsl.com/videos/asl/startasl/mp4/fall-down.mp4
fallen, https://media.signbsl.com/videos/asl/youtube/mp4/TlovRwfkPs0.mp4
fallen angel, https://media.signbsl.com/videos/asl/youtube/mp4/nne_xHx08XU.mp4
fall for, https://player.vimeo.com/external/392123962.sd.mp4?s=d12a0c8fb22bc4c824a2083bc0cee668bb1e32a4&profile_id=164
fall guy, https://media.signbsl.com/videos/asl/youtube/mp4/sq_WJH8Guds.mp4
fallibility, https://media.signbsl.com/videos/asl/youtube/mp4/iC3Cv6ItkPY.mp4
fall in, https://media.signbsl.com/videos/asl/aslsignbank/mp4/JOIN-1705.mp4
falling, https://media.signbsl.com/videos/asl/youtube/mp4/HtVbG6RQJcs.mp4
fall in love, https://media.signbsl.com/videos/asl/startasl/mp4/fall-in-love.mp4
Fall of Adam, https://media.signbsl.com/videos/asl/ids/mp4/2013-11-1610-fall-of-adam-1500k-ase.mp4
fall off, https://player.vimeo.com/external/392124029.sd.mp4?s=ec84f816748b2c72df8c18ff94abcffa0a578d34&profile_id=164
fall on deaf ears, https://player.vimeo.com/external/392124072.sd.mp4?s=b73cdd8b080193ec2a9444262ad40a894ad0264e&profile_id=164
Fallopian tube, https://media.signbsl.com/videos/asl/youtube/mp4/oGaODea9gck.mp4
fall out, https://media.signbsl.com/videos/asl/aslsearch/mp4/happen.mp4
fallout, https://media.signbsl.com/videos/asl/aslsearch/mp4/happen.mp4
fallow, https://media.signbsl.com/videos/asl/youtube/mp4/j497OZxAHcg.mp4
falls, https://media.signbsl.com/videos/asl/aslsearch/mp4/waterfall.mp4
fall silent, https://player.vimeo.com/external/392124121.sd.mp4?s=5a3e52a9668499686413dda1383dfb5d95f24e8b&profile_id=164
fall to the side, https://media.signbsl.com/videos/asl/youtube/mp4/uS6pDPOTxUg.mp4
fall upon, https://player.vimeo.com/external/391392432.sd.mp4?s=12cac95d74867a4427afd9416f866395320fa9f9&profile_id=164
false, https://media.signbsl.com/videos/asl/aslsignbank/mp4/LIE-847.mp4
false alarm, https://player.vimeo.com/external/392124142.sd.mp4?s=95272cc8680d5bf911203b49874a1eba220cc258&profile_id=164
false belief, https://media.signbsl.com/videos/asl/philosophy/mp4/Fallacy-HD.mp4
false hair, https://media.signbsl.com/videos/asl/youtube/mp4/LROR32A9sV8.mp4
falsehood, https://media.signbsl.com/videos/asl/youtube/mp4/v_vn_xhuJec.mp4
false name, https://media.signbsl.com/videos/asl/youtube/mp4/ctVMJXA1xAg.mp4
false statement, https://media.signbsl.com/videos/asl/youtube/mp4/v_vn_xhuJec.mp4
false teacher, https://media.signbsl.com/videos/asl/valleybible/mp4/false%20teacher.mp4
falsetto, https://media.signbsl.com/videos/asl/youtube/mp4/o1oz9abyOtc.mp4
false witness, https://media.signbsl.com/videos/asl/youtube/mp4/NS2xm9Zuebc.mp4
falsification, https://media.signbsl.com/videos/asl/youtube/mp4/fNUAFHuVCN4.mp4
falsify, https://media.signbsl.com/videos/asl/youtube/mp4/zxxGNhIjZ6U.mp4
falsifying, https://media.signbsl.com/videos/asl/youtube/mp4/fNUAFHuVCN4.mp4
falsity, https://media.signbsl.com/videos/asl/youtube/mp4/v_vn_xhuJec.mp4
falter, https://media.signbsl.com/videos/asl/valleybible/mp4/stumble.mp4
falteringly, https://media.signbsl.com/videos/asl/youtube/mp4/BOAPEtxJWDY.mp4
fame, https://media.signbsl.com/videos/asl/aslsignbank/mp4/FAMOUS-1380.mp4
famed, https://media.signbsl.com/videos/asl/startasl/mp4/famous.mp4
familial, https://media.signbsl.com/videos/asl/deaftec/mp4/1383.mp4
familiar, https://player.vimeo.com/external/392766667.sd.mp4?s=6799ecd7b4d0bace843f931b355db4e661d54eaf&profile_id=164
familiarise, https://player.vimeo.com/external/391146187.sd.mp4?s=b01e700e32577fed3dbcb8a1ae25ae079c9d1629&profile_id=164
familiarity, https://player.vimeo.com/external/391146197.sd.mp4?s=758eb2409339a5fdcbed0e2802f07147580d8c01&profile_id=164
familiarize, https://player.vimeo.com/external/391146187.sd.mp4?s=b01e700e32577fed3dbcb8a1ae25ae079c9d1629&profile_id=164
family, https://media.signbsl.com/videos/asl/startasl/mp4/family.mp4
family affair, https://media.signbsl.com/videos/asl/youtube/mp4/nuBykFN71qM.mp4
family dynamics, https://player.vimeo.com/external/392124178.sd.mp4?s=dbb650ffa56e67d3a3f4fdc2683e3912d6025ab3&profile_id=164
family history, https://media.signbsl.com/videos/asl/ids/mp4/2013-11-1620-family-history-1500k-ase.mp4
Family History Consultant, https://media.signbsl.com/videos/asl/ids/mp4/2013-11-1630-family-history-consultant-1500k-ase.mp4
Family Home Evening, https://media.signbsl.com/videos/asl/ids/mp4/2013-11-1640-family-home-evening-1500k-ase.mp4
family name, https://media.signbsl.com/videos/asl/youtube/mp4/3uim_eaSkmI.mp4
family relationship, https://media.signbsl.com/videos/asl/youtube/mp4/WLSPGkuKy_g.mp4
family room, https://media.signbsl.com/videos/asl/startasl/mp4/family-room.mp4
family tree, https://media.signbsl.com/videos/asl/valleybible/mp4/geneology.mp4
family unit, https://media.signbsl.com/videos/asl/startasl/mp4/family.mp4
famine, https://media.signbsl.com/videos/asl/signlanguagestudent/mp4/famine.mp4
famish, https://media.signbsl.com/videos/asl/aslsearch/mp4/starve.mp4
famished, https://player.vimeo.com/external/392124259.sd.mp4?s=8941444da32728bdaad314f33eb69a53294b7f4f&profile_id=164
famous, https://media.signbsl.com/videos/asl/startasl/mp4/famous.mp4
fan, https://media.signbsl.com/videos/asl/youtube/mp4/pB4dqt7fkag.mp4
fanatic, https://media.signbsl.com/videos/asl/youtube/mp4/3kAYoYjhsC4.mp4
fanatical, https://media.signbsl.com/videos/asl/youtube/mp4/3kAYoYjhsC4.mp4
fancier, https://media.signbsl.com/videos/asl/youtube/mp4/-G7yRFG2vxc.mp4
fanciful, https://media.signbsl.com/videos/asl/youtube/mp4/kYtC-X1miNk.mp4
fancily, https://media.signbsl.com/videos/asl/youtube/mp4/zW1FMfoK4nw.mp4
fancy, https://media.signbsl.com/videos/asl/youtube/mp4/rHFTrhCiam4.mp4
fancy clothes, https://player.vimeo.com/external/392675665.sd.mp4?s=92986fa111c35415340b906b1847320fa581f544&profile_id=164
fancy dress, NA
fancy man, https://media.signbsl.com/videos/asl/youtube/mp4/mCQNDCGpKj4.mp4
fancy up, https://media.signbsl.com/videos/asl/aslsearch/mp4/dress-up.mp4
fancy woman, https://media.signbsl.com/videos/asl/aslsearch/mp4/whore.mp4
fanny, https://media.signbsl.com/videos/asl/youtube/mp4/k4acAbNtqrg.mp4
fan out, https://media.signbsl.com/videos/asl/aslsearch/mp4/circulate.mp4
fantabulous, https://media.signbsl.com/videos/asl/aslsearch/mp4/excellent.mp4
fantan, https://media.signbsl.com/videos/asl/elementalaslconcepts/mp4/parliament.mp4
fantasia, https://media.signbsl.com/videos/asl/youtube/mp4/8F03VBg-9c4.mp4
fantasise, https://media.signbsl.com/videos/asl/elementalaslconcepts/mp4/fantasy.mp4
fantasize, https://media.signbsl.com/videos/asl/elementalaslconcepts/mp4/fantasy.mp4
fantastic, https://media.signbsl.com/videos/asl/startasl/mp4/wonderful.mp4
fantastical, https://media.signbsl.com/videos/asl/youtube/mp4/ei0xNn5SsMk.mp4
fantasy, https://media.signbsl.com/videos/asl/aslsignbank/mp4/FANTASY-1383.mp4
fantasy world, https://media.signbsl.com/videos/asl/youtube/mp4/DVOcH3oUXhk.mp4
far, https://media.signbsl.com/videos/asl/startasl/mp4/far.mp4
farce, https://media.signbsl.com/videos/asl/youtube/mp4/FjwePdfwvZk.mp4
farce comedy, https://media.signbsl.com/videos/asl/youtube/mp4/FjwePdfwvZk.mp4
fare, https://media.signbsl.com/videos/asl/aslsignbank/mp4/DO-DO-440.mp4
fare as well as, https://media.signbsl.com/videos/asl/youtube/mp4/_yXfBZTXQag.mp4
farewell, https://player.vimeo.com/external/392124493.sd.mp4?s=158584b21fc9ecc872dfba6cff70b1fc915dbfec&profile_id=164
far famed, https://media.signbsl.com/videos/asl/startasl/mp4/famous.mp4
farinaceous, https://media.signbsl.com/videos/asl/youtube/mp4/6pjpym0O8NQ.mp4
farm, https://media.signbsl.com/videos/asl/startasl/mp4/farm.mp4
farm animal, https://media.signbsl.com/videos/asl/youtube/mp4/YHU1nLn_vBg.mp4
farmer, https://media.signbsl.com/videos/asl/aslsearch/mp4/farmer.mp4
farmers calendar, https://media.signbsl.com/videos/asl/youtube/mp4/vGV0FF8Mpxk.mp4
farmhand, https://media.signbsl.com/videos/asl/youtube/mp4/j8y_qvkTQt0.mp4
farming, https://player.vimeo.com/external/392188728.sd.mp4?s=5f81c1f70eab8bf04b3c4a1c7992ca47ab8255b4&profile_id=164
farming area, https://player.vimeo.com/external/392124730.sd.mp4?s=02724a93cb7f6f4c2a75eca4bfe0f34721f569da&profile_id=164
farmland, https://player.vimeo.com/external/392124730.sd.mp4?s=02724a93cb7f6f4c2a75eca4bfe0f34721f569da&profile_id=164
farm out, https://media.signbsl.com/videos/asl/youtube/mp4/TX91TD2Fo1s.mp4
farm place, https://media.signbsl.com/videos/asl/youtube/mp4/0OqMHtvF3L4.mp4
farmplace, https://media.signbsl.com/videos/asl/youtube/mp4/0OqMHtvF3L4.mp4
farmstead, https://media.signbsl.com/videos/asl/youtube/mp4/0OqMHtvF3L4.mp4
farm worker, https://media.signbsl.com/videos/asl/youtube/mp4/j8y_qvkTQt0.mp4
farmyard, https://media.signbsl.com/videos/asl/youtube/mp4/lzNGvhx3RF4.mp4
Faroe Islands, https://media.signbsl.com/videos/asl/youtube/mp4/02A4Nhpgtjk.mp4
Faroes, https://media.signbsl.com/videos/asl/youtube/mp4/02A4Nhpgtjk.mp4
far out, https://player.vimeo.com/external/392124411.sd.mp4?s=8b9eff34048f8d02ef718169b34091503de1e665&profile_id=164
farrago, https://media.signbsl.com/videos/asl/youtube/mp4/vB4ehCbk3B8.mp4
farrier, https://media.signbsl.com/videos/asl/youtube/mp4/XEkpvBuvQ2o.mp4
farseeing, https://media.signbsl.com/videos/asl/youtube/mp4/8OZCLNPqppQ.mp4
farsighted, https://media.signbsl.com/videos/asl/youtube/mp4/8OZCLNPqppQ.mp4
fart, https://media.signbsl.com/videos/asl/aslsearch/mp4/fart.mp4
farther, https://media.signbsl.com/videos/asl/signlanguagestudent/mp4/further.mp4
farthermost, https://media.signbsl.com/videos/asl/youtube/mp4/0bxbLpLBEx4.mp4
farthest, https://media.signbsl.com/videos/asl/youtube/mp4/0bxbLpLBEx4.mp4
fascia, https://media.signbsl.com/videos/asl/youtube/mp4/bn6c9ORV3EE.mp4
fascinate, https://media.signbsl.com/videos/asl/aslsearch/mp4/fascinate.mp4
fascinated, https://media.signbsl.com/videos/asl/youtube/mp4/5LGeXnxKp2E.mp4
fascinating, https://player.vimeo.com/external/391389424.sd.mp4?s=d75903ec7ae5f913693077dd68599f8326bc0f6b&profile_id=164
fascism, https://media.signbsl.com/videos/asl/youtube/mp4/oZpts20OkyI.mp4
fashion, https://media.signbsl.com/videos/asl/tsdvideo/mp4/240.mp4
fashionable, https://player.vimeo.com/external/392124801.sd.mp4?s=bca2f674fdf3c6fcbdb99983463915bb2a2aa3ee&profile_id=164
fashionably late, https://media.signbsl.com/videos/asl/youtube/mp4/dDEbbhlu9m4.mp4
fashion designer, https://media.signbsl.com/videos/asl/youtube/mp4/RtZKhp5BqrA.mp4
fashionista, https://media.signbsl.com/videos/asl/youtube/mp4/7OZqQvT43XQ.mp4
fashion model, NA
fashion plate, https://media.signbsl.com/videos/asl/youtube/mp4/_BkdL-AhgsA.mp4
fashion show, https://player.vimeo.com/external/392675747.sd.mp4?s=20f02c755288cbcd6b882294751545b558fa65d6&profile_id=164
fast, https://media.signbsl.com/videos/asl/startasl/mp4/fast.mp4
Fast and Testimony Meeting, https://media.signbsl.com/videos/asl/ids/mp4/2013-11-1660-fast-and-testimony-meeting-1500k-ase.mp4
fastball, https://media.signbsl.com/videos/asl/youtube/mp4/PAfIiWL5ozI.mp4
fasten, https://player.vimeo.com/external/392124852.sd.mp4?s=f0509afc27b82084832b9a97163cdd80ee4b6a5a&profile_id=164
fastened up, https://media.signbsl.com/videos/asl/youtube/mp4/xf2N_e6xOjM.mp4
faster, https://media.signbsl.com/videos/asl/aslsearch/mp4/faster.mp4
fast food, https://player.vimeo.com/external/392124814.sd.mp4?s=d5bf93ac7e245b2c126979d33e0ebc2e83de6e7a&profile_id=164
fast forward, https://media.signbsl.com/videos/asl/youtube/mp4/ou4qwHlmG3U.mp4
fastidious, https://player.vimeo.com/external/392124864.sd.mp4?s=4c9e4bebb88b7b30d32bc1c2bd069b5c22b2cc62&profile_id=164
fasting, https://media.signbsl.com/videos/asl/signlanguagestudent/mp4/fast%20(without%20food).mp4
Fasting Fast, https://media.signbsl.com/videos/asl/ids/mp4/2013-11-1650-fasting-fast-1500k-ase.mp4
fastness, https://media.signbsl.com/videos/asl/youtube/mp4/Kxm08bY_i8k.mp4
Fast Offering, https://media.signbsl.com/videos/asl/ids/mp4/2013-11-1670-fast-offering-1500k-ase.mp4
fast one, https://media.signbsl.com/videos/asl/aslsearch/mp4/trick.mp4
fast scrolling credits, https://media.signbsl.com/videos/asl/youtube/mp4/XQy1ChxDvk0.mp4
Fast Sunday, https://media.signbsl.com/videos/asl/ids/mp4/2013-11-1680-fast-sunday-1500k-ase.mp4
fat, https://media.signbsl.com/videos/asl/startasl/mp4/fat-2.mp4
fatal, https://media.signbsl.com/videos/asl/youtube/mp4/bgcjOafupx4.mp4
fatalism, https://media.signbsl.com/videos/asl/philosophy/mp4/Fatalism-HD.mp4
fatalist, https://media.signbsl.com/videos/asl/youtube/mp4/E2jFWjNHt5g.mp4
fatality rate, https://media.signbsl.com/videos/asl/signlanguagestudent/mp4/mortality.mp4
fat chance, https://media.signbsl.com/videos/asl/youtube/mp4/gYwGzxhf268.mp4
fate, https://media.signbsl.com/videos/asl/aslsearch/mp4/luck.mp4
fateful, https://media.signbsl.com/videos/asl/youtube/mp4/1O-JUN5nPnI.mp4
fat free, https://media.signbsl.com/videos/asl/youtube/mp4/uWCwQqes5u0.mp4
fathead, https://media.signbsl.com/videos/asl/youtube/mp4/0hiZOlDJB4U.mp4
father, https://media.signbsl.com/videos/asl/startasl/mp4/father.mp4
father-in-law, https://media.signbsl.com/videos/asl/aslsearch/mp4/father-in-law.mp4
Father Christmas, https://media.signbsl.com/videos/asl/youtube/mp4/tp4AGGQymJ4.mp4
father figure, https://player.vimeo.com/external/392124917.sd.mp4?s=54f656bf17e8f11324901f9e6e9b044950d1a4ec&profile_id=164
fatherhood, https://media.signbsl.com/videos/asl/youtube/mp4/Vw-jYfaphZQ.mp4
Father in Heaven, https://media.signbsl.com/videos/asl/signlanguagestudent/mp4/Father%20in%20Heaven.mp4
father in law, https://media.signbsl.com/videos/asl/aslsearch/mp4/father-in-law.mp4
fatherland, https://media.signbsl.com/videos/asl/youtube/mp4/scR5fPQlI8c.mp4
fatherless, https://media.signbsl.com/videos/asl/youtube/mp4/GOq_mxnKw9A.mp4
fatherlike, https://media.signbsl.com/videos/asl/youtube/mp4/FmSmZdMsF8o.mp4
fatherly, https://media.signbsl.com/videos/asl/youtube/mp4/FmSmZdMsF8o.mp4
Fathers Day, https://player.vimeo.com/external/392124977.sd.mp4?s=68ff5667d0f6915c79e73c8b3b2539365e9cd5f0&profile_id=164
father surrogate, https://player.vimeo.com/external/392124917.sd.mp4?s=54f656bf17e8f11324901f9e6e9b044950d1a4ec&profile_id=164
fathom, https://media.signbsl.com/videos/asl/youtube/mp4/MP4Zj2fa8WE.mp4
fathomless, https://media.signbsl.com/videos/asl/youtube/mp4/Ek0c9UUmitw.mp4
fatigue, https://media.signbsl.com/videos/asl/youtube/mp4/E8O_U4akqoY.mp4
fatigued, https://media.signbsl.com/videos/asl/aslsignbank/mp4/WORN-OUT-1461.mp4
fatless, https://media.signbsl.com/videos/asl/youtube/mp4/uWCwQqes5u0.mp4
fatness, https://media.signbsl.com/videos/asl/startasl/mp4/fat-2.mp4
fat person, https://player.vimeo.com/external/392124987.sd.mp4?s=468c6d3b110b6fce9a4d411750f6ce1a32c5ac46&profile_id=164
fatso, https://player.vimeo.com/external/392124987.sd.mp4?s=468c6d3b110b6fce9a4d411750f6ce1a32c5ac46&profile_id=164
fatten, https://media.signbsl.com/videos/asl/youtube/mp4/3oTDu-9foYg.mp4
fatten out, https://media.signbsl.com/videos/asl/youtube/mp4/3oTDu-9foYg.mp4
fatten up, https://media.signbsl.com/videos/asl/youtube/mp4/3oTDu-9foYg.mp4
fatter and fatter, https://media.signbsl.com/videos/asl/youtube/mp4/idvFmWN_B10.mp4
fattier, https://media.signbsl.com/videos/asl/youtube/mp4/HJMZnf6p1GI.mp4
Fat Tuesday, https://player.vimeo.com/external/392287248.sd.mp4?s=410e2e4aa33807dec149f249d2210633356565f9&profile_id=164
fatty, https://player.vimeo.com/external/392124987.sd.mp4?s=468c6d3b110b6fce9a4d411750f6ce1a32c5ac46&profile_id=164
faucet, https://media.signbsl.com/videos/asl/aslsignbank/mp4/FAUCET-2913.mp4
faucial tonsil, https://media.signbsl.com/videos/asl/youtube/mp4/UIKWPQoe2i0.mp4
fault, https://media.signbsl.com/videos/asl/aslsignbank/mp4/FAULT-2914.mp4
fault block mountains, https://media.signbsl.com/videos/asl/youtube/mp4/cMB70OW2WU0.mp4
faultfinder, https://media.signbsl.com/videos/asl/youtube/mp4/eOZYqwUzGOM.mp4
faultless, https://player.vimeo.com/external/392194865.sd.mp4?s=47cceba5152a414237d4650ce3f199c65090979c&profile_id=164
fauna, https://media.signbsl.com/videos/asl/startasl/mp4/animal.mp4
faux pas, https://player.vimeo.com/external/392141576.sd.mp4?s=12f7615ba75b5fc87d8d478645cbce6a46cc7dd2&profile_id=164
fave, https://media.signbsl.com/videos/asl/youtube/mp4/431iCAD3jTc.mp4
favor, https://player.vimeo.com/external/392125028.sd.mp4?s=d32fa399d3a7fde85902ec14b1fe88f5c5f751ee&profile_id=164
favorable, https://media.signbsl.com/videos/asl/youtube/mp4/ffooCBHd8pk.mp4
favored, https://media.signbsl.com/videos/asl/aslsignbank/mp4/FAVORITE-225.mp4
favorism, https://player.vimeo.com/external/392125060.sd.mp4?s=e05d95d6e434fc995a5021a835229f05b77cc9b6&profile_id=164
favorite, https://media.signbsl.com/videos/asl/aslsignbank/mp4/FAVORITE-225.mp4
favorite minnesota variation, https://media.signbsl.com/videos/asl/youtube/mp4/z_9jV769IbE.mp4
favoritism, https://media.signbsl.com/videos/asl/valleybible/mp4/favouritism.mp4
favour, https://player.vimeo.com/external/392125028.sd.mp4?s=d32fa399d3a7fde85902ec14b1fe88f5c5f751ee&profile_id=164
favourable, https://media.signbsl.com/videos/asl/youtube/mp4/Hd1DmNL4t-0.mp4
favourite, https://media.signbsl.com/videos/asl/aslsignbank/mp4/FAVORITE-225.mp4
favouritism, https://media.signbsl.com/videos/asl/valleybible/mp4/favouritism.mp4
fawn, https://media.signbsl.com/videos/asl/youtube/mp4/w--LRlgqfwY.mp4
fawner, https://media.signbsl.com/videos/asl/youtube/mp4/OjTJrqMm3Nw.mp4
fax, https://player.vimeo.com/external/392125087.sd.mp4?s=91a051f81dc5a1054c42a6fc5a54eb01be2f266b&profile_id=164
fax machine, https://media.signbsl.com/videos/asl/mariekatzenbachschool/mp4/fax%20machine.mp4
faze, https://media.signbsl.com/videos/asl/youtube/mp4/jBFKBXVGoU0.mp4
fazed, https://media.signbsl.com/videos/asl/aslsignbank/mp4/OVERWHELM-1524.mp4
Fe, https://media.signbsl.com/videos/asl/startasl/mp4/iron.mp4
fear, https://media.signbsl.com/videos/asl/valleybible/mp4/fear.mp4
fearful, https://media.signbsl.com/videos/asl/startasl/mp4/awful.mp4
fearfulness, https://media.signbsl.com/videos/asl/valleybible/mp4/fear.mp4
fearless, https://media.signbsl.com/videos/asl/aslsignbank/mp4/STRONG-1132.mp4
fear of god, https://media.signbsl.com/videos/asl/valleybible/mp4/fear%20of%20god.mp4
Fear of the Lord, https://media.signbsl.com/videos/asl/handsofgrace/mp4/AlHortTc2v0.mp4
fearsome, https://media.signbsl.com/videos/asl/startasl/mp4/awful.mp4
feasibility, https://media.signbsl.com/videos/asl/youtube/mp4/oB-rIw5l0NE.mp4
feasibleness, https://media.signbsl.com/videos/asl/youtube/mp4/oB-rIw5l0NE.mp4
feast, https://media.signbsl.com/videos/asl/aslsearch/mp4/banquet.mp4
Feast of Dedication, https://media.signbsl.com/videos/asl/startasl/mp4/hannukah.mp4
Feast of Lights, https://media.signbsl.com/videos/asl/startasl/mp4/hannukah.mp4
Feast of the Dedication, https://media.signbsl.com/videos/asl/startasl/mp4/hannukah.mp4
Feast of the Unleavened Bread, https://media.signbsl.com/videos/asl/aslsearch/mp4/cracker.mp4
feat, https://media.signbsl.com/videos/asl/youtube/mp4/lu9vYA05vOA.mp4
feather, https://media.signbsl.com/videos/asl/aslsignbank/mp4/LEAF-1685.mp4
feather bed, https://player.vimeo.com/external/391390882.sd.mp4?s=91d08175bafe0a828a342483af08724100380440&profile_id=164
featherbed, https://player.vimeo.com/external/391390882.sd.mp4?s=91d08175bafe0a828a342483af08724100380440&profile_id=164
featherbrained, https://media.signbsl.com/videos/asl/youtube/mp4/euXTA2TStZ0.mp4
featheriness, https://media.signbsl.com/videos/asl/youtube/mp4/Qvrkj7wDqE0.mp4
featherless, https://media.signbsl.com/videos/asl/youtube/mp4/3Qp8Icn92ek.mp4
feathers, https://media.signbsl.com/videos/asl/aslsignbank/mp4/LEAF-1685.mp4
featherweight, https://media.signbsl.com/videos/asl/youtube/mp4/1Etc7O2gTWM.mp4
feature, https://media.signbsl.com/videos/asl/aslsearch/mp4/characteristics.mp4
Feb, https://player.vimeo.com/external/392125130.sd.mp4?s=b0db5e519b582fa98e76f30215c7fb7f47c3216e&profile_id=164
februaries, https://player.vimeo.com/external/392125130.sd.mp4?s=b0db5e519b582fa98e76f30215c7fb7f47c3216e&profile_id=164
February, https://player.vimeo.com/external/392125130.sd.mp4?s=b0db5e519b582fa98e76f30215c7fb7f47c3216e&profile_id=164
February 2, https://player.vimeo.com/external/392679917.sd.mp4?s=9868330eb469533c6c97ef59cda52cf2a10f982d&profile_id=164
February 14, https://media.signbsl.com/videos/asl/startasl/mp4/valentines-day.mp4
february 14th, https://media.signbsl.com/videos/asl/mariekatzenbachschool/mp4/February%2014th.mp4
feckless, https://media.signbsl.com/videos/asl/youtube/mp4/WQ_BY3iuXsU.mp4
fecund, https://media.signbsl.com/videos/asl/youtube/mp4/fOxGJf0Hzto.mp4
fecundate, https://player.vimeo.com/external/392210159.sd.mp4?s=171a7b661d62b79cdfa3413a4c6fbf54ca558a99&profile_id=164
Fed, https://media.signbsl.com/videos/asl/youtube/mp4/WRybIMTaA_A.mp4
federal, https://media.signbsl.com/videos/asl/aslsearch/mp4/federal.mp4
federal agency, https://media.signbsl.com/videos/asl/aslsearch/mp4/bureau.mp4
Federal Democratic Republic of Ethiopia, https://media.signbsl.com/videos/asl/aslsignbank/mp4/ETHIOPIA-3212.mp4
Federal Emergency Management Agency, https://player.vimeo.com/external/392675832.sd.mp4?s=45f20d28190b2aa77303363761e03dacc24e10a6&profile_id=164
federalise, https://media.signbsl.com/videos/asl/youtube/mp4/C4AFOfJPwhA.mp4
Federal Islamic Republic of the Comoros, https://media.signbsl.com/videos/asl/youtube/mp4/53x1PAxoCWM.mp4
federalism, https://media.signbsl.com/videos/asl/youtube/mp4/30KLX-hKhxY.mp4
federalize, https://media.signbsl.com/videos/asl/youtube/mp4/C4AFOfJPwhA.mp4
Federal Republic of Germany, https://media.signbsl.com/videos/asl/startasl/mp4/germany.mp4
Federal Republic of Nigeria, https://media.signbsl.com/videos/asl/youtube/mp4/Q97ER-Mb1Jg.mp4
Federal Republic of Yugoslavia, https://player.vimeo.com/external/392877004.sd.mp4?s=27ab3a612b9678b564ed8289216e72f62f401837&profile_id=164
Federal Reserve, https://media.signbsl.com/videos/asl/youtube/mp4/WRybIMTaA_A.mp4
Federal Reserve note, https://media.signbsl.com/videos/asl/aslsearch/mp4/bill.mp4
Federal Reserve System, https://media.signbsl.com/videos/asl/youtube/mp4/WRybIMTaA_A.mp4
federation, https://media.signbsl.com/videos/asl/youtube/mp4/UXwBWxoPzig.mp4
Federative Republic of Brazil, https://media.signbsl.com/videos/asl/youtube/mp4/PVaqq4Uvc4U.mp4
fed on, https://media.signbsl.com/videos/asl/youtube/mp4/9zOKOTjw4gU.mp4
fed up, https://media.signbsl.com/videos/asl/youtube/mp4/mqZH7F4bvJ8.mp4
fee, https://player.vimeo.com/external/392125195.sd.mp4?s=4005c9cb331e886169e19db4dd4f6b98b310a8ae&profile_id=164
feeble, https://media.signbsl.com/videos/asl/youtube/mp4/jpn0a5rTRa8.mp4
feeble minded, https://player.vimeo.com/external/392125211.sd.mp4?s=c9e653ee540d83ebdda3e96bb43922c21c880fda&profile_id=164
feebleminded, https://player.vimeo.com/external/392125211.sd.mp4?s=c9e653ee540d83ebdda3e96bb43922c21c880fda&profile_id=164
feebler, https://media.signbsl.com/videos/asl/youtube/mp4/BmqbADyeu5E.mp4
feed, https://media.signbsl.com/videos/asl/aslsignbank/mp4/FEED-131.mp4
feedback, https://media.signbsl.com/videos/asl/aslsignbank/mp4/FEEDBACK-1454.mp4
feedback circuit, https://player.vimeo.com/external/392125348.sd.mp4?s=4d78128be5db8900f4b5942a0a7749fc1d3f17f8&profile_id=164
feedback loop, https://player.vimeo.com/external/392125348.sd.mp4?s=4d78128be5db8900f4b5942a0a7749fc1d3f17f8&profile_id=164
feeder, https://player.vimeo.com/external/391152580.sd.mp4?s=503ca7a28e7dd94e9aa53512c8d611302230a094&profile_id=164
feeding chair, https://media.signbsl.com/videos/asl/youtube/mp4/E3wmN6Oolj8.mp4
feed rollers, https://media.signbsl.com/videos/asl/AustinCommunityCollege/mp4/weld_feed_rollers_.mp4
fee fi fo fum, https://media.signbsl.com/videos/asl/youtube/mp4/m_wut0nprXA.mp4
feel, https://media.signbsl.com/videos/asl/aslsignbank/mp4/EXPERIENCE-789.mp4
feeler, https://media.signbsl.com/videos/asl/youtube/mp4/XwOihVixOu4.mp4
feel for, https://media.signbsl.com/videos/asl/youtube/mp4/2u4Bri-63oM.mp4
feel good, https://player.vimeo.com/external/392125385.sd.mp4?s=bc4dae67e4b13c38b6124cbc189a4fc22d0b7388&profile_id=164
feelgood, https://media.signbsl.com/videos/asl/youtube/mp4/fEkWWWRcJr8.mp4
feel guilt regularly, https://media.signbsl.com/videos/asl/youtube/mp4/tHKyYYpIot0.mp4
feel guilt right now, https://media.signbsl.com/videos/asl/youtube/mp4/FGydk6h6wtA.mp4
feel guilty, https://media.signbsl.com/videos/asl/aslsignbank/mp4/GUILTY-1852.mp4
feeling, https://media.signbsl.com/videos/asl/aslsignbank/mp4/INSTINCT-1729.mp4
feeling guilty, https://media.signbsl.com/videos/asl/youtube/mp4/zzL_Fl8_bF8.mp4
feeling his oats, https://media.signbsl.com/videos/asl/youtube/mp4/gNZVERu6T1E.mp4
feel out, https://media.signbsl.com/videos/asl/youtube/mp4/ptXx5RraUGw.mp4
feet, https://media.signbsl.com/videos/asl/startasl/mp4/infantry.mp4
feign, https://media.signbsl.com/videos/asl/aslsearch/mp4/pretend.mp4
feint, https://media.signbsl.com/videos/asl/youtube/mp4/uLReKLik9vg.mp4
feircer, https://media.signbsl.com/videos/asl/youtube/mp4/3TKS_66orTc.mp4
feisty, https://media.signbsl.com/videos/asl/youtube/mp4/H-J3cgl6-ZA.mp4
felicities, https://media.signbsl.com/videos/asl/youtube/mp4/I6SfpUdwex4.mp4
felicitousness, https://media.signbsl.com/videos/asl/youtube/mp4/I6SfpUdwex4.mp4
felicity, https://media.signbsl.com/videos/asl/youtube/mp4/I6SfpUdwex4.mp4
Felis concolor, https://player.vimeo.com/external/391910530.sd.mp4?s=1cf1ed5f6b437f42bac29608e99212d47c87afb5&profile_id=164
Felis pardalis, https://media.signbsl.com/videos/asl/youtube/mp4/RK6wirmUero.mp4
fell, https://media.signbsl.com/videos/asl/youtube/mp4/zon2lTFOOcE.mp4
fella, https://media.signbsl.com/videos/asl/youtube/mp4/nIeOKwHT77E.mp4
fell down, https://media.signbsl.com/videos/asl/youtube/mp4/6tUKd4YuRrI.mp4
fell down after, https://media.signbsl.com/videos/asl/youtube/mp4/Ahg1yVuG6xM.mp4
feller, https://media.signbsl.com/videos/asl/youtube/mp4/nIeOKwHT77E.mp4
fellow, https://media.signbsl.com/videos/asl/startasl/mp4/boyfriend.mp4
fellowship, https://media.signbsl.com/videos/asl/ids/mp4/2013-11-1700-fellowship-1500k-ase.mp4
fellow worker, https://player.vimeo.com/external/391391785.sd.mp4?s=a7b70c8cfb893c24409e7fb31c37f08a64aa6804&profile_id=164
felon, https://media.signbsl.com/videos/asl/aslsignbank/mp4/FRAUD-2923.mp4
felonies, https://media.signbsl.com/videos/asl/youtube/mp4/a3uVtfWNCXc.mp4
felony, https://media.signbsl.com/videos/asl/youtube/mp4/a3uVtfWNCXc.mp4
FEMA, https://player.vimeo.com/external/392675832.sd.mp4?s=45f20d28190b2aa77303363761e03dacc24e10a6&profile_id=164
female, https://media.signbsl.com/videos/asl/aslsignbank/mp4/FEMALE-1445.mp4
female horse, https://media.signbsl.com/videos/asl/youtube/mp4/wmZzJKLB22M.mp4
female monarch, https://media.signbsl.com/videos/asl/startasl/mp4/queen.mp4
female parent, https://media.signbsl.com/videos/asl/startasl/mp4/mother.mp4
feminine, https://media.signbsl.com/videos/asl/aslsignbank/mp4/MODEL-1600.mp4
feminisation, https://media.signbsl.com/videos/asl/youtube/mp4/oNeFLsB9srA.mp4
feminise, https://media.signbsl.com/videos/asl/youtube/mp4/JlvZlgDAofM.mp4
feminism, https://player.vimeo.com/external/392125445.sd.mp4?s=7f1cc7537b8938418eac035b61a9e45037c223f6&profile_id=164
feminist, https://media.signbsl.com/videos/asl/youtube/mp4/8QWdOna8qpw.mp4
feminist movement, https://player.vimeo.com/external/392125445.sd.mp4?s=7f1cc7537b8938418eac035b61a9e45037c223f6&profile_id=164
feminization, https://media.signbsl.com/videos/asl/youtube/mp4/oNeFLsB9srA.mp4
feminize, https://media.signbsl.com/videos/asl/youtube/mp4/JlvZlgDAofM.mp4
femme, https://media.signbsl.com/videos/asl/youtube/mp4/IVbHTTK6nlA.mp4
femora, https://media.signbsl.com/videos/asl/youtube/mp4/6YaN7W6EfOE.mp4
fen, https://media.signbsl.com/videos/asl/youtube/mp4/Xq71t6cHifA.mp4
fence, https://media.signbsl.com/videos/asl/startasl/mp4/fence.mp4
fenced, https://media.signbsl.com/videos/asl/youtube/mp4/za-AmeTY9L8.mp4
fenceless, https://media.signbsl.com/videos/asl/youtube/mp4/QAn3BIaiox0.mp4
fencer, https://media.signbsl.com/videos/asl/youtube/mp4/TsnyXtzYzXc.mp4
fencesitter, https://media.signbsl.com/videos/asl/youtube/mp4/3fYHaLhsxGc.mp4
fencing, https://media.signbsl.com/videos/asl/startasl/mp4/fence.mp4
fend, https://media.signbsl.com/videos/asl/youtube/mp4/9GqtkTqWulA.mp4
fender, https://media.signbsl.com/videos/asl/youtube/mp4/3FcPvtW1zGE.mp4
fender bender, https://player.vimeo.com/external/392675862.sd.mp4?s=94a4ca14451708c79993906bfa1cf2d7f4a8ca4e&profile_id=164
fend for, https://media.signbsl.com/videos/asl/signlanguagestudent/mp4/defend.mp4
fend for myself, https://media.signbsl.com/videos/asl/youtube/mp4/9GqtkTqWulA.mp4
fend off, https://media.signbsl.com/videos/asl/youtube/mp4/IRLoe0ze1_E.mp4
fenestral, https://media.signbsl.com/videos/asl/youtube/mp4/1D_GznCZE1U.mp4
fenland, https://media.signbsl.com/videos/asl/youtube/mp4/Xq71t6cHifA.mp4
feoff, https://media.signbsl.com/videos/asl/youtube/mp4/4WbqJ47L1So.mp4
feral, https://media.signbsl.com/videos/asl/youtube/mp4/BLXmtN9wd8I.mp4
ferine, https://media.signbsl.com/videos/asl/youtube/mp4/BLXmtN9wd8I.mp4
ferment, https://media.signbsl.com/videos/asl/youtube/mp4/Fdmm7TokywY.mp4
fermentation, https://media.signbsl.com/videos/asl/youtube/mp4/Fdmm7TokywY.mp4
fermentation alcohol, https://media.signbsl.com/videos/asl/youtube/mp4/sQbxWTLF3zk.mp4
ferned, https://media.signbsl.com/videos/asl/youtube/mp4/BVC3HqnOoW8.mp4
ferny, https://media.signbsl.com/videos/asl/youtube/mp4/BVC3HqnOoW8.mp4
ferocious, https://media.signbsl.com/videos/asl/youtube/mp4/kaMlHa2bs8M.mp4
ferret, https://media.signbsl.com/videos/asl/youtube/mp4/IBeDItI1ERA.mp4
ferret out, https://media.signbsl.com/videos/asl/youtube/mp4/0vtjnzsClCY.mp4
ferric, https://media.signbsl.com/videos/asl/youtube/mp4/Pepk8a79Vg4.mp4
ferried, https://media.signbsl.com/videos/asl/youtube/mp4/u6Dwp5Hrnwo.mp4
ferromagnetic, https://media.signbsl.com/videos/asl/youtube/mp4/1oGQA9196jk.mp4
ferromagnetism, https://media.signbsl.com/videos/asl/youtube/mp4/dzWMJlri6bY.mp4
ferrous, https://media.signbsl.com/videos/asl/youtube/mp4/Pepk8a79Vg4.mp4
ferry, https://player.vimeo.com/external/392125487.sd.mp4?s=6d36322e0c838afaacf2c2ad97d0299d799145b0&profile_id=164
ferryman, https://media.signbsl.com/videos/asl/youtube/mp4/24eu-7VMFq8.mp4
fertile, https://media.signbsl.com/videos/asl/youtube/mp4/8sPR2ritIO0.mp4
fertilise, https://media.signbsl.com/videos/asl/deaftec/mp4/1377.mp4
fertiliser, https://media.signbsl.com/videos/asl/youtube/mp4/7t74E0C8n3o.mp4
fertility, https://media.signbsl.com/videos/asl/youtube/mp4/bxYhubgfG6w.mp4
fertility rate, https://media.signbsl.com/videos/asl/youtube/mp4/bxYhubgfG6w.mp4
fertilize, https://media.signbsl.com/videos/asl/deaftec/mp4/1377.mp4
fertilized egg, https://media.signbsl.com/videos/asl/elementalaslconcepts/mp4/embryo.mp4
fertilizer, https://media.signbsl.com/videos/asl/youtube/mp4/7t74E0C8n3o.mp4
fervency, https://media.signbsl.com/videos/asl/youtube/mp4/xNm4ThUs3VY.mp4
fervent, https://media.signbsl.com/videos/asl/youtube/mp4/35XVDI_yYMo.mp4
fervid, https://media.signbsl.com/videos/asl/youtube/mp4/35XVDI_yYMo.mp4
fervidness, https://media.signbsl.com/videos/asl/youtube/mp4/xNm4ThUs3VY.mp4
fervor, https://media.signbsl.com/videos/asl/youtube/mp4/xNm4ThUs3VY.mp4
fervour, https://media.signbsl.com/videos/asl/youtube/mp4/xNm4ThUs3VY.mp4
fest, https://media.signbsl.com/videos/asl/youtube/mp4/SJ06OYatq-s.mp4
fester, https://media.signbsl.com/videos/asl/youtube/mp4/hakxCYBprNg.mp4
festinate, https://media.signbsl.com/videos/asl/startasl/mp4/hurry.mp4
festival, https://player.vimeo.com/external/392125512.sd.mp4?s=8cffa3e9659d0fcce9412d4edb7dbe2c6ec8fef9&profile_id=164
Festival of Lights, https://media.signbsl.com/videos/asl/startasl/mp4/hannukah.mp4
fetal, https://media.signbsl.com/videos/asl/youtube/mp4/ogVH2qOM_hI.mp4
fetch, https://player.vimeo.com/external/391215685.sd.mp4?s=71a8944f9861a0b79f027e3bd7a2a310e39b60dd&profile_id=164
fetch up, https://media.signbsl.com/videos/asl/youtube/mp4/tVOmpS4cPFM.mp4
fetich, https://media.signbsl.com/videos/asl/youtube/mp4/vX8PVX383C0.mp4
fetichist, https://media.signbsl.com/videos/asl/youtube/mp4/_Ti48079HdA.mp4
fetid, https://media.signbsl.com/videos/asl/aslsignbank/mp4/E(smelly)-1887.mp4
fetish, https://media.signbsl.com/videos/asl/youtube/mp4/vX8PVX383C0.mp4
fetor, https://media.signbsl.com/videos/asl/aslsearch/mp4/stink.mp4
fetter, https://media.signbsl.com/videos/asl/youtube/mp4/plvelCxPFGE.mp4
fettle, https://media.signbsl.com/videos/asl/youtube/mp4/cTdQMannIPE.mp4
feud, https://player.vimeo.com/external/392125526.sd.mp4?s=28e8dbd000442083c357b9ceb62afca0d4a8cbf6&profile_id=164
feudal, https://media.signbsl.com/videos/asl/youtube/mp4/pPi6YtOoQ2E.mp4
feudalistic, https://media.signbsl.com/videos/asl/youtube/mp4/pPi6YtOoQ2E.mp4
fever, https://media.signbsl.com/videos/asl/aslsearch/mp4/fever.mp4
fever blister, https://player.vimeo.com/external/391391563.sd.mp4?s=8f8cdb38fd9d64604e3675ad16b61ea04601cc5a&profile_id=164
feverish, https://media.signbsl.com/videos/asl/youtube/mp4/2VWuNutCjYw.mp4
few, https://media.signbsl.com/videos/asl/startasl/mp4/few.mp4
fewer, https://media.signbsl.com/videos/asl/startasl/mp4/fewer.mp4
fewer than, https://media.signbsl.com/videos/asl/elementalaslconcepts/mp4/fewer_than.mp4
ff, https://media.signbsl.com/videos/asl/aslsearch/mp4/ff.mp4
fiance, https://media.signbsl.com/videos/asl/youtube/mp4/N7v8rN3ck9E.mp4
fiancee, https://media.signbsl.com/videos/asl/aslsearch/mp4/fiancee.mp4
fiasco, https://player.vimeo.com/external/392125695.sd.mp4?s=4e36114f8263d02e1d0e2e91614543be101879ac&profile_id=164
fiat, https://media.signbsl.com/videos/asl/unoclimb/mp4/FrJNHZcW7ns.mp4
fib, https://media.signbsl.com/videos/asl/youtube/mp4/KMS0ihD6WUo.mp4
fibber, https://media.signbsl.com/videos/asl/youtube/mp4/WULvcf5_DDA.mp4
fiber, https://media.signbsl.com/videos/asl/youtube/mp4/GXk14O3jkuk.mp4
fiber optics, https://media.signbsl.com/videos/asl/deaftec/mp4/973.mp4
fiberoptics, https://media.signbsl.com/videos/asl/deaftec/mp4/973.mp4
fibre, https://media.signbsl.com/videos/asl/youtube/mp4/GXk14O3jkuk.mp4
fibre optics, https://media.signbsl.com/videos/asl/deaftec/mp4/973.mp4
fibreoptics, https://media.signbsl.com/videos/asl/deaftec/mp4/973.mp4
fibroid, https://media.signbsl.com/videos/asl/youtube/mp4/vseC3lq0vNI.mp4
fickle, https://player.vimeo.com/external/392015167.sd.mp4?s=b29acb19701f963850f84dcad2aea31eb6e37230&profile_id=164
fiction, https://media.signbsl.com/videos/asl/elementalaslconcepts/mp4/fiction.mp4
fictional character, https://media.signbsl.com/videos/asl/aslsignbank/mp4/CHARACTER-2318.mp4
fictionalisation, https://media.signbsl.com/videos/asl/youtube/mp4/7PdlnOJdjwg.mp4
fictionalization, https://media.signbsl.com/videos/asl/youtube/mp4/7PdlnOJdjwg.mp4
fiction false, https://media.signbsl.com/videos/asl/signlanguagestudent/mp4/fiction%20(false).mp4
fictitious character, https://media.signbsl.com/videos/asl/aslsignbank/mp4/CHARACTER-2318.mp4
fiddle, https://media.signbsl.com/videos/asl/aslsearch/mp4/violin.mp4
fiddle about, https://media.signbsl.com/videos/asl/youtube/mp4/GMl-kZYz1S0.mp4
fiddle faddle, https://media.signbsl.com/videos/asl/aslsignbank/mp4/GIBBERISH-3283.mp4
fiddler, https://media.signbsl.com/videos/asl/youtube/mp4/6uVeu-vBFk4.mp4
fidelity, https://media.signbsl.com/videos/asl/ids/mp4/2013-11-1710-fidelity-1500k-ase.mp4
fidget, https://media.signbsl.com/videos/asl/youtube/mp4/rtmkTQTQP88.mp4
fidgety, https://media.signbsl.com/videos/asl/startasl/mp4/itchy.mp4
fiducial, https://media.signbsl.com/videos/asl/youtube/mp4/UPvGeLT4TVI.mp4
fiduciaries, https://media.signbsl.com/videos/asl/youtube/mp4/5_go4aizlWU.mp4
fiduciary, https://media.signbsl.com/videos/asl/youtube/mp4/5_go4aizlWU.mp4
fief, https://media.signbsl.com/videos/asl/youtube/mp4/4WbqJ47L1So.mp4
field, https://player.vimeo.com/external/392125731.sd.mp4?s=0b4cc4d636f7fe626add89922bc85fff73fc9d83&profile_id=164
fielder, https://media.signbsl.com/videos/asl/youtube/mp4/MTSS1PB08r0.mp4
field general, https://media.signbsl.com/videos/asl/aslsearch/mp4/quarterback.mp4
field glasses, https://media.signbsl.com/videos/asl/aslsignbank/mp4/BINOCULARS-2445.mp4
field goal, https://media.signbsl.com/videos/asl/aslsearch/mp4/field-goal.mp4
field hand, https://media.signbsl.com/videos/asl/youtube/mp4/j8y_qvkTQt0.mp4
fieldhand, https://media.signbsl.com/videos/asl/youtube/mp4/j8y_qvkTQt0.mp4
field of battle, https://media.signbsl.com/videos/asl/youtube/mp4/BcH6iTYBgxQ.mp4
field of honor, https://media.signbsl.com/videos/asl/youtube/mp4/BcH6iTYBgxQ.mp4
field of study, https://media.signbsl.com/videos/asl/youtube/mp4/jykCnQVws8A.mp4
field physics, https://media.signbsl.com/videos/asl/youtube/mp4/lwSUAqToK94.mp4
fieldsman, https://media.signbsl.com/videos/asl/youtube/mp4/MTSS1PB08r0.mp4
field trip, https://media.signbsl.com/videos/asl/youtube/mp4/c8rjx8886f0.mp4
fieldwork, https://media.signbsl.com/videos/asl/youtube/mp4/s1VW1Z5ao5I.mp4
fiend, https://media.signbsl.com/videos/asl/aslsignbank/mp4/DEVIL-2739.mp4
fiendish, https://media.signbsl.com/videos/asl/youtube/mp4/qLpYTL83C4w.mp4
fierce, https://media.signbsl.com/videos/asl/youtube/mp4/kaMlHa2bs8M.mp4
fieriness, https://media.signbsl.com/videos/asl/youtube/mp4/cziHm4SYOjI.mp4
fiery, https://media.signbsl.com/videos/asl/youtube/mp4/35XVDI_yYMo.mp4
fiery color, https://media.signbsl.com/videos/asl/youtube/mp4/Nd8445N8OOU.mp4
fifteen, https://media.signbsl.com/videos/asl/aslsignbank/mp4/FIFTEEN-1456.mp4
fifteen dollars, https://media.signbsl.com/videos/asl/mariekatzenbachschool/mp4/fifteen%20dollars.mp4
fifth, https://media.signbsl.com/videos/asl/aslsignbank/mp4/FIFTH-1457.mp4
fifth columnist, https://media.signbsl.com/videos/asl/youtube/mp4/7Q5-IyNjGlg.mp4
fifth place, https://media.signbsl.com/videos/asl/youtube/mp4/CjNq0okStU4.mp4
fifty, https://media.signbsl.com/videos/asl/aslsignbank/mp4/FIFTY-2218.mp4
fifty cent piece, https://media.signbsl.com/videos/asl/tsdvideo/mp4/35.mp4
fifty cents, https://media.signbsl.com/videos/asl/youtube/mp4/O2UrLoEY2FE.mp4
fifty eight, https://media.signbsl.com/videos/asl/aslsignbank/mp4/FIFTY-EIGHT-2729.mp4
fifty five, https://media.signbsl.com/videos/asl/aslsignbank/mp4/FIFTY-FIVE-2727.mp4
fifty four, https://media.signbsl.com/videos/asl/aslsignbank/mp4/FIFTY-FOUR-2726.mp4
fifty nine, https://media.signbsl.com/videos/asl/aslsignbank/mp4/FIFTY-NINE-2730.mp4
fifty one, https://media.signbsl.com/videos/asl/aslsignbank/mp4/FIFTY-ONE-2723.mp4
fifty seven, https://media.signbsl.com/videos/asl/youtube/mp4/XLwcvPnS1oA.mp4
fifty six, https://media.signbsl.com/videos/asl/aslsignbank/mp4/FIFTY-SIX-2728.mp4
fifty three, https://media.signbsl.com/videos/asl/aslsignbank/mp4/FIFTY-THREE-2725.mp4
fifty two, https://media.signbsl.com/videos/asl/aslsignbank/mp4/FIFTY-TWO-2724.mp4
fig, https://media.signbsl.com/videos/asl/elementalaslconcepts/mp4/picture.mp4
fight, https://media.signbsl.com/videos/asl/startasl/mp4/fight.mp4
fight back, https://player.vimeo.com/external/392125916.sd.mp4?s=a0fbe26470e767e23571fe6e78d1c234e8b025d6&profile_id=164
fight down, https://player.vimeo.com/external/392125916.sd.mp4?s=a0fbe26470e767e23571fe6e78d1c234e8b025d6&profile_id=164
fighter, https://media.signbsl.com/videos/asl/youtube/mp4/Ik1oSOrGUBE.mp4
fight fire, https://media.signbsl.com/videos/asl/youtube/mp4/WZ055kjxs0M.mp4
fighting, https://media.signbsl.com/videos/asl/startasl/mp4/fight.mp4
figment, https://media.signbsl.com/videos/asl/youtube/mp4/haTJ8j38hbE.mp4
fig out, https://media.signbsl.com/videos/asl/aslsearch/mp4/dress-up.mp4
fig up, https://media.signbsl.com/videos/asl/aslsearch/mp4/dress-up.mp4
figurate, https://media.signbsl.com/videos/asl/youtube/mp4/abr7AlxCcT8.mp4
figuration, https://media.signbsl.com/videos/asl/youtube/mp4/K3YvoBVPPXw.mp4
figurative, https://media.signbsl.com/videos/asl/elementalaslconcepts/mp4/figurative.mp4
figurative language, https://media.signbsl.com/videos/asl/elementalaslconcepts/mp4/figurative_language.mp4
figure, https://media.signbsl.com/videos/asl/aslsignbank/mp4/NUMBER-782.mp4
figurehead, https://media.signbsl.com/videos/asl/youtube/mp4/j1f317XY9MI.mp4
figure out, https://media.signbsl.com/videos/asl/elementalaslconcepts/mp4/solve.mp4
figure skating, https://player.vimeo.com/external/392125961.sd.mp4?s=a2e5ba8c710fb51bf31d79b6947d7e8ec2f09e31&profile_id=164
figures of speech, https://media.signbsl.com/videos/asl/elementalaslconcepts/mp4/figure_of_speech.mp4
Fiji, https://media.signbsl.com/videos/asl/aslsignbank/mp4/FIJI-3224.mp4
filamentlike, https://media.signbsl.com/videos/asl/youtube/mp4/pZ6cDwdw4wc.mp4
filamentous, https://media.signbsl.com/videos/asl/youtube/mp4/pZ6cDwdw4wc.mp4
filch, https://media.signbsl.com/videos/asl/youtube/mp4/oLLgLsxlDeo.mp4
file, https://media.signbsl.com/videos/asl/startasl/mp4/file.mp4
file away, https://media.signbsl.com/videos/asl/aslsignbank/mp4/SAVE-614.mp4
file folder, https://player.vimeo.com/external/392126049.sd.mp4?s=f45a96cbba65dddbed92962f857c1eb6c725b9c0&profile_id=164
file for, https://media.signbsl.com/videos/asl/youtube/mp4/SP1ZGsJfsyI.mp4
files, https://media.signbsl.com/videos/asl/startasl/mp4/file.mp4
filet, https://media.signbsl.com/videos/asl/youtube/mp4/9lrDZuGnq4Q.mp4
file transfer protocol, https://media.signbsl.com/videos/asl/deaftec/mp4/974.mp4
filial, https://media.signbsl.com/videos/asl/youtube/mp4/DFg7Mq2s948.mp4
filibuster, https://media.signbsl.com/videos/asl/youtube/mp4/ra9HUQIolk0.mp4
filiform, https://media.signbsl.com/videos/asl/youtube/mp4/pZ6cDwdw4wc.mp4
filing nails, https://media.signbsl.com/videos/asl/youtube/mp4/il_1iGFu7_o.mp4
filip, https://media.signbsl.com/videos/asl/youtube/mp4/hw88yYFEEr8.mp4
Filipino, https://media.signbsl.com/videos/asl/youtube/mp4/XK_HX39diX4.mp4
fill, https://media.signbsl.com/videos/asl/aslsignbank/mp4/GAS-843.mp4
fill again, https://media.signbsl.com/videos/asl/ids/mp4/2013-11-4100-replenish-1500k-ase.mp4
fille, https://media.signbsl.com/videos/asl/startasl/mp4/girl.mp4
fille de chambre, https://media.signbsl.com/videos/asl/youtube/mp4/0xDfYG2jenc.mp4
filler, https://media.signbsl.com/videos/asl/youtube/mp4/eufauVTfxVA.mp4
filler joint, https://media.signbsl.com/videos/asl/AustinCommunityCollege/mp4/weld_filletjoint_.mp4
Filler Metal, https://media.signbsl.com/videos/asl/AustinCommunityCollege/mp4/weld_filler_metal_.mp4
Filler Rod, https://media.signbsl.com/videos/asl/AustinCommunityCollege/mp4/weld_filler_rod_.mp4
fillet, https://media.signbsl.com/videos/asl/youtube/mp4/9lrDZuGnq4Q.mp4
fillies, https://media.signbsl.com/videos/asl/youtube/mp4/rClkc825zKk.mp4
fill in, https://media.signbsl.com/videos/asl/aslsearch/mp4/backup.mp4
filling, https://media.signbsl.com/videos/asl/youtube/mp4/fK-EiK0zsLQ.mp4
filling station, https://media.signbsl.com/videos/asl/aslsearch/mp4/gas-station.mp4
fillip, https://player.vimeo.com/external/391208331.sd.mp4?s=a778da4f9b53bc1a9f10539bdf6925037b9485a0&profile_id=164
fillipino, https://media.signbsl.com/videos/asl/youtube/mp4/gDGuXL7L5T0.mp4
fill out, https://media.signbsl.com/videos/asl/youtube/mp4/3oTDu-9foYg.mp4
fill pass, https://media.signbsl.com/videos/asl/AustinCommunityCollege/mp4/weld_fillpass_.mp4
fill up, https://media.signbsl.com/videos/asl/aslsignbank/mp4/GAS-843.mp4
fill up on gas, https://player.vimeo.com/external/392676022.sd.mp4?s=7fb74f39654f474cc4c45c917a56c5f2910406ca&profile_id=164
filly, https://media.signbsl.com/videos/asl/youtube/mp4/rClkc825zKk.mp4
film, https://media.signbsl.com/videos/asl/startasl/mp4/movie.mp4
Film Camera, https://player.vimeo.com/external/392676119.sd.mp4?s=6a1bfc436c3c8cbc27b5c1e18455ff9239d2f069&profile_id=164
filming, https://media.signbsl.com/videos/asl/youtube/mp4/R-cawtEoknM.mp4
film maker, https://media.signbsl.com/videos/asl/youtube/mp4/8u5r9_2A6GU.mp4
filmmaker, https://media.signbsl.com/videos/asl/youtube/mp4/8u5r9_2A6GU.mp4
film me, https://media.signbsl.com/videos/asl/youtube/mp4/GfBPEZEqv94.mp4
film producer, https://media.signbsl.com/videos/asl/youtube/mp4/8u5r9_2A6GU.mp4
film star, https://player.vimeo.com/external/392690659.sd.mp4?s=9b78f77287d71902b3e437bb3e79aa8a54425e04&profile_id=164
film writer, https://media.signbsl.com/videos/asl/youtube/mp4/OG8fCpx5Xyk.mp4
filter, https://media.signbsl.com/videos/asl/elementalaslconcepts/mp4/filter.mp4
filterable, https://media.signbsl.com/videos/asl/youtube/mp4/AerJoOMBnEU.mp4
filter out, https://media.signbsl.com/videos/asl/elementalaslconcepts/mp4/filter.mp4
filth, https://media.signbsl.com/videos/asl/youtube/mp4/BemLKVmLpXc.mp4
filthy, https://media.signbsl.com/videos/asl/youtube/mp4/YaTXLrD8O_s.mp4
filtrate, https://media.signbsl.com/videos/asl/elementalaslconcepts/mp4/filter.mp4
fimathseqok, https://media.signbsl.com/videos/asl/youtube/mp4/V82gqBjmXVo.mp4
fin, https://media.signbsl.com/videos/asl/youtube/mp4/A2BdWCwG4VI.mp4
finagle, https://media.signbsl.com/videos/asl/youtube/mp4/mnLVH6S86eE.mp4
finagler, https://media.signbsl.com/videos/asl/youtube/mp4/CPDeYj-9o2A.mp4
final, https://media.signbsl.com/videos/asl/aslsearch/mp4/last.mp4
final cause, https://media.signbsl.com/videos/asl/philosophy/mp4/Final%20Cause-HD.mp4
finale, https://media.signbsl.com/videos/asl/elementalaslconcepts/mp4/conclusion.mp4
finalise, https://media.signbsl.com/videos/asl/youtube/mp4/alUx4lcb4iY.mp4
finalist, https://media.signbsl.com/videos/asl/youtube/mp4/BAbQ1K407Xs.mp4
finality, https://media.signbsl.com/videos/asl/youtube/mp4/hSz4nyTRCeI.mp4
finalize, https://media.signbsl.com/videos/asl/youtube/mp4/alUx4lcb4iY.mp4
Final Judgment, NA
finally, https://media.signbsl.com/videos/asl/startasl/mp4/finally.mp4
finally at last pah!, NA
finally lastly, https://media.signbsl.com/videos/asl/signlanguagestudent/mp4/finally%20(lastly).mp4
finally lastly   alternate, NA
final solution, https://media.signbsl.com/videos/asl/aslsearch/mp4/demolish.mp4
finance, https://media.signbsl.com/videos/asl/aslsearch/mp4/finance.mp4
finance charge, https://media.signbsl.com/videos/asl/youtube/mp4/q4ME475WACQ.mp4
finances, https://media.signbsl.com/videos/asl/valleybible/mp4/finances.mp4
financial, https://media.signbsl.com/videos/asl/youtube/mp4/-ZvP3p2tsJE.mp4
financial officer, https://media.signbsl.com/videos/asl/aslsearch/mp4/treasurer.mp4
financial statement, https://media.signbsl.com/videos/asl/youtube/mp4/7bSos3pCwUU.mp4
financier, https://media.signbsl.com/videos/asl/youtube/mp4/hJQCLjsZ_OI.mp4
find, https://media.signbsl.com/videos/asl/aslsignbank/mp4/FIND-2916.mp4
finder, https://media.signbsl.com/videos/asl/youtube/mp4/Afwfw7yJqV4.mp4
finding of fact, https://media.signbsl.com/videos/asl/unoclimb/mp4/Pg5v1Mmr0l8.mp4
find out, https://media.signbsl.com/videos/asl/youtube/mp4/5iFatXTN5iU.mp4
fine, https://media.signbsl.com/videos/asl/startasl/mp4/fine.mp4
Fine (Penalty), https://player.vimeo.com/external/392126325.sd.mp4?s=1b137d01c76e6494fe3d11d3ffeb1ecc3eb85dc2&profile_id=164
fine alright, https://media.signbsl.com/videos/asl/signlanguagestudent/mp4/fine%20(alright).mp4
fine and dandy, https://media.signbsl.com/videos/asl/youtube/mp4/jMokc5IF_Do.mp4
fine art, https://media.signbsl.com/videos/asl/startasl/mp4/art.mp4
fine diced, https://media.signbsl.com/videos/asl/youtube/mp4/wiayzTb1wcQ.mp4
fine looking, https://media.signbsl.com/videos/asl/startasl/mp4/handsome.mp4
fineness, https://media.signbsl.com/videos/asl/youtube/mp4/JrJLp4OpAPQ.mp4
fine penalty, https://player.vimeo.com/external/392126325.sd.mp4?s=1b137d01c76e6494fe3d11d3ffeb1ecc3eb85dc2&profile_id=164
finer, https://media.signbsl.com/videos/asl/youtube/mp4/O_3AkvGgnsE.mp4
finery, https://media.signbsl.com/videos/asl/youtube/mp4/4CeB7xf6kEs.mp4
finesse, https://media.signbsl.com/videos/asl/aslsignbank/mp4/HANDLE-SITUATION-1843.mp4
fine tune, https://media.signbsl.com/videos/asl/deaftec/mp4/1348.mp4
fine very well, https://media.signbsl.com/videos/asl/signlanguagestudent/mp4/fine%20(very%20well).mp4
finger, https://media.signbsl.com/videos/asl/aslsearch/mp4/finger.mp4
finger food, https://player.vimeo.com/external/392676232.sd.mp4?s=8e88f008749da4782f2b612d70b721d05dc86703&profile_id=164
fingerless, https://media.signbsl.com/videos/asl/youtube/mp4/fqYiZgxRYqw.mp4
fingernail, https://media.signbsl.com/videos/asl/youtube/mp4/e7kQy6a7hug.mp4
fingernail file, https://media.signbsl.com/videos/asl/mariekatzenbachschool/mp4/fingernail%20file.mp4
fingerprint, https://media.signbsl.com/videos/asl/aslsearch/mp4/fingerprint.mp4
fingers, https://media.signbsl.com/videos/asl/aslsearch/mp4/finger.mp4
finger spell, https://media.signbsl.com/videos/asl/aslsignbank/mp4/FINGERSPELL-621.mp4
fingerspell, https://media.signbsl.com/videos/asl/aslsignbank/mp4/FINGERSPELL-621.mp4
fingerspell again, https://media.signbsl.com/videos/asl/startasl/mp4/fingerspellagain.mp4
finical, https://player.vimeo.com/external/392386088.sd.mp4?s=286323924d7c87a4cc226b6eace36bc42ad69f76&profile_id=164
finicky, https://player.vimeo.com/external/392386088.sd.mp4?s=286323924d7c87a4cc226b6eace36bc42ad69f76&profile_id=164
finis, https://media.signbsl.com/videos/asl/elementalaslconcepts/mp4/conclusion.mp4
finish, https://media.signbsl.com/videos/asl/signlanguagestudent/mp4/finish.mp4
finish - all done, NA
finish all four years, https://media.signbsl.com/videos/asl/youtube/mp4/cXYvx9nRHOU.mp4
finished, https://media.signbsl.com/videos/asl/elementalaslconcepts/mp4/finish.mp4
finisher, https://media.signbsl.com/videos/asl/youtube/mp4/Iy36Mh2rcbs.mp4
finish finish, https://media.signbsl.com/videos/asl/startasl/mp4/finish-finish.mp4
finishing, https://media.signbsl.com/videos/asl/youtube/mp4/f8FAVURsov8.mp4
finish off, https://player.vimeo.com/external/392634206.sd.mp4?s=460cab5e35028bb337fb3d9ee25683e766d9eb19&profile_id=164
finish off drink, https://player.vimeo.com/external/392127030.sd.mp4?s=157b1d4ef8b86959cc9a6bad7ce5573b3be7b821&profile_id=164
finish up, https://player.vimeo.com/external/392634206.sd.mp4?s=460cab5e35028bb337fb3d9ee25683e766d9eb19&profile_id=164
finite, https://media.signbsl.com/videos/asl/youtube/mp4/5WstJe0GgAY.mp4
fink, https://media.signbsl.com/videos/asl/youtube/mp4/yR-RWAQTPJU.mp4
fink on, https://media.signbsl.com/videos/asl/youtube/mp4/b_I6xpa-NVI.mp4
Finland, https://media.signbsl.com/videos/asl/startasl/mp4/finland.mp4
Finnish, https://media.signbsl.com/videos/asl/youtube/mp4/TSIuEIByskI.mp4
finny, https://media.signbsl.com/videos/asl/youtube/mp4/1par87kDFco.mp4
fins, https://media.signbsl.com/videos/asl/youtube/mp4/A2BdWCwG4VI.mp4
fiord, https://media.signbsl.com/videos/asl/youtube/mp4/fl1TCh8Q1J8.mp4
fire, https://media.signbsl.com/videos/asl/youtube/mp4/0pWwmyGHwX8.mp4
firearm, https://media.signbsl.com/videos/asl/youtube/mp4/gar_c2aPTyg.mp4
fiord, https://media.signbsl.com/videos/asl/youtube/mp4/fl1TCh8Q1J8.mp4
fire, https://media.signbsl.com/videos/asl/youtube/mp4/0pWwmyGHwX8.mp4
firearm, https://media.signbsl.com/videos/asl/youtube/mp4/gar_c2aPTyg.mp4
firebomb, https://media.signbsl.com/videos/asl/youtube/mp4/e9QMu5Vxxt0.mp4
firebrand, https://media.signbsl.com/videos/asl/youtube/mp4/T8b4yXr3-SE.mp4
firebreak, https://media.signbsl.com/videos/asl/youtube/mp4/kXyqpT-kAv8.mp4
fire breather, https://media.signbsl.com/videos/asl/aslsignbank/mp4/SPICY-654.mp4
firebrick, https://media.signbsl.com/videos/asl/youtube/mp4/xXQfmhBnQIQ.mp4
firebug, https://media.signbsl.com/videos/asl/youtube/mp4/xsqWCf5d1VE.mp4
firecracker, https://media.signbsl.com/videos/asl/aslsearch/mp4/fireworks.mp4
fired, https://media.signbsl.com/videos/asl/startasl/mp4/fired-2.mp4
firedrake, https://media.signbsl.com/videos/asl/aslsearch/mp4/dragon.mp4
fire eater, https://media.signbsl.com/videos/asl/aslsignbank/mp4/FIREFIGHTER-133.mp4
fire engine, https://media.signbsl.com/videos/asl/aslsearch/mp4/fire-truck.mp4
fire extinguisher, https://media.signbsl.com/videos/asl/AustinCommunityCollege/mp4/weld_extinguisher_.mp4
fire extinguisher abcd, https://media.signbsl.com/videos/asl/AustinCommunityCollege/mp4/weld_extinguisher_.mp4
firefighter, https://media.signbsl.com/videos/asl/aslsignbank/mp4/FIREFIGHTER-133.mp4
fire fighter, https://media.signbsl.com/videos/asl/aslsignbank/mp4/FIREFIGHTER-133.mp4
firefighting, https://player.vimeo.com/external/392127186.sd.mp4?s=53544418f67da9d252edf4621436591d666c63c4&profile_id=164
fireflies, https://player.vimeo.com/external/392127224.sd.mp4?s=e2134db3ee47a6f33694bb2713d931d0e58e7818&profile_id=164
firefly, https://player.vimeo.com/external/392127224.sd.mp4?s=e2134db3ee47a6f33694bb2713d931d0e58e7818&profile_id=164
fireguard, https://media.signbsl.com/videos/asl/youtube/mp4/kXyqpT-kAv8.mp4
firehouse, https://media.signbsl.com/videos/asl/youtube/mp4/qDXUiC0qmW8.mp4
fire hydrant, https://media.signbsl.com/videos/asl/youtube/mp4/A9CFyh-vmp0.mp4
fireless, https://media.signbsl.com/videos/asl/youtube/mp4/WMhY01cIbqs.mp4
firelight, https://media.signbsl.com/videos/asl/youtube/mp4/g88RCT4IPbo.mp4
fireman, https://media.signbsl.com/videos/asl/aslsignbank/mp4/FIREFIGHTER-133.mp4
fireplace, https://media.signbsl.com/videos/asl/startasl/mp4/fireplace.mp4
fireplug, https://media.signbsl.com/videos/asl/youtube/mp4/A9CFyh-vmp0.mp4
fire pottery, https://media.signbsl.com/videos/asl/youtube/mp4/QfxkJ9a0hrM.mp4
firepower, https://media.signbsl.com/videos/asl/youtube/mp4/DIibfKqDkl0.mp4
fireproof, https://media.signbsl.com/videos/asl/youtube/mp4/1dFB-LCEDYI.mp4
fire raising, https://player.vimeo.com/external/391169296.sd.mp4?s=19de406648a998e4a3942547226c6666750aef64&profile_id=164
fire screen, https://media.signbsl.com/videos/asl/youtube/mp4/81yA6Hgs5pQ.mp4
fireside, https://media.signbsl.com/videos/asl/ids/mp4/2013-11-1730-fireside-1500k-ase.mp4
fire station, https://media.signbsl.com/videos/asl/youtube/mp4/qDXUiC0qmW8.mp4
firestorm, https://media.signbsl.com/videos/asl/youtube/mp4/RbZ1kC2jTU0.mp4
firetrap, https://media.signbsl.com/videos/asl/youtube/mp4/8VoUous3SQY.mp4
fire truck, https://media.signbsl.com/videos/asl/aslsearch/mp4/fire-truck.mp4
fire up, https://media.signbsl.com/videos/asl/youtube/mp4/2SlVa2H41QM.mp4
firewall, https://media.signbsl.com/videos/asl/deaftec/mp4/976.mp4
firewood, https://media.signbsl.com/videos/asl/aslsearch/mp4/firewood.mp4
firework, https://media.signbsl.com/videos/asl/aslsearch/mp4/fireworks.mp4
fireworks, https://media.signbsl.com/videos/asl/aslsearch/mp4/fireworks.mp4
firework variant not recommended, https://media.signbsl.com/videos/asl/youtube/mp4/a1HgcAzTfFA.mp4
firing, https://media.signbsl.com/videos/asl/youtube/mp4/6rrxvyNR1PU.mp4
firing order, https://media.signbsl.com/videos/asl/AustinCommunityCollege/mp4/auto_firing_order_.mp4
firm, https://media.signbsl.com/videos/asl/youtube/mp4/mg_ifKEld-g.mp4
firmament, https://media.signbsl.com/videos/asl/signlanguagestudent/mp4/firmament.mp4
firmer, https://media.signbsl.com/videos/asl/youtube/mp4/WmrodBzlSoQ.mp4
firmness, https://media.signbsl.com/videos/asl/youtube/mp4/4AjYCQeO2T8.mp4
first, https://media.signbsl.com/videos/asl/startasl/mp4/first.mp4
first1, https://media.signbsl.com/videos/asl/signlanguagestudent/mp4/first1.mp4
first aid, https://player.vimeo.com/external/392127258.sd.mp4?s=b5f2cc211a4a27935975227c922dc86d614d2b7b&profile_id=164
first appearance, https://media.signbsl.com/videos/asl/youtube/mp4/AWG2fJsm-TE.mp4
first base, https://media.signbsl.com/videos/asl/youtube/mp4/UoWuEmmzx1E.mp4
firstborn, https://media.signbsl.com/videos/asl/youtube/mp4/BKV2OtSkcJ4.mp4
first class, https://media.signbsl.com/videos/asl/aslsearch/mp4/excellent.mp4
first cousin, https://media.signbsl.com/videos/asl/aslsignbank/mp4/COUSIN-1171.mp4
first derivative, https://media.signbsl.com/videos/asl/AustinCommunityCollege/mp4/auto_differential_.mp4
first down, https://media.signbsl.com/videos/asl/youtube/mp4/pYNp6qG4sJI.mp4
firsthand, https://media.signbsl.com/videos/asl/youtube/mp4/wrZaII_0eAI.mp4
first light, https://player.vimeo.com/external/391917102.sd.mp4?s=51eed1c8462cb12376308ad1c796aa536f7881d4&profile_id=164
first list technique, https://media.signbsl.com/videos/asl/signlanguagestudent/mp4/first%20(list%20technique).mp4
firstly, https://media.signbsl.com/videos/asl/startasl/mp4/first.mp4
first name, https://media.signbsl.com/videos/asl/youtube/mp4/q9swUacGeDI.mp4
first nations, https://player.vimeo.com/external/392127290.sd.mp4?s=1dba65e7ef8e1950a868f9fc36e471e0d5365918&profile_id=164
first of all, https://media.signbsl.com/videos/asl/startasl/mp4/first.mp4
first off, https://media.signbsl.com/videos/asl/startasl/mp4/first.mp4
first place, https://media.signbsl.com/videos/asl/aslsearch/mp4/first2.mp4
First Presidency, https://media.signbsl.com/videos/asl/ids/mp4/2013-11-1740-first-presidency-1500k-ase.mp4
first principle, https://media.signbsl.com/videos/asl/aslsignbank/mp4/ALPHABET-2200.mp4
first rate, https://media.signbsl.com/videos/asl/youtube/mp4/r_jf0dpBhSE.mp4
first rudiment, https://media.signbsl.com/videos/asl/aslsignbank/mp4/ALPHABET-2200.mp4
first team, https://media.signbsl.com/videos/asl/aslsearch/mp4/varsity.mp4
first thing, https://media.signbsl.com/videos/asl/youtube/mp4/0Hh0RwWx2iY.mp4
first to second, https://media.signbsl.com/videos/asl/youtube/mp4/_fvKyDWsiGc.mp4
First Vision, https://media.signbsl.com/videos/asl/ids/mp4/2013-11-1750-first-vision-1500k-ase.mp4
First World War, https://media.signbsl.com/videos/asl/elementalaslconcepts/mp4/world_war_i.mp4
first year of college, https://media.signbsl.com/videos/asl/aslsignbank/mp4/FRESHMAN-2972.mp4
fiscal, https://media.signbsl.com/videos/asl/youtube/mp4/-ZvP3p2tsJE.mp4
fish, https://media.signbsl.com/videos/asl/startasl/mp4/fish.mp4
fish bowl, https://media.signbsl.com/videos/asl/youtube/mp4/_ly2BH6F1Qc.mp4
fishbowl, https://media.signbsl.com/videos/asl/youtube/mp4/_ly2BH6F1Qc.mp4
fishcake, NA
fisher, https://media.signbsl.com/videos/asl/aslbricks/mp4/fisherman.mp4
fisheries, https://media.signbsl.com/videos/asl/youtube/mp4/TWk8ST9rFSQ.mp4
fisherman, https://media.signbsl.com/videos/asl/aslbricks/mp4/fisherman.mp4
fishery, https://media.signbsl.com/videos/asl/youtube/mp4/TWk8ST9rFSQ.mp4
fishie, https://media.signbsl.com/videos/asl/youtube/mp4/4blCjn524HY.mp4
fishily, https://media.signbsl.com/videos/asl/youtube/mp4/CAt0r-UK9GU.mp4
fishiness, https://media.signbsl.com/videos/asl/youtube/mp4/8djJPRon9aI.mp4
fishing, https://media.signbsl.com/videos/asl/startasl/mp4/fishing.mp4
fishing line, https://player.vimeo.com/external/392766852.sd.mp4?s=bcd935d2aa4ac2511a9a3348013b29a10bf578de&profile_id=164
fishing pole, https://media.signbsl.com/videos/asl/aslsearch/mp4/fishing-pole.mp4
fishing rod, https://media.signbsl.com/videos/asl/aslsearch/mp4/fishing-pole.mp4
fishlike, https://media.signbsl.com/videos/asl/youtube/mp4/FI7_nB8oTd8.mp4
fishmonger, https://media.signbsl.com/videos/asl/youtube/mp4/0dNJrURzbAs.mp4
fishpond, https://media.signbsl.com/videos/asl/youtube/mp4/Lf0_B9fT7Y0.mp4
fish swallow, https://player.vimeo.com/external/392676559.sd.mp4?s=c4fa17ae367197d11d22e4cd37c7ecafcb31878b&profile_id=164
fishtail, https://media.signbsl.com/videos/asl/youtube/mp4/Zw86P8D_DGw.mp4
fish tank, https://media.signbsl.com/videos/asl/aslsearch/mp4/aquarium.mp4
fishwife, https://media.signbsl.com/videos/asl/youtube/mp4/0dNJrURzbAs.mp4
fishy, https://player.vimeo.com/external/392127427.sd.mp4?s=e92875d83b1f664e3b8a5ebd00a0c18d840a10d0&profile_id=164
fissile, https://media.signbsl.com/videos/asl/youtube/mp4/8SRKpEBsUfc.mp4
fission, https://media.signbsl.com/videos/asl/youtube/mp4/m3q8mH5qDvA.mp4
fist, https://media.signbsl.com/videos/asl/aslsearch/mp4/fist.mp4
fistful, https://media.signbsl.com/videos/asl/youtube/mp4/CmLgM5fCApc.mp4
fit, https://media.signbsl.com/videos/asl/youtube/mp4/IzxS4yEDVHU.mp4
fit as a fiddle, https://media.signbsl.com/videos/asl/youtube/mp4/j-qL1uhVp0k.mp4
fitch, https://media.signbsl.com/videos/asl/youtube/mp4/rgaH5ixZ3Oc.mp4
fitful, https://media.signbsl.com/videos/asl/youtube/mp4/rEPZzJl7_A4.mp4
fitness, https://media.signbsl.com/videos/asl/youtube/mp4/BX_sPzxbkuQ.mp4
fit out, https://media.signbsl.com/videos/asl/aslsearch/mp4/garment.mp4
fitter, https://media.signbsl.com/videos/asl/youtube/mp4/q77cjoGHQRs.mp4
fitting, https://media.signbsl.com/videos/asl/youtube/mp4/HovG2Xui6Xs.mp4
fit to be tied, https://media.signbsl.com/videos/asl/youtube/mp4/WyoeXAEdTx4.mp4
five, https://media.signbsl.com/videos/asl/aslsignbank/mp4/FIVE-459.mp4
five cents, https://player.vimeo.com/external/392127479.sd.mp4?s=2e658726c528afc63edb0cbae91af260420d824d&profile_id=164
five days, https://media.signbsl.com/videos/asl/aslsignbank/mp4/NUMBER-DAYS-2810.mp4
five days ago, https://media.signbsl.com/videos/asl/youtube/mp4/I7KYgr-OUXs.mp4
five days later, https://media.signbsl.com/videos/asl/youtube/mp4/doqZwNkbrV4.mp4
five dollars, https://media.signbsl.com/videos/asl/aslsignbank/mp4/FIVE-DOLLARS-2436.mp4
five dollars and seventy five cents, https://media.signbsl.com/videos/asl/mariekatzenbachschool/mp4/five%20dollars%20and%20seventy%20five%20cents.mp4
fivefold, https://player.vimeo.com/external/392127591.sd.mp4?s=8c2d55a9cf32c94a6705bcafd8b7e85c121dd12d&profile_id=164
five hours, https://media.signbsl.com/videos/asl/youtube/mp4/NFSYKrmkobs.mp4
five hundred, https://media.signbsl.com/videos/asl/aslsignbank/mp4/FIVE-HUNDRED-2681.mp4
five million dollars, https://media.signbsl.com/videos/asl/mariekatzenbachschool/mp4/five%20million%20dollars.mp4
five minutes, https://media.signbsl.com/videos/asl/youtube/mp4/aBYCeTtIHO8.mp4
five months, https://media.signbsl.com/videos/asl/youtube/mp4/_UC0UtQLssE.mp4
five oclock, https://media.signbsl.com/videos/asl/youtube/mp4/zViCtHFXvJw.mp4
five of them, https://media.signbsl.com/videos/asl/youtube/mp4/AoYP4n09zGk.mp4
five of us, https://media.signbsl.com/videos/asl/youtube/mp4/pdOtOl2TDMA.mp4
five on five, https://media.signbsl.com/videos/asl/youtube/mp4/80LeldwkFIQ.mp4
five people walking together, https://media.signbsl.com/videos/asl/youtube/mp4/fnx1SKOvJnA.mp4
five points, https://media.signbsl.com/videos/asl/youtube/mp4/IS6jMgmj1Uk.mp4
five thousand dollars, https://media.signbsl.com/videos/asl/mariekatzenbachschool/mp4/five%20thousand%20dollars.mp4
five times, https://media.signbsl.com/videos/asl/youtube/mp4/488S0keN7KU.mp4
five weeks, https://media.signbsl.com/videos/asl/youtube/mp4/8upZJ_MQ7kQ.mp4
five weeks ago, https://media.signbsl.com/videos/asl/youtube/mp4/mSjP9w0qzxQ.mp4
five weeks later, https://media.signbsl.com/videos/asl/youtube/mp4/7FJYlcm82DY.mp4
five years ago, https://media.signbsl.com/videos/asl/youtube/mp4/5XhKXUllve4.mp4
five years later, https://media.signbsl.com/videos/asl/youtube/mp4/zUo8Xs-F8_4.mp4
fix, https://media.signbsl.com/videos/asl/startasl/mp4/fixing.mp4
fixable, https://media.signbsl.com/videos/asl/youtube/mp4/rmTl5Nozt8A.mp4
fix at, https://media.signbsl.com/videos/asl/youtube/mp4/iN5srqGJufE.mp4
fixed, https://media.signbsl.com/videos/asl/youtube/mp4/LCHmufaUDhI.mp4
fixedness, https://media.signbsl.com/videos/asl/youtube/mp4/tDNDUv_5yrg.mp4
fixed point part, https://media.signbsl.com/videos/asl/youtube/mp4/cP5onJzkEgI.mp4
fixer, https://media.signbsl.com/videos/asl/youtube/mp4/xG2l-UbnYiE.mp4
fixing, https://media.signbsl.com/videos/asl/startasl/mp4/fixing.mp4
fixings, https://media.signbsl.com/videos/asl/youtube/mp4/AKDRPJcPyyU.mp4
fixity, https://media.signbsl.com/videos/asl/youtube/mp4/pmfgvva-Q2c.mp4
fix on, https://media.signbsl.com/videos/asl/youtube/mp4/e8HHsWHWie4.mp4
fixture, https://media.signbsl.com/videos/asl/startasl/mp4/fixing.mp4
fix up, https://media.signbsl.com/videos/asl/youtube/mp4/94jLZKS1Zeo.mp4
fizz, https://player.vimeo.com/external/392129309.sd.mp4?s=3a19b4d3ea8cdf2a7bd2bef3c92bf24b46872eba&profile_id=164
fizzle, https://media.signbsl.com/videos/asl/youtube/mp4/RH_2zcpxKnc.mp4
fizzle out, https://media.signbsl.com/videos/asl/youtube/mp4/RH_2zcpxKnc.mp4
fjord, https://media.signbsl.com/videos/asl/youtube/mp4/fl1TCh8Q1J8.mp4
FL, https://media.signbsl.com/videos/asl/youtube/mp4/sXM8QeBTErY.mp4
flabbergast, https://player.vimeo.com/external/392127638.sd.mp4?s=f4307426239d1fa76806b0119d5cf74303ca93fc&profile_id=164
flabbergasted, https://player.vimeo.com/external/392517281.sd.mp4?s=2cbaf82c07e2a11f5e2a44e0f6654f00457dc8bf&profile_id=164
flabby, https://media.signbsl.com/videos/asl/youtube/mp4/mAupbOpXCUQ.mp4
flaccid, https://media.signbsl.com/videos/asl/youtube/mp4/mAupbOpXCUQ.mp4
flaccider, https://media.signbsl.com/videos/asl/youtube/mp4/VIrtNr4PP3o.mp4
flack, https://player.vimeo.com/external/392700605.sd.mp4?s=e2d69ffc58942fe379e1a313cc63263780242dc1&profile_id=164
flag, https://media.signbsl.com/videos/asl/aslsearch/mp4/flag.mp4
Flag Day, https://player.vimeo.com/external/392676664.sd.mp4?s=55c1edf2205cc66e8afce01403aef84473ad81e3&profile_id=164
flagellant, https://media.signbsl.com/videos/asl/youtube/mp4/XS4Mih2mT68.mp4
flagellate, https://media.signbsl.com/videos/asl/youtube/mp4/s2qOi098y0U.mp4
flagellated protozoan, https://media.signbsl.com/videos/asl/youtube/mp4/s2qOi098y0U.mp4
flagellate protozoan, https://media.signbsl.com/videos/asl/youtube/mp4/s2qOi098y0U.mp4
flag football, https://media.signbsl.com/videos/asl/youtube/mp4/XG-TFxFtUFU.mp4
flagman, https://media.signbsl.com/videos/asl/youtube/mp4/dPieF2Cxy4c.mp4
flagpole, https://media.signbsl.com/videos/asl/youtube/mp4/9nv8skK81Mk.mp4
flagrance, https://media.signbsl.com/videos/asl/youtube/mp4/6Fof5YuhgAs.mp4
flagrant, https://media.signbsl.com/videos/asl/youtube/mp4/Iu-srSSRo-k.mp4
flagship, https://media.signbsl.com/videos/asl/youtube/mp4/9GunL9yB_jM.mp4
flagstaff, https://media.signbsl.com/videos/asl/youtube/mp4/9nv8skK81Mk.mp4
flail, https://media.signbsl.com/videos/asl/youtube/mp4/FzTzUnRefsM.mp4
flair, https://media.signbsl.com/videos/asl/youtube/mp4/q5HMYFXZHng.mp4
flak, https://player.vimeo.com/external/392700605.sd.mp4?s=e2d69ffc58942fe379e1a313cc63263780242dc1&profile_id=164
flake, https://media.signbsl.com/videos/asl/youtube/mp4/GAoqBeLW2zA.mp4
flake out, https://media.signbsl.com/videos/asl/youtube/mp4/6T2tA6p8D3A.mp4
flakey, https://media.signbsl.com/videos/asl/youtube/mp4/2GNiEw6iCKs.mp4
flakiness, https://media.signbsl.com/videos/asl/aslsignbank/mp4/CRAZY-1186.mp4
flaky, https://media.signbsl.com/videos/asl/aslsearch/mp4/bizarre.mp4
flamboyance, https://media.signbsl.com/videos/asl/youtube/mp4/R0FgH44WL5k.mp4
flame, https://media.signbsl.com/videos/asl/youtube/mp4/0pWwmyGHwX8.mp4
flame up, https://player.vimeo.com/external/391223055.sd.mp4?s=c3c4917b4263eec1379dee9fa8e645f9c069f275&profile_id=164
flaming, https://media.signbsl.com/videos/asl/youtube/mp4/0pWwmyGHwX8.mp4
flamingo, https://media.signbsl.com/videos/asl/aslsearch/mp4/flamingo.mp4
flammability, https://media.signbsl.com/videos/asl/youtube/mp4/y-HjfZXdL8I.mp4
flammable, https://media.signbsl.com/videos/asl/youtube/mp4/bRbuKW1jrbk.mp4
flank, https://media.signbsl.com/videos/asl/youtube/mp4/wTT14poNPPE.mp4
flannel cake, https://media.signbsl.com/videos/asl/youtube/mp4/JYixqJW5ISo.mp4
flaovored, https://media.signbsl.com/videos/asl/youtube/mp4/ppS3shosExY.mp4
flap, https://media.signbsl.com/videos/asl/aslsignbank/mp4/FLY-1486.mp4
flapcake, https://media.signbsl.com/videos/asl/youtube/mp4/JYixqJW5ISo.mp4
flapjack, https://media.signbsl.com/videos/asl/youtube/mp4/JYixqJW5ISo.mp4
flapper, https://media.signbsl.com/videos/asl/youtube/mp4/bXNE5ZLH4Gk.mp4
flapping, https://media.signbsl.com/videos/asl/aslsignbank/mp4/FLY-1486.mp4
flare, https://player.vimeo.com/external/392127706.sd.mp4?s=ce41995f1b945f9031e7febf2455e889d9959ed8&profile_id=164
flare up, https://media.signbsl.com/videos/asl/youtube/mp4/nmUFSLTScE8.mp4
flash, https://media.signbsl.com/videos/asl/aslsearch/mp4/flash.mp4
flashback, https://player.vimeo.com/external/392128186.sd.mp4?s=42d24d5dcc2885cef4c454af933dadf61ebf49fb&profile_id=164
flashback arrestors, https://media.signbsl.com/videos/asl/AustinCommunityCollege/mp4/weld_flashback_arrestors_.mp4
flash bulb, https://player.vimeo.com/external/392127731.sd.mp4?s=04773ea93836afa17c1535d5bf94894524b42ceb&profile_id=164
flashbulb, https://player.vimeo.com/external/392127731.sd.mp4?s=04773ea93836afa17c1535d5bf94894524b42ceb&profile_id=164
flasher, https://media.signbsl.com/videos/asl/youtube/mp4/XL1WZ-OeRFo.mp4
flash flood, https://player.vimeo.com/external/392676761.sd.mp4?s=cb786a361232ecfc23e9968b079a5e27be8178a9&profile_id=164
flashflood, https://player.vimeo.com/external/392676761.sd.mp4?s=cb786a361232ecfc23e9968b079a5e27be8178a9&profile_id=164
flashgun, https://player.vimeo.com/external/392127731.sd.mp4?s=04773ea93836afa17c1535d5bf94894524b42ceb&profile_id=164
flashier, https://media.signbsl.com/videos/asl/youtube/mp4/kUuAAr0ryD8.mp4
flashiness, https://media.signbsl.com/videos/asl/youtube/mp4/N9yhABLu82I.mp4
flashing light, https://player.vimeo.com/external/392128208.sd.mp4?s=52bccaa291336a03a6ac1c62b11ae048bd76a0fe&profile_id=164
flash lamp, https://player.vimeo.com/external/392127731.sd.mp4?s=04773ea93836afa17c1535d5bf94894524b42ceb&profile_id=164
flashlight, https://media.signbsl.com/videos/asl/aslsearch/mp4/flashlight.mp4
flash point, https://media.signbsl.com/videos/asl/youtube/mp4/eraN6WrCK4w.mp4
flashpoint, https://media.signbsl.com/videos/asl/youtube/mp4/eraN6WrCK4w.mp4
flashy, https://media.signbsl.com/videos/asl/youtube/mp4/cJcGG03Iqso.mp4
flask, https://media.signbsl.com/videos/asl/deaftec/mp4/1378.mp4
flat, https://media.signbsl.com/videos/asl/startasl/mp4/apartment.mp4
flatboat, https://media.signbsl.com/videos/asl/youtube/mp4/oMw68vRf_4s.mp4
flat coat, https://media.signbsl.com/videos/asl/youtube/mp4/t-uL9s1SlLs.mp4
flat hat, https://media.signbsl.com/videos/asl/youtube/mp4/Tcf1f9R4GtQ.mp4
flatiron, https://media.signbsl.com/videos/asl/youtube/mp4/ZLyrELK41D8.mp4
flatland, https://media.signbsl.com/videos/asl/youtube/mp4/OcZFAD48mpM.mp4
flatline, https://player.vimeo.com/external/392128303.sd.mp4?s=93dca260a02df4f4ac79a42ad66ef58e7a7d3eca&profile_id=164
flatmate, https://media.signbsl.com/videos/asl/youtube/mp4/IZK2ikUWcuw.mp4
flat out, https://player.vimeo.com/external/392128243.sd.mp4?s=1c2e2c79aa6b3fa166bf4615c64294f3ce0c9044&profile_id=164
flat rate, https://player.vimeo.com/external/392128252.sd.mp4?s=75f379f7e9c3929615c9265d9a8180bce23abd59&profile_id=164
flatten, https://player.vimeo.com/external/392128322.sd.mp4?s=1ac06c27eb9c028b523b13c3210c9bc9f3d807ef&profile_id=164
flatter, https://media.signbsl.com/videos/asl/aslsignbank/mp4/FLIRT-2565.mp4
flatterer, https://media.signbsl.com/videos/asl/youtube/mp4/8hKZn6VE4II.mp4
flat tip screwdriver, https://media.signbsl.com/videos/asl/AustinCommunityCollege/mp4/auto_flathead_.mp4
flat tire, https://media.signbsl.com/videos/asl/aslsearch/mp4/flat-tire.mp4
flattop, https://player.vimeo.com/external/391912610.sd.mp4?s=b3713ec3d5688a820b3f5c3465131635fe825b61&profile_id=164
flatulence, https://media.signbsl.com/videos/asl/youtube/mp4/ExyivJ15t8o.mp4
flatulent, https://media.signbsl.com/videos/asl/youtube/mp4/oVGemU8M-pA.mp4
flatware, https://media.signbsl.com/videos/asl/youtube/mp4/uTQiSvwSw-A.mp4
flaunt, https://player.vimeo.com/external/392128360.sd.mp4?s=ef42898b126bd3f01a13e27cc8b40478c38b6d95&profile_id=164
flavor, https://player.vimeo.com/external/392436550.sd.mp4?s=0b1eba7f3d8c336c199765f65c0140e685c027ef&profile_id=164
flavorless, https://media.signbsl.com/videos/asl/youtube/mp4/b0S33yHhjCk.mp4
flavour, https://player.vimeo.com/external/392436550.sd.mp4?s=0b1eba7f3d8c336c199765f65c0140e685c027ef&profile_id=164
flavourless, https://media.signbsl.com/videos/asl/youtube/mp4/b0S33yHhjCk.mp4
flaw, https://player.vimeo.com/external/392128386.sd.mp4?s=a68fcb23ddcfc7079957fcf58dabd293e4fef0ad&profile_id=164
flawless, https://player.vimeo.com/external/392128408.sd.mp4?s=9a55f00ea204a28152c43167815062f170d39493&profile_id=164
flawlessly, https://media.signbsl.com/videos/asl/youtube/mp4/sspjQtQniOo.mp4
flea, https://media.signbsl.com/videos/asl/youtube/mp4/fe44qGJmeZg.mp4
fleabag, https://media.signbsl.com/videos/asl/youtube/mp4/_iS9XKlKcx8.mp4
fleabite, NA
fleck, https://player.vimeo.com/external/392128425.sd.mp4?s=56921882407a74f24c77f309af73e5bff639a1ca&profile_id=164
flecks, https://player.vimeo.com/external/392128425.sd.mp4?s=56921882407a74f24c77f309af73e5bff639a1ca&profile_id=164
fled, https://media.signbsl.com/videos/asl/youtube/mp4/q_iSgIpQXmI.mp4
fledge, https://media.signbsl.com/videos/asl/youtube/mp4/ns6XiwMA2Bs.mp4
fledgeling, https://media.signbsl.com/videos/asl/aslsearch/mp4/freshman.mp4
fledgling, https://media.signbsl.com/videos/asl/aslsearch/mp4/freshman.mp4
flee, https://media.signbsl.com/videos/asl/aslsearch/mp4/elude.mp4
fleece, https://media.signbsl.com/videos/asl/aslsearch/mp4/overcharge.mp4
fleeceable, https://media.signbsl.com/videos/asl/signlanguagestudent/mp4/gullible.mp4
fleecy, https://media.signbsl.com/videos/asl/youtube/mp4/Z0_rLCOyvTw.mp4
fleet, https://media.signbsl.com/videos/asl/youtube/mp4/a1MIVCLQbG8.mp4
fleeting, https://media.signbsl.com/videos/asl/youtube/mp4/bAbdzgy7Txk.mp4
flesh, https://media.signbsl.com/videos/asl/valleybible/mp4/flesh.mp4
Flesh and Bone, https://media.signbsl.com/videos/asl/ids/mp4/2013-11-1760-flesh-and-bone-1500k-ase.mp4
fleshly, https://media.signbsl.com/videos/asl/youtube/mp4/C9RVNVtNRKY.mp4
flesh out, https://media.signbsl.com/videos/asl/aslsignbank/mp4/EXPAND-1349.mp4
fleshy, https://media.signbsl.com/videos/asl/youtube/mp4/GZ9Eg7AaMY0.mp4
flew, https://media.signbsl.com/videos/asl/youtube/mp4/aMmf7WbnyHA.mp4
flew onto, https://media.signbsl.com/videos/asl/youtube/mp4/I8JlkTjYzlg.mp4
flew open, https://media.signbsl.com/videos/asl/youtube/mp4/0XoCca4AVMM.mp4
flew up into, https://media.signbsl.com/videos/asl/youtube/mp4/E6cYY4OqMNQ.mp4
flex, https://media.signbsl.com/videos/asl/aslsearch/mp4/bend.mp4
flexible, https://media.signbsl.com/videos/asl/signlanguagestudent/mp4/flexible.mp4
flexible joint, https://player.vimeo.com/external/392180028.sd.mp4?s=b60de3780abce3314868442919243f29c942fd8d&profile_id=164
flexile, https://media.signbsl.com/videos/asl/signlanguagestudent/mp4/flexible.mp4
flextime, https://media.signbsl.com/videos/asl/youtube/mp4/BRUPuMtjvHI.mp4
flexure, https://media.signbsl.com/videos/asl/youtube/mp4/86fIZvTisGU.mp4
flick, https://media.signbsl.com/videos/asl/startasl/mp4/movie.mp4
flicker, https://media.signbsl.com/videos/asl/youtube/mp4/SSC9SdeHlfE.mp4
flied, https://media.signbsl.com/videos/asl/youtube/mp4/0UuCbs8FwUo.mp4
flier, https://player.vimeo.com/external/392677091.sd.mp4?s=d6045c024f5d4f54e69f4641c848279fe2110cdd&profile_id=164
flight, https://media.signbsl.com/videos/asl/youtube/mp4/04qkk3h9mRA.mp4
flight attendant, https://media.signbsl.com/videos/asl/valleybible/mp4/steward.mp4
flightier, https://media.signbsl.com/videos/asl/youtube/mp4/Wpy9Ym4Qt_A.mp4
flightless, https://media.signbsl.com/videos/asl/youtube/mp4/PiaNfuAGW2s.mp4
flight simulator, https://player.vimeo.com/external/392756476.sd.mp4?s=43cae97f3e2293fc44882f72b63fcc784a7338d1&profile_id=164
flighty, https://media.signbsl.com/videos/asl/youtube/mp4/7CMBaEF26HM.mp4
flighty emotional, https://media.signbsl.com/videos/asl/youtube/mp4/bPhvOz1vdAs.mp4
flimflam, https://media.signbsl.com/videos/asl/aslsignbank/mp4/FOOL-1491.mp4
flimsier, https://media.signbsl.com/videos/asl/youtube/mp4/lM-p0Yev6J8.mp4
flimsily, https://media.signbsl.com/videos/asl/youtube/mp4/dJdluyf92YU.mp4
flimsiness, https://media.signbsl.com/videos/asl/youtube/mp4/zvccxtUoJwc.mp4
flimsy, https://media.signbsl.com/videos/asl/youtube/mp4/HSpuI4O6rO4.mp4
flinch, https://media.signbsl.com/videos/asl/aslsearch/mp4/quail.mp4
flinder, https://media.signbsl.com/videos/asl/youtube/mp4/mnisXH2X6pk.mp4
flinders, https://media.signbsl.com/videos/asl/youtube/mp4/2khzC4Oc91g.mp4
fling, https://media.signbsl.com/videos/asl/youtube/mp4/1Xx-RqWnVD0.mp4
flinty, https://media.signbsl.com/videos/asl/youtube/mp4/OjnhQJ7iKMo.mp4
flip, https://media.signbsl.com/videos/asl/youtube/mp4/xFldNyzDOJs.mp4
flip flop, https://player.vimeo.com/external/392536399.sd.mp4?s=02a7b331fd7ffe49ba0ccf4e8024fcec540e069d&profile_id=164
flip flops, https://player.vimeo.com/external/392536399.sd.mp4?s=02a7b331fd7ffe49ba0ccf4e8024fcec540e069d&profile_id=164
flip ones lid, https://media.signbsl.com/videos/asl/youtube/mp4/LMPPEKxGRjg.mp4
flip ones wig, https://media.signbsl.com/videos/asl/youtube/mp4/LMPPEKxGRjg.mp4
flip over, https://media.signbsl.com/videos/asl/youtube/mp4/hMt7wi3sfpc.mp4
flippant, https://media.signbsl.com/videos/asl/youtube/mp4/foSVR4bleLM.mp4
flippantly, https://media.signbsl.com/videos/asl/youtube/mp4/mo58jv3G9xo.mp4
flipper, https://media.signbsl.com/videos/asl/youtube/mp4/A2BdWCwG4VI.mp4
flippers, https://media.signbsl.com/videos/asl/youtube/mp4/A2BdWCwG4VI.mp4
flirt, https://media.signbsl.com/videos/asl/aslsearch/mp4/crush.mp4
flirtation, https://media.signbsl.com/videos/asl/aslsearch/mp4/crush.mp4
flirting, https://media.signbsl.com/videos/asl/aslsearch/mp4/crush.mp4
flit about, https://media.signbsl.com/videos/asl/youtube/mp4/ahxjIgl_jKc.mp4
float, https://media.signbsl.com/videos/asl/aslsignbank/mp4/BLOW-UP-43.mp4
floater, https://media.signbsl.com/videos/asl/youtube/mp4/vgQyRyhvxFM.mp4
floating, https://player.vimeo.com/external/391988944.sd.mp4?s=4033cd11c400207fe1c25b46f760978646bfe88a&profile_id=164
float on water, https://media.signbsl.com/videos/asl/youtube/mp4/agR_pf4BTxw.mp4
flock, https://media.signbsl.com/videos/asl/aslsearch/mp4/lot.mp4
flog, https://media.signbsl.com/videos/asl/aslsearch/mp4/whip.mp4
flood, https://media.signbsl.com/videos/asl/startasl/mp4/flood.mp4
flooded, https://player.vimeo.com/external/391178424.sd.mp4?s=76a5363c0fcbc00ed00401c1907c340d70c95e9d&profile_id=164
floodgate, https://media.signbsl.com/videos/asl/youtube/mp4/Sg82d-NJ78s.mp4
flooding, https://media.signbsl.com/videos/asl/deaftec/mp4/978.mp4
flood lamp, https://player.vimeo.com/external/392128756.sd.mp4?s=6996c4fc9869651adb405e8dec2d541f080d652f&profile_id=164
flood light, https://player.vimeo.com/external/392128756.sd.mp4?s=6996c4fc9869651adb405e8dec2d541f080d652f&profile_id=164
floodlight, https://player.vimeo.com/external/392128756.sd.mp4?s=6996c4fc9869651adb405e8dec2d541f080d652f&profile_id=164
flood plain, https://media.signbsl.com/videos/asl/youtube/mp4/s4x8MLd2ORI.mp4
floodplain, https://media.signbsl.com/videos/asl/youtube/mp4/s4x8MLd2ORI.mp4
flood tide, https://player.vimeo.com/external/395767137.sd.mp4?s=a50b6e322fc655bea6ac9df7303be3e74b9c4e19&profile_id=164
floor, https://media.signbsl.com/videos/asl/startasl/mp4/floor.mp4
floored, https://media.signbsl.com/videos/asl/youtube/mp4/comA6x-FdFE.mp4
flooring, https://media.signbsl.com/videos/asl/startasl/mp4/floor.mp4
floor show, https://media.signbsl.com/videos/asl/youtube/mp4/kicUU8vmdmQ.mp4
floorshow, https://media.signbsl.com/videos/asl/youtube/mp4/kicUU8vmdmQ.mp4
floorwalker, https://media.signbsl.com/videos/asl/youtube/mp4/x5p2eL1cd9s.mp4
floozie, https://media.signbsl.com/videos/asl/youtube/mp4/83kYPaUmQaE.mp4
floozy, https://media.signbsl.com/videos/asl/youtube/mp4/83kYPaUmQaE.mp4
flop, https://media.signbsl.com/videos/asl/youtube/mp4/QVcE0EqdV7A.mp4
flophouse, https://media.signbsl.com/videos/asl/youtube/mp4/QIqvK5N0Uog.mp4
floppy, https://player.vimeo.com/external/391984048.sd.mp4?s=ca4ce9d4d83395030faa4bf7535706f0e5af0a83&profile_id=164
floppy disk, https://player.vimeo.com/external/391984048.sd.mp4?s=ca4ce9d4d83395030faa4bf7535706f0e5af0a83&profile_id=164
flopsy, https://media.signbsl.com/videos/asl/youtube/mp4/OpokS__tlQY.mp4
flora, https://media.signbsl.com/videos/asl/startasl/mp4/plant.mp4
floral, https://media.signbsl.com/videos/asl/youtube/mp4/XkTGH-A-f2c.mp4
floral print, https://player.vimeo.com/external/392676951.sd.mp4?s=ef0b602d150e38035a375020cf979e2b9528bba3&profile_id=164
florescence, https://media.signbsl.com/videos/asl/youtube/mp4/At90l8CGn_E.mp4
floret, https://media.signbsl.com/videos/asl/youtube/mp4/n9-efpBwuIQ.mp4
Florida, https://media.signbsl.com/videos/asl/youtube/mp4/sXM8QeBTErY.mp4
florider, https://media.signbsl.com/videos/asl/youtube/mp4/UQHibL1KUUs.mp4
floridness, https://media.signbsl.com/videos/asl/youtube/mp4/R0FgH44WL5k.mp4
florist, https://media.signbsl.com/videos/asl/aslsearch/mp4/florist.mp4
florist shop, https://media.signbsl.com/videos/asl/aslsearch/mp4/florist.mp4
floss, https://media.signbsl.com/videos/asl/aslsearch/mp4/floss.mp4
flotsam, https://media.signbsl.com/videos/asl/youtube/mp4/2uPrMiwV3Rs.mp4
flounce, https://media.signbsl.com/videos/asl/youtube/mp4/8Shioi4BBRM.mp4
flounder, https://media.signbsl.com/videos/asl/youtube/mp4/kCYk_3IASfc.mp4
flour, https://media.signbsl.com/videos/asl/aslsearch/mp4/flour.mp4
flourish, https://player.vimeo.com/external/392128888.sd.mp4?s=4780a02bad5b888a4ea6e913c6caeef4dc4f9058&profile_id=164
floury, https://media.signbsl.com/videos/asl/youtube/mp4/LrjR37C7bgM.mp4
flout, https://media.signbsl.com/videos/asl/aslsearch/mp4/jeer.mp4
flow, https://media.signbsl.com/videos/asl/aslsignbank/mp4/RIVER-979.mp4
flower, https://media.signbsl.com/videos/asl/startasl/mp4/flower.mp4
flower bed, https://media.signbsl.com/videos/asl/aslsearch/mp4/flower-bed.mp4
flowerbed, https://media.signbsl.com/videos/asl/aslsearch/mp4/flower-bed.mp4
flower child, https://media.signbsl.com/videos/asl/aslsignbank/mp4/HIPPIE-3354.mp4
flowered, https://media.signbsl.com/videos/asl/youtube/mp4/XkTGH-A-f2c.mp4
flower garden, https://media.signbsl.com/videos/asl/aslsearch/mp4/flower-garden.mp4
floweriness, https://media.signbsl.com/videos/asl/youtube/mp4/tTbAuWZQeJM.mp4
flowering, https://media.signbsl.com/videos/asl/youtube/mp4/At90l8CGn_E.mp4
flowerless, https://media.signbsl.com/videos/asl/youtube/mp4/ZUU-qAZqkuk.mp4
flower petal, https://media.signbsl.com/videos/asl/elementalaslconcepts/mp4/petal.mp4
flowerpot, https://media.signbsl.com/videos/asl/aslsearch/mp4/flowerpot.mp4
flower store, https://media.signbsl.com/videos/asl/aslsearch/mp4/florist.mp4
flowing, https://media.signbsl.com/videos/asl/aslsignbank/mp4/RIVER-979.mp4
flow of air, https://media.signbsl.com/videos/asl/youtube/mp4/-YxJiWlCVyY.mp4
flowrate, NA
flu, https://player.vimeo.com/external/392766955.sd.mp4?s=f1639f0d9c03c91d86a9e9aeff5f0453f032410b&profile_id=164
flub, https://player.vimeo.com/external/391206566.sd.mp4?s=02bb6d1dac0b98a725e6a55537518e36986978f5&profile_id=164
fluctuate, https://player.vimeo.com/external/392129039.sd.mp4?s=33d731fa6ad435335ae91d2f0146518fd214ffb6&profile_id=164
fluency, https://media.signbsl.com/videos/asl/youtube/mp4/3Xujl6tLdLM.mp4
fluent, https://media.signbsl.com/videos/asl/elementalaslconcepts/mp4/liquid.mp4
fluent signer, https://media.signbsl.com/videos/asl/youtube/mp4/gCoGgbt21sE.mp4
fluff, https://media.signbsl.com/videos/asl/youtube/mp4/8yfcS3cjIaI.mp4
fluffiness, https://media.signbsl.com/videos/asl/youtube/mp4/Qvrkj7wDqE0.mp4
fluid, https://media.signbsl.com/videos/asl/elementalaslconcepts/mp4/liquid.mp4
flukey, https://player.vimeo.com/external/392129099.sd.mp4?s=2b934711cbef4bed1051adc5c03aade03cde5858&profile_id=164
fluky, https://player.vimeo.com/external/392129099.sd.mp4?s=2b934711cbef4bed1051adc5c03aade03cde5858&profile_id=164
flummery, https://media.signbsl.com/videos/asl/youtube/mp4/13S5MoIUxMo.mp4
flump, https://media.signbsl.com/videos/asl/youtube/mp4/DSlhpFKO8Uo.mp4
flunk, https://media.signbsl.com/videos/asl/aslsignbank/mp4/FORFEIT-2921.mp4
flunkey, https://media.signbsl.com/videos/asl/youtube/mp4/GLJd8R6sPio.mp4
flunkies, https://media.signbsl.com/videos/asl/youtube/mp4/GLJd8R6sPio.mp4
flunky, https://media.signbsl.com/videos/asl/youtube/mp4/GLJd8R6sPio.mp4
fluoridate, https://media.signbsl.com/videos/asl/youtube/mp4/MfaCRoa-ES4.mp4
fluoridise, https://media.signbsl.com/videos/asl/youtube/mp4/MfaCRoa-ES4.mp4
fluoridize, https://media.signbsl.com/videos/asl/youtube/mp4/MfaCRoa-ES4.mp4
flurried, https://media.signbsl.com/videos/asl/youtube/mp4/3NGRoUMyi4I.mp4
flurries, https://media.signbsl.com/videos/asl/youtube/mp4/EnxyRHEy1r8.mp4
flurry, https://media.signbsl.com/videos/asl/youtube/mp4/EnxyRHEy1r8.mp4
flush, https://media.signbsl.com/videos/asl/aslsignbank/mp4/MAKE-UP-1629.mp4
flush it, https://media.signbsl.com/videos/asl/aslsignbank/mp4/FORFEIT-2921.mp4
flu shot, https://player.vimeo.com/external/392129017.sd.mp4?s=8f5ffd56914b4a152583cfc2e7a9b1b79ae04497&profile_id=164
fluster, https://media.signbsl.com/videos/asl/youtube/mp4/XaH4NlONH9Y.mp4
flustered, https://player.vimeo.com/external/392677035.sd.mp4?s=1d477c4d9ab9925d48ca0f4dd8b2b97200bc8bfd&profile_id=164
flute, https://media.signbsl.com/videos/asl/aslsignbank/mp4/FLUTE-1485.mp4
flutter, https://media.signbsl.com/videos/asl/aslsignbank/mp4/FLY-1486.mp4
fluttering, https://media.signbsl.com/videos/asl/aslsignbank/mp4/FLY-1486.mp4
flutter kick, https://player.vimeo.com/external/392129158.sd.mp4?s=8c66d6ccaae8d7b8dcb13e84284f7779d75b7e5a&profile_id=164
fluvial, https://media.signbsl.com/videos/asl/youtube/mp4/qRxS9DWI0pg.mp4
flux, https://media.signbsl.com/videos/asl/aslsignbank/mp4/MATCH-1624.mp4
flux coated electrode, https://media.signbsl.com/videos/asl/AustinCommunityCollege/mp4/weld_fluxcoated_electrode_.mp4
fly, https://media.signbsl.com/videos/asl/aslsearch/mp4/pilot.mp4
flyable, https://media.signbsl.com/videos/asl/youtube/mp4/1j8g4YsQLAU.mp4
flyaway, https://media.signbsl.com/videos/asl/youtube/mp4/ydhbAoYq9jY.mp4
flyblown, https://media.signbsl.com/videos/asl/youtube/mp4/L_6C0D_xBGQ.mp4
flyboarding, https://player.vimeo.com/external/392129265.sd.mp4?s=47dbeee92d0385c1c67c2c7785f19e70f1ae40e3&profile_id=164
flyby, NA
fly by aircraft, https://player.vimeo.com/external/392129217.sd.mp4?s=e1c8bc00db049b32474f98a1ed6e9705e3593e65&profile_id=164
fly by wings, https://player.vimeo.com/external/392129233.sd.mp4?s=dfd48ba8937056dee69b8890622da4350f471be3&profile_id=164
flyer, https://player.vimeo.com/external/392677091.sd.mp4?s=d6045c024f5d4f54e69f4641c848279fe2110cdd&profile_id=164
fly fishing, https://media.signbsl.com/videos/asl/youtube/mp4/gYRf_YuvTgk.mp4
flying field, https://media.signbsl.com/videos/asl/youtube/mp4/dSJER4fQ5zo.mp4
flying saucer, https://player.vimeo.com/external/392543763.sd.mp4?s=5ea62bfb4ce56d58c019e1c42038d5367da7dce9&profile_id=164
fly insect, https://player.vimeo.com/external/392129255.sd.mp4?s=dc70e99eeb144575257de475f5dc8fc12039c24b&profile_id=164
fly kite, https://media.signbsl.com/videos/asl/youtube/mp4/ZQlpP68rGLI.mp4
fly off the handle, https://media.signbsl.com/videos/asl/youtube/mp4/LMPPEKxGRjg.mp4
flyover, https://media.signbsl.com/videos/asl/youtube/mp4/89saRBZPxqg.mp4
flypast, https://media.signbsl.com/videos/asl/youtube/mp4/89saRBZPxqg.mp4
flyspeck, https://player.vimeo.com/external/392520787.sd.mp4?s=0b76cce8f13515bc4666a6742cbd71b118525152&profile_id=164
fly stroke, https://media.signbsl.com/videos/asl/youtube/mp4/SxZrESz45gQ.mp4
flyswat, https://media.signbsl.com/videos/asl/youtube/mp4/QwW9gR4qxec.mp4
flyswatter, https://media.signbsl.com/videos/asl/youtube/mp4/QwW9gR4qxec.mp4
fly the coop, https://media.signbsl.com/videos/asl/youtube/mp4/iIPGD4v85NU.mp4
flyway, https://media.signbsl.com/videos/asl/youtube/mp4/oQYIBhAIlsY.mp4
foal, https://player.vimeo.com/external/392129290.sd.mp4?s=0cc6936b72d4778db734dda87deec3d2cec3bc14&profile_id=164
foam, https://player.vimeo.com/external/392129309.sd.mp4?s=3a19b4d3ea8cdf2a7bd2bef3c92bf24b46872eba&profile_id=164
fob, https://media.signbsl.com/videos/asl/youtube/mp4/EB8EzXaEeLo.mp4
focal, https://media.signbsl.com/videos/asl/youtube/mp4/Ib52s0CNy2o.mp4
focalise, https://media.signbsl.com/videos/asl/youtube/mp4/C6pta89uRME.mp4
focalize, https://media.signbsl.com/videos/asl/youtube/mp4/C6pta89uRME.mp4
focal point, https://player.vimeo.com/external/392767026.sd.mp4?s=839bcdc0f27e756d27ff7cdd64ae9c9a2a4b99dc&profile_id=164
focus, https://media.signbsl.com/videos/asl/youtube/mp4/cYMiOdhIpyM.mp4
focusing, https://media.signbsl.com/videos/asl/youtube/mp4/cYMiOdhIpyM.mp4
focus on, https://player.vimeo.com/external/392767064.sd.mp4?s=3b6f173c665a1dd9e60fbe7b2caf2da384b50c90&profile_id=164
focussing, https://media.signbsl.com/videos/asl/youtube/mp4/cYMiOdhIpyM.mp4
fodder, https://media.signbsl.com/videos/asl/youtube/mp4/k1KC_QJ4OBY.mp4
foe, https://player.vimeo.com/external/392129350.sd.mp4?s=bf0d75a5cde2d57b34211fea1fe0df223be05576&profile_id=164
foeman, https://player.vimeo.com/external/392129350.sd.mp4?s=bf0d75a5cde2d57b34211fea1fe0df223be05576&profile_id=164
foetal, https://media.signbsl.com/videos/asl/youtube/mp4/ogVH2qOM_hI.mp4
foetid, https://media.signbsl.com/videos/asl/aslsignbank/mp4/E(smelly)-1887.mp4
foetor, https://media.signbsl.com/videos/asl/aslsearch/mp4/stink.mp4
fog, https://media.signbsl.com/videos/asl/startasl/mp4/fog.mp4
fogbound, https://media.signbsl.com/videos/asl/youtube/mp4/h8bLX-0sz30.mp4
fogginess, https://media.signbsl.com/videos/asl/youtube/mp4/USJ2blffQuI.mp4
foggy, https://media.signbsl.com/videos/asl/aslsearch/mp4/blurred.mp4
fogyish, https://media.signbsl.com/videos/asl/youtube/mp4/e-bCV33EYec.mp4
foible, https://media.signbsl.com/videos/asl/youtube/mp4/Re2meN3W9WU.mp4
foil, https://media.signbsl.com/videos/asl/aslsearch/mp4/frustrate.mp4
foiled, https://media.signbsl.com/videos/asl/aslsignbank/mp4/FRUSTRATED-1506.mp4
foist, https://media.signbsl.com/videos/asl/youtube/mp4/7wPkY2MDnE8.mp4
fold, https://media.signbsl.com/videos/asl/aslsignbank/mp4/FOLD-1488.mp4
folded, https://media.signbsl.com/videos/asl/youtube/mp4/DONIFKKyjNY.mp4
folder, https://media.signbsl.com/videos/asl/aslsearch/mp4/brochure.mp4
folders, https://media.signbsl.com/videos/asl/aslsearch/mp4/brochure.mp4
fold one onto another, https://media.signbsl.com/videos/asl/youtube/mp4/81ayDkcNYH8.mp4
foldout, https://media.signbsl.com/videos/asl/youtube/mp4/tEFm6CvnSKA.mp4
fold up, https://media.signbsl.com/videos/asl/aslsignbank/mp4/FOLD-1488.mp4
foliaceous, https://media.signbsl.com/videos/asl/youtube/mp4/liuJn1bn698.mp4
foliage, https://media.signbsl.com/videos/asl/aslsearch/mp4/leaf.mp4
foliate, https://media.signbsl.com/videos/asl/youtube/mp4/RVFDnU2LJjo.mp4
foliated, https://media.signbsl.com/videos/asl/youtube/mp4/RVFDnU2LJjo.mp4
folk, https://player.vimeo.com/external/392129708.sd.mp4?s=24a2b0232c2b9e5f071c45e8c5cbc6381f54d48f&profile_id=164
folklore, https://player.vimeo.com/external/392129731.sd.mp4?s=027641ad821f8b2521eaf2b1742677eab01a64b2&profile_id=164
folklorist, https://media.signbsl.com/videos/asl/youtube/mp4/m1XVAQ3DI-s.mp4
folk tale, https://media.signbsl.com/videos/asl/youtube/mp4/9ILYL1csTGo.mp4
folktale, https://media.signbsl.com/videos/asl/youtube/mp4/9ILYL1csTGo.mp4
follicle, https://media.signbsl.com/videos/asl/youtube/mp4/yZN3RhwWL7s.mp4
follies, https://media.signbsl.com/videos/asl/youtube/mp4/RqnHw_htj2c.mp4
follow, https://media.signbsl.com/videos/asl/aslsignbank/mp4/FOLLOW-692.mp4
followed at a safe distance, https://media.signbsl.com/videos/asl/youtube/mp4/CaNfP2NZOX0.mp4
follower, https://media.signbsl.com/videos/asl/youtube/mp4/EdkL8ccv8HU.mp4
following, https://media.signbsl.com/videos/asl/aslsearch/mp4/step.mp4
follow me, https://media.signbsl.com/videos/asl/aslsearch/mp4/follow-me.mp4
follow up, https://player.vimeo.com/external/392129739.sd.mp4?s=a49c0de815469fce441778328b4d0408050b2bb6&profile_id=164
followup, https://player.vimeo.com/external/392129739.sd.mp4?s=a49c0de815469fce441778328b4d0408050b2bb6&profile_id=164
follow up on, https://media.signbsl.com/videos/asl/youtube/mp4/rBw1D7jAWaU.mp4
folly, https://media.signbsl.com/videos/asl/aslsignbank/mp4/CRAZY-1184.mp4
fond, https://media.signbsl.com/videos/asl/aslsignbank/mp4/FOND-1490.mp4
fondle, https://player.vimeo.com/external/392129761.sd.mp4?s=a481af0d3f6b523a94f8e0322b39166daa637199&profile_id=164
fondling, https://player.vimeo.com/external/392380749.sd.mp4?s=e9db38157d1680d5cda5968ce9f87323b597ee9c&profile_id=164
fondness, https://media.signbsl.com/videos/asl/aslsignbank/mp4/AFFECTION-2476.mp4
font, https://media.signbsl.com/videos/asl/ids/mp4/2013-11-460-baptismal-font-1500k-ase.mp4
food, https://media.signbsl.com/videos/asl/startasl/mp4/food.mp4
food elevator, https://media.signbsl.com/videos/asl/youtube/mp4/fa2GUoxZmV0.mp4
food grain, https://media.signbsl.com/videos/asl/aslsearch/mp4/cereal2.mp4
foodie, https://media.signbsl.com/videos/asl/youtube/mp4/BhaQAUfJiew.mp4
foodless, https://media.signbsl.com/videos/asl/youtube/mp4/l8n9oaVHxPk.mp4
food market, https://media.signbsl.com/videos/asl/aslsearch/mp4/grocery-store.mp4
food shop, https://media.signbsl.com/videos/asl/aslsignbank/mp4/RESTAURANT-969.mp4
food shopping, https://media.signbsl.com/videos/asl/aslsearch/mp4/food-shopping.mp4
foodstuff, https://media.signbsl.com/videos/asl/youtube/mp4/C9rVHkPymhc.mp4
fool, https://media.signbsl.com/videos/asl/youtube/mp4/sq_WJH8Guds.mp4
fool around, https://media.signbsl.com/videos/asl/youtube/mp4/MosZgNPZoJU.mp4
fooled, https://player.vimeo.com/external/392677226.sd.mp4?s=4e341051027b8e1c7d058c8fe3c890b6f0d3be54&profile_id=164
foolery, https://media.signbsl.com/videos/asl/aslsignbank/mp4/CRAZY-1184.mp4
foolhardily, https://media.signbsl.com/videos/asl/youtube/mp4/CFnxVa3YKwE.mp4
foolhardy, https://media.signbsl.com/videos/asl/unoclimb/mp4/vBO7TG4LU0Y.mp4
foolish, https://media.signbsl.com/videos/asl/aslsignbank/mp4/SILLY-259.mp4
foolishness, https://media.signbsl.com/videos/asl/aslsignbank/mp4/SILLY-259.mp4
foolproof, https://player.vimeo.com/external/392129881.sd.mp4?s=c432d46f1a9ee2a5da8804f026f86f9bcd3faac4&profile_id=164
foosball, https://player.vimeo.com/external/392677301.sd.mp4?s=f841bc4540734c820d80c2d78b7c0b55ef2b5c8e&profile_id=164
foot, https://media.signbsl.com/videos/asl/startasl/mp4/infantry.mp4
footage, https://media.signbsl.com/videos/asl/youtube/mp4/c8xlyN18rPU.mp4
football, https://media.signbsl.com/videos/asl/startasl/mp4/football.mp4
footballer, https://media.signbsl.com/videos/asl/youtube/mp4/RTkCJprrZOM.mp4
football field, https://media.signbsl.com/videos/asl/aslsearch/mp4/football-field.mp4
football game, https://media.signbsl.com/videos/asl/startasl/mp4/football.mp4
football helmet, https://player.vimeo.com/external/392677348.sd.mp4?s=f82b753094c75bb21e695767861f41ccd0c6e5ff&profile_id=164
football player, https://media.signbsl.com/videos/asl/youtube/mp4/RTkCJprrZOM.mp4
football stadium, https://media.signbsl.com/videos/asl/aslsearch/mp4/football-stadium.mp4
footbridge, https://media.signbsl.com/videos/asl/youtube/mp4/iJUMLykUpCc.mp4
foot doctor, https://media.signbsl.com/videos/asl/youtube/mp4/NhQCZLkFoD4.mp4
footer, https://media.signbsl.com/videos/asl/youtube/mp4/t7pRg8Ztw4I.mp4
footgear, https://media.signbsl.com/videos/asl/aslsignbank/mp4/SHOES-393.mp4
foothill, https://media.signbsl.com/videos/asl/youtube/mp4/Hy3vO5icD-k.mp4
foothold, https://media.signbsl.com/videos/asl/youtube/mp4/8lKnhHApOrc.mp4
footing, https://media.signbsl.com/videos/asl/youtube/mp4/XHmwMsgb8pU.mp4
footle, https://player.vimeo.com/external/392267878.sd.mp4?s=10d9266847209e94d3c1a9616403129d8e274422&profile_id=164
footless, https://media.signbsl.com/videos/asl/youtube/mp4/P12k09jzqPw.mp4
footman, https://media.signbsl.com/videos/asl/youtube/mp4/lA3JsXpdjig.mp4
footmark, https://media.signbsl.com/videos/asl/youtube/mp4/UQrw4DeUIk8.mp4
footprint, https://media.signbsl.com/videos/asl/youtube/mp4/UQrw4DeUIk8.mp4
footsie, https://media.signbsl.com/videos/asl/youtube/mp4/AgT5ECSB5Xc.mp4
footslog, https://media.signbsl.com/videos/asl/youtube/mp4/RiDadJQIWoY.mp4
footslogger, https://media.signbsl.com/videos/asl/youtube/mp4/uspoZVcK3U4.mp4
footslogging, https://media.signbsl.com/videos/asl/youtube/mp4/dBJr45a2sJg.mp4
foot soldier, https://media.signbsl.com/videos/asl/youtube/mp4/uspoZVcK3U4.mp4
footsore, https://media.signbsl.com/videos/asl/youtube/mp4/6lyP-RsKkVE.mp4
footstep, https://media.signbsl.com/videos/asl/youtube/mp4/pfJ48AeRTUE.mp4
footwear, https://media.signbsl.com/videos/asl/aslsignbank/mp4/SHOES-393.mp4
footwork, https://media.signbsl.com/videos/asl/youtube/mp4/vwEf9_Wscoo.mp4
fop, https://media.signbsl.com/videos/asl/youtube/mp4/_BkdL-AhgsA.mp4
foppish, https://media.signbsl.com/videos/asl/youtube/mp4/IG1sWA2jjZ8.mp4
for, https://media.signbsl.com/videos/asl/aslsignbank/mp4/FOR-135.mp4
for 24 hours, https://media.signbsl.com/videos/asl/youtube/mp4/EBvRKsPfYn4.mp4
fora, https://media.signbsl.com/videos/asl/youtube/mp4/Xi_P73P6IMA.mp4
forage, https://media.signbsl.com/videos/asl/youtube/mp4/40OHmVB2-18.mp4
foramen, https://player.vimeo.com/external/392178396.sd.mp4?s=9ac1fb01cb7211772d567945c78c20ee3cc43160&profile_id=164
for a while, https://media.signbsl.com/videos/asl/aslsignbank/mp4/LATER-1688.mp4
foray, https://media.signbsl.com/videos/asl/unoclimb/mp4/VUaWA8DLMsQ.mp4
forbad, https://media.signbsl.com/videos/asl/youtube/mp4/R6TsBn8qIDI.mp4
forbear, https://media.signbsl.com/videos/asl/youtube/mp4/i4smiznMib4.mp4
forbearance, https://media.signbsl.com/videos/asl/aslsearch/mp4/patience.mp4
forbid, https://media.signbsl.com/videos/asl/startasl/mp4/prevent.mp4
forbidden, https://media.signbsl.com/videos/asl/valleybible/mp4/forbidden.mp4
forbidding, https://player.vimeo.com/external/392867726.sd.mp4?s=e4ca45c108b96e854329f931b19fbd6508e5deb1&profile_id=164
force, https://media.signbsl.com/videos/asl/signlanguagestudent/mp4/force.mp4
force back, https://player.vimeo.com/external/392438263.sd.mp4?s=d3d496c5e8d33f064bce52fdc0aefcdef8280bdb&profile_id=164
forbidden, https://media.signbsl.com/videos/asl/valleybible/mp4/forbidden.mp4
forbidding, https://player.vimeo.com/external/392867726.sd.mp4?s=e4ca45c108b96e854329f931b19fbd6508e5deb1&profile_id=164
force, https://media.signbsl.com/videos/asl/signlanguagestudent/mp4/force.mp4
force back, https://player.vimeo.com/external/392438263.sd.mp4?s=d3d496c5e8d33f064bce52fdc0aefcdef8280bdb&profile_id=164
forceful, https://media.signbsl.com/videos/asl/youtube/mp4/zeH3KdYGYpM.mp4
force in, https://media.signbsl.com/videos/asl/youtube/mp4/zNaXSMObnOU.mp4
force into, https://media.signbsl.com/videos/asl/youtube/mp4/A6A-cNvgjNg.mp4
force majeure, https://media.signbsl.com/videos/asl/youtube/mp4/tTfrAms7iJI.mp4
force of habit, https://media.signbsl.com/videos/asl/youtube/mp4/OvsEn7Md4xQ.mp4
force out, https://media.signbsl.com/videos/asl/aslsignbank/mp4/GOUGE-727.mp4
force per unit area, https://media.signbsl.com/videos/asl/aslsignbank/mp4/STRESS-928.mp4
forceps, https://media.signbsl.com/videos/asl/deaftec/mp4/1379.mp4
for certain, https://media.signbsl.com/videos/asl/signlanguagestudent/mp4/certainly.mp4
Ford, https://media.signbsl.com/videos/asl/youtube/mp4/4qqUummXv0s.mp4
fordable, https://media.signbsl.com/videos/asl/youtube/mp4/pYGcMTSlii4.mp4
ford gerald, https://player.vimeo.com/external/392130288.sd.mp4?s=3b62e090d1e2cf3a3f38a23d2a8cbb2a94019714&profile_id=164
for each one, https://media.signbsl.com/videos/asl/aslsignbank/mp4/EVERY-1328.mp4
forearm, https://media.signbsl.com/videos/asl/aslsearch/mp4/forearm.mp4
forebear, https://media.signbsl.com/videos/asl/youtube/mp4/i4smiznMib4.mp4
forebode, https://media.signbsl.com/videos/asl/aslsignbank/mp4/GUESS-608.mp4
foreboding, https://media.signbsl.com/videos/asl/youtube/mp4/aZYka8oojP8.mp4
forecast, https://player.vimeo.com/external/392130313.sd.mp4?s=cb782415d2ae6a2fe3f73affd9210ae7ff72ce7d&profile_id=164
forecaster, https://media.signbsl.com/videos/asl/youtube/mp4/xAce_mfwvkY.mp4
foreclose, https://media.signbsl.com/videos/asl/startasl/mp4/prevent.mp4
forefeit, https://media.signbsl.com/videos/asl/youtube/mp4/K9IW2-yzGx4.mp4
forefinger, https://player.vimeo.com/external/392130337.sd.mp4?s=73703328e85393e4e15b33c52420ab74a56b0ab7&profile_id=164
forefront, https://media.signbsl.com/videos/asl/youtube/mp4/VL5YpwBWfio.mp4
foregather, https://media.signbsl.com/videos/asl/youtube/mp4/e_cTwM6dUWQ.mp4
forego, https://media.signbsl.com/videos/asl/youtube/mp4/OlBIURnEkyQ.mp4
foregone conclusion, https://media.signbsl.com/videos/asl/youtube/mp4/6Dd5I6kND3M.mp4
foreground, https://player.vimeo.com/external/392130357.sd.mp4?s=b7a97e0847c92474574c0dc39247f9f6e362aa29&profile_id=164
forehead, https://media.signbsl.com/videos/asl/aslsearch/mp4/forehead.mp4
foreign, https://media.signbsl.com/videos/asl/signlanguagestudent/mp4/foreign.mp4
foreign currency, https://player.vimeo.com/external/392677376.sd.mp4?s=c95bf2759e01c7ef2038436478f9fb170966dda6&profile_id=164
foreigner, https://media.signbsl.com/videos/asl/aslsignbank/mp4/FOREIGNER-2919.mp4
foreign mission, https://media.signbsl.com/videos/asl/valleybible/mp4/missions.mp4
foreknew, https://media.signbsl.com/videos/asl/youtube/mp4/XO7PrXik5ms.mp4
foreknow, https://media.signbsl.com/videos/asl/aslsignbank/mp4/PREDICT-924.mp4
foreknowledge, https://media.signbsl.com/videos/asl/youtube/mp4/bNfC7QrkF9c.mp4
foreland, https://media.signbsl.com/videos/asl/youtube/mp4/8R02z8h-cIE.mp4
foreman, https://media.signbsl.com/videos/asl/youtube/mp4/-h9BRdbyarg.mp4
foremost, https://media.signbsl.com/videos/asl/startasl/mp4/first.mp4
forename, https://media.signbsl.com/videos/asl/youtube/mp4/q9swUacGeDI.mp4
forenoon, https://media.signbsl.com/videos/asl/startasl/mp4/morning.mp4
forensic, https://media.signbsl.com/videos/asl/youtube/mp4/AsybOvXPsWA.mp4
foreordain, https://media.signbsl.com/videos/asl/ids/mp4/2013-11-1780-forordain-1500k-ase.mp4
foreordination, https://media.signbsl.com/videos/asl/valleybible/mp4/predestination.mp4
forepart, https://media.signbsl.com/videos/asl/startasl/mp4/front.mp4
foreplay, https://media.signbsl.com/videos/asl/youtube/mp4/MhBXqumz3C4.mp4
forerunner, https://media.signbsl.com/videos/asl/youtube/mp4/Ondjqh4WPhY.mp4
foresee, https://media.signbsl.com/videos/asl/aslsignbank/mp4/PREDICT-924.mp4
foreseeable, https://media.signbsl.com/videos/asl/youtube/mp4/EkPrXVkKcU4.mp4
foreseer, https://media.signbsl.com/videos/asl/youtube/mp4/hEweHrJh5W4.mp4
foreshadow, https://media.signbsl.com/videos/asl/youtube/mp4/9j_zT0Ewun4.mp4
foreshorten, https://media.signbsl.com/videos/asl/youtube/mp4/luqKCibGAYw.mp4
foresighted, https://media.signbsl.com/videos/asl/youtube/mp4/8OZCLNPqppQ.mp4
foresightful, https://media.signbsl.com/videos/asl/youtube/mp4/8OZCLNPqppQ.mp4
foreskin, https://media.signbsl.com/videos/asl/youtube/mp4/U5Tmjw0t0BM.mp4
forest, https://media.signbsl.com/videos/asl/startasl/mp4/forest.mp4
forestall, https://media.signbsl.com/videos/asl/startasl/mp4/prevent.mp4
forestall avert head offobviate precludestave off, https://media.signbsl.com/videos/asl/youtube/mp4/Xbil_qNujVw.mp4
Forester, https://media.signbsl.com/videos/asl/youtube/mp4/KrKqjKjOUVI.mp4
forest fire, https://player.vimeo.com/external/392130645.sd.mp4?s=c8cf38d8e4204da5f8104e137f399bc7274a8738&profile_id=164
forestry, https://media.signbsl.com/videos/asl/youtube/mp4/0-3XHIXY1xA.mp4
foreswear, https://media.signbsl.com/videos/asl/youtube/mp4/_N-PF5OKtFk.mp4
foretaste, https://media.signbsl.com/videos/asl/youtube/mp4/Rc33Zi4IVIA.mp4
foretell, https://media.signbsl.com/videos/asl/aslsignbank/mp4/GUESS-608.mp4
foretoken, https://media.signbsl.com/videos/asl/youtube/mp4/uu5Jq_ypOio.mp4
forever, https://media.signbsl.com/videos/asl/signlanguagestudent/mp4/forever.mp4
forever and ever, https://player.vimeo.com/external/392130688.sd.mp4?s=2406c7d1af1b2ac991fe6c286f48b11be9427e2a&profile_id=164
forewoman, https://media.signbsl.com/videos/asl/youtube/mp4/bdkg2FhKmgg.mp4
foreword, https://media.signbsl.com/videos/asl/youtube/mp4/SVE298JXKoo.mp4
for example, https://player.vimeo.com/external/392129975.sd.mp4?s=b11d3cf76a74b9cff743fc21c057c167a031516a&profile_id=164
forfeit, https://media.signbsl.com/videos/asl/youtube/mp4/-AKCtGBbURY.mp4
forfeit a game, https://media.signbsl.com/videos/asl/youtube/mp4/LtTw9Dsj4dE.mp4
for for what for, https://media.signbsl.com/videos/asl/signlanguagestudent/mp4/for-for%20(what%20for).mp4
forgather, https://media.signbsl.com/videos/asl/youtube/mp4/e_cTwM6dUWQ.mp4
forge, https://media.signbsl.com/videos/asl/aslsearch/mp4/invent.mp4
forger, https://media.signbsl.com/videos/asl/youtube/mp4/CPwnGx5odSc.mp4
forgery, https://media.signbsl.com/videos/asl/aslsearch/mp4/counterfeit.mp4
forget, https://player.vimeo.com/external/392130769.sd.mp4?s=de91226fb30712a556a59463c2459b85c3b49747&profile_id=164
forgetful, https://player.vimeo.com/external/392130782.sd.mp4?s=cd7c1e42a1797b135fe3043dfc6eec35b935e568&profile_id=164
forget it, https://media.signbsl.com/videos/asl/aslsignbank/mp4/E(go-on)-1899.mp4
forgivable, https://media.signbsl.com/videos/asl/youtube/mp4/z8PIxrykDNE.mp4
forgive, https://media.signbsl.com/videos/asl/signlanguagestudent/mp4/forgive.mp4
forgiveness, https://media.signbsl.com/videos/asl/valleybible/mp4/forgiveness.mp4
forgiver, https://media.signbsl.com/videos/asl/youtube/mp4/xB4lKz1NtOY.mp4
forgo, https://media.signbsl.com/videos/asl/youtube/mp4/_N-PF5OKtFk.mp4
for good, https://player.vimeo.com/external/392129991.sd.mp4?s=a845c7ab422dd305c00023b787588f4c8563c52a&profile_id=164
forgot, https://media.signbsl.com/videos/asl/startasl/mp4/forgot2.mp4
for instance, https://player.vimeo.com/external/392129975.sd.mp4?s=b11d3cf76a74b9cff743fc21c057c167a031516a&profile_id=164
fork, https://media.signbsl.com/videos/asl/aslsignbank/mp4/FORK-1992.mp4
forkful, https://media.signbsl.com/videos/asl/youtube/mp4/aU0fRFmubn0.mp4
forking, https://media.signbsl.com/videos/asl/youtube/mp4/LrreRUYLz6I.mp4
forklift, https://media.signbsl.com/videos/asl/youtube/mp4/KaGRuoP9x8M.mp4
fork out, https://player.vimeo.com/external/392163563.sd.mp4?s=c8e74ef9a2bfc1b66dbb1db9a473f0cd0a3aa4a9&profile_id=164
fork over, https://player.vimeo.com/external/392163563.sd.mp4?s=c8e74ef9a2bfc1b66dbb1db9a473f0cd0a3aa4a9&profile_id=164
fork up, https://player.vimeo.com/external/392163563.sd.mp4?s=c8e74ef9a2bfc1b66dbb1db9a473f0cd0a3aa4a9&profile_id=164
forlorn, https://media.signbsl.com/videos/asl/youtube/mp4/VnB55xWWJFg.mp4
form, https://media.signbsl.com/videos/asl/aslsignbank/mp4/CLASS-585.mp4
formal, https://player.vimeo.com/external/392130895.sd.mp4?s=15af8b106b8fa5c54f1bc9822205c57038e2b114&profile_id=164
formalise, https://media.signbsl.com/videos/asl/youtube/mp4/BX46g-4A44I.mp4
formalities, https://media.signbsl.com/videos/asl/youtube/mp4/iJtU6kEmtWo.mp4
formality, https://media.signbsl.com/videos/asl/youtube/mp4/iJtU6kEmtWo.mp4
formalize, https://media.signbsl.com/videos/asl/youtube/mp4/BX46g-4A44I.mp4
format, https://media.signbsl.com/videos/asl/mariekatzenbachschool/mp4/format.mp4
formation, https://media.signbsl.com/videos/asl/youtube/mp4/TEhp5_KrGC0.mp4
former, https://media.signbsl.com/videos/asl/aslsignbank/mp4/FORMER-1496.mp4
formerly, https://media.signbsl.com/videos/asl/aslsignbank/mp4/ONCE-1546.mp4
formidable, https://media.signbsl.com/videos/asl/youtube/mp4/3aakp2J4Sjs.mp4
formless, https://media.signbsl.com/videos/asl/youtube/mp4/vcrTWOBd9sw.mp4
form paper, https://media.signbsl.com/videos/asl/signlanguagestudent/mp4/form%20(paper).mp4
formula, https://media.signbsl.com/videos/asl/tsdvideo/mp4/542.mp4
formulaic, https://media.signbsl.com/videos/asl/youtube/mp4/eKhrOk9ZhSY.mp4
formularise, https://media.signbsl.com/videos/asl/youtube/mp4/ElWeKLw4xTk.mp4
formularize, https://media.signbsl.com/videos/asl/youtube/mp4/ElWeKLw4xTk.mp4
formulate, https://media.signbsl.com/videos/asl/aslsearch/mp4/invent.mp4
formulation, https://media.signbsl.com/videos/asl/youtube/mp4/q87vhESdciQ.mp4
fornication, https://media.signbsl.com/videos/asl/signlanguagestudent/mp4/adultery.mp4
fornicator, https://media.signbsl.com/videos/asl/youtube/mp4/PwSAtZXPCXo.mp4
fornicatress, https://media.signbsl.com/videos/asl/youtube/mp4/ie2iSOIwHUI.mp4
forrad, https://media.signbsl.com/videos/asl/youtube/mp4/uMGFeSGIQdc.mp4
forrader, https://media.signbsl.com/videos/asl/youtube/mp4/WESWWswSPZo.mp4
forrard, https://media.signbsl.com/videos/asl/youtube/mp4/uMGFeSGIQdc.mp4
forsake, https://media.signbsl.com/videos/asl/valleybible/mp4/forsake.mp4
for sale, https://media.signbsl.com/videos/asl/youtube/mp4/8KaAwRYaiwk.mp4
for sure, https://media.signbsl.com/videos/asl/signlanguagestudent/mp4/certainly.mp4
forswear, https://media.signbsl.com/videos/asl/youtube/mp4/mSOmEX2bUEw.mp4
fort, https://media.signbsl.com/videos/asl/youtube/mp4/utm1DIY_5zg.mp4
forte, https://media.signbsl.com/videos/asl/youtube/mp4/kD-DAmqymYI.mp4
forte piano, https://media.signbsl.com/videos/asl/startasl/mp4/piano.mp4
forth, https://media.signbsl.com/videos/asl/startasl/mp4/off.mp4
for that matter, https://media.signbsl.com/videos/asl/youtube/mp4/7KmA1DJ4bHU.mp4
forthcoming, https://media.signbsl.com/videos/asl/youtube/mp4/p6KU_EndBAs.mp4
forthcomingness, https://media.signbsl.com/videos/asl/youtube/mp4/BBDWzxlBk2U.mp4
for the diddle dum day, https://media.signbsl.com/videos/asl/youtube/mp4/C1T_8S_7mos.mp4
for the moment, https://media.signbsl.com/videos/asl/youtube/mp4/5sn9ld_A8xY.mp4
for the most part, https://media.signbsl.com/videos/asl/youtube/mp4/nH4Mj079cSM.mp4
for the time being, https://media.signbsl.com/videos/asl/youtube/mp4/5sn9ld_A8xY.mp4
forthright, https://media.signbsl.com/videos/asl/aslsignbank/mp4/STRAIGHT-821.mp4
forthwith, https://media.signbsl.com/videos/asl/signlanguagestudent/mp4/immediately%20(alternate%202).mp4
fortification, https://media.signbsl.com/videos/asl/youtube/mp4/0OOCMY8q50g.mp4
fortified, https://media.signbsl.com/videos/asl/youtube/mp4/FpH4xYEYogg.mp4
fortify, https://media.signbsl.com/videos/asl/youtube/mp4/K21_EgVlyWY.mp4
fortitude, https://media.signbsl.com/videos/asl/handsofgrace/mp4/ix3Vwl5Phlw.mp4
fortnight, https://media.signbsl.com/videos/asl/youtube/mp4/YTmZmIWCZts.mp4
fortress, https://media.signbsl.com/videos/asl/youtube/mp4/Oqa3Cju_Unw.mp4
fortuitous, https://media.signbsl.com/videos/asl/youtube/mp4/rjIFCOr1gZo.mp4
fortuity, https://media.signbsl.com/videos/asl/philosophy/mp4/Accident-HD.mp4
fortunate, https://media.signbsl.com/videos/asl/aslsignbank/mp4/LUCK-1633.mp4
fortune, https://media.signbsl.com/videos/asl/aslsearch/mp4/luck.mp4
forty, https://media.signbsl.com/videos/asl/aslsignbank/mp4/FORTY-1497.mp4
forty eight, https://media.signbsl.com/videos/asl/youtube/mp4/utIcI_pJm3g.mp4
forty five, https://media.signbsl.com/videos/asl/youtube/mp4/9PnauFZ3qac.mp4
forty four, https://media.signbsl.com/videos/asl/aslsignbank/mp4/FORTY-FOUR-2720.mp4
forty nine, https://media.signbsl.com/videos/asl/aslsignbank/mp4/FORTY-NINE-2722.mp4
forty one, https://media.signbsl.com/videos/asl/aslsignbank/mp4/FORTY-ONE-2717.mp4
forty seven, https://media.signbsl.com/videos/asl/aslsignbank/mp4/FORTY-SEVEN-2721.mp4
forty six, https://media.signbsl.com/videos/asl/youtube/mp4/OHfQrWuXZwk.mp4
forty three, https://media.signbsl.com/videos/asl/aslsignbank/mp4/FORTY-THREE-2719.mp4
forty two, https://media.signbsl.com/videos/asl/aslsignbank/mp4/FORTY-TWO-2718.mp4
forty winks, https://media.signbsl.com/videos/asl/youtube/mp4/lRvbma2E-vY.mp4
forum, https://media.signbsl.com/videos/asl/mariekatzenbachschool/mp4/forum.mp4
forward, https://media.signbsl.com/videos/asl/youtube/mp4/uMGFeSGIQdc.mp4
forward pass, https://media.signbsl.com/videos/asl/youtube/mp4/GZhMzP3bkVw.mp4
forwards, https://media.signbsl.com/videos/asl/youtube/mp4/uMGFeSGIQdc.mp4
for your information fyi, https://player.vimeo.com/external/392130060.sd.mp4?s=73218ca2fb90feeb3abbf5df54d0f99184d7f21d&profile_id=164
fosse, https://media.signbsl.com/videos/asl/youtube/mp4/JUiyyWW6mcI.mp4
fossil, https://media.signbsl.com/videos/asl/elementalaslconcepts/mp4/fossil.mp4
fossilist, https://media.signbsl.com/videos/asl/youtube/mp4/h-i-69Qbeic.mp4
fossil oil, https://media.signbsl.com/videos/asl/youtube/mp4/4FdOHtHqfoM.mp4
fossilology, https://media.signbsl.com/videos/asl/youtube/mp4/2nCvA7PDCXI.mp4
foster, https://media.signbsl.com/videos/asl/aslsearch/mp4/nurture.mp4
fosterage, https://media.signbsl.com/videos/asl/youtube/mp4/DU9QBzpiN84.mp4
fostering, https://media.signbsl.com/videos/asl/youtube/mp4/DU9QBzpiN84.mp4
foul, https://media.signbsl.com/videos/asl/youtube/mp4/YaTXLrD8O_s.mp4
foulmart, https://media.signbsl.com/videos/asl/youtube/mp4/rgaH5ixZ3Oc.mp4
foul shot, https://media.signbsl.com/videos/asl/aslbricks/mp4/free-throw.mp4
foul smelling, https://media.signbsl.com/videos/asl/aslsignbank/mp4/E(smelly)-1887.mp4
foul up, https://player.vimeo.com/external/391206566.sd.mp4?s=02bb6d1dac0b98a725e6a55537518e36986978f5&profile_id=164
foumart, https://media.signbsl.com/videos/asl/youtube/mp4/rgaH5ixZ3Oc.mp4
found, https://media.signbsl.com/videos/asl/aslsignbank/mp4/SET-UP-1023.mp4
foundation, https://media.signbsl.com/videos/asl/aslsearch/mp4/foundation.mp4
founder, https://media.signbsl.com/videos/asl/aslsignbank/mp4/BREAKDOWN-2036.mp4
founding father, https://media.signbsl.com/videos/asl/youtube/mp4/sHVATT_UxLU.mp4
foundling, https://media.signbsl.com/videos/asl/youtube/mp4/EAABzCq-xX4.mp4
foundries, https://media.signbsl.com/videos/asl/youtube/mp4/smixqXDJHcQ.mp4
foundry, https://media.signbsl.com/videos/asl/youtube/mp4/smixqXDJHcQ.mp4
fount, https://player.vimeo.com/external/392129775.sd.mp4?s=6530a3e04004bfe9c61a2603afed28c14b59e06b&profile_id=164
fountain, https://media.signbsl.com/videos/asl/aslsearch/mp4/fountain.mp4
fountain pen, https://player.vimeo.com/external/392131706.sd.mp4?s=a98da2167049df0e115fdbe7d00eb584a95e57f0&profile_id=164
four, https://media.signbsl.com/videos/asl/aslsignbank/mp4/FOUR-461.mp4
four alternate, https://media.signbsl.com/videos/asl/signlanguagestudent/mp4/four%20(alternate).mp4
four by four, https://media.signbsl.com/videos/asl/youtube/mp4/OOntKlIzrLo.mp4
four cents, https://media.signbsl.com/videos/asl/youtube/mp4/L7xPZ6Djhkc.mp4
four days, https://media.signbsl.com/videos/asl/aslsignbank/mp4/NUMBER-DAYS-2811.mp4
four days ago, https://media.signbsl.com/videos/asl/youtube/mp4/6ZGsXhsVhkU.mp4
four days later, https://media.signbsl.com/videos/asl/youtube/mp4/_EJrw6yH6zo.mp4
four dimensional, https://player.vimeo.com/external/392131760.sd.mp4?s=5d1f49e5f086e50afd429ea07d88007fb9a0ce82&profile_id=164
four dollars, https://media.signbsl.com/videos/asl/youtube/mp4/bIZR2jMIx28.mp4
four flusher, https://media.signbsl.com/videos/asl/youtube/mp4/VjRabyK2EbM.mp4
fourfold, https://player.vimeo.com/external/392131859.sd.mp4?s=1d71cb6ffb161d0a9e3736b8c18e53dfb715e41d&profile_id=164
four hours, https://media.signbsl.com/videos/asl/youtube/mp4/gJVpvcJKe6Q.mp4
four hundred, https://media.signbsl.com/videos/asl/aslsignbank/mp4/FOUR-HUNDRED-2671.mp4
four million dollars, https://media.signbsl.com/videos/asl/mariekatzenbachschool/mp4/four%20million%20dollars.mp4
four minutes, https://media.signbsl.com/videos/asl/youtube/mp4/bATI1fe-82w.mp4
four months, https://media.signbsl.com/videos/asl/youtube/mp4/cfwHTzSyASk.mp4
four oclock, https://media.signbsl.com/videos/asl/youtube/mp4/hidtDXLEtzw.mp4
four of, https://media.signbsl.com/videos/asl/youtube/mp4/ZI0INT2Gtt8.mp4
four of them, https://media.signbsl.com/videos/asl/aslsignbank/mp4/NUMBER-OF-2177.mp4
four of us, https://media.signbsl.com/videos/asl/youtube/mp4/KJhQjiNwe_E.mp4
four on four, https://media.signbsl.com/videos/asl/youtube/mp4/ObHpkXx6a_w.mp4
four people walking together, https://media.signbsl.com/videos/asl/youtube/mp4/moeIeqFlg80.mp4
four points, https://media.signbsl.com/videos/asl/youtube/mp4/6NQnayR8up8.mp4
fourscore, https://media.signbsl.com/videos/asl/aslsignbank/mp4/EIGHTY-2665.mp4
four sided, https://media.signbsl.com/videos/asl/tsdvideo/mp4/260.mp4
foursquare, https://media.signbsl.com/videos/asl/tsdvideo/mp4/414.mp4
fourteen, https://media.signbsl.com/videos/asl/aslsignbank/mp4/FOURTEEN-2383.mp4
fourteen days, https://player.vimeo.com/external/392131877.sd.mp4?s=4f5a3f0c7c3722e03e0779828d840af940e13f98&profile_id=164
fourth, https://media.signbsl.com/videos/asl/tsdvideo/mp4/27.mp4
fourth down, https://media.signbsl.com/videos/asl/youtube/mp4/9Oz8ADg9JDI.mp4
fourth estate, https://media.signbsl.com/videos/asl/youtube/mp4/DYbiyvdDAaY.mp4
Fourth of July, https://player.vimeo.com/external/392677444.sd.mp4?s=55fb54cbe139177991df0bdb38202dd3f4dc8d74&profile_id=164
four thousand dollars, https://media.signbsl.com/videos/asl/mariekatzenbachschool/mp4/four%20thousand%20dollars.mp4
fourth part, https://media.signbsl.com/videos/asl/tsdvideo/mp4/27.mp4
fourth place, https://media.signbsl.com/videos/asl/youtube/mp4/w2ambpVf7jI.mp4
fourths, https://media.signbsl.com/videos/asl/tsdvideo/mp4/27.mp4
fourth thing, https://media.signbsl.com/videos/asl/youtube/mp4/xa2RVwQ4G20.mp4
fourth to fifth, https://media.signbsl.com/videos/asl/youtube/mp4/-UCD5uvgZ1s.mp4
fourth wall, https://player.vimeo.com/external/392132209.sd.mp4?s=5bc0c546a93cc1b5fa561ae3143b0f71ed949c3d&profile_id=164
fourth year, https://media.signbsl.com/videos/asl/aslsignbank/mp4/SENIOR-YEAR-2220.mp4
four times, https://media.signbsl.com/videos/asl/youtube/mp4/9mRKi_8O4_M.mp4
four weeks, https://media.signbsl.com/videos/asl/youtube/mp4/LVRf6Nk267I.mp4
four weeks ago, https://media.signbsl.com/videos/asl/youtube/mp4/-Aq0joK8MzU.mp4
four weeks later, https://media.signbsl.com/videos/asl/youtube/mp4/RsZUd_URKKk.mp4
four wheel drive, https://media.signbsl.com/videos/asl/AustinCommunityCollege/mp4/auto_4WD_.mp4
four years ago, https://media.signbsl.com/videos/asl/youtube/mp4/klQ212b1Ihk.mp4
four years later, https://media.signbsl.com/videos/asl/youtube/mp4/ajEtteyeTQc.mp4
fowl, https://media.signbsl.com/videos/asl/aslsearch/mp4/poultry.mp4
fox, https://media.signbsl.com/videos/asl/aslsearch/mp4/fox.mp4
foxglove, https://media.signbsl.com/videos/asl/youtube/mp4/LrqiDq--L7s.mp4
foxhunt, https://media.signbsl.com/videos/asl/youtube/mp4/FCW0mXOjLFc.mp4
fox hunting, https://media.signbsl.com/videos/asl/youtube/mp4/FCW0mXOjLFc.mp4
foxier, https://media.signbsl.com/videos/asl/youtube/mp4/RAO43LjboQY.mp4
foxily, https://media.signbsl.com/videos/asl/youtube/mp4/uGV1YIlRMsg.mp4
foxiness, https://media.signbsl.com/videos/asl/youtube/mp4/zbf2Q-WwC6k.mp4
foxy, https://media.signbsl.com/videos/asl/youtube/mp4/6ghfSzLcMK0.mp4
foyer, https://player.vimeo.com/external/392265369.sd.mp4?s=e5855665f155677d40889b1281073c48f7450fa2&profile_id=164
fracas, https://media.signbsl.com/videos/asl/youtube/mp4/ZohW7zWYNK4.mp4
fractal, https://media.signbsl.com/videos/asl/youtube/mp4/6Tj8Hax3lbA.mp4
fraction, https://media.signbsl.com/videos/asl/tsdvideo/mp4/28.mp4
fraction math, https://media.signbsl.com/videos/asl/signlanguagestudent/mp4/fraction%20(math).mp4
fractious, https://player.vimeo.com/external/392684947.sd.mp4?s=25b140140ab5fde397ff8f68752e12ae1370b033&profile_id=164
fracture, https://media.signbsl.com/videos/asl/youtube/mp4/Vtf6iEyeiZA.mp4
fragile, https://media.signbsl.com/videos/asl/aslsearch/mp4/fragile.mp4
fragment, https://media.signbsl.com/videos/asl/elementalaslconcepts/mp4/fragment.mp4
fragrance, https://media.signbsl.com/videos/asl/youtube/mp4/ScXGXB2dNCA.mp4
frail, https://media.signbsl.com/videos/asl/aslsearch/mp4/fragile.mp4
frailty, https://media.signbsl.com/videos/asl/youtube/mp4/HWJS4OUVdxo.mp4
frame, https://media.signbsl.com/videos/asl/AustinCommunityCollege/mp4/auto_frame_.mp4
frame boundary, https://media.signbsl.com/videos/asl/youtube/mp4/Nvr3tASe_R4.mp4
frame car, https://media.signbsl.com/videos/asl/AustinCommunityCollege/mp4/auto_frame_.mp4
framemaker, https://media.signbsl.com/videos/asl/youtube/mp4/J2NQDrJ5xLI.mp4
frame of reference, https://media.signbsl.com/videos/asl/youtube/mp4/O2xhChwsmgM.mp4
framer, https://media.signbsl.com/videos/asl/youtube/mp4/UU6dtHIQ8f4.mp4
framework, https://media.signbsl.com/videos/asl/AustinCommunityCollege/mp4/auto_frame_.mp4
framing, https://media.signbsl.com/videos/asl/AustinCommunityCollege/mp4/auto_frame_.mp4
France, https://media.signbsl.com/videos/asl/startasl/mp4/france.mp4
franchise, https://media.signbsl.com/videos/asl/youtube/mp4/HwaIDPwETec.mp4
franchisee, https://media.signbsl.com/videos/asl/youtube/mp4/rkvFUEz_Pfo.mp4
franchiser, https://media.signbsl.com/videos/asl/youtube/mp4/B4fMr0TCVMc.mp4
francophone, https://media.signbsl.com/videos/asl/youtube/mp4/za5EGhQT6rU.mp4
frank, https://media.signbsl.com/videos/asl/startasl/mp4/hotdog.mp4
Frankenstein, https://media.signbsl.com/videos/asl/rmdsco/mp4/frankenstein.mp4
Frankensteins monster, https://media.signbsl.com/videos/asl/rmdsco/mp4/frankenstein.mp4
Frankfort, https://player.vimeo.com/external/392132411.sd.mp4?s=bf3c89bfcf7382128c31bf6bc8f468df347dd54b&profile_id=164
Frankfurt, https://player.vimeo.com/external/392132411.sd.mp4?s=bf3c89bfcf7382128c31bf6bc8f468df347dd54b&profile_id=164
frankfurter, https://media.signbsl.com/videos/asl/startasl/mp4/hotdog.mp4
Frankfurt on the Main, https://player.vimeo.com/external/392132411.sd.mp4?s=bf3c89bfcf7382128c31bf6bc8f468df347dd54b&profile_id=164
frankincense, https://media.signbsl.com/videos/asl/youtube/mp4/0u-959RzE7A.mp4
frankly, https://player.vimeo.com/external/392184816.sd.mp4?s=757b9903735c61aceac1b71129edeecbd2cd1acb&profile_id=164
frantic, https://media.signbsl.com/videos/asl/youtube/mp4/qedv1U2-Cbk.mp4
frat, https://media.signbsl.com/videos/asl/youtube/mp4/A5MgSoErqQo.mp4
fraternal, https://media.signbsl.com/videos/asl/youtube/mp4/Wx45rfxz_EU.mp4
fraternity, https://media.signbsl.com/videos/asl/aslsearch/mp4/fraternity.mp4
fratricide, https://media.signbsl.com/videos/asl/youtube/mp4/Db9zJ9I_h2o.mp4
fraud, https://player.vimeo.com/external/392132442.sd.mp4?s=e96ea722e17267e18d365b22eef81126fe6a1090&profile_id=164
fraudulence, https://player.vimeo.com/external/392132442.sd.mp4?s=e96ea722e17267e18d365b22eef81126fe6a1090&profile_id=164
fraught, https://media.signbsl.com/videos/asl/youtube/mp4/ZOlIrzgFABY.mp4
fray, https://media.signbsl.com/videos/asl/youtube/mp4/AqJf9ja_974.mp4
freak, https://media.signbsl.com/videos/asl/aslsearch/mp4/nut.mp4
freakier, https://media.signbsl.com/videos/asl/youtube/mp4/nsTXA4aPcN8.mp4
freakily, https://media.signbsl.com/videos/asl/youtube/mp4/ZC7QgGR3x1o.mp4
freakish, https://media.signbsl.com/videos/asl/aslsearch/mp4/bizarre.mp4
freak out, https://media.signbsl.com/videos/asl/aslsignbank/mp4/PARANOID-873.mp4
freaky, https://media.signbsl.com/videos/asl/aslsearch/mp4/bizarre.mp4
freckle, https://media.signbsl.com/videos/asl/startasl/mp4/freckles.mp4
freckles, https://media.signbsl.com/videos/asl/startasl/mp4/freckles.mp4
fredericton n b, https://player.vimeo.com/external/392132573.sd.mp4?s=411d8bd4baa44e140155fa110aa4950b5cecedeb&profile_id=164
free, https://media.signbsl.com/videos/asl/aslsignbank/mp4/FREE-681.mp4
free agency, https://media.signbsl.com/videos/asl/signlanguagestudent/mp4/free%20agency.mp4
freebee, https://media.signbsl.com/videos/asl/youtube/mp4/F3f58co4v-M.mp4
freebie, https://media.signbsl.com/videos/asl/youtube/mp4/F3f58co4v-M.mp4
freebooter, https://media.signbsl.com/videos/asl/youtube/mp4/AsARS28zh9s.mp4
freeborn, https://media.signbsl.com/videos/asl/youtube/mp4/wWNUhINNumM.mp4
freedman, https://media.signbsl.com/videos/asl/youtube/mp4/X7HsSNhJL-o.mp4
freedom, https://media.signbsl.com/videos/asl/signlanguagestudent/mp4/freedom.mp4
freedom of speech, https://player.vimeo.com/external/392132688.sd.mp4?s=247d64a60609a6cabf749d070965ee783a9d2174&profile_id=164
freedwoman, https://media.signbsl.com/videos/asl/youtube/mp4/X7HsSNhJL-o.mp4
free enterprise, https://media.signbsl.com/videos/asl/elementalaslconcepts/mp4/free_enterprise.mp4
free for all, https://player.vimeo.com/external/391213028.sd.mp4?s=8d86a4ecc69f337fc06ba18326f180c761eaa013&profile_id=164
free grace, https://media.signbsl.com/videos/asl/valleybible/mp4/grace.mp4
freehand, https://media.signbsl.com/videos/asl/youtube/mp4/JRsgEq7Lwog.mp4
freehanded, https://media.signbsl.com/videos/asl/aslsearch/mp4/liberal.mp4
freelance, https://media.signbsl.com/videos/asl/youtube/mp4/jKsDTN686no.mp4
freeload, https://media.signbsl.com/videos/asl/youtube/mp4/Q8Ba9z94yVs.mp4
freeloader, https://media.signbsl.com/videos/asl/youtube/mp4/c1whvvY2lwE.mp4
Freemason, https://media.signbsl.com/videos/asl/youtube/mp4/nbqZS8zTui0.mp4
free range, https://media.signbsl.com/videos/asl/youtube/mp4/MRhQ0h2jcnw.mp4
free spoken, https://media.signbsl.com/videos/asl/aslsignbank/mp4/STRAIGHT-821.mp4
freestanding, https://media.signbsl.com/videos/asl/youtube/mp4/Fr0yQL46Hmw.mp4
Free State, https://media.signbsl.com/videos/asl/youtube/mp4/Clb4tsVBbp0.mp4
freestyle, https://media.signbsl.com/videos/asl/youtube/mp4/VvmVbFn_Fiw.mp4
freethinker, https://media.signbsl.com/videos/asl/youtube/mp4/W1zyyhzcwWg.mp4
free thought, https://media.signbsl.com/videos/asl/youtube/mp4/JRNOs3FZzTo.mp4
free throw, https://media.signbsl.com/videos/asl/aslbricks/mp4/free-throw.mp4
free to choose, https://media.signbsl.com/videos/asl/signlanguagestudent/mp4/free%20to%20choose.mp4
free trade, https://player.vimeo.com/external/392132594.sd.mp4?s=b951cf3e44e2445d4a1554d3cc13dc3a25c17160&profile_id=164
freeware, https://media.signbsl.com/videos/asl/youtube/mp4/mB21axDBDPk.mp4
freeway, https://media.signbsl.com/videos/asl/startasl/mp4/freeway.mp4
freewheeling, https://media.signbsl.com/videos/asl/youtube/mp4/U5wEtTbaKp0.mp4
free will, https://player.vimeo.com/external/392132627.sd.mp4?s=3e2e1f09dfdfa53bf32a1ee2599a046d2494b647&profile_id=164
freewill, https://player.vimeo.com/external/392132627.sd.mp4?s=3e2e1f09dfdfa53bf32a1ee2599a046d2494b647&profile_id=164
freezable, https://media.signbsl.com/videos/asl/youtube/mp4/cfSUHWAycYo.mp4
freeze, https://media.signbsl.com/videos/asl/aslsignbank/mp4/FREEZE-580.mp4
freeze frame, https://player.vimeo.com/external/392132770.sd.mp4?s=0a580d84d79f8474b06e8ef26544ff15cfaaf1ea&profile_id=164
freeze machine, https://media.signbsl.com/videos/asl/youtube/mp4/hQWYy4mJU9k.mp4
freezer, https://media.signbsl.com/videos/asl/startasl/mp4/freezer.mp4
freezing, https://media.signbsl.com/videos/asl/youtube/mp4/NCM1J_tA1Cc.mp4
freezing rain, https://media.signbsl.com/videos/asl/aslsearch/mp4/freezing-rain.mp4
frege, https://media.signbsl.com/videos/asl/philosophy/mp4/Frege-HD.mp4
freight, https://media.signbsl.com/videos/asl/youtube/mp4/fdfwrq6WTVA.mp4
French, https://media.signbsl.com/videos/asl/signlanguagestudent/mp4/french.mp4
french braid, https://player.vimeo.com/external/392132850.sd.mp4?s=736be77b4f6b5bed61b69ff4df29d1cbc418a692&profile_id=164
French capital, https://media.signbsl.com/videos/asl/youtube/mp4/llou8S8njSs.mp4
French Congo, https://media.signbsl.com/videos/asl/youtube/mp4/HqyA_OYPnJk.mp4
french fried potatoes, https://media.signbsl.com/videos/asl/aslsignbank/mp4/FRENCH-FRIES-2357.mp4
french fries, https://media.signbsl.com/videos/asl/aslsignbank/mp4/FRENCH-FRIES-2357.mp4
french fry, https://media.signbsl.com/videos/asl/youtube/mp4/Yyk1NkGn09w.mp4
French horn, https://player.vimeo.com/external/392185269.sd.mp4?s=64cc19c50d13adbe9c28a0e0246757b5b1961cca&profile_id=164
French kiss, https://player.vimeo.com/external/392132916.sd.mp4?s=a4679a63939fcdda6fe726e5769d2403bddb8479&profile_id=164
French Republic, https://media.signbsl.com/videos/asl/startasl/mp4/france.mp4
French Sudan, https://media.signbsl.com/videos/asl/youtube/mp4/5ZmI5ESgGTY.mp4
French toast, https://player.vimeo.com/external/392677531.sd.mp4?s=38ec9acaad88d340372ff07b14e39b9622105f50&profile_id=164
frenetic, https://media.signbsl.com/videos/asl/youtube/mp4/qedv1U2-Cbk.mp4
frenzied, https://media.signbsl.com/videos/asl/youtube/mp4/qedv1U2-Cbk.mp4
frequence, https://media.signbsl.com/videos/asl/tsdvideo/mp4/1266.mp4
frequencies, https://media.signbsl.com/videos/asl/tsdvideo/mp4/1266.mp4
frequency, https://media.signbsl.com/videos/asl/tsdvideo/mp4/1266.mp4
frequency distribution, https://media.signbsl.com/videos/asl/youtube/mp4/i0GQG1V6rqo.mp4
frequency distribution table, https://media.signbsl.com/videos/asl/youtube/mp4/2EdfjouDsqg.mp4
frequency table, https://media.signbsl.com/videos/asl/tsdvideo/mp4/224.mp4
frequent, https://player.vimeo.com/external/392132972.sd.mp4?s=1041a8b4b7a81a159c355ce9618d43c63251c1ea&profile_id=164
frequently, https://media.signbsl.com/videos/asl/startasl/mp4/often.mp4
fresh, https://player.vimeo.com/external/392648747.sd.mp4?s=20dc891e76c40a99fd1cf0f6756012522b7e825f&profile_id=164
freshen, https://media.signbsl.com/videos/asl/aslsearch/mp4/refresh.mp4
freshen up, https://media.signbsl.com/videos/asl/youtube/mp4/9o_w7XFv11s.mp4
fresher, https://media.signbsl.com/videos/asl/youtube/mp4/6wNCItyu-Qo.mp4
freshman, https://media.signbsl.com/videos/asl/aslsearch/mp4/freshman.mp4
freshness, https://media.signbsl.com/videos/asl/youtube/mp4/nnvvEJ-VIAY.mp4
freshwater, https://media.signbsl.com/videos/asl/youtube/mp4/jde9EADMRxY.mp4
fret, https://player.vimeo.com/external/392133355.sd.mp4?s=ac94ef5e77ccada34c744d2dac3e11d698dafb04&profile_id=164
fretful, https://media.signbsl.com/videos/asl/startasl/mp4/itchy.mp4
fretfulness, https://media.signbsl.com/videos/asl/youtube/mp4/A9OLapOO_Ys.mp4
fretsaw, https://player.vimeo.com/external/392866643.sd.mp4?s=206eeb98f3fdd878b630d2a1503c29e1eb1ba618&profile_id=164
fretwork, https://media.signbsl.com/videos/asl/youtube/mp4/tJQJqSN-43c.mp4
FRG, https://media.signbsl.com/videos/asl/startasl/mp4/germany.mp4
Fri, https://media.signbsl.com/videos/asl/startasl/mp4/friday.mp4
friction, https://player.vimeo.com/external/395755880.sd.mp4?s=5ece9a6f28d318f06822841c35a5331a174686b5&profile_id=164
frictionless, https://media.signbsl.com/videos/asl/youtube/mp4/NOutjaSymCA.mp4
friction match, https://media.signbsl.com/videos/asl/startasl/mp4/matches.mp4
Friday, https://media.signbsl.com/videos/asl/startasl/mp4/friday.mp4
fridge, https://media.signbsl.com/videos/asl/aslsignbank/mp4/REFRIGERATOR-952.mp4
fried, https://media.signbsl.com/videos/asl/youtube/mp4/5T6fL5p5U_M.mp4
Friedrich Wilhelm Nietzsche, https://media.signbsl.com/videos/asl/philosophy/mp4/Nietzsche-HD.mp4
friend, https://media.signbsl.com/videos/asl/startasl/mp4/friend.mp4
friendless, https://media.signbsl.com/videos/asl/youtube/mp4/VP60dFMeaoQ.mp4
friendly, https://media.signbsl.com/videos/asl/startasl/mp4/friendly.mp4
friendly fire, https://media.signbsl.com/videos/asl/youtube/mp4/Db9zJ9I_h2o.mp4
friendly relationship, https://media.signbsl.com/videos/asl/ids/mp4/2013-11-1830-friendship-1500k-ase.mp4
friends, https://media.signbsl.com/videos/asl/startasl/mp4/friend.mp4
friendship, https://media.signbsl.com/videos/asl/ids/mp4/2013-11-1830-friendship-1500k-ase.mp4
frier, https://media.signbsl.com/videos/asl/youtube/mp4/Yko22mjWFZU.mp4
fries, https://media.signbsl.com/videos/asl/aslsignbank/mp4/FRENCH-FRIES-2357.mp4
frig around, https://media.signbsl.com/videos/asl/youtube/mp4/8bCWeUU4sHw.mp4
frigate, https://media.signbsl.com/videos/asl/youtube/mp4/oXai-87Vuiw.mp4
fright, https://media.signbsl.com/videos/asl/valleybible/mp4/fear.mp4
frighten, https://player.vimeo.com/external/392677613.sd.mp4?s=7c20fb00f99b3faa67c3644be9b650e902daadf4&profile_id=164
frighten away, https://media.signbsl.com/videos/asl/youtube/mp4/_EXy0sNHGBc.mp4
frightened, https://media.signbsl.com/videos/asl/startasl/mp4/scared.mp4
frightening, https://media.signbsl.com/videos/asl/startasl/mp4/awful.mp4
frighten off, https://media.signbsl.com/videos/asl/youtube/mp4/_EXy0sNHGBc.mp4
frightful, https://media.signbsl.com/videos/asl/startasl/mp4/ugly.mp4
frigid, https://media.signbsl.com/videos/asl/aslsearch/mp4/arctic.mp4
frigider, https://media.signbsl.com/videos/asl/youtube/mp4/RPEALTcctzw.mp4
frigidly, https://media.signbsl.com/videos/asl/youtube/mp4/-HfaXg_r594.mp4
Frigid Zone, https://media.signbsl.com/videos/asl/youtube/mp4/qlnadybmc1g.mp4
frill, https://media.signbsl.com/videos/asl/youtube/mp4/A7Vyq89h0dM.mp4
frilled, https://media.signbsl.com/videos/asl/youtube/mp4/yBlQxLnAUSA.mp4
frilly, https://media.signbsl.com/videos/asl/youtube/mp4/yBlQxLnAUSA.mp4
frilly dress, https://media.signbsl.com/videos/asl/youtube/mp4/312kHjNYp98.mp4
fringe, https://media.signbsl.com/videos/asl/youtube/mp4/cTsVelc74iE.mp4
Frisbee, https://media.signbsl.com/videos/asl/aslsearch/mp4/frisbee.mp4
frisk, https://media.signbsl.com/videos/asl/youtube/mp4/Xuf_VyrFYos.mp4
friskily, https://media.signbsl.com/videos/asl/youtube/mp4/9c9Vf0_gDd8.mp4
frisky, https://media.signbsl.com/videos/asl/youtube/mp4/Nr5zrHGhBJw.mp4
fritter, https://media.signbsl.com/videos/asl/aslsignbank/mp4/WASTE-820.mp4
fritter away, https://media.signbsl.com/videos/asl/aslsignbank/mp4/WASTE-820.mp4
frivolities, https://media.signbsl.com/videos/asl/youtube/mp4/0QEjOGmH_L8.mp4
frivolity, https://media.signbsl.com/videos/asl/youtube/mp4/0QEjOGmH_L8.mp4
frivolous, https://media.signbsl.com/videos/asl/youtube/mp4/IRX1nND3Oo0.mp4
friz, https://media.signbsl.com/videos/asl/youtube/mp4/SLVED5h4a5w.mp4
frizzly, https://player.vimeo.com/external/392133526.sd.mp4?s=2dff305c0237f5e44581f55a549c4e87c3210693&profile_id=164
frizzy, https://player.vimeo.com/external/392133526.sd.mp4?s=2dff305c0237f5e44581f55a549c4e87c3210693&profile_id=164
frock, https://media.signbsl.com/videos/asl/startasl/mp4/dress-2.mp4
frog, https://media.signbsl.com/videos/asl/aslsignbank/mp4/FROG-137.mp4
frog croak, https://media.signbsl.com/videos/asl/youtube/mp4/hLrZlpplnp4.mp4
frog kick, https://player.vimeo.com/external/392133550.sd.mp4?s=4ce6941cb0e315eef255280b955a36b0cb8ee53f&profile_id=164
froglet, https://media.signbsl.com/videos/asl/youtube/mp4/fM-l-EHqmcc.mp4
frogman, https://media.signbsl.com/videos/asl/youtube/mp4/j4yKlbEemzo.mp4
frolic, https://media.signbsl.com/videos/asl/youtube/mp4/Xuf_VyrFYos.mp4
frolicker, https://media.signbsl.com/videos/asl/youtube/mp4/IJWvS5uFSd4.mp4
frolicky, https://media.signbsl.com/videos/asl/youtube/mp4/CNYNfGkc2DQ.mp4
frolicsome, https://media.signbsl.com/videos/asl/youtube/mp4/CNYNfGkc2DQ.mp4
from, https://media.signbsl.com/videos/asl/aslsignbank/mp4/FROM-1502.mp4
from each one, https://media.signbsl.com/videos/asl/aslsignbank/mp4/EVERY-1328.mp4
from first year to fourth year, https://media.signbsl.com/videos/asl/youtube/mp4/yKjD30iwafE.mp4
from now on, https://media.signbsl.com/videos/asl/aslsearch/mp4/from-now-on.mp4
from scratch, https://player.vimeo.com/external/392133620.sd.mp4?s=4dd6bf8e58a25f0d62ccfc791458108af192ba25&profile_id=164
from the bottom of heart, https://player.vimeo.com/external/392133644.sd.mp4?s=a488f4a7f588a665dd1af7c57cc401967d4616d7&profile_id=164
From the Foundation of the World, https://media.signbsl.com/videos/asl/ids/mp4/2013-11-1840-from-the-foundation-of-the-world-1500k-ase.mp4
from then on, https://media.signbsl.com/videos/asl/aslsignbank/mp4/THE-REST-1201.mp4
from time to time, https://media.signbsl.com/videos/asl/aslsearch/mp4/once-in-a-while.mp4
frond, https://media.signbsl.com/videos/asl/youtube/mp4/kfD9UAKl3eY.mp4
front, https://media.signbsl.com/videos/asl/startasl/mp4/front.mp4
frontage, https://media.signbsl.com/videos/asl/youtube/mp4/ICy_gUcWORI.mp4
frontal, https://media.signbsl.com/videos/asl/youtube/mp4/ICy_gUcWORI.mp4
frontal lobotomy, https://media.signbsl.com/videos/asl/youtube/mp4/pfj6D6mV5Xs.mp4
front bumper, https://player.vimeo.com/external/392678034.sd.mp4?s=3da087619a9532be31789cd72e9ef9866f30e558&profile_id=164
front door, https://media.signbsl.com/videos/asl/startasl/mp4/front-door.mp4
front end, https://media.signbsl.com/videos/asl/startasl/mp4/front.mp4
front entrance, https://media.signbsl.com/videos/asl/startasl/mp4/front-door.mp4
frontier, https://media.signbsl.com/videos/asl/elementalaslconcepts/mp4/frontier.mp4
frontiersman, https://media.signbsl.com/videos/asl/youtube/mp4/VS4jTumsenM.mp4
frontierswoman, https://media.signbsl.com/videos/asl/youtube/mp4/lpG0s5sc_UQ.mp4
frontless, https://media.signbsl.com/videos/asl/youtube/mp4/Evys7p3Qlzk.mp4
front line, https://media.signbsl.com/videos/asl/youtube/mp4/p08AgFBgdM8.mp4
front room, https://media.signbsl.com/videos/asl/startasl/mp4/living-room.mp4
front runner, https://media.signbsl.com/videos/asl/youtube/mp4/amgkUBKh63c.mp4
frontrunner, https://media.signbsl.com/videos/asl/youtube/mp4/amgkUBKh63c.mp4
front runner foot race, https://media.signbsl.com/videos/asl/youtube/mp4/tCIUJiH3YHQ.mp4
front runner political campaign, https://media.signbsl.com/videos/asl/youtube/mp4/amgkUBKh63c.mp4
frontward, https://media.signbsl.com/videos/asl/youtube/mp4/uMGFeSGIQdc.mp4
frontwards, https://media.signbsl.com/videos/asl/youtube/mp4/uMGFeSGIQdc.mp4
front windshield, https://player.vimeo.com/external/392678081.sd.mp4?s=257f64ebdedb93d24ffc4e650d597dec80d378a1&profile_id=164
frost, https://media.signbsl.com/videos/asl/youtube/mp4/F126XnkR3gU.mp4
frostbit, https://media.signbsl.com/videos/asl/youtube/mp4/cJmJ4BjAfx8.mp4
frostily, https://media.signbsl.com/videos/asl/youtube/mp4/-HfaXg_r594.mp4
frosting, https://media.signbsl.com/videos/asl/youtube/mp4/sGQ4CxIETd4.mp4
frost over, https://media.signbsl.com/videos/asl/youtube/mp4/zBhdLgvs1oQ.mp4
frosty, https://media.signbsl.com/videos/asl/youtube/mp4/6Qj1kzVcU-g.mp4
froth, https://player.vimeo.com/external/392129309.sd.mp4?s=3a19b4d3ea8cdf2a7bd2bef3c92bf24b46872eba&profile_id=164
froward, https://player.vimeo.com/external/392169285.sd.mp4?s=b179e921909f04c1d5ef7e334145782d877d429d&profile_id=164
frown, https://media.signbsl.com/videos/asl/aslsignbank/mp4/FROWN-2215.mp4
frown on, https://media.signbsl.com/videos/asl/youtube/mp4/AAyOAGu7Zik.mp4
frown upon, https://media.signbsl.com/videos/asl/youtube/mp4/AAyOAGu7Zik.mp4
frowsily, https://media.signbsl.com/videos/asl/youtube/mp4/8znkzDoRNhs.mp4
frowsty, https://player.vimeo.com/external/392378651.sd.mp4?s=15a1254937a3dfeed6840cdf9dfedbc482d99ccf&profile_id=164
frowzier, https://media.signbsl.com/videos/asl/youtube/mp4/aLPzO3Qf7Mc.mp4
frozen, https://media.signbsl.com/videos/asl/youtube/mp4/6Qj1kzVcU-g.mp4
FRS, https://media.signbsl.com/videos/asl/youtube/mp4/WRybIMTaA_A.mp4
fructose, https://media.signbsl.com/videos/asl/youtube/mp4/KhxFzDC774E.mp4
frugal, https://player.vimeo.com/external/392133739.sd.mp4?s=1e8e6705004a2f7dc852236a3e1db04856c90ed2&profile_id=164
frugaler, https://media.signbsl.com/videos/asl/youtube/mp4/HPbULSF6cSk.mp4
fruit, https://media.signbsl.com/videos/asl/startasl/mp4/fruit.mp4
fruitcake, https://media.signbsl.com/videos/asl/youtube/mp4/6KLd-weQ9B4.mp4
fruit drink, https://media.signbsl.com/videos/asl/aslsignbank/mp4/PUNCH-945.mp4
fruitful, https://media.signbsl.com/videos/asl/valleybible/mp4/fruitful.mp4
fruitiness, https://media.signbsl.com/videos/asl/youtube/mp4/0z2nAY8tdfk.mp4
fruitless, https://media.signbsl.com/videos/asl/youtube/mp4/dVQIecbpjaU.mp4
fruit medley, https://media.signbsl.com/videos/asl/youtube/mp4/Jg6Eu1QuS-c.mp4
fruito, https://media.signbsl.com/videos/asl/aslsignbank/mp4/FRUIT-2531.mp4
fruit salad, https://media.signbsl.com/videos/asl/aslsearch/mp4/fruit-salad.mp4
fruit stand, https://media.signbsl.com/videos/asl/aslsearch/mp4/fruit-stand.mp4
fruit sugar, https://media.signbsl.com/videos/asl/youtube/mp4/KhxFzDC774E.mp4
fruity, https://media.signbsl.com/videos/asl/startasl/mp4/nuts.mp4
frump, https://media.signbsl.com/videos/asl/youtube/mp4/DkscLJqVM98.mp4
frumpily, https://media.signbsl.com/videos/asl/youtube/mp4/yOnszAP0nRE.mp4
frumpishly, https://media.signbsl.com/videos/asl/youtube/mp4/yOnszAP0nRE.mp4
frustrate, https://media.signbsl.com/videos/asl/aslsearch/mp4/frustrate.mp4
frustrated, https://media.signbsl.com/videos/asl/aslsignbank/mp4/FRUSTRATED-1506.mp4
frustrating, https://media.signbsl.com/videos/asl/elementalaslconcepts/mp4/frustrating.mp4
fruticose, https://media.signbsl.com/videos/asl/youtube/mp4/Bcj9yfsBkkQ.mp4
fruticulose, https://media.signbsl.com/videos/asl/youtube/mp4/Bcj9yfsBkkQ.mp4
fry, https://media.signbsl.com/videos/asl/aslsearch/mp4/fry.mp4
fryer, https://media.signbsl.com/videos/asl/youtube/mp4/Yko22mjWFZU.mp4
frying pan, https://media.signbsl.com/videos/asl/youtube/mp4/NXKQJIoVn5g.mp4
frypan, https://media.signbsl.com/videos/asl/youtube/mp4/NXKQJIoVn5g.mp4
fs, https://media.signbsl.com/videos/asl/aslsignbank/mp4/FS-2155.mp4
fsi, https://media.signbsl.com/videos/asl/aslsignbank/mp4/LETTER-I-495.mp4
ft, https://media.signbsl.com/videos/asl/tsdvideo/mp4/456.mp4
fthm, https://media.signbsl.com/videos/asl/youtube/mp4/MP4Zj2fa8WE.mp4
FTP, https://media.signbsl.com/videos/asl/deaftec/mp4/974.mp4
fuck, https://media.signbsl.com/videos/asl/aslsearch/mp4/crap2.mp4
fuckhead, https://player.vimeo.com/external/391206075.sd.mp4?s=70036e65baeb2a49618c767f8923c823ff04370d&profile_id=164
fucking, https://media.signbsl.com/videos/asl/aslsignbank/mp4/INTERCOURSE-2909.mp4
fuck off, https://media.signbsl.com/videos/asl/youtube/mp4/L4jASRM4BOk.mp4
fuck up, https://player.vimeo.com/external/391206566.sd.mp4?s=02bb6d1dac0b98a725e6a55537518e36986978f5&profile_id=164
fuckup, https://player.vimeo.com/external/391206566.sd.mp4?s=02bb6d1dac0b98a725e6a55537518e36986978f5&profile_id=164
fuddle, https://media.signbsl.com/videos/asl/aslsearch/mp4/confuse.mp4
fuddled, https://player.vimeo.com/external/392518215.sd.mp4?s=113d53ba6f2c71f52d578ada70db149ecff96e8b&profile_id=164
fudge, https://media.signbsl.com/videos/asl/youtube/mp4/tVkSgOZqRRM.mp4
fuel, https://media.signbsl.com/videos/asl/AustinCommunityCollege/mp4/auto_fuel_.mp4
fuel guage, https://player.vimeo.com/external/392678122.sd.mp4?s=dd819f24f41a05dd8facf5f8210efe98da4540af&profile_id=164
fuel injection, https://media.signbsl.com/videos/asl/AustinCommunityCollege/mp4/auto_fuel_injector_.mp4
fuel injection system, https://media.signbsl.com/videos/asl/AustinCommunityCollege/mp4/auto_fuel_injector_.mp4
fuel pod, https://media.signbsl.com/videos/asl/youtube/mp4/zWjbLOTBtnw.mp4
fugacious, https://media.signbsl.com/videos/asl/youtube/mp4/5Grpd1gwdn0.mp4
fugitive, https://media.signbsl.com/videos/asl/youtube/mp4/JKdFyOlyqNs.mp4
fulcra, https://media.signbsl.com/videos/asl/youtube/mp4/JaEBtYL-sA8.mp4
fulfil, https://media.signbsl.com/videos/asl/aslsearch/mp4/accomplish.mp4
fulfill, https://media.signbsl.com/videos/asl/aslsearch/mp4/accomplish.mp4
fulfilled, https://media.signbsl.com/videos/asl/signlanguagestudent/mp4/fulfilled.mp4
fulfilling, https://media.signbsl.com/videos/asl/youtube/mp4/AK52lZ4pjsA.mp4
Fulfill Satisfy Fullness, https://media.signbsl.com/videos/asl/ids/mp4/2013-11-1850-fulfill-satisfy-fulness-1500k-ase.mp4
full, https://media.signbsl.com/videos/asl/startasl/mp4/full.mp4
Full-time Missionary, NA
full after eating, https://media.signbsl.com/videos/asl/signlanguagestudent/mp4/full%20(after%20eating).mp4
full battery, https://media.signbsl.com/videos/asl/youtube/mp4/aoObKSrSWU4.mp4
full bosomed, https://media.signbsl.com/videos/asl/youtube/mp4/y_aCi3I-Uv8.mp4
full cousin, https://media.signbsl.com/videos/asl/aslsignbank/mp4/COUSIN-1171.mp4
fuller, https://media.signbsl.com/videos/asl/youtube/mp4/6JrQ-Z--HHQ.mp4
full moon, https://player.vimeo.com/external/392133855.sd.mp4?s=8183fc32d5ead81be6b17c6ef9afcc605dc22c45&profile_id=164
Fullness of the Gospel, https://media.signbsl.com/videos/asl/ids/mp4/2013-11-1880-fulness-of-the-gospel-1500k-ase.mp4
Fullness of Times, https://media.signbsl.com/videos/asl/ids/mp4/2013-11-1890-fulness-of-times-1500k-ase.mp4
full of the moon, https://player.vimeo.com/external/392133855.sd.mp4?s=8183fc32d5ead81be6b17c6ef9afcc605dc22c45&profile_id=164
full phase of the moon, https://player.vimeo.com/external/392133855.sd.mp4?s=8183fc32d5ead81be6b17c6ef9afcc605dc22c45&profile_id=164
full plate, https://media.signbsl.com/videos/asl/youtube/mp4/BG4aE-0-2D8.mp4
full point, https://media.signbsl.com/videos/asl/youtube/mp4/av4VWUtDw_8.mp4
full size, https://media.signbsl.com/videos/asl/youtube/mp4/vUumNOw5OqA.mp4
fullsize, https://media.signbsl.com/videos/asl/youtube/mp4/vUumNOw5OqA.mp4
full size bed, https://player.vimeo.com/external/392678143.sd.mp4?s=9a4e9717699498e29d84baca732d3ba784d18b15&profile_id=164
full stop, https://media.signbsl.com/videos/asl/youtube/mp4/av4VWUtDw_8.mp4
Full Tithe Payer, https://media.signbsl.com/videos/asl/ids/mp4/2013-11-1870-full-tithe-payer-1500k-ase.mp4
fully awake, https://media.signbsl.com/videos/asl/youtube/mp4/EuCvOA4waK0.mp4
fulminate, https://media.signbsl.com/videos/asl/aslsignbank/mp4/TRAIN-368.mp4
fulmination, https://media.signbsl.com/videos/asl/youtube/mp4/ssoc2Ijfq8U.mp4
fulsome, https://media.signbsl.com/videos/asl/youtube/mp4/cIfReZSw6ZI.mp4
fumble, https://media.signbsl.com/videos/asl/aslsignbank/mp4/FUCK-UP-2905.mp4
fumble around, https://media.signbsl.com/videos/asl/youtube/mp4/5NHOSkGM5-w.mp4
functional, https://media.signbsl.com/videos/asl/youtube/mp4/5kU0VHZQMnY.mp4
functionalist, https://media.signbsl.com/videos/asl/youtube/mp4/_Zjg2_n0Qbg.mp4
functionality, https://media.signbsl.com/videos/asl/signlanguagestudent/mp4/functionality.mp4
functional relationship, https://media.signbsl.com/videos/asl/tsdvideo/mp4/1298.mp4
functionary, https://media.signbsl.com/videos/asl/youtube/mp4/Wc8V9q7jbC0.mp4
function notation, https://media.signbsl.com/videos/asl/youtube/mp4/nXNDEzwJGxw.mp4
fund, https://media.signbsl.com/videos/asl/aslsearch/mp4/fund.mp4
fundament, https://media.signbsl.com/videos/asl/youtube/mp4/k4acAbNtqrg.mp4
fundamental, https://media.signbsl.com/videos/asl/signlanguagestudent/mp4/central.mp4
fundamentalism, https://media.signbsl.com/videos/asl/youtube/mp4/v9n26in6cz8.mp4
fundamental law, https://media.signbsl.com/videos/asl/aslsearch/mp4/constitution.mp4
fundamental principle, https://media.signbsl.com/videos/asl/youtube/mp4/K3I71szEp3k.mp4
fundamentals, https://media.signbsl.com/videos/asl/youtube/mp4/K3I71szEp3k.mp4
fund raise, https://media.signbsl.com/videos/asl/youtube/mp4/hlyTKf2Rn-s.mp4
fundraise, https://media.signbsl.com/videos/asl/youtube/mp4/hlyTKf2Rn-s.mp4
fundraiser, https://media.signbsl.com/videos/asl/youtube/mp4/3-5XJs5uHWI.mp4
fundraising, https://player.vimeo.com/external/392134036.sd.mp4?s=3a88a1b88dd2abf68dd399d7267a07583ba27ac6&profile_id=164
funds, https://media.signbsl.com/videos/asl/valleybible/mp4/finances.mp4
funeral, https://media.signbsl.com/videos/asl/signlanguagestudent/mp4/funeral.mp4
funeral director, https://media.signbsl.com/videos/asl/youtube/mp4/YPYpEsUPCbU.mp4
funeral undertaker, https://media.signbsl.com/videos/asl/youtube/mp4/YPYpEsUPCbU.mp4
funfair, https://media.signbsl.com/videos/asl/youtube/mp4/Z9SoAiiIJns.mp4
fungal, https://media.signbsl.com/videos/asl/youtube/mp4/hHNj4YT0SiU.mp4
fungicidal, https://media.signbsl.com/videos/asl/youtube/mp4/bGhTg3745X4.mp4
fungous, https://media.signbsl.com/videos/asl/youtube/mp4/hHNj4YT0SiU.mp4
fungus, https://player.vimeo.com/external/392141310.sd.mp4?s=81a13596bec59f463ba52db7d311696e9ebf2c72&profile_id=164
funk, https://media.signbsl.com/videos/asl/aslsearch/mp4/quail.mp4
funky, https://media.signbsl.com/videos/asl/aslsignbank/mp4/E(smelly)-1887.mp4
funky fashion, https://media.signbsl.com/videos/asl/youtube/mp4/VnsQHvDM1Gs.mp4
fun loving, https://player.vimeo.com/external/392133932.sd.mp4?s=6e2ed1900ebae98e3502f3af6b9ebbf57c818188&profile_id=164
funnel, https://media.signbsl.com/videos/asl/aslsearch/mp4/funnel.mp4
funnel shape, https://media.signbsl.com/videos/asl/aslsearch/mp4/funnel.mp4
funniness, https://media.signbsl.com/videos/asl/youtube/mp4/xduoVJX1Kj0.mp4
funny, https://media.signbsl.com/videos/asl/aslsignbank/mp4/FUNNY-3015.mp4
funny bone, https://player.vimeo.com/external/392141331.sd.mp4?s=efd41f1d5d21cab10bcb7a637757b92b628a2472&profile_id=164
funny farm, https://media.signbsl.com/videos/asl/youtube/mp4/PWhjU4vMZCc.mp4
funny house, https://media.signbsl.com/videos/asl/youtube/mp4/PWhjU4vMZCc.mp4
funny line, https://media.signbsl.com/videos/asl/youtube/mp4/RhyxYY71lQg.mp4
funny zero, https://player.vimeo.com/external/392141350.sd.mp4?s=45c026528d99ac55247369cb2c985a24bda6b33b&profile_id=164
fun zero, https://media.signbsl.com/videos/asl/aslsignbank/mp4/FUN-ZERO-3054.mp4
fur, https://media.signbsl.com/videos/asl/aslsearch/mp4/fur.mp4
furbelow, https://media.signbsl.com/videos/asl/youtube/mp4/8Shioi4BBRM.mp4
furbish, https://media.signbsl.com/videos/asl/youtube/mp4/iggCkoz3WMs.mp4
furies, https://media.signbsl.com/videos/asl/youtube/mp4/vmfut1693UE.mp4
furious, https://media.signbsl.com/videos/asl/youtube/mp4/kaMlHa2bs8M.mp4
furious with someone, https://media.signbsl.com/videos/asl/youtube/mp4/d70fueuOAaE.mp4
furl, https://media.signbsl.com/videos/asl/youtube/mp4/dEMc9g4-vNQ.mp4
furlough, https://media.signbsl.com/videos/asl/youtube/mp4/9GD8NQ-Zgys.mp4
furnace, https://media.signbsl.com/videos/asl/youtube/mp4/xWLb3ktDvJ4.mp4
furnish, https://media.signbsl.com/videos/asl/youtube/mp4/vaa5xpbDJ98.mp4
furnishings, https://player.vimeo.com/external/392141411.sd.mp4?s=e88681e45d81d57ee72ffbce7c7eddd2b1e84d89&profile_id=164
furniture, https://media.signbsl.com/videos/asl/startasl/mp4/furniture.mp4
furniture maker, https://media.signbsl.com/videos/asl/youtube/mp4/8XhxQq1ZMz0.mp4
furniture unit, https://media.signbsl.com/videos/asl/youtube/mp4/BXxoY2DIijk.mp4
furor, https://player.vimeo.com/external/392123445.sd.mp4?s=e995934f3b5de543f57d9b31314b8f802962f15d&profile_id=164
furore, https://player.vimeo.com/external/392123445.sd.mp4?s=e995934f3b5de543f57d9b31314b8f802962f15d&profile_id=164
furrier, https://media.signbsl.com/videos/asl/youtube/mp4/eJzwI16MWfE.mp4
furrow, https://player.vimeo.com/external/392141457.sd.mp4?s=d207ca09a94832b66edfd906bbd0e0cdcca4a4e0&profile_id=164
further, https://media.signbsl.com/videos/asl/signlanguagestudent/mp4/further.mp4
furthermore, https://player.vimeo.com/external/392141494.sd.mp4?s=fc24d801b02d3dd0fcbdcf4696792dd5142439b6&profile_id=164
furthermost, https://media.signbsl.com/videos/asl/youtube/mp4/0bxbLpLBEx4.mp4
furthest, https://media.signbsl.com/videos/asl/youtube/mp4/0bxbLpLBEx4.mp4
furtive, https://player.vimeo.com/external/392141515.sd.mp4?s=7d5ed092433895f63ff8d83d83e6ca87ed32e70c&profile_id=164
fury, https://media.signbsl.com/videos/asl/youtube/mp4/vmfut1693UE.mp4
fuse, https://media.signbsl.com/videos/asl/aslsignbank/mp4/MATCH-1624.mp4
fuse box, https://media.signbsl.com/videos/asl/AustinCommunityCollege/mp4/auto_fuse_box_.mp4
fuselage, https://media.signbsl.com/videos/asl/youtube/mp4/Y6pmyv7Bs6g.mp4
fusible, https://media.signbsl.com/videos/asl/youtube/mp4/T1zOezfOZPw.mp4
fusion, https://media.signbsl.com/videos/asl/youtube/mp4/nllkXot6pu0.mp4
fusion welding, https://media.signbsl.com/videos/asl/AustinCommunityCollege/mp4/weld_fusion_welding_.mp4
fuss, https://media.signbsl.com/videos/asl/startasl/mp4/spat.mp4
fuss budget, https://media.signbsl.com/videos/asl/youtube/mp4/12zPMOTvCTg.mp4
fussbudget, https://media.signbsl.com/videos/asl/youtube/mp4/12zPMOTvCTg.mp4
fussiness, https://media.signbsl.com/videos/asl/youtube/mp4/A9OLapOO_Ys.mp4
fusspot, https://media.signbsl.com/videos/asl/youtube/mp4/12zPMOTvCTg.mp4
fussy, https://media.signbsl.com/videos/asl/aslsignbank/mp4/CROSS-2560.mp4
fustian, https://media.signbsl.com/videos/asl/youtube/mp4/ZzVp0Uav_AM.mp4
fustiness, https://media.signbsl.com/videos/asl/youtube/mp4/sYPCOFXmOrg.mp4
fusty, https://player.vimeo.com/external/392378651.sd.mp4?s=15a1254937a3dfeed6840cdf9dfedbc482d99ccf&profile_id=164
futile, https://media.signbsl.com/videos/asl/youtube/mp4/dVQIecbpjaU.mp4
future, https://media.signbsl.com/videos/asl/startasl/mp4/future.mp4
futureless, https://media.signbsl.com/videos/asl/youtube/mp4/mxXbWn_KWmE.mp4
futurism, https://media.signbsl.com/videos/asl/youtube/mp4/WUFXeG9Eo8Y.mp4
futurity, https://media.signbsl.com/videos/asl/startasl/mp4/future.mp4
fuzz, https://media.signbsl.com/videos/asl/aslsignbank/mp4/COVER-UP-2644.mp4
fuzziness, https://media.signbsl.com/videos/asl/youtube/mp4/USJ2blffQuI.mp4
fuzzy, https://media.signbsl.com/videos/asl/aslsearch/mp4/blurred.mp4
