word, videoURL
I, https://media.signbsl.com/videos/asl/aslsignbank/mp4/HONORIFIC-1762.mp4
i'm all that, https://media.signbsl.com/videos/asl/youtube/mp4/NGRYwYgc2UA.mp4
i'm sorry, https://media.signbsl.com/videos/asl/youtube/mp4/jZUEa_CURqs.mp4
I.D., https://media.signbsl.com/videos/asl/aslsignbank/mp4/POTATO-922.mp4
i alone, https://media.signbsl.com/videos/asl/aslsignbank/mp4/ONLY-SELF_1-2813.mp4
i am, https://media.signbsl.com/videos/asl/youtube/mp4/p3x7bfbd84Q.mp4
i am0 years old, https://media.signbsl.com/videos/asl/startasl/mp4/i-am-20-years-old.mp4
i am deaf, https://media.signbsl.com/videos/asl/youtube/mp4/poXMLKzy1f8.mp4
i am fine, https://media.signbsl.com/videos/asl/mariekatzenbachschool/mp4/I%20am%20fine.mp4
I am full, https://media.signbsl.com/videos/asl/mariekatzenbachschool/mp4/I%20am%20full.mp4
I am happy, https://media.signbsl.com/videos/asl/mariekatzenbachschool/mp4/I%20am%20happy.mp4
i am honorific, https://media.signbsl.com/videos/asl/signlanguagestudent/mp4/I%20am%20(honorific).mp4
i am ignoring you, https://media.signbsl.com/videos/asl/mariekatzenbachschool/mp4/I%20am%20ignoring%20you.mp4
i am not married, https://media.signbsl.com/videos/asl/startasl/mp4/i-am-not-married.mp4
i am offended, https://media.signbsl.com/videos/asl/youtube/mp4/tRrbESwJt9U.mp4
i am sick, https://media.signbsl.com/videos/asl/youtube/mp4/lkZVbO7JD1M.mp4
i am sorry, https://media.signbsl.com/videos/asl/mariekatzenbachschool/mp4/I%20am%20sorry.mp4
i am tired, https://media.signbsl.com/videos/asl/mariekatzenbachschool/mp4/I%20am%20tired.mp4
i am watching you, https://media.signbsl.com/videos/asl/youtube/mp4/3qVY_q9ZamU.mp4
i and you, https://media.signbsl.com/videos/asl/aslsignbank/mp4/I-AND-2898.mp4
i ask him or her, https://media.signbsl.com/videos/asl/youtube/mp4/8OlpopPGF0A.mp4
ibid, https://media.signbsl.com/videos/asl/youtube/mp4/EHE_sqc4Rxg.mp4
Ibrahim, https://media.signbsl.com/videos/asl/ids/mp4/2013-11-140-abraham-1500k-ase.mp4
ibrb, https://media.signbsl.com/videos/asl/startasl/mp4/ibrb.mp4
i cant believe it, https://media.signbsl.com/videos/asl/aslsignbank/mp4/AWFUL-26.mp4
i cant think of anything, https://media.signbsl.com/videos/asl/youtube/mp4/FD0naPcs-c4.mp4
ice, https://media.signbsl.com/videos/asl/aslsearch/mp4/ice.mp4
ice bag, https://media.signbsl.com/videos/asl/youtube/mp4/aj7Tt7VFTJg.mp4
ice bear, https://media.signbsl.com/videos/asl/aslsearch/mp4/polar-bear.mp4
iceboat, https://media.signbsl.com/videos/asl/youtube/mp4/-s-G4v-tbMI.mp4
icebound, https://media.signbsl.com/videos/asl/youtube/mp4/mb7mIiWSMng.mp4
ice box, https://media.signbsl.com/videos/asl/startasl/mp4/refrigerator.mp4
icebox, https://media.signbsl.com/videos/asl/startasl/mp4/refrigerator.mp4
icebreaker, https://media.signbsl.com/videos/asl/youtube/mp4/-s-G4v-tbMI.mp4
ice chest, https://media.signbsl.com/videos/asl/youtube/mp4/z3dmZMeYDfE.mp4
ice cream, https://media.signbsl.com/videos/asl/startasl/mp4/ice-cream.mp4
ice cream truck, https://media.signbsl.com/videos/asl/aslsearch/mp4/ice-cream-truck.mp4
iced tea, https://player.vimeo.com/external/392682605.sd.mp4?s=3e71599fc738e4723ff9329159f50fcb1217c053&profile_id=164
ice hockey, https://media.signbsl.com/videos/asl/startasl/mp4/hockey.mp4
Iceland, https://media.signbsl.com/videos/asl/youtube/mp4/Xz1QgFMAWfk.mp4
ice lolly, https://media.signbsl.com/videos/asl/aslsearch/mp4/lollipop.mp4
iceman, https://media.signbsl.com/videos/asl/youtube/mp4/2Zj1iICRTiI.mp4
ice over, https://media.signbsl.com/videos/asl/youtube/mp4/zBhdLgvs1oQ.mp4
ice pack, https://media.signbsl.com/videos/asl/youtube/mp4/aj7Tt7VFTJg.mp4
ice skate, https://media.signbsl.com/videos/asl/aslbricks/mp4/ice%20skate.mp4
ice skates, https://media.signbsl.com/videos/asl/aslbricks/mp4/ice%20skate.mp4
ice skating, https://media.signbsl.com/videos/asl/startasl/mp4/ice-skating.mp4
ice tea, https://player.vimeo.com/external/392682605.sd.mp4?s=3e71599fc738e4723ff9329159f50fcb1217c053&profile_id=164
ice up, https://media.signbsl.com/videos/asl/youtube/mp4/zBhdLgvs1oQ.mp4
ichabod crane, https://media.signbsl.com/videos/asl/youtube/mp4/88ChJEKKqbw.mp4
ichthyologist, https://media.signbsl.com/videos/asl/youtube/mp4/1hMG3_Z_gRs.mp4
icicle, https://player.vimeo.com/external/392189368.sd.mp4?s=e1e657dec30f3143585cdfb5df22848d4129cdc0&profile_id=164
icicles, https://player.vimeo.com/external/392189368.sd.mp4?s=e1e657dec30f3143585cdfb5df22848d4129cdc0&profile_id=164
icier, https://media.signbsl.com/videos/asl/youtube/mp4/U1GvfaB5h7U.mp4
iciness, https://media.signbsl.com/videos/asl/aslsignbank/mp4/COLD-432.mp4
icing, https://media.signbsl.com/videos/asl/youtube/mp4/sGQ4CxIETd4.mp4
icky, https://media.signbsl.com/videos/asl/startasl/mp4/lousy.mp4
icon, https://media.signbsl.com/videos/asl/startasl/mp4/picture.mp4
iconic, https://media.signbsl.com/videos/asl/aslsignbank/mp4/PICTURE-215.mp4
iconoclasm, https://player.vimeo.com/external/392189445.sd.mp4?s=80a75ba12d6e7354b7f08cd1dbe9a72635da76e9&profile_id=164
iconography, https://player.vimeo.com/external/392189471.sd.mp4?s=a94b5cebd593fb841d34464e21b98aec33114c5a&profile_id=164
ictus, https://media.signbsl.com/videos/asl/youtube/mp4/p0O8RZUOIyg.mp4
icy, https://media.signbsl.com/videos/asl/aslsearch/mp4/arctic.mp4
ID, https://media.signbsl.com/videos/asl/aslsignbank/mp4/POTATO-922.mp4
Idaho, https://media.signbsl.com/videos/asl/aslsignbank/mp4/POTATO-922.mp4
idea, https://media.signbsl.com/videos/asl/signlanguagestudent/mp4/idea.mp4
ideal, https://player.vimeo.com/external/392189539.sd.mp4?s=20e89de9a79d2781eef730d8c097a74e76d1aceb&profile_id=164
idealisation, https://media.signbsl.com/videos/asl/youtube/mp4/41TS6ImsgPw.mp4
idealism, https://media.signbsl.com/videos/asl/philosophy/mp4/Idealism-HD.mp4
idealist, https://media.signbsl.com/videos/asl/philosophy/mp4/Idealist-HD.mp4
idealization, https://media.signbsl.com/videos/asl/youtube/mp4/41TS6ImsgPw.mp4
ideas, https://media.signbsl.com/videos/asl/signlanguagestudent/mp4/idea.mp4
ideas percolate, https://media.signbsl.com/videos/asl/youtube/mp4/cT6It-bkwYY.mp4
ideate, https://media.signbsl.com/videos/asl/signlanguagestudent/mp4/imagine.mp4
idem, https://media.signbsl.com/videos/asl/youtube/mp4/K_cVcK1k9bk.mp4
identical, https://media.signbsl.com/videos/asl/aslsearch/mp4/identical.mp4
identifiable, https://media.signbsl.com/videos/asl/youtube/mp4/hX0kHa5xNAs.mp4
identification, https://media.signbsl.com/videos/asl/aslsignbank/mp4/IDENTIFY-2238.mp4
identify, https://media.signbsl.com/videos/asl/aslsearch/mp4/identify.mp4
identity, https://media.signbsl.com/videos/asl/signlanguagestudent/mp4/identity.mp4
identity property, https://media.signbsl.com/videos/asl/youtube/mp4/-brns1JhyKY.mp4
identity property of one, https://media.signbsl.com/videos/asl/youtube/mp4/qtPPsWNAv88.mp4
identity property of zero, https://media.signbsl.com/videos/asl/youtube/mp4/uaIuuuhKTps.mp4
ideographic, https://player.vimeo.com/external/392192617.sd.mp4?s=4864ef522bb37b90a1290a0333b0801973615b98&profile_id=164
ideologic, https://media.signbsl.com/videos/asl/youtube/mp4/qn5zEwSKHaY.mp4
ideological, https://media.signbsl.com/videos/asl/youtube/mp4/qn5zEwSKHaY.mp4
ideologist, https://media.signbsl.com/videos/asl/youtube/mp4/IuKfBXnnmRQ.mp4
ideologue, https://media.signbsl.com/videos/asl/youtube/mp4/IuKfBXnnmRQ.mp4
ideology, https://player.vimeo.com/external/392192656.sd.mp4?s=285f9a253eb077d56ab99a7e9fa837fbb797aa1c&profile_id=164
i did it, https://media.signbsl.com/videos/asl/youtube/mp4/IFyp7RRQIwQ.mp4
i didnt mean that, https://media.signbsl.com/videos/asl/aslsignbank/mp4/KEEP-QUIET-160.mp4
i didnt mean to, https://media.signbsl.com/videos/asl/aslsignbank/mp4/i(sorry)-1797.mp4
idiom, https://media.signbsl.com/videos/asl/aslsearch/mp4/idiom.mp4
idioms, https://media.signbsl.com/videos/asl/aslsearch/mp4/idiom.mp4
idiopathic, https://media.signbsl.com/videos/asl/youtube/mp4/zS7QPKq8i74.mp4
idiosyncrasies, https://media.signbsl.com/videos/asl/youtube/mp4/Re2meN3W9WU.mp4
idiosyncrasy, https://media.signbsl.com/videos/asl/youtube/mp4/Re2meN3W9WU.mp4
idiot, https://media.signbsl.com/videos/asl/aslsignbank/mp4/IDIOT-2180.mp4
idiot box, https://media.signbsl.com/videos/asl/startasl/mp4/television.mp4
idiotic, https://player.vimeo.com/external/392192762.sd.mp4?s=3c474e0e75459007a36bc93481222799be8d65fa&profile_id=164
idle, https://media.signbsl.com/videos/asl/aslsearch/mp4/idle.mp4
idling engine, https://player.vimeo.com/external/392192835.sd.mp4?s=70285eca391d17ac4b9bae235cf592e8881a0d0e&profile_id=164
idol, https://media.signbsl.com/videos/asl/signlanguagestudent/mp4/idol%20(alternate).mp4
idolater, https://media.signbsl.com/videos/asl/youtube/mp4/0tdVSp1YVn4.mp4
idolatress, https://media.signbsl.com/videos/asl/youtube/mp4/lB7iGdLuYKs.mp4
idolatrous, https://media.signbsl.com/videos/asl/youtube/mp4/ICfj07h28QU.mp4
idolatry, https://media.signbsl.com/videos/asl/valleybible/mp4/idolatry.mp4
idolise, https://player.vimeo.com/external/392192904.sd.mp4?s=0f81585df2bc8fc4da430000ff9b06fbdd6ae799&profile_id=164
idoliser, https://media.signbsl.com/videos/asl/youtube/mp4/0tdVSp1YVn4.mp4
idolize, https://player.vimeo.com/external/392192904.sd.mp4?s=0f81585df2bc8fc4da430000ff9b06fbdd6ae799&profile_id=164
idolizer, https://media.signbsl.com/videos/asl/youtube/mp4/0tdVSp1YVn4.mp4
idols, https://media.signbsl.com/videos/asl/signlanguagestudent/mp4/idol%20(alternate).mp4
idol worship, https://media.signbsl.com/videos/asl/valleybible/mp4/idolatry.mp4
idol worshiper, https://media.signbsl.com/videos/asl/youtube/mp4/0tdVSp1YVn4.mp4
I don't know, https://media.signbsl.com/videos/asl/startasl/mp4/dont-know.mp4
i dont care, https://media.signbsl.com/videos/asl/aslsignbank/mp4/SO-WHAT-2911.mp4
i dont feel good i feel lousy, https://media.signbsl.com/videos/asl/startasl/mp4/i-dont-feel-good-i-feel-lousy.mp4
i dont know, https://media.signbsl.com/videos/asl/startasl/mp4/dont-know.mp4
i dont like, https://media.signbsl.com/videos/asl/aslsignbank/mp4/i(raspberry)-2457.mp4
i dont like it, https://media.signbsl.com/videos/asl/youtube/mp4/bF7n-mjkgU8.mp4
i dont like snakes, https://media.signbsl.com/videos/asl/mariekatzenbachschool/mp4/I%20dont%20like%20snakes.mp4
i dont like this, https://player.vimeo.com/external/392682304.sd.mp4?s=c5a4e8a4951152f4090d3a1a5017204381b4a79d&profile_id=164
i dont think so, https://media.signbsl.com/videos/asl/aslsignbank/mp4/i(nope)-1811.mp4
i dont understand, https://media.signbsl.com/videos/asl/startasl/mp4/idontunderstand.mp4
i enjoy this, https://player.vimeo.com/external/392682363.sd.mp4?s=584f85416f841ba047e227c21941bffa96430228&profile_id=164
if, https://media.signbsl.com/videos/asl/aslsearch/mp4/if.mp4
i feel ok, https://media.signbsl.com/videos/asl/startasl/mp4/ifeelok.mp4
i feel so small, https://player.vimeo.com/external/392682395.sd.mp4?s=4af7ef76ffb2a71826b4a2328f77ff3ffd23a43a&profile_id=164
i feel tired, https://media.signbsl.com/videos/asl/startasl/mp4/ifeeltired.mp4
i feel wonderful, https://media.signbsl.com/videos/asl/startasl/mp4/ifeelwonderful.mp4
iffy, https://player.vimeo.com/external/392129099.sd.mp4?s=2b934711cbef4bed1051adc5c03aade03cde5858&profile_id=164
i give, https://media.signbsl.com/videos/asl/aslsignbank/mp4/i(not-me)-1810.mp4
igneous, https://media.signbsl.com/videos/asl/youtube/mp4/OsUiDzrTzGA.mp4
ignitable, https://media.signbsl.com/videos/asl/youtube/mp4/bRbuKW1jrbk.mp4
ignite, https://media.signbsl.com/videos/asl/aslsearch/mp4/ignite.mp4
igniter, https://media.signbsl.com/videos/asl/aslsearch/mp4/lighter.mp4
ignitible, https://media.signbsl.com/videos/asl/youtube/mp4/bRbuKW1jrbk.mp4
ignition, https://media.signbsl.com/videos/asl/youtube/mp4/9zGFUtzDftc.mp4
ignition system, https://media.signbsl.com/videos/asl/youtube/mp4/9zGFUtzDftc.mp4
ignitor, https://media.signbsl.com/videos/asl/aslsearch/mp4/lighter.mp4
ignoble, https://media.signbsl.com/videos/asl/youtube/mp4/oysvCq-GiAo.mp4
ignominious, https://media.signbsl.com/videos/asl/youtube/mp4/Qwn3BrtC678.mp4
ignominy, https://media.signbsl.com/videos/asl/youtube/mp4/uOfiGLLeqXQ.mp4
ignoramus, https://media.signbsl.com/videos/asl/aslsignbank/mp4/KNOW-NOTHING-3052.mp4
ignorance, https://media.signbsl.com/videos/asl/youtube/mp4/I9QtZPo6R9c.mp4
ignorant, https://player.vimeo.com/external/392192986.sd.mp4?s=d22c44b8c9574a4634f2603c106d6f2c5daf338c&profile_id=164
ignore, https://media.signbsl.com/videos/asl/aslsignbank/mp4/EXCUSE-833.mp4
ignored, https://player.vimeo.com/external/392682761.sd.mp4?s=4c15314598ec276934419e2dea9308e059d558a5&profile_id=164
i go to school, https://media.signbsl.com/videos/asl/mariekatzenbachschool/mp4/I%20go%20to%20school.mp4
iguana, https://player.vimeo.com/external/392193042.sd.mp4?s=56c920158a4cab07dbed71ea144959d0eb0d0d51&profile_id=164
Iguana iguana, https://player.vimeo.com/external/392193042.sd.mp4?s=56c920158a4cab07dbed71ea144959d0eb0d0d51&profile_id=164
i had a cheese sandwich for my lunch on monday, https://media.signbsl.com/videos/asl/youtube/mp4/0GEYujJlBwc.mp4
i had a chicken sandwich for my lunch on tuesday, https://media.signbsl.com/videos/asl/youtube/mp4/EScRkNFu9n4.mp4
i had a jam sandwich for my lunch on thursday, https://media.signbsl.com/videos/asl/youtube/mp4/Cbmx3lSxw1o.mp4
i have a comment, https://media.signbsl.com/videos/asl/mariekatzenbachschool/mp4/I%20have%20a%20comment.mp4
i have an answer, https://media.signbsl.com/videos/asl/mariekatzenbachschool/mp4/I%20have%20an%20answer.mp4
i have a question, https://media.signbsl.com/videos/asl/startasl/mp4/ihaveaquestion.mp4
i have a reservation, https://player.vimeo.com/external/392682434.sd.mp4?s=369f119d41f40527d1116965bfadeb125f0f0e5c&profile_id=164
i have one brother two sisters, https://media.signbsl.com/videos/asl/startasl/mp4/ihaveonebrothertwosisters.mp4
i have to go home, https://media.signbsl.com/videos/asl/startasl/mp4/i-have-to-go-home.mp4
i have two cats, https://media.signbsl.com/videos/asl/mariekatzenbachschool/mp4/I%20have%20two%20cats.mp4
i have two sons and one daughter, https://media.signbsl.com/videos/asl/mariekatzenbachschool/mp4/I%20have%20two%20sons%20and%20one%20daughter.mp4
i help him, https://media.signbsl.com/videos/asl/signlanguagestudent/mp4/I%20help%20him.mp4
i hope, https://media.signbsl.com/videos/asl/aslsignbank/mp4/E(fingers-crossed)-1904.mp4
ii, NA
I Know, https://player.vimeo.com/external/392682457.sd.mp4?s=26d66bb882afffb2ae2a7d6b42bd0f1995c3c29b&profile_id=164
i know i know, https://media.signbsl.com/videos/asl/youtube/mp4/ECY5ThFBvJg.mp4
ikon, https://media.signbsl.com/videos/asl/startasl/mp4/picture.mp4
IL, https://media.signbsl.com/videos/asl/youtube/mp4/I70qqKejftk.mp4
i like horses, https://media.signbsl.com/videos/asl/mariekatzenbachschool/mp4/I%20like%20horses.mp4
i like it, https://player.vimeo.com/external/392682510.sd.mp4?s=0882ff01c085f8d1ba5e907b6be922b934bead8a&profile_id=164
i like that, https://media.signbsl.com/videos/asl/youtube/mp4/kaykQszMLuE.mp4
ilk, https://media.signbsl.com/videos/asl/youtube/mp4/9hlCgFqDIm4.mp4
ill, https://media.signbsl.com/videos/asl/startasl/mp4/sick.mp4
ill advised, https://media.signbsl.com/videos/asl/youtube/mp4/xZJ-NLe4DVI.mp4
illation, https://media.signbsl.com/videos/asl/tsdvideo/mp4/1514.mp4
ill be right back, https://media.signbsl.com/videos/asl/startasl/mp4/ill-be-right-back.mp4
ill chosen, https://media.signbsl.com/videos/asl/aslsignbank/mp4/INEPT-1735.mp4
illegal, https://media.signbsl.com/videos/asl/aslsearch/mp4/illegal.mp4
illegalise, https://media.signbsl.com/videos/asl/youtube/mp4/b08m5OJYmJ8.mp4
illegalize, https://media.signbsl.com/videos/asl/youtube/mp4/b08m5OJYmJ8.mp4
illegibility, https://media.signbsl.com/videos/asl/youtube/mp4/AX0XKLEfFKc.mp4
illegitimacy, https://media.signbsl.com/videos/asl/youtube/mp4/DLeX1GnLbBE.mp4
illegitimate, https://media.signbsl.com/videos/asl/youtube/mp4/L1BW0QuDX2w.mp4
illegitimate child, https://media.signbsl.com/videos/asl/youtube/mp4/L1BW0QuDX2w.mp4
iller, https://media.signbsl.com/videos/asl/youtube/mp4/xUPKkdu06ck.mp4
ill famed, https://player.vimeo.com/external/392208754.sd.mp4?s=ac9fbd58be6ab49ae0ba7ece44e84ec381e291fc&profile_id=164
ill fed, https://media.signbsl.com/videos/asl/youtube/mp4/v0T7PV0RyhU.mp4
ill formed, https://media.signbsl.com/videos/asl/youtube/mp4/ahqkQ7LCSS8.mp4
ill gotten gains, https://media.signbsl.com/videos/asl/youtube/mp4/U0BqJF9inxE.mp4
ill help you, https://player.vimeo.com/external/392682800.sd.mp4?s=fc7efff468d16ecbc7684717ec015e9dbc260b54&profile_id=164
ill humored, https://media.signbsl.com/videos/asl/youtube/mp4/PFfpu6ICWtM.mp4
ill humoured, https://media.signbsl.com/videos/asl/youtube/mp4/PFfpu6ICWtM.mp4
illicit, https://media.signbsl.com/videos/asl/youtube/mp4/VgFn7g4Q02k.mp4
illimitable, https://media.signbsl.com/videos/asl/youtube/mp4/QWwri14Lk34.mp4
Illinois, https://media.signbsl.com/videos/asl/youtube/mp4/I70qqKejftk.mp4
illiteracy, https://media.signbsl.com/videos/asl/youtube/mp4/HxTMNM4J0zQ.mp4
illiterate, https://player.vimeo.com/external/392193149.sd.mp4?s=fc5581f525c6f710b3a63db9efda87c77bd188ce&profile_id=164
ill luck, https://media.signbsl.com/videos/asl/youtube/mp4/4GtXbtHbSeU.mp4
ill mannered, https://media.signbsl.com/videos/asl/startasl/mp4/rude.mp4
illness, https://media.signbsl.com/videos/asl/aslsearch/mp4/illness.mp4
illogical, https://media.signbsl.com/videos/asl/youtube/mp4/2a3tVs49KHg.mp4
ill service, https://media.signbsl.com/videos/asl/youtube/mp4/uRga5BICuqU.mp4
ill shapen, https://player.vimeo.com/external/392282966.sd.mp4?s=6301f9d23b399dd097548e1317e2137b1f4f8c0c&profile_id=164
ill tempered, https://media.signbsl.com/videos/asl/aslsignbank/mp4/CROSS-2560.mp4
ill treat, https://media.signbsl.com/videos/asl/youtube/mp4/Y8Dar2IJIro.mp4
ill treatment, https://media.signbsl.com/videos/asl/aslsearch/mp4/abuse.mp4
ill turn, https://media.signbsl.com/videos/asl/youtube/mp4/uRga5BICuqU.mp4
illuminable, https://media.signbsl.com/videos/asl/youtube/mp4/79wcA4awN-w.mp4
illuminated, https://media.signbsl.com/videos/asl/youtube/mp4/6Y8j6FDWqTU.mp4
illuminati, https://player.vimeo.com/external/392193172.sd.mp4?s=69dbb2a1067faeea8d9d75ef9495a2806078f76d&profile_id=164
illumination, https://player.vimeo.com/external/392193199.sd.mp4?s=42700fda6fb014af197457b7e001f8a1c77b3c09&profile_id=164
ill usage, https://media.signbsl.com/videos/asl/aslsearch/mp4/abuse.mp4
ill use, https://media.signbsl.com/videos/asl/youtube/mp4/Y8Dar2IJIro.mp4
illusion, https://media.signbsl.com/videos/asl/youtube/mp4/HBPceVQc0Ms.mp4
illusionist, https://media.signbsl.com/videos/asl/aslsearch/mp4/magician.mp4
illusive, https://media.signbsl.com/videos/asl/youtube/mp4/i7Vj7Dv-6Rk.mp4
illusory, https://media.signbsl.com/videos/asl/youtube/mp4/i7Vj7Dv-6Rk.mp4
illustrate, https://media.signbsl.com/videos/asl/aslsearch/mp4/illustrate.mp4
illustration, https://media.signbsl.com/videos/asl/aslsignbank/mp4/EXAMPLE-2305.mp4
illustrator, https://media.signbsl.com/videos/asl/youtube/mp4/5AJ4nXKqkaI.mp4
illustrious, https://media.signbsl.com/videos/asl/startasl/mp4/famous.mp4
ill will, https://player.vimeo.com/external/392011866.sd.mp4?s=75e2a7ed2888ae0a94bc36aac634e04ee4a6eb0c&profile_id=164
i love that, https://media.signbsl.com/videos/asl/aslsignbank/mp4/I-LOVE-YOU-156.mp4
i love you, https://media.signbsl.com/videos/asl/youtube/mp4/dEUvcuoKxsk.mp4
Ily (I Love You), https://player.vimeo.com/external/392193237.sd.mp4?s=296d9b84715afc0cf24651e0859bff8a66d5c583&profile_id=164
ily i love you, https://player.vimeo.com/external/392193237.sd.mp4?s=296d9b84715afc0cf24651e0859bff8a66d5c583&profile_id=164
ily lsq, https://player.vimeo.com/external/392193267.sd.mp4?s=fdbe438eaa62de9b03b8828669dd46b2f5d24a52&profile_id=164
im, https://media.signbsl.com/videos/asl/youtube/mp4/TSLEGl9FCfQ.mp4
image, https://media.signbsl.com/videos/asl/aslsearch/mp4/image.mp4
imagery, https://media.signbsl.com/videos/asl/aslsignbank/mp4/IMAGINE-1747.mp4
image scanner, https://media.signbsl.com/videos/asl/mariekatzenbachschool/mp4/scanner.mp4
imaginable, https://media.signbsl.com/videos/asl/youtube/mp4/avnjToOZud4.mp4
imaginary, https://media.signbsl.com/videos/asl/youtube/mp4/mZ0dbK38h-4.mp4
imaginary number, https://media.signbsl.com/videos/asl/tsdvideo/mp4/1465.mp4
imagination, https://media.signbsl.com/videos/asl/aslsignbank/mp4/IMAGINE-1747.mp4
imaginative, https://media.signbsl.com/videos/asl/youtube/mp4/EwT0RMRD2fc.mp4
imagine, https://media.signbsl.com/videos/asl/signlanguagestudent/mp4/imagine.mp4
imagined, https://media.signbsl.com/videos/asl/youtube/mp4/mZ0dbK38h-4.mp4
imagine that, https://player.vimeo.com/external/392193322.sd.mp4?s=f79f344142d2be8172ed912de5cf98e5141502e6&profile_id=164
imaging, https://media.signbsl.com/videos/asl/aslsignbank/mp4/IMAGINE-1747.mp4
im all that, https://media.signbsl.com/videos/asl/youtube/mp4/NGRYwYgc2UA.mp4
imam, https://media.signbsl.com/videos/asl/youtube/mp4/va2v92l-Gb0.mp4
im american, https://player.vimeo.com/external/392682823.sd.mp4?s=748baab5a377a7b809692a2542919db46880611f&profile_id=164
imaum, https://media.signbsl.com/videos/asl/youtube/mp4/va2v92l-Gb0.mp4
imbalance, https://media.signbsl.com/videos/asl/youtube/mp4/XFOIsBC6wzs.mp4
imbecile, https://media.signbsl.com/videos/asl/aslsignbank/mp4/IDIOT-2180.mp4
imbed, https://media.signbsl.com/videos/asl/aslsignbank/mp4/PUT-IN-219.mp4
imbibe, https://media.signbsl.com/videos/asl/startasl/mp4/drink.mp4
imbiber, https://media.signbsl.com/videos/asl/youtube/mp4/b-rp1uzhnrQ.mp4
imbibing, https://player.vimeo.com/external/392671916.sd.mp4?s=16372ef2d2385fa7635e4c67e3cf1b5a779785f9&profile_id=164
imbibition, https://player.vimeo.com/external/392671916.sd.mp4?s=16372ef2d2385fa7635e4c67e3cf1b5a779785f9&profile_id=164
imbroglio, https://media.signbsl.com/videos/asl/youtube/mp4/x36RIwfZsLQ.mp4
imbue, https://media.signbsl.com/videos/asl/youtube/mp4/5XHzLSZ_06M.mp4
im down, https://media.signbsl.com/videos/asl/youtube/mp4/11nTLix3MC0.mp4
i me, https://player.vimeo.com/external/392189114.sd.mp4?s=c9857505b83f9038a13633effc694fa31af38e57&profile_id=164
ime, https://media.signbsl.com/videos/asl/startasl/mp4/ime.mp4
i mean, https://media.signbsl.com/videos/asl/aslsignbank/mp4/i(no-no)-1813.mp4
I mean it, https://media.signbsl.com/videos/asl/aslsignbank/mp4/i(i-mean-it)-1816.mp4
im fine, https://player.vimeo.com/external/392682855.sd.mp4?s=852b388235f99401dbdd7726f0ec17c46d7265a6&profile_id=164
im hungry, https://media.signbsl.com/videos/asl/mariekatzenbachschool/mp4/Im%20hungry.mp4
imitable, https://media.signbsl.com/videos/asl/youtube/mp4/wDlV0I2hq_w.mp4
imitate, https://media.signbsl.com/videos/asl/aslsignbank/mp4/COPY-1165.mp4
imitation, https://media.signbsl.com/videos/asl/aslsearch/mp4/counterfeit.mp4
imitator, https://player.vimeo.com/external/391909021.sd.mp4?s=66b8cf5a7deeb6f5ff7aac2f8f3c51b9e2186b20&profile_id=164
im lost, https://player.vimeo.com/external/392682890.sd.mp4?s=3920ca402ad31802ae26a9b024cbb9d3f74605ed&profile_id=164
immaculate, https://player.vimeo.com/external/392193435.sd.mp4?s=33ed3ec7a41943e22f12742a3285db166331cf67&profile_id=164
Immanuel, https://media.signbsl.com/videos/asl/valleybible/mp4/Immanuel.mp4
Immanuel Kant, https://media.signbsl.com/videos/asl/philosophy/mp4/Kant-HD.mp4
immaterial, https://media.signbsl.com/videos/asl/youtube/mp4/30l1-BBqxQQ.mp4
immature, https://media.signbsl.com/videos/asl/startasl/mp4/young.mp4
immeasurable, https://media.signbsl.com/videos/asl/youtube/mp4/Eb5znEGXe3g.mp4
immediate, https://media.signbsl.com/videos/asl/aslsearch/mp4/immediate.mp4
immediately, https://media.signbsl.com/videos/asl/signlanguagestudent/mp4/immediately%20(alternate%202).mp4
immense, https://media.signbsl.com/videos/asl/aslsearch/mp4/vast.mp4
immensurable, https://media.signbsl.com/videos/asl/youtube/mp4/iHrhsy5bjfg.mp4
immerse, https://media.signbsl.com/videos/asl/youtube/mp4/hmjQQjj4EUI.mp4
immerse in water, https://media.signbsl.com/videos/asl/youtube/mp4/9mfvQLNm_L0.mp4
immersible, https://media.signbsl.com/videos/asl/youtube/mp4/gqj4SK3xksQ.mp4
immersion, https://media.signbsl.com/videos/asl/ids/mp4/2013-11-2370-immersion-1500k-ase.mp4
immigrant, https://media.signbsl.com/videos/asl/youtube/mp4/KVsYCJlkETI.mp4
immigrate, https://media.signbsl.com/videos/asl/aslsearch/mp4/immigrate.mp4
immigration, https://media.signbsl.com/videos/asl/youtube/mp4/VOSjfGlHA8U.mp4
imminence, https://media.signbsl.com/videos/asl/youtube/mp4/BBDWzxlBk2U.mp4
imminency, https://media.signbsl.com/videos/asl/youtube/mp4/BBDWzxlBk2U.mp4
imminent, https://player.vimeo.com/external/392194339.sd.mp4?s=2d565eef84f9e2dc7a79b83974823473064979b4&profile_id=164
imminentness, https://media.signbsl.com/videos/asl/youtube/mp4/BBDWzxlBk2U.mp4
immiscible, https://media.signbsl.com/videos/asl/youtube/mp4/dRo6W6lvro8.mp4
immix, https://media.signbsl.com/videos/asl/aslsignbank/mp4/MATCH-1624.mp4
immobile, https://media.signbsl.com/videos/asl/youtube/mp4/jrBTXDu5_Hg.mp4
immobilise, https://media.signbsl.com/videos/asl/youtube/mp4/9E9O9Zx0oRM.mp4
immobilize, https://media.signbsl.com/videos/asl/youtube/mp4/9E9O9Zx0oRM.mp4
immodest, https://player.vimeo.com/external/392194381.sd.mp4?s=41aa71b549d38b5abbdb06fc7e131288d5100834&profile_id=164
immodesty, https://player.vimeo.com/external/392025223.sd.mp4?s=440b721bf33244ac1b73d26a6ca0c6735399a6c2&profile_id=164
immolate, https://player.vimeo.com/external/392194445.sd.mp4?s=25d95391726ef0a6a8c984f1036d48f6b75ece93&profile_id=164
immoral, https://media.signbsl.com/videos/asl/youtube/mp4/wHF65ZbvBAw.mp4
Immoral Immorality, https://media.signbsl.com/videos/asl/ids/mp4/2013-11-2380-immoral-immorality-1500k-ase.mp4
immorality, https://media.signbsl.com/videos/asl/valleybible/mp4/immorality.mp4
immortal, https://media.signbsl.com/videos/asl/aslsearch/mp4/immortal.mp4
Immortal Immortality, https://media.signbsl.com/videos/asl/ids/mp4/2013-11-2390-immortal-immortality-1500k-ase.mp4
immortalise, https://media.signbsl.com/videos/asl/youtube/mp4/3Y0Id71ivk4.mp4
immortalize, https://media.signbsl.com/videos/asl/youtube/mp4/3Y0Id71ivk4.mp4
immovability, https://media.signbsl.com/videos/asl/youtube/mp4/NJaB5kiETGk.mp4
immovable, https://media.signbsl.com/videos/asl/youtube/mp4/oaLome9JG_g.mp4
immovableness, https://media.signbsl.com/videos/asl/youtube/mp4/NJaB5kiETGk.mp4
immoveable, https://media.signbsl.com/videos/asl/youtube/mp4/oaLome9JG_g.mp4
immune, https://media.signbsl.com/videos/asl/aslsearch/mp4/immune.mp4
immunisation, https://player.vimeo.com/external/392194575.sd.mp4?s=87659cca6fcd6ed17c66822778b2254a98bc492c&profile_id=164
immunise, https://media.signbsl.com/videos/asl/aslsearch/mp4/vaccinate.mp4
immunization, https://player.vimeo.com/external/392194575.sd.mp4?s=87659cca6fcd6ed17c66822778b2254a98bc492c&profile_id=164
immunize, https://media.signbsl.com/videos/asl/aslsearch/mp4/vaccinate.mp4
immunodeficiency, https://media.signbsl.com/videos/asl/youtube/mp4/u0TnsgZv4vM.mp4
immunologic, https://media.signbsl.com/videos/asl/youtube/mp4/HbKy08v4Jx8.mp4
immunological, https://media.signbsl.com/videos/asl/youtube/mp4/HbKy08v4Jx8.mp4
immunologist, https://media.signbsl.com/videos/asl/youtube/mp4/P1AUgymDlds.mp4
immunology, https://media.signbsl.com/videos/asl/youtube/mp4/eXLwB2Kd9O0.mp4
immure, https://media.signbsl.com/videos/asl/aslsearch/mp4/jail.mp4
immurement, https://media.signbsl.com/videos/asl/youtube/mp4/twI6nQCQE8k.mp4
immutability, https://media.signbsl.com/videos/asl/youtube/mp4/pmfgvva-Q2c.mp4
immutableness, https://media.signbsl.com/videos/asl/youtube/mp4/pmfgvva-Q2c.mp4
im off, https://media.signbsl.com/videos/asl/youtube/mp4/bNH8A1NQZRs.mp4
imp, https://player.vimeo.com/external/392009471.sd.mp4?s=cfe3a9912745b9cbdf2b5589e3d3c80c212ce5d0&profile_id=164
impact, https://media.signbsl.com/videos/asl/aslsearch/mp4/affect.mp4
impact gun, https://media.signbsl.com/videos/asl/AustinCommunityCollege/mp4/auto_impact_gun_.mp4
impair, https://media.signbsl.com/videos/asl/aslsearch/mp4/impair.mp4
impairment, https://media.signbsl.com/videos/asl/signlanguagestudent/mp4/disability.mp4
impale, https://player.vimeo.com/external/392194683.sd.mp4?s=d9150e0ce438ce98a2cdb4c9a8db575d37287261&profile_id=164
impalpability, https://media.signbsl.com/videos/asl/youtube/mp4/XdOZtNMU_V4.mp4
impalpable, https://media.signbsl.com/videos/asl/youtube/mp4/OvgxnK_2WSI.mp4
impanel, https://media.signbsl.com/videos/asl/youtube/mp4/-6Q4Q_ghMXs.mp4
impart, https://media.signbsl.com/videos/asl/aslsignbank/mp4/BRING-51.mp4
impartial, https://media.signbsl.com/videos/asl/aslsignbank/mp4/NEUTRAL-2356.mp4
impassable, https://media.signbsl.com/videos/asl/youtube/mp4/l6MBVH8pB4k.mp4
impasse, https://player.vimeo.com/external/391917238.sd.mp4?s=b23cb33657623856a81088f415188198a820e5b2&profile_id=164
impassion, https://media.signbsl.com/videos/asl/youtube/mp4/4g6PrXYEa3k.mp4
impassioned, https://media.signbsl.com/videos/asl/youtube/mp4/35XVDI_yYMo.mp4
impassive, https://media.signbsl.com/videos/asl/youtube/mp4/CFeZ6ukgpR8.mp4
impatience, https://media.signbsl.com/videos/asl/youtube/mp4/plAoNUMKPOw.mp4
impatient, https://player.vimeo.com/external/392194764.sd.mp4?s=854b92cf77702579c7f6dc9d0f3d242dae5d6334&profile_id=164
impeach, https://media.signbsl.com/videos/asl/aslsignbank/mp4/BLAME-552.mp4
impeachable, https://media.signbsl.com/videos/asl/youtube/mp4/IomIE2__7BI.mp4
impeccability, https://media.signbsl.com/videos/asl/youtube/mp4/aNi5qr2d1xU.mp4
impeccable, https://player.vimeo.com/external/392194865.sd.mp4?s=47cceba5152a414237d4650ce3f199c65090979c&profile_id=164
impeccant, https://media.signbsl.com/videos/asl/youtube/mp4/d0HpWz9YGPU.mp4
impecunious, https://media.signbsl.com/videos/asl/youtube/mp4/QZkMOLt6bEU.mp4
impedance, https://media.signbsl.com/videos/asl/youtube/mp4/u5K9NBqfGLQ.mp4
impede, https://player.vimeo.com/external/392194927.sd.mp4?s=64b94be3b008ce298fcf75d6a6bd96cbef164e61&profile_id=164
impel, https://media.signbsl.com/videos/asl/youtube/mp4/U9Lnlz_v_og.mp4
impend, https://media.signbsl.com/videos/asl/youtube/mp4/5jizvB3a8f8.mp4
impendence, https://media.signbsl.com/videos/asl/youtube/mp4/BBDWzxlBk2U.mp4
impendency, https://media.signbsl.com/videos/asl/youtube/mp4/BBDWzxlBk2U.mp4
impending, https://player.vimeo.com/external/392194339.sd.mp4?s=2d565eef84f9e2dc7a79b83974823473064979b4&profile_id=164
impenetrability, https://media.signbsl.com/videos/asl/youtube/mp4/pzW9J2uCphs.mp4
impenetrable, https://media.signbsl.com/videos/asl/aslsignbank/mp4/ROCK-241.mp4
impenetrableness, https://media.signbsl.com/videos/asl/youtube/mp4/pzW9J2uCphs.mp4
impenitent, https://media.signbsl.com/videos/asl/youtube/mp4/NMz2M9tTIPM.mp4
imperative, https://media.signbsl.com/videos/asl/aslsearch/mp4/imperative.mp4
imperatively, https://media.signbsl.com/videos/asl/youtube/mp4/jHpMZMpySNY.mp4
imperceptibility, https://media.signbsl.com/videos/asl/youtube/mp4/0uB7xujTJo8.mp4
imperfect, https://media.signbsl.com/videos/asl/aslsearch/mp4/imperfect.mp4
imperial, https://media.signbsl.com/videos/asl/youtube/mp4/xZ8vss7KLpA.mp4
imperialism, https://media.signbsl.com/videos/asl/youtube/mp4/wpYzbvETqSE.mp4
imperialist, https://media.signbsl.com/videos/asl/youtube/mp4/t88kXkUOmeo.mp4
imperil, https://media.signbsl.com/videos/asl/aslsearch/mp4/endanger.mp4
imperious, https://media.signbsl.com/videos/asl/youtube/mp4/VUtTUV-bT1k.mp4
imperishable, https://media.signbsl.com/videos/asl/youtube/mp4/5PRHDz2Y3PI.mp4
impermanence, https://media.signbsl.com/videos/asl/youtube/mp4/i8MyjOK4hzw.mp4
impermanency, https://media.signbsl.com/videos/asl/youtube/mp4/i8MyjOK4hzw.mp4
impermeability, https://media.signbsl.com/videos/asl/youtube/mp4/S-CPm-c8pUg.mp4
impermeableness, https://media.signbsl.com/videos/asl/youtube/mp4/S-CPm-c8pUg.mp4
impermissible, https://media.signbsl.com/videos/asl/youtube/mp4/7nGr82UYOyw.mp4
impersonal, https://media.signbsl.com/videos/asl/youtube/mp4/pWTXKYk9q3g.mp4
impersonate, https://player.vimeo.com/external/392194996.sd.mp4?s=747ac5dc0df6983a26665ac68094d2e28375b682&profile_id=164
impertinence, https://media.signbsl.com/videos/asl/youtube/mp4/nnvvEJ-VIAY.mp4
impertinent, https://player.vimeo.com/external/392195057.sd.mp4?s=0ab621937c502a1478a8b46ef785e8f033a47c0b&profile_id=164
imperturbability, https://media.signbsl.com/videos/asl/youtube/mp4/MNLIOWEgkX4.mp4
imperturbableness, https://media.signbsl.com/videos/asl/youtube/mp4/MNLIOWEgkX4.mp4
imperviable, https://media.signbsl.com/videos/asl/youtube/mp4/X82-m1125a4.mp4
impervious, https://media.signbsl.com/videos/asl/youtube/mp4/X82-m1125a4.mp4
impetuosity, https://media.signbsl.com/videos/asl/youtube/mp4/MmZhxNgbGC4.mp4
impetuousness, https://media.signbsl.com/videos/asl/youtube/mp4/MmZhxNgbGC4.mp4
impetus, https://player.vimeo.com/external/392195100.sd.mp4?s=6035252e8913ef054d3a67d41b256d2ea22cdca2&profile_id=164
impieties, https://media.signbsl.com/videos/asl/youtube/mp4/30w-dNE3UmY.mp4
impiety, https://media.signbsl.com/videos/asl/youtube/mp4/30w-dNE3UmY.mp4
impinge, https://media.signbsl.com/videos/asl/youtube/mp4/Znl1pICi1YY.mp4
impinge on, https://media.signbsl.com/videos/asl/aslsearch/mp4/hit3.mp4
impious, https://media.signbsl.com/videos/asl/youtube/mp4/yUZ1KOV4CAc.mp4
impiousness, https://media.signbsl.com/videos/asl/youtube/mp4/30w-dNE3UmY.mp4
implant, https://media.signbsl.com/videos/asl/aslsignbank/mp4/PUT-IN-219.mp4
implantable, https://media.signbsl.com/videos/asl/youtube/mp4/9hN14FSkjwk.mp4
implant cochlear implant on someone, https://media.signbsl.com/videos/asl/youtube/mp4/KYdBRTfkTdo.mp4
implanted, https://player.vimeo.com/external/392209557.sd.mp4?s=f0cce65b014b9686de39fa45fffa390af920d83a&profile_id=164
implement, https://media.signbsl.com/videos/asl/youtube/mp4/IUd1Ayx9Phk.mp4
implements of war, https://media.signbsl.com/videos/asl/aslsearch/mp4/arms.mp4
implicate, https://media.signbsl.com/videos/asl/youtube/mp4/7U13nWDraKg.mp4
implication, https://player.vimeo.com/external/392195164.sd.mp4?s=b672061e0c3a2245a784bbe6e85a6732a14ad313&profile_id=164
implicational, https://media.signbsl.com/videos/asl/youtube/mp4/15Vxm2KA-y0.mp4
implicative, https://media.signbsl.com/videos/asl/youtube/mp4/15Vxm2KA-y0.mp4
implicit, https://media.signbsl.com/videos/asl/youtube/mp4/YHfPcdTi1XA.mp4
implicit in, https://player.vimeo.com/external/392547281.sd.mp4?s=c94c24ed7f5212519279caad0a34c6feb1883d5a&profile_id=164
implied, https://media.signbsl.com/videos/asl/youtube/mp4/x9RJ8PXgCrM.mp4
implode, https://media.signbsl.com/videos/asl/youtube/mp4/F0oHzcsFIbw.mp4
implore, https://media.signbsl.com/videos/asl/aslsignbank/mp4/BEG-769.mp4
implosion therapy, https://media.signbsl.com/videos/asl/deaftec/mp4/978.mp4
implulsion, https://media.signbsl.com/videos/asl/youtube/mp4/jguUUyWC33Q.mp4
imply, https://media.signbsl.com/videos/asl/youtube/mp4/qY5BxxTBLKc.mp4
impolite, https://player.vimeo.com/external/392195352.sd.mp4?s=bc0568e505277e636b00097f3b611ad612231dd0&profile_id=164
imponderable, https://media.signbsl.com/videos/asl/youtube/mp4/drI9wp6gvWk.mp4
import, https://media.signbsl.com/videos/asl/youtube/mp4/B__IgGoSizs.mp4
importable, https://media.signbsl.com/videos/asl/youtube/mp4/v0oBhwLdAQU.mp4
important, https://media.signbsl.com/videos/asl/startasl/mp4/important.mp4
importer, https://media.signbsl.com/videos/asl/youtube/mp4/J6wyrzDqdpw.mp4
impose, https://player.vimeo.com/external/392195571.sd.mp4?s=cfb66643fe7bea344e8730551fde76644b729ce6&profile_id=164
imposing, https://player.vimeo.com/external/392383278.sd.mp4?s=ce7106dcd442594846b5e505fec4d50f15e321ca&profile_id=164
impossibilities, https://media.signbsl.com/videos/asl/youtube/mp4/onxStTtN804.mp4
impossibility, https://media.signbsl.com/videos/asl/youtube/mp4/onxStTtN804.mp4
impossible, https://media.signbsl.com/videos/asl/tsdvideo/mp4/53.mp4
impossible action, https://media.signbsl.com/videos/asl/youtube/mp4/onxStTtN804.mp4
impost, https://media.signbsl.com/videos/asl/youtube/mp4/PQ-R8nLjS_U.mp4
imposter, https://media.signbsl.com/videos/asl/youtube/mp4/eJelWC5cGbA.mp4
impostor, https://media.signbsl.com/videos/asl/youtube/mp4/eJelWC5cGbA.mp4
impotence, https://media.signbsl.com/videos/asl/youtube/mp4/vrCTTXkPyU0.mp4
impotency, https://media.signbsl.com/videos/asl/youtube/mp4/vrCTTXkPyU0.mp4
impound, https://media.signbsl.com/videos/asl/youtube/mp4/W8ON0WFfK4M.mp4
impoverish, https://player.vimeo.com/external/392195673.sd.mp4?s=251bab7521c187586c1ccb830f0de415f508be97&profile_id=164
impoverished, https://media.signbsl.com/videos/asl/aslsignbank/mp4/POOR-222.mp4
impracticable, https://media.signbsl.com/videos/asl/youtube/mp4/OX7WeFd5HuQ.mp4
impractical, https://player.vimeo.com/external/392195737.sd.mp4?s=dd5bd3dce69f25329bd55a8dbfcddf993e7c17b5&profile_id=164
imprecate, https://media.signbsl.com/videos/asl/aslsearch/mp4/curse.mp4
imprecise, https://media.signbsl.com/videos/asl/youtube/mp4/-xlmzy1v4mQ.mp4
impregnability, https://media.signbsl.com/videos/asl/youtube/mp4/CpklK4ak_lA.mp4
impregnable, https://media.signbsl.com/videos/asl/youtube/mp4/g-ouFX9u24o.mp4
impregnate, https://player.vimeo.com/external/392195817.sd.mp4?s=26ceec88c26175e7c9cd2c073bf410958f3b69c4&profile_id=164
impresario, https://media.signbsl.com/videos/asl/youtube/mp4/GPqWRnMXlks.mp4
impress, https://media.signbsl.com/videos/asl/aslsearch/mp4/impress.mp4
impressed, https://player.vimeo.com/external/392195974.sd.mp4?s=b815d74ff0ccfcb14c693222ab5b8fb400cca0fe&profile_id=164
impression, https://media.signbsl.com/videos/asl/youtube/mp4/x15-RJJIByk.mp4
Impressionism, https://media.signbsl.com/videos/asl/youtube/mp4/6MQtVLVaedI.mp4
impressiveness, https://media.signbsl.com/videos/asl/youtube/mp4/BH58jDo7FMM.mp4
impress me, https://media.signbsl.com/videos/asl/aslsearch/mp4/impress2.mp4
imprimatur, https://media.signbsl.com/videos/asl/youtube/mp4/ijfGgG2oXL4.mp4
imprint, https://media.signbsl.com/videos/asl/youtube/mp4/4Opjw-GmKjc.mp4
imprison, https://media.signbsl.com/videos/asl/aslsearch/mp4/jail.mp4
imprisonment, https://media.signbsl.com/videos/asl/youtube/mp4/twI6nQCQE8k.mp4
improbabilities, https://media.signbsl.com/videos/asl/youtube/mp4/M8eTUJxGKHA.mp4
improbability, https://media.signbsl.com/videos/asl/youtube/mp4/M8eTUJxGKHA.mp4
improbable, https://media.signbsl.com/videos/asl/aslsignbank/mp4/IN-THE-AIR-1742.mp4
improbableness, https://media.signbsl.com/videos/asl/youtube/mp4/M8eTUJxGKHA.mp4
impromptu, https://player.vimeo.com/external/392196053.sd.mp4?s=05621d4e9d004adcf0585e15d8b725e44e700092&profile_id=164
improper, https://player.vimeo.com/external/392196139.sd.mp4?s=218e5b9167f7c3a7451b519fc6b3ccab52b741e0&profile_id=164
improper fraction, https://media.signbsl.com/videos/asl/tsdvideo/mp4/284.mp4
improper fractions, https://media.signbsl.com/videos/asl/tsdvideo/mp4/284.mp4
improper leg size, https://media.signbsl.com/videos/asl/AustinCommunityCollege/mp4/weld_imprope_legsize_.mp4
improperness, https://media.signbsl.com/videos/asl/youtube/mp4/93QgcRc9lDQ.mp4
improprieties, https://media.signbsl.com/videos/asl/youtube/mp4/93QgcRc9lDQ.mp4
impropriety, https://media.signbsl.com/videos/asl/youtube/mp4/93QgcRc9lDQ.mp4
improvable, https://media.signbsl.com/videos/asl/youtube/mp4/GpI8IUmiNFc.mp4
improve, https://media.signbsl.com/videos/asl/startasl/mp4/improve.mp4
improvidence, https://media.signbsl.com/videos/asl/youtube/mp4/ZHhWGxch9KA.mp4
improvisation, https://media.signbsl.com/videos/asl/youtube/mp4/mmNn-pxdzWw.mp4
improvise, https://player.vimeo.com/external/392196259.sd.mp4?s=11802a9a90850abdda3f899a0c7567469b8caa64&profile_id=164
improvised, https://media.signbsl.com/videos/asl/youtube/mp4/Ei1EOpTAdd4.mp4
improviser, https://media.signbsl.com/videos/asl/youtube/mp4/01y9AhJHxyQ.mp4
improvize, https://player.vimeo.com/external/392196259.sd.mp4?s=11802a9a90850abdda3f899a0c7567469b8caa64&profile_id=164
imprudence, https://media.signbsl.com/videos/asl/youtube/mp4/9AFOSubSJy0.mp4
impudence, https://media.signbsl.com/videos/asl/youtube/mp4/nnvvEJ-VIAY.mp4
impudent, https://player.vimeo.com/external/392195057.sd.mp4?s=0ab621937c502a1478a8b46ef785e8f033a47c0b&profile_id=164
impugn, https://media.signbsl.com/videos/asl/youtube/mp4/-4P0bykB0_8.mp4
impuissance, https://player.vimeo.com/external/392758309.sd.mp4?s=4f334eb1b4f464bf9cb27ea2f65e85158194547b&profile_id=164
impulse, https://media.signbsl.com/videos/asl/youtube/mp4/r0WF5f4E6b8.mp4
impulsion, https://player.vimeo.com/external/392195100.sd.mp4?s=6035252e8913ef054d3a67d41b256d2ea22cdca2&profile_id=164
impulsive, https://player.vimeo.com/external/392196354.sd.mp4?s=b3ebaa16c0dcf84ec87148e4559a93e3c9b4a393&profile_id=164
impunity, https://media.signbsl.com/videos/asl/youtube/mp4/yu_-E4QDL6Y.mp4
impure, https://media.signbsl.com/videos/asl/valleybible/mp4/impure.mp4
impurity, https://media.signbsl.com/videos/asl/youtube/mp4/1t0M7H9jMxM.mp4
imputable, https://player.vimeo.com/external/391992853.sd.mp4?s=e5e1950d20a357696d4793fe4ca1885733f04449&profile_id=164
impute, https://media.signbsl.com/videos/asl/aslsignbank/mp4/DOCUMENT-1265.mp4
im sorry, https://media.signbsl.com/videos/asl/youtube/mp4/jZUEa_CURqs.mp4
im studying to be an interpreter, https://media.signbsl.com/videos/asl/startasl/mp4/im-studying-to-be-an-interpreter.mp4
im taking asl classes, https://media.signbsl.com/videos/asl/startasl/mp4/im-taking-asl-classes.mp4
imulation, https://media.signbsl.com/videos/asl/youtube/mp4/w6xb2Xrj_As.mp4
in, https://media.signbsl.com/videos/asl/startasl/mp4/in.mp4
in-law, https://media.signbsl.com/videos/asl/aslsearch/mp4/in-law.mp4
in a bad way, https://player.vimeo.com/external/392166037.sd.mp4?s=d46648e8cd2d5dbf3910264c4c489f02388f0a8f&profile_id=164
inabilities, https://media.signbsl.com/videos/asl/youtube/mp4/ZbljEo4EAIw.mp4
inability, https://media.signbsl.com/videos/asl/youtube/mp4/ZbljEo4EAIw.mp4
inaccessibility, https://media.signbsl.com/videos/asl/youtube/mp4/XJfTdGiysqU.mp4
inaccessible, https://media.signbsl.com/videos/asl/youtube/mp4/Y_3tbo8iJvA.mp4
inaccuracies, https://media.signbsl.com/videos/asl/youtube/mp4/6pKxA8DbJ5M.mp4
inaccuracy, https://media.signbsl.com/videos/asl/youtube/mp4/6pKxA8DbJ5M.mp4
inaccurate, https://media.signbsl.com/videos/asl/aslsearch/mp4/inaccurate.mp4
inaction, https://media.signbsl.com/videos/asl/youtube/mp4/sxRaIfgCaY8.mp4
inactivate, https://media.signbsl.com/videos/asl/youtube/mp4/-bVgcgqYu0E.mp4
inactive, https://media.signbsl.com/videos/asl/aslsearch/mp4/extinct.mp4
inactiveness, https://media.signbsl.com/videos/asl/youtube/mp4/sxRaIfgCaY8.mp4
inactivity, https://media.signbsl.com/videos/asl/youtube/mp4/sxRaIfgCaY8.mp4
inadequacies, https://media.signbsl.com/videos/asl/youtube/mp4/6pVpXn7G7rA.mp4
inadequacy, https://media.signbsl.com/videos/asl/youtube/mp4/6pVpXn7G7rA.mp4
in advance, https://player.vimeo.com/external/391200229.sd.mp4?s=5276c4fd55e8e2fd4b1273842bd11c344de7bcc4&profile_id=164
inadvertence, https://media.signbsl.com/videos/asl/youtube/mp4/ZQ5_iezYSGo.mp4
inadvertent, https://player.vimeo.com/external/392197347.sd.mp4?s=74619d8465a4957f85e9f726ce0fd5ade76653b2&profile_id=164
inadvertently, https://media.signbsl.com/videos/asl/youtube/mp4/WOia8Ym8IWI.mp4
inadvisability, https://media.signbsl.com/videos/asl/youtube/mp4/UH7PLSqORws.mp4
inaffectionate, https://media.signbsl.com/videos/asl/youtube/mp4/OD_D-zxG50I.mp4
inalienability, https://media.signbsl.com/videos/asl/youtube/mp4/uB-amETd_Mw.mp4
inalienable, https://media.signbsl.com/videos/asl/youtube/mp4/4W6jA2ySSSE.mp4
in all, https://player.vimeo.com/external/391155837.sd.mp4?s=c34f276bdfa05771cb704c5b27b119ebba45870b&profile_id=164
in all likelihood, https://media.signbsl.com/videos/asl/youtube/mp4/5ErKnnlt8A8.mp4
in all probability, https://media.signbsl.com/videos/asl/youtube/mp4/5ErKnnlt8A8.mp4
in a long time, https://media.signbsl.com/videos/asl/youtube/mp4/fFd7HJxUoKI.mp4
inalterable, https://media.signbsl.com/videos/asl/youtube/mp4/FjqyPI9VMvo.mp4
inamorata, https://media.signbsl.com/videos/asl/youtube/mp4/r5lm8Z7zDqE.mp4
in an arch manner, https://media.signbsl.com/videos/asl/youtube/mp4/PsdvnJhAF8o.mp4
in and of itself, https://player.vimeo.com/external/392403623.sd.mp4?s=8c1e54d0604f9ad6ada45eec91060dd2dd6da698&profile_id=164
in and out of, https://media.signbsl.com/videos/asl/aslsignbank/mp4/THROUGH-1221.mp4
in and out of mri, https://media.signbsl.com/videos/asl/youtube/mp4/vHpZZpfaMMs.mp4
inanimate, https://media.signbsl.com/videos/asl/youtube/mp4/0dSjeGhkzLA.mp4
in any case, https://media.signbsl.com/videos/asl/aslsignbank/mp4/WHATEVER-111.mp4
in any event, https://media.signbsl.com/videos/asl/aslsignbank/mp4/WHATEVER-111.mp4
inapplicable, https://media.signbsl.com/videos/asl/youtube/mp4/U2mhidtsSV0.mp4
inappropriate, https://player.vimeo.com/external/392197419.sd.mp4?s=4ac928cc882488bf312f63c2c5db3f7056e1e072&profile_id=164
inapt, https://media.signbsl.com/videos/asl/aslsignbank/mp4/INEPT-1735.mp4
inarguable, https://media.signbsl.com/videos/asl/youtube/mp4/5ED1rr0GKgI.mp4
inarticulacy, https://media.signbsl.com/videos/asl/youtube/mp4/G7Z-2P80Yks.mp4
inartistic, https://media.signbsl.com/videos/asl/youtube/mp4/x9dyLWQ5X24.mp4
inattention, https://media.signbsl.com/videos/asl/youtube/mp4/EB4kclrDozY.mp4
inattentive, https://player.vimeo.com/external/392197493.sd.mp4?s=4d73da5a1096e8a1180dc612a01e8e27b1d1be67&profile_id=164
inaudibility, https://media.signbsl.com/videos/asl/youtube/mp4/x9UVJR9DfrI.mp4
inaudibleness, https://media.signbsl.com/videos/asl/youtube/mp4/x9UVJR9DfrI.mp4
inaugural, https://media.signbsl.com/videos/asl/youtube/mp4/3UfcGshQChw.mp4
inaugural address, https://media.signbsl.com/videos/asl/youtube/mp4/3UfcGshQChw.mp4
inaugurate, https://player.vimeo.com/external/392197572.sd.mp4?s=4e01deb257ab587fb98e2b0924605a279100a82b&profile_id=164
inauguration, https://media.signbsl.com/videos/asl/aslsignbank/mp4/SWEAR-IN-1150.mp4
inauspicious, https://media.signbsl.com/videos/asl/youtube/mp4/kN4mxB9IIFg.mp4
inauthentic, https://media.signbsl.com/videos/asl/youtube/mp4/42wjB4oKOZU.mp4
in awe, https://media.signbsl.com/videos/asl/youtube/mp4/S9AaoSoU-sY.mp4
in awe of, https://player.vimeo.com/external/391178478.sd.mp4?s=2eede79efae9f25e4a173348b3cfc09f69ecad26&profile_id=164
inbalance, https://media.signbsl.com/videos/asl/youtube/mp4/15ZZpK8k-MY.mp4
in bed, https://media.signbsl.com/videos/asl/youtube/mp4/U8BJ02gnrQw.mp4
in bondage, https://media.signbsl.com/videos/asl/elementalaslconcepts/mp4/enslave.mp4
inborn, https://media.signbsl.com/videos/asl/youtube/mp4/xH2v4A5I2pE.mp4
inborn reflex, https://media.signbsl.com/videos/asl/youtube/mp4/EF9nRi7vJMY.mp4
inbound, https://media.signbsl.com/videos/asl/youtube/mp4/iMj-KLCzXCs.mp4
inbox, https://media.signbsl.com/videos/asl/youtube/mp4/X49e4wg3y9I.mp4
inbred, https://media.signbsl.com/videos/asl/youtube/mp4/ezeRujhzqOo.mp4
inbuilt, https://media.signbsl.com/videos/asl/elementalaslconcepts/mp4/constitutional.mp4
incalculable, https://player.vimeo.com/external/392197611.sd.mp4?s=d7763f4ad775de1693d68ba59e60bea3cd042384&profile_id=164
incandesce, https://media.signbsl.com/videos/asl/youtube/mp4/kuL4harybbI.mp4
incandescent lamp, https://media.signbsl.com/videos/asl/aslsearch/mp4/lightbulb.mp4
incantation, https://media.signbsl.com/videos/asl/youtube/mp4/Q7eAYOTN3Q8.mp4
incapable, https://media.signbsl.com/videos/asl/aslsearch/mp4/incapable.mp4
incapacitate, https://media.signbsl.com/videos/asl/youtube/mp4/jeLhZeumy6U.mp4
incapacitated, https://player.vimeo.com/external/392173501.sd.mp4?s=d34246c397193217c3f61d397042e3bff5b06b54&profile_id=164
incarcerate, https://media.signbsl.com/videos/asl/aslsearch/mp4/jail.mp4
incarceration, https://media.signbsl.com/videos/asl/youtube/mp4/twI6nQCQE8k.mp4
incarnate, https://player.vimeo.com/external/392197665.sd.mp4?s=1003c425aaed4283a74c33ae6d4e264a2f4dd4fc&profile_id=164
Incarnation, https://media.signbsl.com/videos/asl/handsofgrace/mp4/p8B-y4X_fEU.mp4
in case, https://player.vimeo.com/external/392196532.sd.mp4?s=ca91974bd3d542e6ca313fd247332f2b7e7f0ce7&profile_id=164
incautious, https://media.signbsl.com/videos/asl/youtube/mp4/jUn-11rwWx8.mp4
incendiaries, https://media.signbsl.com/videos/asl/youtube/mp4/e9QMu5Vxxt0.mp4
in case, https://player.vimeo.com/external/392196532.sd.mp4?s=ca91974bd3d542e6ca313fd247332f2b7e7f0ce7&profile_id=164
incautious, https://media.signbsl.com/videos/asl/youtube/mp4/jUn-11rwWx8.mp4
incendiaries, https://media.signbsl.com/videos/asl/youtube/mp4/e9QMu5Vxxt0.mp4
incendiarism, https://player.vimeo.com/external/391169296.sd.mp4?s=19de406648a998e4a3942547226c6666750aef64&profile_id=164
incendiary, https://media.signbsl.com/videos/asl/youtube/mp4/e9QMu5Vxxt0.mp4
incendiary bomb, https://media.signbsl.com/videos/asl/youtube/mp4/e9QMu5Vxxt0.mp4
incense, https://player.vimeo.com/external/392197682.sd.mp4?s=7bd9a15627bab02ee7f2a6f62e89855ba636177f&profile_id=164
incensed, https://player.vimeo.com/external/392199182.sd.mp4?s=da69a8a41f434832af1761ae215330c176c30bd3&profile_id=164
incenter, https://media.signbsl.com/videos/asl/youtube/mp4/OOGSgdO8-ZI.mp4
incentive, https://media.signbsl.com/videos/asl/youtube/mp4/PgPv0_1t94A.mp4
incentivize, https://media.signbsl.com/videos/asl/youtube/mp4/9NZzdeRMvus.mp4
incertain, https://media.signbsl.com/videos/asl/aslsearch/mp4/uncertain.mp4
incertitude, https://media.signbsl.com/videos/asl/signlanguagestudent/mp4/doubt.mp4
incessant, https://media.signbsl.com/videos/asl/youtube/mp4/GoLt4D-6l4c.mp4
incest, https://media.signbsl.com/videos/asl/youtube/mp4/ANeWCZK8fiA.mp4
inch, https://media.signbsl.com/videos/asl/aslsignbank/mp4/INCH-1741.mp4
in check, https://player.vimeo.com/external/392544621.sd.mp4?s=70909a622210812d07f240edb19bb2d8b1835d41&profile_id=164
inches, https://media.signbsl.com/videos/asl/aslsignbank/mp4/INCH-1741.mp4
inchoate, https://media.signbsl.com/videos/asl/youtube/mp4/iQsAl1Y6-tk.mp4
incidence, https://media.signbsl.com/videos/asl/youtube/mp4/Wej8oHFxYOY.mp4
incident, https://media.signbsl.com/videos/asl/aslsearch/mp4/incident.mp4
incidental, https://media.signbsl.com/videos/asl/youtube/mp4/v5Qnka9huPs.mp4
incidentally, https://media.signbsl.com/videos/asl/youtube/mp4/Bb-vMNiO9R8.mp4
incinerate, https://media.signbsl.com/videos/asl/aslsignbank/mp4/FIRE-1473.mp4
incinerator, https://media.signbsl.com/videos/asl/youtube/mp4/ZGH09K3WDLc.mp4
incipience, https://media.signbsl.com/videos/asl/youtube/mp4/NZIRnQLrGDw.mp4
incipiency, https://media.signbsl.com/videos/asl/youtube/mp4/NZIRnQLrGDw.mp4
incipient, https://media.signbsl.com/videos/asl/youtube/mp4/iQsAl1Y6-tk.mp4
incipit, https://media.signbsl.com/videos/asl/youtube/mp4/-pcJHCvRRd4.mp4
incise, https://player.vimeo.com/external/392197731.sd.mp4?s=62bc50e3d04bc4457371cdbf0fb5d84160e0a599&profile_id=164
incision, https://media.signbsl.com/videos/asl/aslsignbank/mp4/SURGERY-1149.mp4
incisive, https://media.signbsl.com/videos/asl/youtube/mp4/DC7RTcrbz5Q.mp4
incisiveness, https://media.signbsl.com/videos/asl/youtube/mp4/lk0D8lTRSWs.mp4
incisor, https://media.signbsl.com/videos/asl/youtube/mp4/9T7Kue-_KNk.mp4
incitation, https://media.signbsl.com/videos/asl/youtube/mp4/vmCcofoHo-8.mp4
incite, https://media.signbsl.com/videos/asl/aslsearch/mp4/motivate.mp4
incitement, https://media.signbsl.com/videos/asl/youtube/mp4/vmCcofoHo-8.mp4
inciter, https://media.signbsl.com/videos/asl/youtube/mp4/T8b4yXr3-SE.mp4
inclemency, https://media.signbsl.com/videos/asl/youtube/mp4/Iqv8C8XZapA.mp4
inclination, https://media.signbsl.com/videos/asl/youtube/mp4/LD2eLmzj7RU.mp4
incline, https://media.signbsl.com/videos/asl/aslsignbank/mp4/SIDE-1049.mp4
inclined, https://media.signbsl.com/videos/asl/youtube/mp4/avNylkR_TXo.mp4
inclined plane, https://media.signbsl.com/videos/asl/elementalaslconcepts/mp4/inclined_plane.mp4
inclose, https://player.vimeo.com/external/392010303.sd.mp4?s=ccbc2a2b0cdbc9cb5a7e5ab0933a028e2b4f25c5&profile_id=164
include, https://media.signbsl.com/videos/asl/aslsearch/mp4/include.mp4
included, https://media.signbsl.com/videos/asl/signlanguagestudent/mp4/included.mp4
inclusion, https://media.signbsl.com/videos/asl/AustinCommunityCollege/mp4/weld_inclusion_.mp4
inclusion body, https://media.signbsl.com/videos/asl/AustinCommunityCollege/mp4/weld_inclusion_.mp4
inclusive, https://player.vimeo.com/external/392197780.sd.mp4?s=c69382bea05e421d8ac7c2eb609418c4e8753e11&profile_id=164
incognito, https://media.signbsl.com/videos/asl/youtube/mp4/KOq8rxjBomw.mp4
incoherence, https://media.signbsl.com/videos/asl/youtube/mp4/rClWclxaxXU.mp4
incoherency, https://media.signbsl.com/videos/asl/youtube/mp4/rClWclxaxXU.mp4
incoherent light, https://media.signbsl.com/videos/asl/youtube/mp4/ihmi5eJ4-ro.mp4
income, https://media.signbsl.com/videos/asl/startasl/mp4/income.mp4
incoming, https://media.signbsl.com/videos/asl/youtube/mp4/8lklS8M1SM8.mp4
incommode, https://media.signbsl.com/videos/asl/youtube/mp4/lnH9XpV3r7I.mp4
incommodious, https://media.signbsl.com/videos/asl/youtube/mp4/AcyndQZfwnQ.mp4
incommunicable, https://media.signbsl.com/videos/asl/youtube/mp4/bt1K2pndJbE.mp4
incommunicado, https://media.signbsl.com/videos/asl/youtube/mp4/eIP-A0kDMZE.mp4
incommunicative, https://media.signbsl.com/videos/asl/youtube/mp4/BPclMxKlDr8.mp4
incomparable, https://media.signbsl.com/videos/asl/youtube/mp4/QWjmr2tfRrg.mp4
incompatibility, https://media.signbsl.com/videos/asl/youtube/mp4/oJrGmJVM1dM.mp4
incompetence, https://media.signbsl.com/videos/asl/youtube/mp4/Zo8qN4voxz0.mp4
incompetency, https://media.signbsl.com/videos/asl/youtube/mp4/Zo8qN4voxz0.mp4
incompetent, https://media.signbsl.com/videos/asl/aslsearch/mp4/incompetent.mp4
incompetent person, https://media.signbsl.com/videos/asl/aslsearch/mp4/incompetent.mp4
incomplete, https://media.signbsl.com/videos/asl/aslsearch/mp4/incomplete.mp4
incomplete fusion, https://media.signbsl.com/videos/asl/AustinCommunityCollege/mp4/weld_incomplete_fusion_.mp4
incomplete joint penetration, https://media.signbsl.com/videos/asl/AustinCommunityCollege/mp4/weld_incomplete_joint_.mp4
incomprehensibility, https://media.signbsl.com/videos/asl/youtube/mp4/zHOIShbVjnE.mp4
incomprehensible, https://media.signbsl.com/videos/asl/youtube/mp4/-6RBTv1iIMc.mp4
incomputable, https://media.signbsl.com/videos/asl/youtube/mp4/Eb5znEGXe3g.mp4
inconceivability, https://media.signbsl.com/videos/asl/youtube/mp4/8l2KGQiKLEs.mp4
inconceivable, https://player.vimeo.com/external/392549830.sd.mp4?s=f35dd0d4f38139f527295da66e4b631fd62ad5c4&profile_id=164
inconceivableness, https://media.signbsl.com/videos/asl/youtube/mp4/8l2KGQiKLEs.mp4
inconclusive, https://media.signbsl.com/videos/asl/youtube/mp4/87ZQJqEgVzY.mp4
incongruities, https://media.signbsl.com/videos/asl/youtube/mp4/9tyUwE-9_Jo.mp4
incongruity, https://media.signbsl.com/videos/asl/youtube/mp4/9tyUwE-9_Jo.mp4
incongruousness, https://media.signbsl.com/videos/asl/youtube/mp4/9tyUwE-9_Jo.mp4
inconsiderate, https://media.signbsl.com/videos/asl/youtube/mp4/yDH1r9b1XI8.mp4
inconsistencies, https://media.signbsl.com/videos/asl/youtube/mp4/Kztw2mBDuIs.mp4
inconsistency, https://media.signbsl.com/videos/asl/youtube/mp4/Kztw2mBDuIs.mp4
inconsistent, https://media.signbsl.com/videos/asl/aslsearch/mp4/inconsistent.mp4
inconsolable, https://media.signbsl.com/videos/asl/youtube/mp4/gkja55dr6lY.mp4
inconspicuous, https://media.signbsl.com/videos/asl/youtube/mp4/gDACq3_3nJc.mp4
incontestability, https://media.signbsl.com/videos/asl/youtube/mp4/AdZQxftLuqU.mp4
incontestable, https://media.signbsl.com/videos/asl/youtube/mp4/il13VP2s5cw.mp4
incontinence, https://media.signbsl.com/videos/asl/youtube/mp4/Tq5ih3Oppjo.mp4
incontrovertible, https://media.signbsl.com/videos/asl/youtube/mp4/GaRdOThlJxI.mp4
inconvenience, https://player.vimeo.com/external/392865334.sd.mp4?s=9b4ecb782d90708b5f65af2af30da669cfd5a319&profile_id=164
incorporate, https://media.signbsl.com/videos/asl/aslsearch/mp4/integrate.mp4
incorporeal, https://media.signbsl.com/videos/asl/youtube/mp4/30l1-BBqxQQ.mp4
incorrect, https://media.signbsl.com/videos/asl/startasl/mp4/wrong.mp4
incorrigibility, https://media.signbsl.com/videos/asl/youtube/mp4/CvZy9enFMvY.mp4
incorruptibility, https://media.signbsl.com/videos/asl/youtube/mp4/_LJUnqWA0Lk.mp4
increase, https://media.signbsl.com/videos/asl/aslsearch/mp4/increase2.mp4
increase after another, https://media.signbsl.com/videos/asl/youtube/mp4/-0UQjNj4ou0.mp4
increase in value, https://media.signbsl.com/videos/asl/startasl/mp4/increase-in-value.mp4
increasing function, https://media.signbsl.com/videos/asl/tsdvideo/mp4/1497.mp4
incredibility, https://media.signbsl.com/videos/asl/youtube/mp4/LIxcOd6jQJg.mp4
incredible, https://media.signbsl.com/videos/asl/aslsearch/mp4/incredible.mp4
incredibleness, https://media.signbsl.com/videos/asl/youtube/mp4/LIxcOd6jQJg.mp4
incredulity, https://media.signbsl.com/videos/asl/aslsignbank/mp4/DOUBT-1274.mp4
increment, https://player.vimeo.com/external/392198285.sd.mp4?s=e65e74ace751905112fba7ed23cb8a38add4f423&profile_id=164
incremental, https://media.signbsl.com/videos/asl/youtube/mp4/Vq0q2VWUzGQ.mp4
increments, https://player.vimeo.com/external/392198285.sd.mp4?s=e65e74ace751905112fba7ed23cb8a38add4f423&profile_id=164
incriminate, https://media.signbsl.com/videos/asl/aslsignbank/mp4/BLAME-552.mp4
incriminating, https://media.signbsl.com/videos/asl/unoclimb/mp4/4IIuf8PdRmY.mp4
incriminatory, https://media.signbsl.com/videos/asl/unoclimb/mp4/4IIuf8PdRmY.mp4
incrust, https://media.signbsl.com/videos/asl/youtube/mp4/xaEVn3_xj80.mp4
incubate, https://media.signbsl.com/videos/asl/youtube/mp4/2uJV1CwpOxE.mp4
incubator, https://media.signbsl.com/videos/asl/youtube/mp4/8b-BhxM5tRc.mp4
incubi, https://media.signbsl.com/videos/asl/youtube/mp4/ar8X2YP0mQo.mp4
incubus, https://media.signbsl.com/videos/asl/youtube/mp4/xGriSP4QvcQ.mp4
inculcate, https://media.signbsl.com/videos/asl/youtube/mp4/rwwen4xXjH0.mp4
inculpable, https://media.signbsl.com/videos/asl/valleybible/mp4/blameless.mp4
incumbencies, https://media.signbsl.com/videos/asl/youtube/mp4/wV_mXIzvOEc.mp4
incumbency, https://media.signbsl.com/videos/asl/youtube/mp4/wV_mXIzvOEc.mp4
incumbrance, https://media.signbsl.com/videos/asl/youtube/mp4/3IG_Ya9W4G4.mp4
incur, https://media.signbsl.com/videos/asl/youtube/mp4/uHhfkVKKja8.mp4
incurable, https://media.signbsl.com/videos/asl/aslsearch/mp4/incurable.mp4
indebted, NA
indecencies, https://media.signbsl.com/videos/asl/youtube/mp4/Z3DAkm10-ME.mp4
indecency, https://media.signbsl.com/videos/asl/youtube/mp4/Z3DAkm10-ME.mp4
indecent, https://media.signbsl.com/videos/asl/youtube/mp4/_cS-G4HJhNM.mp4
indecipherable, https://media.signbsl.com/videos/asl/aslsearch/mp4/unclear.mp4
indecision, https://media.signbsl.com/videos/asl/aslsearch/mp4/indecision.mp4
indecisive, https://media.signbsl.com/videos/asl/aslsearch/mp4/undecided.mp4
indecisiveness, https://media.signbsl.com/videos/asl/aslsearch/mp4/indecision.mp4
indecorous, https://media.signbsl.com/videos/asl/youtube/mp4/_cS-G4HJhNM.mp4
indeed, https://media.signbsl.com/videos/asl/youtube/mp4/BT35sAYi8GM.mp4
indefatigable, https://media.signbsl.com/videos/asl/youtube/mp4/H3So2Rs6eMg.mp4
indefeasible, https://media.signbsl.com/videos/asl/youtube/mp4/FixwS3mmP7M.mp4
indefensible, https://media.signbsl.com/videos/asl/youtube/mp4/JGxzF7aOH2I.mp4
indefinable, https://media.signbsl.com/videos/asl/youtube/mp4/T-wfoaJ1BTs.mp4
indefinite, https://media.signbsl.com/videos/asl/youtube/mp4/eOevXMYdRRk.mp4
indelible, https://player.vimeo.com/external/392198696.sd.mp4?s=c1636d05c36ba533328da3882e9158e4c3cdf73a&profile_id=164
indemnification, https://media.signbsl.com/videos/asl/unoclimb/mp4/-96e-9Zw4aQ.mp4
indemnities, https://media.signbsl.com/videos/asl/unoclimb/mp4/-96e-9Zw4aQ.mp4
indemnity, https://media.signbsl.com/videos/asl/unoclimb/mp4/-96e-9Zw4aQ.mp4
indemonstrable, https://media.signbsl.com/videos/asl/youtube/mp4/cbAOUxe55ec.mp4
indent, https://media.signbsl.com/videos/asl/youtube/mp4/LUSWROK5ziw.mp4
indentation, https://media.signbsl.com/videos/asl/youtube/mp4/LUSWROK5ziw.mp4
indented, https://media.signbsl.com/videos/asl/youtube/mp4/Y99RCwIYMs8.mp4
indenture, https://media.signbsl.com/videos/asl/youtube/mp4/LUSWROK5ziw.mp4
indentured servants, https://media.signbsl.com/videos/asl/elementalaslconcepts/mp4/indentured_servant.mp4
independence, https://media.signbsl.com/videos/asl/elementalaslconcepts/mp4/independence.mp4
Independence Day, https://player.vimeo.com/external/392677444.sd.mp4?s=55fb54cbe139177991df0bdb38202dd3f4dc8d74&profile_id=164
independency, https://media.signbsl.com/videos/asl/elementalaslconcepts/mp4/independence.mp4
independent, https://media.signbsl.com/videos/asl/startasl/mp4/independent.mp4
independent clause, https://media.signbsl.com/videos/asl/elementalaslconcepts/mp4/independent_clause.mp4
independent event, https://media.signbsl.com/videos/asl/tsdvideo/mp4/1268.mp4
independent variable, https://media.signbsl.com/videos/asl/elementalaslconcepts/mp4/independent_variable.mp4
indestructibility, https://media.signbsl.com/videos/asl/youtube/mp4/GvzB-4eJNBo.mp4
indestructible, https://media.signbsl.com/videos/asl/youtube/mp4/0hLHED-BO7o.mp4
indeterminable, https://media.signbsl.com/videos/asl/youtube/mp4/9XyIp9uhI1M.mp4
index, https://media.signbsl.com/videos/asl/tsdvideo/mp4/546.mp4
index finger, https://player.vimeo.com/external/392130337.sd.mp4?s=73703328e85393e4e15b33c52420ab74a56b0ab7&profile_id=164
index number, https://media.signbsl.com/videos/asl/youtube/mp4/3RDDksD0bfk.mp4
India, https://media.signbsl.com/videos/asl/startasl/mp4/india.mp4
Indian, https://media.signbsl.com/videos/asl/startasl/mp4/indian.mp4
Indiana, https://media.signbsl.com/videos/asl/youtube/mp4/aZlVLfr6iog.mp4
Indian corn, https://media.signbsl.com/videos/asl/aslsignbank/mp4/CORN_2-2464.mp4
Indian file, https://media.signbsl.com/videos/asl/youtube/mp4/dhl1GuQ7sVc.mp4
Indian pony, https://media.signbsl.com/videos/asl/youtube/mp4/jiMW-kkDyvE.mp4
indian removal act, https://media.signbsl.com/videos/asl/elementalaslconcepts/mp4/indian_removal_act.mp4
indian reservation, https://media.signbsl.com/videos/asl/youtube/mp4/tvE5mGEvKms.mp4
indians, https://media.signbsl.com/videos/asl/startasl/mp4/indian.mp4
India rubber, https://media.signbsl.com/videos/asl/startasl/mp4/rubber2.mp4
indicant, https://media.signbsl.com/videos/asl/youtube/mp4/3RDDksD0bfk.mp4
indicate, https://media.signbsl.com/videos/asl/startasl/mp4/point.mp4
indicator, https://media.signbsl.com/videos/asl/youtube/mp4/3RDDksD0bfk.mp4
indicator light, https://player.vimeo.com/external/392682920.sd.mp4?s=9d5376c82f9a4baa78fe018397722a7ae5b92e8e&profile_id=164
indict, https://media.signbsl.com/videos/asl/youtube/mp4/y7kQZWQ4544.mp4
indictable, https://media.signbsl.com/videos/asl/youtube/mp4/mOCArlf5cjs.mp4
indifference, https://media.signbsl.com/videos/asl/youtube/mp4/_4elPE2ifWw.mp4
indifferent, https://media.signbsl.com/videos/asl/aslsearch/mp4/indifferent.mp4
indigen, https://media.signbsl.com/videos/asl/uploads/mp4/user_upload602fed88f052b5.29060142.mp4
indigence, https://media.signbsl.com/videos/asl/youtube/mp4/K_D9KSDI14c.mp4
indigene, https://media.signbsl.com/videos/asl/uploads/mp4/user_upload602fed88f052b5.29060142.mp4
indigenous, https://media.signbsl.com/videos/asl/uploads/mp4/user_upload602fee2b246031.94593548.mp4
indigestible, https://media.signbsl.com/videos/asl/youtube/mp4/fhZ-5ml9Wc0.mp4
indigestion, https://media.signbsl.com/videos/asl/startasl/mp4/upset-stomach.mp4
indignant, https://player.vimeo.com/external/392199182.sd.mp4?s=da69a8a41f434832af1761ae215330c176c30bd3&profile_id=164
indignities, https://media.signbsl.com/videos/asl/youtube/mp4/ALLjYJq3Uss.mp4
indignity, https://media.signbsl.com/videos/asl/youtube/mp4/ALLjYJq3Uss.mp4
indigo, https://media.signbsl.com/videos/asl/youtube/mp4/am__muW4lu8.mp4
indirect, https://media.signbsl.com/videos/asl/youtube/mp4/wC66XvtzVPo.mp4
indirect correlation, https://media.signbsl.com/videos/asl/tsdvideo/mp4/551.mp4
indirect expression, https://media.signbsl.com/videos/asl/youtube/mp4/Rwb8pNq29fA.mp4
indiscernible, https://player.vimeo.com/external/392210285.sd.mp4?s=de9e28dc5b3da454bcef42bad43dc45629ad3db9&profile_id=164
indiscreet, https://media.signbsl.com/videos/asl/youtube/mp4/twBpUIWeBw0.mp4
indiscretion, https://media.signbsl.com/videos/asl/youtube/mp4/cFHQ7avQz-Y.mp4
indiscriminate, https://media.signbsl.com/videos/asl/youtube/mp4/gyFRoVemfFc.mp4
indiscriminately, https://media.signbsl.com/videos/asl/youtube/mp4/hg9oo6z9gAA.mp4
indispensability, https://media.signbsl.com/videos/asl/youtube/mp4/ROJRQAdWNjo.mp4
indispensable, https://media.signbsl.com/videos/asl/aslsearch/mp4/essential.mp4
indispensableness, https://media.signbsl.com/videos/asl/youtube/mp4/ROJRQAdWNjo.mp4
indispose, https://media.signbsl.com/videos/asl/youtube/mp4/dQ2LkgW1URg.mp4
indisposed, https://media.signbsl.com/videos/asl/youtube/mp4/vduojz_rPl8.mp4
indisposition, https://media.signbsl.com/videos/asl/youtube/mp4/roC-scf8BIM.mp4
indisputable, https://media.signbsl.com/videos/asl/youtube/mp4/il13VP2s5cw.mp4
indissolubility, https://media.signbsl.com/videos/asl/youtube/mp4/zleqZ_x2JJE.mp4
indistinct, https://player.vimeo.com/external/392199319.sd.mp4?s=d7bace9a5072cfe02de08adfaad126983b1285a0&profile_id=164
indistinctness, https://media.signbsl.com/videos/asl/youtube/mp4/USJ2blffQuI.mp4
indistinguishable, https://media.signbsl.com/videos/asl/aslsearch/mp4/identical.mp4
indite, https://media.signbsl.com/videos/asl/startasl/mp4/write.mp4
individual, https://media.signbsl.com/videos/asl/aslsignbank/mp4/PERSON-888.mp4
individualise, https://media.signbsl.com/videos/asl/youtube/mp4/4VW8GFM19Ws.mp4
individualism, https://media.signbsl.com/videos/asl/youtube/mp4/hgrDKu3A9Sw.mp4
individualist, https://media.signbsl.com/videos/asl/youtube/mp4/ZEtcxk_YMn0.mp4
individuality, https://media.signbsl.com/videos/asl/signlanguagestudent/mp4/identity.mp4
individualize, https://media.signbsl.com/videos/asl/youtube/mp4/4VW8GFM19Ws.mp4
individually, https://media.signbsl.com/videos/asl/youtube/mp4/CTSy_bVkevM.mp4
individuals, https://media.signbsl.com/videos/asl/aslsignbank/mp4/PERSON-888.mp4
individuation, https://media.signbsl.com/videos/asl/youtube/mp4/hgrDKu3A9Sw.mp4
indivisibility, https://media.signbsl.com/videos/asl/youtube/mp4/gD9qWzd5BfI.mp4
indocile, https://media.signbsl.com/videos/asl/youtube/mp4/SAWctR0MyaI.mp4
indoctrinate, https://media.signbsl.com/videos/asl/youtube/mp4/bnq0Y8e9XII.mp4
indolence, https://media.signbsl.com/videos/asl/youtube/mp4/KlfIspIQ3EY.mp4
indolent, https://player.vimeo.com/external/392199499.sd.mp4?s=a0af72b8a62bc40793656539a344e4d71fa6b697&profile_id=164
indomitable, https://media.signbsl.com/videos/asl/youtube/mp4/PWXvrD1-w_U.mp4
Indonesia, https://media.signbsl.com/videos/asl/aslsignbank/mp4/INDONESIA-3324.mp4
indoor, https://media.signbsl.com/videos/asl/aslsearch/mp4/indoor.mp4
indoor garden, https://media.signbsl.com/videos/asl/youtube/mp4/dCc8EY2wMWg.mp4
indoors, https://media.signbsl.com/videos/asl/tsdvideo/mp4/360.mp4
indorse, https://media.signbsl.com/videos/asl/aslsearch/mp4/endorse.mp4
indorsement, https://media.signbsl.com/videos/asl/youtube/mp4/g9GD3mUPJ6o.mp4
indorser, https://media.signbsl.com/videos/asl/aslsearch/mp4/subscriber.mp4
indrawn, https://media.signbsl.com/videos/asl/youtube/mp4/VhC95o-aVl0.mp4
indubitable, https://media.signbsl.com/videos/asl/youtube/mp4/D24Ldh5B_3I.mp4
induce, https://media.signbsl.com/videos/asl/aslsearch/mp4/induce.mp4
inducement, https://media.signbsl.com/videos/asl/youtube/mp4/PgPv0_1t94A.mp4
inducive, https://media.signbsl.com/videos/asl/AustinCommunityCollege/mp4/elec_inductive_.mp4
induct, https://media.signbsl.com/videos/asl/youtube/mp4/kLrYnPTKwmM.mp4
inducted voltage, https://media.signbsl.com/videos/asl/AustinCommunityCollege/mp4/elec_inductive_voltage_.mp4
inductee, https://media.signbsl.com/videos/asl/youtube/mp4/pW9jC3lA6zk.mp4
induction, https://media.signbsl.com/videos/asl/youtube/mp4/f_mqRf9rvfY.mp4
inductive, https://media.signbsl.com/videos/asl/AustinCommunityCollege/mp4/elec_inductive_.mp4
inductive reasoning, https://media.signbsl.com/videos/asl/philosophy/mp4/Induction-HD.mp4
indue, https://player.vimeo.com/external/392010240.sd.mp4?s=9b0105930f5dc6bdf5899c5ca05ac505e669fd27&profile_id=164
indulge, https://player.vimeo.com/external/391390882.sd.mp4?s=91d08175bafe0a828a342483af08724100380440&profile_id=164
indulgence, https://media.signbsl.com/videos/asl/aslsignbank/mp4/CRAZY-1184.mp4
indulgent, https://media.signbsl.com/videos/asl/youtube/mp4/I7be5nbdJHQ.mp4
indurate, https://player.vimeo.com/external/391227005.sd.mp4?s=acfad71acda5325c4bb40d3c9569fe3bd144124c&profile_id=164
induration of the arteries, https://media.signbsl.com/videos/asl/youtube/mp4/Q2XWDJPdHm4.mp4
industrial, https://media.signbsl.com/videos/asl/youtube/mp4/pto2FqXr_-o.mp4
industrialise, https://media.signbsl.com/videos/asl/youtube/mp4/LPXEXdWyro0.mp4
industrialism, https://media.signbsl.com/videos/asl/youtube/mp4/FaPeaHduqMY.mp4
industrialist, https://media.signbsl.com/videos/asl/youtube/mp4/X3HrckdCAKk.mp4
industrialize, https://media.signbsl.com/videos/asl/youtube/mp4/LPXEXdWyro0.mp4
industrial piercing, https://media.signbsl.com/videos/asl/youtube/mp4/hqMbK_I-MlY.mp4
industrial plant, https://media.signbsl.com/videos/asl/signlanguagestudent/mp4/works.mp4
industrious, https://player.vimeo.com/external/392166065.sd.mp4?s=212ab307bce890c8b803ff241132b254a8e46786&profile_id=164
industriousness, https://media.signbsl.com/videos/asl/signlanguagestudent/mp4/diligence.mp4
industry, https://player.vimeo.com/external/392199823.sd.mp4?s=6e37ebd70115e4ac69f6d0665e59004f904e116d&profile_id=164
indweller, https://media.signbsl.com/videos/asl/youtube/mp4/lsKom0MfGHk.mp4
inebriant, https://media.signbsl.com/videos/asl/aslsignbank/mp4/ALCOHOL-3186.mp4
inebriate, https://media.signbsl.com/videos/asl/aslsearch/mp4/drunk.mp4
inedible, https://media.signbsl.com/videos/asl/youtube/mp4/18D85uDcoNI.mp4
ineducable, https://media.signbsl.com/videos/asl/youtube/mp4/UwQOP5Htg00.mp4
i need to go home, https://media.signbsl.com/videos/asl/startasl/mp4/ineedtogohome.mp4
ineffable, https://media.signbsl.com/videos/asl/youtube/mp4/mqLb9tgFrn8.mp4
ineffective, https://media.signbsl.com/videos/asl/aslsignbank/mp4/WORTHLESS-1463.mp4
ineffectual, https://media.signbsl.com/videos/asl/youtube/mp4/eSGFiXSaPvQ.mp4
inefficiencies, https://media.signbsl.com/videos/asl/youtube/mp4/OnXwTTH7AKA.mp4
inefficiency, https://media.signbsl.com/videos/asl/youtube/mp4/OnXwTTH7AKA.mp4
inefficient, https://media.signbsl.com/videos/asl/aslsignbank/mp4/WORTHLESS-1463.mp4
inelastic, https://media.signbsl.com/videos/asl/youtube/mp4/8yGhIPCABIE.mp4
ineligibility, https://media.signbsl.com/videos/asl/youtube/mp4/4gSsd_vnaFM.mp4
ineloqently, https://media.signbsl.com/videos/asl/youtube/mp4/uY4VEEdjn9k.mp4
ineluctable, https://media.signbsl.com/videos/asl/youtube/mp4/fm5fQXQumnE.mp4
inept, https://media.signbsl.com/videos/asl/aslsignbank/mp4/INEPT-1735.mp4
ineptness, https://media.signbsl.com/videos/asl/youtube/mp4/bdsp8hVQ_uY.mp4
inequalities, https://media.signbsl.com/videos/asl/tsdvideo/mp4/1498.mp4
inequality, https://media.signbsl.com/videos/asl/tsdvideo/mp4/1498.mp4
inequitable, https://player.vimeo.com/external/392208596.sd.mp4?s=3b7da20e43d45f672a6299e32cbaf3889f045585&profile_id=164
inequity, https://media.signbsl.com/videos/asl/aslsearch/mp4/inequity.mp4
ineradicable, https://media.signbsl.com/videos/asl/youtube/mp4/31HZKjEHxsk.mp4
inerrable, https://media.signbsl.com/videos/asl/youtube/mp4/DW9WQCqlfE8.mp4
inerrancy, https://media.signbsl.com/videos/asl/valleybible/mp4/inerrancy.mp4
inerrant, https://media.signbsl.com/videos/asl/youtube/mp4/DW9WQCqlfE8.mp4
inert, https://media.signbsl.com/videos/asl/youtube/mp4/2wpQK-uu5nM.mp4
inert gas argon co2 nitrogen, https://media.signbsl.com/videos/asl/AustinCommunityCollege/mp4/weld_inert_gas_.mp4
inertia, https://media.signbsl.com/videos/asl/youtube/mp4/dIIbBmaEFec.mp4
inescapable, https://media.signbsl.com/videos/asl/youtube/mp4/fm5fQXQumnE.mp4
inessential, https://media.signbsl.com/videos/asl/youtube/mp4/A7Vyq89h0dM.mp4
inestimable, https://media.signbsl.com/videos/asl/youtube/mp4/Eb5znEGXe3g.mp4
inevitable, https://player.vimeo.com/external/392208660.sd.mp4?s=0bb763ac1fac8f7549037b07890a7dd738ea721f&profile_id=164
inevitable accident, https://media.signbsl.com/videos/asl/youtube/mp4/tTfrAms7iJI.mp4
inevitably, https://media.signbsl.com/videos/asl/elementalaslconcepts/mp4/needs.mp4
inexact, https://media.signbsl.com/videos/asl/youtube/mp4/HWPYf6mURDA.mp4
inexcusable, https://media.signbsl.com/videos/asl/youtube/mp4/_LPeHF0ASB4.mp4
inexhaustible, https://media.signbsl.com/videos/asl/youtube/mp4/VhQPzZyXHfM.mp4
inexorability, https://media.signbsl.com/videos/asl/youtube/mp4/Tp0sl4NhJwk.mp4
inexorable, https://media.signbsl.com/videos/asl/youtube/mp4/q2ZCAG9VvZ0.mp4
inexorableness, https://media.signbsl.com/videos/asl/youtube/mp4/Tp0sl4NhJwk.mp4
inexpedience, https://media.signbsl.com/videos/asl/youtube/mp4/BSMF72ZwXRg.mp4
inexpediency, https://media.signbsl.com/videos/asl/youtube/mp4/BSMF72ZwXRg.mp4
inexpensive, https://media.signbsl.com/videos/asl/startasl/mp4/cheap.mp4
inexperienced, https://player.vimeo.com/external/392208686.sd.mp4?s=f90da3e009e7a5e7c5fc71b61f74ba78a63d4901&profile_id=164
inexpert, https://player.vimeo.com/external/391155967.sd.mp4?s=9f31336ae766ccc0ddcae008f07f4134d3c9dde8&profile_id=164
inexpiable, https://media.signbsl.com/videos/asl/youtube/mp4/aDdzkEoK7pg.mp4
inexplicable, https://media.signbsl.com/videos/asl/youtube/mp4/-6RBTv1iIMc.mp4
inexplicit, https://media.signbsl.com/videos/asl/youtube/mp4/YHfPcdTi1XA.mp4
inexpressible, https://media.signbsl.com/videos/asl/youtube/mp4/ERvZHX4Jepg.mp4
inextinguishable, https://media.signbsl.com/videos/asl/youtube/mp4/YQqYEIXXD4g.mp4
inextricable, https://media.signbsl.com/videos/asl/youtube/mp4/iujWRYy1_60.mp4
infallibility, https://media.signbsl.com/videos/asl/youtube/mp4/1k72lS9-P-4.mp4
infallible, https://player.vimeo.com/external/392208727.sd.mp4?s=a197d8f63ed192f4874a0fa3718237a5dc856239&profile_id=164
infamies, https://media.signbsl.com/videos/asl/youtube/mp4/bzX-aZZU5zA.mp4
infamous, https://player.vimeo.com/external/392208754.sd.mp4?s=ac9fbd58be6ab49ae0ba7ece44e84ec381e291fc&profile_id=164
infamy, https://media.signbsl.com/videos/asl/youtube/mp4/bzX-aZZU5zA.mp4
infancy, https://media.signbsl.com/videos/asl/youtube/mp4/oEQdQQY9BN4.mp4
infant, https://media.signbsl.com/videos/asl/startasl/mp4/baby.mp4
infanticide, https://media.signbsl.com/videos/asl/youtube/mp4/xEwdawId_J4.mp4
infantile, https://player.vimeo.com/external/395745700.sd.mp4?s=9e5ab7be4cbf702045595791ba5e9fc845b81e69&profile_id=164
infantries, https://media.signbsl.com/videos/asl/startasl/mp4/infantry.mp4
infantry, https://media.signbsl.com/videos/asl/startasl/mp4/infantry.mp4
infantryman, https://media.signbsl.com/videos/asl/youtube/mp4/uspoZVcK3U4.mp4
infatuate, https://media.signbsl.com/videos/asl/youtube/mp4/2VMXZalScg0.mp4
infatuated, https://media.signbsl.com/videos/asl/youtube/mp4/47JR5-ETrzI.mp4
infeasible, https://media.signbsl.com/videos/asl/youtube/mp4/OX7WeFd5HuQ.mp4
infect, https://media.signbsl.com/videos/asl/aslsignbank/mp4/INFECTION-1734.mp4
infection, https://media.signbsl.com/videos/asl/aslsignbank/mp4/INSURANCE-2978.mp4
infectious, https://media.signbsl.com/videos/asl/youtube/mp4/FS_arK19JOo.mp4
infectious mononucleosis, https://media.signbsl.com/videos/asl/youtube/mp4/halK2cgXohU.mp4
infective, https://media.signbsl.com/videos/asl/youtube/mp4/FS_arK19JOo.mp4
infer, https://media.signbsl.com/videos/asl/elementalaslconcepts/mp4/infer.mp4
inference, https://media.signbsl.com/videos/asl/tsdvideo/mp4/1514.mp4
inferior, https://media.signbsl.com/videos/asl/aslsearch/mp4/inferior.mp4
infernal, https://media.signbsl.com/videos/asl/youtube/mp4/qLpYTL83C4w.mp4
infernal region, https://media.signbsl.com/videos/asl/valleybible/mp4/Hades.mp4
inferno, https://media.signbsl.com/videos/asl/signlanguagestudent/mp4/hell.mp4
inferred information, https://media.signbsl.com/videos/asl/elementalaslconcepts/mp4/inferred_information.mp4
infertile, https://media.signbsl.com/videos/asl/youtube/mp4/XXxBgSNfFAw.mp4
infest, https://media.signbsl.com/videos/asl/youtube/mp4/s3awqhzTrI4.mp4
infidel, https://media.signbsl.com/videos/asl/youtube/mp4/aUlK3H6ZpL4.mp4
infidelities, https://media.signbsl.com/videos/asl/youtube/mp4/2qJRAztQrWw.mp4
infidelity, https://media.signbsl.com/videos/asl/youtube/mp4/2qJRAztQrWw.mp4
infield, https://media.signbsl.com/videos/asl/youtube/mp4/tg2-gGbjWPk.mp4
infielder, https://media.signbsl.com/videos/asl/youtube/mp4/A7UHj9WzAe4.mp4
infighter, https://media.signbsl.com/videos/asl/youtube/mp4/ap3txdJn-xQ.mp4
infiltrate, https://media.signbsl.com/videos/asl/youtube/mp4/u3MF_G894KY.mp4
infinite, https://media.signbsl.com/videos/asl/ids/mp4/2013-11-2405-infinite-1500k-ase.mp4
infinitesimal, https://media.signbsl.com/videos/asl/youtube/mp4/0zYNNwk-lFA.mp4
infinities, https://media.signbsl.com/videos/asl/signlanguagestudent/mp4/eternity.mp4
infinity, https://media.signbsl.com/videos/asl/signlanguagestudent/mp4/eternity.mp4
infirm, https://player.vimeo.com/external/391197916.sd.mp4?s=9ca455aaa1b194eb6321f09f2949afe81c3e6242&profile_id=164
infirmaries, https://media.signbsl.com/videos/asl/startasl/mp4/hospital.mp4
infirmary, https://media.signbsl.com/videos/asl/startasl/mp4/hospital.mp4
inflame, https://media.signbsl.com/videos/asl/youtube/mp4/kXBSjbXozmE.mp4
inflamed, https://media.signbsl.com/videos/asl/youtube/mp4/RYDSRZWRYzI.mp4
inflammable, https://media.signbsl.com/videos/asl/youtube/mp4/bRbuKW1jrbk.mp4
inflammation, https://player.vimeo.com/external/392682703.sd.mp4?s=0d86685dd8aa0a764683174178bf007b02d87b77&profile_id=164
inflammatory, https://media.signbsl.com/videos/asl/youtube/mp4/4O8iMaMSMEA.mp4
inflammatory bowel disease, https://media.signbsl.com/videos/asl/youtube/mp4/xgK2Psrcz0M.mp4
inflate, https://media.signbsl.com/videos/asl/aslsearch/mp4/inflate.mp4
inflation, https://media.signbsl.com/videos/asl/youtube/mp4/BKZ4F5ow1jw.mp4
inflect, https://media.signbsl.com/videos/asl/youtube/mp4/giGNCwzV-qA.mp4
inflexibility, https://media.signbsl.com/videos/asl/youtube/mp4/S6GJmvzf9N8.mp4
inflexible, https://media.signbsl.com/videos/asl/youtube/mp4/EcfKZSMkqz0.mp4
inflict, https://media.signbsl.com/videos/asl/youtube/mp4/UqtPmMeyKok.mp4
inflight, NA
inflorescence, https://media.signbsl.com/videos/asl/youtube/mp4/At90l8CGn_E.mp4
inflow, https://media.signbsl.com/videos/asl/youtube/mp4/34WWCGC2Kiw.mp4
influence, https://media.signbsl.com/videos/asl/aslsearch/mp4/influence.mp4
influence everyone, https://media.signbsl.com/videos/asl/youtube/mp4/IJBr3BWL6jo.mp4
influence me, https://media.signbsl.com/videos/asl/aslsearch/mp4/influence-me.mp4
influence peddler, https://media.signbsl.com/videos/asl/youtube/mp4/xG2l-UbnYiE.mp4
influence you, https://media.signbsl.com/videos/asl/aslsearch/mp4/influence-you.mp4
influenza, https://player.vimeo.com/external/392766955.sd.mp4?s=f1639f0d9c03c91d86a9e9aeff5f0453f032410b&profile_id=164
influx, https://media.signbsl.com/videos/asl/youtube/mp4/34WWCGC2Kiw.mp4
info, https://media.signbsl.com/videos/asl/aslsearch/mp4/information.mp4
infomercial, https://media.signbsl.com/videos/asl/youtube/mp4/ZqB7LqNNSvk.mp4
inform, https://media.signbsl.com/videos/asl/startasl/mp4/inform.mp4
informal, https://media.signbsl.com/videos/asl/youtube/mp4/11-DV21S-40.mp4
informant, https://media.signbsl.com/videos/asl/youtube/mp4/0m2OP_wJpeE.mp4
informatics, https://media.signbsl.com/videos/asl/deaftec/mp4/1001.mp4
information, https://media.signbsl.com/videos/asl/tsdvideo/mp4/446.mp4
information processing, https://media.signbsl.com/videos/asl/deaftec/mp4/1001.mp4
information processing system, https://media.signbsl.com/videos/asl/startasl/mp4/computer-2.mp4
information science, https://media.signbsl.com/videos/asl/deaftec/mp4/1001.mp4
informative, https://media.signbsl.com/videos/asl/youtube/mp4/fxJlrL-zHww.mp4
informatory, https://media.signbsl.com/videos/asl/youtube/mp4/fxJlrL-zHww.mp4
informed consent, https://player.vimeo.com/external/392209467.sd.mp4?s=3e4701fd1dc9ea21d67c65d2463ee2d84f07815b&profile_id=164
informer, https://media.signbsl.com/videos/asl/youtube/mp4/JQfDQaUWpZY.mp4
informercial, https://media.signbsl.com/videos/asl/youtube/mp4/ZqB7LqNNSvk.mp4
inform me, https://media.signbsl.com/videos/asl/youtube/mp4/nsokxMwJKO8.mp4
infotainment, https://player.vimeo.com/external/392671757.sd.mp4?s=eb42adbe215208172548bcafd8e76b2b6d155023&profile_id=164
infract, https://media.signbsl.com/videos/asl/youtube/mp4/9Kzqs__ubIg.mp4
infraction, https://media.signbsl.com/videos/asl/youtube/mp4/o3ROekxkDHo.mp4
infrared, https://media.signbsl.com/videos/asl/youtube/mp4/HVCUr5sL9xM.mp4
infrastructural, https://media.signbsl.com/videos/asl/youtube/mp4/k_4IBI-wSwU.mp4
infrastructure, https://media.signbsl.com/videos/asl/deaftec/mp4/995.mp4
infrequence, https://media.signbsl.com/videos/asl/youtube/mp4/qXco2xb71t0.mp4
infringe, https://media.signbsl.com/videos/asl/youtube/mp4/YoCW37ZY5c8.mp4
infringement, https://media.signbsl.com/videos/asl/youtube/mp4/o3ROekxkDHo.mp4
infringement of copyright, https://player.vimeo.com/external/391909105.sd.mp4?s=78cbecbbfd3a2f0799fd329a4186db37e4d12b96&profile_id=164
in front, https://media.signbsl.com/videos/asl/signlanguagestudent/mp4/ahead.mp4
infuriate, https://media.signbsl.com/videos/asl/youtube/mp4/WmPY5szG1co.mp4
infuriated, https://media.signbsl.com/videos/asl/youtube/mp4/3Vmhq2WrEus.mp4
infuse, https://media.signbsl.com/videos/asl/youtube/mp4/rwwen4xXjH0.mp4
ingeminate, https://player.vimeo.com/external/392430406.sd.mp4?s=827ab6aeda6dca17df32cd4cb8c2da4ae18a5c06&profile_id=164
ingenious, https://media.signbsl.com/videos/asl/aslsignbank/mp4/WISE-783.mp4
ingeniousness, https://media.signbsl.com/videos/asl/youtube/mp4/-RlduuborAQ.mp4
ingenue, https://media.signbsl.com/videos/asl/youtube/mp4/klBmA1G00Lc.mp4
ingenuity, https://media.signbsl.com/videos/asl/youtube/mp4/-RlduuborAQ.mp4
ingenuousness, https://media.signbsl.com/videos/asl/youtube/mp4/Pom25CQPlYw.mp4
ingest, https://player.vimeo.com/external/392209521.sd.mp4?s=8cbb825bfcf3a52a4be840e52ae09b06b675d69b&profile_id=164
ingestion, https://media.signbsl.com/videos/asl/youtube/mp4/YPNt8gTJREo.mp4
inglorious, https://media.signbsl.com/videos/asl/youtube/mp4/Qwn3BrtC678.mp4
in good taste, https://media.signbsl.com/videos/asl/youtube/mp4/cER8QuqotbE.mp4
ingraft, https://media.signbsl.com/videos/asl/youtube/mp4/yiY-jB3659A.mp4
ingrain, https://media.signbsl.com/videos/asl/youtube/mp4/LEXgy9Jryr4.mp4
ingrained, https://player.vimeo.com/external/392209557.sd.mp4?s=f0cce65b014b9686de39fa45fffa390af920d83a&profile_id=164
ingrate, https://media.signbsl.com/videos/asl/youtube/mp4/BNmsZiIPE_A.mp4
ingratiate, https://media.signbsl.com/videos/asl/youtube/mp4/-a0z3cRJA4M.mp4
ingratitude, https://media.signbsl.com/videos/asl/youtube/mp4/j91uuz-SyY4.mp4
ingredient, https://media.signbsl.com/videos/asl/tsdvideo/mp4/223.mp4
ingroup, https://media.signbsl.com/videos/asl/youtube/mp4/FipFZ1ClQB8.mp4
ingrowing, https://media.signbsl.com/videos/asl/youtube/mp4/r9yz8BKZVMo.mp4
ingrown, https://media.signbsl.com/videos/asl/youtube/mp4/r9yz8BKZVMo.mp4
ingurgitate, https://media.signbsl.com/videos/asl/youtube/mp4/EnExJmA5Af4.mp4
inhabit, https://media.signbsl.com/videos/asl/aslsearch/mp4/live.mp4
inhabitable, https://media.signbsl.com/videos/asl/youtube/mp4/JFIBlelAHoA.mp4
inhabitant, https://media.signbsl.com/videos/asl/youtube/mp4/lsKom0MfGHk.mp4
inhalant, https://media.signbsl.com/videos/asl/youtube/mp4/eLT0HCkMXhQ.mp4
inhalator, https://player.vimeo.com/external/392209677.sd.mp4?s=340d208b2c8fb79c62586e82ff428b9287600462&profile_id=164
inhale, https://media.signbsl.com/videos/asl/aslsignbank/mp4/INHALE-1998.mp4
inhale into nose, https://media.signbsl.com/videos/asl/youtube/mp4/yhWcjGy517I.mp4
inhaler, https://player.vimeo.com/external/392209677.sd.mp4?s=340d208b2c8fb79c62586e82ff428b9287600462&profile_id=164
inharmonic, https://media.signbsl.com/videos/asl/youtube/mp4/w7k8UHMNFlk.mp4
inharmonious, https://media.signbsl.com/videos/asl/youtube/mp4/MTBz13SVeIY.mp4
inhere, https://media.signbsl.com/videos/asl/youtube/mp4/k9Xt8R5Tid4.mp4
inherent, https://media.signbsl.com/videos/asl/elementalaslconcepts/mp4/constitutional.mp4
inherent aptitude, https://media.signbsl.com/videos/asl/youtube/mp4/zzxIZcMTEHA.mp4
inherit, https://media.signbsl.com/videos/asl/aslsearch/mp4/inherit.mp4
inheritance, https://media.signbsl.com/videos/asl/startasl/mp4/inheritance.mp4
inherited, https://media.signbsl.com/videos/asl/deaftec/mp4/1383.mp4
inheritress, https://media.signbsl.com/videos/asl/youtube/mp4/Bva9sLNmg5c.mp4
inheritrix, https://media.signbsl.com/videos/asl/youtube/mp4/Bva9sLNmg5c.mp4
inhibit, https://media.signbsl.com/videos/asl/aslsearch/mp4/conquer.mp4
inhibitor, https://media.signbsl.com/videos/asl/youtube/mp4/PjX02QYZbys.mp4
inhospitable, https://media.signbsl.com/videos/asl/youtube/mp4/rPppJwTQims.mp4
inhuman, https://media.signbsl.com/videos/asl/youtube/mp4/k0j0XVpcSDs.mp4
inhumane, https://media.signbsl.com/videos/asl/youtube/mp4/ebE35fdW43I.mp4
inhumanity, https://media.signbsl.com/videos/asl/youtube/mp4/jlMDUjFCOig.mp4
inhumation, https://media.signbsl.com/videos/asl/aslsignbank/mp4/FUNERAL-3358.mp4
inhume, https://media.signbsl.com/videos/asl/aslsearch/mp4/bury.mp4
inimitable, https://media.signbsl.com/videos/asl/youtube/mp4/wIdDrwChueQ.mp4
iniquities, https://media.signbsl.com/videos/asl/youtube/mp4/FpBoLWnbLUk.mp4
iniquity, https://media.signbsl.com/videos/asl/youtube/mp4/FpBoLWnbLUk.mp4
initial, https://media.signbsl.com/videos/asl/youtube/mp4/4r5ch5vg3W4.mp4
initialise, https://media.signbsl.com/videos/asl/youtube/mp4/Sz0MXJ1QwGE.mp4
initialize, https://media.signbsl.com/videos/asl/youtube/mp4/Sz0MXJ1QwGE.mp4
initiate, https://media.signbsl.com/videos/asl/aslsearch/mp4/initiate.mp4
initiation, https://media.signbsl.com/videos/asl/youtube/mp4/f_mqRf9rvfY.mp4
initiative, https://media.signbsl.com/videos/asl/youtube/mp4/l8Dz64bwF2I.mp4
initiator, https://media.signbsl.com/videos/asl/youtube/mp4/0OYNwwmZ5J8.mp4
inject, https://media.signbsl.com/videos/asl/aslsearch/mp4/inject.mp4
inject information, https://media.signbsl.com/videos/asl/youtube/mp4/cg-hQW6-y6E.mp4
injection, https://media.signbsl.com/videos/asl/youtube/mp4/7Rorpo_Fj4Q.mp4
injunction, https://media.signbsl.com/videos/asl/unoclimb/mp4/5_X4fi_xQg0.mp4
injure, https://media.signbsl.com/videos/asl/aslsearch/mp4/injure.mp4
injured party, https://media.signbsl.com/videos/asl/youtube/mp4/7k9MggHs9JQ.mp4
injury, https://player.vimeo.com/external/392166374.sd.mp4?s=e4fdc7b4297c49ca71b7c63e4011113f32318201&profile_id=164
injustice, https://media.signbsl.com/videos/asl/youtube/mp4/FpBoLWnbLUk.mp4
ink, https://player.vimeo.com/external/392865678.sd.mp4?s=873e5086cc8f41363859f2d48bd7deac6c1de4d6&profile_id=164
inkiness, https://media.signbsl.com/videos/asl/youtube/mp4/bq7Zpg5uwvc.mp4
inking pad, https://media.signbsl.com/videos/asl/aslsearch/mp4/pad.mp4
inkling, https://media.signbsl.com/videos/asl/youtube/mp4/Bs2oQpm2I9E.mp4
inkpad, https://media.signbsl.com/videos/asl/aslsearch/mp4/pad.mp4
inkstand, https://media.signbsl.com/videos/asl/youtube/mp4/LAkXzFlbWHw.mp4
inkwell, https://media.signbsl.com/videos/asl/youtube/mp4/LAkXzFlbWHw.mp4
inlaid, https://media.signbsl.com/videos/asl/youtube/mp4/WkgOIp7CVjU.mp4
inland, https://media.signbsl.com/videos/asl/youtube/mp4/iUVVlcgH7vs.mp4
in law, https://media.signbsl.com/videos/asl/aslsearch/mp4/in-law.mp4
inlet, https://media.signbsl.com/videos/asl/youtube/mp4/JwHUVjDJzBo.mp4
in lieu of, https://media.signbsl.com/videos/asl/youtube/mp4/VgDFTkeI0wY.mp4
injure, https://media.signbsl.com/videos/asl/aslsearch/mp4/injure.mp4
injured party, https://media.signbsl.com/videos/asl/youtube/mp4/7k9MggHs9JQ.mp4
injury, https://player.vimeo.com/external/392166374.sd.mp4?s=e4fdc7b4297c49ca71b7c63e4011113f32318201&profile_id=164
injustice, https://media.signbsl.com/videos/asl/youtube/mp4/FpBoLWnbLUk.mp4
ink, https://player.vimeo.com/external/392865678.sd.mp4?s=873e5086cc8f41363859f2d48bd7deac6c1de4d6&profile_id=164
inkiness, https://media.signbsl.com/videos/asl/youtube/mp4/bq7Zpg5uwvc.mp4
inking pad, https://media.signbsl.com/videos/asl/aslsearch/mp4/pad.mp4
inkling, https://media.signbsl.com/videos/asl/youtube/mp4/Bs2oQpm2I9E.mp4
inkpad, https://media.signbsl.com/videos/asl/aslsearch/mp4/pad.mp4
inkstand, https://media.signbsl.com/videos/asl/youtube/mp4/LAkXzFlbWHw.mp4
inkwell, https://media.signbsl.com/videos/asl/youtube/mp4/LAkXzFlbWHw.mp4
inlaid, https://media.signbsl.com/videos/asl/youtube/mp4/WkgOIp7CVjU.mp4
inland, https://media.signbsl.com/videos/asl/youtube/mp4/iUVVlcgH7vs.mp4
in law, https://media.signbsl.com/videos/asl/aslsearch/mp4/in-law.mp4
inlet, https://media.signbsl.com/videos/asl/youtube/mp4/JwHUVjDJzBo.mp4
in lieu of, https://media.signbsl.com/videos/asl/youtube/mp4/VgDFTkeI0wY.mp4
in line skate, https://media.signbsl.com/videos/asl/aslsignbank/mp4/ROLLERBLADE-982.mp4
in line skates, https://media.signbsl.com/videos/asl/aslsignbank/mp4/ROLLERBLADE-982.mp4
in love, https://media.signbsl.com/videos/asl/youtube/mp4/47JR5-ETrzI.mp4
inmate, https://media.signbsl.com/videos/asl/youtube/mp4/cZazN5yOxBE.mp4
in migration, https://media.signbsl.com/videos/asl/youtube/mp4/VOSjfGlHA8U.mp4
inmost, https://media.signbsl.com/videos/asl/youtube/mp4/8DvHwhtMOWs.mp4
in mri, https://media.signbsl.com/videos/asl/youtube/mp4/uMsbhcPQLbY.mp4
inn, https://media.signbsl.com/videos/asl/youtube/mp4/-rS1zpcfvAQ.mp4
innards, https://media.signbsl.com/videos/asl/youtube/mp4/RWZdr1zFQw8.mp4
innate, https://media.signbsl.com/videos/asl/youtube/mp4/xH2v4A5I2pE.mp4
innate reflex, https://media.signbsl.com/videos/asl/youtube/mp4/EF9nRi7vJMY.mp4
in need, https://media.signbsl.com/videos/asl/youtube/mp4/s5_DtFL8rSo.mp4
inner, https://media.signbsl.com/videos/asl/aslsearch/mp4/internal.mp4
inner circle, https://media.signbsl.com/videos/asl/youtube/mp4/FipFZ1ClQB8.mp4
inner monologue, https://media.signbsl.com/videos/asl/aslsignbank/mp4/SOLITARY-2016.mp4
innermost, https://media.signbsl.com/videos/asl/youtube/mp4/8DvHwhtMOWs.mp4
innervate, https://media.signbsl.com/videos/asl/youtube/mp4/ha9MVqrYgYY.mp4
inning, https://media.signbsl.com/videos/asl/youtube/mp4/wklAyCUpzT0.mp4
innkeeper, https://media.signbsl.com/videos/asl/youtube/mp4/E3O-BGnn6m0.mp4
innocence, https://media.signbsl.com/videos/asl/youtube/mp4/Pom25CQPlYw.mp4
innocent, https://media.signbsl.com/videos/asl/aslsearch/mp4/innocent.mp4
innovate, https://media.signbsl.com/videos/asl/aslsearch/mp4/invent.mp4
innovational, https://media.signbsl.com/videos/asl/youtube/mp4/PVTKg4HDeI4.mp4
innovative, https://media.signbsl.com/videos/asl/youtube/mp4/PVTKg4HDeI4.mp4
innovator, https://media.signbsl.com/videos/asl/youtube/mp4/OE3wX3Uzlm4.mp4
in no way, https://media.signbsl.com/videos/asl/youtube/mp4/Zy9EtbH0Cys.mp4
innuendo, https://media.signbsl.com/videos/asl/youtube/mp4/OqfnYkvHTv4.mp4
innumerable, https://media.signbsl.com/videos/asl/ids/mp4/2013-11-2405-infinite-1500k-ase.mp4
innumerate, https://media.signbsl.com/videos/asl/youtube/mp4/s1b4mJYuaOU.mp4
innumerous, https://media.signbsl.com/videos/asl/ids/mp4/2013-11-2405-infinite-1500k-ase.mp4
inoculate, https://media.signbsl.com/videos/asl/aslsearch/mp4/vaccinate.mp4
inodorous, https://media.signbsl.com/videos/asl/aslsearch/mp4/odorless.mp4
inoffensive, https://media.signbsl.com/videos/asl/youtube/mp4/ZqqKO-_oWYs.mp4
in one case, https://media.signbsl.com/videos/asl/youtube/mp4/FL_vd-m4uBA.mp4
in one ear and out the other, https://media.signbsl.com/videos/asl/youtube/mp4/7qmYaq6kFw4.mp4
inoperable, https://media.signbsl.com/videos/asl/youtube/mp4/Rq4kckWyoKo.mp4
inopportune, https://media.signbsl.com/videos/asl/youtube/mp4/Uc6rp1o06Fw.mp4
inopportuneness, https://media.signbsl.com/videos/asl/youtube/mp4/tvPLbGKKR7Y.mp4
in order for, https://media.signbsl.com/videos/asl/youtube/mp4/lTFvdTcdQNw.mp4
inordinate, https://player.vimeo.com/external/392020932.sd.mp4?s=86e7a0955df218c6075b19252a0889e5adebc6b8&profile_id=164
inorganic, https://media.signbsl.com/videos/asl/youtube/mp4/nygAxVFSleI.mp4
in other words, https://media.signbsl.com/videos/asl/aslsignbank/mp4/TITLE-1243.mp4
inpatient, https://media.signbsl.com/videos/asl/youtube/mp4/OQzSQQC1crw.mp4
in phase, https://media.signbsl.com/videos/asl/youtube/mp4/fxMPDvcZPAc.mp4
input, https://media.signbsl.com/videos/asl/aslsignbank/mp4/STIMULATE-1125.mp4
input signal, https://media.signbsl.com/videos/asl/aslsignbank/mp4/STIMULATE-1125.mp4
inquest, https://media.signbsl.com/videos/asl/youtube/mp4/Up_FVMqUf1k.mp4
inquietude, https://media.signbsl.com/videos/asl/youtube/mp4/FpAhQj_gUlo.mp4
inquire, https://media.signbsl.com/videos/asl/aslsignbank/mp4/ASK-22.mp4
inquirer, https://media.signbsl.com/videos/asl/youtube/mp4/iJ24BomQXcM.mp4
inquiring, https://media.signbsl.com/videos/asl/aslsearch/mp4/questioning.mp4
inquiry, https://media.signbsl.com/videos/asl/aslsearch/mp4/query.mp4
inquisition, https://media.signbsl.com/videos/asl/youtube/mp4/uZGoK4m3w8E.mp4
inquisitive, https://player.vimeo.com/external/392210024.sd.mp4?s=37c863a8a8578ca0d1be901da65d2e844eff4a72&profile_id=164
inquisitor, https://media.signbsl.com/videos/asl/youtube/mp4/bKNbLY1wQcY.mp4
inquisitory, https://media.signbsl.com/videos/asl/startasl/mp4/searching.mp4
in real time, https://media.signbsl.com/videos/asl/signlanguagestudent/mp4/immediately%20(alternate%202).mp4
in restraint, https://player.vimeo.com/external/392544621.sd.mp4?s=70909a622210812d07f240edb19bb2d8b1835d41&profile_id=164
inroad, https://media.signbsl.com/videos/asl/youtube/mp4/5gEqmNuGoyM.mp4
insalubrious, https://player.vimeo.com/external/392549714.sd.mp4?s=9b2e99ef01628ed81a25a4436f5a1c722c03357a&profile_id=164
insane, https://media.signbsl.com/videos/asl/aslsearch/mp4/insane.mp4
insane asylum, https://media.signbsl.com/videos/asl/aslsearch/mp4/asylum.mp4
insanitary, https://media.signbsl.com/videos/asl/youtube/mp4/9ptFccvHMS8.mp4
insatiability, https://media.signbsl.com/videos/asl/youtube/mp4/-RrPW1qWI1E.mp4
insatiable, https://media.signbsl.com/videos/asl/youtube/mp4/SbdHpcezSi4.mp4
insatiate, https://media.signbsl.com/videos/asl/youtube/mp4/SbdHpcezSi4.mp4
inscribe, https://media.signbsl.com/videos/asl/aslsignbank/mp4/ETHICS-3060.mp4
inscribed, https://media.signbsl.com/videos/asl/youtube/mp4/QeWk39wQblA.mp4
inscrutability, https://media.signbsl.com/videos/asl/youtube/mp4/bRtACxC6Dao.mp4
inscrutable, https://media.signbsl.com/videos/asl/youtube/mp4/Qiv297fkK7Y.mp4
in search of, https://media.signbsl.com/videos/asl/youtube/mp4/_BkX6aAAzMU.mp4
insect, https://media.signbsl.com/videos/asl/aslsearch/mp4/insect.mp4
insecticidal, https://media.signbsl.com/videos/asl/youtube/mp4/NBMjqpVxIPA.mp4
insectivore, https://media.signbsl.com/videos/asl/youtube/mp4/bXF4x4KDRgg.mp4
insecure, https://media.signbsl.com/videos/asl/aslsearch/mp4/insecure.mp4
inseminate, https://player.vimeo.com/external/392210159.sd.mp4?s=171a7b661d62b79cdfa3413a4c6fbf54ca558a99&profile_id=164
insensibility, https://media.signbsl.com/videos/asl/youtube/mp4/R8eyuinYEhA.mp4
insensible, https://player.vimeo.com/external/392210285.sd.mp4?s=de9e28dc5b3da454bcef42bad43dc45629ad3db9&profile_id=164
insensitive, https://player.vimeo.com/external/392210327.sd.mp4?s=e919d4b1862248ecdcdb582d23c110b354ad50a5&profile_id=164
inseparability, https://media.signbsl.com/videos/asl/youtube/mp4/cfKS6D2RzA0.mp4
inseparable, https://player.vimeo.com/external/392210362.sd.mp4?s=7fd30c5de6b974a0dcc78bcc2d2ae26b86377ba7&profile_id=164
insert, https://media.signbsl.com/videos/asl/youtube/mp4/GRweD9B6gKE.mp4
inset, https://media.signbsl.com/videos/asl/youtube/mp4/YLqRsNEAerE.mp4
inside, https://media.signbsl.com/videos/asl/tsdvideo/mp4/360.mp4
inside information, https://media.signbsl.com/videos/asl/elementalaslconcepts/mp4/details.mp4
inside out, https://player.vimeo.com/external/392210438.sd.mp4?s=2a2ed0eda91efaec7c47570f9dddd7ba43aa4b45&profile_id=164
insider, https://player.vimeo.com/external/392258819.sd.mp4?s=98eccbfade00acae5ac4fc21449bc09997dade73&profile_id=164
insidious, https://media.signbsl.com/videos/asl/youtube/mp4/6LoiRTzD0TI.mp4
insight, https://media.signbsl.com/videos/asl/aslsignbank/mp4/BRAINSTORM-2133.mp4
insightfulness, https://media.signbsl.com/videos/asl/youtube/mp4/0fbX6vuIELM.mp4
insignificance, https://media.signbsl.com/videos/asl/youtube/mp4/_9sAym_Cwi8.mp4
insignificant, https://media.signbsl.com/videos/asl/aslsignbank/mp4/NO-BIG-DEAL-1562.mp4
insinuate, https://media.signbsl.com/videos/asl/youtube/mp4/veGiXhawA0E.mp4
insinuation, https://media.signbsl.com/videos/asl/youtube/mp4/OqfnYkvHTv4.mp4
insinuator, https://media.signbsl.com/videos/asl/youtube/mp4/3xSVjlYUH8U.mp4
insipid, https://media.signbsl.com/videos/asl/youtube/mp4/iHAVUJIosQM.mp4
insist, https://player.vimeo.com/external/391171388.sd.mp4?s=ea66a3379f558074a2d95fe6191b48ca8e08e3a4&profile_id=164
insistent, https://player.vimeo.com/external/392438305.sd.mp4?s=69d4b001cff29edb6442321a3d86e0f89c9bd4df&profile_id=164
in situ, https://media.signbsl.com/videos/asl/youtube/mp4/u5S_BDHKu3U.mp4
insitution organization, https://media.signbsl.com/videos/asl/elementalaslconcepts/mp4/institution_-_organization.mp4
in small stages, https://media.signbsl.com/videos/asl/youtube/mp4/AWZfXkdPWWw.mp4
insofar, https://media.signbsl.com/videos/asl/youtube/mp4/Y6fY_agX6Qk.mp4
in so far, https://media.signbsl.com/videos/asl/youtube/mp4/Y6fY_agX6Qk.mp4
insolation, https://media.signbsl.com/videos/asl/youtube/mp4/hBHk-t0uL2Q.mp4
insolence, https://media.signbsl.com/videos/asl/youtube/mp4/nnvvEJ-VIAY.mp4
insolent, https://media.signbsl.com/videos/asl/youtube/mp4/i4uCkeBmTAk.mp4
insolubility, https://media.signbsl.com/videos/asl/youtube/mp4/59ErBpbVCqM.mp4
insomnia, https://media.signbsl.com/videos/asl/aslsearch/mp4/insomnia.mp4
insomuch, https://media.signbsl.com/videos/asl/youtube/mp4/o3B6sTlvTBQ.mp4
insouciant, https://media.signbsl.com/videos/asl/aslsignbank/mp4/CASUAL-1029.mp4
inspect, https://media.signbsl.com/videos/asl/aslsearch/mp4/inspect.mp4
inspector, https://media.signbsl.com/videos/asl/youtube/mp4/waQbcHP4XTQ.mp4
inspectorate, https://media.signbsl.com/videos/asl/youtube/mp4/xYYtdClAolY.mp4
inspiration, https://media.signbsl.com/videos/asl/aslsignbank/mp4/INSPIRE-1732.mp4
inspire, https://media.signbsl.com/videos/asl/signlanguagestudent/mp4/inspire.mp4
inspired, https://player.vimeo.com/external/392684846.sd.mp4?s=5c79f4d3f9c7878b74341de86237c852df03fa1f&profile_id=164
Inspire Inspiration, https://media.signbsl.com/videos/asl/ids/mp4/2013-11-2410-inspire-inspiration-1500k-ase.mp4
inspirit, https://player.vimeo.com/external/392260448.sd.mp4?s=c4dd70d36fb9d847d09844eb06fa0e9d9915b2e9&profile_id=164
instabilities, https://media.signbsl.com/videos/asl/youtube/mp4/1H2neziThec.mp4
instability, https://media.signbsl.com/videos/asl/youtube/mp4/1H2neziThec.mp4
in stages, https://media.signbsl.com/videos/asl/youtube/mp4/A0OfB7Mqkkk.mp4
instagram, https://media.signbsl.com/videos/asl/aslsignbank/mp4/INSTAGRAM-1731.mp4
instal, https://media.signbsl.com/videos/asl/aslsignbank/mp4/MOVE-528.mp4
install, https://media.signbsl.com/videos/asl/aslsignbank/mp4/MOVE-528.mp4
installation, https://media.signbsl.com/videos/asl/youtube/mp4/f_mqRf9rvfY.mp4
installation art, https://player.vimeo.com/external/392260578.sd.mp4?s=84f497693d080f70565b6034e0fdadb721af853c&profile_id=164
installer, https://media.signbsl.com/videos/asl/youtube/mp4/msL9NpjxhtE.mp4
installing, https://player.vimeo.com/external/392260643.sd.mp4?s=3f6cb5f0b6d0591ec6c5aa37e7218d70bc02a7c0&profile_id=164
installment, https://player.vimeo.com/external/392260643.sd.mp4?s=3f6cb5f0b6d0591ec6c5aa37e7218d70bc02a7c0&profile_id=164
instalment, https://player.vimeo.com/external/392260643.sd.mp4?s=3f6cb5f0b6d0591ec6c5aa37e7218d70bc02a7c0&profile_id=164
instance, https://media.signbsl.com/videos/asl/aslsignbank/mp4/EXAMPLE-2305.mp4
instant, https://media.signbsl.com/videos/asl/aslsignbank/mp4/MINUTE-1606.mp4
instantaneous, https://media.signbsl.com/videos/asl/youtube/mp4/TdfFUfFisnM.mp4
instantly, https://media.signbsl.com/videos/asl/signlanguagestudent/mp4/immediately%20(alternate%202).mp4
instant pot, https://media.signbsl.com/videos/asl/thefamilyvocab/mp4/Instant-Pot.mp4
instead, https://media.signbsl.com/videos/asl/aslsearch/mp4/instead.mp4
instigant, https://media.signbsl.com/videos/asl/youtube/mp4/T8b4yXr3-SE.mp4
instigate, https://media.signbsl.com/videos/asl/youtube/mp4/rqMlNIkaqmA.mp4
instigator, https://media.signbsl.com/videos/asl/youtube/mp4/0OYNwwmZ5J8.mp4
instil, https://media.signbsl.com/videos/asl/youtube/mp4/ufei4w5H1_c.mp4
instill, https://media.signbsl.com/videos/asl/youtube/mp4/rwwen4xXjH0.mp4
instilled, https://player.vimeo.com/external/392261226.sd.mp4?s=24016d743c157f069cd329b0ad779bd51862d4d4&profile_id=164
instinct, https://media.signbsl.com/videos/asl/youtube/mp4/zzxIZcMTEHA.mp4
instinctive reflex, https://media.signbsl.com/videos/asl/youtube/mp4/EF9nRi7vJMY.mp4
institute, https://media.signbsl.com/videos/asl/aslsearch/mp4/institute.mp4
Institute of Religion, https://media.signbsl.com/videos/asl/ids/mp4/2013-11-2420-insitute-of-religion-1500k-ase.mp4
institution, https://media.signbsl.com/videos/asl/aslsearch/mp4/asylum.mp4
institutionalise, https://media.signbsl.com/videos/asl/youtube/mp4/z9k5n2JiTzU.mp4
institutionalize, https://media.signbsl.com/videos/asl/youtube/mp4/z9k5n2JiTzU.mp4
institution school, https://media.signbsl.com/videos/asl/elementalaslconcepts/mp4/institution_-_school.mp4
in straitened circumstances, https://media.signbsl.com/videos/asl/youtube/mp4/QZkMOLt6bEU.mp4
instruct, https://media.signbsl.com/videos/asl/signlanguagestudent/mp4/instruct.mp4
instruction, https://media.signbsl.com/videos/asl/aslsignbank/mp4/STUDY-1139.mp4
instruction manual, https://media.signbsl.com/videos/asl/youtube/mp4/9JIX-Ee1Grw.mp4
instructions, https://media.signbsl.com/videos/asl/youtube/mp4/9JIX-Ee1Grw.mp4
instructor, https://media.signbsl.com/videos/asl/startasl/mp4/teacher.mp4
instrument, https://media.signbsl.com/videos/asl/aslsignbank/mp4/VIOLIN-1396.mp4
instrumental, https://media.signbsl.com/videos/asl/youtube/mp4/njjOpvvchp0.mp4
instrumentalist, https://player.vimeo.com/external/392378500.sd.mp4?s=56bba9c702a015ff3cf7d00494018445ba615b33&profile_id=164
instrumentality, https://media.signbsl.com/videos/asl/youtube/mp4/SZK5nx3aOUw.mp4
instrumental value, https://media.signbsl.com/videos/asl/philosophy/mp4/Instrumental%20Value-HD.mp4
instrumentation, https://media.signbsl.com/videos/asl/youtube/mp4/SZK5nx3aOUw.mp4
instrument panel, https://media.signbsl.com/videos/asl/AustinCommunityCollege/mp4/elec_panel_.mp4
insubordinate, https://media.signbsl.com/videos/asl/youtube/mp4/QLsYcs-sTto.mp4
insubstantial, https://media.signbsl.com/videos/asl/youtube/mp4/TkK2IQn-0PQ.mp4
insufferable, https://media.signbsl.com/videos/asl/youtube/mp4/3h-bgQA8Ips.mp4
insufficiency, https://media.signbsl.com/videos/asl/youtube/mp4/6pVpXn7G7rA.mp4
insular, https://media.signbsl.com/videos/asl/youtube/mp4/CV2tL7vJ2zU.mp4
insularism, https://media.signbsl.com/videos/asl/youtube/mp4/qkA99OGjcfg.mp4
insularity, https://media.signbsl.com/videos/asl/youtube/mp4/qkA99OGjcfg.mp4
insulate, https://media.signbsl.com/videos/asl/aslsearch/mp4/isolate.mp4
insulation, https://media.signbsl.com/videos/asl/youtube/mp4/qkA99OGjcfg.mp4
insulator, https://media.signbsl.com/videos/asl/AustinCommunityCollege/mp4/elec_insulator_.mp4
insulin, https://player.vimeo.com/external/392865854.sd.mp4?s=0d5c580eb4f67387c31b9d70f752c511245d3393&profile_id=164
insult, https://media.signbsl.com/videos/asl/aslsignbank/mp4/INSULT-2970.mp4
insulted, https://media.signbsl.com/videos/asl/youtube/mp4/YQfKm92IvPk.mp4
insulting, https://media.signbsl.com/videos/asl/youtube/mp4/fWOLGeOfeys.mp4
insuperable, https://media.signbsl.com/videos/asl/youtube/mp4/7VF2vJV4CHU.mp4
insupportable, https://media.signbsl.com/videos/asl/youtube/mp4/m1G9FcOcjMY.mp4
insurable, https://media.signbsl.com/videos/asl/youtube/mp4/v-sp5DmTdH4.mp4
insurance, https://media.signbsl.com/videos/asl/aslsearch/mp4/insurance.mp4
insurance company, https://media.signbsl.com/videos/asl/youtube/mp4/xgnhjuEFKMY.mp4
insurance firm, https://media.signbsl.com/videos/asl/youtube/mp4/xgnhjuEFKMY.mp4
insurance premium, https://media.signbsl.com/videos/asl/youtube/mp4/Pas4BJi6HkA.mp4
insurance underwriter, https://media.signbsl.com/videos/asl/youtube/mp4/xgnhjuEFKMY.mp4
insure, https://media.signbsl.com/videos/asl/aslsearch/mp4/guarantee.mp4
insurer, https://media.signbsl.com/videos/asl/youtube/mp4/xgnhjuEFKMY.mp4
insurgence, https://media.signbsl.com/videos/asl/youtube/mp4/X_n2Qae9iPA.mp4
insurgency, https://media.signbsl.com/videos/asl/youtube/mp4/X_n2Qae9iPA.mp4
insurgent, https://media.signbsl.com/videos/asl/youtube/mp4/UuIh1Je5hGg.mp4
insurmountable, https://media.signbsl.com/videos/asl/youtube/mp4/9ACZl5zUpBs.mp4
insusceptible, https://media.signbsl.com/videos/asl/youtube/mp4/glZhBsMJ1Rc.mp4
in suspense, https://media.signbsl.com/videos/asl/youtube/mp4/tAz2v9Oqpg4.mp4
intact, https://media.signbsl.com/videos/asl/youtube/mp4/juYjTsxzJMM.mp4
intake, https://media.signbsl.com/videos/asl/youtube/mp4/YPNt8gTJREo.mp4
intangibility, https://media.signbsl.com/videos/asl/youtube/mp4/XdOZtNMU_V4.mp4
intangible, https://media.signbsl.com/videos/asl/youtube/mp4/OvgxnK_2WSI.mp4
intangibleness, https://media.signbsl.com/videos/asl/youtube/mp4/XdOZtNMU_V4.mp4
integer, https://media.signbsl.com/videos/asl/tsdvideo/mp4/544.mp4
integral, https://media.signbsl.com/videos/asl/elementalaslconcepts/mp4/constitutional.mp4
integrate, https://media.signbsl.com/videos/asl/aslsearch/mp4/integrate.mp4
integrated circuit, https://media.signbsl.com/videos/asl/youtube/mp4/WF7wwvpuVDM.mp4
integrationist, https://media.signbsl.com/videos/asl/youtube/mp4/tFsZDqqv68c.mp4
integrity, https://media.signbsl.com/videos/asl/deaftec/mp4/996.mp4
intellect, https://media.signbsl.com/videos/asl/aslsearch/mp4/intellect.mp4
intellection, https://media.signbsl.com/videos/asl/signlanguagestudent/mp4/thinking.mp4
intellectual, https://media.signbsl.com/videos/asl/youtube/mp4/F8ZLokBLKeo.mp4
intellectual disablity, https://player.vimeo.com/external/392684889.sd.mp4?s=b5cff0dfc082d94466c443cb5455f4b57944a0d7&profile_id=164
intellectualise, https://media.signbsl.com/videos/asl/youtube/mp4/HknK2Q9frPY.mp4
intelligence, https://media.signbsl.com/videos/asl/youtube/mp4/6oJPiLU3KLE.mp4
intelligent, https://media.signbsl.com/videos/asl/ids/mp4/2013-11-2440-intelligent-1500k-ase.mp4
intelligentsia, https://media.signbsl.com/videos/asl/youtube/mp4/cYo13CN_a2s.mp4
intelligible, https://player.vimeo.com/external/392547403.sd.mp4?s=bc5739dacea4ba04f1bd3cf79ff7d11cf11e1745&profile_id=164
intemperance, https://media.signbsl.com/videos/asl/youtube/mp4/kJKM-_TJq1k.mp4
intemperateness, https://media.signbsl.com/videos/asl/youtube/mp4/kJKM-_TJq1k.mp4
intend, https://media.signbsl.com/videos/asl/startasl/mp4/mean.mp4
intense, https://player.vimeo.com/external/392865879.sd.mp4?s=6493031828b3a4149455fd8962926e489a3bd2a5&profile_id=164
intensely, https://media.signbsl.com/videos/asl/aslsignbank/mp4/OOH-204.mp4
intense practice, https://media.signbsl.com/videos/asl/youtube/mp4/EzmxpCg4I9E.mp4
intensification, https://media.signbsl.com/videos/asl/youtube/mp4/SVenmHNA_7c.mp4
intensifier, https://media.signbsl.com/videos/asl/aslsignbank/mp4/VERY-1390.mp4
intensify, https://media.signbsl.com/videos/asl/aslsearch/mp4/escalate.mp4
intension, https://media.signbsl.com/videos/asl/youtube/mp4/VStPytylFRA.mp4
intensity, https://media.signbsl.com/videos/asl/AustinCommunityCollege/mp4/elec_intensity_.mp4
intensity level, https://media.signbsl.com/videos/asl/AustinCommunityCollege/mp4/elec_intensity_.mp4
intensive, https://media.signbsl.com/videos/asl/aslsignbank/mp4/VERY-1390.mp4
intent, https://media.signbsl.com/videos/asl/aslsignbank/mp4/GOAL-854.mp4
intention, https://media.signbsl.com/videos/asl/aslsignbank/mp4/GOAL-854.mp4
intentional, https://media.signbsl.com/videos/asl/youtube/mp4/jpTeh4c4lsU.mp4
inter, https://media.signbsl.com/videos/asl/aslsearch/mp4/bury.mp4
interact, https://media.signbsl.com/videos/asl/aslsearch/mp4/interact.mp4
interactive multimedia, https://media.signbsl.com/videos/asl/youtube/mp4/KXLKmP_mwOc.mp4
interactive multimedia system, https://media.signbsl.com/videos/asl/youtube/mp4/KXLKmP_mwOc.mp4
interagency, https://media.signbsl.com/videos/asl/youtube/mp4/kUwBNu9Ge-Y.mp4
interbred, https://media.signbsl.com/videos/asl/youtube/mp4/z7jTYI7vZhE.mp4
interbreeding, https://media.signbsl.com/videos/asl/youtube/mp4/bIKSAd0iqkc.mp4
intercede, https://media.signbsl.com/videos/asl/youtube/mp4/9EcCRy9PJYk.mp4
intercept, https://media.signbsl.com/videos/asl/deaftec-math/mp4/37D-1.mp4
intercession, https://media.signbsl.com/videos/asl/youtube/mp4/Uqny9z00f3s.mp4
intercessor, https://media.signbsl.com/videos/asl/youtube/mp4/IuAb5-SPc3g.mp4
interchange, https://media.signbsl.com/videos/asl/youtube/mp4/ihaIMk2gbYA.mp4
interchangeable, https://media.signbsl.com/videos/asl/tsdvideo/mp4/566.mp4
interchurch, https://media.signbsl.com/videos/asl/youtube/mp4/ogHm15iXdYs.mp4
intercity, https://media.signbsl.com/videos/asl/youtube/mp4/B4cO4PQ8x7E.mp4
intercoastal, https://media.signbsl.com/videos/asl/youtube/mp4/TBkO8_VZtI0.mp4
intercollegiate, https://media.signbsl.com/videos/asl/youtube/mp4/D8jR-ZgS8qw.mp4
intercom, https://media.signbsl.com/videos/asl/aslsearch/mp4/intercom.mp4
intercommunicate, https://media.signbsl.com/videos/asl/youtube/mp4/sJk02Gs1Trc.mp4
intercommunication system, https://media.signbsl.com/videos/asl/aslsearch/mp4/intercom.mp4
interconnect, https://media.signbsl.com/videos/asl/youtube/mp4/LcNeHJm9tCs.mp4
interconnected, https://media.signbsl.com/videos/asl/youtube/mp4/FqVQYwSE59M.mp4
intercontinental, https://media.signbsl.com/videos/asl/youtube/mp4/L8DdeMXvJk0.mp4
intercostal, https://media.signbsl.com/videos/asl/youtube/mp4/hmUWMH2Q8oM.mp4
intercostal muscle, https://media.signbsl.com/videos/asl/youtube/mp4/hmUWMH2Q8oM.mp4
intercrossed, https://media.signbsl.com/videos/asl/youtube/mp4/z7jTYI7vZhE.mp4
intercultural, https://media.signbsl.com/videos/asl/youtube/mp4/iMaB78d3eKw.mp4
interdenominational, https://media.signbsl.com/videos/asl/youtube/mp4/ogHm15iXdYs.mp4
interdepartmental, https://media.signbsl.com/videos/asl/youtube/mp4/M1I3YV8_clQ.mp4
interdict, https://media.signbsl.com/videos/asl/aslsearch/mp4/prohibit.mp4
interdisciplinary, https://media.signbsl.com/videos/asl/youtube/mp4/HF0fmgFEqkI.mp4
interest, https://media.signbsl.com/videos/asl/startasl/mp4/interest.mp4
interest finance, https://media.signbsl.com/videos/asl/aslsignbank/mp4/ISLAND-607.mp4
interesting, https://media.signbsl.com/videos/asl/startasl/mp4/interesting.mp4
interface, https://media.signbsl.com/videos/asl/youtube/mp4/h98epcP2TSU.mp4
interfaith, https://media.signbsl.com/videos/asl/youtube/mp4/Eve1fcCATJ4.mp4
interfere, https://media.signbsl.com/videos/asl/aslsearch/mp4/interfere.mp4
interference, https://media.signbsl.com/videos/asl/youtube/mp4/Y3uT-Qc4lcw.mp4
interfering, https://media.signbsl.com/videos/asl/youtube/mp4/0TM8NO9x4hY.mp4
intergalctic, https://media.signbsl.com/videos/asl/youtube/mp4/VJXQavsVtsU.mp4
intergovernmental, https://media.signbsl.com/videos/asl/youtube/mp4/s5tgC5G6v64.mp4
interim, https://media.signbsl.com/videos/asl/aslsearch/mp4/interim.mp4
interior, https://media.signbsl.com/videos/asl/aslsearch/mp4/internal.mp4
interior decoration, https://media.signbsl.com/videos/asl/youtube/mp4/n_CKf4zChPU.mp4
interior decorator, https://player.vimeo.com/external/391933606.sd.mp4?s=f0061e9aba1cb2af8aff79035435bdc0694f826f&profile_id=164
interior designer, https://player.vimeo.com/external/391933606.sd.mp4?s=f0061e9aba1cb2af8aff79035435bdc0694f826f&profile_id=164
interior gateway routing protocol igrp, https://media.signbsl.com/videos/asl/deaftec/mp4/997.mp4
interiorise, https://media.signbsl.com/videos/asl/aslsignbank/mp4/INTERNALIZE-2293.mp4
interiorize, https://media.signbsl.com/videos/asl/aslsignbank/mp4/INTERNALIZE-2293.mp4
interior lights, https://media.signbsl.com/videos/asl/AustinCommunityCollege/mp4/auto_interior_lights_.mp4
interject, https://media.signbsl.com/videos/asl/aslsearch/mp4/inject3.mp4
interlace, https://media.signbsl.com/videos/asl/youtube/mp4/VtbniczJW80.mp4
interlard, https://media.signbsl.com/videos/asl/youtube/mp4/iK5D3LqQbGw.mp4
interleaf, https://media.signbsl.com/videos/asl/youtube/mp4/FnkWzcWIqqk.mp4
interlingual rendition, https://media.signbsl.com/videos/asl/tsdvideo/mp4/512.mp4
interlink, https://media.signbsl.com/videos/asl/youtube/mp4/LcNeHJm9tCs.mp4
interlocutor, https://media.signbsl.com/videos/asl/youtube/mp4/gQtSDmr3sTw.mp4
interlope, https://media.signbsl.com/videos/asl/youtube/mp4/CvmQ6MSCFGY.mp4
interloper, https://media.signbsl.com/videos/asl/youtube/mp4/cpbgMtZ1zLQ.mp4
interlude, https://media.signbsl.com/videos/asl/youtube/mp4/kfJz40L692A.mp4
intermarriage, https://media.signbsl.com/videos/asl/youtube/mp4/BEsHRY7ZlVA.mp4
intermediaries, https://media.signbsl.com/videos/asl/youtube/mp4/IuAb5-SPc3g.mp4
intermediary, https://media.signbsl.com/videos/asl/youtube/mp4/IuAb5-SPc3g.mp4
intermediate, https://media.signbsl.com/videos/asl/startasl/mp4/medium.mp4
intermediate directions, https://media.signbsl.com/videos/asl/elementalaslconcepts/mp4/intermediate_directions.mp4
intermediator, https://media.signbsl.com/videos/asl/youtube/mp4/IuAb5-SPc3g.mp4
interment, https://media.signbsl.com/videos/asl/aslsignbank/mp4/FUNERAL-3358.mp4
interminable, https://media.signbsl.com/videos/asl/youtube/mp4/fta1WZ-Tbqo.mp4
intermission, https://media.signbsl.com/videos/asl/aslsearch/mp4/intermission.mp4
intermit, https://player.vimeo.com/external/392401772.sd.mp4?s=c31373a71745f97aeea52d981b9225ea1cb6600a&profile_id=164
intermittent, https://media.signbsl.com/videos/asl/youtube/mp4/BnCimh_2SOo.mp4
intermural, https://media.signbsl.com/videos/asl/youtube/mp4/ayetiZ36JHs.mp4
intern, https://media.signbsl.com/videos/asl/youtube/mp4/meXjKSpIl_o.mp4
internal, https://media.signbsl.com/videos/asl/aslsearch/mp4/internal.mp4
internal cues, https://media.signbsl.com/videos/asl/elementalaslconcepts/mp4/internal_cue.mp4
internalise, https://media.signbsl.com/videos/asl/aslsignbank/mp4/INTERNALIZE-2293.mp4
internalize, https://media.signbsl.com/videos/asl/aslsignbank/mp4/INTERNALIZE-2293.mp4
internal secretion, https://media.signbsl.com/videos/asl/youtube/mp4/m3gITuUK4i4.mp4
international, https://media.signbsl.com/videos/asl/aslsignbank/mp4/YEAR-1469.mp4
internationalise, https://media.signbsl.com/videos/asl/youtube/mp4/EPNn9yXeREI.mp4
internationalism, https://media.signbsl.com/videos/asl/youtube/mp4/LuEFR4OzaMU.mp4
internationalist, https://media.signbsl.com/videos/asl/youtube/mp4/vFa7R-bJ2po.mp4
internationalistic, https://media.signbsl.com/videos/asl/youtube/mp4/vFa7R-bJ2po.mp4
internationality, https://media.signbsl.com/videos/asl/youtube/mp4/LuEFR4OzaMU.mp4
internationalize, https://media.signbsl.com/videos/asl/youtube/mp4/EPNn9yXeREI.mp4
international sign, https://media.signbsl.com/videos/asl/youtube/mp4/UxCtAgdCeiA.mp4
interne, https://media.signbsl.com/videos/asl/youtube/mp4/meXjKSpIl_o.mp4
internecine, https://media.signbsl.com/videos/asl/youtube/mp4/7bEdPj53Qss.mp4
internee, https://media.signbsl.com/videos/asl/youtube/mp4/A0Vvgv6TaSY.mp4
Internet, https://media.signbsl.com/videos/asl/startasl/mp4/internet.mp4
internet crawler, https://media.signbsl.com/videos/asl/youtube/mp4/OxaMCrsKDjk.mp4
internet disconnect, https://media.signbsl.com/videos/asl/youtube/mp4/whK1JgbrA98.mp4
internet message access protocol imap, https://media.signbsl.com/videos/asl/deaftec/mp4/999.mp4
internet site, https://media.signbsl.com/videos/asl/aslsearch/mp4/www.mp4
internist, https://media.signbsl.com/videos/asl/youtube/mp4/L-Y4tAbJJ_4.mp4
internship, https://media.signbsl.com/videos/asl/aslsearch/mp4/internship.mp4
interoffice, https://media.signbsl.com/videos/asl/youtube/mp4/KaVmaYsnVeQ.mp4
interoperable, https://media.signbsl.com/videos/asl/youtube/mp4/0Gjq3L_-Vtk.mp4
interpenetrate, https://media.signbsl.com/videos/asl/youtube/mp4/5XHzLSZ_06M.mp4
interpenetration, https://media.signbsl.com/videos/asl/youtube/mp4/qNAl_Hi3Co4.mp4
interpersonal, https://media.signbsl.com/videos/asl/youtube/mp4/fuy3NnfeJhA.mp4
interphase, https://media.signbsl.com/videos/asl/youtube/mp4/5JXmVwqYcko.mp4
interplanetary, https://media.signbsl.com/videos/asl/youtube/mp4/oOiV6iHF5oI.mp4
interplay, https://media.signbsl.com/videos/asl/youtube/mp4/XAFBrwpeuZM.mp4
interpolate, https://media.signbsl.com/videos/asl/youtube/mp4/jOh-5MT38bg.mp4
interpose, https://media.signbsl.com/videos/asl/aslsearch/mp4/interfere.mp4
interpret, https://media.signbsl.com/videos/asl/ids/mp4/2013-11-5000-translate-1500k-ase.mp4
interpretable, https://media.signbsl.com/videos/asl/youtube/mp4/I-y8ahQPSGQ.mp4
interpretation, https://media.signbsl.com/videos/asl/valleybible/mp4/interpretation.mp4
interpretative, https://media.signbsl.com/videos/asl/youtube/mp4/AESwvlNDvM0.mp4
interpreter, https://media.signbsl.com/videos/asl/aslsignbank/mp4/INTERPRETER-1722.mp4
interpreting, https://media.signbsl.com/videos/asl/valleybible/mp4/interpretation.mp4
Interpret Interpretation, https://media.signbsl.com/videos/asl/ids/mp4/2013-11-2450-interpret-interpretation-1500k-ase.mp4
interpretive, https://media.signbsl.com/videos/asl/youtube/mp4/AESwvlNDvM0.mp4
interquartile, https://media.signbsl.com/videos/asl/youtube/mp4/pwGI9e9Jd7w.mp4
interracial, https://media.signbsl.com/videos/asl/youtube/mp4/gqRSB7a5QNc.mp4
interregnum, https://media.signbsl.com/videos/asl/youtube/mp4/TuQ2WuY1wsQ.mp4
interrogate, https://media.signbsl.com/videos/asl/youtube/mp4/Xp1mgIBv2F0.mp4
interrogation, https://media.signbsl.com/videos/asl/aslsignbank/mp4/WHICH-1428.mp4
interrogative, https://media.signbsl.com/videos/asl/aslsignbank/mp4/WHICH-1428.mp4
interrogative sentence, https://media.signbsl.com/videos/asl/aslsignbank/mp4/WHICH-1428.mp4
interrogator, https://media.signbsl.com/videos/asl/youtube/mp4/bKNbLY1wQcY.mp4
interrupt, https://media.signbsl.com/videos/asl/aslsearch/mp4/interrupt.mp4
interrupted, https://media.signbsl.com/videos/asl/youtube/mp4/rEPZzJl7_A4.mp4
intersect, https://media.signbsl.com/videos/asl/aslsearch/mp4/intercept.mp4
intersecting lines, https://media.signbsl.com/videos/asl/tsdvideo/mp4/469.mp4
intersection, https://media.signbsl.com/videos/asl/startasl/mp4/intersection.mp4
intersectionality, https://media.signbsl.com/videos/asl/youtube/mp4/S7i5OkV2PBo.mp4
intersection point, https://media.signbsl.com/videos/asl/startasl/mp4/intersection.mp4
intersession, https://media.signbsl.com/videos/asl/youtube/mp4/L_oPXsa67Q4.mp4
intersex, https://media.signbsl.com/videos/asl/youtube/mp4/2aUBkugYsUw.mp4
interspecies, https://media.signbsl.com/videos/asl/youtube/mp4/HZlgU8K90Ww.mp4
interspecific, https://media.signbsl.com/videos/asl/youtube/mp4/HZlgU8K90Ww.mp4
intersperse, https://media.signbsl.com/videos/asl/youtube/mp4/iK5D3LqQbGw.mp4
interstate, https://media.signbsl.com/videos/asl/youtube/mp4/1vDbMyA9NfM.mp4
interstellar, https://media.signbsl.com/videos/asl/youtube/mp4/83A9nGAbbkI.mp4
interstice, https://media.signbsl.com/videos/asl/youtube/mp4/k4r14KJ_s8k.mp4
intertwine, https://media.signbsl.com/videos/asl/youtube/mp4/VtbniczJW80.mp4
interval, https://media.signbsl.com/videos/asl/tsdvideo/mp4/230.mp4
intervene, https://media.signbsl.com/videos/asl/aslsearch/mp4/interfere.mp4
intervention, https://media.signbsl.com/videos/asl/youtube/mp4/Uqny9z00f3s.mp4
interventionism, https://media.signbsl.com/videos/asl/youtube/mp4/Q6nYEe28lqk.mp4
interventionist, https://media.signbsl.com/videos/asl/youtube/mp4/7nUF4Q83KnI.mp4
interview, https://media.signbsl.com/videos/asl/aslsignbank/mp4/INTERVIEW-1720.mp4
interviewee, https://media.signbsl.com/videos/asl/youtube/mp4/e5YbgQlAXVA.mp4
interviewer, https://media.signbsl.com/videos/asl/aslsearch/mp4/interviewer.mp4
interweave, https://media.signbsl.com/videos/asl/youtube/mp4/4BZXRFth__I.mp4
intestate, https://media.signbsl.com/videos/asl/youtube/mp4/W81BpMioWQM.mp4
intestinal colic, https://media.signbsl.com/videos/asl/youtube/mp4/36Thp1sRZqM.mp4
intestine, https://media.signbsl.com/videos/asl/youtube/mp4/vJG_0sK_EXI.mp4
in that, https://media.signbsl.com/videos/asl/youtube/mp4/0M_fAGF8moU.mp4
in that location, https://media.signbsl.com/videos/asl/signlanguagestudent/mp4/there.mp4
in the adjacent apartment, https://player.vimeo.com/external/392382096.sd.mp4?s=81f24fdae79d420d83bb867bb6b2fa4e8676ba7a&profile_id=164
in the adjacent house, https://player.vimeo.com/external/392382096.sd.mp4?s=81f24fdae79d420d83bb867bb6b2fa4e8676ba7a&profile_id=164
in the back of my mind, https://media.signbsl.com/videos/asl/youtube/mp4/21ezLTyc7cM.mp4
in the beginning, https://media.signbsl.com/videos/asl/youtube/mp4/BFQDpQbrIfA.mp4
in the dog house, https://media.signbsl.com/videos/asl/youtube/mp4/tzHxrzMmdmM.mp4
in the end, https://media.signbsl.com/videos/asl/startasl/mp4/finally.mp4
in the habit, https://media.signbsl.com/videos/asl/youtube/mp4/LQDfix8cOVk.mp4
in the least, https://media.signbsl.com/videos/asl/youtube/mp4/6Ele9I0x83Y.mp4
in the light of the moon, https://media.signbsl.com/videos/asl/youtube/mp4/6KEuD3l-210.mp4
in the main, https://media.signbsl.com/videos/asl/youtube/mp4/3vzDn9ZMq1U.mp4
in this, https://media.signbsl.com/videos/asl/youtube/mp4/0M_fAGF8moU.mp4
intimacies, https://media.signbsl.com/videos/asl/youtube/mp4/q3DlIr-OrPQ.mp4
intimacy, https://media.signbsl.com/videos/asl/youtube/mp4/q3DlIr-OrPQ.mp4
intimate, https://media.signbsl.com/videos/asl/youtube/mp4/veGiXhawA0E.mp4
intimate apparel, https://media.signbsl.com/videos/asl/youtube/mp4/uZ629q2RzuM.mp4
intimation, https://media.signbsl.com/videos/asl/youtube/mp4/Bs2oQpm2I9E.mp4
intimidate, https://media.signbsl.com/videos/asl/aslsearch/mp4/intimidate.mp4
intimidated, https://player.vimeo.com/external/392684936.sd.mp4?s=c5d276d5f1e902c18c8f26bf7eca95f69207f564&profile_id=164
intimidating, https://media.signbsl.com/videos/asl/youtube/mp4/ZU7_q9op7BQ.mp4
into, https://media.signbsl.com/videos/asl/aslsearch/mp4/into.mp4
intolerable, https://media.signbsl.com/videos/asl/youtube/mp4/Pbw76D2K2NU.mp4
intonate, https://player.vimeo.com/external/395737253.sd.mp4?s=38aff9c8c3f7f2a661dadfd50d98d275b787e18b&profile_id=164
intonation, https://media.signbsl.com/videos/asl/youtube/mp4/t48IEqCgolo.mp4
intone, https://player.vimeo.com/external/395737253.sd.mp4?s=38aff9c8c3f7f2a661dadfd50d98d275b787e18b&profile_id=164
intoxicant, https://media.signbsl.com/videos/asl/aslsignbank/mp4/ALCOHOL-3186.mp4
intoxicate, https://media.signbsl.com/videos/asl/youtube/mp4/8veYyus_t94.mp4
intractability, https://media.signbsl.com/videos/asl/youtube/mp4/-tTanMiskIg.mp4
intractableness, https://media.signbsl.com/videos/asl/youtube/mp4/-tTanMiskIg.mp4
intramolecular, https://media.signbsl.com/videos/asl/youtube/mp4/OMNMBBToQN0.mp4
intramural, https://media.signbsl.com/videos/asl/youtube/mp4/n7mjKyUL6cs.mp4
intramuscular, https://media.signbsl.com/videos/asl/youtube/mp4/rM9XPtbYSW4.mp4
intranet, https://media.signbsl.com/videos/asl/deaftec/mp4/1000.mp4
intransigent, https://player.vimeo.com/external/391146368.sd.mp4?s=8c2382f56525115b9314b32b5f4352049003a36d&profile_id=164
intransitive, https://media.signbsl.com/videos/asl/youtube/mp4/LZukSgIiEhA.mp4
intrastate, https://media.signbsl.com/videos/asl/youtube/mp4/NT1Xhm5fgqs.mp4
intrauterine, https://media.signbsl.com/videos/asl/youtube/mp4/GhOE6L1YWOk.mp4
intravenous, https://media.signbsl.com/videos/asl/youtube/mp4/nx_KdfRvZhI.mp4
intrepid, https://player.vimeo.com/external/391173383.sd.mp4?s=00d3659bd86759911fa99c13b627d028b80ac251&profile_id=164
intricacies, https://media.signbsl.com/videos/asl/youtube/mp4/kW4xukBXi5A.mp4
intricacy, https://media.signbsl.com/videos/asl/youtube/mp4/kW4xukBXi5A.mp4
intricate, https://media.signbsl.com/videos/asl/youtube/mp4/xmFDbX9J6O4.mp4
intrigue, https://media.signbsl.com/videos/asl/youtube/mp4/6L6ppynAOZA.mp4
intrinsically, https://player.vimeo.com/external/392403623.sd.mp4?s=8c1e54d0604f9ad6ada45eec91060dd2dd6da698&profile_id=164
intrinsic value, https://media.signbsl.com/videos/asl/philosophy/mp4/Intrinsic%20Value-HD.mp4
introduce, https://media.signbsl.com/videos/asl/aslsignbank/mp4/INTRODUCE-158.mp4
introduction, https://media.signbsl.com/videos/asl/elementalaslconcepts/mp4/introduction.mp4
introspect, https://media.signbsl.com/videos/asl/youtube/mp4/0RGzrRt_CMU.mp4
in trouble, https://player.vimeo.com/external/392166037.sd.mp4?s=d46648e8cd2d5dbf3910264c4c489f02388f0a8f&profile_id=164
introversion, https://media.signbsl.com/videos/asl/youtube/mp4/IVPE2cRqhTI.mp4
intrude, https://media.signbsl.com/videos/asl/aslsearch/mp4/intrude.mp4
intrude on, https://media.signbsl.com/videos/asl/aslsearch/mp4/invade.mp4
intruder, https://media.signbsl.com/videos/asl/youtube/mp4/cpbgMtZ1zLQ.mp4
intrusive, https://media.signbsl.com/videos/asl/youtube/mp4/4VYyEDc5FdI.mp4
intrust, https://player.vimeo.com/external/392012460.sd.mp4?s=c9c688f759c0932057515aa22d4f7da828c4bda6&profile_id=164
intuit, https://media.signbsl.com/videos/asl/youtube/mp4/AIXon-Ilqfg.mp4
intuition, https://media.signbsl.com/videos/asl/youtube/mp4/BsWCR9-J5Ys.mp4
in turn, https://media.signbsl.com/videos/asl/youtube/mp4/sXARXbXExtg.mp4
in two weeks, https://media.signbsl.com/videos/asl/mariekatzenbachschool/mp4/in%20two%20weeks.mp4
Inuit, https://media.signbsl.com/videos/asl/uploads/mp4/user_upload60172fca0147c5.39562615.mp4
inunct, https://media.signbsl.com/videos/asl/ids/mp4/2013-11-330-anoint-1500k-ase.mp4
inundate, https://media.signbsl.com/videos/asl/startasl/mp4/swamp.mp4
inundated, https://media.signbsl.com/videos/asl/youtube/mp4/3kpZOGWcI_s.mp4
inundation, https://media.signbsl.com/videos/asl/startasl/mp4/flood.mp4
invade, https://media.signbsl.com/videos/asl/aslsearch/mp4/invade.mp4
invalid, https://media.signbsl.com/videos/asl/youtube/mp4/hFve4TLZ9rQ.mp4
invalidate, https://media.signbsl.com/videos/asl/youtube/mp4/X0Sr-Q14MDg.mp4
invaluable, https://media.signbsl.com/videos/asl/youtube/mp4/VYr_WWtVO64.mp4
invariability, https://media.signbsl.com/videos/asl/youtube/mp4/aSgzEBi5_tI.mp4
invariable, https://media.signbsl.com/videos/asl/youtube/mp4/_JOBqR07EeI.mp4
invariableness, https://media.signbsl.com/videos/asl/youtube/mp4/aSgzEBi5_tI.mp4
invariance, https://media.signbsl.com/videos/asl/youtube/mp4/aSgzEBi5_tI.mp4
invariant, https://media.signbsl.com/videos/asl/tsdvideo/mp4/328.mp4
invasive, https://media.signbsl.com/videos/asl/youtube/mp4/Nk2_W-yRSaQ.mp4
inveigle, https://media.signbsl.com/videos/asl/youtube/mp4/YC9oDGG1rCs.mp4
invent, https://media.signbsl.com/videos/asl/aslsearch/mp4/invent.mp4
invent imagine, https://media.signbsl.com/videos/asl/startasl/mp4/invent-imagine.mp4
inventive, https://media.signbsl.com/videos/asl/youtube/mp4/EwT0RMRD2fc.mp4
inventor, https://media.signbsl.com/videos/asl/youtube/mp4/fuvCpmCRKlU.mp4
inventoried, https://media.signbsl.com/videos/asl/youtube/mp4/WR6_OjIBK0A.mp4
inventory, https://media.signbsl.com/videos/asl/youtube/mp4/r9zZfRypvCA.mp4
inventorying, https://media.signbsl.com/videos/asl/youtube/mp4/r9zZfRypvCA.mp4
inverse, https://media.signbsl.com/videos/asl/deaftec-math/mp4/39D-1.mp4
inverse function, https://media.signbsl.com/videos/asl/tsdvideo/mp4/1516.mp4
inversely proportional, https://media.signbsl.com/videos/asl/youtube/mp4/dDUTrg9veuI.mp4
inverse operation, https://media.signbsl.com/videos/asl/tsdvideo/mp4/285.mp4
inversion, https://media.signbsl.com/videos/asl/youtube/mp4/Je8yIA4uH9I.mp4
invert, https://media.signbsl.com/videos/asl/youtube/mp4/Fu9AWOHmkTY.mp4
invertebrate, https://media.signbsl.com/videos/asl/elementalaslconcepts/mp4/invertebrate2.mp4
inverter, https://media.signbsl.com/videos/asl/AustinCommunityCollege/mp4/weld_inverter_.mp4
invest, https://media.signbsl.com/videos/asl/startasl/mp4/invest.mp4
investigate, https://media.signbsl.com/videos/asl/ids/mp4/2013-11-2470-investigate-1500k-ase.mp4
investigation, https://media.signbsl.com/videos/asl/AustinCommunityCollege/mp4/elec_probe_.mp4
investigator, https://media.signbsl.com/videos/asl/ids/mp4/2013-11-2480-investigator-1500k-ase.mp4
investing, https://media.signbsl.com/videos/asl/elementalaslconcepts/mp4/investment.mp4
investiture, https://media.signbsl.com/videos/asl/aslsearch/mp4/investments.mp4
investment, https://media.signbsl.com/videos/asl/elementalaslconcepts/mp4/investment.mp4
investments, https://media.signbsl.com/videos/asl/elementalaslconcepts/mp4/investment.mp4
investor, https://media.signbsl.com/videos/asl/youtube/mp4/9s-DYAZx_aQ.mp4
invidious, https://media.signbsl.com/videos/asl/youtube/mp4/V1sdYyjGNck.mp4
invigorate, https://media.signbsl.com/videos/asl/signlanguagestudent/mp4/inspire.mp4
invincible, https://player.vimeo.com/external/392544250.sd.mp4?s=cfcfe4042d9107c0decf4c45e79d37ea21a102a1&profile_id=164
inviolable, https://media.signbsl.com/videos/asl/youtube/mp4/g-ouFX9u24o.mp4
inviolate, https://media.signbsl.com/videos/asl/youtube/mp4/VEWUyQk4ptI.mp4
invisibility, https://media.signbsl.com/videos/asl/youtube/mp4/AvnGmptjXOc.mp4
invisible, https://media.signbsl.com/videos/asl/aslsearch/mp4/invisible2.mp4
invisibleness, https://media.signbsl.com/videos/asl/youtube/mp4/AvnGmptjXOc.mp4
invite, https://media.signbsl.com/videos/asl/aslsearch/mp4/invite.mp4
invitee, https://media.signbsl.com/videos/asl/aslsignbank/mp4/VISITOR-1398.mp4
invite out, https://player.vimeo.com/external/391170866.sd.mp4?s=b723ed949b1f395d29ef3e78fe13ea21e2b6b1cd&profile_id=164
invocation, https://media.signbsl.com/videos/asl/signlanguagestudent/mp4/invocation.mp4
Invocation opening prayer, https://media.signbsl.com/videos/asl/ids/mp4/2013-11-2490-invocation-opening-prayer-1500k-ase.mp4
invoice, https://media.signbsl.com/videos/asl/youtube/mp4/MWJPITHCq48.mp4
invoke, https://media.signbsl.com/videos/asl/youtube/mp4/d7yeNWDpuXU.mp4
involuntarily, https://media.signbsl.com/videos/asl/youtube/mp4/FRGEQ4C5Z_s.mp4
involuntary, https://media.signbsl.com/videos/asl/aslsearch/mp4/involuntary.mp4
involuntary manslaughter, https://media.signbsl.com/videos/asl/unoclimb/mp4/N8xbuC46-bk.mp4
involution, https://media.signbsl.com/videos/asl/youtube/mp4/kW4xukBXi5A.mp4
involve, https://media.signbsl.com/videos/asl/startasl/mp4/need.mp4
involved, https://media.signbsl.com/videos/asl/youtube/mp4/xmFDbX9J6O4.mp4
involvement, https://media.signbsl.com/videos/asl/aslsignbank/mp4/INTEREST-1725.mp4
invulnerability, https://media.signbsl.com/videos/asl/youtube/mp4/CpklK4ak_lA.mp4
inward, https://media.signbsl.com/videos/asl/youtube/mp4/iMj-KLCzXCs.mp4
inwardness, https://media.signbsl.com/videos/asl/philosophy/mp4/Essence-HD.mp4
in working order, https://media.signbsl.com/videos/asl/youtube/mp4/5kU0VHZQMnY.mp4
iodise, https://media.signbsl.com/videos/asl/youtube/mp4/TMPMF3u4F-A.mp4
iodize, https://media.signbsl.com/videos/asl/youtube/mp4/TMPMF3u4F-A.mp4
ion, https://media.signbsl.com/videos/asl/deaftec/mp4/1394.mp4
ionic bond, https://media.signbsl.com/videos/asl/deaftec/mp4/1395.mp4
ionisation, https://media.signbsl.com/videos/asl/youtube/mp4/OeOHPHurm2M.mp4
ionization, https://media.signbsl.com/videos/asl/youtube/mp4/OeOHPHurm2M.mp4
I or me, https://media.signbsl.com/videos/asl/youtube/mp4/YQ3GBmvzGRY.mp4
iota, https://media.signbsl.com/videos/asl/aslsearch/mp4/shred.mp4
Iowa, https://media.signbsl.com/videos/asl/youtube/mp4/Gxp00UHGGvg.mp4
Ioway, https://media.signbsl.com/videos/asl/youtube/mp4/Gxp00UHGGvg.mp4
IP, https://media.signbsl.com/videos/asl/deaftec/mp4/1001.mp4
ipad, https://player.vimeo.com/external/392866303.sd.mp4?s=a678a244e68153ab8a64b5e7670b2c3d24599706&profile_id=164
ip address, https://media.signbsl.com/videos/asl/deaftec/mp4/1002.mp4
ipecac, https://media.signbsl.com/videos/asl/youtube/mp4/ehBt6boTg00.mp4
iphone, https://media.signbsl.com/videos/asl/youtube/mp4/vdqeKWN39GE.mp4
ipsec internet protocol security, https://media.signbsl.com/videos/asl/deaftec/mp4/1003.mp4
ipv4 internet protocol version 4, https://media.signbsl.com/videos/asl/deaftec/mp4/1004.mp4
ipv6 internet protocol version 6, https://media.signbsl.com/videos/asl/deaftec/mp4/1005.mp4
ira, https://media.signbsl.com/videos/asl/valleybible/mp4/anger.mp4
Irak, https://media.signbsl.com/videos/asl/startasl/mp4/iraq.mp4
Iran, https://media.signbsl.com/videos/asl/startasl/mp4/iran.mp4
Iraq, https://media.signbsl.com/videos/asl/startasl/mp4/iraq.mp4
irascibility, https://media.signbsl.com/videos/asl/youtube/mp4/8D5P6EtLQG4.mp4
irate, https://media.signbsl.com/videos/asl/aslsearch/mp4/irate.mp4
ire, https://media.signbsl.com/videos/asl/aslsignbank/mp4/ANGRY-15.mp4
ireful, https://media.signbsl.com/videos/asl/aslsearch/mp4/irate.mp4
Ireland, https://media.signbsl.com/videos/asl/startasl/mp4/ireland.mp4
iridescence, https://media.signbsl.com/videos/asl/youtube/mp4/9z4HIQlWiKM.mp4
Irish bull, https://media.signbsl.com/videos/asl/aslsearch/mp4/crap.mp4
Irish Free State, https://media.signbsl.com/videos/asl/startasl/mp4/ireland.mp4
Irish potato, https://media.signbsl.com/videos/asl/startasl/mp4/potato.mp4
irksome, https://media.signbsl.com/videos/asl/aslsearch/mp4/dull.mp4
iron, https://media.signbsl.com/videos/asl/startasl/mp4/iron.mp4
ironclad, https://media.signbsl.com/videos/asl/youtube/mp4/FjBx83BhHME.mp4
ironic, https://media.signbsl.com/videos/asl/youtube/mp4/27lPmFJFQOY.mp4
ironical, https://media.signbsl.com/videos/asl/youtube/mp4/27lPmFJFQOY.mp4
ironing, https://media.signbsl.com/videos/asl/aslsearch/mp4/ironing.mp4
ironing board, https://media.signbsl.com/videos/asl/aslsearch/mp4/ironing-board.mp4
ironist, https://media.signbsl.com/videos/asl/youtube/mp4/sHDGAH5XfVc.mp4
ironing, https://media.signbsl.com/videos/asl/aslsearch/mp4/ironing.mp4
ironing board, https://media.signbsl.com/videos/asl/aslsearch/mp4/ironing-board.mp4
ironist, https://media.signbsl.com/videos/asl/youtube/mp4/sHDGAH5XfVc.mp4
iron man, https://media.signbsl.com/videos/asl/youtube/mp4/PXiRENV2414.mp4
ironman, https://media.signbsl.com/videos/asl/youtube/mp4/PXiRENV2414.mp4
Iron Rod, https://media.signbsl.com/videos/asl/ids/mp4/2013-11-2500-iron-rod-1500k-ase.mp4
ironwork, https://media.signbsl.com/videos/asl/youtube/mp4/s4yujTmnrfM.mp4
ironworker, https://media.signbsl.com/videos/asl/youtube/mp4/cuuOdEmC3ko.mp4
ironworks, https://media.signbsl.com/videos/asl/youtube/mp4/3CM6OJPSQSk.mp4
irony, https://media.signbsl.com/videos/asl/aslsearch/mp4/irony.mp4
Iroquois, https://media.signbsl.com/videos/asl/uploads/mp4/user_upload60268cb98a9bd0.50221418.mp4
irradiate, https://media.signbsl.com/videos/asl/youtube/mp4/eRF_mxLJtG0.mp4
irradiation, https://media.signbsl.com/videos/asl/tsdvideo/mp4/1228.mp4
irrational, https://media.signbsl.com/videos/asl/youtube/mp4/vqOFUVGQ_lo.mp4
irrational number, https://media.signbsl.com/videos/asl/tsdvideo/mp4/1269.mp4
irreclaimable, https://media.signbsl.com/videos/asl/youtube/mp4/UWUDYeFAlLA.mp4
irreconcilability, https://media.signbsl.com/videos/asl/youtube/mp4/G0PKMSLoLZ8.mp4
irrecoverable, https://media.signbsl.com/videos/asl/youtube/mp4/ULlNTGoXo8U.mp4
irredeemable, https://media.signbsl.com/videos/asl/youtube/mp4/UWUDYeFAlLA.mp4
irreducible, https://media.signbsl.com/videos/asl/youtube/mp4/kG9i3jAYvUQ.mp4
irrefutable, https://media.signbsl.com/videos/asl/youtube/mp4/GaRdOThlJxI.mp4
irregular, https://media.signbsl.com/videos/asl/aslsearch/mp4/irregular.mp4
irregular polygon, https://media.signbsl.com/videos/asl/tsdvideo/mp4/545.mp4
irregular verbs, https://media.signbsl.com/videos/asl/elementalaslconcepts/mp4/irregular_verb.mp4
irrelevance, https://media.signbsl.com/videos/asl/youtube/mp4/nMCQ5wSXmks.mp4
irrelevancy, https://media.signbsl.com/videos/asl/youtube/mp4/nMCQ5wSXmks.mp4
irremediable, https://media.signbsl.com/videos/asl/youtube/mp4/ei9Fazb2W2k.mp4
irremovable, https://media.signbsl.com/videos/asl/youtube/mp4/-L72g1BG3CQ.mp4
irreparable, https://media.signbsl.com/videos/asl/youtube/mp4/ciiWUPECyY4.mp4
irreplaceable, https://media.signbsl.com/videos/asl/youtube/mp4/W7ZGVZ-c2nU.mp4
irrepressibility, https://media.signbsl.com/videos/asl/youtube/mp4/t2lQq-R3aZQ.mp4
irrepressible, https://media.signbsl.com/videos/asl/youtube/mp4/sTCsPmfbS3E.mp4
irreproachable, https://media.signbsl.com/videos/asl/valleybible/mp4/blameless.mp4
irresistible, https://media.signbsl.com/videos/asl/youtube/mp4/y3_VZE8nI44.mp4
irresolution, https://media.signbsl.com/videos/asl/aslsearch/mp4/indecision.mp4
irresponsible, https://media.signbsl.com/videos/asl/aslsearch/mp4/irresponsible.mp4
irreverence, https://media.signbsl.com/videos/asl/youtube/mp4/5TSD2qNboMs.mp4
irreverent, https://media.signbsl.com/videos/asl/youtube/mp4/lyn4xi_0E2Q.mp4
irreversible, https://media.signbsl.com/videos/asl/youtube/mp4/u1qiHf6sYdo.mp4
irrigate, https://media.signbsl.com/videos/asl/youtube/mp4/KH9nwFAj6Uk.mp4
irrigation, https://media.signbsl.com/videos/asl/aslsearch/mp4/irrigation.mp4
irritability, https://media.signbsl.com/videos/asl/youtube/mp4/A9OLapOO_Ys.mp4
irritable, https://player.vimeo.com/external/392684947.sd.mp4?s=25b140140ab5fde397ff8f68752e12ae1370b033&profile_id=164
irritably, https://media.signbsl.com/videos/asl/youtube/mp4/9mAP45LLjKA.mp4
irritant, https://media.signbsl.com/videos/asl/youtube/mp4/HhQD03wBYkc.mp4
irritate, https://media.signbsl.com/videos/asl/aslsignbank/mp4/BOTHER-2129.mp4
irritated, https://media.signbsl.com/videos/asl/youtube/mp4/d0MAlz7UTYM.mp4
irritating, https://media.signbsl.com/videos/asl/startasl/mp4/annoying.mp4
irritation, https://media.signbsl.com/videos/asl/youtube/mp4/l4W8A9BBFKE.mp4
irrupt, https://media.signbsl.com/videos/asl/youtube/mp4/nmUFSLTScE8.mp4
irruption, https://media.signbsl.com/videos/asl/youtube/mp4/VY4tRLtVjec.mp4
is, https://media.signbsl.com/videos/asl/aslsignbank/mp4/BECOME-2100.mp4
Isaac Newton, https://media.signbsl.com/videos/asl/elementalaslconcepts/mp4/newton.mp4
isabella, https://media.signbsl.com/videos/asl/youtube/mp4/uHJbDrFbDbw.mp4
Isaiah, https://media.signbsl.com/videos/asl/valleybible/mp4/Isaiah.mp4
is it close, https://player.vimeo.com/external/392684978.sd.mp4?s=72ae7ff55a9918a65245629c1c0d16c0bb646044&profile_id=164
is it safe, https://player.vimeo.com/external/392685016.sd.mp4?s=b157bb114e6f971a51a7712b630bd93333adb2a9&profile_id=164
Islam, https://media.signbsl.com/videos/asl/youtube/mp4/Z1PwkbbV-Uo.mp4
Islamic Republic of Iran, https://media.signbsl.com/videos/asl/startasl/mp4/iran.mp4
Islamic Republic of Mauritania, https://media.signbsl.com/videos/asl/youtube/mp4/acpd_RjFRg0.mp4
Islamic Republic of Pakistan, https://media.signbsl.com/videos/asl/youtube/mp4/FKujx864z1M.mp4
Islamic State of Afghanistan, https://media.signbsl.com/videos/asl/youtube/mp4/XL3pIPbGcUg.mp4
Islamise, https://media.signbsl.com/videos/asl/youtube/mp4/kCfrgUj-PyM.mp4
Islamism, https://media.signbsl.com/videos/asl/youtube/mp4/Z1PwkbbV-Uo.mp4
Islamist, https://media.signbsl.com/videos/asl/startasl/mp4/muslim.mp4
Islamize, https://media.signbsl.com/videos/asl/youtube/mp4/kCfrgUj-PyM.mp4
island, https://media.signbsl.com/videos/asl/aslsearch/mp4/island.mp4
island dispenser, https://media.signbsl.com/videos/asl/aslsearch/mp4/gas-pump.mp4
island dweller, https://media.signbsl.com/videos/asl/youtube/mp4/CTWXgmp9k14.mp4
islander, https://media.signbsl.com/videos/asl/youtube/mp4/CTWXgmp9k14.mp4
ism, https://media.signbsl.com/videos/asl/signlanguagestudent/mp4/doctrine.mp4
iso, https://media.signbsl.com/videos/asl/deaftec/mp4/1006.mp4
isobar, https://media.signbsl.com/videos/asl/youtube/mp4/fxeD2g5hC-A.mp4
isobilateral, https://media.signbsl.com/videos/asl/youtube/mp4/xn7tjA68emM.mp4
isolate, https://media.signbsl.com/videos/asl/aslsearch/mp4/isolate.mp4
isolated, https://media.signbsl.com/videos/asl/youtube/mp4/rRDZeveZ_vY.mp4
isolationist, https://media.signbsl.com/videos/asl/youtube/mp4/bZTeRCV5mNY.mp4
isolationistic, https://media.signbsl.com/videos/asl/youtube/mp4/bZTeRCV5mNY.mp4
isomer, https://media.signbsl.com/videos/asl/youtube/mp4/ysR64TtxJEg.mp4
isometry, https://media.signbsl.com/videos/asl/youtube/mp4/g6b7fFt4BJ4.mp4
isosceles, https://media.signbsl.com/videos/asl/youtube/mp4/leSAaWQLB_g.mp4
isosceles triangle, https://media.signbsl.com/videos/asl/tsdvideo/mp4/232.mp4
isosceles triangle legs, https://media.signbsl.com/videos/asl/youtube/mp4/QtFGOpWsSOQ.mp4
isosmotic, https://media.signbsl.com/videos/asl/youtube/mp4/L-aYAz8wNb4.mp4
isotherm, https://media.signbsl.com/videos/asl/youtube/mp4/mv1pgGciSV0.mp4
isotonic, https://media.signbsl.com/videos/asl/youtube/mp4/L-aYAz8wNb4.mp4
isotope, https://media.signbsl.com/videos/asl/youtube/mp4/xSwBwwJwo9A.mp4
isp, https://media.signbsl.com/videos/asl/mariekatzenbachschool/mp4/ISP.mp4
Israel, https://media.signbsl.com/videos/asl/aslsignbank/mp4/ISRAEL-2981.mp4
Israelite, https://media.signbsl.com/videos/asl/aslsignbank/mp4/JEWISH-1706.mp4
Israelites, https://media.signbsl.com/videos/asl/youtube/mp4/9ux2xlMJcsQ.mp4
israel jewish, https://media.signbsl.com/videos/asl/startasl/mp4/israel-jewish.mp4
issue, https://media.signbsl.com/videos/asl/aslsignbank/mp4/RESULT-970.mp4
issue in, https://media.signbsl.com/videos/asl/youtube/mp4/B07Z_tA3zFU.mp4
issueless, https://media.signbsl.com/videos/asl/youtube/mp4/Jd5HMmmjFew.mp4
issue problem, https://media.signbsl.com/videos/asl/elementalaslconcepts/mp4/issue_problem.mp4
issuer, https://media.signbsl.com/videos/asl/youtube/mp4/DH7g8fs9h5s.mp4
Istanbul, https://media.signbsl.com/videos/asl/youtube/mp4/0IIWKA9G9kE.mp4
is that right, https://media.signbsl.com/videos/asl/startasl/mp4/is-that-right.mp4
is that true, https://media.signbsl.com/videos/asl/startasl/mp4/is-that-true.mp4
isthmi, https://media.signbsl.com/videos/asl/youtube/mp4/b6wRnbqEsYA.mp4
it, https://media.signbsl.com/videos/asl/aslsignbank/mp4/IT-2181.mp4
It's Really Hard, https://player.vimeo.com/external/392685114.sd.mp4?s=f43ce2ce1fdb3cff51f8e69f9402574505033650&profile_id=164
i take asl class, https://media.signbsl.com/videos/asl/startasl/mp4/itakeaslclass.mp4
Italia, https://media.signbsl.com/videos/asl/startasl/mp4/italy.mp4
Italian, https://media.signbsl.com/videos/asl/aslsignbank/mp4/ITALIAN-1715.mp4
Italian capital, https://media.signbsl.com/videos/asl/youtube/mp4/pHGZgmbyu3U.mp4
italianize, https://media.signbsl.com/videos/asl/youtube/mp4/m3VK8CAc3wg.mp4
Italian Republic, https://media.signbsl.com/videos/asl/startasl/mp4/italy.mp4
Italy, https://media.signbsl.com/videos/asl/startasl/mp4/italy.mp4
it came out of nowhere, https://media.signbsl.com/videos/asl/youtube/mp4/27eKbd5hxfo.mp4
itch, https://media.signbsl.com/videos/asl/aslsearch/mp4/itch.mp4
itchier, https://media.signbsl.com/videos/asl/youtube/mp4/3ha7zlFJqXs.mp4
itchy, https://media.signbsl.com/videos/asl/startasl/mp4/itchy.mp4
itchy feet, https://media.signbsl.com/videos/asl/youtube/mp4/qEcX3kP6Py0.mp4
item, https://media.signbsl.com/videos/asl/aslsignbank/mp4/EXACT-810.mp4
item by item, https://media.signbsl.com/videos/asl/youtube/mp4/VRlCSc3OXzc.mp4
itemise, https://media.signbsl.com/videos/asl/youtube/mp4/DDMyTxa_k_g.mp4
itemize, https://media.signbsl.com/videos/asl/youtube/mp4/DDMyTxa_k_g.mp4
iterate, https://player.vimeo.com/external/392430406.sd.mp4?s=827ab6aeda6dca17df32cd4cb8c2da4ae18a5c06&profile_id=164
i text you, https://media.signbsl.com/videos/asl/mariekatzenbachschool/mp4/I%20text%20you.mp4
i throw to you, https://media.signbsl.com/videos/asl/youtube/mp4/TNSjlFUNmxs.mp4
itinerant, https://media.signbsl.com/videos/asl/youtube/mp4/Q3sbk-_ykjY.mp4
itineraries, https://media.signbsl.com/videos/asl/signlanguagestudent/mp4/path.mp4
itinerary, https://media.signbsl.com/videos/asl/signlanguagestudent/mp4/path.mp4
it is, https://media.signbsl.com/videos/asl/youtube/mp4/I1xkkGc87z0.mp4
itll, https://media.signbsl.com/videos/asl/youtube/mp4/i2aLo1P09Ws.mp4
i took the bus to get to class, https://media.signbsl.com/videos/asl/startasl/mp4/itookthebustogettoclass.mp4
its, https://media.signbsl.com/videos/asl/elementalaslconcepts/mp4/its.mp4
its all about me, https://media.signbsl.com/videos/asl/youtube/mp4/baUwJ3eHccI.mp4
its clear, https://player.vimeo.com/external/392685061.sd.mp4?s=b780d66ce1b797e2dc12b8e7ea6eee1fc1aea82e&profile_id=164
itself, https://media.signbsl.com/videos/asl/aslsearch/mp4/itself.mp4
its july 12th, https://media.signbsl.com/videos/asl/mariekatzenbachschool/mp4/Its%20July%2012th.mp4
its not clear, https://player.vimeo.com/external/392685080.sd.mp4?s=fd1cf7568333a566c9602a6df82931cf5f8e1b71&profile_id=164
its one oclock, https://media.signbsl.com/videos/asl/mariekatzenbachschool/mp4/Its%20one%20oclock.mp4
its really hard, https://player.vimeo.com/external/392685114.sd.mp4?s=f43ce2ce1fdb3cff51f8e69f9402574505033650&profile_id=164
its time for your bath, https://media.signbsl.com/videos/asl/mariekatzenbachschool/mp4/Its%20time%20for%20your%20bath.mp4
it time, https://media.signbsl.com/videos/asl/youtube/mp4/gPHgrgZdlX0.mp4
it was, https://media.signbsl.com/videos/asl/youtube/mp4/fN9negzeDPs.mp4
it works pah, https://media.signbsl.com/videos/asl/signlanguagestudent/mp4/it%20works%20(pah).mp4
i understand, https://player.vimeo.com/external/392682537.sd.mp4?s=e89a5b5303d210578d12104b89762d3b9ad323a8&profile_id=164
iv, NA
ive, https://media.signbsl.com/videos/asl/youtube/mp4/LmLlg_JKRus.mp4
Ivory Coast, https://media.signbsl.com/videos/asl/youtube/mp4/ncJsutGC_xQ.mp4
i want, https://player.vimeo.com/external/392682570.sd.mp4?s=bd813797a405cce6293178e9e7129c816d098ced&profile_id=164
i want it, https://media.signbsl.com/videos/asl/youtube/mp4/dbMBpfqjvBI.mp4
ix there, https://media.signbsl.com/videos/asl/youtube/mp4/5Fubdjm5Tn4.mp4
izzard, https://media.signbsl.com/videos/asl/aslsignbank/mp4/LETTER-Z-1652.mp4
