word, videoURL
P, https://media.signbsl.com/videos/asl/aslsignbank/mp4/LETTER-P-1662.mp4
p.a., https://media.signbsl.com/videos/asl/aslsignbank/mp4/FATHER-764.mp4
p.o.w., https://media.signbsl.com/videos/asl/youtube/mp4/H7bvlGRrdno.mp4
pa, https://media.signbsl.com/videos/asl/aslsignbank/mp4/FATHER-764.mp4
pabulum, https://media.signbsl.com/videos/asl/youtube/mp4/7Nxg5_6yx3E.mp4
pace, https://media.signbsl.com/videos/asl/tsdvideo/mp4/321.mp4
pacemaker, https://media.signbsl.com/videos/asl/youtube/mp4/VLLv9Y7w5qM.mp4
pacer, https://media.signbsl.com/videos/asl/youtube/mp4/VLLv9Y7w5qM.mp4
paces, https://media.signbsl.com/videos/asl/tsdvideo/mp4/321.mp4
pacesetter, https://media.signbsl.com/videos/asl/youtube/mp4/VLLv9Y7w5qM.mp4
pachydermatous, https://player.vimeo.com/external/391227005.sd.mp4?s=acfad71acda5325c4bb40d3c9569fe3bd144124c&profile_id=164
Pacific, https://media.signbsl.com/videos/asl/youtube/mp4/mJbnEVLCGnI.mp4
pacification, https://media.signbsl.com/videos/asl/youtube/mp4/aKnHE8AgB7c.mp4
pacificist, https://media.signbsl.com/videos/asl/youtube/mp4/j9Jk7GjufAc.mp4
Pacific Ocean, https://media.signbsl.com/videos/asl/youtube/mp4/mJbnEVLCGnI.mp4
pacifier, https://media.signbsl.com/videos/asl/aslsignbank/mp4/PACIFIER-2278.mp4
pacifist, https://media.signbsl.com/videos/asl/youtube/mp4/j9Jk7GjufAc.mp4
pacify, https://player.vimeo.com/external/392414630.sd.mp4?s=3a7fd0653661d8d31e18710537233f1a71c00885&profile_id=164
pacing, https://media.signbsl.com/videos/asl/elementalaslconcepts/mp4/pacing.mp4
pack, https://media.signbsl.com/videos/asl/aslsearch/mp4/gang.mp4
package, https://media.signbsl.com/videos/asl/deaftec/mp4/1059.mp4
packager, https://media.signbsl.com/videos/asl/youtube/mp4/3BuUKjDT4wk.mp4
packaging, https://media.signbsl.com/videos/asl/startasl/mp4/promotion.mp4
packed crowd, https://media.signbsl.com/videos/asl/aslsearch/mp4/packed-crowd.mp4
packet, https://media.signbsl.com/videos/asl/deaftec/mp4/1026.mp4
pack in, https://media.signbsl.com/videos/asl/youtube/mp4/vfDJG06LYBU.mp4
packing, https://media.signbsl.com/videos/asl/aslsearch/mp4/boxing.mp4
packinghouse, https://media.signbsl.com/videos/asl/youtube/mp4/aDU9OGQpA28.mp4
packman, https://media.signbsl.com/videos/asl/youtube/mp4/vaI68nz35bI.mp4
pack off, https://media.signbsl.com/videos/asl/youtube/mp4/hSq775X4ork.mp4
pack on, https://media.signbsl.com/videos/asl/youtube/mp4/k5Q-VgQurws.mp4
packsack, https://media.signbsl.com/videos/asl/aslsignbank/mp4/BACKPACK-408.mp4
pact, https://media.signbsl.com/videos/asl/aslsearch/mp4/pact.mp4
pad, https://media.signbsl.com/videos/asl/AustinCommunityCollege/mp4/auto_pads_.mp4
paddle, https://media.signbsl.com/videos/asl/aslsearch/mp4/paddle.mp4
paddock, https://media.signbsl.com/videos/asl/youtube/mp4/6in1TCVRsXo.mp4
Paddy, https://media.signbsl.com/videos/asl/youtube/mp4/HOriCpHfp2k.mp4
pads, https://media.signbsl.com/videos/asl/AustinCommunityCollege/mp4/auto_pads_.mp4
paean, https://media.signbsl.com/videos/asl/youtube/mp4/Yx5otkn5IKQ.mp4
paederast, https://media.signbsl.com/videos/asl/youtube/mp4/JKK-ijrSjvY.mp4
paediatric, https://media.signbsl.com/videos/asl/youtube/mp4/rXngjnNAxNQ.mp4
paediatrician, https://media.signbsl.com/videos/asl/youtube/mp4/4Y-HwfH_mQI.mp4
pagan, https://media.signbsl.com/videos/asl/youtube/mp4/aUlK3H6ZpL4.mp4
page, https://media.signbsl.com/videos/asl/aslsignbank/mp4/PAGE-571.mp4
pageant, https://media.signbsl.com/videos/asl/youtube/mp4/hJvTia-VOtk.mp4
pageantry, https://media.signbsl.com/videos/asl/youtube/mp4/hJvTia-VOtk.mp4
paginate, https://media.signbsl.com/videos/asl/youtube/mp4/Hz3L2WhPChw.mp4
paid, https://media.signbsl.com/videos/asl/youtube/mp4/2LMawcEi1h4.mp4
paid off, https://media.signbsl.com/videos/asl/youtube/mp4/_6evwsQnCMU.mp4
pail, https://media.signbsl.com/videos/asl/aslsearch/mp4/bucket.mp4
pain, https://media.signbsl.com/videos/asl/youtube/mp4/FbawYVQp2fM.mp4
painful, https://media.signbsl.com/videos/asl/youtube/mp4/SgoW6tFEHvc.mp4
painfuller, https://media.signbsl.com/videos/asl/youtube/mp4/BEaLu9QOgNI.mp4
painkiller, https://media.signbsl.com/videos/asl/youtube/mp4/qIkP-PZkcFw.mp4
painless, https://media.signbsl.com/videos/asl/aslsearch/mp4/painless.mp4
pain pill, https://media.signbsl.com/videos/asl/youtube/mp4/qIkP-PZkcFw.mp4
painstaking, https://media.signbsl.com/videos/asl/youtube/mp4/xdxA7OhDmIg.mp4
paint, https://media.signbsl.com/videos/asl/aslsignbank/mp4/PAINTBRUSH-3018.mp4
paintbox, https://media.signbsl.com/videos/asl/youtube/mp4/XNSHKMll6OE.mp4
paintbrush, https://media.signbsl.com/videos/asl/youtube/mp4/JBs1m4pFNbs.mp4
painted, https://media.signbsl.com/videos/asl/youtube/mp4/CJVGVGHeBjY.mp4
painted leaf, https://player.vimeo.com/external/392700394.sd.mp4?s=3ce5c289e45d969f63c0c94d02bb1b0e025d4ef8&profile_id=164
painter, https://media.signbsl.com/videos/asl/aslsearch/mp4/painter.mp4
painting, https://media.signbsl.com/videos/asl/startasl/mp4/painting.mp4
paint roller, https://media.signbsl.com/videos/asl/youtube/mp4/TINFBiDyW_I.mp4
pair, https://player.vimeo.com/external/391211386.sd.mp4?s=ede24b529c034aec6726a9beab01408aba698290&profile_id=164
pair of pincers, https://media.signbsl.com/videos/asl/elementalaslconcepts/mp4/pincer.mp4
pair of pliers, https://media.signbsl.com/videos/asl/aslsearch/mp4/pliers.mp4
pair of scissors, https://media.signbsl.com/videos/asl/startasl/mp4/scissors.mp4
pair of tongs, https://player.vimeo.com/external/392523263.sd.mp4?s=7b1449df7283b53e992427f7f76133e5d438c6c9&profile_id=164
pair of tweezers, https://media.signbsl.com/videos/asl/elementalaslconcepts/mp4/pincer.mp4
pajamas, https://media.signbsl.com/videos/asl/aslsearch/mp4/pajamas.mp4
Pakistan, https://media.signbsl.com/videos/asl/youtube/mp4/FKujx864z1M.mp4
pal, https://media.signbsl.com/videos/asl/youtube/mp4/gdF3X4a6A4g.mp4
palace, https://media.signbsl.com/videos/asl/aslsearch/mp4/castle.mp4
palaeontologist, https://media.signbsl.com/videos/asl/youtube/mp4/h-i-69Qbeic.mp4
palaeontology, https://media.signbsl.com/videos/asl/youtube/mp4/2nCvA7PDCXI.mp4
palatable, https://media.signbsl.com/videos/asl/youtube/mp4/QAzOGTzc-Jw.mp4
palatine tonsil, https://media.signbsl.com/videos/asl/youtube/mp4/UIKWPQoe2i0.mp4
palaver, https://player.vimeo.com/external/395755650.sd.mp4?s=e614f7ba9f29061f03aa1ebe5b2ac124960ff956&profile_id=164
pale, https://media.signbsl.com/videos/asl/youtube/mp4/wUybxmh3Gvs.mp4
paleness, https://media.signbsl.com/videos/asl/youtube/mp4/CyWP5-vGPDs.mp4
paleography, https://media.signbsl.com/videos/asl/youtube/mp4/JtSomddIlBE.mp4
paleontologist, https://media.signbsl.com/videos/asl/youtube/mp4/h-i-69Qbeic.mp4
paleontology, https://media.signbsl.com/videos/asl/youtube/mp4/2nCvA7PDCXI.mp4
paler, https://media.signbsl.com/videos/asl/youtube/mp4/2QaasCq6VLI.mp4
Palestine, https://media.signbsl.com/videos/asl/youtube/mp4/lEpFUFBYT_0.mp4
palette, https://media.signbsl.com/videos/asl/youtube/mp4/Na70Cp500bs.mp4
palimony, https://media.signbsl.com/videos/asl/youtube/mp4/LYk7g8uJXoU.mp4
palindrome, https://media.signbsl.com/videos/asl/youtube/mp4/VYVR6N1H-TU.mp4
paling, https://player.vimeo.com/external/392409929.sd.mp4?s=72ed09d384c9f9243b2b20a6add888a9c8cd57e9&profile_id=164
palisade, https://media.signbsl.com/videos/asl/youtube/mp4/sI8C0kIHtyk.mp4
pall, https://media.signbsl.com/videos/asl/startasl/mp4/curtains.mp4
pallbearer, https://media.signbsl.com/videos/asl/youtube/mp4/Iw823dVRHkE.mp4
pallet, https://media.signbsl.com/videos/asl/youtube/mp4/Na70Cp500bs.mp4
palliate, https://media.signbsl.com/videos/asl/youtube/mp4/L8ECwyxgD-c.mp4
pallid, https://media.signbsl.com/videos/asl/youtube/mp4/DjlmxADrLD0.mp4
pallidness, https://media.signbsl.com/videos/asl/youtube/mp4/CyWP5-vGPDs.mp4
pallor, https://media.signbsl.com/videos/asl/youtube/mp4/CyWP5-vGPDs.mp4
palm, https://media.signbsl.com/videos/asl/aslsearch/mp4/palm.mp4
Palmetto State, https://media.signbsl.com/videos/asl/youtube/mp4/EHI04FRi2FI.mp4
palpability, https://media.signbsl.com/videos/asl/youtube/mp4/MxFAhrIlYjQ.mp4
palpate, https://media.signbsl.com/videos/asl/youtube/mp4/nRyvqQULHu8.mp4
palpebra, https://media.signbsl.com/videos/asl/youtube/mp4/udAS7aR4dvc.mp4
palsied, https://media.signbsl.com/videos/asl/youtube/mp4/v9KqNfAg4-8.mp4
palsy, https://media.signbsl.com/videos/asl/aslsearch/mp4/paralysis.mp4
palter, https://player.vimeo.com/external/391197298.sd.mp4?s=522664f387ec446f6838dee858a7a7d855f8f5d4&profile_id=164
paltriness, https://media.signbsl.com/videos/asl/youtube/mp4/lpSM6G4Rj8Y.mp4
pal up, https://media.signbsl.com/videos/asl/aslsearch/mp4/pal.mp4
palying the flute, https://media.signbsl.com/videos/asl/youtube/mp4/8JakpANvAdk.mp4
pamper, https://player.vimeo.com/external/391390882.sd.mp4?s=91d08175bafe0a828a342483af08724100380440&profile_id=164
pampered, https://media.signbsl.com/videos/asl/youtube/mp4/PUTD6mtG85w.mp4
pamphlet, https://media.signbsl.com/videos/asl/aslsearch/mp4/brochure.mp4
pan, https://media.signbsl.com/videos/asl/aslsearch/mp4/pan.mp4
panacea, https://media.signbsl.com/videos/asl/youtube/mp4/RiamW8Xf3Z8.mp4
Panama, https://media.signbsl.com/videos/asl/youtube/mp4/-WhIGmFwu7M.mp4
Panama hat, https://media.signbsl.com/videos/asl/aslsearch/mp4/straw-hat.mp4
pancake, https://media.signbsl.com/videos/asl/youtube/mp4/JYixqJW5ISo.mp4
pancakes, https://media.signbsl.com/videos/asl/youtube/mp4/JYixqJW5ISo.mp4
pancreas, https://media.signbsl.com/videos/asl/youtube/mp4/qdCU8TH2n-U.mp4
panda, https://media.signbsl.com/videos/asl/thefamilyvocab/mp4/panda.mp4
panda bear, https://media.signbsl.com/videos/asl/thefamilyvocab/mp4/panda.mp4
pandar, https://media.signbsl.com/videos/asl/youtube/mp4/mCQNDCGpKj4.mp4
pandemic, https://media.signbsl.com/videos/asl/youtube/mp4/SGteknwntOo.mp4
pandemonium, https://media.signbsl.com/videos/asl/aslsignbank/mp4/MESS-1616.mp4
pander, https://media.signbsl.com/videos/asl/youtube/mp4/mCQNDCGpKj4.mp4
panderer, https://media.signbsl.com/videos/asl/youtube/mp4/mCQNDCGpKj4.mp4
pane, https://media.signbsl.com/videos/asl/aslsignbank/mp4/WINDOW-322.mp4
panegyric, https://media.signbsl.com/videos/asl/youtube/mp4/Yx5otkn5IKQ.mp4
panel, https://media.signbsl.com/videos/asl/AustinCommunityCollege/mp4/elec_panel_.mp4
panelist, https://media.signbsl.com/videos/asl/youtube/mp4/m0Vxa484UuA.mp4
panellist, https://media.signbsl.com/videos/asl/youtube/mp4/m0Vxa484UuA.mp4
pane of glass, https://media.signbsl.com/videos/asl/aslsignbank/mp4/WINDOW-322.mp4
panes, https://media.signbsl.com/videos/asl/aslsignbank/mp4/WINDOW-322.mp4
pang, https://media.signbsl.com/videos/asl/youtube/mp4/oHwp13eGo64.mp4
Pangaea, https://media.signbsl.com/videos/asl/youtube/mp4/-Pi_k7bRzgM.mp4
Pangea, https://media.signbsl.com/videos/asl/youtube/mp4/-Pi_k7bRzgM.mp4
panhandle, https://media.signbsl.com/videos/asl/youtube/mp4/WDhs38ulZgM.mp4
panhandler, https://media.signbsl.com/videos/asl/youtube/mp4/WIbYy4ZI2zw.mp4
panic, https://media.signbsl.com/videos/asl/aslsearch/mp4/panic.mp4
panicked, https://player.vimeo.com/external/392694488.sd.mp4?s=444fb0209a7456d5b1ec1f25cb100710e22bc824&profile_id=164
panicky, https://player.vimeo.com/external/392694488.sd.mp4?s=444fb0209a7456d5b1ec1f25cb100710e22bc824&profile_id=164
panic stricken, https://player.vimeo.com/external/392694488.sd.mp4?s=444fb0209a7456d5b1ec1f25cb100710e22bc824&profile_id=164
panic struck, https://player.vimeo.com/external/392694488.sd.mp4?s=444fb0209a7456d5b1ec1f25cb100710e22bc824&profile_id=164
panjandrum, https://media.signbsl.com/videos/asl/youtube/mp4/5X19jwvEyLM.mp4
panoplies, https://media.signbsl.com/videos/asl/youtube/mp4/bazvaiuNkrI.mp4
panoply, https://media.signbsl.com/videos/asl/youtube/mp4/bazvaiuNkrI.mp4
panoptic, https://media.signbsl.com/videos/asl/youtube/mp4/U7RaP1unBYU.mp4
panorama, https://media.signbsl.com/videos/asl/youtube/mp4/36vthanA3o4.mp4
pan out, NA
pansy, https://media.signbsl.com/videos/asl/youtube/mp4/7NTRs-QzIT8.mp4
pant, https://media.signbsl.com/videos/asl/aslsearch/mp4/gasp.mp4
pantheist, https://media.signbsl.com/videos/asl/youtube/mp4/otw2Y94SvMQ.mp4
pantheon, https://media.signbsl.com/videos/asl/youtube/mp4/qBL-j6DOjBI.mp4
panther, https://player.vimeo.com/external/391910530.sd.mp4?s=1cf1ed5f6b437f42bac29608e99212d47c87afb5&profile_id=164
Panthera leo, https://media.signbsl.com/videos/asl/startasl/mp4/lion.mp4
Panthera tigris, https://media.signbsl.com/videos/asl/startasl/mp4/tiger.mp4
panther cat, https://media.signbsl.com/videos/asl/youtube/mp4/RK6wirmUero.mp4
pantie, https://media.signbsl.com/videos/asl/youtube/mp4/ItTyRcxrx-I.mp4
pantomime, https://media.signbsl.com/videos/asl/aslsignbank/mp4/MIME-3004.mp4
pantomimer, https://media.signbsl.com/videos/asl/youtube/mp4/cuehmBwHCrE.mp4
pantomimist, https://media.signbsl.com/videos/asl/youtube/mp4/cuehmBwHCrE.mp4
pantries, https://media.signbsl.com/videos/asl/youtube/mp4/Elv9vbs__rY.mp4
Pan troglodytes, https://media.signbsl.com/videos/asl/aslsearch/mp4/chimpanzee.mp4
pantry, https://media.signbsl.com/videos/asl/youtube/mp4/Elv9vbs__rY.mp4
pantryman, https://media.signbsl.com/videos/asl/youtube/mp4/qaMyeKrXyJ8.mp4
pants, https://media.signbsl.com/videos/asl/startasl/mp4/pants.mp4
panty, https://media.signbsl.com/videos/asl/youtube/mp4/ItTyRcxrx-I.mp4
pap, https://media.signbsl.com/videos/asl/aslsearch/mp4/nipple.mp4
papa, https://media.signbsl.com/videos/asl/aslsignbank/mp4/FATHER-764.mp4
papacies, https://media.signbsl.com/videos/asl/youtube/mp4/qMuSuJJc-5o.mp4
papacy, https://media.signbsl.com/videos/asl/youtube/mp4/qMuSuJJc-5o.mp4
paparazzi, https://media.signbsl.com/videos/asl/youtube/mp4/qxyKLfZyDA4.mp4
paper, https://media.signbsl.com/videos/asl/startasl/mp4/paper.mp4
paperboy, https://media.signbsl.com/videos/asl/youtube/mp4/T5fKbtQ1CYQ.mp4
paper clip, https://media.signbsl.com/videos/asl/youtube/mp4/ocf3kYswLaI.mp4
paperclip, https://media.signbsl.com/videos/asl/youtube/mp4/ocf3kYswLaI.mp4
paper cutter, https://media.signbsl.com/videos/asl/youtube/mp4/UsTB5GuPsaQ.mp4
papercutter, https://media.signbsl.com/videos/asl/youtube/mp4/UsTB5GuPsaQ.mp4
paperer, https://media.signbsl.com/videos/asl/youtube/mp4/7EIqpsu8uf8.mp4
papergirl, https://media.signbsl.com/videos/asl/youtube/mp4/HFsZoP0rvx8.mp4
paperhanger, https://media.signbsl.com/videos/asl/youtube/mp4/7EIqpsu8uf8.mp4
paperless, https://media.signbsl.com/videos/asl/youtube/mp4/DhGtLDrSNzQ.mp4
paperlike, https://media.signbsl.com/videos/asl/youtube/mp4/7Bbv-HwDJfc.mp4
papers, https://media.signbsl.com/videos/asl/aslsearch/mp4/document.mp4
paper shredder, https://media.signbsl.com/videos/asl/youtube/mp4/a-yLDETZOhk.mp4
paperwork, https://media.signbsl.com/videos/asl/youtube/mp4/2gvWFb5pVlU.mp4
papery, https://media.signbsl.com/videos/asl/youtube/mp4/7Bbv-HwDJfc.mp4
papoose, https://media.signbsl.com/videos/asl/youtube/mp4/N7K8CHTiJC8.mp4
pappa, https://media.signbsl.com/videos/asl/aslsignbank/mp4/FATHER-764.mp4
pappoose, https://media.signbsl.com/videos/asl/youtube/mp4/N7K8CHTiJC8.mp4
par, https://media.signbsl.com/videos/asl/youtube/mp4/ks8LAQ4hGVw.mp4
para, https://media.signbsl.com/videos/asl/youtube/mp4/HERZZbwhcTU.mp4
parable, https://media.signbsl.com/videos/asl/signlanguagestudent/mp4/parable%20(alternate%20b).mp4
parabola, https://media.signbsl.com/videos/asl/tsdvideo/mp4/1475.mp4
parachute, https://media.signbsl.com/videos/asl/aslsearch/mp4/parachute.mp4
parachute jumper, https://media.signbsl.com/videos/asl/youtube/mp4/P2VbC6XeuuE.mp4
parachuter, https://media.signbsl.com/videos/asl/youtube/mp4/P2VbC6XeuuE.mp4
parachutist, https://media.signbsl.com/videos/asl/youtube/mp4/P2VbC6XeuuE.mp4
parade, https://media.signbsl.com/videos/asl/startasl/mp4/parade.mp4
paradigm, https://media.signbsl.com/videos/asl/youtube/mp4/RqH0CoJpcWc.mp4
paradisaic, https://media.signbsl.com/videos/asl/youtube/mp4/Kmpu8gH12NI.mp4
paradisaical, https://media.signbsl.com/videos/asl/youtube/mp4/Kmpu8gH12NI.mp4
paradisal, https://media.signbsl.com/videos/asl/youtube/mp4/Kmpu8gH12NI.mp4
paradise, https://media.signbsl.com/videos/asl/ids/mp4/2013-11-3420-paradise-1500k-ase.mp4
paradisiac, https://media.signbsl.com/videos/asl/youtube/mp4/Kmpu8gH12NI.mp4
paradisiacal, https://media.signbsl.com/videos/asl/youtube/mp4/Kmpu8gH12NI.mp4
paradisial, https://media.signbsl.com/videos/asl/youtube/mp4/Kmpu8gH12NI.mp4
paradox, https://media.signbsl.com/videos/asl/youtube/mp4/c-55g1GGQOY.mp4
paraffin, https://media.signbsl.com/videos/asl/youtube/mp4/laoCl086fBM.mp4
paragon, https://media.signbsl.com/videos/asl/youtube/mp4/SaEolRnY4XQ.mp4
paragraph, https://media.signbsl.com/videos/asl/youtube/mp4/MEIueSLkAak.mp4
paragraph proof, https://media.signbsl.com/videos/asl/youtube/mp4/0lqM3kVc0Ds.mp4
Paraguay, https://media.signbsl.com/videos/asl/youtube/mp4/r9b5mI5b-pU.mp4
paralegal, https://media.signbsl.com/videos/asl/youtube/mp4/7JVqSvEI4dk.mp4
parallax, https://media.signbsl.com/videos/asl/youtube/mp4/8yYPUSFUyxs.mp4
parallel, https://media.signbsl.com/videos/asl/aslsearch/mp4/parallel.mp4
parallel bars, https://media.signbsl.com/videos/asl/aslsignbank/mp4/PRISON-2146.mp4
parallel circuit, https://media.signbsl.com/videos/asl/AustinCommunityCollege/mp4/elec_parallel_circuits_.mp4
parallel circuits, https://media.signbsl.com/videos/asl/AustinCommunityCollege/mp4/elec_parallel_circuits_.mp4
parallel lines, https://media.signbsl.com/videos/asl/tsdvideo/mp4/1547.mp4
parallelogram, https://media.signbsl.com/videos/asl/tsdvideo/mp4/487.mp4
paralyse, https://media.signbsl.com/videos/asl/youtube/mp4/-ZV5bycu1C8.mp4
paralysis, https://media.signbsl.com/videos/asl/aslsearch/mp4/paralysis.mp4
paralytic, https://player.vimeo.com/external/392694539.sd.mp4?s=f912675688d414a2e82072b3f22991b455a37b42&profile_id=164
paralyze, https://media.signbsl.com/videos/asl/youtube/mp4/-ZV5bycu1C8.mp4
paralyzed, https://player.vimeo.com/external/392694539.sd.mp4?s=f912675688d414a2e82072b3f22991b455a37b42&profile_id=164
paramedic, https://media.signbsl.com/videos/asl/aslsearch/mp4/paramedic.mp4
paramedical, https://media.signbsl.com/videos/asl/aslsearch/mp4/paramedic.mp4
paramilitary, https://media.signbsl.com/videos/asl/youtube/mp4/zncnyY9gKLg.mp4
paramilitary force, https://media.signbsl.com/videos/asl/youtube/mp4/zncnyY9gKLg.mp4
paramilitary organisation, https://media.signbsl.com/videos/asl/youtube/mp4/zncnyY9gKLg.mp4
paramilitary organization, https://media.signbsl.com/videos/asl/youtube/mp4/zncnyY9gKLg.mp4
paramilitary unit, https://media.signbsl.com/videos/asl/youtube/mp4/zncnyY9gKLg.mp4
paramount, https://media.signbsl.com/videos/asl/youtube/mp4/1a18haJgvsk.mp4
paramour, https://media.signbsl.com/videos/asl/youtube/mp4/EWcgko-3P2g.mp4
paranoia, https://media.signbsl.com/videos/asl/youtube/mp4/SdrII0YY4yo.mp4
paranoid, https://media.signbsl.com/videos/asl/aslsearch/mp4/paranoid.mp4
paranormal, https://media.signbsl.com/videos/asl/youtube/mp4/qLQu0DUlB4M.mp4
paraphernalia, https://media.signbsl.com/videos/asl/youtube/mp4/jkqyzs7w9tQ.mp4
paraphrase, https://media.signbsl.com/videos/asl/youtube/mp4/VW0ivnZ2uuo.mp4
parapsychologist, https://media.signbsl.com/videos/asl/youtube/mp4/AtjPhz-XyMk.mp4
parasite, https://media.signbsl.com/videos/asl/deaftec/mp4/1408.mp4
parasitism, https://media.signbsl.com/videos/asl/youtube/mp4/g3Th4hKDI0g.mp4
parasol, https://media.signbsl.com/videos/asl/youtube/mp4/1_lh7ANhZrQ.mp4
paratrooper, https://media.signbsl.com/videos/asl/youtube/mp4/HERZZbwhcTU.mp4
parboil, https://media.signbsl.com/videos/asl/youtube/mp4/SaaSlJfWGNk.mp4
parched, https://media.signbsl.com/videos/asl/youtube/mp4/6htVsSJ7vIk.mp4
parchment, https://media.signbsl.com/videos/asl/youtube/mp4/D8DneNF4Dpg.mp4
pardner, https://media.signbsl.com/videos/asl/youtube/mp4/qNWEHvUVr1U.mp4
pardon, https://media.signbsl.com/videos/asl/valleybible/mp4/forgiveness.mp4
pardoner, https://media.signbsl.com/videos/asl/youtube/mp4/xB4lKz1NtOY.mp4
pare, https://media.signbsl.com/videos/asl/aslsignbank/mp4/PEEL-728.mp4
pare back, https://media.signbsl.com/videos/asl/youtube/mp4/jAndE37Dst0.mp4
pare fingernails, https://media.signbsl.com/videos/asl/youtube/mp4/v8R4lLrPFVU.mp4
paregoric, https://media.signbsl.com/videos/asl/youtube/mp4/3oYUJlWX3zI.mp4
parent, https://media.signbsl.com/videos/asl/aslsignbank/mp4/PARENTS-696.mp4
parentage, https://media.signbsl.com/videos/asl/youtube/mp4/5_Jwyq1jWKE.mp4
parent graph, https://media.signbsl.com/videos/asl/youtube/mp4/wdgoPkKFNc4.mp4
parentless, https://media.signbsl.com/videos/asl/youtube/mp4/c467OJ61MVw.mp4
parents, https://media.signbsl.com/videos/asl/aslsignbank/mp4/PARENTS-696.mp4
parimutuel, https://media.signbsl.com/videos/asl/youtube/mp4/nzz10njk-Ms.mp4
Paris, https://media.signbsl.com/videos/asl/youtube/mp4/llou8S8njSs.mp4
paris france, https://player.vimeo.com/external/392385713.sd.mp4?s=adef73be41d87b446975afc306c3bb700cefc27d&profile_id=164
parish, https://media.signbsl.com/videos/asl/aslsearch/mp4/parish.mp4
parishioner, https://media.signbsl.com/videos/asl/aslsearch/mp4/parishioners.mp4
parishioners, https://media.signbsl.com/videos/asl/aslsearch/mp4/parishioners.mp4
park, https://media.signbsl.com/videos/asl/startasl/mp4/park.mp4
parka, https://media.signbsl.com/videos/asl/youtube/mp4/waiaIJTDinM.mp4
parking, https://media.signbsl.com/videos/asl/aslsearch/mp4/parking.mp4
parking area, https://media.signbsl.com/videos/asl/startasl/mp4/parking-lot.mp4
parking brake, https://media.signbsl.com/videos/asl/AustinCommunityCollege/mp4/auto_emerg_brake_.mp4
parking lot, https://media.signbsl.com/videos/asl/startasl/mp4/parking-lot.mp4
parking meter, https://media.signbsl.com/videos/asl/aslsearch/mp4/parking-meter.mp4
park land, https://media.signbsl.com/videos/asl/startasl/mp4/park.mp4
parkland, https://media.signbsl.com/videos/asl/startasl/mp4/park.mp4
park ranger, https://player.vimeo.com/external/392385748.sd.mp4?s=d01984870d895de33906320938149346faf03288&profile_id=164
park vehicle, https://player.vimeo.com/external/392385819.sd.mp4?s=23ce13e260b1615cf5900d57e7a921d402acafe1&profile_id=164
parkway, https://media.signbsl.com/videos/asl/aslsearch/mp4/drive2.mp4
parlance, https://media.signbsl.com/videos/asl/aslsearch/mp4/idiom.mp4
parlay, https://media.signbsl.com/videos/asl/youtube/mp4/ZJpG3O4_Pws.mp4
parles, https://media.signbsl.com/videos/asl/youtube/mp4/pnnInbqW8PY.mp4
parley, https://player.vimeo.com/external/392385961.sd.mp4?s=4a0ba0fece8430364a9cdff1022dfef0588134a5&profile_id=164
parliament, https://media.signbsl.com/videos/asl/elementalaslconcepts/mp4/parliament.mp4
parliamentarian, https://media.signbsl.com/videos/asl/youtube/mp4/FOm2tOcrD-I.mp4
parlor, https://media.signbsl.com/videos/asl/startasl/mp4/living-room.mp4
parlour, https://media.signbsl.com/videos/asl/startasl/mp4/living-room.mp4
parochial, https://media.signbsl.com/videos/asl/youtube/mp4/jfIyFojMr1w.mp4
parodies, https://player.vimeo.com/external/392385988.sd.mp4?s=405d3df3522b93cfe3030293ca39ae21dc384038&profile_id=164
parody, https://player.vimeo.com/external/392385988.sd.mp4?s=405d3df3522b93cfe3030293ca39ae21dc384038&profile_id=164
parole, https://media.signbsl.com/videos/asl/unoclimb/mp4/TzApWj9PuGA.mp4
parolee, https://media.signbsl.com/videos/asl/youtube/mp4/06LJ4j24qoI.mp4
paronomasia, https://media.signbsl.com/videos/asl/youtube/mp4/7-9nt-WoATM.mp4
Parousia, https://media.signbsl.com/videos/asl/ids/mp4/2013-11-4320-second-coming-1500k-ase.mp4
parricidal, https://media.signbsl.com/videos/asl/youtube/mp4/j2DSmGm1jcA.mp4
parried, https://media.signbsl.com/videos/asl/youtube/mp4/-tufNvSg3uw.mp4
parrot, https://media.signbsl.com/videos/asl/aslsearch/mp4/parrot.mp4
parry, https://media.signbsl.com/videos/asl/youtube/mp4/tVkSgOZqRRM.mp4
parsimonious, https://media.signbsl.com/videos/asl/youtube/mp4/9eAMwH2lyBM.mp4
parsimoniousness, https://player.vimeo.com/external/392403422.sd.mp4?s=3924c540727fa6b70a9c18cf1bdb266f710f8c91&profile_id=164
parsimony, https://player.vimeo.com/external/392403422.sd.mp4?s=3924c540727fa6b70a9c18cf1bdb266f710f8c91&profile_id=164
parson, https://media.signbsl.com/videos/asl/aslsearch/mp4/pastor.mp4
parsonage, https://media.signbsl.com/videos/asl/youtube/mp4/HqsD_QbVVL4.mp4
part, https://media.signbsl.com/videos/asl/aslsearch/mp4/separate.mp4
partake, https://media.signbsl.com/videos/asl/youtube/mp4/K4QlNl-NAQU.mp4
Partaking of the Sacrament, https://media.signbsl.com/videos/asl/ids/mp4/2013-11-3430-partaking-the-sacrament-1500k-ase.mp4
parthenogenesis, https://media.signbsl.com/videos/asl/youtube/mp4/vSbgItfSUsg.mp4
parthenogeny, https://media.signbsl.com/videos/asl/youtube/mp4/vSbgItfSUsg.mp4
partial, https://player.vimeo.com/external/392548029.sd.mp4?s=55c853e5df82856594473524cdae105395bbf9ae&profile_id=164
partial fraction, https://media.signbsl.com/videos/asl/youtube/mp4/7tCraaYYuz0.mp4
partial product, https://media.signbsl.com/videos/asl/youtube/mp4/BMe-IkSAf6o.mp4
participant, https://media.signbsl.com/videos/asl/aslsearch/mp4/player.mp4
participate, https://media.signbsl.com/videos/asl/signlanguagestudent/mp4/participate.mp4
particle, https://media.signbsl.com/videos/asl/youtube/mp4/povYBQ5NV5w.mp4
particolored, https://media.signbsl.com/videos/asl/youtube/mp4/CJVGVGHeBjY.mp4
particoloured, https://media.signbsl.com/videos/asl/youtube/mp4/CJVGVGHeBjY.mp4
particular, https://media.signbsl.com/videos/asl/signlanguagestudent/mp4/specific.mp4
particularly, https://media.signbsl.com/videos/asl/aslsignbank/mp4/SPECIAL-1100.mp4
particulate, https://media.signbsl.com/videos/asl/youtube/mp4/qlWBPRrTHh4.mp4
partisan, https://media.signbsl.com/videos/asl/youtube/mp4/H2WHIeHP2fo.mp4
partition, https://media.signbsl.com/videos/asl/aslsignbank/mp4/QUARTER-998.mp4
partitioning, https://media.signbsl.com/videos/asl/aslsignbank/mp4/QUARTER-998.mp4
partizan, https://media.signbsl.com/videos/asl/youtube/mp4/H2WHIeHP2fo.mp4
partly cloudy, https://player.vimeo.com/external/392694598.sd.mp4?s=6606eb0f892b2fd6005bb0589cd1c43e6ccdb8fb&profile_id=164
partly sunny, https://player.vimeo.com/external/392694646.sd.mp4?s=4f10c17e1050389722ccfa7c057144141d4d6a6e&profile_id=164
partner, https://media.signbsl.com/videos/asl/aslsearch/mp4/partner.mp4
partner in crime, https://media.signbsl.com/videos/asl/youtube/mp4/TrxE3ZG_A0Q.mp4
partnership, https://media.signbsl.com/videos/asl/youtube/mp4/ZR5PlBmWx9w.mp4
partway, https://media.signbsl.com/videos/asl/youtube/mp4/jU4ld16o9IE.mp4
part with, https://media.signbsl.com/videos/asl/youtube/mp4/AY9z2L-sW7k.mp4
party, https://media.signbsl.com/videos/asl/startasl/mp4/party.mp4
party bash, https://media.signbsl.com/videos/asl/aslsearch/mp4/party-bash.mp4
party favor, https://media.signbsl.com/videos/asl/youtube/mp4/sLFcBcp2u50.mp4
party favour, https://media.signbsl.com/videos/asl/youtube/mp4/sLFcBcp2u50.mp4
party hard, https://media.signbsl.com/videos/asl/youtube/mp4/0tgSPMCeCUc.mp4
party pooper, https://media.signbsl.com/videos/asl/youtube/mp4/4C8rAj2rtRo.mp4
pascal, https://media.signbsl.com/videos/asl/youtube/mp4/nTyrgogkPZs.mp4
pascals triangle, https://media.signbsl.com/videos/asl/youtube/mp4/nOueGLe4zjM.mp4
paschal, https://media.signbsl.com/videos/asl/youtube/mp4/Lue9upGVOI0.mp4
paschal mysteries, https://media.signbsl.com/videos/asl/handsofgrace/mp4/no_HkA-JxWM.mp4
pas de deux, https://media.signbsl.com/videos/asl/youtube/mp4/FpDOZm5-37c.mp4
paseo, https://media.signbsl.com/videos/asl/youtube/mp4/co2gvpJrXMI.mp4
pasquinade, https://player.vimeo.com/external/392385988.sd.mp4?s=405d3df3522b93cfe3030293ca39ae21dc384038&profile_id=164
pass, https://media.signbsl.com/videos/asl/aslsearch/mp4/die.mp4
passably, https://media.signbsl.com/videos/asl/youtube/mp4/yMcEKzDKFlU.mp4
passage, https://media.signbsl.com/videos/asl/youtube/mp4/oZrPfmNtJ3A.mp4
pass american football, https://media.signbsl.com/videos/asl/youtube/mp4/pH-LAUYrLZc.mp4
pass around, https://media.signbsl.com/videos/asl/aslsearch/mp4/broadcast2.mp4
pass away, https://media.signbsl.com/videos/asl/aslsearch/mp4/die.mp4
pass by, https://media.signbsl.com/videos/asl/signlanguagestudent/mp4/pass.mp4
pass cup around, https://media.signbsl.com/videos/asl/youtube/mp4/Z3m3U3xRby4.mp4
pass down, https://media.signbsl.com/videos/asl/aslbricks/mp4/ancestor.mp4
passe, https://media.signbsl.com/videos/asl/aslsearch/mp4/antique.mp4
passed away, https://media.signbsl.com/videos/asl/aslsignbank/mp4/GONE-470.mp4
passee, https://media.signbsl.com/videos/asl/aslsearch/mp4/antique.mp4
passenger, https://media.signbsl.com/videos/asl/aslsearch/mp4/passenger.mp4
passenger manifest, https://media.signbsl.com/videos/asl/youtube/mp4/9pFhi_XanBI.mp4
passenger seat, https://player.vimeo.com/external/392694692.sd.mp4?s=22501583ce0eec6c558ac420b96ff53c24a01e7b&profile_id=164
passenger window, https://player.vimeo.com/external/392694758.sd.mp4?s=8b6ea02b006c5e4a825591a205207b94d8543171&profile_id=164
passe partout, https://media.signbsl.com/videos/asl/youtube/mp4/wgixaCuwp5o.mp4
passer, https://media.signbsl.com/videos/asl/youtube/mp4/IjfPRtHXMWA.mp4
passer by, https://media.signbsl.com/videos/asl/youtube/mp4/IjfPRtHXMWA.mp4
passerby, https://media.signbsl.com/videos/asl/youtube/mp4/IjfPRtHXMWA.mp4
pass hockey, https://media.signbsl.com/videos/asl/youtube/mp4/Qv-LjwKNxZw.mp4
passing, https://media.signbsl.com/videos/asl/youtube/mp4/5Grpd1gwdn0.mp4
passion, https://media.signbsl.com/videos/asl/aslsearch/mp4/passion.mp4
passionate, https://media.signbsl.com/videos/asl/youtube/mp4/L_zieM78SFQ.mp4
passive, https://player.vimeo.com/external/392386386.sd.mp4?s=78902b11e987d856aeb2ef32f1f645a25eb77aa2&profile_id=164
passkey, https://media.signbsl.com/videos/asl/youtube/mp4/wgixaCuwp5o.mp4
pass off, https://media.signbsl.com/videos/asl/aslsearch/mp4/happen.mp4
pass on, https://media.signbsl.com/videos/asl/aslsearch/mp4/advance2.mp4
pass out, https://media.signbsl.com/videos/asl/aslsearch/mp4/black-out.mp4
Passover, https://media.signbsl.com/videos/asl/aslsearch/mp4/cracker.mp4
passport, https://media.signbsl.com/videos/asl/youtube/mp4/AleLPpCwYmU.mp4
passport stamp, https://player.vimeo.com/external/392867835.sd.mp4?s=1bb2a2c3ac141d21b58dfdefbd4a3baaf61f6277&profile_id=164
pass soccer, https://media.signbsl.com/videos/asl/youtube/mp4/H2Dfge-W5Wk.mp4
pass the ball, https://media.signbsl.com/videos/asl/youtube/mp4/V1zaTcBqDUw.mp4
pass the buck, https://media.signbsl.com/videos/asl/youtube/mp4/WSgZy0-jppU.mp4
pass to hand, https://player.vimeo.com/external/392386348.sd.mp4?s=3838fdab9ff51c92034ec811428f8b8d734576df&profile_id=164
pass up, https://media.signbsl.com/videos/asl/signlanguagestudent/mp4/reject.mp4
pass volleyball, https://media.signbsl.com/videos/asl/youtube/mp4/xFldNyzDOJs.mp4
password, https://media.signbsl.com/videos/asl/mariekatzenbachschool/mp4/password.mp4
password sniffing, https://media.signbsl.com/videos/asl/deaftec/mp4/1028.mp4
past, https://media.signbsl.com/videos/asl/aslsearch/mp4/by.mp4
pasta, https://media.signbsl.com/videos/asl/youtube/mp4/GO8-46-dlIg.mp4
pasta maker, https://media.signbsl.com/videos/asl/youtube/mp4/99b2g4tkF84.mp4
paste, https://media.signbsl.com/videos/asl/startasl/mp4/glue.mp4
pastel, https://media.signbsl.com/videos/asl/youtube/mp4/NCxfMPcHbGM.mp4
paster, https://media.signbsl.com/videos/asl/aslsearch/mp4/sticker.mp4
pasteurise, https://media.signbsl.com/videos/asl/youtube/mp4/zJNgUvFMu2c.mp4
pasteurize, https://media.signbsl.com/videos/asl/youtube/mp4/zJNgUvFMu2c.mp4
pastime, https://media.signbsl.com/videos/asl/youtube/mp4/FrGpAmMYwo4.mp4
pastiness, https://media.signbsl.com/videos/asl/youtube/mp4/6-smLnyb9Dg.mp4
pastor, https://media.signbsl.com/videos/asl/aslsearch/mp4/pastor.mp4
pastoral, https://media.signbsl.com/videos/asl/youtube/mp4/3_YDAaUo0uQ.mp4
pastries, https://media.signbsl.com/videos/asl/youtube/mp4/ia1p3B55QBI.mp4
pastry, https://media.signbsl.com/videos/asl/youtube/mp4/ia1p3B55QBI.mp4
pasturage, https://media.signbsl.com/videos/asl/youtube/mp4/d2KMePFJoN0.mp4
pasture, https://media.signbsl.com/videos/asl/youtube/mp4/-nBiK_qYJl4.mp4
pastureland, https://player.vimeo.com/external/392386491.sd.mp4?s=b7ea97009bdda7772e0c1aaffd5ad27e7c509e37&profile_id=164
pasty, https://media.signbsl.com/videos/asl/aslsearch/mp4/sticky.mp4
pat, https://media.signbsl.com/videos/asl/aslsearch/mp4/pat.mp4
patch, https://media.signbsl.com/videos/asl/aslsignbank/mp4/BANDAGE-2874.mp4
patchboard, https://media.signbsl.com/videos/asl/youtube/mp4/FkLRWceF78I.mp4
patchily, https://media.signbsl.com/videos/asl/youtube/mp4/9x67r7DzAOI.mp4
patch up, https://media.signbsl.com/videos/asl/handsofgrace/mp4/YhnQBnA-e0A.mp4
patchwork, https://media.signbsl.com/videos/asl/youtube/mp4/lEwCejbb8Mk.mp4
patchy, https://media.signbsl.com/videos/asl/youtube/mp4/gBLDhed6tM8.mp4
patent, https://player.vimeo.com/external/391166777.sd.mp4?s=83a8a7ca1e0fd2488e317fc08876c4ead4a66c73&profile_id=164
patently, https://player.vimeo.com/external/392019736.sd.mp4?s=df93f16955a25d0bf635502323b5431605450066&profile_id=164
patent of invention, https://media.signbsl.com/videos/asl/youtube/mp4/b8eLgSaWnRI.mp4
pater, https://media.signbsl.com/videos/asl/aslsignbank/mp4/FATHER-764.mp4
paternal, https://media.signbsl.com/videos/asl/youtube/mp4/Bfmf6bO0Oyo.mp4
paternalism, https://player.vimeo.com/external/392386547.sd.mp4?s=72aa8096b40dc7801f1a52e49fcd5505643ff264&profile_id=164
paternity, https://media.signbsl.com/videos/asl/youtube/mp4/Sb5Gy6JAP-Y.mp4
path, https://media.signbsl.com/videos/asl/signlanguagestudent/mp4/path.mp4
pathetic, https://media.signbsl.com/videos/asl/startasl/mp4/poor.mp4
pathfinder, https://media.signbsl.com/videos/asl/youtube/mp4/Z_vyU9_arr0.mp4
pathless, https://media.signbsl.com/videos/asl/youtube/mp4/Nb-FYXB8LxY.mp4
pathogen, https://media.signbsl.com/videos/asl/deaftec/mp4/1409.mp4
pathologic, https://media.signbsl.com/videos/asl/youtube/mp4/loLJRaGY_tM.mp4
pathological, https://media.signbsl.com/videos/asl/youtube/mp4/loLJRaGY_tM.mp4
pathologies, https://player.vimeo.com/external/392867854.sd.mp4?s=cc85a25eb048af7805a999c158d43647c120ef1a&profile_id=164
pathologist, https://media.signbsl.com/videos/asl/youtube/mp4/OorEZI0zNrk.mp4
pathology, https://player.vimeo.com/external/392867854.sd.mp4?s=cc85a25eb048af7805a999c158d43647c120ef1a&profile_id=164
pathos, https://media.signbsl.com/videos/asl/aslsignbank/mp4/PITY-216.mp4
path to success, https://media.signbsl.com/videos/asl/youtube/mp4/ZnPEHY4-Jt8.mp4
patience, https://media.signbsl.com/videos/asl/aslsearch/mp4/patience.mp4
Patience Patience, https://media.signbsl.com/videos/asl/ids/mp4/2013-11-3440-patience-patiecent-1500k-ase.mp4
patient, https://media.signbsl.com/videos/asl/startasl/mp4/patient.mp4
patio, https://media.signbsl.com/videos/asl/youtube/mp4/KaeED4e00nU.mp4
patois, https://media.signbsl.com/videos/asl/youtube/mp4/eI8UPXKxO7o.mp4
pat on the back, https://media.signbsl.com/videos/asl/youtube/mp4/4oMpNY5Dw0U.mp4
patriarch, https://media.signbsl.com/videos/asl/youtube/mp4/K_Atk7q27SM.mp4
patriarchal, https://media.signbsl.com/videos/asl/ids/mp4/2013-11-3450-patriarch-1500k-ase.mp4
patriarchate, https://player.vimeo.com/external/392386633.sd.mp4?s=82d9dccfcba5f370c14d49016f403458fe475b7a&profile_id=164
patriarchy, https://player.vimeo.com/external/392386633.sd.mp4?s=82d9dccfcba5f370c14d49016f403458fe475b7a&profile_id=164
patrician, https://media.signbsl.com/videos/asl/youtube/mp4/p1KyWpThNvM.mp4
patricide, https://media.signbsl.com/videos/asl/youtube/mp4/vn48wS4zUSk.mp4
Patrick, https://media.signbsl.com/videos/asl/youtube/mp4/p1YlezVEPjg.mp4
patrimonial, https://media.signbsl.com/videos/asl/youtube/mp4/6y9neoz9rmE.mp4
patriot, https://media.signbsl.com/videos/asl/elementalaslconcepts/mp4/patriot.mp4
patriotic, https://media.signbsl.com/videos/asl/elementalaslconcepts/mp4/patriotic.mp4
patriotism, https://media.signbsl.com/videos/asl/youtube/mp4/LpUVKnSLPAY.mp4
patriots, https://media.signbsl.com/videos/asl/elementalaslconcepts/mp4/patriot.mp4
patrol, https://media.signbsl.com/videos/asl/youtube/mp4/gj_a7MtCPag.mp4
patrol car, https://media.signbsl.com/videos/asl/aslsearch/mp4/police-car.mp4
patrolwoman, https://media.signbsl.com/videos/asl/youtube/mp4/qsduxeTnZZc.mp4
patron, https://media.signbsl.com/videos/asl/youtube/mp4/ugqDWnO9h5E.mp4
patronage, https://player.vimeo.com/external/392649611.sd.mp4?s=c5ed40890c29b7733bfb9322644d40c27127a76b&profile_id=164
patroness, https://media.signbsl.com/videos/asl/youtube/mp4/MLUx1BNH5mg.mp4
patronise, https://player.vimeo.com/external/392386658.sd.mp4?s=af35bffa04816cad82d54f862342b79be3c22441&profile_id=164
patroniser, https://media.signbsl.com/videos/asl/youtube/mp4/IxVtITQY-u0.mp4
patronize, https://player.vimeo.com/external/392386658.sd.mp4?s=af35bffa04816cad82d54f862342b79be3c22441&profile_id=164
patronizer, https://media.signbsl.com/videos/asl/youtube/mp4/6shf7pl3GGI.mp4
patronne, https://media.signbsl.com/videos/asl/youtube/mp4/MLUx1BNH5mg.mp4
patsy, https://media.signbsl.com/videos/asl/youtube/mp4/sq_WJH8Guds.mp4
pattacake, https://media.signbsl.com/videos/asl/youtube/mp4/Ly0qnk7tY5g.mp4
patter, https://media.signbsl.com/videos/asl/youtube/mp4/O_2yhXK-ETE.mp4
pattering, https://media.signbsl.com/videos/asl/youtube/mp4/JB8FJHiMVzk.mp4
pattern, https://media.signbsl.com/videos/asl/tsdvideo/mp4/186.mp4
patter rain, https://media.signbsl.com/videos/asl/youtube/mp4/u_QxeBIlMTc.mp4
pat your head, https://media.signbsl.com/videos/asl/youtube/mp4/6qCxNMYDWXw.mp4
paucity, https://player.vimeo.com/external/392401731.sd.mp4?s=5cea399ef3fc8b7ec57c57bf4e6a8132ea87e9c0&profile_id=164
Paul, https://media.signbsl.com/videos/asl/valleybible/mp4/Paul-2.mp4
Paul Bunyan, https://media.signbsl.com/videos/asl/youtube/mp4/x3RQjXdaPJE.mp4
Paul the Apostle, https://media.signbsl.com/videos/asl/valleybible/mp4/Paul-2.mp4
paunch, https://media.signbsl.com/videos/asl/youtube/mp4/U55ys9soxw0.mp4
paunchy, https://media.signbsl.com/videos/asl/youtube/mp4/uW8aHyru2jo.mp4
pauper, https://media.signbsl.com/videos/asl/youtube/mp4/nkrWh0PpQVI.mp4
pauperism, https://media.signbsl.com/videos/asl/youtube/mp4/K_D9KSDI14c.mp4
pauperization, https://media.signbsl.com/videos/asl/youtube/mp4/K_D9KSDI14c.mp4
pause, https://player.vimeo.com/external/392401772.sd.mp4?s=c31373a71745f97aeea52d981b9225ea1cb6600a&profile_id=164
pavage, https://media.signbsl.com/videos/asl/youtube/mp4/nvDJ4YTHy-Q.mp4
pave, https://player.vimeo.com/external/392401806.sd.mp4?s=637a83bae1770d89db7b7a3a53ac5594cbed5007&profile_id=164
pavement, https://player.vimeo.com/external/392401840.sd.mp4?s=46c3980ec8d2ee2184919de807ab6a335683c24f&profile_id=164
paving, https://player.vimeo.com/external/392401840.sd.mp4?s=46c3980ec8d2ee2184919de807ab6a335683c24f&profile_id=164
paw, https://media.signbsl.com/videos/asl/aslsearch/mp4/hand.mp4
pawn, https://media.signbsl.com/videos/asl/youtube/mp4/oYb4lOQf2ok.mp4
pawnbroker, https://media.signbsl.com/videos/asl/youtube/mp4/bWwP2hJMEXk.mp4
paws, https://media.signbsl.com/videos/asl/aslsearch/mp4/hand.mp4
pay, https://media.signbsl.com/videos/asl/startasl/mp4/pay.mp4
pay attention, https://media.signbsl.com/videos/asl/aslsearch/mp4/pay-attention.mp4
payback, https://media.signbsl.com/videos/asl/aslsignbank/mp4/REVENGE-972.mp4
paycheck, https://media.signbsl.com/videos/asl/startasl/mp4/paycheck.mp4
payday, https://media.signbsl.com/videos/asl/youtube/mp4/1bIbOtT-xko.mp4
pay for expense with large sum, https://media.signbsl.com/videos/asl/startasl/mp4/pay-for-expense-with-large-sum.mp4
pay heed, https://media.signbsl.com/videos/asl/unoclimb/mp4/5JNHH2zsZR4.mp4
paying, https://media.signbsl.com/videos/asl/youtube/mp4/2LMawcEi1h4.mp4
pay in installments, https://media.signbsl.com/videos/asl/youtube/mp4/oL9G6hUHp8U.mp4
pay it forward, https://player.vimeo.com/external/392401906.sd.mp4?s=2b15728341b284d6789cae54dd4736ac39145d1e&profile_id=164
pay little by little, https://media.signbsl.com/videos/asl/youtube/mp4/6kEBfpC2YHk.mp4
payload, https://media.signbsl.com/videos/asl/youtube/mp4/fdfwrq6WTVA.mp4
paymaster, https://media.signbsl.com/videos/asl/youtube/mp4/T9H_Dr8-yUY.mp4
pay me, https://media.signbsl.com/videos/asl/youtube/mp4/S7x2GkVKkno.mp4
pay off, https://media.signbsl.com/videos/asl/aslsearch/mp4/pay-off.mp4
pay off debt, https://media.signbsl.com/videos/asl/startasl/mp4/pay-off-debt.mp4
pay out, https://player.vimeo.com/external/391978280.sd.mp4?s=31ef032c9d7051c128e487a0610244e8b61cfb2f&profile_id=164
payroll, https://media.signbsl.com/videos/asl/youtube/mp4/Ij0dOPmTWE4.mp4
payroll check, https://media.signbsl.com/videos/asl/startasl/mp4/paycheck.mp4
paysheet, https://media.signbsl.com/videos/asl/youtube/mp4/Ij0dOPmTWE4.mp4
payslip, https://media.signbsl.com/videos/asl/youtube/mp4/fepMhI4Qxrw.mp4
Pb, https://media.signbsl.com/videos/asl/aslsearch/mp4/lead.mp4
PC, https://media.signbsl.com/videos/asl/mariekatzenbachschool/mp4/PC.mp4
pct, https://media.signbsl.com/videos/asl/aslsearch/mp4/percent.mp4
pea, https://media.signbsl.com/videos/asl/aslsearch/mp4/pea.mp4
pea brain, https://player.vimeo.com/external/392694998.sd.mp4?s=5ab9782222328acda2660c2bc8349ea1eca8ab53&profile_id=164
peabrain, https://media.signbsl.com/videos/asl/youtube/mp4/6BLYmFMOxsM.mp4
peace, https://media.signbsl.com/videos/asl/signlanguagestudent/mp4/peace.mp4
peace b, https://media.signbsl.com/videos/asl/signlanguagestudent/mp4/peace-b.mp4
peaceful, https://player.vimeo.com/external/392695133.sd.mp4?s=449289e537d7559e3a94bab0f075e742638bdef6&profile_id=164
peacefulness, https://media.signbsl.com/videos/asl/youtube/mp4/wL1DvLSQ6QI.mp4
peaceful resolution, https://media.signbsl.com/videos/asl/elementalaslconcepts/mp4/peaceful_resolution.mp4
Peace Garden State, https://media.signbsl.com/videos/asl/youtube/mp4/1XpaRaw1T24.mp4
peacekeeper, https://media.signbsl.com/videos/asl/youtube/mp4/347o8V99PGE.mp4
Peacemaker, https://media.signbsl.com/videos/asl/youtube/mp4/EYV5QcYZLyM.mp4
peace of mind, https://media.signbsl.com/videos/asl/youtube/mp4/wL1DvLSQ6QI.mp4
peace out, https://media.signbsl.com/videos/asl/youtube/mp4/h4Ak6XDB7gM.mp4
peacetime, https://media.signbsl.com/videos/asl/youtube/mp4/HFELj_PR1VM.mp4
peach, https://media.signbsl.com/videos/asl/startasl/mp4/sweetheart.mp4
Peach State, https://media.signbsl.com/videos/asl/youtube/mp4/KXdagT4O0KM.mp4
peachy, https://media.signbsl.com/videos/asl/aslsearch/mp4/great.mp4
peacock, https://media.signbsl.com/videos/asl/aslsearch/mp4/peacock.mp4
peak, https://media.signbsl.com/videos/asl/youtube/mp4/vtjBXzMRLgM.mp4
peaked, https://media.signbsl.com/videos/asl/youtube/mp4/vduojz_rPl8.mp4
peal, https://media.signbsl.com/videos/asl/startasl/mp4/ring.mp4
pean, https://media.signbsl.com/videos/asl/youtube/mp4/Yx5otkn5IKQ.mp4
peanut, https://media.signbsl.com/videos/asl/youtube/mp4/3_v9vxps058.mp4
peanut butter, https://media.signbsl.com/videos/asl/aslsignbank/mp4/PEANUT-BUTTER-880.mp4
peanut butter & jelly, NA
pear, https://media.signbsl.com/videos/asl/aslsignbank/mp4/AND-2068.mp4
pearl, https://media.signbsl.com/videos/asl/aslsearch/mp4/pearl.mp4
Pearl of Great Price, https://media.signbsl.com/videos/asl/ids/mp4/2013-11-3470-pearl-of-great-price-1500k-ase.mp4
pearly, https://media.signbsl.com/videos/asl/youtube/mp4/bKMMezoQv5A.mp4
pearly white, https://media.signbsl.com/videos/asl/youtube/mp4/bKMMezoQv5A.mp4
peas, https://media.signbsl.com/videos/asl/aslsearch/mp4/pea.mp4
peasant, https://media.signbsl.com/videos/asl/youtube/mp4/F-PA0banXDE.mp4
peat bog, https://player.vimeo.com/external/391207615.sd.mp4?s=ce6872b243d2dcb94db35c518ece85ca5a5c996a&profile_id=164
pebble, https://media.signbsl.com/videos/asl/aslsearch/mp4/pebbles.mp4
pebbles, https://media.signbsl.com/videos/asl/aslsearch/mp4/pebbles.mp4
pebbly, https://media.signbsl.com/videos/asl/youtube/mp4/AfWbdoA88lw.mp4
peccadillo, https://media.signbsl.com/videos/asl/youtube/mp4/cFHQ7avQz-Y.mp4
peck, https://media.signbsl.com/videos/asl/aslsearch/mp4/lot.mp4
pecker, https://media.signbsl.com/videos/asl/aslsearch/mp4/dick.mp4
peckerwood, https://media.signbsl.com/videos/asl/aslsearch/mp4/woodpecker.mp4
pecking order, https://player.vimeo.com/external/392178766.sd.mp4?s=d01af02ca04dd12c9979181d7c52fc21120d281f&profile_id=164
peckish, https://player.vimeo.com/external/392684947.sd.mp4?s=25b140140ab5fde397ff8f68752e12ae1370b033&profile_id=164
pectin, https://media.signbsl.com/videos/asl/youtube/mp4/xOR0olkO4n4.mp4
pectus, https://media.signbsl.com/videos/asl/aslsearch/mp4/chest.mp4
peculate, https://media.signbsl.com/videos/asl/aslsearch/mp4/embezzle.mp4
peculation, https://media.signbsl.com/videos/asl/youtube/mp4/A84WYs51OOA.mp4
peculator, https://media.signbsl.com/videos/asl/youtube/mp4/mRx3Xd4thJ0.mp4
peculiar, https://media.signbsl.com/videos/asl/aslsignbank/mp4/STRANGE-688.mp4
peculiarity, https://media.signbsl.com/videos/asl/youtube/mp4/xVfeVGz1zZo.mp4
peculiarly, https://media.signbsl.com/videos/asl/aslsignbank/mp4/SPECIAL-1100.mp4
pecuniary, https://media.signbsl.com/videos/asl/youtube/mp4/nyAHoVstTaY.mp4
pecuniary resource, https://media.signbsl.com/videos/asl/valleybible/mp4/finances.mp4
pedagogic, https://media.signbsl.com/videos/asl/youtube/mp4/l0iNppKM9Wk.mp4
pedagogical, https://media.signbsl.com/videos/asl/youtube/mp4/l0iNppKM9Wk.mp4
pedagogue, https://media.signbsl.com/videos/asl/aslsignbank/mp4/TEACHER-792.mp4
pedagogy, https://media.signbsl.com/videos/asl/aslsignbank/mp4/STUDY-1139.mp4
pedal, https://media.signbsl.com/videos/asl/AustinCommunityCollege/mp4/weld_pedal_.mp4
pedal bike, https://player.vimeo.com/external/392402584.sd.mp4?s=1573d67affa1a1f8a22fb24364e6d6b0de06abaf&profile_id=164
pedant, https://media.signbsl.com/videos/asl/youtube/mp4/cEUUIim6wvk.mp4
peddle, https://media.signbsl.com/videos/asl/youtube/mp4/ThhACsH8E34.mp4
peddler, https://media.signbsl.com/videos/asl/youtube/mp4/vaI68nz35bI.mp4
pederast, https://media.signbsl.com/videos/asl/youtube/mp4/JKK-ijrSjvY.mp4
pedestal grinder, https://media.signbsl.com/videos/asl/AustinCommunityCollege/mp4/weld_pedestal_grinder_.mp4
pedestrian, https://media.signbsl.com/videos/asl/youtube/mp4/t7pRg8Ztw4I.mp4
pedestrian bridge, https://media.signbsl.com/videos/asl/youtube/mp4/iJUMLykUpCc.mp4
pediatric, https://media.signbsl.com/videos/asl/youtube/mp4/rXngjnNAxNQ.mp4
pediatrician, https://media.signbsl.com/videos/asl/youtube/mp4/4Y-HwfH_mQI.mp4
pediatrist, https://media.signbsl.com/videos/asl/youtube/mp4/4Y-HwfH_mQI.mp4
Pediculus corporis, https://media.signbsl.com/videos/asl/youtube/mp4/Q6oFkgSI_yM.mp4
pedicure, https://media.signbsl.com/videos/asl/youtube/mp4/BgwympUQFtI.mp4
pedicurist, https://media.signbsl.com/videos/asl/youtube/mp4/7TIiNDk0x2E.mp4
pedigree, https://media.signbsl.com/videos/asl/ids/mp4/2013-11-3480-pedigree-1500k-ase.mp4
pedlar, https://media.signbsl.com/videos/asl/youtube/mp4/vaI68nz35bI.mp4
pedometer, https://media.signbsl.com/videos/asl/youtube/mp4/s94UMjSBypY.mp4
pee, https://media.signbsl.com/videos/asl/aslsearch/mp4/urine.mp4
peek, https://media.signbsl.com/videos/asl/aslsearch/mp4/peek.mp4
peek a boo, https://player.vimeo.com/external/392402665.sd.mp4?s=a191467ebb9bcb09b5dd2e9ea2d38a7156cd2b5e&profile_id=164
peekaboo, https://player.vimeo.com/external/392402665.sd.mp4?s=a191467ebb9bcb09b5dd2e9ea2d38a7156cd2b5e&profile_id=164
peek hole, https://player.vimeo.com/external/392402709.sd.mp4?s=4458ecfa3fd442eb6831cfc67f69ab837746bec0&profile_id=164
peek over the wall, https://media.signbsl.com/videos/asl/youtube/mp4/t64nPkwW_cI.mp4
peel, https://media.signbsl.com/videos/asl/aslsignbank/mp4/PEEL-728.mp4
peeler, https://player.vimeo.com/external/392867878.sd.mp4?s=54e6450a2e8ccbc9dab9d2eb21ccbf1c74bd69f6&profile_id=164
peeling, https://media.signbsl.com/videos/asl/youtube/mp4/xEasbbLM3KU.mp4
peeling skin, https://player.vimeo.com/external/392402881.sd.mp4?s=6425bfe3d19e978ff03f7ef0209ffcf4e44a4bd9&profile_id=164
peel off, https://player.vimeo.com/external/392402788.sd.mp4?s=ad006786ab82141f6de64721054069cf5a83d7f6&profile_id=164
peel orange, https://media.signbsl.com/videos/asl/youtube/mp4/dj2kKouqtj8.mp4
peel skin off, https://media.signbsl.com/videos/asl/youtube/mp4/NFOmscSRNHk.mp4
peep, https://media.signbsl.com/videos/asl/aslsearch/mp4/peek.mp4
peeper, https://media.signbsl.com/videos/asl/youtube/mp4/UFIpVaXye14.mp4
Peeping Tom, https://media.signbsl.com/videos/asl/youtube/mp4/UFIpVaXye14.mp4
peepshow, https://media.signbsl.com/videos/asl/youtube/mp4/Hv2B5dla2gk.mp4
peer, https://player.vimeo.com/external/392402939.sd.mp4?s=ab4b1526c2abae1474f88cf7d0ce4e36e4e4f58d&profile_id=164
peer-to-peer, NA
peerless, https://player.vimeo.com/external/392375824.sd.mp4?s=853cfc016d2da0f6f16d6538a6fc61226844d1e2&profile_id=164
peeved, https://media.signbsl.com/videos/asl/youtube/mp4/d0MAlz7UTYM.mp4
peevish, https://player.vimeo.com/external/392684947.sd.mp4?s=25b140140ab5fde397ff8f68752e12ae1370b033&profile_id=164
peevishness, https://media.signbsl.com/videos/asl/youtube/mp4/A9OLapOO_Ys.mp4
peewee, https://media.signbsl.com/videos/asl/youtube/mp4/DAZVT1rt4ko.mp4
peg, https://media.signbsl.com/videos/asl/youtube/mp4/IpfRIP4mz88.mp4
Peh Peh (Interjection), https://player.vimeo.com/external/392402964.sd.mp4?s=fff1d03c834839af3bb7a1d615ce40fea0c931b1&profile_id=164
peh peh interjection, https://player.vimeo.com/external/392402964.sd.mp4?s=fff1d03c834839af3bb7a1d615ce40fea0c931b1&profile_id=164
peignoir, https://media.signbsl.com/videos/asl/youtube/mp4/JixNkV_JWvk.mp4
pei pei, https://media.signbsl.com/videos/asl/youtube/mp4/r6jv24pasPg.mp4
Peiping, https://media.signbsl.com/videos/asl/youtube/mp4/eYALPRl11Bo.mp4
Peking, https://media.signbsl.com/videos/asl/youtube/mp4/eYALPRl11Bo.mp4
pel, https://player.vimeo.com/external/392414535.sd.mp4?s=d45a9736392c292839ea6a6800bd87ec537148a0&profile_id=164
pelecypod, https://media.signbsl.com/videos/asl/youtube/mp4/8JxM5aNlH7A.mp4
pelf, https://media.signbsl.com/videos/asl/youtube/mp4/3WtmZlJ5YxA.mp4
pelican, https://player.vimeo.com/external/392403005.sd.mp4?s=b2a1a2f5dafe81dd53e20c5dde571eec00bd96fe&profile_id=164
Pelican State, https://media.signbsl.com/videos/asl/youtube/mp4/fgLJ8vQ30hY.mp4
pellucid, https://media.signbsl.com/videos/asl/elementalaslconcepts/mp4/transparent.mp4
pelt, https://media.signbsl.com/videos/asl/aslsearch/mp4/skin.mp4
pelt along, https://media.signbsl.com/videos/asl/youtube/mp4/SQLeej0gir8.mp4
pelter, https://media.signbsl.com/videos/asl/youtube/mp4/y3D4Xa4MweA.mp4
pen, https://media.signbsl.com/videos/asl/startasl/mp4/write.mp4
penal, https://media.signbsl.com/videos/asl/youtube/mp4/tjAi2oUuQPs.mp4
penalisation, https://media.signbsl.com/videos/asl/signlanguagestudent/mp4/punishment.mp4
penalise, https://media.signbsl.com/videos/asl/signlanguagestudent/mp4/punish.mp4
penalization, https://media.signbsl.com/videos/asl/signlanguagestudent/mp4/punishment.mp4
penalize, https://media.signbsl.com/videos/asl/signlanguagestudent/mp4/punish.mp4
penalty, https://media.signbsl.com/videos/asl/signlanguagestudent/mp4/punishment.mp4
penalty free throw, https://media.signbsl.com/videos/asl/aslbricks/mp4/free-throw.mp4
penance, https://media.signbsl.com/videos/asl/handsofgrace/mp4/tDkcwEOcj0k.mp4
penchant, https://media.signbsl.com/videos/asl/youtube/mp4/aEDKO8Bp5hk.mp4
pencil, https://media.signbsl.com/videos/asl/aslsearch/mp4/pencil.mp4
pencils down, https://media.signbsl.com/videos/asl/mariekatzenbachschool/mp4/pencils%20down.mp4
pencil sharpener, https://media.signbsl.com/videos/asl/aslsearch/mp4/pencil-sharpener.mp4
pend, https://media.signbsl.com/videos/asl/youtube/mp4/lEtnMhVs8rg.mp4
pendant, https://player.vimeo.com/external/392403170.sd.mp4?s=c48262bb324d7000acbb32b8a4e963d754c32349&profile_id=164
pending, https://media.signbsl.com/videos/asl/unoclimb/mp4/W8IaE0FMFvk.mp4
pendulum, https://player.vimeo.com/external/392403313.sd.mp4?s=6c2737fa7371069c86128df1e4476e9c978b031d&profile_id=164
pendulum clock, https://player.vimeo.com/external/392403285.sd.mp4?s=b4528a9905ea762975925a4e0854fcec4ad1d864&profile_id=164
penes, https://media.signbsl.com/videos/asl/youtube/mp4/So1Cx7rbRyU.mp4
penetrable, https://media.signbsl.com/videos/asl/youtube/mp4/q45b4bw2SQ4.mp4
penetrate, https://media.signbsl.com/videos/asl/aslsearch/mp4/penetrate.mp4
penetration, https://media.signbsl.com/videos/asl/AustinCommunityCollege/mp4/weld_penetration_.mp4
penfriend, NA
penguin, https://player.vimeo.com/external/392403365.sd.mp4?s=7b1b8a893abb0b1574623f87e3496f5605a0916c&profile_id=164
penicillin, https://media.signbsl.com/videos/asl/youtube/mp4/rbI9NovFAXM.mp4
peninsula, https://media.signbsl.com/videos/asl/youtube/mp4/6xWAwPMTY84.mp4
penis, https://media.signbsl.com/videos/asl/aslsearch/mp4/penis.mp4
penitence, https://media.signbsl.com/videos/asl/handsofgrace/mp4/tDkcwEOcj0k.mp4
penitentiaries, https://media.signbsl.com/videos/asl/youtube/mp4/mJqxf3lNaUg.mp4
penitentiary, https://media.signbsl.com/videos/asl/youtube/mp4/mJqxf3lNaUg.mp4
penmanship, https://player.vimeo.com/external/391226975.sd.mp4?s=8a9d56487874f28a8f862bb6c8760f1b5be076dd&profile_id=164
pennant, https://media.signbsl.com/videos/asl/aslsearch/mp4/pennant.mp4
pennant flag, https://player.vimeo.com/external/392403396.sd.mp4?s=af66d60adf1bfdb27dd21005506dd53d92844d1c&profile_id=164
penniless, https://media.signbsl.com/videos/asl/youtube/mp4/QZkMOLt6bEU.mp4
penning, https://media.signbsl.com/videos/asl/startasl/mp4/writing.mp4
pennon, https://media.signbsl.com/videos/asl/youtube/mp4/McSWFp9nSls.mp4
Pennsylvania, https://media.signbsl.com/videos/asl/youtube/mp4/M6dJoh6osVI.mp4
penny, https://media.signbsl.com/videos/asl/tsdvideo/mp4/1186.mp4
penny pinching, https://player.vimeo.com/external/392403422.sd.mp4?s=3924c540727fa6b70a9c18cf1bdb266f710f8c91&profile_id=164
pennysworth, https://media.signbsl.com/videos/asl/youtube/mp4/SAAvY4dwWA8.mp4
pension, https://media.signbsl.com/videos/asl/startasl/mp4/pension.mp4
pensionable, https://media.signbsl.com/videos/asl/youtube/mp4/uh0RuWzYBYI.mp4
pensionary, https://media.signbsl.com/videos/asl/youtube/mp4/L8lzq9f-ZQU.mp4
pensioner, https://media.signbsl.com/videos/asl/youtube/mp4/L8lzq9f-ZQU.mp4
pensive, https://media.signbsl.com/videos/asl/elementalaslconcepts/mp4/reflect.mp4
penstock, https://media.signbsl.com/videos/asl/youtube/mp4/Sg82d-NJ78s.mp4
pentacle, https://media.signbsl.com/videos/asl/youtube/mp4/xWITFYUMJ4o.mp4
Pentagon, https://media.signbsl.com/videos/asl/tsdvideo/mp4/489.mp4
pentagram, https://media.signbsl.com/videos/asl/youtube/mp4/xWITFYUMJ4o.mp4
Pentecostal, https://media.signbsl.com/videos/asl/valleybible/mp4/Pentecostal.mp4
Pentecostalist, https://media.signbsl.com/videos/asl/valleybible/mp4/Pentecostal.mp4
penthouse, https://media.signbsl.com/videos/asl/youtube/mp4/iJyaxx0PbSo.mp4
penultimate, https://media.signbsl.com/videos/asl/youtube/mp4/vLl2w4XT0SY.mp4
penurious, https://media.signbsl.com/videos/asl/youtube/mp4/QZkMOLt6bEU.mp4
penury, https://media.signbsl.com/videos/asl/youtube/mp4/K_D9KSDI14c.mp4
peon, https://media.signbsl.com/videos/asl/youtube/mp4/M2lXc_3P77M.mp4
people, https://media.signbsl.com/videos/asl/aslsignbank/mp4/PEOPLE-570.mp4
people dying, https://media.signbsl.com/videos/asl/youtube/mp4/EDWcHSCUaeY.mp4
people in a car, https://media.signbsl.com/videos/asl/youtube/mp4/xeBgasz7ciM.mp4
people in exclusionary group, https://media.signbsl.com/videos/asl/youtube/mp4/NMh66XgzOIw.mp4
people in their exclusionary group, https://media.signbsl.com/videos/asl/youtube/mp4/UHWt-HBXacY.mp4
people look at me slowly, https://media.signbsl.com/videos/asl/youtube/mp4/vc8Zo6qmjqk.mp4
people look at me suddenly, https://media.signbsl.com/videos/asl/youtube/mp4/a8c3VoY0Bs4.mp4
Peoples Republic of Bangladesh, https://media.signbsl.com/videos/asl/youtube/mp4/YUEsILL38p0.mp4
Peoples Republic of China, https://media.signbsl.com/videos/asl/startasl/mp4/china.mp4
people transfer out, https://media.signbsl.com/videos/asl/youtube/mp4/oBAzlRmpQgk.mp4
people with disabilities, https://player.vimeo.com/external/392403515.sd.mp4?s=eb886678041b0aadc12ece2736d94ec8155d40c7&profile_id=164
pepper, https://media.signbsl.com/videos/asl/startasl/mp4/pepper.mp4
pepperoni, https://media.signbsl.com/videos/asl/youtube/mp4/ZxGPQ5IV8rM.mp4
peppers, https://media.signbsl.com/videos/asl/startasl/mp4/pepper.mp4
peppery, https://media.signbsl.com/videos/asl/youtube/mp4/QjbsIwolxP0.mp4
pep pill, https://media.signbsl.com/videos/asl/youtube/mp4/9WWpEvZq8mY.mp4
Pepsi, https://media.signbsl.com/videos/asl/youtube/mp4/ZXNYkEp8cEo.mp4
Pepsi Cola, https://media.signbsl.com/videos/asl/youtube/mp4/ZXNYkEp8cEo.mp4
pepsin, https://media.signbsl.com/videos/asl/youtube/mp4/M8QDqJWVzYg.mp4
peptic, https://media.signbsl.com/videos/asl/youtube/mp4/E6L9P9cAvkc.mp4
peptide, https://media.signbsl.com/videos/asl/deaftec/mp4/1410.mp4
pep up, https://media.signbsl.com/videos/asl/ids/mp4/2013-11-1580-exhort-warn-1500k-ase.mp4
per, https://media.signbsl.com/videos/asl/youtube/mp4/qvikKB5KR6M.mp4
peradventure, https://media.signbsl.com/videos/asl/aslsignbank/mp4/MAYBE-505.mp4
perambulate, https://media.signbsl.com/videos/asl/youtube/mp4/1S5iq1rMPfg.mp4
perambulator, https://media.signbsl.com/videos/asl/aslsearch/mp4/stroller.mp4
per annum, https://player.vimeo.com/external/391162924.sd.mp4?s=01faf7bd81194f1b8a5dfcf554b0d2532d843ed8&profile_id=164
perceivable, https://player.vimeo.com/external/392547403.sd.mp4?s=bc5739dacea4ba04f1bd3cf79ff7d11cf11e1745&profile_id=164
perceive, https://player.vimeo.com/external/392403658.sd.mp4?s=2ef782b31236b241e227c1781554031ec967cb00&profile_id=164
perceiver, https://media.signbsl.com/videos/asl/youtube/mp4/RyB-bjlOPIw.mp4
percent, https://media.signbsl.com/videos/asl/aslsearch/mp4/percent.mp4
percentage, https://media.signbsl.com/videos/asl/aslsearch/mp4/percent.mp4
percent decrease, https://media.signbsl.com/videos/asl/tsdvideo/mp4/1271.mp4
percentile, https://media.signbsl.com/videos/asl/youtube/mp4/Sy00sE5Js5I.mp4
percent increase, https://media.signbsl.com/videos/asl/tsdvideo/mp4/1272.mp4
per centum, https://media.signbsl.com/videos/asl/aslsearch/mp4/percent.mp4
percept, https://media.signbsl.com/videos/asl/aslsearch/mp4/perception.mp4
perception, https://media.signbsl.com/videos/asl/aslsearch/mp4/perception.mp4
perception qualia, https://media.signbsl.com/videos/asl/philosophy/mp4/Perception%20(Qualia)-HD.mp4
perceptive, https://media.signbsl.com/videos/asl/youtube/mp4/UgDaLOf51nQ.mp4
perceptual experience, https://media.signbsl.com/videos/asl/aslsearch/mp4/perception.mp4
perch, https://media.signbsl.com/videos/asl/youtube/mp4/4qCrhiv5w1s.mp4
perchance, https://media.signbsl.com/videos/asl/aslsignbank/mp4/MAYBE-505.mp4
percipient, https://media.signbsl.com/videos/asl/youtube/mp4/-c9QnEgVjP4.mp4
percolate, https://media.signbsl.com/videos/asl/youtube/mp4/cT6It-bkwYY.mp4
percussion, https://player.vimeo.com/external/392403753.sd.mp4?s=c7b5ab3438019229f721fa13450560a9080db181&profile_id=164
peregrine, https://media.signbsl.com/videos/asl/elementalaslconcepts/mp4/nomadic.mp4
peremptorily, https://media.signbsl.com/videos/asl/youtube/mp4/jHpMZMpySNY.mp4
peremptory, https://player.vimeo.com/external/391209793.sd.mp4?s=fffad125c766bc15de55b0924d5a4efa9cc0fbeb&profile_id=164
perennial, https://media.signbsl.com/videos/asl/youtube/mp4/BItGJsTUvvQ.mp4
perfect, https://media.signbsl.com/videos/asl/aslsearch/mp4/perfect.mp4
perfecta, https://media.signbsl.com/videos/asl/youtube/mp4/0s_OK2DMBno.mp4
perfectible, https://media.signbsl.com/videos/asl/youtube/mp4/uS8DgIL8HjI.mp4
Perfecting the Saints, https://media.signbsl.com/videos/asl/ids/mp4/2013-11-349-perfecting-the-saints-1500k-ase.mp4
perfection, https://media.signbsl.com/videos/asl/youtube/mp4/SaEolRnY4XQ.mp4
perfectionism, https://media.signbsl.com/videos/asl/youtube/mp4/5Fh99gpZY4Y.mp4
perfectly, https://media.signbsl.com/videos/asl/aslsignbank/mp4/PROMISE-674.mp4
perfect square, https://media.signbsl.com/videos/asl/tsdvideo/mp4/557.mp4
perfect square trinomial, https://media.signbsl.com/videos/asl/youtube/mp4/cQUJ9YZ4xRY.mp4
perfervid, https://media.signbsl.com/videos/asl/youtube/mp4/35XVDI_yYMo.mp4
perfidiousness, https://media.signbsl.com/videos/asl/youtube/mp4/wJU0aMQ6sXQ.mp4
perfidy, https://media.signbsl.com/videos/asl/youtube/mp4/wJU0aMQ6sXQ.mp4
perforate, https://media.signbsl.com/videos/asl/aslsearch/mp4/penetrate.mp4
perform, https://media.signbsl.com/videos/asl/signlanguagestudent/mp4/do.mp4
performance, https://media.signbsl.com/videos/asl/signlanguagestudent/mp4/performance.mp4
performing, https://media.signbsl.com/videos/asl/youtube/mp4/6FybTiA7Yc8.mp4
perfume, https://media.signbsl.com/videos/asl/aslsearch/mp4/perfume.mp4
perfumer, https://media.signbsl.com/videos/asl/youtube/mp4/Vf3GxqfNRtM.mp4
perfumeries, https://media.signbsl.com/videos/asl/youtube/mp4/9YkAC7kGT-Y.mp4
perfumery, https://media.signbsl.com/videos/asl/youtube/mp4/9YkAC7kGT-Y.mp4
perfunctorily, https://media.signbsl.com/videos/asl/youtube/mp4/M9fSKnxDTnM.mp4
pergola, https://media.signbsl.com/videos/asl/youtube/mp4/5x5Xjkv5OpE.mp4
perhaps, https://media.signbsl.com/videos/asl/aslsignbank/mp4/MAYBE-505.mp4
peril, https://media.signbsl.com/videos/asl/aslsearch/mp4/endanger.mp4
perimeter, https://media.signbsl.com/videos/asl/tsdvideo/mp4/327.mp4
perinatal, https://media.signbsl.com/videos/asl/youtube/mp4/wklTok2MXvo.mp4
period, https://media.signbsl.com/videos/asl/aslsignbank/mp4/ERA-3166.mp4
periodically, https://media.signbsl.com/videos/asl/youtube/mp4/nw_BkqRlx2g.mp4
periodic function, https://media.signbsl.com/videos/asl/tsdvideo/mp4/1506.mp4
periodic table, https://player.vimeo.com/external/392403997.sd.mp4?s=2e61d4227b2d4cecfa8ce000dd14ea7c5a7394a6&profile_id=164
period mark, https://media.signbsl.com/videos/asl/youtube/mp4/3AmjdT2IUCI.mp4
period of a function, https://media.signbsl.com/videos/asl/youtube/mp4/AcOuzmUti-8.mp4
period of time, https://media.signbsl.com/videos/asl/aslsignbank/mp4/ERA-3166.mp4
periodontal, https://media.signbsl.com/videos/asl/youtube/mp4/FDGkn83Stp8.mp4
periodontic, https://media.signbsl.com/videos/asl/youtube/mp4/FDGkn83Stp8.mp4
periodontist, https://media.signbsl.com/videos/asl/youtube/mp4/EP6m4KrL6mA.mp4
period time, https://player.vimeo.com/external/392403974.sd.mp4?s=ef891ed2a43a66d90eba0f579d93a666bf74a2fd&profile_id=164
periosteum, https://media.signbsl.com/videos/asl/youtube/mp4/Y6QjyHiFTvk.mp4
peripatetic, https://media.signbsl.com/videos/asl/youtube/mp4/kk_xT_k_EF4.mp4
peripheral, https://media.signbsl.com/videos/asl/aslsearch/mp4/peripheral.mp4
periphery, https://media.signbsl.com/videos/asl/youtube/mp4/cTsVelc74iE.mp4
periphrases, https://media.signbsl.com/videos/asl/youtube/mp4/p9j6lKjlhjQ.mp4
periscope, https://media.signbsl.com/videos/asl/youtube/mp4/_mA4XNhoym4.mp4
perish, https://media.signbsl.com/videos/asl/aslsearch/mp4/die.mp4
perishable, https://media.signbsl.com/videos/asl/youtube/mp4/3YsBOYL8y8c.mp4
peristalsis, https://media.signbsl.com/videos/asl/youtube/mp4/Am5qrW7sxuU.mp4
perjure, https://media.signbsl.com/videos/asl/youtube/mp4/TL8p--BjvAI.mp4
perjurer, https://media.signbsl.com/videos/asl/youtube/mp4/NS2xm9Zuebc.mp4
perjury, https://media.signbsl.com/videos/asl/unoclimb/mp4/w-1M8nrvpSQ.mp4
perk up, https://media.signbsl.com/videos/asl/AustinCommunityCollege/mp4/elec_energize_.mp4
perm, https://media.signbsl.com/videos/asl/youtube/mp4/hHwy4KFL5QU.mp4
permafrost, https://media.signbsl.com/videos/asl/youtube/mp4/pEmbM9eai3w.mp4
permanent, https://media.signbsl.com/videos/asl/aslsearch/mp4/lasting.mp4
permanently, https://player.vimeo.com/external/392129991.sd.mp4?s=a845c7ab422dd305c00023b787588f4c8563c52a&profile_id=164
permanent wave, https://media.signbsl.com/videos/asl/youtube/mp4/hHwy4KFL5QU.mp4
permeability, https://media.signbsl.com/videos/asl/youtube/mp4/KVo1p0EWN-E.mp4
permeableness, https://media.signbsl.com/videos/asl/youtube/mp4/KVo1p0EWN-E.mp4
permeate, https://media.signbsl.com/videos/asl/youtube/mp4/5XHzLSZ_06M.mp4
permeation, https://media.signbsl.com/videos/asl/youtube/mp4/qNAl_Hi3Co4.mp4
permissible, https://media.signbsl.com/videos/asl/youtube/mp4/7XNxZDu9wiI.mp4
permission, https://player.vimeo.com/external/392404085.sd.mp4?s=620057e0764377f74b4f0d42e8e3ee1656f81088&profile_id=164
permissive, https://media.signbsl.com/videos/asl/youtube/mp4/ce9lj1uiW38.mp4
permit, https://media.signbsl.com/videos/asl/aslsearch/mp4/let.mp4
permit document, https://player.vimeo.com/external/392867899.sd.mp4?s=8cc9a5ea398e651819f9f6aa56e831635bdbe505&profile_id=164
permutation, https://media.signbsl.com/videos/asl/tsdvideo/mp4/568.mp4
pernicious, https://media.signbsl.com/videos/asl/youtube/mp4/6LoiRTzD0TI.mp4
perogies, https://player.vimeo.com/external/392404122.sd.mp4?s=fd3ab0e4b4dcc84e0a7d695621932da7e01a96cf&profile_id=164
peroration, https://media.signbsl.com/videos/asl/youtube/mp4/2UzPoVWgpRQ.mp4
perpendicular, https://media.signbsl.com/videos/asl/deaftec-math/mp4/53D-1.mp4
perpendicular lines, https://media.signbsl.com/videos/asl/tsdvideo/mp4/252.mp4
perpetrate, https://media.signbsl.com/videos/asl/youtube/mp4/LscX5iHGhCY.mp4
perpetrator, https://media.signbsl.com/videos/asl/youtube/mp4/LJq-oPFVNyI.mp4
perpetual, https://media.signbsl.com/videos/asl/ids/mp4/2013-11-1520-everlasting-1500k-ase.mp4
perpetuate, https://media.signbsl.com/videos/asl/youtube/mp4/FO1ncdXGoNY.mp4
perplex, https://media.signbsl.com/videos/asl/youtube/mp4/jLiQYyCMKCg.mp4
perplexed, https://media.signbsl.com/videos/asl/aslsearch/mp4/bizarre2.mp4
per se, https://player.vimeo.com/external/392403623.sd.mp4?s=8c1e54d0604f9ad6ada45eec91060dd2dd6da698&profile_id=164
persecute, https://media.signbsl.com/videos/asl/aslsignbank/mp4/OPPRESS-2312.mp4
Persecute Persecution, https://media.signbsl.com/videos/asl/ids/mp4/2013-11-3500-persecute-perscution-1500k-ase.mp4
persecutor, https://media.signbsl.com/videos/asl/youtube/mp4/QoUGJw8rCMc.mp4
perseverance, https://player.vimeo.com/external/392404405.sd.mp4?s=45aa72980fa353b097757ed24798eaa238ec2061&profile_id=164
perseveration, https://player.vimeo.com/external/392404405.sd.mp4?s=45aa72980fa353b097757ed24798eaa238ec2061&profile_id=164
persevere, https://media.signbsl.com/videos/asl/valleybible/mp4/persevere.mp4
persevering, https://player.vimeo.com/external/391976208.sd.mp4?s=7c4ce4c5603f08120cc640031f61ce77b9e450d4&profile_id=164
Persia, https://media.signbsl.com/videos/asl/startasl/mp4/iran.mp4
persist, https://media.signbsl.com/videos/asl/valleybible/mp4/persevere.mp4
persistence, https://player.vimeo.com/external/392695410.sd.mp4?s=1a3915520dbf02fb8450cfdf4604e62ce471fd8d&profile_id=164
persistent, https://media.signbsl.com/videos/asl/youtube/mp4/m-Kbjw5Q3Os.mp4
persnickety, https://media.signbsl.com/videos/asl/youtube/mp4/r5B9BYxItD0.mp4
person, https://media.signbsl.com/videos/asl/aslsignbank/mp4/PERSON-888.mp4
persona, https://media.signbsl.com/videos/asl/youtube/mp4/a83ZLL4Y6tQ.mp4
personage, https://media.signbsl.com/videos/asl/youtube/mp4/MHZ7UONwUG0.mp4
personal, https://media.signbsl.com/videos/asl/aslsearch/mp4/personal.mp4
personal appeal, https://media.signbsl.com/videos/asl/youtube/mp4/W56e24uaUXw.mp4
personal computer, https://media.signbsl.com/videos/asl/mariekatzenbachschool/mp4/PC.mp4
personal conflict, https://player.vimeo.com/external/392404492.sd.mp4?s=54ed2c8930f6944acc9423feed899c47f3356fba&profile_id=164
personal foul, https://media.signbsl.com/videos/asl/youtube/mp4/Mu3q0G-ABM4.mp4
personal identification number, https://player.vimeo.com/external/392410757.sd.mp4?s=4ccceef78375c48e1ab83605bd5c67eb2711926a&profile_id=164
personal identity, https://media.signbsl.com/videos/asl/signlanguagestudent/mp4/identity.mp4
personal identity through time, https://media.signbsl.com/videos/asl/philosophy/mp4/Personal%20Identity%20(Through%20Time)-HD.mp4
personalise, https://media.signbsl.com/videos/asl/youtube/mp4/MtSVI-FWOwc.mp4
personalities, https://media.signbsl.com/videos/asl/aslsearch/mp4/personality.mp4
personality, https://media.signbsl.com/videos/asl/aslsearch/mp4/personality.mp4
personalize, https://media.signbsl.com/videos/asl/youtube/mp4/MtSVI-FWOwc.mp4
personal magnetism, https://media.signbsl.com/videos/asl/youtube/mp4/W56e24uaUXw.mp4
personals, https://media.signbsl.com/videos/asl/aslsearch/mp4/personal.mp4
personate, https://media.signbsl.com/videos/asl/youtube/mp4/aw_HYjC3f7o.mp4
personification, https://media.signbsl.com/videos/asl/youtube/mp4/vfw48VKb5PQ.mp4
personnel, https://media.signbsl.com/videos/asl/youtube/mp4/E7PDxWA7nc8.mp4
person philosophical context only, https://media.signbsl.com/videos/asl/philosophy/mp4/Person-HD.mp4
perspective, https://media.signbsl.com/videos/asl/elementalaslconcepts/mp4/perspective.mp4
perspective art, https://player.vimeo.com/external/392404615.sd.mp4?s=6c150c007f5d3badbdae80ae7702d570e8ae9fce&profile_id=164
perspective view, https://player.vimeo.com/external/392404714.sd.mp4?s=f4514f304966a0cbb107a767fd3262ad9ae51c49&profile_id=164
perspicuous, https://media.signbsl.com/videos/asl/youtube/mp4/j7lpFrVh5MI.mp4
perspiration, https://media.signbsl.com/videos/asl/aslsearch/mp4/sweat.mp4
perspire, https://player.vimeo.com/external/392404739.sd.mp4?s=f8c6bb62c49f52977424a7e13033ed408b713ee0&profile_id=164
perspiry, https://media.signbsl.com/videos/asl/youtube/mp4/8HiTvdAaVs0.mp4
persuadable, https://media.signbsl.com/videos/asl/youtube/mp4/dyryci5Nc0M.mp4
persuade, https://media.signbsl.com/videos/asl/aslsearch/mp4/carry.mp4
persuasible, https://media.signbsl.com/videos/asl/youtube/mp4/dyryci5Nc0M.mp4
persuasion, https://media.signbsl.com/videos/asl/aslsignbank/mp4/OPINION-1536.mp4
persuasive writing, https://media.signbsl.com/videos/asl/elementalaslconcepts/mp4/persuasive_writing.mp4
pertain, https://media.signbsl.com/videos/asl/youtube/mp4/axYn_QVdQzs.mp4
pertinence, https://media.signbsl.com/videos/asl/youtube/mp4/QC0GuFO8FBM.mp4
pertinency, https://media.signbsl.com/videos/asl/youtube/mp4/QC0GuFO8FBM.mp4
pertinent, https://media.signbsl.com/videos/asl/youtube/mp4/PqIeqz5qYPU.mp4
perturb, https://media.signbsl.com/videos/asl/youtube/mp4/ddFfUcrlA2E.mp4
perturbed, https://player.vimeo.com/external/392677035.sd.mp4?s=1d477c4d9ab9925d48ca0f4dd8b2b97200bc8bfd&profile_id=164
pertussis, https://media.signbsl.com/videos/asl/youtube/mp4/5Olr1Kp7tf8.mp4
Peru, https://media.signbsl.com/videos/asl/youtube/mp4/UR9-mt1k4qY.mp4
pervade, https://media.signbsl.com/videos/asl/youtube/mp4/5XHzLSZ_06M.mp4
perverse, https://media.signbsl.com/videos/asl/youtube/mp4/tSJruKHlmJ0.mp4
pervert, https://media.signbsl.com/videos/asl/youtube/mp4/C-3vwdlF-Bk.mp4
perverted, https://media.signbsl.com/videos/asl/youtube/mp4/wHF65ZbvBAw.mp4
per year, https://player.vimeo.com/external/391162924.sd.mp4?s=01faf7bd81194f1b8a5dfcf554b0d2532d843ed8&profile_id=164
Pesach, https://media.signbsl.com/videos/asl/aslsearch/mp4/cracker.mp4
Pesah, https://media.signbsl.com/videos/asl/aslsearch/mp4/cracker.mp4
peskier, https://media.signbsl.com/videos/asl/youtube/mp4/1a_Uhbbi2Ow.mp4
peskily, https://media.signbsl.com/videos/asl/youtube/mp4/2QlhDKGwWoo.mp4
pesky, https://media.signbsl.com/videos/asl/startasl/mp4/annoying.mp4
pessimistic, https://media.signbsl.com/videos/asl/youtube/mp4/CaQXzkDj-MU.mp4
pest, https://player.vimeo.com/external/392404962.sd.mp4?s=68dc0b8a12245f77b68a35012bf47a0717f09204&profile_id=164
pester, https://media.signbsl.com/videos/asl/elementalaslconcepts/mp4/tease.mp4
pesterer, https://player.vimeo.com/external/392404962.sd.mp4?s=68dc0b8a12245f77b68a35012bf47a0717f09204&profile_id=164
pestering, https://media.signbsl.com/videos/asl/startasl/mp4/annoying.mp4
pesticide, https://media.signbsl.com/videos/asl/youtube/mp4/R7hlfm7pP1M.mp4
pestiferous, https://media.signbsl.com/videos/asl/startasl/mp4/annoying.mp4
pestilence, https://media.signbsl.com/videos/asl/youtube/mp4/SKep1POF884.mp4
pestle, https://media.signbsl.com/videos/asl/youtube/mp4/cLtxZrem1pU.mp4
pet, https://media.signbsl.com/videos/asl/startasl/mp4/pet.mp4
petal, https://media.signbsl.com/videos/asl/elementalaslconcepts/mp4/petal.mp4
peter, https://media.signbsl.com/videos/asl/aslsearch/mp4/dick.mp4
peter cottontail, https://media.signbsl.com/videos/asl/youtube/mp4/ZD2c9VttTSY.mp4
peter out, https://media.signbsl.com/videos/asl/youtube/mp4/RH_2zcpxKnc.mp4
petite, https://player.vimeo.com/external/392520787.sd.mp4?s=0b76cce8f13515bc4666a6742cbd71b118525152&profile_id=164
peter out, https://media.signbsl.com/videos/asl/youtube/mp4/RH_2zcpxKnc.mp4
petite, https://player.vimeo.com/external/392520787.sd.mp4?s=0b76cce8f13515bc4666a6742cbd71b118525152&profile_id=164
petiteness, https://media.signbsl.com/videos/asl/youtube/mp4/Kmnm0Y-Qfxk.mp4
petition, https://media.signbsl.com/videos/asl/youtube/mp4/UiA3e973NMo.mp4
petitioner, https://media.signbsl.com/videos/asl/unoclimb/mp4/2Ik_GUy93BQ.mp4
petitioner plaintiff, https://media.signbsl.com/videos/asl/unoclimb/mp4/2Ik_GUy93BQ.mp4
pet peeve, https://player.vimeo.com/external/392405021.sd.mp4?s=74dbbcdb685516218a06ccecc8868d2b613b10c8&profile_id=164
petrifaction, https://media.signbsl.com/videos/asl/youtube/mp4/xKXsQlrwhmY.mp4
petrol, https://player.vimeo.com/external/392142154.sd.mp4?s=6d1e3f780d5296774299a1d1d24de28711db8843&profile_id=164
petroleum, https://media.signbsl.com/videos/asl/youtube/mp4/4FdOHtHqfoM.mp4
petrologist, https://media.signbsl.com/videos/asl/youtube/mp4/n8IcUmIsetE.mp4
petrol station, https://media.signbsl.com/videos/asl/aslsearch/mp4/gas-station.mp4
petticoat, https://media.signbsl.com/videos/asl/youtube/mp4/yojjjIvZ_HI.mp4
pettifog, https://media.signbsl.com/videos/asl/aslsignbank/mp4/DELIBERATE-1240.mp4
pettifogger, https://media.signbsl.com/videos/asl/youtube/mp4/Xuc9VKhC3-Y.mp4
pettifoggery, https://media.signbsl.com/videos/asl/startasl/mp4/spat.mp4
pettily, https://media.signbsl.com/videos/asl/youtube/mp4/phTBfrfi7P8.mp4
petting, https://player.vimeo.com/external/392380749.sd.mp4?s=e9db38157d1680d5cda5968ce9f87323b597ee9c&profile_id=164
pettish, https://player.vimeo.com/external/392684947.sd.mp4?s=25b140140ab5fde397ff8f68752e12ae1370b033&profile_id=164
pettishly, https://media.signbsl.com/videos/asl/youtube/mp4/9mAP45LLjKA.mp4
pettishness, https://media.signbsl.com/videos/asl/youtube/mp4/ZFdQI4FxN2k.mp4
petty, https://player.vimeo.com/external/392405172.sd.mp4?s=999dee96e54cd64db24cbe3d3681007732843ff4&profile_id=164
petulance, https://media.signbsl.com/videos/asl/youtube/mp4/A9OLapOO_Ys.mp4
petulant, https://player.vimeo.com/external/392684947.sd.mp4?s=25b140140ab5fde397ff8f68752e12ae1370b033&profile_id=164
petulantly, https://media.signbsl.com/videos/asl/youtube/mp4/9mAP45LLjKA.mp4
pH, https://media.signbsl.com/videos/asl/youtube/mp4/bsLidArnVq0.mp4
phagocyte, https://media.signbsl.com/videos/asl/youtube/mp4/k6sXgRlFbwA.mp4
phallic, https://media.signbsl.com/videos/asl/youtube/mp4/LzYZYjwhTzI.mp4
phallus, https://media.signbsl.com/videos/asl/aslsearch/mp4/penis.mp4
phantasm, https://media.signbsl.com/videos/asl/youtube/mp4/fAsOC4Rnqsg.mp4
phantasma, https://media.signbsl.com/videos/asl/youtube/mp4/fAsOC4Rnqsg.mp4
phantasmal, https://media.signbsl.com/videos/asl/youtube/mp4/E0sQ4Qu9OL8.mp4
phantasy, https://media.signbsl.com/videos/asl/aslsignbank/mp4/FANTASY-1383.mp4
phantasy world, https://media.signbsl.com/videos/asl/youtube/mp4/DVOcH3oUXhk.mp4
phantom, https://media.signbsl.com/videos/asl/youtube/mp4/fAsOC4Rnqsg.mp4
Pharaoh, https://media.signbsl.com/videos/asl/valleybible/mp4/Pharaoh.mp4
Pharaoh of Egypt, https://media.signbsl.com/videos/asl/valleybible/mp4/Pharaoh.mp4
Pharisee, https://media.signbsl.com/videos/asl/valleybible/mp4/Pharises.mp4
pharisees, https://media.signbsl.com/videos/asl/valleybible/mp4/Pharises.mp4
pharmacist, https://media.signbsl.com/videos/asl/youtube/mp4/rfHxXHcNFw8.mp4
pharmacological medicine, https://media.signbsl.com/videos/asl/youtube/mp4/gYUx0CFc-OU.mp4
pharmacology, https://media.signbsl.com/videos/asl/youtube/mp4/gYUx0CFc-OU.mp4
pharmacy, https://media.signbsl.com/videos/asl/aslsearch/mp4/pharmacy.mp4
pharos, https://media.signbsl.com/videos/asl/aslsignbank/mp4/LIGHT-SHINE-1648.mp4
pharyngeal pouches, https://media.signbsl.com/videos/asl/youtube/mp4/W0lG4JqtyUM.mp4
pharyngitis, https://media.signbsl.com/videos/asl/startasl/mp4/sore-throat.mp4
pharynx, https://media.signbsl.com/videos/asl/aslsearch/mp4/throat.mp4
phase, https://player.vimeo.com/external/392405248.sd.mp4?s=dafb42e6fabf4a4b56c86c3aafe9fa1a3a756938&profile_id=164
phase out, https://media.signbsl.com/videos/asl/youtube/mp4/Ov9KGOb0w8g.mp4
phase shift, https://media.signbsl.com/videos/asl/youtube/mp4/d4iCONRNPH4.mp4
phase velocity, https://media.signbsl.com/videos/asl/youtube/mp4/gNMDkrPagmQ.mp4
phat, https://media.signbsl.com/videos/asl/youtube/mp4/V59XPN60iIc.mp4
pheasant, https://media.signbsl.com/videos/asl/youtube/mp4/buRUaIOoMa8.mp4
phelgm, https://player.vimeo.com/external/392405271.sd.mp4?s=c5d0271084145353fbdefe2e92be4db11028cde2&profile_id=164
phenom, https://media.signbsl.com/videos/asl/youtube/mp4/LmF30FBs_h0.mp4
phenomena, https://media.signbsl.com/videos/asl/youtube/mp4/eRW6wXl4_NA.mp4
phenomenologist, https://media.signbsl.com/videos/asl/youtube/mp4/qPdxBaA1KY0.mp4
phenomenology, https://media.signbsl.com/videos/asl/philosophy/mp4/Phenomenology-HD.mp4
phenomenon, https://media.signbsl.com/videos/asl/youtube/mp4/eRW6wXl4_NA.mp4
phenotype, https://media.signbsl.com/videos/asl/deaftec/mp4/1411.mp4
pheromone, https://media.signbsl.com/videos/asl/youtube/mp4/MIoGeJ77CZY.mp4
phew, https://media.signbsl.com/videos/asl/youtube/mp4/HwRaJPWH_jk.mp4
phial, https://media.signbsl.com/videos/asl/youtube/mp4/KPKRQjWzyNw.mp4
Philadelphia, https://media.signbsl.com/videos/asl/aslsignbank/mp4/PHILADELPHIA-892.mp4
philander, https://player.vimeo.com/external/392628128.sd.mp4?s=f51a206e4542530e57824f938a3328af4d72530b&profile_id=164
philanderer, https://media.signbsl.com/videos/asl/youtube/mp4/FvCJhUIEw20.mp4
philanthropic, https://media.signbsl.com/videos/asl/youtube/mp4/Lz8U1jAFXek.mp4
philanthropic gift, https://media.signbsl.com/videos/asl/elementalaslconcepts/mp4/philanthropy.mp4
philanthropist, https://media.signbsl.com/videos/asl/youtube/mp4/FbeTa2jZiRg.mp4
philanthropy, https://media.signbsl.com/videos/asl/elementalaslconcepts/mp4/philanthropy.mp4
philharmonic, https://media.signbsl.com/videos/asl/youtube/mp4/UtU6G1i51yE.mp4
philidelphia, https://media.signbsl.com/videos/asl/youtube/mp4/JulF7MiUlc8.mp4
philippic, https://media.signbsl.com/videos/asl/youtube/mp4/LEjHUc8srSs.mp4
Philippine Islands, https://player.vimeo.com/external/392405414.sd.mp4?s=9119f3a8bf043d8fc324993c1c9c26b7a60d78a0&profile_id=164
Philippines, https://player.vimeo.com/external/392405414.sd.mp4?s=9119f3a8bf043d8fc324993c1c9c26b7a60d78a0&profile_id=164
philistinism, https://media.signbsl.com/videos/asl/youtube/mp4/0Zoj9O4MuO0.mp4
phillies, https://media.signbsl.com/videos/asl/aslsignbank/mp4/PHILLIES-894.mp4
Phillips screwdriver, https://media.signbsl.com/videos/asl/AustinCommunityCollege/mp4/auto_phillips_screwdr_.mp4
philosopher, https://media.signbsl.com/videos/asl/youtube/mp4/rJ1XYVWl7ho.mp4
philosophic, https://media.signbsl.com/videos/asl/youtube/mp4/OTTQjdB7KEk.mp4
philosophical, https://media.signbsl.com/videos/asl/youtube/mp4/OTTQjdB7KEk.mp4
philosophical system, https://media.signbsl.com/videos/asl/signlanguagestudent/mp4/doctrine.mp4
philosophise, https://media.signbsl.com/videos/asl/youtube/mp4/1T2b7gLqTa4.mp4
philosophize, https://media.signbsl.com/videos/asl/youtube/mp4/1T2b7gLqTa4.mp4
philosophy, https://media.signbsl.com/videos/asl/aslsearch/mp4/philosophy.mp4
phish, https://media.signbsl.com/videos/asl/youtube/mp4/iMNNuPWgmRM.mp4
phishing, https://media.signbsl.com/videos/asl/deaftec/mp4/1031.mp4
phlegmatic, https://media.signbsl.com/videos/asl/youtube/mp4/t-U8OoBPEt4.mp4
phlegmatical, https://media.signbsl.com/videos/asl/youtube/mp4/t-U8OoBPEt4.mp4
phloem, https://media.signbsl.com/videos/asl/deaftec/mp4/1412.mp4
Phoenix, https://media.signbsl.com/videos/asl/youtube/mp4/cppdS6OGA2g.mp4
phoenix arizona, https://player.vimeo.com/external/392405528.sd.mp4?s=92ffb7b5afb56b2c7c6ddd4cf2bc75a905430867&profile_id=164
phone, https://media.signbsl.com/videos/asl/startasl/mp4/telephone.mp4
phone charger, https://player.vimeo.com/external/392695473.sd.mp4?s=f521eda3423bf687658731102179ec3a38665bf3&profile_id=164
phoneme, https://media.signbsl.com/videos/asl/youtube/mp4/kg0cgIxEXpI.mp4
phonemics, https://player.vimeo.com/external/392405580.sd.mp4?s=3003e91a3cb1867517e6f40bca0927320910abcf&profile_id=164
phone tapper, https://media.signbsl.com/videos/asl/youtube/mp4/zoREOpA7wzk.mp4
phoney, https://media.signbsl.com/videos/asl/aslsignbank/mp4/HYPOCRITE-754.mp4
phonocentrism, https://player.vimeo.com/external/392405564.sd.mp4?s=aa1d1cba63ad5b95e11cd3125bfe04fb4c24581e&profile_id=164
phonograph record, https://media.signbsl.com/videos/asl/aslsearch/mp4/record2.mp4
phonograph recording, https://media.signbsl.com/videos/asl/aslsearch/mp4/record2.mp4
phonology, https://player.vimeo.com/external/392405580.sd.mp4?s=3003e91a3cb1867517e6f40bca0927320910abcf&profile_id=164
phonon, https://media.signbsl.com/videos/asl/youtube/mp4/YgX19dytIh8.mp4
phony, https://media.signbsl.com/videos/asl/aslsignbank/mp4/HYPOCRITE-754.mp4
phooey, https://media.signbsl.com/videos/asl/youtube/mp4/qjv68eYHnU4.mp4
phosphorescence, https://media.signbsl.com/videos/asl/youtube/mp4/wx7nLBOSNzo.mp4
photo, https://player.vimeo.com/external/392409530.sd.mp4?s=2cb03b72b7dd323ba36f3673f046dac2a7c095b8&profile_id=164
photo album, https://media.signbsl.com/videos/asl/startasl/mp4/photo-album.mp4
photobomb, https://player.vimeo.com/external/392405593.sd.mp4?s=58779da0811b3afabb661e2af3d83fc5d8c3304d&profile_id=164
photocopied, https://media.signbsl.com/videos/asl/youtube/mp4/k3Wwg1k0rtk.mp4
photocopy, https://media.signbsl.com/videos/asl/aslsearch/mp4/xerox.mp4
photoelectric, https://media.signbsl.com/videos/asl/youtube/mp4/9UpKPHgSJvQ.mp4
photoelectrical, https://media.signbsl.com/videos/asl/youtube/mp4/9UpKPHgSJvQ.mp4
photoengrave, https://media.signbsl.com/videos/asl/youtube/mp4/6WOUPQpbdvY.mp4
photoflash, https://player.vimeo.com/external/392127731.sd.mp4?s=04773ea93836afa17c1535d5bf94894524b42ceb&profile_id=164
photoflood, https://player.vimeo.com/external/392128756.sd.mp4?s=6996c4fc9869651adb405e8dec2d541f080d652f&profile_id=164
photogenic, https://media.signbsl.com/videos/asl/youtube/mp4/5XG0jnkja48.mp4
photograph, https://player.vimeo.com/external/392409530.sd.mp4?s=2cb03b72b7dd323ba36f3673f046dac2a7c095b8&profile_id=164
photographer, https://media.signbsl.com/videos/asl/startasl/mp4/photographer.mp4
photographic camera, https://media.signbsl.com/videos/asl/startasl/mp4/camera.mp4
photographic film, https://media.signbsl.com/videos/asl/youtube/mp4/GUzoo3CGhsE.mp4
photography, https://media.signbsl.com/videos/asl/startasl/mp4/photography.mp4
photojournalism, https://media.signbsl.com/videos/asl/youtube/mp4/8K4i7CXhnn0.mp4
photojournalist, https://media.signbsl.com/videos/asl/youtube/mp4/9spLyzI66zM.mp4
photoluminescence, https://media.signbsl.com/videos/asl/youtube/mp4/zfICBLZk-dA.mp4
photon, https://media.signbsl.com/videos/asl/youtube/mp4/LPV2R5CFC8o.mp4
photosensitive, https://media.signbsl.com/videos/asl/youtube/mp4/ljnlenfg330.mp4
photosynthesis, https://media.signbsl.com/videos/asl/elementalaslconcepts/mp4/photosynthesis.mp4
photovoltaic, https://media.signbsl.com/videos/asl/AustinCommunityCollege/mp4/elec_photovoltaic_.mp4
photovoltaic pv, https://media.signbsl.com/videos/asl/AustinCommunityCollege/mp4/elec_photovoltaic_.mp4
phrasal, https://media.signbsl.com/videos/asl/youtube/mp4/PblElrOQY8k.mp4
phrase, https://media.signbsl.com/videos/asl/elementalaslconcepts/mp4/phrase.mp4
phrasebook, NA
phraseology, https://media.signbsl.com/videos/asl/youtube/mp4/QrJDaf7cGnw.mp4
phrase structure, https://media.signbsl.com/videos/asl/elementalaslconcepts/mp4/sentence_structure.mp4
phrasing, https://media.signbsl.com/videos/asl/youtube/mp4/QrJDaf7cGnw.mp4
phrenetic, https://media.signbsl.com/videos/asl/youtube/mp4/qedv1U2-Cbk.mp4
phrenitis, https://media.signbsl.com/videos/asl/youtube/mp4/sfm6ntKI6pc.mp4
phrenology, https://media.signbsl.com/videos/asl/youtube/mp4/2CO5ITZ7g_I.mp4
phroenisis, https://media.signbsl.com/videos/asl/philosophy/mp4/Phroenisis%20(Practical%20Reasoning)-HD.mp4
pH scale, https://media.signbsl.com/videos/asl/youtube/mp4/bsLidArnVq0.mp4
phylogenesis, https://media.signbsl.com/videos/asl/deaftec/mp4/1375.mp4
phylogeny, https://media.signbsl.com/videos/asl/deaftec/mp4/1375.mp4
phylum, https://media.signbsl.com/videos/asl/youtube/mp4/97OqEp1QoRQ.mp4
physiatrics, https://media.signbsl.com/videos/asl/youtube/mp4/jWJSGhKLdxo.mp4
physical, https://media.signbsl.com/videos/asl/signlanguagestudent/mp4/physical.mp4
physical attraction, https://media.signbsl.com/videos/asl/youtube/mp4/CXoxuaHSmwc.mp4
physical body, https://media.signbsl.com/videos/asl/ids/mp4/2013-11-3520-physical-body-1500k-ase.mp4
physical characteristics, https://media.signbsl.com/videos/asl/elementalaslconcepts/mp4/physical_characterists.mp4
Physical Death, https://media.signbsl.com/videos/asl/ids/mp4/2013-11-3510-physical-death-1500k-ase.mp4
physical exercise, https://media.signbsl.com/videos/asl/aslsearch/mp4/exercise.mp4
physical exertion, https://media.signbsl.com/videos/asl/aslsearch/mp4/exercise.mp4
physicalism, https://media.signbsl.com/videos/asl/philosophy/mp4/Materialism-HD.mp4
physical layer, https://media.signbsl.com/videos/asl/deaftec/mp4/1032.mp4
physical object, https://media.signbsl.com/videos/asl/aslsignbank/mp4/PROTEST-1495.mp4
physical p, https://media.signbsl.com/videos/asl/signlanguagestudent/mp4/physical-p.mp4
physical science, https://media.signbsl.com/videos/asl/startasl/mp4/physics.mp4
physical structure, https://media.signbsl.com/videos/asl/aslsignbank/mp4/BODY-788.mp4
physical therapist, https://player.vimeo.com/external/392695512.sd.mp4?s=7924431cd81a8578e80ecae2b1d53412c6d6d2b4&profile_id=164
physical therapy, https://media.signbsl.com/videos/asl/youtube/mp4/jWJSGhKLdxo.mp4
physician, https://media.signbsl.com/videos/asl/startasl/mp4/doctor.mp4
physicist, https://media.signbsl.com/videos/asl/youtube/mp4/wnX3Gg2E-5g.mp4
physics, https://media.signbsl.com/videos/asl/startasl/mp4/physics.mp4
physiologic, https://media.signbsl.com/videos/asl/youtube/mp4/a0MsjB0tPe4.mp4
physiological, https://media.signbsl.com/videos/asl/youtube/mp4/a0MsjB0tPe4.mp4
physiological reaction, https://media.signbsl.com/videos/asl/youtube/mp4/EF9nRi7vJMY.mp4
physiologist, https://media.signbsl.com/videos/asl/youtube/mp4/g0vNc0HiaNo.mp4
physiotherapies, https://media.signbsl.com/videos/asl/youtube/mp4/jWJSGhKLdxo.mp4
physiotherapist, https://player.vimeo.com/external/392695512.sd.mp4?s=7924431cd81a8578e80ecae2b1d53412c6d6d2b4&profile_id=164
physiotherapy, https://media.signbsl.com/videos/asl/youtube/mp4/jWJSGhKLdxo.mp4
physique, https://media.signbsl.com/videos/asl/ids/mp4/2013-11-3520-physical-body-1500k-ase.mp4
phytologist, https://media.signbsl.com/videos/asl/youtube/mp4/vPTFq6v-WV8.mp4
pi, https://media.signbsl.com/videos/asl/tsdvideo/mp4/345.mp4
pianistic, https://media.signbsl.com/videos/asl/youtube/mp4/G3iSuh6O2vM.mp4
piano, https://media.signbsl.com/videos/asl/startasl/mp4/piano.mp4
piano accordion, https://media.signbsl.com/videos/asl/youtube/mp4/ktkxlYapr-Y.mp4
pianoforte, https://media.signbsl.com/videos/asl/startasl/mp4/piano.mp4
piano noodle, https://media.signbsl.com/videos/asl/youtube/mp4/N2-BXIiimmw.mp4
piano tuner, https://media.signbsl.com/videos/asl/youtube/mp4/2Hqsm7yH_mE.mp4
pic, https://media.signbsl.com/videos/asl/startasl/mp4/movie.mp4
picaresque, https://media.signbsl.com/videos/asl/youtube/mp4/ZL_RLlipvms.mp4
piccolo, https://media.signbsl.com/videos/asl/youtube/mp4/8VyWzkl7GCM.mp4
pick, https://media.signbsl.com/videos/asl/aslsearch/mp4/cream.mp4
pickaback, https://media.signbsl.com/videos/asl/youtube/mp4/8aArSvmnseA.mp4
pick apart, https://media.signbsl.com/videos/asl/aslsignbank/mp4/CORRECT-1167.mp4
picker, https://media.signbsl.com/videos/asl/youtube/mp4/Gx9a_EF3xmg.mp4
picket, https://media.signbsl.com/videos/asl/aslsearch/mp4/picket.mp4
picketer, https://media.signbsl.com/videos/asl/youtube/mp4/7Rfa_n6tGg0.mp4
picket fence, https://player.vimeo.com/external/392409929.sd.mp4?s=72ed09d384c9f9243b2b20a6add888a9c8cd57e9&profile_id=164
picketing, https://player.vimeo.com/external/392409970.sd.mp4?s=d13d2c66057cf16f053feebcd04adbb00f4fba4c&profile_id=164
pick it up, https://media.signbsl.com/videos/asl/youtube/mp4/tguOT-UZNUo.mp4
pickle, https://media.signbsl.com/videos/asl/aslsignbank/mp4/PICKLE-2006.mp4
pickle also pineapple, https://media.signbsl.com/videos/asl/aslsignbank/mp4/PICKLE-2008.mp4
picknicker, https://media.signbsl.com/videos/asl/youtube/mp4/HwAq7MDznyU.mp4
pick nose, https://media.signbsl.com/videos/asl/youtube/mp4/dmo1bb6PL0k.mp4
pick off, https://media.signbsl.com/videos/asl/youtube/mp4/mOdLR2jvDB8.mp4
pick on, https://media.signbsl.com/videos/asl/aslsearch/mp4/bicker.mp4
pick on someone, https://media.signbsl.com/videos/asl/youtube/mp4/LxGmfkIZzzI.mp4
pick out, https://media.signbsl.com/videos/asl/elementalaslconcepts/mp4/select.mp4
pick over, https://media.signbsl.com/videos/asl/youtube/mp4/C0PI1gCbjcc.mp4
pickpocket, https://media.signbsl.com/videos/asl/aslsearch/mp4/pickpocket.mp4
pick up, https://media.signbsl.com/videos/asl/aslsearch/mp4/apprehend.mp4
pickup, https://media.signbsl.com/videos/asl/aslsearch/mp4/apprehend.mp4
pick up like a pro, https://media.signbsl.com/videos/asl/youtube/mp4/En6rq3sQJkI.mp4
picky, https://media.signbsl.com/videos/asl/youtube/mp4/aWtpeBBDvHo.mp4
picnic, https://media.signbsl.com/videos/asl/aslsearch/mp4/picnic.mp4
picnicker, https://media.signbsl.com/videos/asl/youtube/mp4/HwAq7MDznyU.mp4
pictograph, https://media.signbsl.com/videos/asl/tsdvideo/mp4/1187.mp4
pictographic, https://player.vimeo.com/external/392410139.sd.mp4?s=14588e51ca595594372bd0ba81b45259b8a9eb5f&profile_id=164
pictorial, https://media.signbsl.com/videos/asl/youtube/mp4/R-AOMMvOS1k.mp4
picture, https://media.signbsl.com/videos/asl/startasl/mp4/movie.mp4
picture element, https://player.vimeo.com/external/392414535.sd.mp4?s=d45a9736392c292839ea6a6800bd87ec537148a0&profile_id=164
picture frame, https://media.signbsl.com/videos/asl/startasl/mp4/picture-frame.mp4
picture gallery, https://player.vimeo.com/external/391169322.sd.mp4?s=8f2e52b24816af7bca72691b0a56b4f22f584b28&profile_id=164
picture palace, https://media.signbsl.com/videos/asl/aslsearch/mp4/cinema.mp4
picture show, https://media.signbsl.com/videos/asl/startasl/mp4/movie.mp4
picturesque, https://media.signbsl.com/videos/asl/youtube/mp4/_-CBGakEh0E.mp4
picture taking, https://media.signbsl.com/videos/asl/startasl/mp4/photography.mp4
piddle, https://media.signbsl.com/videos/asl/aslsearch/mp4/urine.mp4
piddle away, https://media.signbsl.com/videos/asl/youtube/mp4/-ZsvMxAYAHo.mp4
pidgin, https://media.signbsl.com/videos/asl/youtube/mp4/qEw9Za02CpY.mp4
pie, https://media.signbsl.com/videos/asl/aslsearch/mp4/pie.mp4
piebald, https://media.signbsl.com/videos/asl/youtube/mp4/CJVGVGHeBjY.mp4
piece, https://media.signbsl.com/videos/asl/signlanguagestudent/mp4/part.mp4
piece de resistance, https://media.signbsl.com/videos/asl/youtube/mp4/nV5D8PA9u5c.mp4
piecemeal, https://media.signbsl.com/videos/asl/youtube/mp4/AWZfXkdPWWw.mp4
piece of ass, https://media.signbsl.com/videos/asl/aslsignbank/mp4/INTERCOURSE-2909.mp4
piece of cake, https://media.signbsl.com/videos/asl/aslsignbank/mp4/TRITE-2362.mp4
piece of furniture, https://media.signbsl.com/videos/asl/startasl/mp4/furniture.mp4
piece of tail, https://media.signbsl.com/videos/asl/aslsignbank/mp4/INTERCOURSE-2909.mp4
piecewise function, https://media.signbsl.com/videos/asl/youtube/mp4/2VdgCWL_Nio.mp4
piecework, https://media.signbsl.com/videos/asl/youtube/mp4/N39S01wyo4w.mp4
pied, https://media.signbsl.com/videos/asl/youtube/mp4/CJVGVGHeBjY.mp4
Piedmont, https://media.signbsl.com/videos/asl/youtube/mp4/NxPgCXo323M.mp4
pied piper, https://media.signbsl.com/videos/asl/youtube/mp4/CO1kQ_jM1RM.mp4
pie eyed, https://player.vimeo.com/external/392518215.sd.mp4?s=113d53ba6f2c71f52d578ada70db149ecff96e8b&profile_id=164
pie formula, https://media.signbsl.com/videos/asl/AustinCommunityCollege/mp4/elec_PIE_.mp4
pier, https://player.vimeo.com/external/392410286.sd.mp4?s=ed2b96d1c6968863316401491ee785230e3a8bf0&profile_id=164
pierce, https://player.vimeo.com/external/392410328.sd.mp4?s=070f3fb026299404dcfd94cf3d9d3606db64da36&profile_id=164
pierced ears, https://media.signbsl.com/videos/asl/aslsearch/mp4/pierced-ears.mp4
piety, https://media.signbsl.com/videos/asl/handsofgrace/mp4/RT3ldgYg9eo.mp4
piffle, https://player.vimeo.com/external/395755650.sd.mp4?s=e614f7ba9f29061f03aa1ebe5b2ac124960ff956&profile_id=164
pig, https://media.signbsl.com/videos/asl/aslsearch/mp4/pig.mp4
pig a back, https://media.signbsl.com/videos/asl/youtube/mp4/8aArSvmnseA.mp4
pigboat, https://media.signbsl.com/videos/asl/aslsearch/mp4/submarine.mp4
pigeonhole, https://media.signbsl.com/videos/asl/youtube/mp4/tv-FmvNm-48.mp4
pigeon toed, https://player.vimeo.com/external/392410388.sd.mp4?s=ff2906ce4d4bd8e89032e8a86466cf50a35d6ce0&profile_id=164
piggies, https://media.signbsl.com/videos/asl/youtube/mp4/KVXAaz_32LY.mp4
piggish, https://media.signbsl.com/videos/asl/youtube/mp4/C1khvXDACpE.mp4
piggy, https://media.signbsl.com/videos/asl/youtube/mp4/KVXAaz_32LY.mp4
piggyback, https://media.signbsl.com/videos/asl/youtube/mp4/8aArSvmnseA.mp4
piglet, https://media.signbsl.com/videos/asl/youtube/mp4/KVXAaz_32LY.mp4
pigment, https://media.signbsl.com/videos/asl/deaftec/mp4/1413.mp4
pig out, https://media.signbsl.com/videos/asl/youtube/mp4/EnExJmA5Af4.mp4
pigpen, https://media.signbsl.com/videos/asl/youtube/mp4/EhxkyQaGd98.mp4
pigsty, https://media.signbsl.com/videos/asl/youtube/mp4/EhxkyQaGd98.mp4
pigswill, https://media.signbsl.com/videos/asl/youtube/mp4/3qyOlHI1IAA.mp4
pigtail, https://player.vimeo.com/external/392410427.sd.mp4?s=d1f9acb9ce79c65e2158686a9cd1bd579353759c&profile_id=164
pigwash, https://media.signbsl.com/videos/asl/youtube/mp4/3qyOlHI1IAA.mp4
pike, https://media.signbsl.com/videos/asl/startasl/mp4/freeway.mp4
pile, https://media.signbsl.com/videos/asl/aslsignbank/mp4/HEAP-1774.mp4
piles, https://media.signbsl.com/videos/asl/aslsignbank/mp4/AUDIENCE-2081.mp4
pile up, https://media.signbsl.com/videos/asl/aslsignbank/mp4/INCREASE-2424.mp4
pileup, https://media.signbsl.com/videos/asl/aslsignbank/mp4/INCREASE-2424.mp4
pilfer, https://media.signbsl.com/videos/asl/youtube/mp4/oLLgLsxlDeo.mp4
pilferer, https://media.signbsl.com/videos/asl/youtube/mp4/pJpFI_APDQQ.mp4
pilgrim, https://media.signbsl.com/videos/asl/aslsearch/mp4/pilgrim.mp4
pilgrimage, https://media.signbsl.com/videos/asl/youtube/mp4/qEy_5oPKttM.mp4
pilgrims, https://media.signbsl.com/videos/asl/aslsearch/mp4/pilgrim.mp4
pilgrims journey, https://media.signbsl.com/videos/asl/youtube/mp4/qEy_5oPKttM.mp4
pill, https://media.signbsl.com/videos/asl/youtube/mp4/54AUqovg4Cs.mp4
pillage, https://media.signbsl.com/videos/asl/youtube/mp4/tJNaWI_1WiY.mp4
pillager, https://media.signbsl.com/videos/asl/youtube/mp4/AsARS28zh9s.mp4
pillaging, https://media.signbsl.com/videos/asl/youtube/mp4/5AYXmr94NYQ.mp4
pillar, https://media.signbsl.com/videos/asl/aslsearch/mp4/pillar.mp4
pillock, https://media.signbsl.com/videos/asl/youtube/mp4/8XhgGnhsOFw.mp4
pill organizer, https://player.vimeo.com/external/392700002.sd.mp4?s=9486f504e0bbcb7b032f031c7885a34fcaaff7b1&profile_id=164
pillow, https://media.signbsl.com/videos/asl/startasl/mp4/pillow.mp4
pillowcase, https://media.signbsl.com/videos/asl/youtube/mp4/c1V6j4-Ytq0.mp4
pillow slip, https://media.signbsl.com/videos/asl/youtube/mp4/c1V6j4-Ytq0.mp4
pill pusher, https://media.signbsl.com/videos/asl/youtube/mp4/rfHxXHcNFw8.mp4
pill roller, https://media.signbsl.com/videos/asl/youtube/mp4/rfHxXHcNFw8.mp4
pilot, https://media.signbsl.com/videos/asl/aslsearch/mp4/pilot.mp4
pimp, https://media.signbsl.com/videos/asl/youtube/mp4/mCQNDCGpKj4.mp4
pimple, https://media.signbsl.com/videos/asl/aslsearch/mp4/pimple.mp4
pimples, https://media.signbsl.com/videos/asl/aslsearch/mp4/pimple.mp4
pin, https://player.vimeo.com/external/392410757.sd.mp4?s=4ccceef78375c48e1ab83605bd5c67eb2711926a&profile_id=164
pinata, https://media.signbsl.com/videos/asl/youtube/mp4/8pz9wMGet94.mp4
pinball, https://player.vimeo.com/external/392700054.sd.mp4?s=02a4e0547a5578698f2ea01e2ef2c54b1a3650ad&profile_id=164
pinball game, https://player.vimeo.com/external/392700054.sd.mp4?s=02a4e0547a5578698f2ea01e2ef2c54b1a3650ad&profile_id=164
pincer, https://media.signbsl.com/videos/asl/elementalaslconcepts/mp4/pincer.mp4
pincers, https://media.signbsl.com/videos/asl/elementalaslconcepts/mp4/pincer.mp4
pinch, https://player.vimeo.com/external/392536677.sd.mp4?s=6bf8dff353aa33cfc6b588f5d56861511f754a1c&profile_id=164
pinched, https://media.signbsl.com/videos/asl/youtube/mp4/QZkMOLt6bEU.mp4
pinch hit, https://media.signbsl.com/videos/asl/youtube/mp4/53v4_yWPrRE.mp4
pinch touch screen, https://player.vimeo.com/external/392410872.sd.mp4?s=cab135f0a246220f8e06c22d45310441e79229ec&profile_id=164
pine, https://media.signbsl.com/videos/asl/youtube/mp4/zI5HjCCtuZs.mp4
pineal body, https://player.vimeo.com/external/392410901.sd.mp4?s=b01691de4c3d59918a02642252749331bbd509f8&profile_id=164
pineal eye, https://player.vimeo.com/external/392511062.sd.mp4?s=44bfa995a7b173c971ab42069e25f1f85f8b3128&profile_id=164
pineal gland, https://player.vimeo.com/external/392410901.sd.mp4?s=b01691de4c3d59918a02642252749331bbd509f8&profile_id=164
pineapple, https://media.signbsl.com/videos/asl/startasl/mp4/pineapple.mp4
pine tree, https://media.signbsl.com/videos/asl/youtube/mp4/7HPowK00xtg.mp4
Pine Tree State, https://media.signbsl.com/videos/asl/aslsignbank/mp4/MAINE-3482.mp4
ping, https://media.signbsl.com/videos/asl/youtube/mp4/optZtgB9k4U.mp4
Ping Pong, https://media.signbsl.com/videos/asl/aslsearch/mp4/ping-pong.mp4
pinhead, https://media.signbsl.com/videos/asl/youtube/mp4/ZHm41Ke-Xs8.mp4
pinhole, https://media.signbsl.com/videos/asl/youtube/mp4/rOCIdm01358.mp4
pinion, https://media.signbsl.com/videos/asl/youtube/mp4/McSWFp9nSls.mp4
pinion yoke, https://media.signbsl.com/videos/asl/AustinCommunityCollege/mp4/auto_pinion_yoke_.mp4
pink, https://media.signbsl.com/videos/asl/startasl/mp4/pink.mp4
pinkeye, https://media.signbsl.com/videos/asl/youtube/mp4/BKCOIjwTrq4.mp4
pinkie, https://player.vimeo.com/external/392413714.sd.mp4?s=0244721b2a09a38d41168a4b005dd093a4c6739c&profile_id=164
pinkish, https://media.signbsl.com/videos/asl/startasl/mp4/pink.mp4
pink slipped, https://media.signbsl.com/videos/asl/startasl/mp4/fired-2.mp4
pinky, https://player.vimeo.com/external/392413714.sd.mp4?s=0244721b2a09a38d41168a4b005dd093a4c6739c&profile_id=164
pin money, https://player.vimeo.com/external/392868420.sd.mp4?s=2536562969d3f52e948ab2d02594ed2777653f2d&profile_id=164
pinnacle, https://media.signbsl.com/videos/asl/youtube/mp4/HCCTxyhliG4.mp4
pinnate, https://media.signbsl.com/videos/asl/youtube/mp4/Cm6kCapsYqc.mp4
pinnated, https://media.signbsl.com/videos/asl/youtube/mp4/Cm6kCapsYqc.mp4
pinnochio, https://media.signbsl.com/videos/asl/youtube/mp4/mkLN1UifTHI.mp4
PIN number, https://player.vimeo.com/external/392410757.sd.mp4?s=4ccceef78375c48e1ab83605bd5c67eb2711926a&profile_id=164
pinocchio, https://media.signbsl.com/videos/asl/youtube/mp4/x0ZWyMygTR4.mp4
pin on, https://media.signbsl.com/videos/asl/youtube/mp4/pkkCHTJqLy8.mp4
pinon, https://media.signbsl.com/videos/asl/youtube/mp4/pkkCHTJqLy8.mp4
pinprick, https://media.signbsl.com/videos/asl/youtube/mp4/FcTE4y659iw.mp4
pint, https://media.signbsl.com/videos/asl/tsdvideo/mp4/490.mp4
pinto, https://media.signbsl.com/videos/asl/youtube/mp4/aINkjnyeZ1c.mp4
pinyon, https://media.signbsl.com/videos/asl/youtube/mp4/pkkCHTJqLy8.mp4
pioneer, https://media.signbsl.com/videos/asl/ids/mp4/2013-11-3530-pioneer-1500k-ase.mp4
pious, https://media.signbsl.com/videos/asl/youtube/mp4/KSpe0Mz72jo.mp4
piousness, https://media.signbsl.com/videos/asl/handsofgrace/mp4/RT3ldgYg9eo.mp4
pip, https://media.signbsl.com/videos/asl/youtube/mp4/IUQipzJoIVA.mp4
pipe, https://media.signbsl.com/videos/asl/aslsearch/mp4/pipe.mp4
pipe 1g 2g 5g 6g, https://media.signbsl.com/videos/asl/AustinCommunityCollege/mp4/weld_pipe_.mp4
pipe amse high pressure, https://media.signbsl.com/videos/asl/AustinCommunityCollege/mp4/weld_pipe_AMSE_.mp4
pipe ap1 low pressure, https://media.signbsl.com/videos/asl/AustinCommunityCollege/mp4/weld_pipe_AP1_.mp4
pipe down, https://media.signbsl.com/videos/asl/elementalaslconcepts/mp4/quiet_down.mp4
pipe fitter, https://media.signbsl.com/videos/asl/aslsearch/mp4/plumber.mp4
pipeline, https://media.signbsl.com/videos/asl/aslsearch/mp4/pipeline.mp4
pipet, https://media.signbsl.com/videos/asl/deaftec/mp4/1414.mp4
pipette, https://media.signbsl.com/videos/asl/deaftec/mp4/1414.mp4
pipe weed, https://player.vimeo.com/external/392413860.sd.mp4?s=80bd88e09d6af04188c3411436822c1f472bd9e0&profile_id=164
pipsqueak, NA
piquant, https://media.signbsl.com/videos/asl/youtube/mp4/C8dSAQKO4Oc.mp4
piquantly, https://media.signbsl.com/videos/asl/youtube/mp4/Hz7A2lfgbKQ.mp4
pique, https://media.signbsl.com/videos/asl/youtube/mp4/l4W8A9BBFKE.mp4
piracy, https://media.signbsl.com/videos/asl/elementalaslconcepts/mp4/plagerism.mp4
piranha, https://media.signbsl.com/videos/asl/thefamilyvocab/mp4/vulture.mp4
pirate, https://media.signbsl.com/videos/asl/youtube/mp4/77AA28kKNeM.mp4
pirouette, https://media.signbsl.com/videos/asl/youtube/mp4/NSvP-UntY5k.mp4
piscary, https://media.signbsl.com/videos/asl/youtube/mp4/TWk8ST9rFSQ.mp4
pismire, https://media.signbsl.com/videos/asl/aslsearch/mp4/ant.mp4
piss, https://media.signbsl.com/videos/asl/aslsearch/mp4/urine.mp4
piss away, https://media.signbsl.com/videos/asl/youtube/mp4/soT1b-94hg4.mp4
pissed, https://player.vimeo.com/external/392518215.sd.mp4?s=113d53ba6f2c71f52d578ada70db149ecff96e8b&profile_id=164
pissed off, https://media.signbsl.com/videos/asl/youtube/mp4/d0MAlz7UTYM.mp4
pistil, https://media.signbsl.com/videos/asl/elementalaslconcepts/mp4/pistil.mp4
piston, https://media.signbsl.com/videos/asl/AustinCommunityCollege/mp4/auto_pistons_.mp4
pistons, https://media.signbsl.com/videos/asl/AustinCommunityCollege/mp4/auto_pistons_.mp4
pit, https://player.vimeo.com/external/395728223.sd.mp4?s=d224bf5da54b96deb5a9fbe5c65d52b40b7c91f0&profile_id=164
pit bull, https://media.signbsl.com/videos/asl/youtube/mp4/Jq9RsI9ljj0.mp4
pitch, https://media.signbsl.com/videos/asl/aslsearch/mp4/pitch.mp4
pitch black, https://player.vimeo.com/external/392868354.sd.mp4?s=f956734e2da68ce31bd415b0770e83184864aecf&profile_id=164
pitch contour, https://media.signbsl.com/videos/asl/youtube/mp4/t48IEqCgolo.mp4
pitcher, https://media.signbsl.com/videos/asl/aslsearch/mp4/pitcher.mp4
pitchfork, https://media.signbsl.com/videos/asl/aslsearch/mp4/pitchfork.mp4
pitchman, https://media.signbsl.com/videos/asl/youtube/mp4/vaI68nz35bI.mp4
pitchout, https://media.signbsl.com/videos/asl/youtube/mp4/_964D4vH4vM%20.mp4
piteous, https://media.signbsl.com/videos/asl/startasl/mp4/poor.mp4
pitfall, https://media.signbsl.com/videos/asl/youtube/mp4/govSYeGUYo8.mp4
pith, https://media.signbsl.com/videos/asl/philosophy/mp4/Essence-HD.mp4
pithy, https://media.signbsl.com/videos/asl/youtube/mp4/KJ0lkakJlTs.mp4
pitiable, https://media.signbsl.com/videos/asl/startasl/mp4/poor.mp4
pitiful, https://media.signbsl.com/videos/asl/startasl/mp4/poor.mp4
pitiless, https://media.signbsl.com/videos/asl/youtube/mp4/1d44nzo9xX8.mp4
pit pat paddle pat, https://media.signbsl.com/videos/asl/youtube/mp4/K9QmOWoZW2w.mp4
pittance, https://player.vimeo.com/external/392414282.sd.mp4?s=fa2011d0b630c2ca88765819292a6ee878b800ae&profile_id=164
Pittsburgh, https://media.signbsl.com/videos/asl/youtube/mp4/SExHMp6qivY.mp4
pituitary, https://player.vimeo.com/external/392414477.sd.mp4?s=37de104a0b0f2a9eeb860eb157035e25e8d037c9&profile_id=164
pituitary body, https://player.vimeo.com/external/392414477.sd.mp4?s=37de104a0b0f2a9eeb860eb157035e25e8d037c9&profile_id=164
pituitary gland, https://player.vimeo.com/external/392414477.sd.mp4?s=37de104a0b0f2a9eeb860eb157035e25e8d037c9&profile_id=164
pity, https://media.signbsl.com/videos/asl/aslsignbank/mp4/PITY-216.mp4
pity me, https://media.signbsl.com/videos/asl/youtube/mp4/rec-UHdbrAg.mp4
pity object, https://player.vimeo.com/external/392700109.sd.mp4?s=4d7ffda45258fb0214c53edc451f27cf4826b687&profile_id=164
pity subject, https://player.vimeo.com/external/392700162.sd.mp4?s=34aca6d5e9aacab9ae6654f0a03abb26af70c51d&profile_id=164
pivot, https://media.signbsl.com/videos/asl/youtube/mp4/fpmnQPREDgw.mp4
pivotal, https://media.signbsl.com/videos/asl/youtube/mp4/MKI1Q0uE6kY.mp4
pixel, https://player.vimeo.com/external/392414535.sd.mp4?s=d45a9736392c292839ea6a6800bd87ec537148a0&profile_id=164
pixels, https://player.vimeo.com/external/392414535.sd.mp4?s=d45a9736392c292839ea6a6800bd87ec537148a0&profile_id=164
pixie, https://player.vimeo.com/external/392009471.sd.mp4?s=cfe3a9912745b9cbdf2b5589e3d3c80c212ce5d0&profile_id=164
pixilated, https://player.vimeo.com/external/392518215.sd.mp4?s=113d53ba6f2c71f52d578ada70db149ecff96e8b&profile_id=164
pixy, https://player.vimeo.com/external/392009471.sd.mp4?s=cfe3a9912745b9cbdf2b5589e3d3c80c212ce5d0&profile_id=164
pizazz, https://media.signbsl.com/videos/asl/youtube/mp4/w6wxgPskWh0.mp4
pizza, https://media.signbsl.com/videos/asl/startasl/mp4/pizza-2.mp4
pizza parlor, https://player.vimeo.com/external/392414603.sd.mp4?s=c9b914fceeed25d98f5ec0ccf66cdee003247955&profile_id=164
pizza pie, https://media.signbsl.com/videos/asl/startasl/mp4/pizza-2.mp4
pizza shop, https://player.vimeo.com/external/392414603.sd.mp4?s=c9b914fceeed25d98f5ec0ccf66cdee003247955&profile_id=164
pizza spin, https://media.signbsl.com/videos/asl/aslsignbank/mp4/PIZZA-SPIN-2892.mp4
pizzaz, https://media.signbsl.com/videos/asl/youtube/mp4/QYFxcXcq0O4.mp4
pizzazz, https://media.signbsl.com/videos/asl/youtube/mp4/QYFxcXcq0O4.mp4
pizzeria, https://player.vimeo.com/external/392414603.sd.mp4?s=c9b914fceeed25d98f5ec0ccf66cdee003247955&profile_id=164
pjs, https://media.signbsl.com/videos/asl/aslsearch/mp4/pajamas.mp4
placard, https://media.signbsl.com/videos/asl/youtube/mp4/rEU-UAATuAY.mp4
placate, https://player.vimeo.com/external/392414630.sd.mp4?s=3a7fd0653661d8d31e18710537233f1a71c00885&profile_id=164
place, https://media.signbsl.com/videos/asl/startasl/mp4/home.mp4
placebo, https://player.vimeo.com/external/392414704.sd.mp4?s=c6edd8ade6c09f4b94a77b6080425bae768880e7&profile_id=164
place down, https://media.signbsl.com/videos/asl/aslsearch/mp4/put-down.mp4
placeholder, https://media.signbsl.com/videos/asl/ids/mp4/2013-11-3910-proxy-1500k-ase.mp4
place in prison, https://media.signbsl.com/videos/asl/youtube/mp4/LVdmh9TnKWE.mp4
place kicker, https://media.signbsl.com/videos/asl/youtube/mp4/C1Kzgw3t_lg.mp4
placekicker, https://media.signbsl.com/videos/asl/youtube/mp4/C1Kzgw3t_lg.mp4
place mat, https://media.signbsl.com/videos/asl/mariekatzenbachschool/mp4/placemat.mp4
placemat, https://media.signbsl.com/videos/asl/mariekatzenbachschool/mp4/placemat.mp4
placement, https://media.signbsl.com/videos/asl/youtube/mp4/75Tq-bLm__8.mp4
placements, https://media.signbsl.com/videos/asl/youtube/mp4/75Tq-bLm__8.mp4
placenta, https://player.vimeo.com/external/392414731.sd.mp4?s=4d1fee05c0dfb660bfed68ffd58c357a2184e92f&profile_id=164
placental, https://media.signbsl.com/videos/asl/youtube/mp4/w9_7-Olrchg.mp4
placental mammal, https://media.signbsl.com/videos/asl/youtube/mp4/w9_7-Olrchg.mp4
place of birth, https://media.signbsl.com/videos/asl/youtube/mp4/W9INqL0rwwg.mp4
place of origin, https://media.signbsl.com/videos/asl/youtube/mp4/7PncYwab8uw.mp4
place put, https://media.signbsl.com/videos/asl/signlanguagestudent/mp4/place-put.mp4
place value, https://media.signbsl.com/videos/asl/tsdvideo/mp4/307.mp4
placid, https://media.signbsl.com/videos/asl/youtube/mp4/X8Vj7dCoxT0.mp4
plagiarisation, https://media.signbsl.com/videos/asl/elementalaslconcepts/mp4/plagerism.mp4
plagiarise, https://media.signbsl.com/videos/asl/youtube/mp4/Ukhh1y9mLDA.mp4
plagiariser, https://media.signbsl.com/videos/asl/youtube/mp4/77AA28kKNeM.mp4
plagiarism, https://media.signbsl.com/videos/asl/elementalaslconcepts/mp4/plagerism.mp4
plagiarist, https://media.signbsl.com/videos/asl/youtube/mp4/77AA28kKNeM.mp4
plagiarization, https://media.signbsl.com/videos/asl/elementalaslconcepts/mp4/plagerism.mp4
plagiarize, https://media.signbsl.com/videos/asl/youtube/mp4/Ukhh1y9mLDA.mp4
plagiarizer, https://media.signbsl.com/videos/asl/youtube/mp4/77AA28kKNeM.mp4
plague, https://player.vimeo.com/external/392414900.sd.mp4?s=597521931ac36aea6d75a430e51c495872dba2b8&profile_id=164
plaguey, https://media.signbsl.com/videos/asl/startasl/mp4/annoying.mp4
plaguy, https://media.signbsl.com/videos/asl/startasl/mp4/annoying.mp4
plaid, https://media.signbsl.com/videos/asl/aslsearch/mp4/plaid.mp4
plaid cloths, https://player.vimeo.com/external/392700201.sd.mp4?s=d23e9896c07ae4fddcebe9a328c9ddb270d7be7f&profile_id=164
plaids, https://media.signbsl.com/videos/asl/aslsearch/mp4/plaid.mp4
plain, https://player.vimeo.com/external/391166777.sd.mp4?s=83a8a7ca1e0fd2488e317fc08876c4ead4a66c73&profile_id=164
plain clothes, https://media.signbsl.com/videos/asl/youtube/mp4/DSC6h6odX2g.mp4
plainclothes, https://media.signbsl.com/videos/asl/youtube/mp4/DSC6h6odX2g.mp4
plainclothesman, https://media.signbsl.com/videos/asl/youtube/mp4/cY0OnJTb0ys.mp4
plainly, https://player.vimeo.com/external/392019736.sd.mp4?s=df93f16955a25d0bf635502323b5431605450066&profile_id=164
plainness, https://media.signbsl.com/videos/asl/youtube/mp4/sW_9i7nCWUQ.mp4
plains, https://player.vimeo.com/external/391166777.sd.mp4?s=83a8a7ca1e0fd2488e317fc08876c4ead4a66c73&profile_id=164
plain sailing, https://media.signbsl.com/videos/asl/aslsearch/mp4/easy-going.mp4
plainsman, https://media.signbsl.com/videos/asl/youtube/mp4/KIk6Ed-rH9I.mp4
plainspoken, https://media.signbsl.com/videos/asl/aslsignbank/mp4/STRAIGHT-821.mp4
plaintiff, https://media.signbsl.com/videos/asl/youtube/mp4/--wASLGwmyA.mp4
plaintiff in error, https://media.signbsl.com/videos/asl/youtube/mp4/3S6XwxyTOUQ.mp4
plaintive, https://media.signbsl.com/videos/asl/youtube/mp4/EuXMWbN1VuY.mp4
plait, https://media.signbsl.com/videos/asl/youtube/mp4/8_1Vda5-Jnc.mp4
plan, https://media.signbsl.com/videos/asl/signlanguagestudent/mp4/plan-2.mp4
planar, https://player.vimeo.com/external/392538979.sd.mp4?s=a6c30254b19a96684467afc6c0376e77af13d72a&profile_id=164
plane, https://media.signbsl.com/videos/asl/startasl/mp4/airplane.mp4
plane crash, https://player.vimeo.com/external/392415165.sd.mp4?s=9e20710a38c4e70fb19c3c7d9c42c1691af1a996&profile_id=164
plane figure, https://media.signbsl.com/videos/asl/tsdvideo/mp4/206.mp4
plane landing, https://media.signbsl.com/videos/asl/aslsearch/mp4/plane-landing.mp4
planeload, https://media.signbsl.com/videos/asl/youtube/mp4/7o8DXT1li7g.mp4
plane shape, https://media.signbsl.com/videos/asl/tsdvideo/mp4/385.mp4
planet, https://media.signbsl.com/videos/asl/aslsearch/mp4/planet.mp4
planetarium, https://media.signbsl.com/videos/asl/youtube/mp4/ukWUidDUipo.mp4
planetary, https://media.signbsl.com/videos/asl/aslsignbank/mp4/INTERNATIONAL-2302.mp4
planetoid, https://media.signbsl.com/videos/asl/youtube/mp4/BRvUhPVp9g8.mp4
planets, https://media.signbsl.com/videos/asl/aslsearch/mp4/planet.mp4
plangency, https://media.signbsl.com/videos/asl/youtube/mp4/efkqu5hQttQ.mp4
plank, https://media.signbsl.com/videos/asl/youtube/mp4/DSlhpFKO8Uo.mp4
plankton, https://media.signbsl.com/videos/asl/youtube/mp4/PqJF5OrPo7w.mp4
planless, https://media.signbsl.com/videos/asl/youtube/mp4/Kng5owImeDA.mp4
planning, https://media.signbsl.com/videos/asl/youtube/mp4/6U-k_gSEu9Q.mp4
Plan of Happiness, https://media.signbsl.com/videos/asl/ids/mp4/2013-11-3540-plan-of-happiness-1500k-ase.mp4
Plan of Salvation, https://media.signbsl.com/videos/asl/ids/mp4/2013-11-3550-plan-of-salvation-1500k-ase.mp4
plant, https://media.signbsl.com/videos/asl/startasl/mp4/plant.mp4
plantation, https://media.signbsl.com/videos/asl/aslsearch/mp4/orchard.mp4
plantation owner, https://media.signbsl.com/videos/asl/youtube/mp4/3PMg5MUA4Jk.mp4
planted, https://player.vimeo.com/external/392209557.sd.mp4?s=f0cce65b014b9686de39fa45fffa390af920d83a&profile_id=164
planter, https://media.signbsl.com/videos/asl/youtube/mp4/3PMg5MUA4Jk.mp4
plant food, https://media.signbsl.com/videos/asl/youtube/mp4/7t74E0C8n3o.mp4
plant life, https://media.signbsl.com/videos/asl/startasl/mp4/plant.mp4
plantlike, https://media.signbsl.com/videos/asl/youtube/mp4/P8j5dJiVsg4.mp4
plant scientist, https://media.signbsl.com/videos/asl/youtube/mp4/vPTFq6v-WV8.mp4
plant scientist, https://media.signbsl.com/videos/asl/youtube/mp4/vPTFq6v-WV8.mp4
plant someone, https://media.signbsl.com/videos/asl/youtube/mp4/pZ9xA-ZVOec.mp4
plant something stolen, https://media.signbsl.com/videos/asl/youtube/mp4/_3_fRpQnm6w.mp4
plasm, https://media.signbsl.com/videos/asl/deaftec/mp4/1415.mp4
plasma, https://media.signbsl.com/videos/asl/deaftec/mp4/1415.mp4
plasma arc cutting, https://media.signbsl.com/videos/asl/AustinCommunityCollege/mp4/weld_plasma_arc_cutting_.mp4
plaster, https://media.signbsl.com/videos/asl/youtube/mp4/LgrRrIUCe9w.mp4
plaster bandage, https://media.signbsl.com/videos/asl/youtube/mp4/NSyknCdR2zA.mp4
plasterboard, https://media.signbsl.com/videos/asl/youtube/mp4/csRCntDX1eI.mp4
plaster cast, https://media.signbsl.com/videos/asl/youtube/mp4/NSyknCdR2zA.mp4
plastered, https://player.vimeo.com/external/392518215.sd.mp4?s=113d53ba6f2c71f52d578ada70db149ecff96e8b&profile_id=164
plastic, https://media.signbsl.com/videos/asl/startasl/mp4/plastic.mp4
plasticise, https://media.signbsl.com/videos/asl/youtube/mp4/HLNxvqHsNNk.mp4
plasticize, https://media.signbsl.com/videos/asl/youtube/mp4/HLNxvqHsNNk.mp4
plate, https://media.signbsl.com/videos/asl/youtube/mp4/EpSFp_lYgqE.mp4
plateau, https://media.signbsl.com/videos/asl/youtube/mp4/ughgFuHfhFY.mp4
plateful, https://media.signbsl.com/videos/asl/youtube/mp4/CICEWC387Xs.mp4
platelet, https://media.signbsl.com/videos/asl/deaftec/mp4/1416.mp4
platelets, https://media.signbsl.com/videos/asl/deaftec/mp4/1416.mp4
platen, https://media.signbsl.com/videos/asl/youtube/mp4/q16SyM_un9Q.mp4
Plate Neutral, https://media.signbsl.com/videos/asl/AustinCommunityCollege/mp4/weld_plate_neutral_.mp4
plate positioned, https://media.signbsl.com/videos/asl/AustinCommunityCollege/mp4/weld_plate_positioned_.mp4
platform, https://media.signbsl.com/videos/asl/youtube/mp4/F7DgL3JtbtY.mp4
platinum blonde, https://player.vimeo.com/external/391170579.sd.mp4?s=fef5760265448650bb1962795b5c342016b88d99&profile_id=164
platitude, https://player.vimeo.com/external/395766615.sd.mp4?s=9b69fab9cb80ecd9ec05ab9af58453ba3575b39c&profile_id=164
Plato, https://media.signbsl.com/videos/asl/philosophy/mp4/Plato-HD.mp4
Platonic, https://media.signbsl.com/videos/asl/youtube/mp4/-gjo9z7_U44.mp4
platoon, https://media.signbsl.com/videos/asl/youtube/mp4/416c0dFz68g.mp4
platter, https://player.vimeo.com/external/392416025.sd.mp4?s=4ca9572bfdfd5d91c2c18fc216f1db299a170d53&profile_id=164
platypus, https://player.vimeo.com/external/392416049.sd.mp4?s=ccb49134b266f3092b17571c7b37e345e6c40268&profile_id=164
plaudit, https://media.signbsl.com/videos/asl/youtube/mp4/kCsAOcdIecA.mp4
plaudits, https://media.signbsl.com/videos/asl/youtube/mp4/kCsAOcdIecA.mp4
plausible, https://player.vimeo.com/external/392422129.sd.mp4?s=1ee64d2ef09bbc4c0c68d027a416944afc2463c7&profile_id=164
play, https://media.signbsl.com/videos/asl/startasl/mp4/play.mp4
playable, https://media.signbsl.com/videos/asl/youtube/mp4/1SUC1g2biUc.mp4
playact, https://media.signbsl.com/videos/asl/signlanguagestudent/mp4/act.mp4
playacting, https://media.signbsl.com/videos/asl/youtube/mp4/6FybTiA7Yc8.mp4
play actor, https://media.signbsl.com/videos/asl/youtube/mp4/KoWSnj9uo1g.mp4
playactor, https://media.signbsl.com/videos/asl/youtube/mp4/KoWSnj9uo1g.mp4
play around, https://media.signbsl.com/videos/asl/youtube/mp4/S3zV67mDAcY.mp4
playback, https://media.signbsl.com/videos/asl/youtube/mp4/VPUk1WpJfv8.mp4
playbill, https://media.signbsl.com/videos/asl/youtube/mp4/lRxpgBA8FIE.mp4
playboy, https://media.signbsl.com/videos/asl/youtube/mp4/JNDbsQ5lR0w.mp4
playday, https://media.signbsl.com/videos/asl/aslsearch/mp4/playtime.mp4
play doh, https://media.signbsl.com/videos/asl/thefamilyvocab/mp4/Play-Doh.mp4
play down, https://media.signbsl.com/videos/asl/youtube/mp4/P9KmHj3ME0A.mp4
play drums, https://media.signbsl.com/videos/asl/youtube/mp4/tSgqryZ7q8w.mp4
played out, https://media.signbsl.com/videos/asl/aslsignbank/mp4/WORN-OUT-1461.mp4
player, https://media.signbsl.com/videos/asl/aslsearch/mp4/player.mp4
player cards, https://media.signbsl.com/videos/asl/youtube/mp4/_jHvqxBv6Ks.mp4
play false, https://media.signbsl.com/videos/asl/youtube/mp4/mH1TGcWaZIM.mp4
playfellow, https://media.signbsl.com/videos/asl/youtube/mp4/5BH87Gs4S60.mp4
playful, https://media.signbsl.com/videos/asl/youtube/mp4/mdVyTX0YKfU.mp4
playgirl, https://media.signbsl.com/videos/asl/youtube/mp4/liDCgoLW3aQ.mp4
playgoer, https://media.signbsl.com/videos/asl/youtube/mp4/aOgfS6H0whQ.mp4
playground, https://media.signbsl.com/videos/asl/startasl/mp4/playground.mp4
playgroup, NA
playhouse, https://media.signbsl.com/videos/asl/aslsearch/mp4/playhouse.mp4
playing, https://media.signbsl.com/videos/asl/startasl/mp4/play.mp4
play keyboard, https://media.signbsl.com/videos/asl/youtube/mp4/-PYQSiE1A2w.mp4
play list, https://media.signbsl.com/videos/asl/youtube/mp4/wKNEC95kdcU.mp4
playlist, https://media.signbsl.com/videos/asl/youtube/mp4/wKNEC95kdcU.mp4
playmate, https://media.signbsl.com/videos/asl/youtube/mp4/5BH87Gs4S60.mp4
play off, https://media.signbsl.com/videos/asl/youtube/mp4/1XYXMqBllnw.mp4
playoff, https://media.signbsl.com/videos/asl/youtube/mp4/1XYXMqBllnw.mp4
playpen, https://media.signbsl.com/videos/asl/youtube/mp4/jcIIXPZrKXU.mp4
play radio, https://media.signbsl.com/videos/asl/youtube/mp4/lGOi8FgtpQ4.mp4
playroom, https://media.signbsl.com/videos/asl/youtube/mp4/pUzLvVkwN9U.mp4
play rope, https://media.signbsl.com/videos/asl/youtube/mp4/zbGSmEnvOtY.mp4
playscript, https://media.signbsl.com/videos/asl/aslsearch/mp4/script.mp4
plaything, https://media.signbsl.com/videos/asl/startasl/mp4/toy.mp4
playthings, https://media.signbsl.com/videos/asl/startasl/mp4/toy.mp4
playtime, https://media.signbsl.com/videos/asl/aslsearch/mp4/playtime.mp4
play up, https://player.vimeo.com/external/392130357.sd.mp4?s=b7a97e0847c92474574c0dc39247f9f6e362aa29&profile_id=164
play violin, https://media.signbsl.com/videos/asl/youtube/mp4/OGoSTGFXMUM.mp4
playwright, https://media.signbsl.com/videos/asl/youtube/mp4/rOBuD_r-03I.mp4
plaza, https://media.signbsl.com/videos/asl/aslsearch/mp4/mall.mp4
plea, https://media.signbsl.com/videos/asl/unoclimb/mp4/MUrFh5A83D4.mp4
plead, https://media.signbsl.com/videos/asl/aslsearch/mp4/plead.mp4
pleader, https://media.signbsl.com/videos/asl/ids/mp4/2013-11-1100-counselor-1500k-ase.mp4
plea legal, https://player.vimeo.com/external/392868370.sd.mp4?s=ba1f0846a1c341018bedcd3fb4f4f71bc91d4cfb&profile_id=164
pleasance, https://media.signbsl.com/videos/asl/aslsearch/mp4/pleasure.mp4
pleasant, https://media.signbsl.com/videos/asl/youtube/mp4/CBS9xgdv5pg.mp4
pleasant tasting, https://media.signbsl.com/videos/asl/youtube/mp4/wWE0Z7MX-Xk.mp4
please, https://media.signbsl.com/videos/asl/startasl/mp4/please.mp4
pleased, https://player.vimeo.com/external/391931279.sd.mp4?s=994a67a9329339c4d5229e01863048393b673123&profile_id=164
Please Help Me, https://player.vimeo.com/external/392700264.sd.mp4?s=f94754bd4bd9363a1b64ad7d522559f7dd55734e&profile_id=164
please repeat, https://player.vimeo.com/external/392700314.sd.mp4?s=63b9ef8ea6e3611bb146ae4448b480dc1d13c0ea&profile_id=164
please sign again, https://media.signbsl.com/videos/asl/startasl/mp4/pleasesignagain.mp4
please sign slower, https://media.signbsl.com/videos/asl/startasl/mp4/pleasesignslower.mp4
please wait, https://media.signbsl.com/videos/asl/youtube/mp4/npGfmAUbCTU.mp4
please write, https://media.signbsl.com/videos/asl/startasl/mp4/pleasewrite.mp4
pleasurable, https://media.signbsl.com/videos/asl/youtube/mp4/aPE9njwftCk.mp4
pleasure, https://media.signbsl.com/videos/asl/aslsearch/mp4/pleasure.mp4
pleasure high, https://media.signbsl.com/videos/asl/philosophy/mp4/Pleasure%20(High)-HD.mp4
pleasure low, https://media.signbsl.com/videos/asl/philosophy/mp4/Pleasure%20(Low)-HD.mp4
pleasure trip, https://media.signbsl.com/videos/asl/aslsearch/mp4/excursion.mp4
pleat, https://media.signbsl.com/videos/asl/youtube/mp4/01M1WwhmE_4.mp4
pleb, https://media.signbsl.com/videos/asl/youtube/mp4/Vo2dD3gJlhs.mp4
plebe, https://player.vimeo.com/external/391226410.sd.mp4?s=d977b66599884702655ddeb77108f69d6d28c4db&profile_id=164
plebeian, https://media.signbsl.com/videos/asl/youtube/mp4/Vo2dD3gJlhs.mp4
plebiscite, https://media.signbsl.com/videos/asl/youtube/mp4/T59MuNNpPkk.mp4
Plectrophenax nivalis, https://media.signbsl.com/videos/asl/mariekatzenbachschool/mp4/snowflakes.mp4
pledge, https://media.signbsl.com/videos/asl/aslsearch/mp4/pledge.mp4
plenaries, https://media.signbsl.com/videos/asl/youtube/mp4/OSfaSStjIF8.mp4
plenary, https://media.signbsl.com/videos/asl/youtube/mp4/OSfaSStjIF8.mp4
plenish, https://media.signbsl.com/videos/asl/youtube/mp4/xXIzq7uFQvs.mp4
plenty, https://media.signbsl.com/videos/asl/aslsearch/mp4/lot.mp4
pleopod, https://media.signbsl.com/videos/asl/elementalaslconcepts/mp4/swimmerets.mp4
plethoric, https://media.signbsl.com/videos/asl/youtube/mp4/MOe1y_xin_Y.mp4
pliability, https://media.signbsl.com/videos/asl/youtube/mp4/FtLlFNySrRg.mp4
pliable, https://player.vimeo.com/external/392416274.sd.mp4?s=3f4cecd1e89d66b4b8b82d3956dc657a0e6b94c8&profile_id=164
pliancy, https://media.signbsl.com/videos/asl/youtube/mp4/FtLlFNySrRg.mp4
pliant, https://player.vimeo.com/external/392416274.sd.mp4?s=3f4cecd1e89d66b4b8b82d3956dc657a0e6b94c8&profile_id=164
pliantness, https://media.signbsl.com/videos/asl/youtube/mp4/FtLlFNySrRg.mp4
plication, https://media.signbsl.com/videos/asl/youtube/mp4/86fIZvTisGU.mp4
plied, https://media.signbsl.com/videos/asl/youtube/mp4/_kBrqYUGpsQ.mp4
plier, NA
pliers, https://media.signbsl.com/videos/asl/aslsearch/mp4/pliers.mp4
plight, https://media.signbsl.com/videos/asl/aslsearch/mp4/pledge.mp4
plod, https://media.signbsl.com/videos/asl/youtube/mp4/RiDadJQIWoY.mp4
plodding, https://media.signbsl.com/videos/asl/youtube/mp4/SC_gLyVQRRE.mp4
plonk, https://media.signbsl.com/videos/asl/youtube/mp4/DSlhpFKO8Uo.mp4
plop, https://media.signbsl.com/videos/asl/youtube/mp4/Djgqso-4P1Q.mp4
plot, https://media.signbsl.com/videos/asl/elementalaslconcepts/mp4/diagram.mp4
plough, https://media.signbsl.com/videos/asl/aslsearch/mp4/plow.mp4
ploughing, https://player.vimeo.com/external/392416290.sd.mp4?s=69c4fcca6bbad931709a48aa53bdf2d3c58548b9&profile_id=164
plough into, https://media.signbsl.com/videos/asl/youtube/mp4/CCZkno8L8VY.mp4
ploughman, https://media.signbsl.com/videos/asl/youtube/mp4/EVm3VVIL6cQ.mp4
plough on, https://media.signbsl.com/videos/asl/youtube/mp4/I7YoO_kdOjU.mp4
plow, https://media.signbsl.com/videos/asl/aslsearch/mp4/address3.mp4
plow ahead, https://media.signbsl.com/videos/asl/startasl/mp4/go-ahead.mp4
plower, https://media.signbsl.com/videos/asl/youtube/mp4/EVm3VVIL6cQ.mp4
plowing, https://player.vimeo.com/external/392416290.sd.mp4?s=69c4fcca6bbad931709a48aa53bdf2d3c58548b9&profile_id=164
plowman, https://media.signbsl.com/videos/asl/youtube/mp4/EVm3VVIL6cQ.mp4
ploy, https://media.signbsl.com/videos/asl/youtube/mp4/ZIAuUTetaLs.mp4
pluck, https://media.signbsl.com/videos/asl/aslsearch/mp4/overcharge.mp4
pluck eyebrows, https://media.signbsl.com/videos/asl/youtube/mp4/H8g1ULsM8Zs.mp4
plucky, https://media.signbsl.com/videos/asl/youtube/mp4/H-J3cgl6-ZA.mp4
plug, https://media.signbsl.com/videos/asl/aslsignbank/mp4/CHEW-718.mp4
plug and play, https://media.signbsl.com/videos/asl/mariekatzenbachschool/mp4/plug%20and%20play.mp4
plugboard, https://media.signbsl.com/videos/asl/youtube/mp4/FkLRWceF78I.mp4
plugger, https://media.signbsl.com/videos/asl/youtube/mp4/ioS6eJ0fEQw.mp4
plug hat, https://media.signbsl.com/videos/asl/youtube/mp4/LuaKLSYVUn8.mp4
plug in, https://player.vimeo.com/external/392416316.sd.mp4?s=5da82cffacfc155ca7c29828f51aeb9ea993c8b0&profile_id=164
plug something in device, https://media.signbsl.com/videos/asl/youtube/mp4/MawP_gk3e7k.mp4
plum, https://player.vimeo.com/external/392416337.sd.mp4?s=8aeec36f795a413b48e576f1914d305959399c73&profile_id=164
plumage, https://media.signbsl.com/videos/asl/aslsignbank/mp4/LEAF-1685.mp4
plumber, https://media.signbsl.com/videos/asl/aslsearch/mp4/plumber.mp4
plumbers helper, https://media.signbsl.com/videos/asl/youtube/mp4/IMPiiJCgbrk.mp4
plumbing, https://media.signbsl.com/videos/asl/aslsearch/mp4/plumbing.mp4
plumbing system, https://media.signbsl.com/videos/asl/aslsearch/mp4/plumbing.mp4
plumb line, https://player.vimeo.com/external/392404345.sd.mp4?s=0353dc5473e24c0241b5f828f88c9459563454d6&profile_id=164
plume, https://media.signbsl.com/videos/asl/aslsearch/mp4/overcharge.mp4
plumlike, https://media.signbsl.com/videos/asl/youtube/mp4/9PyHPWOQxTk.mp4
plummet, https://media.signbsl.com/videos/asl/youtube/mp4/_5OFvg9eBU0.mp4
plump, https://media.signbsl.com/videos/asl/aslsearch/mp4/chubby.mp4
plump down, https://media.signbsl.com/videos/asl/youtube/mp4/DSlhpFKO8Uo.mp4
plump for, https://media.signbsl.com/videos/asl/aslsearch/mp4/endorse.mp4
plump out, https://media.signbsl.com/videos/asl/youtube/mp4/3oTDu-9foYg.mp4
plunder, https://media.signbsl.com/videos/asl/aslsearch/mp4/sack.mp4
plunderer, https://media.signbsl.com/videos/asl/youtube/mp4/AsARS28zh9s.mp4
plundering, https://media.signbsl.com/videos/asl/youtube/mp4/5AYXmr94NYQ.mp4
plunge, https://media.signbsl.com/videos/asl/youtube/mp4/TuvEWmqgpVo.mp4
plunger, https://media.signbsl.com/videos/asl/youtube/mp4/IMPiiJCgbrk.mp4
plunk, https://media.signbsl.com/videos/asl/youtube/mp4/DSlhpFKO8Uo.mp4
plunk down, https://media.signbsl.com/videos/asl/youtube/mp4/DSlhpFKO8Uo.mp4
plunk for, https://media.signbsl.com/videos/asl/aslsearch/mp4/endorse.mp4
plural, https://media.signbsl.com/videos/asl/youtube/mp4/DaHgBVseEjc.mp4
pluralise, https://media.signbsl.com/videos/asl/youtube/mp4/p4QZg3qOYmU.mp4
pluralist, https://media.signbsl.com/videos/asl/youtube/mp4/C8pQZN7YEBI.mp4
pluralities, https://media.signbsl.com/videos/asl/youtube/mp4/JSy6v_9jjXY.mp4
plurality, https://media.signbsl.com/videos/asl/youtube/mp4/JSy6v_9jjXY.mp4
plus, https://media.signbsl.com/videos/asl/youtube/mp4/bfY_3UCUOxE.mp4
plush, https://media.signbsl.com/videos/asl/youtube/mp4/GSJG4egTqYI.mp4
plus sign, https://media.signbsl.com/videos/asl/tsdvideo/mp4/386.mp4
Pluto, https://player.vimeo.com/external/392868405.sd.mp4?s=3ab4359f6bdf039b55fefbfb78bd061473582dd1&profile_id=164
plutocracies, https://media.signbsl.com/videos/asl/youtube/mp4/I86XDJoaSko.mp4
plutocracy, https://media.signbsl.com/videos/asl/youtube/mp4/I86XDJoaSko.mp4
pluvial, https://media.signbsl.com/videos/asl/aslsearch/mp4/rainy.mp4
pluviometer, https://media.signbsl.com/videos/asl/elementalaslconcepts/mp4/rain_gauge.mp4
pluvious, https://media.signbsl.com/videos/asl/aslsearch/mp4/rainy.mp4
ply, https://media.signbsl.com/videos/asl/signlanguagestudent/mp4/provide.mp4
plyboard, https://media.signbsl.com/videos/asl/youtube/mp4/DgO-hT-E2nw.mp4
plyers, https://media.signbsl.com/videos/asl/aslsearch/mp4/pliers.mp4
Plymouth Rock, https://media.signbsl.com/videos/asl/youtube/mp4/xtuLEpAqJK4.mp4
plywood, https://media.signbsl.com/videos/asl/youtube/mp4/DgO-hT-E2nw.mp4
PM, https://media.signbsl.com/videos/asl/youtube/mp4/M1m3KL-Bi2M.mp4
pneumatic, https://media.signbsl.com/videos/asl/youtube/mp4/ggWY3YpnQRk.mp4
pneumatic hammer, https://media.signbsl.com/videos/asl/youtube/mp4/s3S7PewpynU.mp4
pneumonia, https://media.signbsl.com/videos/asl/aslsearch/mp4/pneumonia.mp4
pneumonic, https://media.signbsl.com/videos/asl/youtube/mp4/NWbp0ickveA.mp4
poach, https://media.signbsl.com/videos/asl/youtube/mp4/zzPrjOqR5DM.mp4
poacher, https://media.signbsl.com/videos/asl/youtube/mp4/ZjmpToKYaSk.mp4
pocket, https://media.signbsl.com/videos/asl/aslsearch/mp4/pocket.mp4
pocketbook, https://media.signbsl.com/videos/asl/startasl/mp4/purse.mp4
pocketful, https://media.signbsl.com/videos/asl/youtube/mp4/YNJ5ny2b0Tk.mp4
pocket lighter, https://media.signbsl.com/videos/asl/aslsignbank/mp4/LIGHTER-2301.mp4
pocket money, https://player.vimeo.com/external/392868420.sd.mp4?s=2536562969d3f52e948ab2d02594ed2777653f2d&profile_id=164
pockets, https://media.signbsl.com/videos/asl/aslsearch/mp4/pocket.mp4
pocketsize, NA
pod, https://media.signbsl.com/videos/asl/youtube/mp4/rHCuczTxI8c.mp4
podcast, https://media.signbsl.com/videos/asl/youtube/mp4/qshlud40NHU.mp4
podginess, https://media.signbsl.com/videos/asl/youtube/mp4/47vp5hNMzi0.mp4
podgy, https://media.signbsl.com/videos/asl/youtube/mp4/KUaQ3NMc-dI.mp4
podia, https://media.signbsl.com/videos/asl/youtube/mp4/mVp3j4PSZn8.mp4
podiatrist, https://media.signbsl.com/videos/asl/youtube/mp4/NhQCZLkFoD4.mp4
podiatry, https://media.signbsl.com/videos/asl/youtube/mp4/qVopzoEER5g.mp4
podium, https://media.signbsl.com/videos/asl/youtube/mp4/I8u-XbOb5xY.mp4
poem, https://media.signbsl.com/videos/asl/aslsearch/mp4/poem.mp4
poesy, https://media.signbsl.com/videos/asl/startasl/mp4/poetry.mp4
poetess, https://media.signbsl.com/videos/asl/youtube/mp4/s3Ska3fYU6I.mp4
poetiser, https://media.signbsl.com/videos/asl/youtube/mp4/K2AKj9SY0-E.mp4
poetizer, https://media.signbsl.com/videos/asl/youtube/mp4/K2AKj9SY0-E.mp4
poetry, https://media.signbsl.com/videos/asl/startasl/mp4/poetry.mp4
poignance, https://media.signbsl.com/videos/asl/youtube/mp4/kWDWuR-_Hok.mp4
poignancy, https://media.signbsl.com/videos/asl/youtube/mp4/kWDWuR-_Hok.mp4
poignant, https://player.vimeo.com/external/392526403.sd.mp4?s=3ca6f61854c2b2fa5f82ac612f9fc417ac28a759&profile_id=164
poikilotherm, https://media.signbsl.com/videos/asl/youtube/mp4/DoAP2EwsdX4.mp4
poinsettia, https://player.vimeo.com/external/392700394.sd.mp4?s=3ce5c289e45d969f63c0c94d02bb1b0e025d4ef8&profile_id=164
point, https://media.signbsl.com/videos/asl/startasl/mp4/point.mp4
point-to-point protocol ppp, NA
point-to-point tunneling protocol pptp, NA
point after point, https://media.signbsl.com/videos/asl/youtube/mp4/AMaDOScdevE.mp4
point and click, https://media.signbsl.com/videos/asl/mariekatzenbachschool/mp4/point%20and%20click.mp4
point at, https://media.signbsl.com/videos/asl/aslsignbank/mp4/IX-1712.mp4
point blank, https://media.signbsl.com/videos/asl/aslsignbank/mp4/STRAIGHT-821.mp4
pointer, https://media.signbsl.com/videos/asl/aslsignbank/mp4/DART-2736.mp4
point guard, https://media.signbsl.com/videos/asl/aslbricks/mp4/point-guard.mp4
pointier, https://media.signbsl.com/videos/asl/youtube/mp4/6k52gUSSIFY.mp4
pointless, https://media.signbsl.com/videos/asl/youtube/mp4/VdL4GnAeXe8.mp4
point of accumulation, https://media.signbsl.com/videos/asl/tsdvideo/mp4/1473.mp4
point of intersection, https://media.signbsl.com/videos/asl/startasl/mp4/intersection.mp4
point of view, https://media.signbsl.com/videos/asl/signlanguagestudent/mp4/point-of-view.mp4
point out, https://media.signbsl.com/videos/asl/youtube/mp4/LxYe-ARAbak.mp4
points, https://media.signbsl.com/videos/asl/startasl/mp4/point.mp4
point slope form, https://media.signbsl.com/videos/asl/deaftec-math/mp4/56D-1.mp4
pointy, https://media.signbsl.com/videos/asl/youtube/mp4/fznAvicnCLo.mp4
poise, https://media.signbsl.com/videos/asl/youtube/mp4/diy7tyHxllA.mp4
poised, https://media.signbsl.com/videos/asl/youtube/mp4/zpBl47h7ISo.mp4
poison, https://media.signbsl.com/videos/asl/aslsearch/mp4/poison.mp4
poisoner, https://media.signbsl.com/videos/asl/youtube/mp4/GO9_UfpG7qg.mp4
poisonous, https://media.signbsl.com/videos/asl/youtube/mp4/_dA7I_oRv64.mp4
poisonous substance, https://media.signbsl.com/videos/asl/aslsearch/mp4/poison.mp4
poke, https://media.signbsl.com/videos/asl/aslsearch/mp4/jab.mp4
poke at, https://media.signbsl.com/videos/asl/youtube/mp4/m4NsD_4r8NE.mp4
poke fun, https://media.signbsl.com/videos/asl/aslsearch/mp4/laugh-at.mp4
poker chip, https://media.signbsl.com/videos/asl/youtube/mp4/ie7jAqa8sfY.mp4
poker faced, https://media.signbsl.com/videos/asl/youtube/mp4/CFeZ6ukgpR8.mp4
pokey, https://media.signbsl.com/videos/asl/youtube/mp4/V6pCN5u54EY.mp4
poky, https://media.signbsl.com/videos/asl/youtube/mp4/_kInxcfotgg.mp4
pol, https://media.signbsl.com/videos/asl/youtube/mp4/XiNAV9ba1vU.mp4
pola bear, https://media.signbsl.com/videos/asl/youtube/mp4/mveLj9VMebI.mp4
Poland, https://media.signbsl.com/videos/asl/youtube/mp4/yBRtkC3-7-E.mp4
polar, https://media.signbsl.com/videos/asl/aslsearch/mp4/arctic.mp4
polar bear, https://media.signbsl.com/videos/asl/aslsearch/mp4/polar-bear.mp4
polar coordinate, https://media.signbsl.com/videos/asl/youtube/mp4/49diS9VRuaI.mp4
polar coordinates, https://media.signbsl.com/videos/asl/youtube/mp4/49diS9VRuaI.mp4
polar front, https://media.signbsl.com/videos/asl/aslsearch/mp4/cold-front.mp4
polarisation, https://media.signbsl.com/videos/asl/youtube/mp4/LSocVlBJ-TE.mp4
polarise, https://media.signbsl.com/videos/asl/youtube/mp4/byLuSeN_X5A.mp4
polarization, https://media.signbsl.com/videos/asl/youtube/mp4/LSocVlBJ-TE.mp4
polarize, https://media.signbsl.com/videos/asl/youtube/mp4/byLuSeN_X5A.mp4
polar zone, https://media.signbsl.com/videos/asl/youtube/mp4/qlnadybmc1g.mp4
polar zones, https://media.signbsl.com/videos/asl/youtube/mp4/qlnadybmc1g.mp4
pole, https://media.signbsl.com/videos/asl/youtube/mp4/AffcKEYynug.mp4
polecat, https://media.signbsl.com/videos/asl/aslsearch/mp4/skunk.mp4
pole jump, https://media.signbsl.com/videos/asl/youtube/mp4/T5Fzih_KQ6U.mp4
pole jumper, https://media.signbsl.com/videos/asl/youtube/mp4/BzBI-1cCI6I.mp4
pole jumping, https://media.signbsl.com/videos/asl/youtube/mp4/T5Fzih_KQ6U.mp4
polemic, https://media.signbsl.com/videos/asl/youtube/mp4/GXMtfGV1USo.mp4
polemicist, https://media.signbsl.com/videos/asl/youtube/mp4/GXMtfGV1USo.mp4
polemist, https://media.signbsl.com/videos/asl/youtube/mp4/GXMtfGV1USo.mp4
pole vault, https://media.signbsl.com/videos/asl/youtube/mp4/T5Fzih_KQ6U.mp4
pole vaulter, https://media.signbsl.com/videos/asl/youtube/mp4/BzBI-1cCI6I.mp4
pole vaulting, https://media.signbsl.com/videos/asl/youtube/mp4/T5Fzih_KQ6U.mp4
police, https://media.signbsl.com/videos/asl/aslsignbank/mp4/POLICE-912.mp4
police blotter, https://media.signbsl.com/videos/asl/youtube/mp4/dPf39YQF_4o.mp4
police car, https://media.signbsl.com/videos/asl/aslsearch/mp4/police-car.mp4
police cruiser, https://media.signbsl.com/videos/asl/aslsearch/mp4/police-car.mp4
police detective, https://media.signbsl.com/videos/asl/ids/mp4/2013-11-2480-investigator-1500k-ase.mp4
police force, https://media.signbsl.com/videos/asl/aslsignbank/mp4/POLICE-912.mp4
policeman, https://media.signbsl.com/videos/asl/startasl/mp4/policeman.mp4
police matron, https://media.signbsl.com/videos/asl/youtube/mp4/yDcnD_5u2JY.mp4
police officer, https://media.signbsl.com/videos/asl/startasl/mp4/policeman.mp4
policewoman, https://media.signbsl.com/videos/asl/youtube/mp4/yDcnD_5u2JY.mp4
policies, https://media.signbsl.com/videos/asl/aslsignbank/mp4/POLICY-913.mp4
policy, https://media.signbsl.com/videos/asl/aslsignbank/mp4/POLICY-913.mp4
policyholder, https://media.signbsl.com/videos/asl/youtube/mp4/cDW4N1JuDEA.mp4
polish, https://media.signbsl.com/videos/asl/aslsearch/mp4/shine.mp4
polish off, https://player.vimeo.com/external/392634206.sd.mp4?s=460cab5e35028bb337fb3d9ee25683e766d9eb19&profile_id=164
politburo, https://media.signbsl.com/videos/asl/youtube/mp4/mhKkxqI_xvk.mp4
polite, https://media.signbsl.com/videos/asl/youtube/mp4/CHKoDIdgR0o.mp4
politic, https://media.signbsl.com/videos/asl/youtube/mp4/OUAe3U1BBUI.mp4
political, https://media.signbsl.com/videos/asl/aslsignbank/mp4/POLITICS-2351.mp4
political campaign, https://media.signbsl.com/videos/asl/youtube/mp4/OQHCrdUy_H4.mp4
political commissar, https://media.signbsl.com/videos/asl/youtube/mp4/T5jHRRKEirc.mp4
political detainee, https://media.signbsl.com/videos/asl/youtube/mp4/EU5fIrBU-MI.mp4
political leader, https://media.signbsl.com/videos/asl/youtube/mp4/XiNAV9ba1vU.mp4
political orientation, https://player.vimeo.com/external/392192656.sd.mp4?s=285f9a253eb077d56ab99a7e9fa837fbb797aa1c&profile_id=164
political relation, https://media.signbsl.com/videos/asl/signlanguagestudent/mp4/politics.mp4
political theory, https://player.vimeo.com/external/392192656.sd.mp4?s=285f9a253eb077d56ab99a7e9fa837fbb797aa1c&profile_id=164
politician, https://media.signbsl.com/videos/asl/youtube/mp4/XiNAV9ba1vU.mp4
politicise, https://media.signbsl.com/videos/asl/youtube/mp4/KSu9D1bLzNw.mp4
politicize, https://media.signbsl.com/videos/asl/youtube/mp4/KSu9D1bLzNw.mp4
politico, https://media.signbsl.com/videos/asl/youtube/mp4/XiNAV9ba1vU.mp4
politics, https://media.signbsl.com/videos/asl/signlanguagestudent/mp4/politics.mp4
polities, https://media.signbsl.com/videos/asl/youtube/mp4/bHYM4LHYwFY.mp4
polity, https://media.signbsl.com/videos/asl/youtube/mp4/bHYM4LHYwFY.mp4
polka dot, https://media.signbsl.com/videos/asl/aslsearch/mp4/polka-dots.mp4
polka dots, https://media.signbsl.com/videos/asl/aslsearch/mp4/polka-dots.mp4
poll, https://media.signbsl.com/videos/asl/youtube/mp4/i4Bcb1Zu3Do.mp4
pollen, https://media.signbsl.com/videos/asl/deaftec/mp4/1417.mp4
pollenate, https://media.signbsl.com/videos/asl/youtube/mp4/oF6AjAE0bh8.mp4
pollex, https://media.signbsl.com/videos/asl/aslsearch/mp4/thumb.mp4
pollinate, https://media.signbsl.com/videos/asl/youtube/mp4/oF6AjAE0bh8.mp4
pollinator, https://media.signbsl.com/videos/asl/youtube/mp4/G98QZupRnTw.mp4
polliwog, https://media.signbsl.com/videos/asl/youtube/mp4/6JQGOi0glfU.mp4
pollster, https://media.signbsl.com/videos/asl/youtube/mp4/xR8GtYPVAaA.mp4
poll taker, https://media.signbsl.com/videos/asl/youtube/mp4/xR8GtYPVAaA.mp4
pollutant, https://media.signbsl.com/videos/asl/youtube/mp4/BgNNO2D5xtA.mp4
polluter, https://media.signbsl.com/videos/asl/youtube/mp4/nlTWDmj_Stw.mp4
pollution, https://media.signbsl.com/videos/asl/aslsearch/mp4/dirty.mp4
pollyannaish, https://media.signbsl.com/videos/asl/aslsearch/mp4/cheerful.mp4
pollywog, https://media.signbsl.com/videos/asl/youtube/mp4/6JQGOi0glfU.mp4
Polska, https://media.signbsl.com/videos/asl/youtube/mp4/yBRtkC3-7-E.mp4
polyacrylamide, https://media.signbsl.com/videos/asl/deaftec/mp4/1418.mp4
polyandrous, https://media.signbsl.com/videos/asl/youtube/mp4/a7jqJNvFof4.mp4
polyatomic, https://media.signbsl.com/videos/asl/youtube/mp4/Z618SWtQJXs.mp4
polyethylene, https://media.signbsl.com/videos/asl/youtube/mp4/m53vWg7dL6U.mp4
polygamist, https://media.signbsl.com/videos/asl/youtube/mp4/iliNWTLiN9w.mp4
polygenic, https://media.signbsl.com/videos/asl/youtube/mp4/RASB7nmR4KI.mp4
polyglot, https://media.signbsl.com/videos/asl/youtube/mp4/CZ-ZzLdVRvg.mp4
polygon, https://media.signbsl.com/videos/asl/tsdvideo/mp4/187.mp4
polygonal shape, https://media.signbsl.com/videos/asl/tsdvideo/mp4/187.mp4
polygraph, https://media.signbsl.com/videos/asl/unoclimb/mp4/GP5MwlgaERA.mp4
polyhedron, https://media.signbsl.com/videos/asl/youtube/mp4/_dmnxqsWAXI.mp4
polymer, https://media.signbsl.com/videos/asl/deaftec/mp4/1419.mp4
polymorphic, https://media.signbsl.com/videos/asl/youtube/mp4/IH0INI_MEKU.mp4
polymorphous, https://media.signbsl.com/videos/asl/youtube/mp4/IH0INI_MEKU.mp4
polynomial, https://media.signbsl.com/videos/asl/tsdvideo/mp4/1476.mp4
polyp, https://media.signbsl.com/videos/asl/youtube/mp4/ZKNitoTPMc0.mp4
polypeptide, https://media.signbsl.com/videos/asl/deaftec/mp4/1420.mp4
polytechnic, https://media.signbsl.com/videos/asl/youtube/mp4/G2o3Rwsll_g.mp4
polytechnic institute, https://media.signbsl.com/videos/asl/youtube/mp4/G2o3Rwsll_g.mp4
polytheist, https://media.signbsl.com/videos/asl/youtube/mp4/-sv3FkhDL8o.mp4
polythene, https://media.signbsl.com/videos/asl/youtube/mp4/m53vWg7dL6U.mp4
polyunsaturated, https://media.signbsl.com/videos/asl/youtube/mp4/9Hbsl2uvoQ4.mp4
Pomatomus saltatrix, https://media.signbsl.com/videos/asl/youtube/mp4/za4FNbbm52U.mp4
pomegranate, https://player.vimeo.com/external/392700733.sd.mp4?s=3cf46b5d5a0e76fd8c2233a4bf8a5eca69ed9799&profile_id=164
pom pom, https://player.vimeo.com/external/392700605.sd.mp4?s=e2d69ffc58942fe379e1a313cc63263780242dc1&profile_id=164
pompous, https://media.signbsl.com/videos/asl/youtube/mp4/axegvKsZG2E.mp4
ponce, https://media.signbsl.com/videos/asl/youtube/mp4/mCQNDCGpKj4.mp4
poncho, https://media.signbsl.com/videos/asl/aslsearch/mp4/poncho.mp4
pond, https://media.signbsl.com/videos/asl/aslsearch/mp4/pool.mp4
ponder, https://media.signbsl.com/videos/asl/signlanguagestudent/mp4/ponder.mp4
pondering, https://media.signbsl.com/videos/asl/elementalaslconcepts/mp4/reflect.mp4
ponderous, https://media.signbsl.com/videos/asl/youtube/mp4/J135T2dJEQk.mp4
pondweed, https://media.signbsl.com/videos/asl/elementalaslconcepts/mp4/elodea.mp4
pong, https://media.signbsl.com/videos/asl/youtube/mp4/0T_xjjg5NEc.mp4
ponies, https://media.signbsl.com/videos/asl/aslsearch/mp4/pony.mp4
Pontiff, https://media.signbsl.com/videos/asl/aslsearch/mp4/pope.mp4
pontifical, https://media.signbsl.com/videos/asl/valleybible/mp4/Episcopal.mp4
pontificate, https://media.signbsl.com/videos/asl/youtube/mp4/qMuSuJJc-5o.mp4
pony, https://media.signbsl.com/videos/asl/aslsearch/mp4/pony.mp4
pony express, https://media.signbsl.com/videos/asl/elementalaslconcepts/mp4/pony_express.mp4
ponytail, https://media.signbsl.com/videos/asl/youtube/mp4/HVNqWadOKPU.mp4
pooch, https://media.signbsl.com/videos/asl/youtube/mp4/UDv_rqKV9f4.mp4
poof, https://media.signbsl.com/videos/asl/youtube/mp4/7NTRs-QzIT8.mp4
pool, https://media.signbsl.com/videos/asl/aslsearch/mp4/pool.mp4
pool billiards, https://media.signbsl.com/videos/asl/signlanguagestudent/mp4/pool-billiards.mp4
poolside, https://media.signbsl.com/videos/asl/youtube/mp4/1MBQCG0I31s.mp4
poop, https://media.signbsl.com/videos/asl/youtube/mp4/nd5FxzIzYnE.mp4
poor, https://media.signbsl.com/videos/asl/startasl/mp4/poor.mp4
poor devil, https://media.signbsl.com/videos/asl/youtube/mp4/FjiXVQxdt_k.mp4
poor fish, https://media.signbsl.com/videos/asl/youtube/mp4/8XhgGnhsOFw.mp4
poorhouse, https://media.signbsl.com/videos/asl/youtube/mp4/ir7rlMCAvqE.mp4
poorly, https://media.signbsl.com/videos/asl/youtube/mp4/vduojz_rPl8.mp4
poor man, https://media.signbsl.com/videos/asl/youtube/mp4/nkrWh0PpQVI.mp4
poor not good, https://media.signbsl.com/videos/asl/signlanguagestudent/mp4/poor-not%20good.mp4
poor person, https://player.vimeo.com/external/392167096.sd.mp4?s=9ac3cc135315c63935809ed795a6f94ed3707178&profile_id=164
poor spirited, https://media.signbsl.com/videos/asl/youtube/mp4/9IX0KTlBh-U.mp4
poor thing pity, https://media.signbsl.com/videos/asl/signlanguagestudent/mp4/poor%20thing-pity.mp4
poor visibility, https://player.vimeo.com/external/392700801.sd.mp4?s=0b021eb942c7aa8246360a6fbb9c046bc933e6e6&profile_id=164
poove, https://media.signbsl.com/videos/asl/youtube/mp4/7NTRs-QzIT8.mp4
pop, https://media.signbsl.com/videos/asl/aslsignbank/mp4/FATHER-764.mp4
pop balloon, https://media.signbsl.com/videos/asl/youtube/mp4/fP77BcxcOt4.mp4
popcorn, https://media.signbsl.com/videos/asl/aslsignbank/mp4/POPCORN-363.mp4
popcorn pops, https://media.signbsl.com/videos/asl/youtube/mp4/gS7jyMVEnsQ.mp4
Pope, https://media.signbsl.com/videos/asl/aslsearch/mp4/pope.mp4
pop it in, https://media.signbsl.com/videos/asl/youtube/mp4/t4_muIuEUCQ.mp4
pop off, https://media.signbsl.com/videos/asl/youtube/mp4/7Reav4BjWdQ.mp4
pop out, https://player.vimeo.com/external/392124101.sd.mp4?s=ac7f3a8e23b8c1602b15606f98085009ff6ec2d9&profile_id=164
popped onto, https://media.signbsl.com/videos/asl/youtube/mp4/5qXPg6UMoQQ.mp4
popping pills, https://media.signbsl.com/videos/asl/youtube/mp4/UngfBxVUzV4.mp4
Poppy Day, https://player.vimeo.com/external/392436893.sd.mp4?s=6fce8a9178e6325ddf90b1929ee548b33b9922aa&profile_id=164
popsicle, https://media.signbsl.com/videos/asl/aslsearch/mp4/lollipop.mp4
populace, https://media.signbsl.com/videos/asl/aslsearch/mp4/population2.mp4
popular, https://media.signbsl.com/videos/asl/aslsignbank/mp4/POPULAR-917.mp4
popularisation, https://media.signbsl.com/videos/asl/youtube/mp4/aqcIrf5HzUE.mp4
popularization, https://media.signbsl.com/videos/asl/youtube/mp4/aqcIrf5HzUE.mp4
populate, https://media.signbsl.com/videos/asl/aslsearch/mp4/live.mp4
population, https://media.signbsl.com/videos/asl/aslsearch/mp4/population2.mp4
population scientist, https://media.signbsl.com/videos/asl/youtube/mp4/0thVLWdxdK8.mp4
populist, https://media.signbsl.com/videos/asl/youtube/mp4/YTN3OBn20DY.mp4
populous, https://media.signbsl.com/videos/asl/youtube/mp4/0Zqrn0ksFAY.mp4
pop up, https://media.signbsl.com/videos/asl/aslsearch/mp4/pop-up.mp4
pop up window, https://media.signbsl.com/videos/asl/mariekatzenbachschool/mp4/pop%20up%20window.mp4
porch, https://media.signbsl.com/videos/asl/startasl/mp4/porch2.mp4
porcine, https://media.signbsl.com/videos/asl/youtube/mp4/C1khvXDACpE.mp4
porcupine, https://media.signbsl.com/videos/asl/aslsearch/mp4/porcupine.mp4
pore, https://media.signbsl.com/videos/asl/youtube/mp4/Oly7pRPooTo.mp4
pork, https://media.signbsl.com/videos/asl/aslsearch/mp4/pork.mp4
pork barrel, https://media.signbsl.com/videos/asl/aslsearch/mp4/pork.mp4
porn, https://media.signbsl.com/videos/asl/ids/mp4/2013-11-3570-pornography-1500k-ase.mp4
porn merchant, https://media.signbsl.com/videos/asl/youtube/mp4/WBEYjXplTiE.mp4
porno, https://media.signbsl.com/videos/asl/ids/mp4/2013-11-3570-pornography-1500k-ase.mp4
pornographer, https://media.signbsl.com/videos/asl/youtube/mp4/WBEYjXplTiE.mp4
pornography, https://media.signbsl.com/videos/asl/ids/mp4/2013-11-3570-pornography-1500k-ase.mp4
porosity, https://media.signbsl.com/videos/asl/youtube/mp4/-NMf6N5ax3c.mp4
porousness, https://media.signbsl.com/videos/asl/youtube/mp4/-NMf6N5ax3c.mp4
port, https://media.signbsl.com/videos/asl/deaftec/mp4/1037.mp4
portability, https://media.signbsl.com/videos/asl/youtube/mp4/S4aLQCkL0G4.mp4
portage, https://media.signbsl.com/videos/asl/youtube/mp4/flHY7IaB9DQ.mp4
portal, https://media.signbsl.com/videos/asl/youtube/mp4/yTBS1A8W62U.mp4
portend, https://media.signbsl.com/videos/asl/youtube/mp4/9j_zT0Ewun4.mp4
portent, https://media.signbsl.com/videos/asl/youtube/mp4/nSrp8F6NvsE.mp4
portentious, https://media.signbsl.com/videos/asl/youtube/mp4/C-IIS1AEuh0.mp4
portentous, https://media.signbsl.com/videos/asl/youtube/mp4/fxW7-tmxvJ0.mp4
porter, https://media.signbsl.com/videos/asl/youtube/mp4/W2QiXe302Zk.mp4
portfolio, https://media.signbsl.com/videos/asl/aslsearch/mp4/portfolio.mp4
portion, https://media.signbsl.com/videos/asl/aslsearch/mp4/luck.mp4
portion out, https://media.signbsl.com/videos/asl/aslsearch/mp4/sort.mp4
Porto Rico, https://media.signbsl.com/videos/asl/startasl/mp4/puerto-rico.mp4
portray, https://media.signbsl.com/videos/asl/youtube/mp4/k0v0JdPPw1w.mp4
port scan, https://media.signbsl.com/videos/asl/deaftec/mp4/1038.mp4
Portugal, https://media.signbsl.com/videos/asl/youtube/mp4/ZiIFHtxQ3Tw.mp4
Portuguese, https://media.signbsl.com/videos/asl/youtube/mp4/U9PmyUFemJA.mp4
Portuguese man of war, https://media.signbsl.com/videos/asl/youtube/mp4/KaQuXRVxHQk.mp4
Portuguese Republic, https://media.signbsl.com/videos/asl/youtube/mp4/ZiIFHtxQ3Tw.mp4
pose, https://media.signbsl.com/videos/asl/tsdvideo/mp4/1068.mp4
poser, https://media.signbsl.com/videos/asl/youtube/mp4/-7kDke4Ovew.mp4
poseur, https://media.signbsl.com/videos/asl/youtube/mp4/-7kDke4Ovew.mp4
posh, https://media.signbsl.com/videos/asl/signlanguagestudent/mp4/class%20(classy).mp4
posit, https://media.signbsl.com/videos/asl/tsdvideo/mp4/1521.mp4
position, https://media.signbsl.com/videos/asl/tsdvideo/mp4/1068.mp4
positioning, https://media.signbsl.com/videos/asl/youtube/mp4/5-3E4jr6syc.mp4
positive, https://media.signbsl.com/videos/asl/mariekatzenbachschool/mp4/positive.mp4
positive correlation, https://media.signbsl.com/videos/asl/tsdvideo/mp4/1273.mp4
positive feedback, https://media.signbsl.com/videos/asl/valleybible/mp4/regeneration.mp4
positive number, https://media.signbsl.com/videos/asl/deaftec-math/mp4/58D-1.mp4
positive numbers, https://media.signbsl.com/videos/asl/tsdvideo/mp4/254.mp4
positivism, https://media.signbsl.com/videos/asl/youtube/mp4/YUSlgHH2y1s.mp4
positivist, https://media.signbsl.com/videos/asl/youtube/mp4/e0J9mo_G9ok.mp4
positivity, https://media.signbsl.com/videos/asl/youtube/mp4/YUSlgHH2y1s.mp4
positraction, https://media.signbsl.com/videos/asl/AustinCommunityCollege/mp4/auto_positraction_.mp4
positron, https://media.signbsl.com/videos/asl/youtube/mp4/f9dzato_Aag.mp4
poss, https://media.signbsl.com/videos/asl/aslsignbank/mp4/POSS-2965.mp4
posse, https://media.signbsl.com/videos/asl/youtube/mp4/C-clo-jAPEo.mp4
posse comitatus, https://media.signbsl.com/videos/asl/youtube/mp4/C-clo-jAPEo.mp4
possess, https://media.signbsl.com/videos/asl/aslsearch/mp4/own2.mp4
possessed, https://media.signbsl.com/videos/asl/youtube/mp4/_uxOYuPpTYM.mp4
possession, https://media.signbsl.com/videos/asl/youtube/mp4/oBdodUVkgu0.mp4
possessive, https://media.signbsl.com/videos/asl/youtube/mp4/kqMvtgOsl_o.mp4
possessor, https://media.signbsl.com/videos/asl/youtube/mp4/wN0irH7NMgM.mp4
possibility something bad happen, https://media.signbsl.com/videos/asl/youtube/mp4/m-IlAtIoqzI.mp4
possible, https://media.signbsl.com/videos/asl/signlanguagestudent/mp4/possible.mp4
possible outcomes, https://media.signbsl.com/videos/asl/tsdvideo/mp4/1274.mp4
possibly, https://media.signbsl.com/videos/asl/aslsignbank/mp4/MAYBE-505.mp4
possum, https://media.signbsl.com/videos/asl/youtube/mp4/b-eM0-I4olY.mp4
post, https://media.signbsl.com/videos/asl/aslsignbank/mp4/POST-2252.mp4
postage, https://media.signbsl.com/videos/asl/startasl/mp4/stamp.mp4
postage stamp, https://media.signbsl.com/videos/asl/startasl/mp4/stamp.mp4
postal card, https://player.vimeo.com/external/392700849.sd.mp4?s=6b8bdea791bd0f56f946c72f5b10917ff95ea5d2&profile_id=164
postal code, https://media.signbsl.com/videos/asl/youtube/mp4/oEs8me3ApMQ.mp4
postbag, https://media.signbsl.com/videos/asl/youtube/mp4/RQg1EAr1RF0.mp4
post card, https://player.vimeo.com/external/392700849.sd.mp4?s=6b8bdea791bd0f56f946c72f5b10917ff95ea5d2&profile_id=164
postcard, https://player.vimeo.com/external/392700849.sd.mp4?s=6b8bdea791bd0f56f946c72f5b10917ff95ea5d2&profile_id=164
postcode, https://media.signbsl.com/videos/asl/youtube/mp4/oEs8me3ApMQ.mp4
postdate, https://media.signbsl.com/videos/asl/youtube/mp4/zLspwXfWYJo.mp4
poster, https://media.signbsl.com/videos/asl/youtube/mp4/rEU-UAATuAY.mp4
posterior, https://media.signbsl.com/videos/asl/youtube/mp4/k4acAbNtqrg.mp4
posteriority, https://media.signbsl.com/videos/asl/youtube/mp4/1VQRhq2o7MQ.mp4
posterity, https://media.signbsl.com/videos/asl/youtube/mp4/ey2ENAcwMBY.mp4
postfix, https://media.signbsl.com/videos/asl/youtube/mp4/B31Qw67Orsw.mp4
post flow time, https://media.signbsl.com/videos/asl/AustinCommunityCollege/mp4/weld_postflow-time_.mp4
post heating, https://media.signbsl.com/videos/asl/AustinCommunityCollege/mp4/weld_postheating_.mp4
posthumous, https://media.signbsl.com/videos/asl/youtube/mp4/YY2oZBr9HwM.mp4
postiche, https://media.signbsl.com/videos/asl/youtube/mp4/LROR32A9sV8.mp4
postindustrial, https://media.signbsl.com/videos/asl/youtube/mp4/BmfTwk4oSfA.mp4
posting, https://media.signbsl.com/videos/asl/youtube/mp4/rEU-UAATuAY.mp4
postman, https://media.signbsl.com/videos/asl/startasl/mp4/mailman.mp4
postmark, https://media.signbsl.com/videos/asl/youtube/mp4/VMgg9dnnSBk.mp4
postmaster, https://media.signbsl.com/videos/asl/youtube/mp4/fwQ6AH3V3TU.mp4
postmenopausal, https://media.signbsl.com/videos/asl/youtube/mp4/Sj1sauCoFkc.mp4
postmodern, https://media.signbsl.com/videos/asl/youtube/mp4/N5GeXiqydQQ.mp4
postmodernist, https://media.signbsl.com/videos/asl/youtube/mp4/N5GeXiqydQQ.mp4
postmortal, https://media.signbsl.com/videos/asl/youtube/mp4/bOvjHH_bGe0.mp4
postmortem, https://media.signbsl.com/videos/asl/youtube/mp4/bOvjHH_bGe0.mp4
postmortem examination, https://media.signbsl.com/videos/asl/youtube/mp4/M1m3KL-Bi2M.mp4
post office, https://media.signbsl.com/videos/asl/aslsearch/mp4/post-office.mp4
postoperative, https://media.signbsl.com/videos/asl/youtube/mp4/vZ-XoYpnXTM.mp4
postpaid, https://media.signbsl.com/videos/asl/youtube/mp4/yc_BVQo4sWI.mp4
postpone, https://media.signbsl.com/videos/asl/aslsearch/mp4/defer.mp4
postscript, https://media.signbsl.com/videos/asl/youtube/mp4/cVm9fgtkY0Q.mp4
postseason, https://media.signbsl.com/videos/asl/youtube/mp4/ibOMd1a-uHc.mp4
posttraumatic stress disorder, https://media.signbsl.com/videos/asl/youtube/mp4/YXqK40XR13c.mp4
postulate, https://media.signbsl.com/videos/asl/startasl/mp4/need.mp4
postulation, https://media.signbsl.com/videos/asl/youtube/mp4/UiA3e973NMo.mp4
postural, https://media.signbsl.com/videos/asl/youtube/mp4/ECgQH8n2OIA.mp4
posture, https://media.signbsl.com/videos/asl/youtube/mp4/CXNsrrx_hyI.mp4
postwar, https://media.signbsl.com/videos/asl/youtube/mp4/O6rhDj95anc.mp4
postwoman, https://media.signbsl.com/videos/asl/youtube/mp4/XfKO1Iv_Qu4.mp4
posy, https://media.signbsl.com/videos/asl/aslsignbank/mp4/BRIDESMAID-2450.mp4
pot, https://media.signbsl.com/videos/asl/youtube/mp4/FdUZb3NFrj0.mp4
potable, https://media.signbsl.com/videos/asl/aslsignbank/mp4/DRINK-119.mp4
potage, https://media.signbsl.com/videos/asl/youtube/mp4/9x3mF0d_Huk.mp4
potato, https://media.signbsl.com/videos/asl/startasl/mp4/potato.mp4
potato chip, https://media.signbsl.com/videos/asl/aslsearch/mp4/chip.mp4
potato chips, https://media.signbsl.com/videos/asl/aslsearch/mp4/chip.mp4
potatoes, https://media.signbsl.com/videos/asl/mariekatzenbachschool/mp4/potatoes.mp4
potbellied, https://media.signbsl.com/videos/asl/youtube/mp4/uW8aHyru2jo.mp4
potboiler, https://media.signbsl.com/videos/asl/youtube/mp4/HK05NlRn5nw.mp4
potency, https://media.signbsl.com/videos/asl/youtube/mp4/3CxSpj1WdOo.mp4
potent, https://media.signbsl.com/videos/asl/aslsignbank/mp4/POWER-802.mp4
potential, https://media.signbsl.com/videos/asl/youtube/mp4/3CxSpj1WdOo.mp4
potentiality, https://media.signbsl.com/videos/asl/youtube/mp4/3CxSpj1WdOo.mp4
potful, https://media.signbsl.com/videos/asl/youtube/mp4/sd4J7lwbQNU.mp4
pothole, https://media.signbsl.com/videos/asl/youtube/mp4/t56jljv_Lq0.mp4
pothouse, https://player.vimeo.com/external/392429153.sd.mp4?s=3213d61d40a881efea864ffc84d2883c65d954b8&profile_id=164
potion, https://media.signbsl.com/videos/asl/youtube/mp4/dmwGmMpGGWI.mp4
potluck, https://media.signbsl.com/videos/asl/youtube/mp4/aghfMY3Z1f0.mp4
pot of gold, https://player.vimeo.com/external/392700881.sd.mp4?s=4bbd850d75f4e7acad6db8fbbcce019b462df7d1&profile_id=164
potpourri, https://media.signbsl.com/videos/asl/youtube/mp4/Lt-pbyuiqiI.mp4
potshot, https://media.signbsl.com/videos/asl/youtube/mp4/FdVb3YC58ec.mp4
pottage, https://media.signbsl.com/videos/asl/youtube/mp4/9x3mF0d_Huk.mp4
potter, https://media.signbsl.com/videos/asl/youtube/mp4/LElf0V6cYbg.mp4
potter around, https://media.signbsl.com/videos/asl/youtube/mp4/ILOCkRoF_K8.mp4
potterer, https://media.signbsl.com/videos/asl/youtube/mp4/XpeCZxiJ4cI.mp4
potty, https://player.vimeo.com/external/392518215.sd.mp4?s=113d53ba6f2c71f52d578ada70db149ecff96e8b&profile_id=164
pouch, https://media.signbsl.com/videos/asl/aslsearch/mp4/sac.mp4
pouched mammal, https://media.signbsl.com/videos/asl/youtube/mp4/Jsof7X3sx2I.mp4
pouf, https://media.signbsl.com/videos/asl/youtube/mp4/7NTRs-QzIT8.mp4
poulterer, https://media.signbsl.com/videos/asl/youtube/mp4/3yAqABH84YM.mp4
poultry, https://media.signbsl.com/videos/asl/aslsearch/mp4/poultry.mp4
poultryman, https://media.signbsl.com/videos/asl/youtube/mp4/3yAqABH84YM.mp4
pounce, https://media.signbsl.com/videos/asl/youtube/mp4/6QzI-pBTosk.mp4
pound, https://media.signbsl.com/videos/asl/tsdvideo/mp4/1223.mp4
pounder, https://media.signbsl.com/videos/asl/youtube/mp4/cLtxZrem1pU.mp4
pound sterling, https://media.signbsl.com/videos/asl/youtube/mp4/aVWfkUPheK8.mp4
pour, https://media.signbsl.com/videos/asl/aslsignbank/mp4/POUR-2910.mp4
pourboire, https://media.signbsl.com/videos/asl/aslsearch/mp4/tip.mp4
pouring rain, https://player.vimeo.com/external/392700934.sd.mp4?s=a5cf40412f7ff718b5cd50117a5e8f90c1d4398a&profile_id=164
pour out, https://media.signbsl.com/videos/asl/aslsignbank/mp4/POUR-2910.mp4
pout, https://media.signbsl.com/videos/asl/youtube/mp4/kQPdPxs-q7Q.mp4
pouting, https://media.signbsl.com/videos/asl/aslsignbank/mp4/i(pout)-2486.mp4
pow, https://media.signbsl.com/videos/asl/youtube/mp4/H7bvlGRrdno.mp4
powder, https://media.signbsl.com/videos/asl/aslsignbank/mp4/POWDER-804.mp4
powder makeup, https://media.signbsl.com/videos/asl/youtube/mp4/qYeD5vlDSzo.mp4
power, https://media.signbsl.com/videos/asl/signlanguagestudent/mp4/power.mp4
powder makeup, https://media.signbsl.com/videos/asl/youtube/mp4/qYeD5vlDSzo.mp4
power, https://media.signbsl.com/videos/asl/signlanguagestudent/mp4/power.mp4
power b, https://media.signbsl.com/videos/asl/signlanguagestudent/mp4/power-b.mp4
power electricity, https://media.signbsl.com/videos/asl/signlanguagestudent/mp4/power-electricity.mp4
power failure, https://player.vimeo.com/external/392700968.sd.mp4?s=7718426dc3593578ea2b9ec27e5baeade0050d48&profile_id=164
powerful, https://media.signbsl.com/videos/asl/startasl/mp4/powerful.mp4
powerfulness, https://media.signbsl.com/videos/asl/signlanguagestudent/mp4/power.mp4
powerhouse, https://media.signbsl.com/videos/asl/youtube/mp4/EEHWjsfPxPI.mp4
powerless, https://media.signbsl.com/videos/asl/youtube/mp4/3sYiysksQog.mp4
powerlessness, https://media.signbsl.com/videos/asl/youtube/mp4/vrCTTXkPyU0.mp4
Power of the Holy Ghost, https://media.signbsl.com/videos/asl/ids/mp4/2013-11-3580-power-of-the-holy-ghost-1500k-ase.mp4
power outage, https://player.vimeo.com/external/392700968.sd.mp4?s=7718426dc3593578ea2b9ec27e5baeade0050d48&profile_id=164
power plant, https://media.signbsl.com/videos/asl/youtube/mp4/EEHWjsfPxPI.mp4
power saw, https://media.signbsl.com/videos/asl/youtube/mp4/-ZgF--_Xwj0.mp4
power shovel, https://media.signbsl.com/videos/asl/aslsearch/mp4/shovel.mp4
power source electric, https://media.signbsl.com/videos/asl/youtube/mp4/D7YWLGabx7U.mp4
power station, https://media.signbsl.com/videos/asl/youtube/mp4/EEHWjsfPxPI.mp4
power strip, https://media.signbsl.com/videos/asl/mariekatzenbachschool/mp4/power%20strip.mp4
power structure, https://player.vimeo.com/external/392178766.sd.mp4?s=d01af02ca04dd12c9979181d7c52fc21120d281f&profile_id=164
power train, https://media.signbsl.com/videos/asl/AustinCommunityCollege/mp4/auto_gears_.mp4
pp, https://media.signbsl.com/videos/asl/aslsearch/mp4/pp.mp4
PR, https://media.signbsl.com/videos/asl/startasl/mp4/puerto-rico.mp4
practical joker, https://media.signbsl.com/videos/asl/youtube/mp4/QSyYQ2LJg2Q.mp4
practice, https://media.signbsl.com/videos/asl/startasl/mp4/exercise.mp4
practiced, https://media.signbsl.com/videos/asl/aslsignbank/mp4/EXPERT-2482.mp4
practician, https://media.signbsl.com/videos/asl/youtube/mp4/EiT2ZRDPHds.mp4
practicum, https://media.signbsl.com/videos/asl/youtube/mp4/SZ9wLI3ImsA.mp4
practise, https://media.signbsl.com/videos/asl/startasl/mp4/exercise.mp4
practitioner, https://media.signbsl.com/videos/asl/youtube/mp4/EiT2ZRDPHds.mp4
praesidia, https://media.signbsl.com/videos/asl/youtube/mp4/vexVmKLWX7U.mp4
Prag, https://media.signbsl.com/videos/asl/youtube/mp4/5_2M4hJl11E.mp4
pragmatic, https://media.signbsl.com/videos/asl/youtube/mp4/ukucCZmhfEs.mp4
pragmatical, https://media.signbsl.com/videos/asl/youtube/mp4/ukucCZmhfEs.mp4
pragmatist, https://media.signbsl.com/videos/asl/youtube/mp4/56599FZBXKA.mp4
Prague, https://media.signbsl.com/videos/asl/youtube/mp4/5_2M4hJl11E.mp4
Praha, https://media.signbsl.com/videos/asl/youtube/mp4/5_2M4hJl11E.mp4
prairie, https://media.signbsl.com/videos/asl/elementalaslconcepts/mp4/prairie.mp4
Prairie State, https://media.signbsl.com/videos/asl/youtube/mp4/I70qqKejftk.mp4
prairie wolf, https://media.signbsl.com/videos/asl/youtube/mp4/4872Sn65-Mw.mp4
praise, https://media.signbsl.com/videos/asl/signlanguagestudent/mp4/praise%20(alternate).mp4
praiseworthy, https://media.signbsl.com/videos/asl/youtube/mp4/hs7_yafRlKE.mp4
pram, https://media.signbsl.com/videos/asl/aslsearch/mp4/stroller.mp4
prance, https://media.signbsl.com/videos/asl/youtube/mp4/R7CY5tGfXbQ.mp4
prang up, https://player.vimeo.com/external/392195817.sd.mp4?s=26ceec88c26175e7c9cd2c073bf410958f3b69c4&profile_id=164
prank, https://media.signbsl.com/videos/asl/youtube/mp4/0QEjOGmH_L8.mp4
prankster, https://media.signbsl.com/videos/asl/youtube/mp4/QSyYQ2LJg2Q.mp4
prat, https://media.signbsl.com/videos/asl/youtube/mp4/k4acAbNtqrg.mp4
prate, https://player.vimeo.com/external/395755650.sd.mp4?s=e614f7ba9f29061f03aa1ebe5b2ac124960ff956&profile_id=164
prater, https://media.signbsl.com/videos/asl/youtube/mp4/5nON5FOVJ3c.mp4
pratfall, https://media.signbsl.com/videos/asl/youtube/mp4/1ycpUHT1txQ.mp4
prattle, https://player.vimeo.com/external/395755650.sd.mp4?s=e614f7ba9f29061f03aa1ebe5b2ac124960ff956&profile_id=164
pray, https://media.signbsl.com/videos/asl/aslsignbank/mp4/BEG-769.mp4
prayer, https://media.signbsl.com/videos/asl/youtube/mp4/8ERNSWs-cPI.mp4
prayer beads, https://media.signbsl.com/videos/asl/aslsearch/mp4/rosary.mp4
prayerful, https://media.signbsl.com/videos/asl/youtube/mp4/Pb-MmY-vP7o.mp4
Pray Prayer Supplicate, https://media.signbsl.com/videos/asl/ids/mp4/2013-11-3600-pray-prayer-supplicate-1500k-ase.mp4
PRC, https://media.signbsl.com/videos/asl/startasl/mp4/china.mp4
pre, https://media.signbsl.com/videos/asl/youtube/mp4/Gl9-fW-R9RM.mp4
preach, https://media.signbsl.com/videos/asl/aslsignbank/mp4/PREACH-2297.mp4
preach a lot to me, https://media.signbsl.com/videos/asl/youtube/mp4/7fzJN7OX8gA.mp4
preacher, https://media.signbsl.com/videos/asl/aslsignbank/mp4/PREACHER-2516.mp4
preacher man, https://media.signbsl.com/videos/asl/aslsignbank/mp4/PREACHER-2516.mp4
preaching, https://media.signbsl.com/videos/asl/aslsearch/mp4/sermon.mp4
preachment, https://media.signbsl.com/videos/asl/youtube/mp4/TfqaHq1TrYg.mp4
preadolescence, https://media.signbsl.com/videos/asl/youtube/mp4/yn8ud3GZwPc.mp4
prearrange, https://media.signbsl.com/videos/asl/youtube/mp4/Jp2tnah3wes.mp4
preassigned, https://media.signbsl.com/videos/asl/youtube/mp4/9nNQP2Jj4xs.mp4
precancerous, https://media.signbsl.com/videos/asl/youtube/mp4/oSx1Hv02LoE.mp4
precarious, https://media.signbsl.com/videos/asl/youtube/mp4/uhntm3yoW2g.mp4
precast, https://media.signbsl.com/videos/asl/youtube/mp4/2jnSaq2_EP0.mp4
precaution, https://media.signbsl.com/videos/asl/youtube/mp4/muZOGQ-JI5o.mp4
precede, https://media.signbsl.com/videos/asl/youtube/mp4/OlBIURnEkyQ.mp4
precedence, https://media.signbsl.com/videos/asl/aslsignbank/mp4/PRIORITY-934.mp4
precedency, https://media.signbsl.com/videos/asl/aslsignbank/mp4/PRIORITY-934.mp4
precedent, https://media.signbsl.com/videos/asl/unoclimb/mp4/WqtSvOvD7N8.mp4
precentor, https://media.signbsl.com/videos/asl/youtube/mp4/MtUSslPj0S8.mp4
precession, https://media.signbsl.com/videos/asl/youtube/mp4/cACZNs1ceYw.mp4
precinct, https://media.signbsl.com/videos/asl/youtube/mp4/im2YHZGo468.mp4
precious, https://media.signbsl.com/videos/asl/startasl/mp4/cute.mp4
precious stone, https://media.signbsl.com/videos/asl/youtube/mp4/RNFG61vhw6I.mp4
Precious Valuable Dear, https://media.signbsl.com/videos/asl/ids/mp4/2013-11-3620-precious-valualble-dear-1500k-ase.mp4
precipice, https://media.signbsl.com/videos/asl/youtube/mp4/X0DW_AMhul8.mp4
precipitant, https://media.signbsl.com/videos/asl/youtube/mp4/PeuZrwGmUi0.mp4
precipitate, https://media.signbsl.com/videos/asl/deaftec/mp4/1421.mp4
precipitation, https://media.signbsl.com/videos/asl/aslsearch/mp4/precipitation.mp4
precipitous, https://media.signbsl.com/videos/asl/youtube/mp4/ev7Rnq4CX-I.mp4
precis, https://player.vimeo.com/external/391145799.sd.mp4?s=ec0b7c6034ebcebe80c8eac8703a88ac221c0f81&profile_id=164
precisely, https://media.signbsl.com/videos/asl/aslsignbank/mp4/PERFECT-523.mp4
preclude, https://media.signbsl.com/videos/asl/startasl/mp4/prevent.mp4
precocious, https://media.signbsl.com/videos/asl/youtube/mp4/YYqrnSCSd2g.mp4
precognition, https://media.signbsl.com/videos/asl/youtube/mp4/bNfC7QrkF9c.mp4
precolonial, https://media.signbsl.com/videos/asl/youtube/mp4/hoy4fD7X6H0.mp4
preconceive, https://media.signbsl.com/videos/asl/youtube/mp4/vc2dUFp84KU.mp4
preconception, https://media.signbsl.com/videos/asl/youtube/mp4/ldNMhTzOhRE.mp4
precondition, https://media.signbsl.com/videos/asl/youtube/mp4/ks526oJ1_UU.mp4
precook, https://media.signbsl.com/videos/asl/youtube/mp4/Cfdy2IMbQqg.mp4
precursor, https://media.signbsl.com/videos/asl/youtube/mp4/Ondjqh4WPhY.mp4
predaceous, https://media.signbsl.com/videos/asl/youtube/mp4/43A5NCqkGfY.mp4
predacious, https://media.signbsl.com/videos/asl/youtube/mp4/43A5NCqkGfY.mp4
predate, https://media.signbsl.com/videos/asl/youtube/mp4/OlBIURnEkyQ.mp4
predator, https://media.signbsl.com/videos/asl/thefamilyvocab/mp4/vulture.mp4
predatory, https://media.signbsl.com/videos/asl/youtube/mp4/43A5NCqkGfY.mp4
predatory animal, https://media.signbsl.com/videos/asl/elementalaslconcepts/mp4/predator.mp4
predawn, https://media.signbsl.com/videos/asl/youtube/mp4/4Tu8YSTBzCM.mp4
predecessor, https://media.signbsl.com/videos/asl/youtube/mp4/gXqyNFjhEBw.mp4
predesignate, https://media.signbsl.com/videos/asl/youtube/mp4/u1zNEW82s4k.mp4
predestinarian, https://media.signbsl.com/videos/asl/youtube/mp4/E2jFWjNHt5g.mp4
predestinate, https://media.signbsl.com/videos/asl/ids/mp4/2013-11-1780-forordain-1500k-ase.mp4
predestination, https://media.signbsl.com/videos/asl/valleybible/mp4/predestination.mp4
predestinationist, https://media.signbsl.com/videos/asl/youtube/mp4/E2jFWjNHt5g.mp4
predestine, https://media.signbsl.com/videos/asl/ids/mp4/2013-11-1780-forordain-1500k-ase.mp4
predetermination, https://media.signbsl.com/videos/asl/valleybible/mp4/predestination.mp4
predetermined, https://media.signbsl.com/videos/asl/youtube/mp4/tU9g9Jbn1gQ.mp4
predicament, https://media.signbsl.com/videos/asl/youtube/mp4/QwwOJQngOdM.mp4
predicative, https://media.signbsl.com/videos/asl/youtube/mp4/rHlxX3MNE5I.mp4
predict, https://media.signbsl.com/videos/asl/aslsignbank/mp4/GUESS-608.mp4
predictability, https://media.signbsl.com/videos/asl/youtube/mp4/fHk01BW8CIk.mp4
prediction, https://media.signbsl.com/videos/asl/tsdvideo/mp4/498.mp4
predictor, https://media.signbsl.com/videos/asl/youtube/mp4/xAce_mfwvkY.mp4
predigest, https://media.signbsl.com/videos/asl/youtube/mp4/6NPAcK43buA.mp4
predilection, https://media.signbsl.com/videos/asl/youtube/mp4/aEDKO8Bp5hk.mp4
predispose, https://media.signbsl.com/videos/asl/youtube/mp4/L7x_pcpMfeo.mp4
predominance, https://media.signbsl.com/videos/asl/youtube/mp4/shYxXUTKIns.mp4
predominant, https://media.signbsl.com/videos/asl/youtube/mp4/1a18haJgvsk.mp4
predominate, https://media.signbsl.com/videos/asl/youtube/mp4/1a18haJgvsk.mp4
predomination, https://media.signbsl.com/videos/asl/youtube/mp4/shYxXUTKIns.mp4
preemie, https://media.signbsl.com/videos/asl/youtube/mp4/w76Ioi-KKq0.mp4
preeminence, https://media.signbsl.com/videos/asl/youtube/mp4/6FXXwRAy3Wc.mp4
preempt, https://media.signbsl.com/videos/asl/youtube/mp4/x-gesLWuCxY.mp4
preen, https://media.signbsl.com/videos/asl/youtube/mp4/7jtWTi7_G6U.mp4
preexist, https://media.signbsl.com/videos/asl/youtube/mp4/78Oks6L0zSo.mp4
prefab, https://media.signbsl.com/videos/asl/youtube/mp4/cNbxt0Z-lpA.mp4
preface, https://media.signbsl.com/videos/asl/youtube/mp4/SVE298JXKoo.mp4
prefect, https://media.signbsl.com/videos/asl/youtube/mp4/hQdg9l7_ZXI.mp4
prefer, https://media.signbsl.com/videos/asl/signlanguagestudent/mp4/prefer.mp4
preferable, https://media.signbsl.com/videos/asl/youtube/mp4/PXGtLYq-hi4.mp4
preferably, https://media.signbsl.com/videos/asl/youtube/mp4/cI3UEP4PZOQ.mp4
preference, https://media.signbsl.com/videos/asl/youtube/mp4/aEDKO8Bp5hk.mp4
PREFER FAVORITE, https://media.signbsl.com/videos/asl/youtube/mp4/V9h3dt1UcCM.mp4
preferred, https://media.signbsl.com/videos/asl/aslsignbank/mp4/FAVORITE-225.mp4
prefigure, https://media.signbsl.com/videos/asl/youtube/mp4/qkVqh2962AA.mp4
prefix, https://media.signbsl.com/videos/asl/youtube/mp4/1A-3jAcYpBs.mp4
preflow time, https://media.signbsl.com/videos/asl/AustinCommunityCollege/mp4/weld_preflow_time_.mp4
prefrontal leucotomy, https://media.signbsl.com/videos/asl/youtube/mp4/pfj6D6mV5Xs.mp4
prefrontal leukotomy, https://media.signbsl.com/videos/asl/youtube/mp4/pfj6D6mV5Xs.mp4
prefrontal lobotomy, https://media.signbsl.com/videos/asl/youtube/mp4/pfj6D6mV5Xs.mp4
pregame, https://media.signbsl.com/videos/asl/youtube/mp4/3Ws6lumI2FM.mp4
pregnancy, https://media.signbsl.com/videos/asl/youtube/mp4/HGwBjBZW0a0.mp4
pregnant, https://media.signbsl.com/videos/asl/startasl/mp4/pregnant.mp4
pregnant chad, https://media.signbsl.com/videos/asl/youtube/mp4/FZWpwbDBiFs.mp4
preheat, https://media.signbsl.com/videos/asl/AustinCommunityCollege/mp4/weld_preheat_.mp4
prehend, https://media.signbsl.com/videos/asl/aslsignbank/mp4/SEIZE-1015.mp4
prehensile, https://player.vimeo.com/external/391178299.sd.mp4?s=46f24d40152142f32e2cc8ebd32d791224deb6bd&profile_id=164
prehistoric, https://media.signbsl.com/videos/asl/youtube/mp4/XiMchZL5XK8.mp4
prehistorical, https://media.signbsl.com/videos/asl/youtube/mp4/XiMchZL5XK8.mp4
prehistoric culture, https://media.signbsl.com/videos/asl/elementalaslconcepts/mp4/prehistory.mp4
prehistory, https://media.signbsl.com/videos/asl/elementalaslconcepts/mp4/prehistory.mp4
preindication, https://media.signbsl.com/videos/asl/youtube/mp4/uu5Jq_ypOio.mp4
prejudge, https://media.signbsl.com/videos/asl/youtube/mp4/WyxFoMl59fw.mp4
prejudice, https://media.signbsl.com/videos/asl/youtube/mp4/ldNMhTzOhRE.mp4
prejudicial, https://media.signbsl.com/videos/asl/youtube/mp4/DNa7BM-Vd3E.mp4
prejudicious, https://media.signbsl.com/videos/asl/youtube/mp4/DNa7BM-Vd3E.mp4
prekindergarten, https://media.signbsl.com/videos/asl/youtube/mp4/UOZXgtITQvM.mp4
prelate, https://media.signbsl.com/videos/asl/youtube/mp4/s8aX7GhbSyM.mp4
prelim, https://media.signbsl.com/videos/asl/youtube/mp4/J_KCRnwCyyc.mp4
preliminary, https://media.signbsl.com/videos/asl/youtube/mp4/FSUNR1zfzRE.mp4
preliminary exam, https://media.signbsl.com/videos/asl/youtube/mp4/J_KCRnwCyyc.mp4
preliminary examination, https://media.signbsl.com/videos/asl/youtube/mp4/J_KCRnwCyyc.mp4
preliterate, https://media.signbsl.com/videos/asl/youtube/mp4/k5vTtHn1Il0.mp4
prelude, https://media.signbsl.com/videos/asl/youtube/mp4/FSUNR1zfzRE.mp4
premarital, https://media.signbsl.com/videos/asl/youtube/mp4/1TCKdvExO4U.mp4
premature, https://player.vimeo.com/external/392868561.sd.mp4?s=f2c6740f9bcf4602cd68a9ddc3a626a554f3fc84&profile_id=164
premature baby, https://media.signbsl.com/videos/asl/youtube/mp4/w76Ioi-KKq0.mp4
premature infant, https://media.signbsl.com/videos/asl/youtube/mp4/w76Ioi-KKq0.mp4
premed, https://media.signbsl.com/videos/asl/youtube/mp4/OmAeAoIwlNo.mp4
premeditate, https://media.signbsl.com/videos/asl/youtube/mp4/Jwg2pA0hhXw.mp4
premenstrual, https://media.signbsl.com/videos/asl/youtube/mp4/kJhcCkXzM8Q.mp4
premie, https://media.signbsl.com/videos/asl/youtube/mp4/w76Ioi-KKq0.mp4
premier, https://player.vimeo.com/external/392419617.sd.mp4?s=88cc12d555b002b7fadbd0c421669f5e954c8993&profile_id=164
premiere, https://media.signbsl.com/videos/asl/youtube/mp4/99GAYMRR6LY.mp4
premise, https://media.signbsl.com/videos/asl/youtube/mp4/tiZhG_OodVk.mp4
premiss, https://media.signbsl.com/videos/asl/youtube/mp4/tiZhG_OodVk.mp4
premium, https://media.signbsl.com/videos/asl/youtube/mp4/Pas4BJi6HkA.mp4
premix, https://media.signbsl.com/videos/asl/youtube/mp4/0oL-9_A3dIU.mp4
premonition, https://media.signbsl.com/videos/asl/youtube/mp4/aZYka8oojP8.mp4
Premortal Existence Pre-earth Life, NA
prenatal, https://media.signbsl.com/videos/asl/youtube/mp4/Snu07HEq2xI.mp4
prentice, https://media.signbsl.com/videos/asl/youtube/mp4/P73YShFqi-U.mp4
prenup, https://media.signbsl.com/videos/asl/youtube/mp4/zXfMncsV3A0.mp4
prenuptial, https://media.signbsl.com/videos/asl/youtube/mp4/1TCKdvExO4U.mp4
preoccupancy, https://media.signbsl.com/videos/asl/youtube/mp4/E44FqK65BiY.mp4
preoccupation, https://media.signbsl.com/videos/asl/youtube/mp4/E44FqK65BiY.mp4
preoccupied, https://media.signbsl.com/videos/asl/aslsignbank/mp4/MONSTER-507.mp4
preoccupy, https://player.vimeo.com/external/392868583.sd.mp4?s=6476e29e271a335d8aeffb0f9961d7bdb213a481&profile_id=164
preoperative, https://media.signbsl.com/videos/asl/youtube/mp4/e8leCl04ZAE.mp4
preordain, https://media.signbsl.com/videos/asl/youtube/mp4/OtTRKJpMp7k.mp4
preordination, https://media.signbsl.com/videos/asl/valleybible/mp4/predestination.mp4
prep, https://media.signbsl.com/videos/asl/startasl/mp4/homework.mp4
prepackage, https://media.signbsl.com/videos/asl/youtube/mp4/fYTRrRSVRs4.mp4
prepaid, https://media.signbsl.com/videos/asl/youtube/mp4/yc_BVQo4sWI.mp4
preparation, https://media.signbsl.com/videos/asl/startasl/mp4/homework.mp4
preparative, https://media.signbsl.com/videos/asl/youtube/mp4/SLSwTxOiUU8.mp4
preparatory, https://media.signbsl.com/videos/asl/youtube/mp4/SLSwTxOiUU8.mp4
prepare, https://media.signbsl.com/videos/asl/youtube/mp4/hsIQkM540VA.mp4
prepared, https://media.signbsl.com/videos/asl/youtube/mp4/avNylkR_TXo.mp4
preponderance, https://media.signbsl.com/videos/asl/youtube/mp4/q0HRoPKpIMg.mp4
preponderant, https://media.signbsl.com/videos/asl/youtube/mp4/1a18haJgvsk.mp4
preponderating, https://media.signbsl.com/videos/asl/youtube/mp4/1a18haJgvsk.mp4
preposition, https://media.signbsl.com/videos/asl/elementalaslconcepts/mp4/preposition.mp4
prepossess, https://media.signbsl.com/videos/asl/youtube/mp4/KbeLpQeJieE.mp4
preposterous, https://media.signbsl.com/videos/asl/youtube/mp4/QAG-10YBpdY.mp4
preppie, https://media.signbsl.com/videos/asl/youtube/mp4/VUawd1p1Zpo.mp4
preppier, https://media.signbsl.com/videos/asl/youtube/mp4/8GifXV0Hk7c.mp4
prepuce, https://media.signbsl.com/videos/asl/youtube/mp4/U5Tmjw0t0BM.mp4
prequel, https://media.signbsl.com/videos/asl/youtube/mp4/pW5-hyRU_sE.mp4
prerecord, https://media.signbsl.com/videos/asl/youtube/mp4/y8feDVQEO4s.mp4
preregister, https://media.signbsl.com/videos/asl/youtube/mp4/YgHalHeiu98.mp4
prerequisite, https://media.signbsl.com/videos/asl/youtube/mp4/EerE5rdzWew.mp4
presage, https://media.signbsl.com/videos/asl/youtube/mp4/9j_zT0Ewun4.mp4
Presbyterian, https://media.signbsl.com/videos/asl/valleybible/mp4/Presbyterian.mp4
presbyteries, https://media.signbsl.com/videos/asl/youtube/mp4/9Mey22hRY6E.mp4
presbytery, https://media.signbsl.com/videos/asl/youtube/mp4/9Mey22hRY6E.mp4
preschool, https://media.signbsl.com/videos/asl/aslsearch/mp4/preschool.mp4
preschooler, https://media.signbsl.com/videos/asl/youtube/mp4/jJO2Zl8epWs.mp4
presciently, https://media.signbsl.com/videos/asl/youtube/mp4/EzOTarX57OM.mp4
prescribe, https://media.signbsl.com/videos/asl/aslsignbank/mp4/ORDER-1530.mp4
prescription, https://media.signbsl.com/videos/asl/aslsearch/mp4/prescription.mp4
preseason, https://media.signbsl.com/videos/asl/youtube/mp4/wspuSV_dJ3o.mp4
presence, https://media.signbsl.com/videos/asl/AustinCommunityCollege/mp4/auto_bearing_.mp4
present, https://media.signbsl.com/videos/asl/startasl/mp4/show.mp4
presentable, https://media.signbsl.com/videos/asl/youtube/mp4/M8mIOnlg_-A.mp4
presentation, https://media.signbsl.com/videos/asl/elementalaslconcepts/mp4/presentation.mp4
presentation layer, https://media.signbsl.com/videos/asl/deaftec/mp4/1039.mp4
pre sentence report, https://media.signbsl.com/videos/asl/unoclimb/mp4/W0ZGwuzq1IY.mp4
presenter, https://media.signbsl.com/videos/asl/youtube/mp4/J2dpjPDpEHI.mp4
present gift, https://media.signbsl.com/videos/asl/signlanguagestudent/mp4/present-gift.mp4
present here, https://media.signbsl.com/videos/asl/signlanguagestudent/mp4/present-here.mp4
presentiment, https://media.signbsl.com/videos/asl/youtube/mp4/aZYka8oojP8.mp4
presently, https://media.signbsl.com/videos/asl/aslsignbank/mp4/SOON-266.mp4
presentment, https://media.signbsl.com/videos/asl/youtube/mp4/4oUJcV6mYJ4.mp4
present show, https://player.vimeo.com/external/392418517.sd.mp4?s=20f685bd57c170f2bfa74fa9c2bfd39916a547fb&profile_id=164
present time, https://player.vimeo.com/external/392418560.sd.mp4?s=faeb242650d37ec51f013df9f38f30e50bacbb57&profile_id=164
preservable, https://media.signbsl.com/videos/asl/youtube/mp4/TbC9CGY2gSw.mp4
preservationist, https://media.signbsl.com/videos/asl/youtube/mp4/K7k39Dv_EUU.mp4
preservative, https://media.signbsl.com/videos/asl/youtube/mp4/IPbr6bZ0Crw.mp4
preserve, https://media.signbsl.com/videos/asl/aslsearch/mp4/save.mp4
preset, https://media.signbsl.com/videos/asl/youtube/mp4/tU9g9Jbn1gQ.mp4
preshrank, https://media.signbsl.com/videos/asl/youtube/mp4/S4wVSvDK6Mg.mp4
preside, https://media.signbsl.com/videos/asl/ids/mp4/2013-11-3640-preside-1500k-ase.mp4
preside lead, https://media.signbsl.com/videos/asl/signlanguagestudent/mp4/preside%20(lead).mp4
presidencies, https://media.signbsl.com/videos/asl/ids/mp4/2013-11-3650-presidencies-1500k-ase.mp4
presidency, https://media.signbsl.com/videos/asl/ids/mp4/2013-11-3650-presidencies-1500k-ase.mp4
president, https://media.signbsl.com/videos/asl/startasl/mp4/president.mp4
President Abraham Lincoln, https://media.signbsl.com/videos/asl/elementalaslconcepts/mp4/abraham_lincoln.mp4
president elect, https://media.signbsl.com/videos/asl/youtube/mp4/sf9no958Yik.mp4
presidential campaign, https://media.signbsl.com/videos/asl/youtube/mp4/OQHCrdUy_H4.mp4
presidential term, https://media.signbsl.com/videos/asl/ids/mp4/2013-11-3650-presidencies-1500k-ase.mp4
President Jefferson, https://media.signbsl.com/videos/asl/elementalaslconcepts/mp4/thomas_jefferson.mp4
President Lincoln, https://media.signbsl.com/videos/asl/elementalaslconcepts/mp4/abraham_lincoln.mp4
President of the Church, https://media.signbsl.com/videos/asl/ids/mp4/2013-11-3680-president-of-the-church-1500k-ase.mp4
Presidents Day, https://player.vimeo.com/external/392701008.sd.mp4?s=6f9bd29b224b52279aa401b113854f0256c3fb60&profile_id=164
President Washington, https://media.signbsl.com/videos/asl/elementalaslconcepts/mp4/george_washington.mp4
Presiding Authority, https://media.signbsl.com/videos/asl/ids/mp4/2013-11-3700-presiding-authority-1500k-ase.mp4
Presiding Bishopric, https://media.signbsl.com/videos/asl/ids/mp4/2013-11-3690-presiding-bishopric-1500k-ase.mp4
Presiding High Priest, https://media.signbsl.com/videos/asl/ids/mp4/2013-11-3710-presiding-high-priest-1500k-ase.mp4
presort, https://media.signbsl.com/videos/asl/youtube/mp4/7a0RmjHnWYc.mp4
press, https://media.signbsl.com/videos/asl/aslsignbank/mp4/PUSH-230.mp4
press a button, https://media.signbsl.com/videos/asl/signlanguagestudent/mp4/press-a%20button.mp4
press clipping, https://player.vimeo.com/external/392382056.sd.mp4?s=cd53252e93672b6d118c99c9d4ed0006bf7780df&profile_id=164
press cutting, https://player.vimeo.com/external/392382056.sd.mp4?s=cd53252e93672b6d118c99c9d4ed0006bf7780df&profile_id=164
pressing, https://media.signbsl.com/videos/asl/aslsearch/mp4/urgent.mp4
pressman, https://media.signbsl.com/videos/asl/youtube/mp4/h-rRmcE99mI.mp4
press newspaper, https://media.signbsl.com/videos/asl/signlanguagestudent/mp4/press-newspaper.mp4
press on, https://media.signbsl.com/videos/asl/youtube/mp4/I7YoO_kdOjU.mp4
press release, https://player.vimeo.com/external/392418778.sd.mp4?s=7a70d8313122fce803cead8d075e3d1b2cfdfc6f&profile_id=164
press stud, https://media.signbsl.com/videos/asl/youtube/mp4/tcnZIwzOQKA.mp4
pressure, https://media.signbsl.com/videos/asl/aslsignbank/mp4/STRESS-928.mp4
pressured, https://player.vimeo.com/external/392701040.sd.mp4?s=2e08b3bf9b091bc74fbfcb391075576f3c3be875&profile_id=164
pressure level, https://media.signbsl.com/videos/asl/aslsignbank/mp4/STRESS-928.mp4
pressurise, https://media.signbsl.com/videos/asl/youtube/mp4/4oSQjMzWDUU.mp4
pressurize, https://media.signbsl.com/videos/asl/youtube/mp4/4oSQjMzWDUU.mp4
pressurizer, https://media.signbsl.com/videos/asl/youtube/mp4/CeAn_UCcaqk.mp4
prestidigitator, https://media.signbsl.com/videos/asl/aslsearch/mp4/magician.mp4
prestige, https://media.signbsl.com/videos/asl/youtube/mp4/vpJl2V2f3r4.mp4
prestigious, https://player.vimeo.com/external/392681304.sd.mp4?s=06914054152246f658bd8d7cde501dcf91f5f8a1&profile_id=164
prestigiousness, https://media.signbsl.com/videos/asl/youtube/mp4/vpJl2V2f3r4.mp4
presto, https://media.signbsl.com/videos/asl/youtube/mp4/Y9gFfAeI_zI.mp4
presumable, https://media.signbsl.com/videos/asl/youtube/mp4/RZTW1ZKiGbk.mp4
presume, https://player.vimeo.com/external/391916430.sd.mp4?s=a2ba947f9210a0e6510f55836b9ec2217685ee51&profile_id=164
presumption, https://media.signbsl.com/videos/asl/youtube/mp4/xrydxf2EPwc.mp4
presuppose, https://media.signbsl.com/videos/asl/youtube/mp4/VX_a3RsijeA.mp4
pretax, https://media.signbsl.com/videos/asl/youtube/mp4/kIpe3DwkHqM.mp4
pretence, https://media.signbsl.com/videos/asl/youtube/mp4/8N3MqkwFkUc.mp4
pretend, https://media.signbsl.com/videos/asl/aslsearch/mp4/pretend.mp4
pretender, https://media.signbsl.com/videos/asl/aslsignbank/mp4/HYPOCRITE-754.mp4
pretense, https://media.signbsl.com/videos/asl/youtube/mp4/8N3MqkwFkUc.mp4
pretentious, https://player.vimeo.com/external/392419095.sd.mp4?s=0a963d5f889f6547a03745c5f14995c314f26573&profile_id=164
preterm baby, https://media.signbsl.com/videos/asl/youtube/mp4/w76Ioi-KKq0.mp4
preterm infant, https://media.signbsl.com/videos/asl/youtube/mp4/w76Ioi-KKq0.mp4
preternatural, https://media.signbsl.com/videos/asl/youtube/mp4/6e-s7KRhaVc.mp4
pretest, https://media.signbsl.com/videos/asl/youtube/mp4/_Y-f5xGsBtY.mp4
pretext, https://media.signbsl.com/videos/asl/youtube/mp4/8N3MqkwFkUc.mp4
pretoria south africa, https://player.vimeo.com/external/392419195.sd.mp4?s=11a3e0f36d7be71a08e6b78f5a3f82bdabd02885&profile_id=164
pretrial, https://media.signbsl.com/videos/asl/youtube/mp4/C1FrRQ0ox6c.mp4
pretrial conference, https://media.signbsl.com/videos/asl/youtube/mp4/C1FrRQ0ox6c.mp4
prettily, https://media.signbsl.com/videos/asl/youtube/mp4/ejWc8c8u7yo.mp4
pretty, https://media.signbsl.com/videos/asl/aslsearch/mp4/jolly.mp4
pretzel, https://media.signbsl.com/videos/asl/aslsignbank/mp4/PRETZEL-929.mp4
prevail, https://media.signbsl.com/videos/asl/youtube/mp4/7deNCY3DG9Y.mp4
prevailing, https://media.signbsl.com/videos/asl/youtube/mp4/7bCN8xxqSR4.mp4
prevalence, https://media.signbsl.com/videos/asl/youtube/mp4/3yoOYsdon8k.mp4
prevalent, https://media.signbsl.com/videos/asl/youtube/mp4/7bCN8xxqSR4.mp4
prevaricate, https://player.vimeo.com/external/391197298.sd.mp4?s=522664f387ec446f6838dee858a7a7d855f8f5d4&profile_id=164
prevarication, https://media.signbsl.com/videos/asl/elementalaslconcepts/mp4/lie.mp4
prevent, https://media.signbsl.com/videos/asl/startasl/mp4/prevent.mp4
preventable, https://media.signbsl.com/videos/asl/youtube/mp4/XN6hiwzTv2w.mp4
preview, https://player.vimeo.com/external/392419331.sd.mp4?s=f9c3fe31ac9a1dcbca38d75eb01fd118c5710ada&profile_id=164
previous, NA
previously, https://player.vimeo.com/external/392419379.sd.mp4?s=692a42355d35f7e057f4e85f1d520185a577ed6f&profile_id=164
previse, https://media.signbsl.com/videos/asl/aslsignbank/mp4/PREDICT-924.mp4
prevision, https://media.signbsl.com/videos/asl/tsdvideo/mp4/498.mp4
prevue, https://player.vimeo.com/external/392419331.sd.mp4?s=f9c3fe31ac9a1dcbca38d75eb01fd118c5710ada&profile_id=164
prewar, https://media.signbsl.com/videos/asl/youtube/mp4/Enb8pIXkKbM.mp4
prey, https://media.signbsl.com/videos/asl/elementalaslconcepts/mp4/prey.mp4
priapic, https://media.signbsl.com/videos/asl/youtube/mp4/LzYZYjwhTzI.mp4
price, https://media.signbsl.com/videos/asl/signlanguagestudent/mp4/price.mp4
priceless, https://media.signbsl.com/videos/asl/youtube/mp4/VYr_WWtVO64.mp4
pricey, https://media.signbsl.com/videos/asl/aslsignbank/mp4/EXPENSIVE-2399.mp4
pricier, https://media.signbsl.com/videos/asl/youtube/mp4/CJxKk2E3MWo.mp4
prick, https://media.signbsl.com/videos/asl/aslsearch/mp4/asshole.mp4
pricked his ears, https://media.signbsl.com/videos/asl/youtube/mp4/O38qitljCFI.mp4
pricker, https://player.vimeo.com/external/392511966.sd.mp4?s=079ad63d04d115a70ee988f310498eaa9abc606d&profile_id=164
prickle, https://player.vimeo.com/external/392520764.sd.mp4?s=c862736240305ba96b9ce5bf7e7dc90d0eea3065&profile_id=164
pricklier, https://media.signbsl.com/videos/asl/youtube/mp4/4ub1x__yiKE.mp4
pricy, https://media.signbsl.com/videos/asl/aslsignbank/mp4/EXPENSIVE-2399.mp4
pride, https://media.signbsl.com/videos/asl/aslsignbank/mp4/PRIDE-2172.mp4
prideful, https://media.signbsl.com/videos/asl/youtube/mp4/XfzmQmSvXlg.mp4
pridefulness, https://media.signbsl.com/videos/asl/aslsignbank/mp4/PRIDE-2172.mp4
pried, https://media.signbsl.com/videos/asl/youtube/mp4/WfMqXqF7QHo.mp4
priest, https://media.signbsl.com/videos/asl/signlanguagestudent/mp4/priest%20(alternate).mp4
priest catholic, https://media.signbsl.com/videos/asl/signlanguagestudent/mp4/priest%20(catholic).mp4
priest doctor, https://media.signbsl.com/videos/asl/youtube/mp4/m9x2SuftpCQ.mp4
priesthood, https://media.signbsl.com/videos/asl/ids/mp4/2013-11-3730-priesthood-1500k-ase.mp4
Priesthood Executive Committee, https://media.signbsl.com/videos/asl/ids/mp4/2013-11-3780-priesthood-executive-committee-1500k-ase.mp4
Priesthood Holder, https://media.signbsl.com/videos/asl/ids/mp4/2013-11-3770-priesthood-holder-bearer-1500k-ase.mp4
Priesthood Keys, https://media.signbsl.com/videos/asl/ids/mp4/2013-11-3750-priesthood-keys-1500k-ase.mp4
Priesthood Leader, https://media.signbsl.com/videos/asl/ids/mp4/2013-11-3760-preisthood-leader-1500k-ase.mp4
Priesthood Ordinances, https://media.signbsl.com/videos/asl/ids/mp4/2013-11-3740-priesthood-ordinances-1500k-ase.mp4
priestlike, https://media.signbsl.com/videos/asl/youtube/mp4/JUSO8IhRQGQ.mp4
priestliness, https://media.signbsl.com/videos/asl/youtube/mp4/55Ilrbkq2uk.mp4
priestly, https://media.signbsl.com/videos/asl/youtube/mp4/JUSO8IhRQGQ.mp4
priest mormon, https://media.signbsl.com/videos/asl/signlanguagestudent/mp4/priest%20(mormon).mp4
Priest Office in the Aaronic Priesthood, https://media.signbsl.com/videos/asl/ids/mp4/2013-11-3720-priest-office-in-aaronic-priesthood-1500k-ase.mp4
prig, https://media.signbsl.com/videos/asl/aslsearch/mp4/snob.mp4
priggish, https://media.signbsl.com/videos/asl/youtube/mp4/26e42j1fb-Q.mp4
prim, https://media.signbsl.com/videos/asl/youtube/mp4/26e42j1fb-Q.mp4
prima donna, https://media.signbsl.com/videos/asl/youtube/mp4/lRs-5uMLF4o.mp4
primaeval, https://player.vimeo.com/external/391145649.sd.mp4?s=18a5e7bf6da1d2b9befcb3855a8ad3dd779e6672&profile_id=164
primal, https://media.signbsl.com/videos/asl/signlanguagestudent/mp4/central.mp4
primaries, https://media.signbsl.com/videos/asl/signlanguagestudent/mp4/primary.mp4
primarily, https://media.signbsl.com/videos/asl/youtube/mp4/3vzDn9ZMq1U.mp4
primary, https://media.signbsl.com/videos/asl/signlanguagestudent/mp4/primary.mp4
primary school, https://media.signbsl.com/videos/asl/startasl/mp4/elementary-school.mp4
Primary Sharing Time, https://media.signbsl.com/videos/asl/ids/mp4/2013-11-3800-primary-sharing-time-1500k-ase.mp4
primary source, https://media.signbsl.com/videos/asl/elementalaslconcepts/mp4/primary_source.mp4
primate, https://media.signbsl.com/videos/asl/youtube/mp4/s8aX7GhbSyM.mp4
prime, https://media.signbsl.com/videos/asl/elementalaslconcepts/mp4/prime.mp4
primed, https://media.signbsl.com/videos/asl/youtube/mp4/-59N83JQHos.mp4
prime factorization, https://media.signbsl.com/videos/asl/tsdvideo/mp4/496.mp4
prime meridian, https://media.signbsl.com/videos/asl/elementalaslconcepts/mp4/prime_merdian.mp4
prime minister, https://player.vimeo.com/external/392419617.sd.mp4?s=88cc12d555b002b7fadbd0c421669f5e954c8993&profile_id=164
prime number, https://media.signbsl.com/videos/asl/tsdvideo/mp4/257.mp4
primer, https://media.signbsl.com/videos/asl/youtube/mp4/t-uL9s1SlLs.mp4
primer coat, https://media.signbsl.com/videos/asl/youtube/mp4/t-uL9s1SlLs.mp4
primeval, https://player.vimeo.com/external/391145649.sd.mp4?s=18a5e7bf6da1d2b9befcb3855a8ad3dd779e6672&profile_id=164
priming, https://media.signbsl.com/videos/asl/youtube/mp4/t-uL9s1SlLs.mp4
priming coat, https://media.signbsl.com/videos/asl/youtube/mp4/t-uL9s1SlLs.mp4
primitive, https://media.signbsl.com/videos/asl/youtube/mp4/CN8GamZzz9g.mp4
primitively, https://media.signbsl.com/videos/asl/youtube/mp4/BFQDpQbrIfA.mp4
primordial, https://player.vimeo.com/external/391145649.sd.mp4?s=18a5e7bf6da1d2b9befcb3855a8ad3dd779e6672&profile_id=164
primp, https://media.signbsl.com/videos/asl/youtube/mp4/7jtWTi7_G6U.mp4
prince, https://media.signbsl.com/videos/asl/aslsearch/mp4/prince.mp4
princely, https://player.vimeo.com/external/392280586.sd.mp4?s=6c174e17ef38e2ac200c1d56f715b95dd72d928c&profile_id=164
Prince of Darkness, https://media.signbsl.com/videos/asl/ids/mp4/2013-11-1270-devil-satan-advesrary-lucifer-1500k-ase.mp4
princess, https://media.signbsl.com/videos/asl/aslsearch/mp4/princess.mp4
Princess Diana, https://player.vimeo.com/external/392419715.sd.mp4?s=aa67c0058c8dab5967712c5ea4ad5891e2bf41ae&profile_id=164
Princess of Wales, https://player.vimeo.com/external/392419715.sd.mp4?s=aa67c0058c8dab5967712c5ea4ad5891e2bf41ae&profile_id=164
principal, https://media.signbsl.com/videos/asl/aslsignbank/mp4/PRINCIPAL-932.mp4
Principality of Andorra, https://media.signbsl.com/videos/asl/youtube/mp4/zATss7DCnW4.mp4
Principality of Liechtenstein, https://media.signbsl.com/videos/asl/youtube/mp4/c1NXgmnsKkA.mp4
Principality of Monaco, https://media.signbsl.com/videos/asl/youtube/mp4/8g9LLQQQP2I.mp4
principally, https://media.signbsl.com/videos/asl/youtube/mp4/3vzDn9ZMq1U.mp4
principals, https://media.signbsl.com/videos/asl/aslsignbank/mp4/PRINCIPAL-932.mp4
principle, https://media.signbsl.com/videos/asl/signlanguagestudent/mp4/principle.mp4
principle of parsimony, https://media.signbsl.com/videos/asl/philosophy/mp4/Occam's%20Razor-HD.mp4
prink, https://media.signbsl.com/videos/asl/aslsearch/mp4/dress-up.mp4
print, https://media.signbsl.com/videos/asl/aslsignbank/mp4/PRINT-933.mp4
printable, https://media.signbsl.com/videos/asl/youtube/mp4/Gr46G1HddkM.mp4
printer, https://media.signbsl.com/videos/asl/aslsearch/mp4/printer.mp4
printing, https://player.vimeo.com/external/392420008.sd.mp4?s=cb96d440cf87fa27c9de952557c98447811e5bde&profile_id=164
printing machine, https://media.signbsl.com/videos/asl/aslsearch/mp4/printer.mp4
printmaking, https://media.signbsl.com/videos/asl/youtube/mp4/MSWNUsZwoLY.mp4
printoff, https://media.signbsl.com/videos/asl/youtube/mp4/7Lx6Zo16kCo.mp4
printout, https://media.signbsl.com/videos/asl/mariekatzenbachschool/mp4/printout.mp4
prion, https://media.signbsl.com/videos/asl/youtube/mp4/1JAF82-B6ZU.mp4
prioress, https://media.signbsl.com/videos/asl/youtube/mp4/ZeD8DJj_86I.mp4
priories, https://media.signbsl.com/videos/asl/youtube/mp4/J4x_qL5Zdjc.mp4
prioritise, https://media.signbsl.com/videos/asl/youtube/mp4/15z95mBL6OY.mp4
prioritize, https://media.signbsl.com/videos/asl/youtube/mp4/15z95mBL6OY.mp4
priority, https://media.signbsl.com/videos/asl/aslsignbank/mp4/PRIORITY-934.mp4
priority signed exact english, https://media.signbsl.com/videos/asl/aslsearch/mp4/priority.mp4
prior to, https://player.vimeo.com/external/392420063.sd.mp4?s=d141553c97b18e9e514d8ec97671915415057d66&profile_id=164
priory, https://media.signbsl.com/videos/asl/youtube/mp4/J4x_qL5Zdjc.mp4
prise, https://media.signbsl.com/videos/asl/youtube/mp4/R7NAvkWCeyI.mp4
prised, https://media.signbsl.com/videos/asl/youtube/mp4/n86KJ3O0xzo.mp4
prism, https://media.signbsl.com/videos/asl/tsdvideo/mp4/497.mp4
prison, https://player.vimeo.com/external/392420164.sd.mp4?s=e0c938aa98ee3f8ed31c37cd7c5fe9b4e51cabbb&profile_id=164
prisonbreak, https://player.vimeo.com/external/391213520.sd.mp4?s=ea97520e073af66560fb6d55ec62b99d5cc1c26a&profile_id=164
prison breaking, https://player.vimeo.com/external/391213520.sd.mp4?s=ea97520e073af66560fb6d55ec62b99d5cc1c26a&profile_id=164
prison cell, https://media.signbsl.com/videos/asl/youtube/mp4/pl7GtlijLlU.mp4
prisoner, https://media.signbsl.com/videos/asl/youtube/mp4/airCRYmtV4k.mp4
prison guard, https://media.signbsl.com/videos/asl/youtube/mp4/yQw6SuQOLdU.mp4
prison house, https://player.vimeo.com/external/392420164.sd.mp4?s=e0c938aa98ee3f8ed31c37cd7c5fe9b4e51cabbb&profile_id=164
prissy, https://media.signbsl.com/videos/asl/youtube/mp4/26e42j1fb-Q.mp4
pristine, https://media.signbsl.com/videos/asl/youtube/mp4/J41Ekd58aN4.mp4
private, https://media.signbsl.com/videos/asl/signlanguagestudent/mp4/private.mp4
privateer, https://media.signbsl.com/videos/asl/youtube/mp4/GrjCQwh8jf8.mp4
private instructor, https://media.signbsl.com/videos/asl/aslsearch/mp4/tutor.mp4
private road, https://media.signbsl.com/videos/asl/aslsearch/mp4/driveway.mp4
private school, https://player.vimeo.com/external/392420211.sd.mp4?s=803726ed863d8b3b98a285911c3d3ddb8c117f43&profile_id=164
privation, https://media.signbsl.com/videos/asl/youtube/mp4/l39pG61DYCk.mp4
privatisation, https://media.signbsl.com/videos/asl/youtube/mp4/zWs4Zjp2vwo.mp4
privatise, https://media.signbsl.com/videos/asl/signlanguagestudent/mp4/privatize.mp4
privatize, https://media.signbsl.com/videos/asl/signlanguagestudent/mp4/privatize.mp4
privilege, https://player.vimeo.com/external/392420296.sd.mp4?s=62c7c872024395a1fbc13bba105c87f030016c02&profile_id=164
privileged information, https://media.signbsl.com/videos/asl/unoclimb/mp4/85x5hioh-y8.mp4
privily, https://media.signbsl.com/videos/asl/youtube/mp4/jvbO33iTkeg.mp4
privy, https://media.signbsl.com/videos/asl/startasl/mp4/bathroom.mp4
prize, https://media.signbsl.com/videos/asl/youtube/mp4/tJNaWI_1WiY.mp4
prizewinner, NA
prizewinning, https://media.signbsl.com/videos/asl/youtube/mp4/8wPQGSKlkdU.mp4
pro, https://media.signbsl.com/videos/asl/youtube/mp4/dZr1qjfcftw.mp4
proactive, https://media.signbsl.com/videos/asl/youtube/mp4/3aBrj0-6fC0.mp4
probabilities, https://media.signbsl.com/videos/asl/aslsignbank/mp4/CHANCE-2472.mp4
probability, https://media.signbsl.com/videos/asl/aslsignbank/mp4/CHANCE-2472.mp4
probability distribution, https://media.signbsl.com/videos/asl/tsdvideo/mp4/1507.mp4
probable, https://player.vimeo.com/external/392422129.sd.mp4?s=1ee64d2ef09bbc4c0c68d027a416944afc2463c7&profile_id=164
probable cause, https://media.signbsl.com/videos/asl/unoclimb/mp4/_6Dwhq304iY.mp4
probably, https://media.signbsl.com/videos/asl/youtube/mp4/5ErKnnlt8A8.mp4
probably maybe, https://media.signbsl.com/videos/asl/signlanguagestudent/mp4/probably-maybe.mp4
probate, https://media.signbsl.com/videos/asl/youtube/mp4/k9ftyXOqktg.mp4
probating, https://media.signbsl.com/videos/asl/youtube/mp4/TZR6GhBFAXQ.mp4
probationary, https://media.signbsl.com/videos/asl/youtube/mp4/6bwNBp_hMDA.mp4
probationer, https://media.signbsl.com/videos/asl/youtube/mp4/06LJ4j24qoI.mp4
Probation Probationary, https://media.signbsl.com/videos/asl/ids/mp4/2013-11-3820-probation-probationary-1500k-ase.mp4
probe, https://media.signbsl.com/videos/asl/AustinCommunityCollege/mp4/elec_probe_.mp4
probing, https://media.signbsl.com/videos/asl/startasl/mp4/searching.mp4
problem, https://media.signbsl.com/videos/asl/aslsignbank/mp4/PROBLEM_1-2483.mp4
problematic, https://media.signbsl.com/videos/asl/youtube/mp4/EdKEmzIx3EI.mp4
problematical, https://media.signbsl.com/videos/asl/youtube/mp4/EdKEmzIx3EI.mp4
problem solving, https://player.vimeo.com/external/392422159.sd.mp4?s=aa7a68f5062023de1046f55bfb10e8c21fe331a9&profile_id=164
proboscis, https://media.signbsl.com/videos/asl/elementalaslconcepts/mp4/proboscis.mp4
procaine hydrochloride, https://media.signbsl.com/videos/asl/youtube/mp4/_fZA4lzK5do.mp4
procaryote, https://media.signbsl.com/videos/asl/youtube/mp4/OKVMPQ-y_c8.mp4
procedural, https://media.signbsl.com/videos/asl/youtube/mp4/SIU2dAgYHgw.mp4
procedure, https://media.signbsl.com/videos/asl/elementalaslconcepts/mp4/procedure.mp4
procedures, https://media.signbsl.com/videos/asl/elementalaslconcepts/mp4/procedure.mp4
proceed, https://media.signbsl.com/videos/asl/startasl/mp4/continue.mp4
proceedings, https://media.signbsl.com/videos/asl/youtube/mp4/F0GqLlnUK3E.mp4
proceeds, https://media.signbsl.com/videos/asl/youtube/mp4/l0jHX4mGua0.mp4
proceeds of an event, https://media.signbsl.com/videos/asl/youtube/mp4/l0jHX4mGua0.mp4
process, https://media.signbsl.com/videos/asl/elementalaslconcepts/mp4/procedure.mp4
procession, https://media.signbsl.com/videos/asl/youtube/mp4/R-EAMuKcl-w.mp4
processor, https://media.signbsl.com/videos/asl/youtube/mp4/lst5vnbK7yU.mp4
proclaim, https://media.signbsl.com/videos/asl/signlanguagestudent/mp4/glorify.mp4
Proclaim the Gospel, https://media.signbsl.com/videos/asl/ids/mp4/2013-11-3830-proclaim-the-gospel-1500k-ase.mp4
proclamation, https://media.signbsl.com/videos/asl/youtube/mp4/HvPJmwKDe5c.mp4
proclivity, https://player.vimeo.com/external/392422358.sd.mp4?s=1d5b3f09ebf1860f973c24766052b27c40bbc85e&profile_id=164
procrastinate, https://media.signbsl.com/videos/asl/signlanguagestudent/mp4/procrastinate.mp4
procreate, https://media.signbsl.com/videos/asl/elementalaslconcepts/mp4/reproduce.mp4
Procreate Procreative Powers, https://media.signbsl.com/videos/asl/ids/mp4/2013-11-3840-procreate-procreative-powers-1500k-ase.mp4
procreative, https://media.signbsl.com/videos/asl/youtube/mp4/wdXifBW1RG4.mp4
procurator, https://media.signbsl.com/videos/asl/ids/mp4/2013-11-3910-proxy-1500k-ase.mp4
procure, https://player.vimeo.com/external/392422407.sd.mp4?s=630ede58528ed93961b37d466970410793b92c5f&profile_id=164
procurer, https://media.signbsl.com/videos/asl/youtube/mp4/mCQNDCGpKj4.mp4
prod, https://media.signbsl.com/videos/asl/aslsearch/mp4/jab.mp4
prodding, https://media.signbsl.com/videos/asl/youtube/mp4/8zEKsTk2cdU.mp4
prodigal, https://media.signbsl.com/videos/asl/youtube/mp4/L_7FX5Ryl7Y.mp4
prodigality, https://media.signbsl.com/videos/asl/youtube/mp4/UKViYxZ0tRc.mp4
prodigies, https://media.signbsl.com/videos/asl/youtube/mp4/nSrp8F6NvsE.mp4
prodigious, https://media.signbsl.com/videos/asl/aslsearch/mp4/exceptional.mp4
prodigy, https://media.signbsl.com/videos/asl/youtube/mp4/nSrp8F6NvsE.mp4
produce, https://media.signbsl.com/videos/asl/aslsearch/mp4/produce.mp4
produce make, https://media.signbsl.com/videos/asl/signlanguagestudent/mp4/produce-make.mp4
producer, https://media.signbsl.com/videos/asl/startasl/mp4/manufacturer.mp4
producers makers, https://media.signbsl.com/videos/asl/elementalaslconcepts/mp4/producer.mp4
producible, https://media.signbsl.com/videos/asl/youtube/mp4/lbojnbs23G8.mp4
product, https://media.signbsl.com/videos/asl/signlanguagestudent/mp4/product.mp4
production, https://media.signbsl.com/videos/asl/youtube/mp4/eRP3e5Usm7E.mp4
production line, https://media.signbsl.com/videos/asl/aslsearch/mp4/assembly-line.mp4
productive, https://media.signbsl.com/videos/asl/youtube/mp4/sc8b5NpvJLY.mp4
product over sum, https://media.signbsl.com/videos/asl/AustinCommunityCollege/mp4/elec_prod_over_sum_.mp4
products, https://media.signbsl.com/videos/asl/signlanguagestudent/mp4/product.mp4
prof, https://media.signbsl.com/videos/asl/aslsearch/mp4/professor.mp4
profanation, https://media.signbsl.com/videos/asl/youtube/mp4/sVgnpExKJxw.mp4
profane, https://media.signbsl.com/videos/asl/youtube/mp4/C-3vwdlF-Bk.mp4
profess, https://media.signbsl.com/videos/asl/youtube/mp4/85qcqBZkO8E.mp4
profession, https://player.vimeo.com/external/392422574.sd.mp4?s=12667a956e4209f4a379207fdd7642f784e8fee8&profile_id=164
professional, https://media.signbsl.com/videos/asl/aslsearch/mp4/professional.mp4
professional dancer, https://player.vimeo.com/external/391916363.sd.mp4?s=68a507fe6158999f27b5e1dc63e9849af046ff05&profile_id=164
professionalise, https://media.signbsl.com/videos/asl/youtube/mp4/Ue3j3vcXYV8.mp4
professionalize, https://media.signbsl.com/videos/asl/youtube/mp4/Ue3j3vcXYV8.mp4
professor, https://media.signbsl.com/videos/asl/aslsearch/mp4/professor.mp4
professorial, https://media.signbsl.com/videos/asl/youtube/mp4/7pZe4eyPfi8.mp4
professorship, https://media.signbsl.com/videos/asl/youtube/mp4/DOHCdxwf5Qk.mp4
proficient, https://media.signbsl.com/videos/asl/aslsignbank/mp4/EXPERT-2482.mp4
profile, https://media.signbsl.com/videos/asl/youtube/mp4/trvTaPw76H4.mp4
profiling, https://player.vimeo.com/external/392422662.sd.mp4?s=d89a5a64e976ce31e7618d172bab2b9c11c8bb39&profile_id=164
profit, https://player.vimeo.com/external/392422753.sd.mp4?s=57c1ef3db9deacadb32fc7ca6507d43ad7144260&profile_id=164
profitability, https://media.signbsl.com/videos/asl/youtube/mp4/rBv1thLneEs.mp4
profitableness, https://media.signbsl.com/videos/asl/youtube/mp4/rBv1thLneEs.mp4
profiteer, https://media.signbsl.com/videos/asl/youtube/mp4/MRMX-In_VhY.mp4
profitless, https://media.signbsl.com/videos/asl/youtube/mp4/knwlad4sJ7g.mp4
profit margin, https://player.vimeo.com/external/392422693.sd.mp4?s=dc8aa99e3834304d1f26ff41086181ffd65960f1&profile_id=164
profits, https://media.signbsl.com/videos/asl/youtube/mp4/J7PA2QQsmLM.mp4
profligate, https://player.vimeo.com/external/392034274.sd.mp4?s=14f59f575da604d640712b9f4b0a714768c4f030&profile_id=164
pro forma, https://media.signbsl.com/videos/asl/youtube/mp4/M9fSKnxDTnM.mp4
profound, https://player.vimeo.com/external/392422796.sd.mp4?s=81655111859e7ab980aa195766a009f1958abbcc&profile_id=164
profoundly, https://media.signbsl.com/videos/asl/youtube/mp4/Iv_wHpIcJuE.mp4
profoundly deaf, https://media.signbsl.com/videos/asl/youtube/mp4/UNNei2cpHVo.mp4
profuseness, https://media.signbsl.com/videos/asl/youtube/mp4/BE5XoIcGMAU.mp4
profusion, https://media.signbsl.com/videos/asl/youtube/mp4/BE5XoIcGMAU.mp4
progeny, https://media.signbsl.com/videos/asl/youtube/mp4/ikJKf1KmRDA.mp4
progesterone, https://media.signbsl.com/videos/asl/youtube/mp4/AeaUEB8aSAQ.mp4
prognoses, https://media.signbsl.com/videos/asl/youtube/mp4/7gjU3g80RYg.mp4
prognosis, https://player.vimeo.com/external/392422905.sd.mp4?s=ffa20a79cb20999a1486f7a438033131beadddbf&profile_id=164
prognostic, https://media.signbsl.com/videos/asl/youtube/mp4/nSrp8F6NvsE.mp4
prognosticate, https://media.signbsl.com/videos/asl/aslsignbank/mp4/GUESS-608.mp4
prognostication, https://media.signbsl.com/videos/asl/signlanguagestudent/mp4/prophecy.mp4
prognosticator, https://media.signbsl.com/videos/asl/youtube/mp4/xAce_mfwvkY.mp4
program, https://media.signbsl.com/videos/asl/startasl/mp4/program.mp4
programer, https://media.signbsl.com/videos/asl/youtube/mp4/N4iyXvKtaaw.mp4
programmable, https://media.signbsl.com/videos/asl/youtube/mp4/o2amHe8DjxQ.mp4
programmatic, https://media.signbsl.com/videos/asl/youtube/mp4/N66Gcq9TMbM.mp4
programme, https://media.signbsl.com/videos/asl/startasl/mp4/program.mp4
programmer, https://player.vimeo.com/external/392649969.sd.mp4?s=9d457beeee3ea3376f8c869c2616801f2572c219&profile_id=164
programs, https://media.signbsl.com/videos/asl/startasl/mp4/program.mp4
progress, https://media.signbsl.com/videos/asl/aslsearch/mp4/advance2.mp4
progressive, https://media.signbsl.com/videos/asl/youtube/mp4/4gBFWfR0NMY.mp4
prohibit, https://media.signbsl.com/videos/asl/aslsearch/mp4/prohibit.mp4
prohibited, https://media.signbsl.com/videos/asl/valleybible/mp4/forbidden.mp4
prohibition, https://media.signbsl.com/videos/asl/youtube/mp4/gi7qlDKuleY.mp4
prohibitionist, https://media.signbsl.com/videos/asl/youtube/mp4/eyme79AxYWI.mp4
project, https://media.signbsl.com/videos/asl/aslsearch/mp4/project.mp4
projectile, https://media.signbsl.com/videos/asl/youtube/mp4/f6L8SIgW0Pk.mp4
projection, https://media.signbsl.com/videos/asl/youtube/mp4/U4LwGYoOulY.mp4
projection screen, https://media.signbsl.com/videos/asl/aslsearch/mp4/screen.mp4
projector, https://media.signbsl.com/videos/asl/youtube/mp4/y9VNmxpc1gw.mp4
prokaryote, https://media.signbsl.com/videos/asl/youtube/mp4/OKVMPQ-y_c8.mp4
prole, https://media.signbsl.com/videos/asl/youtube/mp4/6CHCLyYwBpA.mp4
prole, https://media.signbsl.com/videos/asl/youtube/mp4/6CHCLyYwBpA.mp4
prolegs, https://media.signbsl.com/videos/asl/elementalaslconcepts/mp4/prolegs.mp4
proletarian, https://media.signbsl.com/videos/asl/youtube/mp4/6CHCLyYwBpA.mp4
proliferate, https://player.vimeo.com/external/392423103.sd.mp4?s=360e686a746da1fa8aa8f17374043dc57193f3a5&profile_id=164
prolific, https://media.signbsl.com/videos/asl/youtube/mp4/8sPR2ritIO0.mp4
prologue, https://media.signbsl.com/videos/asl/youtube/mp4/IJwolVT_CiI.mp4
prolong, https://media.signbsl.com/videos/asl/youtube/mp4/0hBOOrQqYlM.mp4
prolusion, https://media.signbsl.com/videos/asl/youtube/mp4/SVE298JXKoo.mp4
prom, https://player.vimeo.com/external/392423151.sd.mp4?s=4392137963b9a168a0b73e73a8f7c5d311afd09f&profile_id=164
promenade, https://player.vimeo.com/external/392423151.sd.mp4?s=4392137963b9a168a0b73e73a8f7c5d311afd09f&profile_id=164
prominence, https://media.signbsl.com/videos/asl/youtube/mp4/nDFUdAsRmGg.mp4
prominent, https://media.signbsl.com/videos/asl/youtube/mp4/hfBI5gA3qJ4.mp4
promiscuity, https://player.vimeo.com/external/392423249.sd.mp4?s=4341e4e2e63c7f88744c603221c094ba31ff57d7&profile_id=164
promiscuousness, https://player.vimeo.com/external/392423249.sd.mp4?s=4341e4e2e63c7f88744c603221c094ba31ff57d7&profile_id=164
promise, https://media.signbsl.com/videos/asl/aslsignbank/mp4/GUESS-608.mp4
promised land, https://media.signbsl.com/videos/asl/ids/mp4/2013-11-3420-paradise-1500k-ase.mp4
promontory, https://media.signbsl.com/videos/asl/youtube/mp4/8R02z8h-cIE.mp4
promote, https://media.signbsl.com/videos/asl/valleybible/mp4/encourage.mp4
promote advance, https://player.vimeo.com/external/392423347.sd.mp4?s=ca1fe299b70f38be2ad129f37e8de07289e9e7d2&profile_id=164
promote position, https://player.vimeo.com/external/392423401.sd.mp4?s=788d84ce1d7005a0222b397a32ea48a187d0abd2&profile_id=164
promoter, https://media.signbsl.com/videos/asl/youtube/mp4/GPqWRnMXlks.mp4
promotion, https://media.signbsl.com/videos/asl/startasl/mp4/promotion.mp4
promotional material, https://media.signbsl.com/videos/asl/startasl/mp4/promotion.mp4
prompt, https://media.signbsl.com/videos/asl/ids/mp4/2013-11-3860-promptings-1500k-ase.mp4
prompter, https://media.signbsl.com/videos/asl/youtube/mp4/36KEL407GH4.mp4
Prompter (Human), https://player.vimeo.com/external/392869257.sd.mp4?s=489978cd4e6f537a0f782a5f64464c3a6039c074&profile_id=164
prompter human, https://player.vimeo.com/external/392869257.sd.mp4?s=489978cd4e6f537a0f782a5f64464c3a6039c074&profile_id=164
prompting, https://media.signbsl.com/videos/asl/ids/mp4/2013-11-3860-promptings-1500k-ase.mp4
Promptings, https://media.signbsl.com/videos/asl/ids/mp4/2013-11-3860-promptings-1500k-ase.mp4
promptitude, https://media.signbsl.com/videos/asl/youtube/mp4/huyCvm3klbw.mp4
promptness, https://media.signbsl.com/videos/asl/youtube/mp4/huyCvm3klbw.mp4
prompt time, https://media.signbsl.com/videos/asl/youtube/mp4/iW9d3AKG0wI.mp4
promulgate, https://player.vimeo.com/external/392427189.sd.mp4?s=9fe0ceafed4a6599b70128bde2af1b6545b3c07b&profile_id=164
prone, https://media.signbsl.com/videos/asl/youtube/mp4/I-almdXlQgk.mp4
pronoun, https://player.vimeo.com/external/392869290.sd.mp4?s=9dd561c44392f27538c7ce961108ea6b9225d022&profile_id=164
pronounce, https://player.vimeo.com/external/392012501.sd.mp4?s=13c9dd2c6bf00598b4076eb7a086bb0f60be8e6b&profile_id=164
pronounceable, https://media.signbsl.com/videos/asl/youtube/mp4/GlnpgmsnnpQ.mp4
pronunciamento, https://player.vimeo.com/external/392283606.sd.mp4?s=816bea81313d85c545b3f89964f9df67609569fb&profile_id=164
pronunciation, https://media.signbsl.com/videos/asl/elementalaslconcepts/mp4/pronunciation.mp4
proof, https://media.signbsl.com/videos/asl/aslsearch/mp4/proof.mp4
proofread, https://media.signbsl.com/videos/asl/youtube/mp4/Co296yAZBOU.mp4
proofreader, https://media.signbsl.com/videos/asl/youtube/mp4/sTH0_MAD3kY.mp4
prop, https://media.signbsl.com/videos/asl/youtube/mp4/i5m6jln8kig.mp4
propaedeutic, https://media.signbsl.com/videos/asl/youtube/mp4/SLSwTxOiUU8.mp4
propaganda, https://player.vimeo.com/external/392427322.sd.mp4?s=b11cdb8319bd466f352ce5f4be2bb27c33d3c305&profile_id=164
propagandist, https://media.signbsl.com/videos/asl/youtube/mp4/QeE_TRYFus8.mp4
propagate, https://media.signbsl.com/videos/asl/aslsearch/mp4/broadcast2.mp4
propagator, https://media.signbsl.com/videos/asl/youtube/mp4/bX_qotQqNOo.mp4
propanone, https://media.signbsl.com/videos/asl/AustinCommunityCollege/mp4/weld_acetone_.mp4
propel, https://media.signbsl.com/videos/asl/aslsearch/mp4/motivate.mp4
propellant, https://media.signbsl.com/videos/asl/youtube/mp4/ZTrJMI9UB58.mp4
propellent, https://media.signbsl.com/videos/asl/youtube/mp4/ZTrJMI9UB58.mp4
propeller, https://media.signbsl.com/videos/asl/aslsearch/mp4/propeller.mp4
propellor, https://media.signbsl.com/videos/asl/aslsearch/mp4/propeller.mp4
propensities, https://player.vimeo.com/external/392422358.sd.mp4?s=1d5b3f09ebf1860f973c24766052b27c40bbc85e&profile_id=164
propensity, https://player.vimeo.com/external/392422358.sd.mp4?s=1d5b3f09ebf1860f973c24766052b27c40bbc85e&profile_id=164
proper, https://player.vimeo.com/external/392427401.sd.mp4?s=d3009870b364fd70c64d9b9214a73a28c774b7e1&profile_id=164
proper fraction, https://media.signbsl.com/videos/asl/tsdvideo/mp4/1227.mp4
proper fractions, https://media.signbsl.com/videos/asl/tsdvideo/mp4/1227.mp4
properness, https://media.signbsl.com/videos/asl/youtube/mp4/00tD18rMof8.mp4
properties, https://media.signbsl.com/videos/asl/signlanguagestudent/mp4/property.mp4
property, https://media.signbsl.com/videos/asl/signlanguagestudent/mp4/property.mp4
propertyless, https://player.vimeo.com/external/391206430.sd.mp4?s=f58c378ed8390a841fc16325459c2b597f0c3f60&profile_id=164
property owner, https://media.signbsl.com/videos/asl/youtube/mp4/MaI04i5vRYU.mp4
prophase, https://media.signbsl.com/videos/asl/youtube/mp4/nRhrgApzTpU.mp4
prophecy, https://media.signbsl.com/videos/asl/signlanguagestudent/mp4/prophecy.mp4
prophesy, https://media.signbsl.com/videos/asl/aslsignbank/mp4/PREACH-2297.mp4
prophet, https://media.signbsl.com/videos/asl/signlanguagestudent/mp4/prophet%20(alternate).mp4
prophylactic, https://media.signbsl.com/videos/asl/youtube/mp4/etZqk3lCC-c.mp4
propinquity, https://player.vimeo.com/external/392428121.sd.mp4?s=b02a8c414424cae95b21a37a8797e84692dfc6a6&profile_id=164
propitiation, https://media.signbsl.com/videos/asl/signlanguagestudent/mp4/atonement.mp4
propitious, https://media.signbsl.com/videos/asl/youtube/mp4/wqM_uINKW9U.mp4
propoganda, https://media.signbsl.com/videos/asl/youtube/mp4/v4dHcS4o6PM.mp4
proportion, https://media.signbsl.com/videos/asl/tsdvideo/mp4/259.mp4
proportional, https://media.signbsl.com/videos/asl/youtube/mp4/3vx5NUYnib0.mp4
proportional change, https://media.signbsl.com/videos/asl/tsdvideo/mp4/1418.mp4
proportionality, https://media.signbsl.com/videos/asl/tsdvideo/mp4/259.mp4
proposal, https://media.signbsl.com/videos/asl/youtube/mp4/z2-BpUnWuZU.mp4
propose, https://media.signbsl.com/videos/asl/aslsearch/mp4/suggest.mp4
proposition, https://media.signbsl.com/videos/asl/youtube/mp4/USI3DPDXXmc.mp4
propound, https://player.vimeo.com/external/392427592.sd.mp4?s=542b9126685cf3f05b7f61e4a1ba5a4f7e7e59c9&profile_id=164
proprietaries, https://media.signbsl.com/videos/asl/youtube/mp4/xiWdn2VwRMU.mp4
proprietary, https://media.signbsl.com/videos/asl/youtube/mp4/xiWdn2VwRMU.mp4
proprieties, https://media.signbsl.com/videos/asl/youtube/mp4/00tD18rMof8.mp4
proprietor, https://media.signbsl.com/videos/asl/youtube/mp4/szQ73yeS424.mp4
proprietorship, https://media.signbsl.com/videos/asl/youtube/mp4/xiWdn2VwRMU.mp4
propriety, https://media.signbsl.com/videos/asl/youtube/mp4/00tD18rMof8.mp4
prop up, https://media.signbsl.com/videos/asl/youtube/mp4/i5m6jln8kig.mp4
prorate, https://media.signbsl.com/videos/asl/youtube/mp4/EUJVOBpR4CE.mp4
prorogate, https://media.signbsl.com/videos/asl/youtube/mp4/PQWOHdxfLg0.mp4
prorogue, https://media.signbsl.com/videos/asl/aslsearch/mp4/defer.mp4
prosaic, https://media.signbsl.com/videos/asl/youtube/mp4/XHbwq4UanOY.mp4
pros and cons, https://player.vimeo.com/external/392427624.sd.mp4?s=677d96c80ee454ac2733312129b6e96cf1e372e0&profile_id=164
proscribe, https://media.signbsl.com/videos/asl/aslsearch/mp4/prohibit.mp4
proscribed, https://media.signbsl.com/videos/asl/valleybible/mp4/forbidden.mp4
prose, https://media.signbsl.com/videos/asl/youtube/mp4/rt-KFdUNuTw.mp4
prosecute, https://media.signbsl.com/videos/asl/youtube/mp4/UEhZY3KIpvk.mp4
prosecuting attorney, https://media.signbsl.com/videos/asl/unoclimb/mp4/RwyMWeADxes.mp4
prosecuting officer, https://media.signbsl.com/videos/asl/unoclimb/mp4/RwyMWeADxes.mp4
prosecution, https://media.signbsl.com/videos/asl/youtube/mp4/AxDq2UF0maA.mp4
prosecutor, https://media.signbsl.com/videos/asl/unoclimb/mp4/RwyMWeADxes.mp4
proselyte, https://media.signbsl.com/videos/asl/youtube/mp4/kJSSzsAwJFc.mp4
proselytiser, https://media.signbsl.com/videos/asl/youtube/mp4/0H4d16sJj-A.mp4
prospect, https://media.signbsl.com/videos/asl/youtube/mp4/PoYF8CCs1Cg.mp4
Prospective Elder, https://media.signbsl.com/videos/asl/ids/mp4/2013-11-3900-prospective-elders-1500k-ase.mp4
prospector, https://media.signbsl.com/videos/asl/youtube/mp4/RMZ4hTWJd38.mp4
prospectus, https://media.signbsl.com/videos/asl/youtube/mp4/896DkL60AVU.mp4
prosper, https://player.vimeo.com/external/392128888.sd.mp4?s=4780a02bad5b888a4ea6e913c6caeef4dc4f9058&profile_id=164
prosperous, https://media.signbsl.com/videos/asl/aslsignbank/mp4/SIMPLE-761.mp4
prostate specific antigen, https://media.signbsl.com/videos/asl/youtube/mp4/6cGERLoPiUY.mp4
prostitute, https://media.signbsl.com/videos/asl/aslsearch/mp4/whore.mp4
prostrate, https://media.signbsl.com/videos/asl/youtube/mp4/I-almdXlQgk.mp4
protagonist, https://media.signbsl.com/videos/asl/youtube/mp4/Nh483KxPCxc.mp4
protean, https://media.signbsl.com/videos/asl/youtube/mp4/s4cplCKBPUs.mp4
protect, https://media.signbsl.com/videos/asl/aslsignbank/mp4/PROTECT-809.mp4
protection, https://media.signbsl.com/videos/asl/youtube/mp4/l4Trq_XimK4.mp4
protectionist, https://media.signbsl.com/videos/asl/youtube/mp4/aQnv5nTYL-A.mp4
protective embankment, https://media.signbsl.com/videos/asl/youtube/mp4/LWc01UqU18g.mp4
protector, https://player.vimeo.com/external/392679984.sd.mp4?s=cb757ff4887de280d6a2761c05f83a02a4fe28d8&profile_id=164
protectorate, https://media.signbsl.com/videos/asl/youtube/mp4/eJe2JL1fUt4.mp4
protege, https://media.signbsl.com/videos/asl/youtube/mp4/ih5qgPkTwQc.mp4
protein, https://media.signbsl.com/videos/asl/youtube/mp4/MLPHuy74SGw.mp4
protest, https://media.signbsl.com/videos/asl/aslsearch/mp4/protest.mp4
Protestant, https://media.signbsl.com/videos/asl/youtube/mp4/bzEaKD2cdg0.mp4
Protestant deacon, https://media.signbsl.com/videos/asl/signlanguagestudent/mp4/deacon.mp4
protester, https://media.signbsl.com/videos/asl/youtube/mp4/5c4Ah1MMvvw.mp4
protist, https://media.signbsl.com/videos/asl/youtube/mp4/ED74xboF7Bo.mp4
protistan, https://media.signbsl.com/videos/asl/youtube/mp4/ED74xboF7Bo.mp4
protocol, https://media.signbsl.com/videos/asl/deaftec/mp4/1040.mp4
proton, https://media.signbsl.com/videos/asl/deaftec/mp4/1422.mp4
protons, https://media.signbsl.com/videos/asl/deaftec/mp4/1422.mp4
prototype, https://media.signbsl.com/videos/asl/youtube/mp4/RqH0CoJpcWc.mp4
protozoan, https://media.signbsl.com/videos/asl/youtube/mp4/vJNlwUF30ew.mp4
protozoon, https://media.signbsl.com/videos/asl/youtube/mp4/vJNlwUF30ew.mp4
protract, https://media.signbsl.com/videos/asl/youtube/mp4/K5cCt0zSsS4.mp4
protractor, https://media.signbsl.com/videos/asl/tsdvideo/mp4/499.mp4
protrude, https://media.signbsl.com/videos/asl/youtube/mp4/53kA56H6z4U.mp4
protrusion, https://media.signbsl.com/videos/asl/youtube/mp4/nDFUdAsRmGg.mp4
protuberance, https://media.signbsl.com/videos/asl/youtube/mp4/nDFUdAsRmGg.mp4
protuberant, https://media.signbsl.com/videos/asl/youtube/mp4/4t5J84jscEQ.mp4
proud, https://media.signbsl.com/videos/asl/youtube/mp4/JUCxqQamDTo.mp4
provability, https://media.signbsl.com/videos/asl/youtube/mp4/ZLuUFvdoe_k.mp4
prove, https://player.vimeo.com/external/392427959.sd.mp4?s=b73b2bbdcd342f31636a27d2fd0d55cc71b1a0ca&profile_id=164
provenance, https://media.signbsl.com/videos/asl/youtube/mp4/7PncYwab8uw.mp4
proverb, https://media.signbsl.com/videos/asl/aslsignbank/mp4/SAW-331.mp4
provide, https://media.signbsl.com/videos/asl/signlanguagestudent/mp4/provide.mp4
Providence, https://media.signbsl.com/videos/asl/valleybible/mp4/providence.mp4
provider, https://media.signbsl.com/videos/asl/youtube/mp4/Ff_6m_fmmZ0.mp4
province, https://media.signbsl.com/videos/asl/signlanguagestudent/mp4/states.mp4
provincial, https://media.signbsl.com/videos/asl/youtube/mp4/646JvFjTlRQ.mp4
provincialism, https://media.signbsl.com/videos/asl/youtube/mp4/GSUPbEf4gEw.mp4
provision, https://media.signbsl.com/videos/asl/youtube/mp4/fqj3y_p6y1M.mp4
provisional, https://media.signbsl.com/videos/asl/youtube/mp4/6bwNBp_hMDA.mp4
provisionary, https://media.signbsl.com/videos/asl/youtube/mp4/6bwNBp_hMDA.mp4
provisioner, https://media.signbsl.com/videos/asl/youtube/mp4/PaVrEQBtdKY.mp4
proviso, https://media.signbsl.com/videos/asl/youtube/mp4/fqj3y_p6y1M.mp4
provocateur, https://media.signbsl.com/videos/asl/youtube/mp4/xWjq0juRTjs.mp4
provocation, https://media.signbsl.com/videos/asl/youtube/mp4/u7b4baDlppY.mp4
provocative, https://media.signbsl.com/videos/asl/youtube/mp4/INaP-ylQoZk.mp4
provoke, https://player.vimeo.com/external/392414900.sd.mp4?s=597521931ac36aea6d75a430e51c495872dba2b8&profile_id=164
provoked, https://media.signbsl.com/videos/asl/unoclimb/mp4/uJv1IbxJnOw.mp4
provoker, https://media.signbsl.com/videos/asl/youtube/mp4/T8b4yXr3-SE.mp4
provost, https://media.signbsl.com/videos/asl/youtube/mp4/mPoKjjv5N9g.mp4
prowess, https://media.signbsl.com/videos/asl/youtube/mp4/7UdPjmITUfQ.mp4
prowl, https://media.signbsl.com/videos/asl/youtube/mp4/7ilcvU1EjOw.mp4
prowl car, https://media.signbsl.com/videos/asl/aslsearch/mp4/police-car.mp4
prowler, https://media.signbsl.com/videos/asl/youtube/mp4/rBgouHddgrI.mp4
proxies, https://media.signbsl.com/videos/asl/ids/mp4/2013-11-3910-proxy-1500k-ase.mp4
proximalization, https://media.signbsl.com/videos/asl/aslsignbank/mp4/PROXIMALIZATION-942.mp4
proximalization and distalization, https://player.vimeo.com/external/392428092.sd.mp4?s=7f40d85dc8e39b93c42c376ca5f6028c3f25ef2a&profile_id=164
proximate, https://media.signbsl.com/videos/asl/youtube/mp4/c0rBaYv03AQ.mp4
proximity, https://player.vimeo.com/external/392428121.sd.mp4?s=b02a8c414424cae95b21a37a8797e84692dfc6a6&profile_id=164
proxy, https://media.signbsl.com/videos/asl/ids/mp4/2013-11-3910-proxy-1500k-ase.mp4
proxy as in proxy server, NA
prude, https://media.signbsl.com/videos/asl/youtube/mp4/wXg8rW6Rfd4.mp4
prudish, https://media.signbsl.com/videos/asl/youtube/mp4/26e42j1fb-Q.mp4
prune, https://player.vimeo.com/external/392428156.sd.mp4?s=b08cc62cb2c1e151044359bc7783f132b81201a1&profile_id=164
prurient, https://media.signbsl.com/videos/asl/youtube/mp4/dXG_ynLThps.mp4
pry, https://media.signbsl.com/videos/asl/youtube/mp4/R7NAvkWCeyI.mp4
pry bar, https://media.signbsl.com/videos/asl/youtube/mp4/zXvyoSBL2mo.mp4
prying, https://media.signbsl.com/videos/asl/startasl/mp4/nosy.mp4
PS, https://media.signbsl.com/videos/asl/youtube/mp4/cVm9fgtkY0Q.mp4
PSA, https://media.signbsl.com/videos/asl/youtube/mp4/6cGERLoPiUY.mp4
psalm, https://media.signbsl.com/videos/asl/aslsearch/mp4/psalm.mp4
psd, https://media.signbsl.com/videos/asl/aslsignbank/mp4/PENNSYLVANIA-885.mp4
psephologist, https://media.signbsl.com/videos/asl/youtube/mp4/bdSe7BF6CCY.mp4
pseud, https://media.signbsl.com/videos/asl/youtube/mp4/eJelWC5cGbA.mp4
pseudo, https://media.signbsl.com/videos/asl/youtube/mp4/eJelWC5cGbA.mp4
pseudonym, https://media.signbsl.com/videos/asl/youtube/mp4/R6diqywczSM.mp4
pseudoscience, https://media.signbsl.com/videos/asl/youtube/mp4/bB2_GewM2k0.mp4
pshaw interjection, https://player.vimeo.com/external/392428229.sd.mp4?s=f05be4bc95f9f7de93cda2a9fe9532a5c2b648a8&profile_id=164
Psidium littorale, https://player.vimeo.com/external/392680042.sd.mp4?s=ecbc2766d2db3257d0c2798c9f9d9cdcaf11f89f&profile_id=164
psych, https://media.signbsl.com/videos/asl/youtube/mp4/rNuSPC1YfDQ.mp4
psyche, https://media.signbsl.com/videos/asl/aslsignbank/mp4/HEAD-BACK-1776.mp4
psychedelic, https://player.vimeo.com/external/392428340.sd.mp4?s=7ab61e73e2415a802f838f04f2e957446b85c8ac&profile_id=164
psychedelic drug, https://media.signbsl.com/videos/asl/youtube/mp4/C2uZOSnrrqg.mp4
psychedelic trip, https://player.vimeo.com/external/392428293.sd.mp4?s=883575d119f5826d57e88c3ce84f6bec1870cf72&profile_id=164
psychiatric hospital, https://media.signbsl.com/videos/asl/aslsearch/mp4/asylum.mp4
psychiatrist, https://media.signbsl.com/videos/asl/aslsearch/mp4/shrink.mp4
psychiatry, https://media.signbsl.com/videos/asl/aslsearch/mp4/psychiatry.mp4
psychic, https://player.vimeo.com/external/392429089.sd.mp4?s=4254c0cedd2353437772923a92c5ed8a9d4a42ac&profile_id=164
psychical, https://player.vimeo.com/external/392429089.sd.mp4?s=4254c0cedd2353437772923a92c5ed8a9d4a42ac&profile_id=164
psychic trauma, https://media.signbsl.com/videos/asl/youtube/mp4/vNHZPrOTZg4.mp4
psychoactive, https://media.signbsl.com/videos/asl/youtube/mp4/huk2Tv_xHVg.mp4
psychoanalyse, https://media.signbsl.com/videos/asl/youtube/mp4/1dsFbcKZOOc.mp4
psychoanalyze, https://media.signbsl.com/videos/asl/youtube/mp4/1dsFbcKZOOc.mp4
psychobabble, https://media.signbsl.com/videos/asl/youtube/mp4/X42txztTPCs.mp4
psychodelic drug, https://media.signbsl.com/videos/asl/youtube/mp4/C2uZOSnrrqg.mp4
psychodrama, https://media.signbsl.com/videos/asl/youtube/mp4/URmTNJ3wHWs.mp4
psychokinesis, https://media.signbsl.com/videos/asl/youtube/mp4/y_NwiqBzAtU.mp4
psychological medicine, https://media.signbsl.com/videos/asl/aslsearch/mp4/psychiatry.mp4
psychological science, https://media.signbsl.com/videos/asl/startasl/mp4/psychology.mp4
psychologies, https://media.signbsl.com/videos/asl/startasl/mp4/psychology.mp4
psychologist, https://player.vimeo.com/external/385960986.sd.mp4?s=c71848b3500922930879886d6e60996d69c9dacc&profile_id=164&oauth2_token_id=1269733722
psychology, https://media.signbsl.com/videos/asl/startasl/mp4/psychology.mp4
psychoneurosis, https://media.signbsl.com/videos/asl/youtube/mp4/RUqXAREDLtM.mp4
psychopath, https://media.signbsl.com/videos/asl/youtube/mp4/-KQ5cNQBi_k.mp4
psychopathology, https://media.signbsl.com/videos/asl/aslsearch/mp4/psychiatry.mp4
psychoses, https://media.signbsl.com/videos/asl/youtube/mp4/wLzAbFvsbEc.mp4
psychosomatic, https://media.signbsl.com/videos/asl/youtube/mp4/90F6StuAqG4.mp4
psychotherapist, https://media.signbsl.com/videos/asl/youtube/mp4/uCgzcoCtEnI.mp4
psychotic, https://media.signbsl.com/videos/asl/youtube/mp4/A_GPUzM62f4.mp4
psychotropic, https://media.signbsl.com/videos/asl/youtube/mp4/huk2Tv_xHVg.mp4
psych up, https://media.signbsl.com/videos/asl/youtube/mp4/rR5K2bs19Ug.mp4
ptomaine, https://media.signbsl.com/videos/asl/youtube/mp4/azLGhBVCKAA.mp4
ptomaine poisoning, https://media.signbsl.com/videos/asl/youtube/mp4/azLGhBVCKAA.mp4
PTSD, https://media.signbsl.com/videos/asl/youtube/mp4/YXqK40XR13c.mp4
pub, https://player.vimeo.com/external/392429153.sd.mp4?s=3213d61d40a881efea864ffc84d2883c65d954b8&profile_id=164
puberty, https://media.signbsl.com/videos/asl/youtube/mp4/Ll-Ky-GRHio.mp4
puberulent, https://media.signbsl.com/videos/asl/youtube/mp4/s5XQM2MN-l0.mp4
pubescence, https://media.signbsl.com/videos/asl/youtube/mp4/Ll-Ky-GRHio.mp4
pubescent, https://media.signbsl.com/videos/asl/youtube/mp4/s5XQM2MN-l0.mp4
pubic, https://media.signbsl.com/videos/asl/youtube/mp4/FycZhSUSSEM.mp4
public, https://media.signbsl.com/videos/asl/aslsearch/mp4/public.mp4
publication, https://media.signbsl.com/videos/asl/youtube/mp4/lln_kfdoFh8.mp4
public convenience, https://media.signbsl.com/videos/asl/aslsearch/mp4/restroom.mp4
public executioner, https://media.signbsl.com/videos/asl/youtube/mp4/Ky3msZUaNk0.mp4
public figure, https://player.vimeo.com/external/392429183.sd.mp4?s=c862581227f22e5f74a1142ea0f99b08919d5ef5&profile_id=164
public house, https://player.vimeo.com/external/392429153.sd.mp4?s=3213d61d40a881efea864ffc84d2883c65d954b8&profile_id=164
publicise, https://media.signbsl.com/videos/asl/youtube/mp4/aSG-meVZwZ4.mp4
publicity, https://media.signbsl.com/videos/asl/startasl/mp4/promotion.mp4
publicize, https://media.signbsl.com/videos/asl/youtube/mp4/aSG-meVZwZ4.mp4
public lavatory, https://media.signbsl.com/videos/asl/aslsearch/mp4/restroom.mp4
public lecture, https://media.signbsl.com/videos/asl/aslsearch/mp4/lecture.mp4
public nuisance, https://media.signbsl.com/videos/asl/unoclimb/mp4/YKDLKfcFLTU.mp4
public prosecutor, https://media.signbsl.com/videos/asl/unoclimb/mp4/RwyMWeADxes.mp4
public relations, https://media.signbsl.com/videos/asl/youtube/mp4/qhl2eIvRU-k.mp4
public school, https://player.vimeo.com/external/392429200.sd.mp4?s=c71e6a8d21d63793605b58d832bb3eb6c88253a3&profile_id=164
public service, https://media.signbsl.com/videos/asl/elementalaslconcepts/mp4/public_services.mp4
public service corporation, https://media.signbsl.com/videos/asl/youtube/mp4/nrpwS4qJgk4.mp4
public services, https://media.signbsl.com/videos/asl/elementalaslconcepts/mp4/public_services.mp4
public speaker, https://media.signbsl.com/videos/asl/youtube/mp4/0VYvgf6SoPQ.mp4
public square, https://media.signbsl.com/videos/asl/mariekatzenbachschool/mp4/forum.mp4
public toilet, https://media.signbsl.com/videos/asl/aslsearch/mp4/restroom.mp4
public utility, https://media.signbsl.com/videos/asl/youtube/mp4/nrpwS4qJgk4.mp4
publish, https://media.signbsl.com/videos/asl/aslsignbank/mp4/PRINT-933.mp4
publisher, https://player.vimeo.com/external/392429280.sd.mp4?s=49b15761095b05d20ad56e1649804bfea334dccd&profile_id=164
publishing company, https://player.vimeo.com/external/392429280.sd.mp4?s=49b15761095b05d20ad56e1649804bfea334dccd&profile_id=164
publishing firm, https://player.vimeo.com/external/392429280.sd.mp4?s=49b15761095b05d20ad56e1649804bfea334dccd&profile_id=164
publishing house, https://player.vimeo.com/external/392429280.sd.mp4?s=49b15761095b05d20ad56e1649804bfea334dccd&profile_id=164
puck, https://media.signbsl.com/videos/asl/youtube/mp4/DC-jVma87tA.mp4
pucker, https://media.signbsl.com/videos/asl/aslsignbank/mp4/i(pucker)-1804.mp4
pud, https://media.signbsl.com/videos/asl/youtube/mp4/8O9Vrjhjfas.mp4
pudden head, https://media.signbsl.com/videos/asl/youtube/mp4/8XhgGnhsOFw.mp4
pudding, https://media.signbsl.com/videos/asl/aslsearch/mp4/pudding.mp4
pudding head, https://media.signbsl.com/videos/asl/youtube/mp4/8XhgGnhsOFw.mp4
puddle, https://media.signbsl.com/videos/asl/aslsearch/mp4/puddle.mp4
pudenda, https://media.signbsl.com/videos/asl/youtube/mp4/oXg5b5MM8sE.mp4
pudginess, https://media.signbsl.com/videos/asl/youtube/mp4/IvIrA8xboHE.mp4
pudgy, https://media.signbsl.com/videos/asl/youtube/mp4/KUaQ3NMc-dI.mp4
Puerto Rico, https://media.signbsl.com/videos/asl/startasl/mp4/puerto-rico.mp4
puff, https://media.signbsl.com/videos/asl/aslsearch/mp4/gasp.mp4
puffiness, https://media.signbsl.com/videos/asl/youtube/mp4/vzu-DQEYUpo.mp4
puff of air, https://media.signbsl.com/videos/asl/youtube/mp4/LLaXQXhdNmc.mp4
puff out, https://media.signbsl.com/videos/asl/youtube/mp4/XguK4QjifxM.mp4
puff up, https://media.signbsl.com/videos/asl/youtube/mp4/XguK4QjifxM.mp4
pugilist, https://media.signbsl.com/videos/asl/youtube/mp4/TRrYaEaDfAI.mp4
pugnacious, https://media.signbsl.com/videos/asl/youtube/mp4/Ef0UgZHGSyM.mp4
pugnacity, https://media.signbsl.com/videos/asl/youtube/mp4/eQPOSPKCtG0.mp4
puke, https://media.signbsl.com/videos/asl/startasl/mp4/throw-up.mp4
pule, https://media.signbsl.com/videos/asl/youtube/mp4/jyz7jWZRtWo.mp4
pull, https://media.signbsl.com/videos/asl/aslsearch/mp4/pull.mp4
pull a face, https://media.signbsl.com/videos/asl/youtube/mp4/0-b8JV8Tf9Y.mp4
pull apart, https://media.signbsl.com/videos/asl/youtube/mp4/zgzR8J4zsFk.mp4
pull a prank, https://media.signbsl.com/videos/asl/youtube/mp4/heqxiaIUd7Q.mp4
pull away, https://media.signbsl.com/videos/asl/youtube/mp4/26-pq93XoWI.mp4
pull back, https://media.signbsl.com/videos/asl/youtube/mp4/26-pq93XoWI.mp4
pull down, https://media.signbsl.com/videos/asl/aslsearch/mp4/tear-down.mp4
pull down menu, https://media.signbsl.com/videos/asl/mariekatzenbachschool/mp4/pull%20down%20menu.mp4
pulled into the air, https://media.signbsl.com/videos/asl/youtube/mp4/qYfth97P9tE.mp4
pullet, https://media.signbsl.com/videos/asl/youtube/mp4/Yko22mjWFZU.mp4
pulley, https://media.signbsl.com/videos/asl/aslsignbank/mp4/BRICK-2136.mp4
pulley block, https://media.signbsl.com/videos/asl/aslsignbank/mp4/BRICK-2136.mp4
pull for, https://media.signbsl.com/videos/asl/youtube/mp4/Mu58oOUlYJs.mp4
pull in, https://media.signbsl.com/videos/asl/aslsearch/mp4/attract.mp4
pull off, https://media.signbsl.com/videos/asl/youtube/mp4/mOdLR2jvDB8.mp4
pull on his boots, https://media.signbsl.com/videos/asl/youtube/mp4/OC_Jio92BD4.mp4
pull out, https://media.signbsl.com/videos/asl/aslsearch/mp4/pull-out.mp4
pull over, https://media.signbsl.com/videos/asl/aslsearch/mp4/pull-over.mp4
pull someone into something, https://media.signbsl.com/videos/asl/youtube/mp4/qZZoeMc4vTU.mp4
pull strings, https://media.signbsl.com/videos/asl/youtube/mp4/CtTdg__0dSY.mp4
pull the wool over someones eyes, https://media.signbsl.com/videos/asl/youtube/mp4/mH1TGcWaZIM.mp4
pullulate, https://player.vimeo.com/external/392143167.sd.mp4?s=224f40aa98c13db69d8fa46f4de94f113df372d1&profile_id=164
pull up, https://media.signbsl.com/videos/asl/aslsearch/mp4/pull-out.mp4
pull up pants, https://media.signbsl.com/videos/asl/youtube/mp4/judJubAtNp4.mp4
pull wires, https://media.signbsl.com/videos/asl/youtube/mp4/CtTdg__0dSY.mp4
pull yourself together, https://media.signbsl.com/videos/asl/youtube/mp4/d5C_05kjOfk.mp4
pulmonary, https://media.signbsl.com/videos/asl/youtube/mp4/NWbp0ickveA.mp4
pulmonary emphysema, https://media.signbsl.com/videos/asl/youtube/mp4/RCwwbUpDgdk.mp4
pulmonic, https://media.signbsl.com/videos/asl/youtube/mp4/NWbp0ickveA.mp4
pulp, https://media.signbsl.com/videos/asl/youtube/mp4/wrA4LgPY_tM.mp4
pulpiness, https://media.signbsl.com/videos/asl/youtube/mp4/1hJ9ehInoV4.mp4
pulpit, https://media.signbsl.com/videos/asl/youtube/mp4/I8u-XbOb5xY.mp4
pulsation, https://media.signbsl.com/videos/asl/aslsearch/mp4/heart-beat.mp4
pulse, https://media.signbsl.com/videos/asl/aslsearch/mp4/heart-beat.mp4
pulse back and forth, https://media.signbsl.com/videos/asl/youtube/mp4/wf_Mx7n9kzQ.mp4
pulsecheck, https://media.signbsl.com/videos/asl/youtube/mp4/RR-3qgVHMB8.mp4
pulseless, https://media.signbsl.com/videos/asl/youtube/mp4/0dSjeGhkzLA.mp4
pulse rate, https://media.signbsl.com/videos/asl/youtube/mp4/tclKMbN2yUg.mp4
pulsing, https://media.signbsl.com/videos/asl/youtube/mp4/ZorkWQWo1io.mp4
pulverisation, https://media.signbsl.com/videos/asl/aslsignbank/mp4/POWDER-804.mp4
pulverise, https://media.signbsl.com/videos/asl/aslsearch/mp4/abolish.mp4
pulverization, https://media.signbsl.com/videos/asl/aslsignbank/mp4/POWDER-804.mp4
pulverize, https://media.signbsl.com/videos/asl/aslsearch/mp4/abolish.mp4
puma, https://player.vimeo.com/external/391910530.sd.mp4?s=1cf1ed5f6b437f42bac29608e99212d47c87afb5&profile_id=164
pump, https://media.signbsl.com/videos/asl/aslsignbank/mp4/HEART-BODY-776.mp4
pumpkin, https://media.signbsl.com/videos/asl/aslsearch/mp4/pumpkin.mp4
pun, https://media.signbsl.com/videos/asl/youtube/mp4/7-9nt-WoATM.mp4
punch, https://media.signbsl.com/videos/asl/aslsearch/mp4/punch.mp4
punchbag, NA
punch drunk, https://media.signbsl.com/videos/asl/youtube/mp4/vadNnzoh4XI.mp4
puncher, https://player.vimeo.com/external/391911143.sd.mp4?s=e3fa4109a132028b1af5bc6e9f45b1a5bc309af5&profile_id=164
punchline, NA
punch my face, https://media.signbsl.com/videos/asl/youtube/mp4/mFywf6HpHqg.mp4
punchy, https://media.signbsl.com/videos/asl/youtube/mp4/nevH6CC6C_0.mp4
punctilio, https://media.signbsl.com/videos/asl/youtube/mp4/TrV4oh5kHY0.mp4
punctually, https://media.signbsl.com/videos/asl/youtube/mp4/4mreakuUaNM.mp4
punctuate, https://media.signbsl.com/videos/asl/aslsearch/mp4/emphasize.mp4
punctuation, https://media.signbsl.com/videos/asl/youtube/mp4/5-xnT5omh4s.mp4
pundit, https://media.signbsl.com/videos/asl/youtube/mp4/JPXtMUOsxsc.mp4
punish, https://media.signbsl.com/videos/asl/signlanguagestudent/mp4/punish.mp4
punishable, https://media.signbsl.com/videos/asl/youtube/mp4/HmRlg6wdu8w.mp4
punishing, https://player.vimeo.com/external/391168675.sd.mp4?s=aae06e26bfadc7d0c30e5ef2f00385b96c99d966&profile_id=164
punishment, https://media.signbsl.com/videos/asl/signlanguagestudent/mp4/punishment.mp4
punk, https://media.signbsl.com/videos/asl/youtube/mp4/GI9XL2abWPI.mp4
punk rocker, https://media.signbsl.com/videos/asl/youtube/mp4/GI9XL2abWPI.mp4
punnett, https://media.signbsl.com/videos/asl/youtube/mp4/lR4nqSWjK38.mp4
punning, https://media.signbsl.com/videos/asl/youtube/mp4/7-9nt-WoATM.mp4
punster, https://media.signbsl.com/videos/asl/youtube/mp4/03XeT34I0BM.mp4
punt, https://media.signbsl.com/videos/asl/youtube/mp4/LOfZGt9tXPU.mp4
punter, https://media.signbsl.com/videos/asl/youtube/mp4/qE6OKHhZji0.mp4
punting, https://media.signbsl.com/videos/asl/youtube/mp4/LOfZGt9tXPU.mp4
pup, https://media.signbsl.com/videos/asl/youtube/mp4/WJ4fb0rRZ_I.mp4
pupa, https://media.signbsl.com/videos/asl/youtube/mp4/tZ9U7SjQw9M.mp4
pupil, https://media.signbsl.com/videos/asl/startasl/mp4/student.mp4
pupils dilate, https://media.signbsl.com/videos/asl/youtube/mp4/ZfRfXSHfxLk.mp4
puppet, https://media.signbsl.com/videos/asl/aslsignbank/mp4/MARIONETTE-2184.mp4
puppeteer, https://media.signbsl.com/videos/asl/youtube/mp4/OBwhPQVIORM.mp4
puppets, https://media.signbsl.com/videos/asl/aslsignbank/mp4/MARIONETTE-2184.mp4
puppy, https://media.signbsl.com/videos/asl/aslsearch/mp4/puppy.mp4
puppyish, https://media.signbsl.com/videos/asl/youtube/mp4/pyp8XrWSofA.mp4
puppylike, https://media.signbsl.com/videos/asl/youtube/mp4/pyp8XrWSofA.mp4
purblind, https://media.signbsl.com/videos/asl/youtube/mp4/5g9gtcMTDck.mp4
purchasable, https://media.signbsl.com/videos/asl/youtube/mp4/2S_TJgTpAYI.mp4
purchase, https://media.signbsl.com/videos/asl/startasl/mp4/buy.mp4
purchaser, https://media.signbsl.com/videos/asl/youtube/mp4/dJThpOkvL0M.mp4
purdah, https://media.signbsl.com/videos/asl/youtube/mp4/iE4h64YoXBQ.mp4
pure, https://media.signbsl.com/videos/asl/valleybible/mp4/pure.mp4
pure binary numeration system, https://media.signbsl.com/videos/asl/tsdvideo/mp4/1289.mp4
pureblood, https://media.signbsl.com/videos/asl/youtube/mp4/l3WPy4hlxZI.mp4
purebred, https://media.signbsl.com/videos/asl/youtube/mp4/l3WPy4hlxZI.mp4
Pure Purity, https://media.signbsl.com/videos/asl/ids/mp4/2013-11-3920-pure-purity-1500k-ase.mp4
purgatories, https://media.signbsl.com/videos/asl/youtube/mp4/NI3rd5gwwpk.mp4
purgatory, https://media.signbsl.com/videos/asl/youtube/mp4/NI3rd5gwwpk.mp4
purge, https://media.signbsl.com/videos/asl/startasl/mp4/throw-up.mp4
purification, https://media.signbsl.com/videos/asl/youtube/mp4/-h9Uc3z-FIg.mp4
purifier, https://media.signbsl.com/videos/asl/youtube/mp4/rN3NBAMxWH4.mp4
purify, https://media.signbsl.com/videos/asl/signlanguagestudent/mp4/sanctify.mp4
purist, https://media.signbsl.com/videos/asl/youtube/mp4/YHV1aK6ZIWc.mp4
puritan, https://media.signbsl.com/videos/asl/youtube/mp4/wXg8rW6Rfd4.mp4
puritanical, https://media.signbsl.com/videos/asl/youtube/mp4/26e42j1fb-Q.mp4
purl, https://media.signbsl.com/videos/asl/youtube/mp4/0J8fKZJEcks.mp4
purloin, https://media.signbsl.com/videos/asl/youtube/mp4/oLLgLsxlDeo.mp4
purloined, https://media.signbsl.com/videos/asl/youtube/mp4/jS_wPr96LqQ.mp4
purple, https://media.signbsl.com/videos/asl/startasl/mp4/purple.mp4
purple trillium, https://media.signbsl.com/videos/asl/youtube/mp4/OBx_1X2gptE.mp4
purplish, https://media.signbsl.com/videos/asl/startasl/mp4/purple.mp4
purport, https://media.signbsl.com/videos/asl/youtube/mp4/9C4Cc6lQy98.mp4
purpose, https://media.signbsl.com/videos/asl/aslsignbank/mp4/GOAL-854.mp4
purposeful, https://media.signbsl.com/videos/asl/youtube/mp4/m6NvGyJnWj4.mp4
purposeless, https://media.signbsl.com/videos/asl/youtube/mp4/VdL4GnAeXe8.mp4
purr, https://media.signbsl.com/videos/asl/youtube/mp4/MxF1wGbDs5w.mp4
purse, https://media.signbsl.com/videos/asl/startasl/mp4/purse.mp4
purser, https://media.signbsl.com/videos/asl/youtube/mp4/uRe_ag46tI0.mp4
pursuance, https://media.signbsl.com/videos/asl/youtube/mp4/AxDq2UF0maA.mp4
pursue, https://media.signbsl.com/videos/asl/youtube/mp4/rBw1D7jAWaU.mp4
pursuing, https://media.signbsl.com/videos/asl/youtube/mp4/Rwe8v2EyYl0.mp4
pursuit, https://media.signbsl.com/videos/asl/youtube/mp4/FrGpAmMYwo4.mp4
push, https://media.signbsl.com/videos/asl/aslsearch/mp4/push.mp4
push around, https://media.signbsl.com/videos/asl/youtube/mp4/lH-pq5r7XSU.mp4
push aside, https://media.signbsl.com/videos/asl/aslsignbank/mp4/EXCUSE-833.mp4
push back, https://player.vimeo.com/external/392438263.sd.mp4?s=d3d496c5e8d33f064bce52fdc0aefcdef8280bdb&profile_id=164
pushcart, https://media.signbsl.com/videos/asl/youtube/mp4/sA7_B161GCQ.mp4
pushchair, https://media.signbsl.com/videos/asl/aslsearch/mp4/stroller.mp4
pusher, https://media.signbsl.com/videos/asl/aslsearch/mp4/stroller.mp4
pushier, https://media.signbsl.com/videos/asl/youtube/mp4/W-11RuCHH9w.mp4
push on, https://media.signbsl.com/videos/asl/youtube/mp4/I7YoO_kdOjU.mp4
pushover, https://media.signbsl.com/videos/asl/aslsignbank/mp4/TRITE-2362.mp4
pushpin, https://media.signbsl.com/videos/asl/aslsearch/mp4/pushpin.mp4
push rod, https://media.signbsl.com/videos/asl/AustinCommunityCollege/mp4/auto_push_rod_.mp4
push up, https://media.signbsl.com/videos/asl/youtube/mp4/XUz3RXBC5GA.mp4
pusillanimous, https://media.signbsl.com/videos/asl/youtube/mp4/9IX0KTlBh-U.mp4
puss, https://media.signbsl.com/videos/asl/youtube/mp4/_khxJikfLuc.mp4
pussy, https://media.signbsl.com/videos/asl/youtube/mp4/_khxJikfLuc.mp4
pussycat, https://media.signbsl.com/videos/asl/youtube/mp4/_khxJikfLuc.mp4
pussyfoot, https://media.signbsl.com/videos/asl/aslsearch/mp4/sneak.mp4
put, https://media.signbsl.com/videos/asl/startasl/mp4/invest.mp4
put across, https://media.signbsl.com/videos/asl/aslsignbank/mp4/COMMUNICATION-1108.mp4
put aside, https://media.signbsl.com/videos/asl/aslsearch/mp4/put-aside.mp4
putative, NA
put away, https://media.signbsl.com/videos/asl/aslsearch/mp4/jail.mp4
put behind bars, https://media.signbsl.com/videos/asl/aslsearch/mp4/jail.mp4
put differently, https://media.signbsl.com/videos/asl/aslsignbank/mp4/TITLE-1243.mp4
put down, https://media.signbsl.com/videos/asl/aslsearch/mp4/record.mp4
put forward, https://media.signbsl.com/videos/asl/youtube/mp4/d7yeNWDpuXU.mp4
put hair behind, https://media.signbsl.com/videos/asl/youtube/mp4/a1J-pz4oTcU.mp4
put her head out, https://media.signbsl.com/videos/asl/youtube/mp4/P3k6gp_1Qas.mp4
put ideas or stuff together, https://media.signbsl.com/videos/asl/youtube/mp4/UCTFdqk_QFY.mp4
put in, https://media.signbsl.com/videos/asl/aslsignbank/mp4/MOVE-528.mp4
put in for, https://media.signbsl.com/videos/asl/youtube/mp4/YkfVHDMRqog.mp4
put my heart into it, https://media.signbsl.com/videos/asl/youtube/mp4/Ph7Fr1xa0H8.mp4
put off, https://media.signbsl.com/videos/asl/aslsearch/mp4/defer.mp4
put on, https://player.vimeo.com/external/392132442.sd.mp4?s=e96ea722e17267e18d365b22eef81126fe6a1090&profile_id=164
put one across, https://player.vimeo.com/external/392129831.sd.mp4?s=5e359d9d8b8db54394581346d05e92bf6c30a7a9&profile_id=164
put one over, https://player.vimeo.com/external/392129831.sd.mp4?s=5e359d9d8b8db54394581346d05e92bf6c30a7a9&profile_id=164
put on hood, https://media.signbsl.com/videos/asl/youtube/mp4/B2PhakH2ASM.mp4
put on makeup, https://media.signbsl.com/videos/asl/startasl/mp4/put-on-makeup.mp4
put on pants, https://media.signbsl.com/videos/asl/youtube/mp4/oVpPAKkwMrs.mp4
put on toppings, https://media.signbsl.com/videos/asl/youtube/mp4/byuEERuGcGM.mp4
put out, https://media.signbsl.com/videos/asl/youtube/mp4/WmPGjwRe_Zo.mp4
putout, https://media.signbsl.com/videos/asl/youtube/mp4/WmPGjwRe_Zo.mp4
put over, https://media.signbsl.com/videos/asl/aslsearch/mp4/defer.mp4
putrefied, https://media.signbsl.com/videos/asl/youtube/mp4/BNv-aFc9P1M.mp4
putrid, https://media.signbsl.com/videos/asl/aslsignbank/mp4/E(smelly)-1887.mp4
putrified, https://media.signbsl.com/videos/asl/youtube/mp4/BNv-aFc9P1M.mp4
put ring on, https://media.signbsl.com/videos/asl/youtube/mp4/c7xGuHaJO58.mp4
put shirt on, https://media.signbsl.com/videos/asl/youtube/mp4/ScYlSAt7wUU.mp4
put shoes on, https://media.signbsl.com/videos/asl/youtube/mp4/_POIv_n6rnM.mp4
put something on page, https://media.signbsl.com/videos/asl/youtube/mp4/Tbh59ooElm8.mp4
putt, https://media.signbsl.com/videos/asl/aslsearch/mp4/putt.mp4
putter, https://media.signbsl.com/videos/asl/youtube/mp4/LElf0V6cYbg.mp4
putter around, https://media.signbsl.com/videos/asl/youtube/mp4/ILOCkRoF_K8.mp4
putterer, https://media.signbsl.com/videos/asl/youtube/mp4/XpeCZxiJ4cI.mp4
put their heads out, https://media.signbsl.com/videos/asl/youtube/mp4/VURXQBsGUwc.mp4
put the objects away, https://media.signbsl.com/videos/asl/mariekatzenbachschool/mp4/put%20the%20objects%20away.mp4
putting, https://media.signbsl.com/videos/asl/aslsearch/mp4/putt.mp4
putting iron, https://media.signbsl.com/videos/asl/youtube/mp4/IXlMGlV85-E.mp4
put to, https://media.signbsl.com/videos/asl/youtube/mp4/c_BCPCSDMK0.mp4
put to death, https://media.signbsl.com/videos/asl/aslsearch/mp4/execute.mp4
put together, https://media.signbsl.com/videos/asl/aslsearch/mp4/together.mp4
put to work, https://media.signbsl.com/videos/asl/youtube/mp4/Z8Npdo2tkxU.mp4
put up, https://media.signbsl.com/videos/asl/aslsignbank/mp4/PATIENT-250.mp4
put up to, https://media.signbsl.com/videos/asl/youtube/mp4/RyYFbbBELQs.mp4
putz, https://media.signbsl.com/videos/asl/aslsearch/mp4/dick.mp4
putz around, https://media.signbsl.com/videos/asl/youtube/mp4/04pXdtM4H1s.mp4
puzzle, https://media.signbsl.com/videos/asl/aslsearch/mp4/puzzle.mp4
puzzled, https://media.signbsl.com/videos/asl/youtube/mp4/c1qPSA1FROE.mp4
puzzlement, https://media.signbsl.com/videos/asl/youtube/mp4/ZI1DNid_A4Y.mp4
puzzle out, https://media.signbsl.com/videos/asl/elementalaslconcepts/mp4/solve.mp4
puzzling, https://media.signbsl.com/videos/asl/youtube/mp4/dheIfBxoWPo.mp4
pyjamas, https://media.signbsl.com/videos/asl/aslsearch/mp4/pajamas.mp4
pyramid, https://media.signbsl.com/videos/asl/youtube/mp4/S8XR-icgwEw.mp4
pyro, https://media.signbsl.com/videos/asl/youtube/mp4/PToJnUmlSTY.mp4
pyroclastic, https://media.signbsl.com/videos/asl/youtube/mp4/yidTBPSox08.mp4
pyrogenic, https://media.signbsl.com/videos/asl/youtube/mp4/OsUiDzrTzGA.mp4
pyrogenous, https://media.signbsl.com/videos/asl/youtube/mp4/OsUiDzrTzGA.mp4
pyrosis, https://player.vimeo.com/external/392172190.sd.mp4?s=91b5a7c918837e5030f6ee56cc6b501f207fa46f&profile_id=164
pyrotechnic, https://media.signbsl.com/videos/asl/aslsearch/mp4/fireworks.mp4
Pythagorean Theorem, https://media.signbsl.com/videos/asl/tsdvideo/mp4/561.mp4
