word, videoURL
r, https://media.signbsl.com/videos/asl/aslsignbank/mp4/LETTER-R-1660.mp4
rabbi, https://media.signbsl.com/videos/asl/valleybible/mp4/Rabbi.mp4
rabbinate, https://media.signbsl.com/videos/asl/youtube/mp4/6kqrs2jUalc.mp4
rabbit, https://media.signbsl.com/videos/asl/mariekatzenbachschool/mp4/rabbit.mp4
rabbit on, https://media.signbsl.com/videos/asl/aslsearch/mp4/jabber.mp4
rabble, https://media.signbsl.com/videos/asl/youtube/mp4/UjFDuzVyLBo.mp4
rabble rouser, https://media.signbsl.com/videos/asl/youtube/mp4/oLnfGOYDBbI.mp4
rabid, https://media.signbsl.com/videos/asl/youtube/mp4/3kAYoYjhsC4.mp4
raccoon, https://media.signbsl.com/videos/asl/aslsignbank/mp4/RACCOON-1003.mp4
race, https://media.signbsl.com/videos/asl/youtube/mp4/SQLeej0gir8.mp4
racecourse, https://media.signbsl.com/videos/asl/aslsearch/mp4/track.mp4
racegoer, https://media.signbsl.com/videos/asl/youtube/mp4/sKmuPtDmgVg.mp4
racehorse, https://media.signbsl.com/videos/asl/youtube/mp4/kgbJIQyW8UQ.mp4
race horse, https://media.signbsl.com/videos/asl/youtube/mp4/kgbJIQyW8UQ.mp4
race murder, https://player.vimeo.com/external/392142966.sd.mp4?s=06f43e1a3d8b381aa39c966f0470eb6e9024cfac&profile_id=164
race off, https://media.signbsl.com/videos/asl/youtube/mp4/KBOimJUenPg.mp4
racer, https://media.signbsl.com/videos/asl/youtube/mp4/USolwi5lYHE.mp4
racetrack, https://media.signbsl.com/videos/asl/aslsearch/mp4/track.mp4
raceway, https://media.signbsl.com/videos/asl/aslsearch/mp4/track.mp4
rachet, https://media.signbsl.com/videos/asl/AustinCommunityCollege/mp4/auto_ratchet_.mp4
rachet up, https://media.signbsl.com/videos/asl/youtube/mp4/gfcXu6db-uk.mp4
rachis, https://media.signbsl.com/videos/asl/aslsignbank/mp4/BACK-27.mp4
racial, https://media.signbsl.com/videos/asl/youtube/mp4/e_UHtz-B-Bc.mp4
racial discrimination, https://media.signbsl.com/videos/asl/youtube/mp4/p8ws9A0K5Ms.mp4
racial extermination, https://player.vimeo.com/external/392142966.sd.mp4?s=06f43e1a3d8b381aa39c966f0470eb6e9024cfac&profile_id=164
racialism, https://media.signbsl.com/videos/asl/youtube/mp4/p8ws9A0K5Ms.mp4
racialist, https://media.signbsl.com/videos/asl/youtube/mp4/AnSKK4pzNk0.mp4
racing yacht, https://player.vimeo.com/external/392636876.sd.mp4?s=dca99756b1c24847f3fc250bfc32feaddf02a597&profile_id=164
racism, https://media.signbsl.com/videos/asl/youtube/mp4/p8ws9A0K5Ms.mp4
racist, https://media.signbsl.com/videos/asl/youtube/mp4/AnSKK4pzNk0.mp4
rack, https://media.signbsl.com/videos/asl/youtube/mp4/15joZkNqR5Y.mp4
rack & pinion, NA
racket, https://media.signbsl.com/videos/asl/aslsearch/mp4/racket.mp4
racketeer, https://media.signbsl.com/videos/asl/youtube/mp4/32FlKZiVUqk.mp4
Rack My Brain, https://player.vimeo.com/external/392701578.sd.mp4?s=0409d7ac46d92e3791642ee9a243b3f0b3bf0771&profile_id=164
rack up, https://media.signbsl.com/videos/asl/aslsearch/mp4/score.mp4
raconteur, https://media.signbsl.com/videos/asl/youtube/mp4/KGpY0PSMTzI.mp4
racoon, https://media.signbsl.com/videos/asl/aslsignbank/mp4/RACCOON-1003.mp4
racy, https://media.signbsl.com/videos/asl/youtube/mp4/JJzrbPsloOw.mp4
rad, https://media.signbsl.com/videos/asl/youtube/mp4/tkdUv9mx7SA.mp4
radar, https://media.signbsl.com/videos/asl/aslsearch/mp4/radar.mp4
raddled, https://media.signbsl.com/videos/asl/youtube/mp4/M5Psjq7zDjg.mp4
radial, https://media.signbsl.com/videos/asl/youtube/mp4/qVQQtrranIo.mp4
radian, https://media.signbsl.com/videos/asl/youtube/mp4/tkdUv9mx7SA.mp4
radiance, https://media.signbsl.com/videos/asl/youtube/mp4/YtJqtQdh9yg.mp4
radiate, https://media.signbsl.com/videos/asl/youtube/mp4/5zgHHk5pzLs.mp4
radiation, https://media.signbsl.com/videos/asl/youtube/mp4/UZo_CwRDbCA.mp4
radiator, https://media.signbsl.com/videos/asl/AustinCommunityCollege/mp4/auto_radiator_.mp4
radiator cap, https://media.signbsl.com/videos/asl/AustinCommunityCollege/mp4/auto_radiator_cap_.mp4
radical, https://media.signbsl.com/videos/asl/deaftec-math/mp4/70D-1.mp4
radical expression, https://media.signbsl.com/videos/asl/tsdvideo/mp4/1314.mp4
radical function, https://media.signbsl.com/videos/asl/tsdvideo/mp4/1477.mp4
radicalise, https://media.signbsl.com/videos/asl/youtube/mp4/aqGVPTLxJn0.mp4
radii, https://media.signbsl.com/videos/asl/aslsignbank/mp4/LETTER-R-1660.mp4
radio, https://media.signbsl.com/videos/asl/startasl/mp4/radio.mp4
radioactive, https://media.signbsl.com/videos/asl/youtube/mp4/blQGv7j6ynk.mp4
radioactive dust, https://media.signbsl.com/videos/asl/youtube/mp4/M7GaPRRWNwk.mp4
radioactively, https://media.signbsl.com/videos/asl/youtube/mp4/9IYz2G2VMsk.mp4
radiocarpal joint, https://media.signbsl.com/videos/asl/aslsearch/mp4/wrist.mp4
radiocommunication, https://media.signbsl.com/videos/asl/startasl/mp4/radio.mp4
radio detection and ranging, https://media.signbsl.com/videos/asl/aslsearch/mp4/radar.mp4
radiolocation, https://media.signbsl.com/videos/asl/aslsearch/mp4/radar.mp4
radiologist, https://media.signbsl.com/videos/asl/youtube/mp4/2cttB8iyoas.mp4
radiology, https://media.signbsl.com/videos/asl/youtube/mp4/6MVW4gI7OP0.mp4
radioman, https://media.signbsl.com/videos/asl/youtube/mp4/9jPD0zYZmGk.mp4
radioscopy, https://media.signbsl.com/videos/asl/youtube/mp4/6MVW4gI7OP0.mp4
radiotherapist, https://media.signbsl.com/videos/asl/youtube/mp4/2cttB8iyoas.mp4
radish, https://media.signbsl.com/videos/asl/mariekatzenbachschool/mp4/radish.mp4
radius, https://media.signbsl.com/videos/asl/aslsignbank/mp4/LETTER-R-1660.mp4
raffish, https://media.signbsl.com/videos/asl/youtube/mp4/U7x9aQI941s.mp4
raffle, https://media.signbsl.com/videos/asl/youtube/mp4/rhxluTZQs3I.mp4
raft, https://media.signbsl.com/videos/asl/aslsearch/mp4/lot.mp4
rafter, https://player.vimeo.com/external/392762506.sd.mp4?s=84450bf679914082b35e0547f770692e11c8dcbc&profile_id=164
rafts, https://media.signbsl.com/videos/asl/aslsignbank/mp4/AUDIENCE-2081.mp4
rag, https://media.signbsl.com/videos/asl/aslsignbank/mp4/BOTHER-2129.mp4
ragamuffin, https://media.signbsl.com/videos/asl/youtube/mp4/qPBvq8tYcq4.mp4
ragbag, https://media.signbsl.com/videos/asl/youtube/mp4/vB4ehCbk3B8.mp4
rage, https://media.signbsl.com/videos/asl/youtube/mp4/vmfut1693UE.mp4
ragged, https://media.signbsl.com/videos/asl/youtube/mp4/FUI1KMgZGG0.mp4
raggeder, https://media.signbsl.com/videos/asl/youtube/mp4/uSbg5yekIug.mp4
raggedy, https://media.signbsl.com/videos/asl/youtube/mp4/IpfT0HaWqrI.mp4
raging, https://media.signbsl.com/videos/asl/youtube/mp4/0ndX1VRsssk.mp4
ragtag, https://media.signbsl.com/videos/asl/youtube/mp4/UjFDuzVyLBo.mp4
ragtag and bobtail, https://media.signbsl.com/videos/asl/youtube/mp4/UjFDuzVyLBo.mp4
raid, https://media.signbsl.com/videos/asl/unoclimb/mp4/VUaWA8DLMsQ.mp4
raider, https://media.signbsl.com/videos/asl/youtube/mp4/AsARS28zh9s.mp4
rail, https://media.signbsl.com/videos/asl/aslsignbank/mp4/TRAIN-368.mp4
railcard, https://media.signbsl.com/videos/asl/youtube/mp4/pNakVHzc500.mp4
raillery, https://media.signbsl.com/videos/asl/youtube/mp4/iGy1CAEGVj4.mp4
railroad, https://media.signbsl.com/videos/asl/youtube/mp4/DmTjFrauiq4.mp4
railroad crossing, https://media.signbsl.com/videos/asl/aslsearch/mp4/railroad-crossing.mp4
railroader, https://media.signbsl.com/videos/asl/youtube/mp4/ngYuo27pU2A.mp4
railroad line, https://media.signbsl.com/videos/asl/youtube/mp4/DmTjFrauiq4.mp4
railroad man, https://media.signbsl.com/videos/asl/youtube/mp4/ngYuo27pU2A.mp4
railroad track, https://media.signbsl.com/videos/asl/youtube/mp4/om6_JXSPiqA.mp4
railroad train, https://media.signbsl.com/videos/asl/startasl/mp4/train.mp4
railway, https://media.signbsl.com/videos/asl/youtube/mp4/DmTjFrauiq4.mp4
railway line, https://media.signbsl.com/videos/asl/youtube/mp4/DmTjFrauiq4.mp4
railway locomotive, https://media.signbsl.com/videos/asl/aslsearch/mp4/locomotive.mp4
railwayman, https://media.signbsl.com/videos/asl/youtube/mp4/ngYuo27pU2A.mp4
railway man, https://media.signbsl.com/videos/asl/youtube/mp4/ngYuo27pU2A.mp4
railway system, https://media.signbsl.com/videos/asl/youtube/mp4/DmTjFrauiq4.mp4
raiment, https://media.signbsl.com/videos/asl/aslsearch/mp4/garment.mp4
rain, https://media.signbsl.com/videos/asl/startasl/mp4/rain.mp4
rainbow, https://media.signbsl.com/videos/asl/aslsignbank/mp4/RAINBOW-745.mp4
rain buckets, https://media.signbsl.com/videos/asl/youtube/mp4/g5o56g4oGG4.mp4
rain cats and dogs, https://media.signbsl.com/videos/asl/youtube/mp4/g5o56g4oGG4.mp4
raincoat, https://media.signbsl.com/videos/asl/aslsearch/mp4/raincoat.mp4
rain down, https://media.signbsl.com/videos/asl/startasl/mp4/rain.mp4
raindrop, https://media.signbsl.com/videos/asl/aslsearch/mp4/raindrops.mp4
raindrops, https://media.signbsl.com/videos/asl/aslsearch/mp4/raindrops.mp4
rain forest, https://media.signbsl.com/videos/asl/startasl/mp4/rainforest.mp4
rainforest, https://media.signbsl.com/videos/asl/startasl/mp4/rainforest.mp4
rain gage, https://media.signbsl.com/videos/asl/elementalaslconcepts/mp4/rain_gauge.mp4
rain gauge, https://media.signbsl.com/videos/asl/elementalaslconcepts/mp4/rain_gauge.mp4
rainless, https://media.signbsl.com/videos/asl/youtube/mp4/_JVNRaTG8WI.mp4
rainmaker, https://media.signbsl.com/videos/asl/youtube/mp4/-AZsL79mi4E.mp4
rainproof, https://media.signbsl.com/videos/asl/youtube/mp4/z3Z8ggUIACM.mp4
rain shower, https://media.signbsl.com/videos/asl/aslsearch/mp4/rain-showers.mp4
rain showers, https://media.signbsl.com/videos/asl/aslsearch/mp4/rain-showers.mp4
rainwater, https://media.signbsl.com/videos/asl/youtube/mp4/ok4T92IKeYs.mp4
rainy, https://media.signbsl.com/videos/asl/aslsearch/mp4/rainy.mp4
raise, https://media.signbsl.com/videos/asl/aslsignbank/mp4/LIFT-1649.mp4
raise a flag, https://media.signbsl.com/videos/asl/youtube/mp4/3XGE_9PcxmA.mp4
raise flag, https://media.signbsl.com/videos/asl/youtube/mp4/APa_-vSxBAA.mp4
raise hand, https://media.signbsl.com/videos/asl/youtube/mp4/R3Ty_BUcBnE.mp4
raiser, https://media.signbsl.com/videos/asl/youtube/mp4/YsG-EYcbVnQ.mp4
raisin, https://media.signbsl.com/videos/asl/aslsignbank/mp4/RAISINS-2187.mp4
raising, https://media.signbsl.com/videos/asl/youtube/mp4/DU9QBzpiN84.mp4
Raja, https://media.signbsl.com/videos/asl/youtube/mp4/hBrFbFbgwDs.mp4
rake, https://media.signbsl.com/videos/asl/aslsearch/mp4/rake.mp4
raking, https://media.signbsl.com/videos/asl/startasl/mp4/raking.mp4
rakish, https://media.signbsl.com/videos/asl/youtube/mp4/U7x9aQI941s.mp4
rallied, https://media.signbsl.com/videos/asl/youtube/mp4/fOE1CXU-6ac.mp4
rallies, https://media.signbsl.com/videos/asl/youtube/mp4/rYHfEriVorc.mp4
rally, https://media.signbsl.com/videos/asl/youtube/mp4/rYHfEriVorc.mp4
rallying cry, https://media.signbsl.com/videos/asl/youtube/mp4/r46exFPqLBs.mp4
ram, https://media.signbsl.com/videos/asl/youtube/mp4/o4TFGxdZUrE.mp4
ramble, https://media.signbsl.com/videos/asl/youtube/mp4/HJig-HoF_4Y.mp4
ramble on, https://media.signbsl.com/videos/asl/youtube/mp4/QnuwJogAWjQ.mp4
rambling, https://media.signbsl.com/videos/asl/youtube/mp4/Zk4clS7dvBc.mp4
rambunctious, https://media.signbsl.com/videos/asl/youtube/mp4/Gtxhxyz7xcQ.mp4
ram down, https://media.signbsl.com/videos/asl/youtube/mp4/o4TFGxdZUrE.mp4
ramen, https://media.signbsl.com/videos/asl/thefamilyvocab/mp4/ramen.mp4
ramification, https://media.signbsl.com/videos/asl/youtube/mp4/LrreRUYLz6I.mp4
ramp, https://media.signbsl.com/videos/asl/youtube/mp4/AOne8L-HM-w.mp4
rampancy, https://media.signbsl.com/videos/asl/youtube/mp4/W1q8oGjbKds.mp4
ramp up, https://media.signbsl.com/videos/asl/youtube/mp4/jaAxLo4D2ZY.mp4
ramrod, https://media.signbsl.com/videos/asl/youtube/mp4/OVYe93qch5Q.mp4
ramshackle, https://media.signbsl.com/videos/asl/youtube/mp4/rq2xbImkdiE.mp4
ran, https://media.signbsl.com/videos/asl/youtube/mp4/c7nf28Uzohs.mp4
Rana catesbeiana, https://media.signbsl.com/videos/asl/youtube/mp4/XwvmtkOK5NM.mp4
ran away, https://media.signbsl.com/videos/asl/youtube/mp4/oGdwZAT7Zmo.mp4
ranch, https://media.signbsl.com/videos/asl/aslsearch/mp4/ranch.mp4
rancher, https://media.signbsl.com/videos/asl/youtube/mp4/JGSPyOMpUD0.mp4
rancid, https://media.signbsl.com/videos/asl/youtube/mp4/16wyuyN3uK4.mp4
random, https://media.signbsl.com/videos/asl/tsdvideo/mp4/346.mp4
randomise, https://media.signbsl.com/videos/asl/youtube/mp4/igHO6Gkpzj0.mp4
randomize, https://media.signbsl.com/videos/asl/youtube/mp4/igHO6Gkpzj0.mp4
randomly, https://media.signbsl.com/videos/asl/youtube/mp4/hg9oo6z9gAA.mp4
randomness, https://media.signbsl.com/videos/asl/youtube/mp4/f_dYx5262QA.mp4
random sample, https://media.signbsl.com/videos/asl/deaftec-math/mp4/72D-1.mp4
ran down to, https://media.signbsl.com/videos/asl/youtube/mp4/hbSKMGe2w2U.mp4
randy, https://media.signbsl.com/videos/asl/aslsearch/mp4/horny.mp4
rang, https://media.signbsl.com/videos/asl/youtube/mp4/k_-KyQnYGbk.mp4
range, https://media.signbsl.com/videos/asl/signlanguagestudent/mp4/range.mp4
Range (auto ranging on digital meter), https://media.signbsl.com/videos/asl/AustinCommunityCollege/mp4/elec_range_.mp4
range auto ranging on digital meter, https://media.signbsl.com/videos/asl/AustinCommunityCollege/mp4/elec_range_.mp4
range in, https://media.signbsl.com/videos/asl/youtube/mp4/33g1Ur-ZNNA.mp4
ranger, https://player.vimeo.com/external/391392801.sd.mp4?s=050568f841b1de2d72dc81e7fb20e293855c9a45&profile_id=164
rangier, https://media.signbsl.com/videos/asl/youtube/mp4/OszT8mF25rs.mp4
Rangifer tarandus, https://player.vimeo.com/external/392430396.sd.mp4?s=1d3e6d43ceb9293569fa19b551f02ab70360ec65&profile_id=164
ranginess, https://media.signbsl.com/videos/asl/youtube/mp4/WWtUGArNmzo.mp4
ran into, https://player.vimeo.com/external/392010398.sd.mp4?s=31ad5d44c1da6ec335af49b0cc10db211f7935f4&profile_id=164
rank, https://media.signbsl.com/videos/asl/ids/mp4/2013-11-2940-membership-1500k-ase.mp4
ranked, https://media.signbsl.com/videos/asl/aslsignbank/mp4/GRADE-LETTER-3345.mp4
ranking, https://media.signbsl.com/videos/asl/youtube/mp4/7vwNFRslj2o.mp4
ran off, https://media.signbsl.com/videos/asl/youtube/mp4/W2jFPBfZR-I.mp4
ran on, https://media.signbsl.com/videos/asl/youtube/mp4/tZ-40CJ5miY.mp4
ran out, https://media.signbsl.com/videos/asl/youtube/mp4/gi5UBpw_yzA.mp4
ransack, https://media.signbsl.com/videos/asl/youtube/mp4/QJs6kbs_QFE.mp4
ransom, https://media.signbsl.com/videos/asl/youtube/mp4/l__AtZZdB3k.mp4
ransomer, https://media.signbsl.com/videos/asl/youtube/mp4/_ceGj_YqAg4.mp4
rant, https://media.signbsl.com/videos/asl/aslsearch/mp4/jabber.mp4
ran through, https://media.signbsl.com/videos/asl/youtube/mp4/eZTTLg_CPBM.mp4
rap, https://media.signbsl.com/videos/asl/youtube/mp4/MPVr4eSO43w.mp4
rapacious, https://media.signbsl.com/videos/asl/youtube/mp4/rRrJTBhzZzI.mp4
rapaciousness, https://media.signbsl.com/videos/asl/youtube/mp4/l2Sb4gsK8AA.mp4
rapacity, https://media.signbsl.com/videos/asl/aslsearch/mp4/greed.mp4
rape, https://media.signbsl.com/videos/asl/unoclimb/mp4/VPfSCSj0G7Y.mp4
raper, https://media.signbsl.com/videos/asl/youtube/mp4/4ZqRsBM3vfQ.mp4
Raphus cucullatus, https://media.signbsl.com/videos/asl/youtube/mp4/QAt27obT31k.mp4
rapid, https://media.signbsl.com/videos/asl/aslsearch/mp4/rapids.mp4
rapidly, https://media.signbsl.com/videos/asl/youtube/mp4/-dBM8Wo-on0.mp4
rapids, https://media.signbsl.com/videos/asl/aslsearch/mp4/rapids.mp4
rapist, https://media.signbsl.com/videos/asl/youtube/mp4/4ZqRsBM3vfQ.mp4
rap knuckles, https://media.signbsl.com/videos/asl/youtube/mp4/pNxP_D-Ejsg.mp4
rap music, https://media.signbsl.com/videos/asl/youtube/mp4/MPVr4eSO43w.mp4
rapper, https://media.signbsl.com/videos/asl/youtube/mp4/EY-HYWI8Vwg.mp4
rapport, https://media.signbsl.com/videos/asl/youtube/mp4/zQxsm1HrI-0.mp4
rapporteur, https://media.signbsl.com/videos/asl/youtube/mp4/NNTcFeIvWIE.mp4
rapprochement, https://media.signbsl.com/videos/asl/youtube/mp4/PXJJl9v6FWc.mp4
rapscallion, https://media.signbsl.com/videos/asl/youtube/mp4/bFAM7_C-VLM.mp4
rap sheet, https://media.signbsl.com/videos/asl/youtube/mp4/dPf39YQF_4o.mp4
rapt, https://media.signbsl.com/videos/asl/aslsignbank/mp4/FASCINATED-1386.mp4
rapture, https://media.signbsl.com/videos/asl/valleybible/mp4/Rapture.mp4
rapturous, https://media.signbsl.com/videos/asl/youtube/mp4/S-vdSu37zro.mp4
raptus, https://media.signbsl.com/videos/asl/youtube/mp4/p0O8RZUOIyg.mp4
rapunzel, https://media.signbsl.com/videos/asl/youtube/mp4/4mgQCHEXlwA.mp4
rare, https://media.signbsl.com/videos/asl/mariekatzenbachschool/mp4/rare.mp4
rarefaction, https://media.signbsl.com/videos/asl/youtube/mp4/_6AMCnISfOg.mp4
rarefy, https://media.signbsl.com/videos/asl/youtube/mp4/sSeEgfcN2E0.mp4
rarely, https://media.signbsl.com/videos/asl/aslsearch/mp4/seldom.mp4
rarer, https://media.signbsl.com/videos/asl/youtube/mp4/cA5JeeiSrJ8.mp4
rarity, https://media.signbsl.com/videos/asl/youtube/mp4/xVfeVGz1zZo.mp4
rascal, https://media.signbsl.com/videos/asl/youtube/mp4/bFAM7_C-VLM.mp4
rascality, https://media.signbsl.com/videos/asl/youtube/mp4/WMntYWP2Pgw.mp4
rase, https://media.signbsl.com/videos/asl/aslsearch/mp4/tear-down.mp4
rash, https://media.signbsl.com/videos/asl/startasl/mp4/rash.mp4
rasher, https://media.signbsl.com/videos/asl/youtube/mp4/LCdkVp7CZts.mp4
raspberry, https://media.signbsl.com/videos/asl/aslsearch/mp4/raspberry.mp4
rat, https://media.signbsl.com/videos/asl/startasl/mp4/rat.mp4
ratch, https://media.signbsl.com/videos/asl/AustinCommunityCollege/mp4/auto_ratchet_.mp4
ratchet, https://media.signbsl.com/videos/asl/AustinCommunityCollege/mp4/auto_ratchet_.mp4
ratchet down, https://media.signbsl.com/videos/asl/youtube/mp4/gfcXu6db-uk.mp4
rate, https://media.signbsl.com/videos/asl/youtube/mp4/gQmvmOzWa5I.mp4
rather, https://media.signbsl.com/videos/asl/aslsignbank/mp4/E(so-so)-1886.mp4
rather prefer, https://media.signbsl.com/videos/asl/signlanguagestudent/mp4/rather-prefer.mp4
ratification, https://media.signbsl.com/videos/asl/youtube/mp4/OExk_h-rtDg.mp4
ratifier, https://media.signbsl.com/videos/asl/aslsearch/mp4/subscriber.mp4
ratio, https://media.signbsl.com/videos/asl/tsdvideo/mp4/262.mp4
ratiocinate, https://media.signbsl.com/videos/asl/youtube/mp4/oSc05atrsgk.mp4
ration, https://media.signbsl.com/videos/asl/youtube/mp4/F6lfg9y-fZI.mp4
rational, https://media.signbsl.com/videos/asl/aslsearch/mp4/rational.mp4
rationale, https://media.signbsl.com/videos/asl/youtube/mp4/k5TkgvCLw4k.mp4
rationalise, https://media.signbsl.com/videos/asl/aslsearch/mp4/justify.mp4
rationalism, https://media.signbsl.com/videos/asl/philosophy/mp4/Rationalism%201-HD.mp4
rationalist, https://media.signbsl.com/videos/asl/youtube/mp4/e0J9mo_G9ok.mp4
rationalize, https://media.signbsl.com/videos/asl/aslsearch/mp4/justify.mp4
rational number, https://media.signbsl.com/videos/asl/tsdvideo/mp4/564.mp4
rat out, https://media.signbsl.com/videos/asl/youtube/mp4/irrcuEXf1Rg.mp4
rattail, https://media.signbsl.com/videos/asl/youtube/mp4/gYMxczGsWcU.mp4
rattail fish, https://media.signbsl.com/videos/asl/youtube/mp4/gYMxczGsWcU.mp4
ratter, https://media.signbsl.com/videos/asl/youtube/mp4/AIINMoIv-OA.mp4
rat terrier, https://media.signbsl.com/videos/asl/youtube/mp4/hNqFsZmNbjw.mp4
rattier, https://media.signbsl.com/videos/asl/youtube/mp4/Z8qOj-OnWR0.mp4
rattle, https://media.signbsl.com/videos/asl/aslsearch/mp4/rattle.mp4
rattled, https://player.vimeo.com/external/392677035.sd.mp4?s=1d477c4d9ab9925d48ca0f4dd8b2b97200bc8bfd&profile_id=164
rattle down, https://media.signbsl.com/videos/asl/youtube/mp4/RgUm2ZL7dkU.mp4
rattle down the road, https://media.signbsl.com/videos/asl/youtube/mp4/DdGe3loLMoI.mp4
rattle off, https://media.signbsl.com/videos/asl/youtube/mp4/RgUm2ZL7dkU.mp4
rattler, https://media.signbsl.com/videos/asl/aslsearch/mp4/rattlesnake.mp4
rattlesnake, https://media.signbsl.com/videos/asl/aslsearch/mp4/rattlesnake.mp4
rattletrap, https://media.signbsl.com/videos/asl/youtube/mp4/Xb1sdnuMLWY.mp4
rattling, https://media.signbsl.com/videos/asl/startasl/mp4/wonderful.mp4
ratty, https://media.signbsl.com/videos/asl/youtube/mp4/LZQEuG1ldcE.mp4
raucous, https://media.signbsl.com/videos/asl/youtube/mp4/vZWT49hQqAQ.mp4
raunchier, https://media.signbsl.com/videos/asl/youtube/mp4/mJNmrA3MMSo.mp4
raunchily, https://media.signbsl.com/videos/asl/youtube/mp4/q6sKh3fnPTs.mp4
raunchy, https://media.signbsl.com/videos/asl/youtube/mp4/7QMbbZ0g9KI.mp4
ravage, https://media.signbsl.com/videos/asl/youtube/mp4/eBu3bJB2EIE.mp4
rave, https://media.signbsl.com/videos/asl/aslsearch/mp4/jabber.mp4
Ravenclaw, https://media.signbsl.com/videos/asl/youtube/mp4/Zkkv33RGPBY.mp4
ravening, https://media.signbsl.com/videos/asl/youtube/mp4/rRrJTBhzZzI.mp4
ravenous, https://media.signbsl.com/videos/asl/youtube/mp4/rRrJTBhzZzI.mp4
ravine, https://media.signbsl.com/videos/asl/youtube/mp4/kS-BEhcWZTg.mp4
ravish, https://media.signbsl.com/videos/asl/unoclimb/mp4/VPfSCSj0G7Y.mp4
ravisher, https://media.signbsl.com/videos/asl/startasl/mp4/sweetheart.mp4
raw, https://media.signbsl.com/videos/asl/aslsearch/mp4/raw.mp4
rawer, https://media.signbsl.com/videos/asl/youtube/mp4/IAndAYQFkUs.mp4
raw sienna, https://media.signbsl.com/videos/asl/youtube/mp4/65XRY2V5NAA.mp4
raw throat, https://media.signbsl.com/videos/asl/startasl/mp4/sore-throat.mp4
ray, https://media.signbsl.com/videos/asl/tsdvideo/mp4/1228.mp4
ray of light, https://media.signbsl.com/videos/asl/tsdvideo/mp4/1228.mp4
raze, https://media.signbsl.com/videos/asl/aslsearch/mp4/tear-down.mp4
razed, https://media.signbsl.com/videos/asl/elementalaslconcepts/mp4/abolish.mp4
razmataz, https://media.signbsl.com/videos/asl/youtube/mp4/h2NxLqM73Jw.mp4
razor, https://media.signbsl.com/videos/asl/aslsignbank/mp4/RAZOR-1034.mp4
razor edged, https://media.signbsl.com/videos/asl/aslsignbank/mp4/SHARP-1031.mp4
razzle, https://media.signbsl.com/videos/asl/youtube/mp4/h2NxLqM73Jw.mp4
razzle dazzle, https://media.signbsl.com/videos/asl/youtube/mp4/h2NxLqM73Jw.mp4
razzmatazz, https://media.signbsl.com/videos/asl/youtube/mp4/h2NxLqM73Jw.mp4
RBC, https://media.signbsl.com/videos/asl/youtube/mp4/F3yvxaLaoSs.mp4
reabsorb, https://media.signbsl.com/videos/asl/youtube/mp4/OilNx5PWVyo.mp4
reach, https://media.signbsl.com/videos/asl/aslsignbank/mp4/FINALLY-2915.mp4
reachable, https://media.signbsl.com/videos/asl/youtube/mp4/-rjDPFW5_RE.mp4
reaching, https://media.signbsl.com/videos/asl/aslsearch/mp4/reach.mp4
reacquaint, https://media.signbsl.com/videos/asl/youtube/mp4/nAazMBC5WfE.mp4
reacquire, https://media.signbsl.com/videos/asl/youtube/mp4/q9iE-xak19s.mp4
react, https://media.signbsl.com/videos/asl/aslsignbank/mp4/REACT-948.mp4
reactant, https://media.signbsl.com/videos/asl/youtube/mp4/smh1P4zZkCo.mp4
reaction, https://media.signbsl.com/videos/asl/deaftec/mp4/1355.mp4
reactionaries, https://media.signbsl.com/videos/asl/youtube/mp4/gwcV6pKa5mA.mp4
reactionary, https://media.signbsl.com/videos/asl/youtube/mp4/gwcV6pKa5mA.mp4
reactivate, https://media.signbsl.com/videos/asl/youtube/mp4/M6uNifs_A3c.mp4
reactive, https://media.signbsl.com/videos/asl/youtube/mp4/HblP9rdHUGQ.mp4
reactor, https://media.signbsl.com/videos/asl/youtube/mp4/Jl2rm7d-SS8.mp4
read, https://media.signbsl.com/videos/asl/startasl/mp4/read.mp4
readable, https://media.signbsl.com/videos/asl/youtube/mp4/tApVwS7fMyU.mp4
readapt, https://media.signbsl.com/videos/asl/youtube/mp4/5sKj35XgOOE.mp4
read book, https://media.signbsl.com/videos/asl/mariekatzenbachschool/mp4/read%20book.mp4
readdress, NA
reader, https://media.signbsl.com/videos/asl/youtube/mp4/QM_tRPs5-lw.mp4
readership, https://media.signbsl.com/videos/asl/youtube/mp4/PlpQINh1CkY.mp4
readily, https://media.signbsl.com/videos/asl/youtube/mp4/H9bZe0QnlvY.mp4
read in, https://media.signbsl.com/videos/asl/youtube/mp4/vPoyyEfbbGI.mp4
reading, https://media.signbsl.com/videos/asl/signlanguagestudent/mp4/reading.mp4
readjust, https://media.signbsl.com/videos/asl/youtube/mp4/5sKj35XgOOE.mp4
readmission, https://media.signbsl.com/videos/asl/youtube/mp4/0m79tqfj8c0.mp4
readopt, https://media.signbsl.com/videos/asl/youtube/mp4/YVd5Zw0kMlw.mp4
readout, https://media.signbsl.com/videos/asl/youtube/mp4/kn2qyPTuPqQ.mp4
read up, https://media.signbsl.com/videos/asl/youtube/mp4/F3U8cXWNP5Y.mp4
ready, https://media.signbsl.com/videos/asl/signlanguagestudent/mp4/ready.mp4
readying, https://media.signbsl.com/videos/asl/youtube/mp4/CRIBf3X_WSM.mp4
readymade, NA
Read your meter, https://media.signbsl.com/videos/asl/AustinCommunityCollege/mp4/elec_read_ur_meter_.mp4
ready to hand, https://media.signbsl.com/videos/asl/aslsearch/mp4/convenient.mp4
reaffirm, https://media.signbsl.com/videos/asl/youtube/mp4/6RDl5-xDotc.mp4
reafforestation, NA
real, https://media.signbsl.com/videos/asl/signlanguagestudent/mp4/real.mp4
Real (Reality), https://media.signbsl.com/videos/asl/philosophy/mp4/Real%20(Reality)-HD.mp4
real estate, https://media.signbsl.com/videos/asl/youtube/mp4/YBjHY2elxCY.mp4
real estate agent, https://media.signbsl.com/videos/asl/youtube/mp4/iliHO0OV4Eg.mp4
real estate broker, https://media.signbsl.com/videos/asl/youtube/mp4/iliHO0OV4Eg.mp4
realign, https://media.signbsl.com/videos/asl/youtube/mp4/Yi2q5PvRAyg.mp4
realine, https://media.signbsl.com/videos/asl/youtube/mp4/Yi2q5PvRAyg.mp4
realise, https://media.signbsl.com/videos/asl/aslsearch/mp4/earn.mp4
realised, https://media.signbsl.com/videos/asl/youtube/mp4/ujzMg9UQeaU.mp4
realism, https://media.signbsl.com/videos/asl/philosophy/mp4/Real%20(Reality)-HD.mp4
realist, https://media.signbsl.com/videos/asl/youtube/mp4/UMOtzXMUSto.mp4
realistic, https://media.signbsl.com/videos/asl/youtube/mp4/tOwzAMG6dZQ.mp4
reality, https://media.signbsl.com/videos/asl/philosophy/mp4/Real%20(Reality)-HD.mp4
realizable, https://media.signbsl.com/videos/asl/youtube/mp4/WlGsV1dqb7g.mp4
realize, https://media.signbsl.com/videos/asl/signlanguagestudent/mp4/understand.mp4
realized, https://media.signbsl.com/videos/asl/youtube/mp4/ujzMg9UQeaU.mp4
reallocate, https://media.signbsl.com/videos/asl/youtube/mp4/9x3s_5eRqTI.mp4
really, https://media.signbsl.com/videos/asl/aslsignbank/mp4/TRUE-BIZ-837.mp4
really bad headache, https://media.signbsl.com/videos/asl/youtube/mp4/f9kBrd7qpyI.mp4
really bad stomach ache, https://media.signbsl.com/videos/asl/youtube/mp4/PEib9yjExkU.mp4
really bitter, https://media.signbsl.com/videos/asl/youtube/mp4/ylVBsRKFRPo.mp4
really bright, https://media.signbsl.com/videos/asl/youtube/mp4/1QrSHkPiBME.mp4
really dislike, https://media.signbsl.com/videos/asl/youtube/mp4/f2tvg_RNV70.mp4
really full, https://media.signbsl.com/videos/asl/youtube/mp4/JDFbHQClLic.mp4
really impossible, https://media.signbsl.com/videos/asl/youtube/mp4/LuKSOfVx7n4.mp4
really love, https://media.signbsl.com/videos/asl/youtube/mp4/KxSGLt6TJfY.mp4
really adore, https://media.signbsl.com/videos/asl/youtube/mp4/KxSGLt6TJfY.mp4
really scared, https://media.signbsl.com/videos/asl/youtube/mp4/clM0GfC8Op0.mp4
really through with something, https://media.signbsl.com/videos/asl/youtube/mp4/WHUt17wGpBY.mp4
really want, https://media.signbsl.com/videos/asl/youtube/mp4/2twj7l2Uy-I.mp4
realm, https://media.signbsl.com/videos/asl/signlanguagestudent/mp4/Kingdom.mp4
realness, https://media.signbsl.com/videos/asl/philosophy/mp4/Real%20(Reality)-HD.mp4
real number, https://media.signbsl.com/videos/asl/tsdvideo/mp4/1478.mp4
real numbers, https://media.signbsl.com/videos/asl/tsdvideo/mp4/1478.mp4
real property, https://media.signbsl.com/videos/asl/youtube/mp4/YBjHY2elxCY.mp4
real reality, https://media.signbsl.com/videos/asl/philosophy/mp4/Real%20(Reality)-HD.mp4
realtor, https://media.signbsl.com/videos/asl/youtube/mp4/iliHO0OV4Eg.mp4
realty, https://media.signbsl.com/videos/asl/youtube/mp4/YBjHY2elxCY.mp4
realworld, NA
ream, https://media.signbsl.com/videos/asl/youtube/mp4/Wb_DUqJ17FA.mp4
reamer, https://media.signbsl.com/videos/asl/youtube/mp4/HFU4vzNBXJ0.mp4
reanalyse, https://media.signbsl.com/videos/asl/youtube/mp4/tgzJD-pQ138.mp4
reanimate, https://media.signbsl.com/videos/asl/aslsearch/mp4/revive.mp4
reap, https://media.signbsl.com/videos/asl/aslsearch/mp4/reap.mp4
reaper, https://media.signbsl.com/videos/asl/youtube/mp4/vsX0fFyljJY.mp4
reaper binder, https://media.signbsl.com/videos/asl/elementalaslconcepts/mp4/binder.mp4
reapplication, https://media.signbsl.com/videos/asl/youtube/mp4/lqt6kQ_kHsE.mp4
reappoint, https://media.signbsl.com/videos/asl/youtube/mp4/sHG8TnMDZFg.mp4
reapportion, https://media.signbsl.com/videos/asl/youtube/mp4/9x3s_5eRqTI.mp4
reappraisal, https://media.signbsl.com/videos/asl/youtube/mp4/HPya3p_zXr8.mp4
rear, https://media.signbsl.com/videos/asl/youtube/mp4/k4acAbNtqrg.mp4
rear end, https://media.signbsl.com/videos/asl/youtube/mp4/k4acAbNtqrg.mp4
rearguard, https://media.signbsl.com/videos/asl/youtube/mp4/xVg3TP17T5k.mp4
rearing, https://media.signbsl.com/videos/asl/youtube/mp4/DU9QBzpiN84.mp4
rear lamp, https://media.signbsl.com/videos/asl/youtube/mp4/9XFPU0Pe0oc.mp4
rear light, https://media.signbsl.com/videos/asl/youtube/mp4/9XFPU0Pe0oc.mp4
rearm, https://media.signbsl.com/videos/asl/youtube/mp4/e0z6EBhKFqw.mp4
re arm, https://media.signbsl.com/videos/asl/youtube/mp4/e0z6EBhKFqw.mp4
rearmost, https://media.signbsl.com/videos/asl/youtube/mp4/UFE6jv_IQxs.mp4
rear of barrel, https://media.signbsl.com/videos/asl/youtube/mp4/eRdMWDoPH-c.mp4
rear of tube, https://media.signbsl.com/videos/asl/youtube/mp4/eRdMWDoPH-c.mp4
rearrange, https://media.signbsl.com/videos/asl/startasl/mp4/re-arrange.mp4
re arrange, https://media.signbsl.com/videos/asl/startasl/mp4/re-arrange.mp4
rearrest, https://media.signbsl.com/videos/asl/youtube/mp4/CnlY-CdWxvc.mp4
rearview, https://media.signbsl.com/videos/asl/youtube/mp4/_4FxhQoRTR0.mp4
rearward, https://player.vimeo.com/external/391189803.sd.mp4?s=c834f280c7e8298f9d971a9cc30a8e098d1a7dbc&profile_id=164
rearwards, https://player.vimeo.com/external/391189803.sd.mp4?s=c834f280c7e8298f9d971a9cc30a8e098d1a7dbc&profile_id=164
reascend, https://media.signbsl.com/videos/asl/youtube/mp4/XgjLBLamS9E.mp4
reason, https://media.signbsl.com/videos/asl/aslsignbank/mp4/GO-BACK-AND-FORTH-1874.mp4
reasonable, https://media.signbsl.com/videos/asl/tsdvideo/mp4/1551.mp4
Reasonable Belief, https://media.signbsl.com/videos/asl/unoclimb/mp4/cBVUbetwNNU.mp4
Reasonable Suspicion, https://media.signbsl.com/videos/asl/unoclimb/mp4/uR5eJwF9XPA.mp4
reasonably, https://media.signbsl.com/videos/asl/youtube/mp4/yMcEKzDKFlU.mp4
reasoned, https://media.signbsl.com/videos/asl/signlanguagestudent/mp4/considered%20(alternate%20sign).mp4
reasonless, https://media.signbsl.com/videos/asl/youtube/mp4/E52UZjQaCkM.mp4
reason out, https://media.signbsl.com/videos/asl/youtube/mp4/2qBsHu1Wro4.mp4
reassemble, https://media.signbsl.com/videos/asl/youtube/mp4/9hRfQDJk8cY.mp4
reassess, https://media.signbsl.com/videos/asl/youtube/mp4/7zaAa4Pwj_g.mp4
reassessment, https://media.signbsl.com/videos/asl/youtube/mp4/HPya3p_zXr8.mp4
reassign, https://media.signbsl.com/videos/asl/youtube/mp4/ii_U2ry9utM.mp4
reassurance, https://media.signbsl.com/videos/asl/youtube/mp4/9Bxv86LwWGE.mp4
reata, https://media.signbsl.com/videos/asl/youtube/mp4/EGtVB9tRkb8.mp4
reattach, https://media.signbsl.com/videos/asl/youtube/mp4/4NMvM2jk0yc.mp4
reattempt, https://media.signbsl.com/videos/asl/youtube/mp4/3JHlR4HuFTg.mp4
reauthorise, https://media.signbsl.com/videos/asl/youtube/mp4/tsgtnRXhjHQ.mp4
reave, https://media.signbsl.com/videos/asl/youtube/mp4/QJs6kbs_QFE.mp4
rebate, https://media.signbsl.com/videos/asl/youtube/mp4/tm0iEMCCvbQ.mp4
rebel, https://media.signbsl.com/videos/asl/signlanguagestudent/mp4/rebel.mp4
rebelliousness, https://media.signbsl.com/videos/asl/youtube/mp4/Pnqpgkk-HYs.mp4
rebid, https://media.signbsl.com/videos/asl/youtube/mp4/Q0aao2NWR-c.mp4
rebind, https://media.signbsl.com/videos/asl/youtube/mp4/E9eiE_LyU8c.mp4
rebirth, https://media.signbsl.com/videos/asl/aslsearch/mp4/rebirth.mp4
reboil, https://media.signbsl.com/videos/asl/youtube/mp4/S9qlGQsUc0M.mp4
reboot, https://media.signbsl.com/videos/asl/youtube/mp4/wgnf1YMsagc.mp4
reborn, https://media.signbsl.com/videos/asl/valleybible/mp4/Born%20Again.mp4
rebought, https://media.signbsl.com/videos/asl/youtube/mp4/myJay5JngW4.mp4
rebound, https://media.signbsl.com/videos/asl/aslsearch/mp4/spring.mp4
rebroadcast, https://media.signbsl.com/videos/asl/youtube/mp4/Qz5-G8FJtY4.mp4
rebuff, https://media.signbsl.com/videos/asl/youtube/mp4/CBcMVb9O9iw.mp4
rebuild, https://media.signbsl.com/videos/asl/aslsearch/mp4/rebuild.mp4
rebuke, https://media.signbsl.com/videos/asl/startasl/mp4/yell.mp4
reburial, https://media.signbsl.com/videos/asl/youtube/mp4/Yw_Tj3Qenec.mp4
reburying, https://media.signbsl.com/videos/asl/youtube/mp4/Yw_Tj3Qenec.mp4
rebus, https://media.signbsl.com/videos/asl/youtube/mp4/BhWx678f9w4.mp4
rebut, https://player.vimeo.com/external/392430050.sd.mp4?s=77469c83c8adb70442b8ae1e3ee6ca1961362642&profile_id=164
rebuttal, https://media.signbsl.com/videos/asl/unoclimb/mp4/WTL8gyp-5W0.mp4
rebutter, https://media.signbsl.com/videos/asl/unoclimb/mp4/WTL8gyp-5W0.mp4
recalculate, https://media.signbsl.com/videos/asl/youtube/mp4/57CtsSa5le8.mp4
recall, https://media.signbsl.com/videos/asl/aslsignbank/mp4/LOOK-BACK-1638.mp4
recant, https://media.signbsl.com/videos/asl/youtube/mp4/mSOmEX2bUEw.mp4
recantation, https://media.signbsl.com/videos/asl/youtube/mp4/rhiDVvzqmW8.mp4
recap, https://media.signbsl.com/videos/asl/youtube/mp4/0HbYJB8lMJA.mp4
recapture, https://media.signbsl.com/videos/asl/youtube/mp4/ipMB-zQh8zw.mp4
recast, https://media.signbsl.com/videos/asl/youtube/mp4/RHZLT0FX8L8.mp4
recd, https://media.signbsl.com/videos/asl/youtube/mp4/fWpRxolCTuE.mp4
recede, https://media.signbsl.com/videos/asl/youtube/mp4/26-pq93XoWI.mp4
receding, https://media.signbsl.com/videos/asl/youtube/mp4/7AHVdfEPBIY.mp4
receipt, https://media.signbsl.com/videos/asl/youtube/mp4/8H8Zwg91cxo.mp4
receipts, https://media.signbsl.com/videos/asl/youtube/mp4/qldyMdxrO7g.mp4
receivable, https://media.signbsl.com/videos/asl/youtube/mp4/bvtm9kKEkpw.mp4
receivables, https://media.signbsl.com/videos/asl/youtube/mp4/MM_VyeqPPsE.mp4
receive, https://media.signbsl.com/videos/asl/signlanguagestudent/mp4/receive.mp4
receive a lot of money, https://media.signbsl.com/videos/asl/startasl/mp4/receive-a-lot-of-money.mp4
receive job offer, https://media.signbsl.com/videos/asl/startasl/mp4/receive-job-offer.mp4
receiver, https://media.signbsl.com/videos/asl/youtube/mp4/vDInsWZJGVM.mp4
Receiver (Football), https://player.vimeo.com/external/392701657.sd.mp4?s=44823d9d615e85c5e7e74fef82a3cbc85d634f38&profile_id=164
Receiver/Drier, NA
receiverdrier, https://media.signbsl.com/videos/asl/AustinCommunityCollege/mp4/auto_receiver_drier_.mp4
receiver football, https://player.vimeo.com/external/392701657.sd.mp4?s=44823d9d615e85c5e7e74fef82a3cbc85d634f38&profile_id=164
receivership, https://media.signbsl.com/videos/asl/youtube/mp4/sVSkosk_EFM.mp4
Receiving, https://media.signbsl.com/videos/asl/youtube/mp4/N3kY4twuvZo.mp4
Receiving Stolen Property, https://media.signbsl.com/videos/asl/unoclimb/mp4/nZoVjYGnf-w.mp4
recent, https://media.signbsl.com/videos/asl/signlanguagestudent/mp4/recent.mp4
recenter, https://media.signbsl.com/videos/asl/youtube/mp4/0XWHrVeLUws.mp4
recently, https://media.signbsl.com/videos/asl/signlanguagestudent/mp4/recently.mp4
receptacle, https://media.signbsl.com/videos/asl/youtube/mp4/wMxjXh0LPRg.mp4
reception, https://media.signbsl.com/videos/asl/youtube/mp4/8H8Zwg91cxo.mp4
receptionist, https://media.signbsl.com/videos/asl/youtube/mp4/K4ZJEDChZWQ.mp4
receptive, https://media.signbsl.com/videos/asl/aslsearch/mp4/receptive.mp4
receptor, https://media.signbsl.com/videos/asl/youtube/mp4/4E1Bsx6quC4.mp4
recertification, https://media.signbsl.com/videos/asl/youtube/mp4/pOmTFIpQEXg.mp4
recess, https://media.signbsl.com/videos/asl/aslsignbank/mp4/BREAKTIME-421.mp4
recession, https://media.signbsl.com/videos/asl/youtube/mp4/Xy3ByBbOK5A.mp4
recessive, https://media.signbsl.com/videos/asl/youtube/mp4/ldcZofYHRKM.mp4
Recessive (genetics), https://media.signbsl.com/videos/asl/deaftec/mp4/1423.mp4
recessive genetics, https://media.signbsl.com/videos/asl/deaftec/mp4/1423.mp4
recharge, https://media.signbsl.com/videos/asl/youtube/mp4/Y6Lrkq6h5bw.mp4
rechargeable, https://media.signbsl.com/videos/asl/youtube/mp4/neyWaYERYHE.mp4
recheck, https://media.signbsl.com/videos/asl/youtube/mp4/mYIAWPR0YN4.mp4
rechristen, https://media.signbsl.com/videos/asl/youtube/mp4/G-vaoOhLXXM.mp4
recidivate, https://media.signbsl.com/videos/asl/youtube/mp4/Lw0W6KkTRJ0.mp4
recidivism, https://media.signbsl.com/videos/asl/youtube/mp4/Sx43wQIOF8s.mp4
recidivist, https://media.signbsl.com/videos/asl/unoclimb/mp4/g-YX7_ub0SQ.mp4
recipe, https://media.signbsl.com/videos/asl/youtube/mp4/8d-XUOnzYFE.mp4
reciprocal, https://media.signbsl.com/videos/asl/tsdvideo/mp4/566.mp4
reciprocal function, https://media.signbsl.com/videos/asl/tsdvideo/mp4/1317.mp4
reciprocal ohm, https://media.signbsl.com/videos/asl/aslsearch/mp4/s.mp4
reciprocate, https://media.signbsl.com/videos/asl/youtube/mp4/S9fESMfNr1c.mp4
recirculate, https://media.signbsl.com/videos/asl/youtube/mp4/SkapsxkM_EY.mp4
recital, https://media.signbsl.com/videos/asl/youtube/mp4/iNM-caXdD68.mp4
recite, https://media.signbsl.com/videos/asl/youtube/mp4/QI9gE8JUFWw.mp4
reckless, https://media.signbsl.com/videos/asl/unoclimb/mp4/vBO7TG4LU0Y.mp4
reckon, https://media.signbsl.com/videos/asl/aslsignbank/mp4/FIGURE-730.mp4
reckoning, https://media.signbsl.com/videos/asl/aslsearch/mp4/counting.mp4
reclaim, https://media.signbsl.com/videos/asl/youtube/mp4/mI4zq426_I8.mp4
reclaimable, https://media.signbsl.com/videos/asl/youtube/mp4/HxVu2N5sjlU.mp4
reclamation, https://media.signbsl.com/videos/asl/aslsearch/mp4/rehabilitation.mp4
reclassification, https://media.signbsl.com/videos/asl/youtube/mp4/_QuQHyvFGN8.mp4
reclinate, https://media.signbsl.com/videos/asl/youtube/mp4/ofBAyfmiLWQ.mp4
recline, https://media.signbsl.com/videos/asl/aslsearch/mp4/recline.mp4
recliner, https://media.signbsl.com/videos/asl/youtube/mp4/dnRKdO0qgvY.mp4
reclining chair, https://media.signbsl.com/videos/asl/youtube/mp4/dnRKdO0qgvY.mp4
recognisance, https://media.signbsl.com/videos/asl/unoclimb/mp4/o6r5DRgt5Ww.mp4
recognise, https://media.signbsl.com/videos/asl/aslsearch/mp4/greet.mp4
recognizance, https://media.signbsl.com/videos/asl/unoclimb/mp4/o6r5DRgt5Ww.mp4
recognize, https://media.signbsl.com/videos/asl/aslsearch/mp4/greet.mp4
recoil, https://media.signbsl.com/videos/asl/aslsearch/mp4/spring.mp4
recoilless, https://media.signbsl.com/videos/asl/youtube/mp4/ifF44lv3PPs.mp4
recollect, https://media.signbsl.com/videos/asl/aslsignbank/mp4/LOOK-BACK-1638.mp4
recollection, https://media.signbsl.com/videos/asl/youtube/mp4/eOZr1Wq_Hhc.mp4
recolonise, https://media.signbsl.com/videos/asl/youtube/mp4/rjEx72ABG0U.mp4
recolor, https://media.signbsl.com/videos/asl/youtube/mp4/NC4Rq44gSwM.mp4
recombinant, https://media.signbsl.com/videos/asl/youtube/mp4/5knBn2ozj7U.mp4
recommend, https://media.signbsl.com/videos/asl/aslsignbank/mp4/PROPOSE-941.mp4
recommendable, https://media.signbsl.com/videos/asl/youtube/mp4/7LQ5QL8W3OA.mp4
recommission, https://media.signbsl.com/videos/asl/youtube/mp4/vN1QSxabvh0.mp4
recommit, https://media.signbsl.com/videos/asl/youtube/mp4/k4ob0a2Tokc.mp4
recompense, https://media.signbsl.com/videos/asl/aslsearch/mp4/compensate.mp4
recompose, https://media.signbsl.com/videos/asl/youtube/mp4/r05tRngsij0.mp4
recompute, https://media.signbsl.com/videos/asl/youtube/mp4/C7sUT4Vn4og.mp4
recon, https://media.signbsl.com/videos/asl/youtube/mp4/W7dXolXjZd8.mp4
reconcilable, https://media.signbsl.com/videos/asl/youtube/mp4/LwYwM9kbbMU.mp4
reconcile, https://media.signbsl.com/videos/asl/handsofgrace/mp4/YhnQBnA-e0A.mp4
reconciliation, https://media.signbsl.com/videos/asl/youtube/mp4/PXJJl9v6FWc.mp4
recondite, https://media.signbsl.com/videos/asl/youtube/mp4/PJqsAYujEiw.mp4
reconditeness, https://media.signbsl.com/videos/asl/youtube/mp4/_iO-LX4D958.mp4
recondition, https://media.signbsl.com/videos/asl/youtube/mp4/CS8K4waDWGs.mp4
reconfirm, https://media.signbsl.com/videos/asl/youtube/mp4/WYTH2k-ZPSc.mp4
reconnect, https://media.signbsl.com/videos/asl/youtube/mp4/h_8JLTLkk5k.mp4
reconnoiter, https://media.signbsl.com/videos/asl/aslsearch/mp4/scout.mp4
reconnoitre, https://media.signbsl.com/videos/asl/aslsearch/mp4/scout.mp4
reconquer, https://media.signbsl.com/videos/asl/youtube/mp4/2I2n_6ElnO0.mp4
reconsider, https://media.signbsl.com/videos/asl/youtube/mp4/HEv1FMhZpAU.mp4
reconsign, https://media.signbsl.com/videos/asl/youtube/mp4/ERGguS4rNfo.mp4
reconstitute, https://media.signbsl.com/videos/asl/youtube/mp4/gN2Mr7-6FpI.mp4
reconstruct, https://media.signbsl.com/videos/asl/aslsearch/mp4/rebuild.mp4
recontact, https://media.signbsl.com/videos/asl/youtube/mp4/0nahK94uIcQ.mp4
recontaminate, https://media.signbsl.com/videos/asl/youtube/mp4/ePojRwUrwxQ.mp4
reconvene, https://media.signbsl.com/videos/asl/youtube/mp4/7J8znniMxQI.mp4
reconvert, https://media.signbsl.com/videos/asl/youtube/mp4/16uf16bo9G0.mp4
recook, https://media.signbsl.com/videos/asl/youtube/mp4/hFO6c4E4oPM.mp4
recopied, https://media.signbsl.com/videos/asl/youtube/mp4/zMKgxAC_Iys.mp4
record, https://media.signbsl.com/videos/asl/aslsearch/mp4/record.mp4
record (v), https://media.signbsl.com/videos/asl/elementalaslconcepts/mp4/record_verb.mp4
record album, https://media.signbsl.com/videos/asl/aslsearch/mp4/album.mp4
record breaker, https://media.signbsl.com/videos/asl/youtube/mp4/0ovudZAci1o.mp4
recorder, https://media.signbsl.com/videos/asl/ids/mp4/2013-11-3970-recorder-1500k-ase.mp4
record holder, https://media.signbsl.com/videos/asl/youtube/mp4/0ovudZAci1o.mp4
recording, https://player.vimeo.com/external/392701694.sd.mp4?s=ccbfaa1d394d042023d52e6775376c1ab50db796&profile_id=164
recording equipment, https://media.signbsl.com/videos/asl/ids/mp4/2013-11-3970-recorder-1500k-ase.mp4
recording machine, https://media.signbsl.com/videos/asl/ids/mp4/2013-11-3970-recorder-1500k-ase.mp4
record music, https://media.signbsl.com/videos/asl/youtube/mp4/JYoRtxiiUFk.mp4
record to document, https://media.signbsl.com/videos/asl/signlanguagestudent/mp4/record-to%20document.mp4
record v, https://media.signbsl.com/videos/asl/elementalaslconcepts/mp4/record_verb.mp4
recount, https://media.signbsl.com/videos/asl/youtube/mp4/QI9gE8JUFWw.mp4
recoup, https://media.signbsl.com/videos/asl/youtube/mp4/ti2Vr9jrywc.mp4
recover, https://media.signbsl.com/videos/asl/startasl/mp4/recover.mp4
recoverable, https://media.signbsl.com/videos/asl/youtube/mp4/r1ermBar9oE.mp4
recoverer, https://media.signbsl.com/videos/asl/youtube/mp4/p9kbwloLOYQ.mp4
recovery, https://media.signbsl.com/videos/asl/AustinCommunityCollege/mp4/auto_recovery_.mp4
recreant, https://media.signbsl.com/videos/asl/youtube/mp4/AIINMoIv-OA.mp4
recreate, https://media.signbsl.com/videos/asl/aslsearch/mp4/revive.mp4
re create, https://media.signbsl.com/videos/asl/aslsearch/mp4/revive.mp4
recreation, https://media.signbsl.com/videos/asl/youtube/mp4/twZ9YucoVMw.mp4
recreational vehicle, https://player.vimeo.com/external/392746924.sd.mp4?s=4e3828e77a0d41f1020c719a1d3bf899e61aa3b5&profile_id=164
recrement, https://media.signbsl.com/videos/asl/youtube/mp4/EMFw0Nd9an0.mp4
recriminate, https://media.signbsl.com/videos/asl/youtube/mp4/Ckew8V5aBGA.mp4
recross, https://media.signbsl.com/videos/asl/youtube/mp4/1I-lD0PTGBI.mp4
recrudescence, https://media.signbsl.com/videos/asl/youtube/mp4/gQvEbY56i-c.mp4
recruit, https://media.signbsl.com/videos/asl/aslsearch/mp4/recruit.mp4
recruiter, https://media.signbsl.com/videos/asl/youtube/mp4/zwICU0hIiEQ.mp4
recrystallise, https://media.signbsl.com/videos/asl/youtube/mp4/78EEe8Ebm9A.mp4
rectangle, https://media.signbsl.com/videos/asl/aslsignbank/mp4/SQUARE-1106.mp4
rectangular prism, https://media.signbsl.com/videos/asl/tsdvideo/mp4/189.mp4
rectifiable, https://media.signbsl.com/videos/asl/youtube/mp4/J_VwdxEQp0A.mp4
rectification, https://media.signbsl.com/videos/asl/youtube/mp4/iYN7JNQ4XJs.mp4
rectifier, https://media.signbsl.com/videos/asl/youtube/mp4/p3FC8d_XlFU.mp4
rectify, https://media.signbsl.com/videos/asl/youtube/mp4/xr0WQmm2BmE.mp4
rectilineal, https://media.signbsl.com/videos/asl/youtube/mp4/mt5sjKlfPFs.mp4
rectilinear, https://media.signbsl.com/videos/asl/youtube/mp4/mt5sjKlfPFs.mp4
rector, https://media.signbsl.com/videos/asl/aslsearch/mp4/pastor.mp4
rectories, https://media.signbsl.com/videos/asl/youtube/mp4/HqsD_QbVVL4.mp4
rectory, https://media.signbsl.com/videos/asl/youtube/mp4/HqsD_QbVVL4.mp4
recuperate, https://media.signbsl.com/videos/asl/startasl/mp4/recover.mp4
recur, https://media.signbsl.com/videos/asl/aslsearch/mp4/recur.mp4
recurring decimal, https://media.signbsl.com/videos/asl/tsdvideo/mp4/573.mp4
recyclable, https://media.signbsl.com/videos/asl/youtube/mp4/HxVu2N5sjlU.mp4
recycle, https://media.signbsl.com/videos/asl/aslsearch/mp4/recycle.mp4
red, https://media.signbsl.com/videos/asl/startasl/mp4/red.mp4
redact, https://media.signbsl.com/videos/asl/aslsearch/mp4/edit.mp4
red blood cell, https://media.signbsl.com/videos/asl/youtube/mp4/F3yvxaLaoSs.mp4
red brick, https://media.signbsl.com/videos/asl/youtube/mp4/wGnCUJvJarM.mp4
redbrick, https://media.signbsl.com/videos/asl/youtube/mp4/wGnCUJvJarM.mp4
Red Chili Pepper, https://player.vimeo.com/external/392746252.sd.mp4?s=10f37f3081efe50123f39fc7c87a40bb9800ac27&profile_id=164
Red China, https://media.signbsl.com/videos/asl/startasl/mp4/china.mp4
Red Cross, https://media.signbsl.com/videos/asl/youtube/mp4/sPdaU3y72_0.mp4
redden, https://media.signbsl.com/videos/asl/aslsignbank/mp4/MAKE-UP-1629.mp4
reddened, https://media.signbsl.com/videos/asl/youtube/mp4/RYDSRZWRYzI.mp4
reddish, https://media.signbsl.com/videos/asl/startasl/mp4/red.mp4
Reddit, https://media.signbsl.com/videos/asl/youtube/mp4/FLJbh_7xBWA.mp4
red dwarf, https://media.signbsl.com/videos/asl/youtube/mp4/T7qGAEyxH_k.mp4
red dwarf star, https://media.signbsl.com/videos/asl/youtube/mp4/T7qGAEyxH_k.mp4
redecorate, https://media.signbsl.com/videos/asl/youtube/mp4/3vbNHYuDH-U.mp4
rededicate, https://media.signbsl.com/videos/asl/youtube/mp4/s4dixWgm1dY.mp4
redeem, https://media.signbsl.com/videos/asl/aslsearch/mp4/redeem.mp4
Redeem, https://media.signbsl.com/videos/asl/ids/mp4/2013-11-4000-redeem-redemption-1500k-ase.mp4
Redemption, https://media.signbsl.com/videos/asl/ids/mp4/2013-11-4000-redeem-redemption-1500k-ase.mp4
redeemable, https://media.signbsl.com/videos/asl/youtube/mp4/XxOxDRoUHr8.mp4
Redeemer, https://media.signbsl.com/videos/asl/startasl/mp4/jesus.mp4
Redeem Redemption, https://media.signbsl.com/videos/asl/ids/mp4/2013-11-4000-redeem-redemption-1500k-ase.mp4
Redeem the Dead, https://media.signbsl.com/videos/asl/ids/mp4/2013-11-3980-redeem-the-dead-1500k-ase.mp4
redefine, https://media.signbsl.com/videos/asl/youtube/mp4/5SEPgoJsErM.mp4
redeliver, https://media.signbsl.com/videos/asl/youtube/mp4/eUtUk_3N0DM.mp4
redemption, https://media.signbsl.com/videos/asl/signlanguagestudent/mp4/salvation.mp4
redeploy, https://media.signbsl.com/videos/asl/youtube/mp4/eQbekRqBiGw.mp4
redeposit, https://media.signbsl.com/videos/asl/youtube/mp4/lhLxcnp-VtQ.mp4
redesign, https://media.signbsl.com/videos/asl/youtube/mp4/I6WJqGgBZZg.mp4
redetermination, https://media.signbsl.com/videos/asl/youtube/mp4/B0lF_Wk69s8.mp4
redevelop, https://media.signbsl.com/videos/asl/youtube/mp4/uJnPHHEDbpU.mp4
redeye, https://media.signbsl.com/videos/asl/youtube/mp4/xMbTMrV9Oo4.mp4
redeye flight, https://media.signbsl.com/videos/asl/youtube/mp4/xMbTMrV9Oo4.mp4
Red Grapes, https://player.vimeo.com/external/392746315.sd.mp4?s=56784eed3815eb0f3a8f65abe51d2e10ddb655ad&profile_id=164
redhead, https://media.signbsl.com/videos/asl/youtube/mp4/BxbnPFP926M.mp4
redheaded woodpecker, https://media.signbsl.com/videos/asl/youtube/mp4/BxbnPFP926M.mp4
red heat, https://media.signbsl.com/videos/asl/youtube/mp4/cziHm4SYOjI.mp4
red hot, https://media.signbsl.com/videos/asl/youtube/mp4/-FtLCxG6-68.mp4
redial, https://media.signbsl.com/videos/asl/youtube/mp4/2F1i7iMiRb4.mp4
Red Indian, https://media.signbsl.com/videos/asl/startasl/mp4/indian.mp4
redintegrate, https://media.signbsl.com/videos/asl/youtube/mp4/McAqxMBSDig.mp4
Red In The Face, https://player.vimeo.com/external/392746362.sd.mp4?s=176522f47e1021c02af362d3ab7ca7f598e63a4e&profile_id=164
redirect, https://media.signbsl.com/videos/asl/unoclimb/mp4/N6DiurNjRRI.mp4
rediscover, https://media.signbsl.com/videos/asl/youtube/mp4/DtSWxjrcAdQ.mp4
redissolve, https://media.signbsl.com/videos/asl/youtube/mp4/PurV7YUlZmQ.mp4
redistrict, https://media.signbsl.com/videos/asl/youtube/mp4/LFyXr-vyxW4.mp4
redivide, https://media.signbsl.com/videos/asl/youtube/mp4/oTDOsYpgx0E.mp4
red light, https://player.vimeo.com/external/392757983.sd.mp4?s=883529eb4b268cd6217377faa707d691ae39dc31&profile_id=164
red nosed, https://media.signbsl.com/videos/asl/youtube/mp4/BQEcRyC9BWA.mp4
redo, https://media.signbsl.com/videos/asl/youtube/mp4/TsCswGUJ7Xw.mp4
redolent, https://media.signbsl.com/videos/asl/youtube/mp4/Rc-6RyD3mjk.mp4
redouble, https://media.signbsl.com/videos/asl/youtube/mp4/UYxLI9q8ess.mp4
redoubt, https://media.signbsl.com/videos/asl/youtube/mp4/ZYVw4NOA894.mp4
redoubtable, https://media.signbsl.com/videos/asl/youtube/mp4/3aakp2J4Sjs.mp4
red pepper, https://media.signbsl.com/videos/asl/aslsearch/mp4/red-pepper.mp4
Red Planet, https://player.vimeo.com/external/392287901.sd.mp4?s=f44f002e47ebc59c65ef1f136d2b145dfab70e98&profile_id=164
redraft, https://media.signbsl.com/videos/asl/youtube/mp4/n3dFaDsIb54.mp4
redraw, https://media.signbsl.com/videos/asl/youtube/mp4/_Wv-hePk3MQ.mp4
redress, https://media.signbsl.com/videos/asl/unoclimb/mp4/-96e-9Zw4aQ.mp4
red trillium, https://media.signbsl.com/videos/asl/youtube/mp4/OBx_1X2gptE.mp4
reduce, https://media.signbsl.com/videos/asl/tsdvideo/mp4/348.mp4
reducible, https://media.signbsl.com/videos/asl/youtube/mp4/Z3q5JMBz8Z4.mp4
reduction, https://media.signbsl.com/videos/asl/youtube/mp4/lvQaBUj2TuE.mp4
reductionist, https://media.signbsl.com/videos/asl/youtube/mp4/4RTFsx-TCH4.mp4
reductivism, https://media.signbsl.com/videos/asl/youtube/mp4/oTcKKC9Poao.mp4
redundance, https://media.signbsl.com/videos/asl/youtube/mp4/10jR83hwXm0.mp4
redundancy, https://media.signbsl.com/videos/asl/youtube/mp4/10jR83hwXm0.mp4
redundant, https://media.signbsl.com/videos/asl/aslsearch/mp4/excess.mp4
reduplicate, https://media.signbsl.com/videos/asl/youtube/mp4/SQTHyzrVSf4.mp4
redux, NA
redye, https://media.signbsl.com/videos/asl/youtube/mp4/2aFRAtIc6XY.mp4
reecho, https://media.signbsl.com/videos/asl/youtube/mp4/gqpK2Q_Czkk.mp4
reed, https://media.signbsl.com/videos/asl/youtube/mp4/soViOXxtsjI.mp4
reedit, https://media.signbsl.com/videos/asl/youtube/mp4/eAl8c_6cVys.mp4
reedlike, https://media.signbsl.com/videos/asl/youtube/mp4/WgzF25OOorI.mp4
reeducate, https://media.signbsl.com/videos/asl/youtube/mp4/O1qqSbBEIFk.mp4
reedy, https://media.signbsl.com/videos/asl/youtube/mp4/WgzF25OOorI.mp4
reek, https://media.signbsl.com/videos/asl/aslsearch/mp4/stink.mp4
reel, https://media.signbsl.com/videos/asl/aslsignbank/mp4/TWIRL-309.mp4
reelect, https://media.signbsl.com/videos/asl/youtube/mp4/oXdx7k9iwEE.mp4
reel off, https://media.signbsl.com/videos/asl/youtube/mp4/RgUm2ZL7dkU.mp4
reembark, https://media.signbsl.com/videos/asl/youtube/mp4/pf05iej2GiM.mp4
reembodied, https://media.signbsl.com/videos/asl/youtube/mp4/LTfR0lnfByU.mp4
reemerge, NA
reemphases, https://media.signbsl.com/videos/asl/youtube/mp4/-ppNUG5T7fc.mp4
reemploy, https://media.signbsl.com/videos/asl/youtube/mp4/25MHBlDiXoQ.mp4
reenact, https://media.signbsl.com/videos/asl/youtube/mp4/sWeBpks-Zqg.mp4
reenforce, https://media.signbsl.com/videos/asl/aslsearch/mp4/reinforce.mp4
reenforcement, https://media.signbsl.com/videos/asl/youtube/mp4/HE3gN_XrPaA.mp4
reengaement, https://media.signbsl.com/videos/asl/youtube/mp4/xUzaHmCeG1U.mp4
reenlist, https://media.signbsl.com/videos/asl/youtube/mp4/n5aPumzpUe4.mp4
reenter, NA
re equip, https://media.signbsl.com/videos/asl/youtube/mp4/QjCWNr_gXGk.mp4
reequip, https://media.signbsl.com/videos/asl/youtube/mp4/QjCWNr_gXGk.mp4
reestablish, https://media.signbsl.com/videos/asl/youtube/mp4/W45CWBIwThs.mp4
reevaluate, https://media.signbsl.com/videos/asl/youtube/mp4/7zaAa4Pwj_g.mp4
reexamination, https://player.vimeo.com/external/392129739.sd.mp4?s=a49c0de815469fce441778328b4d0408050b2bb6&profile_id=164
reexamine, https://media.signbsl.com/videos/asl/aslsearch/mp4/review.mp4
reexperience, https://media.signbsl.com/videos/asl/youtube/mp4/R33gz9j-_lw.mp4
re explain, https://media.signbsl.com/videos/asl/youtube/mp4/_vUb5W2oMzo.mp4
reexplain, https://media.signbsl.com/videos/asl/youtube/mp4/_vUb5W2oMzo.mp4
reexport, https://media.signbsl.com/videos/asl/youtube/mp4/ScX5yBd7OSs.mp4
ref, https://media.signbsl.com/videos/asl/aslsearch/mp4/referee.mp4
reface, https://media.signbsl.com/videos/asl/youtube/mp4/MUhufiJj7aM.mp4
refashion, https://media.signbsl.com/videos/asl/youtube/mp4/TsCswGUJ7Xw.mp4
refer, https://media.signbsl.com/videos/asl/aslsignbank/mp4/MENTION-1617.mp4
referable, https://player.vimeo.com/external/391992853.sd.mp4?s=e5e1950d20a357696d4793fe4ca1885733f04449&profile_id=164
referee, https://media.signbsl.com/videos/asl/aslsearch/mp4/referee.mp4
referee verb, https://media.signbsl.com/videos/asl/aslsearch/mp4/umpire.mp4
reference, https://player.vimeo.com/external/392429858.sd.mp4?s=fad2aeda5a3c96d9e33f299f86d7095d523395f1&profile_id=164
reference frame, https://media.signbsl.com/videos/asl/youtube/mp4/O2xhChwsmgM.mp4
reference letter, https://player.vimeo.com/external/392429843.sd.mp4?s=1eb0b1b3efd21a9c59bda596cfc94da6d59247ba&profile_id=164
reference system, https://media.signbsl.com/videos/asl/youtube/mp4/O2xhChwsmgM.mp4
referenda, https://media.signbsl.com/videos/asl/youtube/mp4/caNTDTiIUmE.mp4
referrer, https://media.signbsl.com/videos/asl/youtube/mp4/pbAfXpI3FdU.mp4
refer to, https://media.signbsl.com/videos/asl/aslsignbank/mp4/MENTION-1617.mp4
refile, https://media.signbsl.com/videos/asl/youtube/mp4/ccRRfpV-nxg.mp4
refill, https://media.signbsl.com/videos/asl/ids/mp4/2013-11-4100-replenish-1500k-ase.mp4
refilm, https://media.signbsl.com/videos/asl/youtube/mp4/q8X8niRGRQ0.mp4
refinance, https://media.signbsl.com/videos/asl/youtube/mp4/XffILZhzd_c.mp4
refine, https://player.vimeo.com/external/392429879.sd.mp4?s=eb067659ee6bc12854c1b86cf578b5b0242bd3fa&profile_id=164
refined sugar, https://media.signbsl.com/videos/asl/startasl/mp4/sugar.mp4
refinement, https://media.signbsl.com/videos/asl/youtube/mp4/-h9Uc3z-FIg.mp4
refineries, https://media.signbsl.com/videos/asl/youtube/mp4/xHQR5cU9MG4.mp4
refinery, https://media.signbsl.com/videos/asl/youtube/mp4/xHQR5cU9MG4.mp4
refining, https://media.signbsl.com/videos/asl/youtube/mp4/-h9Uc3z-FIg.mp4
refinish, https://media.signbsl.com/videos/asl/youtube/mp4/dMNj6TiQ0SE.mp4
refit, https://media.signbsl.com/videos/asl/youtube/mp4/X4Zor0bWQ28.mp4
reflate, https://media.signbsl.com/videos/asl/youtube/mp4/7uW8hc1spNs.mp4
reflect, https://media.signbsl.com/videos/asl/signlanguagestudent/mp4/ponder.mp4
reflection, https://media.signbsl.com/videos/asl/tsdvideo/mp4/507.mp4
reflective, https://media.signbsl.com/videos/asl/elementalaslconcepts/mp4/reflect.mp4
reflective power, https://media.signbsl.com/videos/asl/youtube/mp4/-h6bBYqDb3U.mp4
reflectivity, https://media.signbsl.com/videos/asl/youtube/mp4/83l4yJ5f_4U.mp4
reflect think, https://player.vimeo.com/external/392429913.sd.mp4?s=43f810352d93b729136d732ef0cb836a7ccb111c&profile_id=164
reflex, https://media.signbsl.com/videos/asl/youtube/mp4/EF9nRi7vJMY.mp4
reflexion, https://media.signbsl.com/videos/asl/tsdvideo/mp4/507.mp4
reflexive, https://media.signbsl.com/videos/asl/youtube/mp4/iMgNX-8QHNY.mp4
reflexive pronoun, https://media.signbsl.com/videos/asl/youtube/mp4/iMgNX-8QHNY.mp4
reflexology, https://media.signbsl.com/videos/asl/youtube/mp4/3F2I0VLpfPg.mp4
reflux, https://media.signbsl.com/videos/asl/youtube/mp4/bLV0Eig8gEE.mp4
refold, https://media.signbsl.com/videos/asl/youtube/mp4/EbJCd6Z-VLA.mp4
reforest, https://media.signbsl.com/videos/asl/youtube/mp4/jPNV8Uf_B08.mp4
reforge, https://media.signbsl.com/videos/asl/youtube/mp4/cetkvVLUmQw.mp4
reform, https://player.vimeo.com/external/392429939.sd.mp4?s=e60d298f29d7d1860c7dd6ce7db5d049a0d64ce7&profile_id=164
reformat, https://media.signbsl.com/videos/asl/youtube/mp4/UQeoDEXMa9M.mp4
reformation, https://media.signbsl.com/videos/asl/valleybible/mp4/Reformation.mp4
reformatory, https://media.signbsl.com/videos/asl/youtube/mp4/fSeRkgJfbyk.mp4
Reformed, https://media.signbsl.com/videos/asl/valleybible/mp4/reformed.mp4
reformer, https://media.signbsl.com/videos/asl/youtube/mp4/8pkGd1wTaHk.mp4
reform school, https://media.signbsl.com/videos/asl/youtube/mp4/fSeRkgJfbyk.mp4
refortification, https://media.signbsl.com/videos/asl/youtube/mp4/ySP8fIyZuKg.mp4
refract, https://media.signbsl.com/videos/asl/youtube/mp4/CA41S3a_s-k.mp4
refraction, https://media.signbsl.com/videos/asl/deaftec/mp4/1424.mp4
refractiveness, https://media.signbsl.com/videos/asl/youtube/mp4/2uftCwNtrHg.mp4
refractivity, https://media.signbsl.com/videos/asl/youtube/mp4/2uftCwNtrHg.mp4
refrain, https://player.vimeo.com/external/392766087.sd.mp4?s=ffd7cae66198b0f7424b436e19892e0fabc5439c&profile_id=164
reframing, https://player.vimeo.com/external/392429974.sd.mp4?s=cadf7471e606be81b4730eaaabc8ec0366ace48c&profile_id=164
refreeze, https://media.signbsl.com/videos/asl/youtube/mp4/f0R57WmtvDU.mp4
refresh, https://media.signbsl.com/videos/asl/aslsearch/mp4/refresh.mp4
refresh a web page, https://media.signbsl.com/videos/asl/youtube/mp4/iZ0hciUby_o.mp4
refreshen, https://media.signbsl.com/videos/asl/aslsearch/mp4/refresh.mp4
refresher, https://media.signbsl.com/videos/asl/youtube/mp4/3D_a-xxLUWA.mp4
refreshful, https://player.vimeo.com/external/392648747.sd.mp4?s=20dc891e76c40a99fd1cf0f6756012522b7e825f&profile_id=164
refreshing, https://player.vimeo.com/external/392648747.sd.mp4?s=20dc891e76c40a99fd1cf0f6756012522b7e825f&profile_id=164
refreshment, https://media.signbsl.com/videos/asl/youtube/mp4/yiJlXMW7wFE.mp4
refrigerant, https://media.signbsl.com/videos/asl/AustinCommunityCollege/mp4/auto_refrigerant_.mp4
refrigerate, https://media.signbsl.com/videos/asl/youtube/mp4/WCMEOG9-Im0.mp4
refrigerator, https://media.signbsl.com/videos/asl/startasl/mp4/refrigerator.mp4
refuel, https://media.signbsl.com/videos/asl/youtube/mp4/4JNr3e5bc9o.mp4
refuge, https://media.signbsl.com/videos/asl/youtube/mp4/MM4ov542jcc.mp4
refugee, https://media.signbsl.com/videos/asl/youtube/mp4/uuKGJNA6EzE.mp4
refund, https://media.signbsl.com/videos/asl/aslsearch/mp4/refund.mp4
refundable, https://media.signbsl.com/videos/asl/youtube/mp4/EUB6VoO5JxU.mp4
refurbish, https://media.signbsl.com/videos/asl/youtube/mp4/9o_w7XFv11s.mp4
refurbishment, https://media.signbsl.com/videos/asl/signlanguagestudent/mp4/restoration.mp4
refurnish, https://media.signbsl.com/videos/asl/youtube/mp4/AozwS2wTbhU.mp4
refusal, https://media.signbsl.com/videos/asl/youtube/mp4/WKko3Ssvd8Y.mp4
refuse, https://media.signbsl.com/videos/asl/signlanguagestudent/mp4/reject.mp4
refuse collector, https://media.signbsl.com/videos/asl/youtube/mp4/McDhJWgHRiA.mp4
refutable, https://media.signbsl.com/videos/asl/youtube/mp4/Fijshoc_2vA.mp4
refutation, https://media.signbsl.com/videos/asl/youtube/mp4/fNUAFHuVCN4.mp4
refute, https://player.vimeo.com/external/392430050.sd.mp4?s=77469c83c8adb70442b8ae1e3ee6ca1961362642&profile_id=164
reg, https://media.signbsl.com/videos/asl/youtube/mp4/gF-1YkaPXbc.mp4
regain, https://media.signbsl.com/videos/asl/startasl/mp4/find.mp4
regaining, https://media.signbsl.com/videos/asl/unoclimb/mp4/0OD-QqMRT9Y.mp4
regal, https://media.signbsl.com/videos/asl/youtube/mp4/1Qpa4Dy0GXk.mp4
regale, https://media.signbsl.com/videos/asl/youtube/mp4/lNqu_CNRicc.mp4
regalia, https://media.signbsl.com/videos/asl/youtube/mp4/LPQs0dyELRs.mp4
regard, https://media.signbsl.com/videos/asl/signlanguagestudent/mp4/respect.mp4
regard as, https://media.signbsl.com/videos/asl/youtube/mp4/Zx6oZZJKEOI.mp4
regarding, https://media.signbsl.com/videos/asl/aslsignbank/mp4/ABOUT-2042.mp4
regards, https://media.signbsl.com/videos/asl/signlanguagestudent/mp4/respect.mp4
regather, https://media.signbsl.com/videos/asl/youtube/mp4/fDY16IGKwpg.mp4
regatta, https://media.signbsl.com/videos/asl/youtube/mp4/zqKhCEiI8so.mp4
regencies, https://media.signbsl.com/videos/asl/youtube/mp4/6DTvCZWtyXM.mp4
regency, https://media.signbsl.com/videos/asl/youtube/mp4/6DTvCZWtyXM.mp4
regeneracy, https://media.signbsl.com/videos/asl/youtube/mp4/tm1QXGXfwso.mp4
regenerate, https://media.signbsl.com/videos/asl/youtube/mp4/F9tGlDMXyko.mp4
regeneration, https://media.signbsl.com/videos/asl/valleybible/mp4/regeneration.mp4
regent, https://media.signbsl.com/videos/asl/youtube/mp4/RVFClQIaawY.mp4
regents, https://media.signbsl.com/videos/asl/youtube/mp4/RVFClQIaawY.mp4
regicide, https://media.signbsl.com/videos/asl/youtube/mp4/Jf7_zdOkhrc.mp4
regime, https://media.signbsl.com/videos/asl/startasl/mp4/government.mp4
regimen, https://media.signbsl.com/videos/asl/youtube/mp4/Y7VY0D3cI98.mp4
regiment, https://media.signbsl.com/videos/asl/youtube/mp4/HUPis966IdE.mp4
region, https://media.signbsl.com/videos/asl/aslsearch/mp4/region.mp4
regional, https://media.signbsl.com/videos/asl/youtube/mp4/xpVO-8eNxXU.mp4
regionalism, https://media.signbsl.com/videos/asl/youtube/mp4/QSq1cIPMC34.mp4
Region Regional, https://media.signbsl.com/videos/asl/ids/mp4/2013-11-4010-region-regional-1500k-ase.mp4
register, https://media.signbsl.com/videos/asl/startasl/mp4/file.mp4
register variation, https://player.vimeo.com/external/392430152.sd.mp4?s=eb318f51a19510821f5bd12cb09c785153a018ab&profile_id=164
registery of interpreters for the deaf, https://media.signbsl.com/videos/asl/mariekatzenbachschool/mp4/Registery%20of%20Interpreters%20for%20the%20Deaf.mp4
registrant, https://media.signbsl.com/videos/asl/youtube/mp4/LItGSEZDOAU.mp4
registrar, https://media.signbsl.com/videos/asl/youtube/mp4/BZHjjoyeyas.mp4
registration, https://media.signbsl.com/videos/asl/youtube/mp4/zZiwOQPrAp8.mp4
registries, https://media.signbsl.com/videos/asl/deaftec/mp4/1042.mp4
registry, https://media.signbsl.com/videos/asl/deaftec/mp4/1042.mp4
regorge, https://media.signbsl.com/videos/asl/startasl/mp4/throw-up.mp4
regrade, https://media.signbsl.com/videos/asl/youtube/mp4/d4dqWlmqw9s.mp4
regress, https://media.signbsl.com/videos/asl/aslsearch/mp4/decrease2.mp4
regression, https://media.signbsl.com/videos/asl/youtube/mp4/WdcUyRGOZyo.mp4
regression coefficient, https://media.signbsl.com/videos/asl/tsdvideo/mp4/1523.mp4
regression curve, https://media.signbsl.com/videos/asl/tsdvideo/mp4/1524.mp4
regression line, https://media.signbsl.com/videos/asl/tsdvideo/mp4/1524.mp4
regression toward the mean, https://media.signbsl.com/videos/asl/youtube/mp4/WdcUyRGOZyo.mp4
regret, https://media.signbsl.com/videos/asl/signlanguagestudent/mp4/repent%20(alternate).mp4
regretful, https://media.signbsl.com/videos/asl/startasl/mp4/sorry.mp4
regrets, https://media.signbsl.com/videos/asl/youtube/mp4/SldME_uAIrc.mp4
regrettable, https://media.signbsl.com/videos/asl/aslsearch/mp4/too-bad.mp4
regrettably, https://media.signbsl.com/videos/asl/aslsearch/mp4/unfortunately.mp4
regrew, https://media.signbsl.com/videos/asl/youtube/mp4/H4yVHTxiWdU.mp4
regrind, https://media.signbsl.com/videos/asl/youtube/mp4/KM_TYzpQsS0.mp4
regroup, https://media.signbsl.com/videos/asl/tsdvideo/mp4/501.mp4
regrow, https://player.vimeo.com/external/392430237.sd.mp4?s=fa56dc030bd25c461f950e6be69c983f3cb8b594&profile_id=164
regular, https://player.vimeo.com/external/392430265.sd.mp4?s=f81010765db4bf5a6a7ec34a65d63eddf7b542ea&profile_id=164
regular army, https://media.signbsl.com/videos/asl/startasl/mp4/army.mp4
regularisation, https://media.signbsl.com/videos/asl/youtube/mp4/j1Tkl_gbeyw.mp4
regularization, https://media.signbsl.com/videos/asl/youtube/mp4/j1Tkl_gbeyw.mp4
regular polygon, https://media.signbsl.com/videos/asl/tsdvideo/mp4/502.mp4
regulate, https://media.signbsl.com/videos/asl/youtube/mp4/QT4q5Zjr69U.mp4
regulation, https://media.signbsl.com/videos/asl/signlanguagestudent/mp4/rules.mp4
regulator, https://media.signbsl.com/videos/asl/AustinCommunityCollege/mp4/weld_regulator_.mp4
regurgitate, https://media.signbsl.com/videos/asl/startasl/mp4/throw-up.mp4
rehab, https://media.signbsl.com/videos/asl/youtube/mp4/LqyXwbctTs8.mp4
rehabilitation, https://media.signbsl.com/videos/asl/aslsearch/mp4/rehabilitation.mp4
rehang, https://media.signbsl.com/videos/asl/youtube/mp4/JGhOatwJC4k.mp4
rehash, https://media.signbsl.com/videos/asl/youtube/mp4/aRB8vcnDv5M.mp4
rehear, https://media.signbsl.com/videos/asl/youtube/mp4/DStej-kzioI.mp4
rehearsal, https://media.signbsl.com/videos/asl/youtube/mp4/pnvnC8q7AHM.mp4
rehearse, https://player.vimeo.com/external/392430319.sd.mp4?s=27f21f44ac3f338e1686eecf743b2ea518a9f455&profile_id=164
reheat, https://media.signbsl.com/videos/asl/youtube/mp4/_mK0anoVNps.mp4
rehire, https://media.signbsl.com/videos/asl/youtube/mp4/TnNdvvoMlfU.mp4
rehouse, https://media.signbsl.com/videos/asl/youtube/mp4/HVNaZg7AhvY.mp4
rehydrate, https://media.signbsl.com/videos/asl/youtube/mp4/J0_FkYfR0IU.mp4
Reich, https://media.signbsl.com/videos/asl/youtube/mp4/iZXFUwmVyDI.mp4
reify, https://media.signbsl.com/videos/asl/youtube/mp4/AruMhwSL6JI.mp4
reign, https://player.vimeo.com/external/392430342.sd.mp4?s=48b403f732179098d7f95b32d1dd89a3a4e9513a&profile_id=164
reignite, https://media.signbsl.com/videos/asl/youtube/mp4/cQV2WTjNNTU.mp4
reimbursable, https://media.signbsl.com/videos/asl/youtube/mp4/rua4JMdsPto.mp4
reimburse, https://media.signbsl.com/videos/asl/youtube/mp4/jrS4cv8JQ8k.mp4
reimport, https://media.signbsl.com/videos/asl/youtube/mp4/lH42gt_f4F0.mp4
reimpose, https://media.signbsl.com/videos/asl/youtube/mp4/DRsFIcUJoTE.mp4
rein, https://player.vimeo.com/external/392430364.sd.mp4?s=f5604878d436fe7aa0c0d121b677fd042065c78b&profile_id=164
reincarnate, https://media.signbsl.com/videos/asl/youtube/mp4/AswZX48KyU0.mp4
reincarnation, https://media.signbsl.com/videos/asl/aslsearch/mp4/rebirth.mp4
reincorporate, NA
reindeer, https://player.vimeo.com/external/392430396.sd.mp4?s=1d3e6d43ceb9293569fa19b551f02ab70360ec65&profile_id=164
reinfect, https://media.signbsl.com/videos/asl/youtube/mp4/sYQSYPc7Euo.mp4
reinforce, https://media.signbsl.com/videos/asl/aslsearch/mp4/reinforce.mp4
reinforcement, https://media.signbsl.com/videos/asl/youtube/mp4/HE3gN_XrPaA.mp4
reinforcements, https://media.signbsl.com/videos/asl/youtube/mp4/HE3gN_XrPaA.mp4
rein in, https://player.vimeo.com/external/392430364.sd.mp4?s=f5604878d436fe7aa0c0d121b677fd042065c78b&profile_id=164
reinnoculate, https://media.signbsl.com/videos/asl/youtube/mp4/jOfYq_fuFyM.mp4
reinsert, https://media.signbsl.com/videos/asl/youtube/mp4/GQKxtyJNIQI.mp4
reinstall, https://media.signbsl.com/videos/asl/youtube/mp4/jMw2YiTPzUQ.mp4
reinstate, https://media.signbsl.com/videos/asl/youtube/mp4/aikV-j0kcrY.mp4
reinsurance, https://media.signbsl.com/videos/asl/youtube/mp4/nNoBK5eRxV0.mp4
reinterpret, https://media.signbsl.com/videos/asl/youtube/mp4/_vUb5W2oMzo.mp4
reintroduce, https://media.signbsl.com/videos/asl/youtube/mp4/ipVgzmExJD0.mp4
re introduce, https://media.signbsl.com/videos/asl/youtube/mp4/ipVgzmExJD0.mp4
reinvest, https://media.signbsl.com/videos/asl/youtube/mp4/v1TuoE_Deyo.mp4
reinvigorate, https://media.signbsl.com/videos/asl/youtube/mp4/5JqNI9ni1Ss.mp4
reissue, https://player.vimeo.com/external/392439115.sd.mp4?s=29da5dbf7ee4e0b5c1a16a1eeb2f4dcae2541bc0&profile_id=164
reiterate, https://player.vimeo.com/external/392430406.sd.mp4?s=827ab6aeda6dca17df32cd4cb8c2da4ae18a5c06&profile_id=164
reject, https://media.signbsl.com/videos/asl/signlanguagestudent/mp4/reject.mp4
rejected, https://player.vimeo.com/external/392746396.sd.mp4?s=101da1fe4367e2e971a26276ea536801b9c9d32e&profile_id=164
rejig, https://media.signbsl.com/videos/asl/youtube/mp4/QjCWNr_gXGk.mp4
rejoice, https://media.signbsl.com/videos/asl/aslsearch/mp4/joy.mp4
Rejoice Joy, https://media.signbsl.com/videos/asl/ids/mp4/2013-11-4040-rejoice-joy-1500k-ase.mp4
rejoicing, https://media.signbsl.com/videos/asl/youtube/mp4/XfzmQmSvXlg.mp4
rejoin, https://media.signbsl.com/videos/asl/youtube/mp4/C2v1ogZWV40.mp4
rejoinder, https://media.signbsl.com/videos/asl/youtube/mp4/qtEV2KGOC3A.mp4
rejudge, https://media.signbsl.com/videos/asl/youtube/mp4/maunXnxvkH0.mp4
rejuvenate, https://media.signbsl.com/videos/asl/aslsearch/mp4/rejuvenate.mp4
rekindle, https://media.signbsl.com/videos/asl/youtube/mp4/ow4icIRPtLM.mp4
relabel, https://media.signbsl.com/videos/asl/youtube/mp4/yivxgS8Q4iw.mp4
relace, https://media.signbsl.com/videos/asl/youtube/mp4/UHh-kFuHzbM.mp4
relaid, https://media.signbsl.com/videos/asl/youtube/mp4/cZ5dvn6TQZE.mp4
relapse, https://media.signbsl.com/videos/asl/signlanguagestudent/mp4/backsliding.mp4
relapsing, https://media.signbsl.com/videos/asl/signlanguagestudent/mp4/backsliding.mp4
relate, https://media.signbsl.com/videos/asl/aslsearch/mp4/associate.mp4
related, https://media.signbsl.com/videos/asl/youtube/mp4/WieM6eEeGbI.mp4
related to, https://media.signbsl.com/videos/asl/youtube/mp4/WieM6eEeGbI.mp4
relationship, https://media.signbsl.com/videos/asl/elementalaslconcepts/mp4/relationship.mp4
relative, https://media.signbsl.com/videos/asl/aslsearch/mp4/relatives.mp4
relative comparative, https://player.vimeo.com/external/392436348.sd.mp4?s=36a28ec524408632326c5de0ddbf850feb495d7b&profile_id=164
relative family, https://player.vimeo.com/external/392436381.sd.mp4?s=c5bc3823eeefce2928ddb26c8a4a297bb45bc464&profile_id=164
relative incidence, https://media.signbsl.com/videos/asl/youtube/mp4/Wej8oHFxYOY.mp4
relative in law, https://media.signbsl.com/videos/asl/aslsearch/mp4/in-law.mp4
relative majority, https://media.signbsl.com/videos/asl/youtube/mp4/JSy6v_9jjXY.mp4
relatives, https://media.signbsl.com/videos/asl/aslsearch/mp4/relatives.mp4
relativist, https://media.signbsl.com/videos/asl/youtube/mp4/nrBSFD6JhMQ.mp4
relaunch, https://media.signbsl.com/videos/asl/youtube/mp4/r6C_YXMk7JU.mp4
relax, https://media.signbsl.com/videos/asl/aslsignbank/mp4/REST-352.mp4
relaxant, https://media.signbsl.com/videos/asl/youtube/mp4/b0eL0WW_mHI.mp4
relaxation, https://player.vimeo.com/external/392438708.sd.mp4?s=b3bdb9269b02dac9dfaa804393f01931db65d5eb&profile_id=164
relaxed, https://media.signbsl.com/videos/asl/youtube/mp4/M4VeYTZwpNA.mp4
relaxing, https://media.signbsl.com/videos/asl/youtube/mp4/hBd1N-Zvp1s.mp4
relay, https://media.signbsl.com/videos/asl/aslsearch/mp4/relay.mp4
relearn, https://media.signbsl.com/videos/asl/youtube/mp4/fW5hHJIHyGc.mp4
release, https://media.signbsl.com/videos/asl/aslsignbank/mp4/DISCONNECT-956.mp4
Release from a calling, https://media.signbsl.com/videos/asl/ids/mp4/2013-11-4050-released-from-calling-1500k-ase.mp4
relegate, https://player.vimeo.com/external/391931560.sd.mp4?s=9577b54a6ee3efb140efb5e2488dcebcac262308&profile_id=164
relent, https://player.vimeo.com/external/392436450.sd.mp4?s=6e8f649ff0b7e2d19e7238d978c7050d8cdfa869&profile_id=164
relentless, https://media.signbsl.com/videos/asl/youtube/mp4/q2ZCAG9VvZ0.mp4
relentlessness, https://media.signbsl.com/videos/asl/youtube/mp4/Tp0sl4NhJwk.mp4
relevance, https://media.signbsl.com/videos/asl/elementalaslconcepts/mp4/relevance.mp4
relevancy, https://media.signbsl.com/videos/asl/elementalaslconcepts/mp4/relevance.mp4
relevant, https://media.signbsl.com/videos/asl/unoclimb/mp4/9OVHgg-BGKU.mp4
reliability, https://media.signbsl.com/videos/asl/youtube/mp4/oiW_fvd1cbE.mp4
reliable, https://media.signbsl.com/videos/asl/aslsearch/mp4/authentic.mp4
reliableness, https://media.signbsl.com/videos/asl/youtube/mp4/oiW_fvd1cbE.mp4
relic, https://media.signbsl.com/videos/asl/youtube/mp4/fo3iKdZwxgY.mp4
relief, https://media.signbsl.com/videos/asl/aslsearch/mp4/backup.mp4
relief printing, https://media.signbsl.com/videos/asl/youtube/mp4/dqxrSMDaUp0.mp4
Relief Society, https://media.signbsl.com/videos/asl/ids/mp4/2013-11-4060-relief-society-1500k-ase.mp4
relieve, https://media.signbsl.com/videos/asl/youtube/mp4/L8ECwyxgD-c.mp4
relieved, https://media.signbsl.com/videos/asl/startasl/mp4/relieved.mp4
reliever, https://media.signbsl.com/videos/asl/aslsearch/mp4/backup.mp4
relight, https://media.signbsl.com/videos/asl/youtube/mp4/4tw-BMtzleo.mp4
religion, https://media.signbsl.com/videos/asl/startasl/mp4/religion.mp4
religious, https://media.signbsl.com/videos/asl/youtube/mp4/sHht7kyfY-E.mp4
religious belief, https://media.signbsl.com/videos/asl/startasl/mp4/religion.mp4
religious order, https://media.signbsl.com/videos/asl/valleybible/mp4/sect.mp4
religious outcast, https://media.signbsl.com/videos/asl/youtube/mp4/VF7dp2ctp74.mp4
religious sect, https://media.signbsl.com/videos/asl/valleybible/mp4/sect.mp4
reline, https://media.signbsl.com/videos/asl/youtube/mp4/OzWdNNmML44.mp4
relinquish, https://media.signbsl.com/videos/asl/aslsignbank/mp4/DISCONNECT-956.mp4
relinquish power, https://media.signbsl.com/videos/asl/youtube/mp4/cMlLeBI_VmM.mp4
relish, https://media.signbsl.com/videos/asl/startasl/mp4/enjoy.mp4
relive, https://media.signbsl.com/videos/asl/youtube/mp4/_l320slo-QM.mp4
reload, https://media.signbsl.com/videos/asl/youtube/mp4/uaPgaAgO2go.mp4
relocate, https://media.signbsl.com/videos/asl/aslsearch/mp4/relocate.mp4
relocation, https://media.signbsl.com/videos/asl/aslsignbank/mp4/MOVE-AWAY-1586.mp4
reluct, https://media.signbsl.com/videos/asl/youtube/mp4/Ukff69YP6m4.mp4
reluctance, https://media.signbsl.com/videos/asl/youtube/mp4/roC-scf8BIM.mp4
reluctant, https://player.vimeo.com/external/392869426.sd.mp4?s=af0d8766407c2f65bb164f4a468684701e3bdf03&profile_id=164
rely, https://media.signbsl.com/videos/asl/aslsearch/mp4/bank.mp4
REM, https://media.signbsl.com/videos/asl/youtube/mp4/Oqid4gzquQ0.mp4
remain, https://player.vimeo.com/external/392436570.sd.mp4?s=9b9a0dad8b9f4313185d345d0fd2b55457eafde3&profile_id=164
remainder, https://media.signbsl.com/videos/asl/tsdvideo/mp4/265.mp4
remaining, https://media.signbsl.com/videos/asl/aslsearch/mp4/last2.mp4
remains, https://player.vimeo.com/external/391909380.sd.mp4?s=ef23c1e20787ce5d2450c584b4a41ecdbde93603&profile_id=164
remake, https://media.signbsl.com/videos/asl/youtube/mp4/TsCswGUJ7Xw.mp4
remand, https://media.signbsl.com/videos/asl/aslsearch/mp4/jail.mp4
remanent, https://media.signbsl.com/videos/asl/youtube/mp4/wIXC0CSzvNE.mp4
remap, https://media.signbsl.com/videos/asl/youtube/mp4/RmICLdKFPnw.mp4
remark, https://media.signbsl.com/videos/asl/aslsignbank/mp4/COMMENT-1088.mp4
remarkable, https://player.vimeo.com/external/392436627.sd.mp4?s=41b43707a7567962c7f5dea467633cde417df051&profile_id=164
remarriage, https://media.signbsl.com/videos/asl/youtube/mp4/_y19tB8Dsis.mp4
remaster, https://media.signbsl.com/videos/asl/youtube/mp4/jYH4xFFzqfQ.mp4
rematch, https://media.signbsl.com/videos/asl/youtube/mp4/epDj26L9wTs.mp4
remeasure, https://media.signbsl.com/videos/asl/youtube/mp4/inbzHnN6-Pw.mp4
remedial, https://media.signbsl.com/videos/asl/aslsignbank/mp4/THERAPY-1206.mp4
remediate, https://media.signbsl.com/videos/asl/youtube/mp4/xr0WQmm2BmE.mp4
remediation, https://media.signbsl.com/videos/asl/youtube/mp4/oUebsbpedQY.mp4
remedied, https://media.signbsl.com/videos/asl/youtube/mp4/611kM4UNDtE.mp4
remedy, https://media.signbsl.com/videos/asl/youtube/mp4/xr0WQmm2BmE.mp4
remelt, https://media.signbsl.com/videos/asl/youtube/mp4/GDD01Z_me3g.mp4
remember, https://media.signbsl.com/videos/asl/aslsignbank/mp4/LOOK-BACK-1638.mp4
remembrance, https://media.signbsl.com/videos/asl/elementalaslconcepts/mp4/memorial.mp4
Remembrance Day, https://player.vimeo.com/external/392436893.sd.mp4?s=6fce8a9178e6325ddf90b1929ee548b33b9922aa&profile_id=164
Remembrance Sunday, https://player.vimeo.com/external/392436893.sd.mp4?s=6fce8a9178e6325ddf90b1929ee548b33b9922aa&profile_id=164
remigrate, https://media.signbsl.com/videos/asl/youtube/mp4/XwgKaF_xsC0.mp4
remind, https://media.signbsl.com/videos/asl/aslsignbank/mp4/REMIND-959.mp4
reminder, https://media.signbsl.com/videos/asl/youtube/mp4/8ENvNiadH0U.mp4
remind me, https://media.signbsl.com/videos/asl/youtube/mp4/fjoCeFZLWYs.mp4
reminisce, https://player.vimeo.com/external/392436966.sd.mp4?s=a4e6132297a8e196d49b74d9ef416125ae1e11a2&profile_id=164
remise, https://media.signbsl.com/videos/asl/youtube/mp4/ydJp2JEPjWo.mp4
remiss, https://player.vimeo.com/external/391933323.sd.mp4?s=2f394f975281a9d444f1801dd0136d5e578f64ba&profile_id=164
remission, https://media.signbsl.com/videos/asl/youtube/mp4/7SDRivTLFZM.mp4
remission of sin, https://media.signbsl.com/videos/asl/ids/mp4/2013-11-4070-remission-of-sins-1500k-ase.mp4
Remission of Sins, https://media.signbsl.com/videos/asl/ids/mp4/2013-11-4070-remission-of-sins-1500k-ase.mp4
remit, https://media.signbsl.com/videos/asl/aslsearch/mp4/defer.mp4
remittal, https://media.signbsl.com/videos/asl/youtube/mp4/7SDRivTLFZM.mp4
remix, https://media.signbsl.com/videos/asl/youtube/mp4/0zweLKIFFAk.mp4
remnant, https://media.signbsl.com/videos/asl/valleybible/mp4/remnant.mp4
remodel, https://media.signbsl.com/videos/asl/aslsearch/mp4/remodel.mp4
remold, https://media.signbsl.com/videos/asl/youtube/mp4/T9FryEP0VJM.mp4
remonstrance, https://media.signbsl.com/videos/asl/youtube/mp4/WGXYGAjWpOI.mp4
remonstrate, https://media.signbsl.com/videos/asl/startasl/mp4/yell.mp4
remorse, https://media.signbsl.com/videos/asl/youtube/mp4/rsFQ6_Agysk.mp4
remorseful, https://media.signbsl.com/videos/asl/ids/mp4/2013-11-1050-contrite-1500k-ase.mp4
remorseless, https://media.signbsl.com/videos/asl/youtube/mp4/1d44nzo9xX8.mp4
remortgage, https://media.signbsl.com/videos/asl/youtube/mp4/Gso3As3guQ4.mp4
remote, https://media.signbsl.com/videos/asl/aslsearch/mp4/remote.mp4
remote access, https://media.signbsl.com/videos/asl/deaftec/mp4/1043.mp4
remote control, https://media.signbsl.com/videos/asl/aslsearch/mp4/remote.mp4
remoter, https://media.signbsl.com/videos/asl/youtube/mp4/zlkVy-bDOlE.mp4
remould, https://media.signbsl.com/videos/asl/youtube/mp4/T9FryEP0VJM.mp4
remount, https://media.signbsl.com/videos/asl/youtube/mp4/2vtnUS8tN74.mp4
removable, https://media.signbsl.com/videos/asl/youtube/mp4/7Tce3tb98r0.mp4
remove, https://media.signbsl.com/videos/asl/aslsignbank/mp4/REMOVE-238.mp4
removed, https://player.vimeo.com/external/391984889.sd.mp4?s=0246fb5bb4b3ccb784eed0c5ef32cb63ddd32944&profile_id=164
remunerate, https://media.signbsl.com/videos/asl/aslsearch/mp4/compensate.mp4
remuneration, https://media.signbsl.com/videos/asl/aslsearch/mp4/salary.mp4
remunerative, https://media.signbsl.com/videos/asl/youtube/mp4/VVEK3xrJ3Y8.mp4
Renaissance, https://player.vimeo.com/external/392437164.sd.mp4?s=5f1f0c54d8e46b00075581589f2565c1ce01d17e&profile_id=164
Renaissance man, https://media.signbsl.com/videos/asl/youtube/mp4/1KWvWJUIQjM.mp4
renal, https://media.signbsl.com/videos/asl/youtube/mp4/2WZs471j9h4.mp4
rename, https://media.signbsl.com/videos/asl/youtube/mp4/p933WBOlZWE.mp4
renascence, https://media.signbsl.com/videos/asl/youtube/mp4/35GOTNB6-yA.mp4
rend, https://media.signbsl.com/videos/asl/aslsignbank/mp4/RIP-978.mp4
render, https://media.signbsl.com/videos/asl/youtube/mp4/vaa5xpbDJ98.mp4
render aid, https://media.signbsl.com/videos/asl/youtube/mp4/ruKUEDdK1hI.mp4
rendering, https://media.signbsl.com/videos/asl/tsdvideo/mp4/512.mp4
rendezvous, https://player.vimeo.com/external/392437200.sd.mp4?s=396f23eb57af531ae8805d3b3128d957cfd140d9&profile_id=164
rendition, https://media.signbsl.com/videos/asl/valleybible/mp4/interpretation.mp4
Rene Descartes, https://media.signbsl.com/videos/asl/philosophy/mp4/Descartes-HD.mp4
renegade, https://media.signbsl.com/videos/asl/youtube/mp4/AIINMoIv-OA.mp4
renege, https://media.signbsl.com/videos/asl/youtube/mp4/mOMzoEI6G2A.mp4
renege on, https://media.signbsl.com/videos/asl/youtube/mp4/bw5kf4kVwCk.mp4
renegociate, https://media.signbsl.com/videos/asl/youtube/mp4/3YxA2nqy4UI.mp4
renegotiable, https://media.signbsl.com/videos/asl/youtube/mp4/-caOUz2rtaQ.mp4
renegotiate, https://media.signbsl.com/videos/asl/youtube/mp4/3YxA2nqy4UI.mp4
renegue on, https://media.signbsl.com/videos/asl/youtube/mp4/bw5kf4kVwCk.mp4
renew, https://media.signbsl.com/videos/asl/youtube/mp4/F9tGlDMXyko.mp4
recondition-make, https://media.signbsl.com/videos/asl/youtube/mp4/sG54-Qyti3M.mp4
renewable, https://media.signbsl.com/videos/asl/youtube/mp4/6I8uIp2CkrY.mp4
renewal, https://media.signbsl.com/videos/asl/aslsearch/mp4/rehabilitation.mp4
recondition make, https://media.signbsl.com/videos/asl/youtube/mp4/sG54-Qyti3M.mp4
rennet, https://media.signbsl.com/videos/asl/youtube/mp4/AmYzjTTI_go.mp4
rennin, https://media.signbsl.com/videos/asl/youtube/mp4/OM3XZEiYgek.mp4
renominate, https://media.signbsl.com/videos/asl/youtube/mp4/f6JmeQs9kjc.mp4
renormalise, https://media.signbsl.com/videos/asl/youtube/mp4/MOiAfGj_mD0.mp4
renormalize, https://media.signbsl.com/videos/asl/youtube/mp4/MOiAfGj_mD0.mp4
renounce, https://player.vimeo.com/external/391145460.sd.mp4?s=5b63477f8035c6b2c6af960fcb89de3164d76595&profile_id=164
renovate, https://media.signbsl.com/videos/asl/aslsearch/mp4/revive.mp4
renovating, https://media.signbsl.com/videos/asl/startasl/mp4/renovating.mp4
renovation, https://media.signbsl.com/videos/asl/signlanguagestudent/mp4/restoration.mp4
renown, https://media.signbsl.com/videos/asl/aslsignbank/mp4/FAMOUS-1380.mp4
renowned, https://media.signbsl.com/videos/asl/startasl/mp4/famous.mp4
rent, https://media.signbsl.com/videos/asl/aslsearch/mp4/rent.mp4
rente, https://media.signbsl.com/videos/asl/youtube/mp4/a6dPAcNq4vg.mp4
renter, https://media.signbsl.com/videos/asl/youtube/mp4/_7hqQCoV5Ak.mp4
rent out, https://media.signbsl.com/videos/asl/youtube/mp4/VUqML5I0LtI.mp4
rents, https://media.signbsl.com/videos/asl/aslsearch/mp4/rent.mp4
renumber, https://media.signbsl.com/videos/asl/youtube/mp4/rkd9MQmIwiI.mp4
renunciation, https://media.signbsl.com/videos/asl/ids/mp4/2013-11-340-apostasy-astray-1500k-ase.mp4
reoccupation, https://media.signbsl.com/videos/asl/youtube/mp4/v_U8oTb2dBA.mp4
reopen, https://media.signbsl.com/videos/asl/youtube/mp4/Yfnz23VS_-A.mp4
reorder, https://media.signbsl.com/videos/asl/youtube/mp4/JFN2wOkiaFY.mp4
reorganise, https://media.signbsl.com/videos/asl/tsdvideo/mp4/501.mp4
reorganize, https://media.signbsl.com/videos/asl/tsdvideo/mp4/501.mp4
reorient, https://media.signbsl.com/videos/asl/youtube/mp4/eGLB0jfpCTI.mp4
rep, https://media.signbsl.com/videos/asl/youtube/mp4/VxUB2d6tN6U.mp4
repack, https://media.signbsl.com/videos/asl/youtube/mp4/DDI_xcs6v0M.mp4
repackage, https://media.signbsl.com/videos/asl/youtube/mp4/hXU6Ebi3fa0.mp4
repaid, https://media.signbsl.com/videos/asl/youtube/mp4/SlCPCrMyDPA.mp4
repaint, https://media.signbsl.com/videos/asl/youtube/mp4/g0l6_CIG7RY.mp4
repair, https://media.signbsl.com/videos/asl/aslsearch/mp4/revive.mp4
repairable, https://media.signbsl.com/videos/asl/youtube/mp4/rmTl5Nozt8A.mp4
repair shed, https://media.signbsl.com/videos/asl/youtube/mp4/5Qa0JVWYfmw.mp4
reparable, https://media.signbsl.com/videos/asl/youtube/mp4/J_VwdxEQp0A.mp4
reparation, https://media.signbsl.com/videos/asl/startasl/mp4/fixing.mp4
repast, https://media.signbsl.com/videos/asl/mariekatzenbachschool/mp4/meal.mp4
repatriate, https://media.signbsl.com/videos/asl/youtube/mp4/cJocJxpEn74.mp4
repave, https://media.signbsl.com/videos/asl/youtube/mp4/9wEq2bXJwSE.mp4
repay, https://media.signbsl.com/videos/asl/signlanguagestudent/mp4/give-back.mp4
repayment, https://player.vimeo.com/external/392430022.sd.mp4?s=77141366c7feeece4068d4b70ce992f3292c2c1a&profile_id=164
repeal, https://media.signbsl.com/videos/asl/aslsearch/mp4/annul.mp4
repeat, https://player.vimeo.com/external/392430406.sd.mp4?s=827ab6aeda6dca17df32cd4cb8c2da4ae18a5c06&profile_id=164
repeatable, https://media.signbsl.com/videos/asl/youtube/mp4/HUw1lRBXE8M.mp4
repeater, https://media.signbsl.com/videos/asl/youtube/mp4/saY0cDNtO9s.mp4
repeating decimal, https://media.signbsl.com/videos/asl/tsdvideo/mp4/573.mp4
repel, https://player.vimeo.com/external/392438263.sd.mp4?s=d3d496c5e8d33f064bce52fdc0aefcdef8280bdb&profile_id=164
repellant, https://player.vimeo.com/external/392438285.sd.mp4?s=7788e41045bbb664e3772d01efbb2665c9ac374c&profile_id=164
repelled, https://media.signbsl.com/videos/asl/aslsearch/mp4/repelled.mp4
repellent, https://player.vimeo.com/external/392438285.sd.mp4?s=7788e41045bbb664e3772d01efbb2665c9ac374c&profile_id=164
repelling, https://player.vimeo.com/external/392438285.sd.mp4?s=7788e41045bbb664e3772d01efbb2665c9ac374c&profile_id=164
repent, https://media.signbsl.com/videos/asl/signlanguagestudent/mp4/repent%20(alternate).mp4
repentance, https://media.signbsl.com/videos/asl/handsofgrace/mp4/tDkcwEOcj0k.mp4
repercussion, https://media.signbsl.com/videos/asl/youtube/mp4/talSqZvQ0nU.mp4
repertoire, https://media.signbsl.com/videos/asl/youtube/mp4/zuTARk4B7aE.mp4
repertories, https://media.signbsl.com/videos/asl/youtube/mp4/ice7OfiUNsU.mp4
repertory, https://media.signbsl.com/videos/asl/youtube/mp4/ice7OfiUNsU.mp4
repetition, https://media.signbsl.com/videos/asl/elementalaslconcepts/mp4/repetition.mp4
repetitive, https://player.vimeo.com/external/392438305.sd.mp4?s=69d4b001cff29edb6442321a3d86e0f89c9bd4df&profile_id=164
rephotograph, https://media.signbsl.com/videos/asl/youtube/mp4/ZA1dr0D1Wb0.mp4
rephrase, https://media.signbsl.com/videos/asl/youtube/mp4/VW0ivnZ2uuo.mp4
replace, https://media.signbsl.com/videos/asl/startasl/mp4/replace.mp4
replaceable, https://media.signbsl.com/videos/asl/youtube/mp4/_4Hchz5yRCM.mp4
replacement, https://media.signbsl.com/videos/asl/tsdvideo/mp4/568.mp4
replant, https://media.signbsl.com/videos/asl/youtube/mp4/wALWiTe9Lsg.mp4
replay, https://media.signbsl.com/videos/asl/youtube/mp4/epDj26L9wTs.mp4
replenish, https://media.signbsl.com/videos/asl/ids/mp4/2013-11-4100-replenish-1500k-ase.mp4
replete, https://media.signbsl.com/videos/asl/youtube/mp4/C6KOXQ7v0-w.mp4
replica, https://media.signbsl.com/videos/asl/youtube/mp4/bFvOUKueKxg.mp4
replicate, https://media.signbsl.com/videos/asl/youtube/mp4/SQTHyzrVSf4.mp4
replication, https://media.signbsl.com/videos/asl/youtube/mp4/qtEV2KGOC3A.mp4
replied, https://media.signbsl.com/videos/asl/youtube/mp4/e5jchNYQKks.mp4
reply, https://media.signbsl.com/videos/asl/aslsignbank/mp4/ANSWER-2228.mp4
repopulate, https://media.signbsl.com/videos/asl/youtube/mp4/ScGVnofcBrA.mp4
report, https://media.signbsl.com/videos/asl/signlanguagestudent/mp4/report.mp4
reporter, https://media.signbsl.com/videos/asl/aslsearch/mp4/reporter.mp4
repose, https://player.vimeo.com/external/392438708.sd.mp4?s=b3bdb9269b02dac9dfaa804393f01931db65d5eb&profile_id=164
reposeful, https://media.signbsl.com/videos/asl/youtube/mp4/hBd1N-Zvp1s.mp4
repose on, https://media.signbsl.com/videos/asl/youtube/mp4/0Mp-MIEjFH8.mp4
reposit, https://media.signbsl.com/videos/asl/youtube/mp4/WKg0qJFIpw0.mp4
repositories, https://media.signbsl.com/videos/asl/youtube/mp4/DNY7ecoP110.mp4
repository, https://media.signbsl.com/videos/asl/youtube/mp4/DNY7ecoP110.mp4
repossess, https://media.signbsl.com/videos/asl/youtube/mp4/mI4zq426_I8.mp4
repp, https://media.signbsl.com/videos/asl/youtube/mp4/VxUB2d6tN6U.mp4
reprehensibility, https://media.signbsl.com/videos/asl/youtube/mp4/aeJTIJjiyyg.mp4
represent, https://media.signbsl.com/videos/asl/youtube/mp4/CN6SRlNnGlc.mp4
representation, https://media.signbsl.com/videos/asl/youtube/mp4/a36adHaRnGY.mp4
representative, https://media.signbsl.com/videos/asl/aslsignbank/mp4/EXAMPLE-2305.mp4
repress, https://media.signbsl.com/videos/asl/youtube/mp4/osSQH-adP-c.mp4
reprice, https://media.signbsl.com/videos/asl/youtube/mp4/Yg3fcbByZAU.mp4
reprieve, https://media.signbsl.com/videos/asl/youtube/mp4/E8Oj1fzSdAU.mp4
reprimand, https://media.signbsl.com/videos/asl/startasl/mp4/yell.mp4
reprint, https://player.vimeo.com/external/392439115.sd.mp4?s=29da5dbf7ee4e0b5c1a16a1eeb2f4dcae2541bc0&profile_id=164
reprinting, https://player.vimeo.com/external/392439115.sd.mp4?s=29da5dbf7ee4e0b5c1a16a1eeb2f4dcae2541bc0&profile_id=164
repro, https://media.signbsl.com/videos/asl/youtube/mp4/AkAXH9a154c.mp4
reproach, https://media.signbsl.com/videos/asl/youtube/mp4/yvJc9dEdxjk.mp4
reproachable, https://media.signbsl.com/videos/asl/youtube/mp4/bz2-I1A-b8Y.mp4
reproachful, https://media.signbsl.com/videos/asl/youtube/mp4/CtdEXJ6Dd4s.mp4
reprobate, https://media.signbsl.com/videos/asl/signlanguagestudent/mp4/condemn.mp4
reprocess, https://media.signbsl.com/videos/asl/aslsearch/mp4/recycle.mp4
reproduce, https://media.signbsl.com/videos/asl/elementalaslconcepts/mp4/reproduce.mp4
reproducer, https://media.signbsl.com/videos/asl/youtube/mp4/5dBfR_La_cE.mp4
reproducible, https://media.signbsl.com/videos/asl/youtube/mp4/HCDMah6meuM.mp4
reproduction, https://media.signbsl.com/videos/asl/youtube/mp4/uJ8zC_H5TPM.mp4
reproachful, https://media.signbsl.com/videos/asl/youtube/mp4/CtdEXJ6Dd4s.mp4
reprobate, https://media.signbsl.com/videos/asl/signlanguagestudent/mp4/condemn.mp4
reprocess, https://media.signbsl.com/videos/asl/aslsearch/mp4/recycle.mp4
reproduce, https://media.signbsl.com/videos/asl/elementalaslconcepts/mp4/reproduce.mp4
reproducer, https://media.signbsl.com/videos/asl/youtube/mp4/5dBfR_La_cE.mp4
reproducible, https://media.signbsl.com/videos/asl/youtube/mp4/HCDMah6meuM.mp4
reproduction, https://media.signbsl.com/videos/asl/youtube/mp4/uJ8zC_H5TPM.mp4
reproductive, https://media.signbsl.com/videos/asl/youtube/mp4/wdXifBW1RG4.mp4
reprogram, https://media.signbsl.com/videos/asl/youtube/mp4/fRTen8ANdM0.mp4
reproof, https://media.signbsl.com/videos/asl/startasl/mp4/yell.mp4
reproving, https://media.signbsl.com/videos/asl/youtube/mp4/CtdEXJ6Dd4s.mp4
reptile, https://media.signbsl.com/videos/asl/elementalaslconcepts/mp4/reptile.mp4
reptilian, https://media.signbsl.com/videos/asl/elementalaslconcepts/mp4/reptile.mp4
republic, https://media.signbsl.com/videos/asl/aslsearch/mp4/republic.mp4
Republican, https://media.signbsl.com/videos/asl/aslsearch/mp4/republican.mp4
Republican Party, https://player.vimeo.com/external/392439201.sd.mp4?s=4e6c20e8612335a92d4e63897b2438d3d4b56036&profile_id=164
Republic of Albania, https://media.signbsl.com/videos/asl/youtube/mp4/MM6OH8aCCBw.mp4
Republic of Angola, https://media.signbsl.com/videos/asl/youtube/mp4/NEFZiLliYTs.mp4
Republic of Armenia, https://media.signbsl.com/videos/asl/youtube/mp4/xYxy91pnkxI.mp4
Republic of Austria, https://media.signbsl.com/videos/asl/startasl/mp4/austria.mp4
Republic of Belarus, https://media.signbsl.com/videos/asl/youtube/mp4/BCWbjSfOhTM.mp4
Republic of Benin, https://media.signbsl.com/videos/asl/youtube/mp4/qOMq1sL-pyA.mp4
Republic of Botswana, https://media.signbsl.com/videos/asl/youtube/mp4/fGSL1uEfluc.mp4
Republic of Bulgaria, https://media.signbsl.com/videos/asl/youtube/mp4/N4oLJJwHceA.mp4
Republic of Burundi, https://media.signbsl.com/videos/asl/youtube/mp4/vunQAnSq-xI.mp4
Republic of Cameroon, https://media.signbsl.com/videos/asl/youtube/mp4/gU8eDGE3IVk.mp4
Republic of Cape Verde, https://media.signbsl.com/videos/asl/youtube/mp4/JM6264_wtcA.mp4
Republic of Chile, https://media.signbsl.com/videos/asl/youtube/mp4/r0x6_t4n-s8.mp4
Republic of China, https://media.signbsl.com/videos/asl/youtube/mp4/z451fmAJr4g.mp4
Republic of Colombia, https://media.signbsl.com/videos/asl/youtube/mp4/gLXfAV0gsIY.mp4
republic of congo, https://media.signbsl.com/videos/asl/youtube/mp4/b6U1CIWIPIw.mp4
Republic of Costa Rica, https://media.signbsl.com/videos/asl/youtube/mp4/baeOH3uZ8P4.mp4
Republic of Cote dIvoire, https://media.signbsl.com/videos/asl/youtube/mp4/ncJsutGC_xQ.mp4
Republic of Croatia, https://media.signbsl.com/videos/asl/youtube/mp4/UrFxhVpg-I0.mp4
Republic of Cuba, https://media.signbsl.com/videos/asl/youtube/mp4/caqvrVq77P0.mp4
Republic of Cyprus, https://media.signbsl.com/videos/asl/youtube/mp4/OozqQwvHwRM.mp4
Republic of Djibouti, https://media.signbsl.com/videos/asl/youtube/mp4/VT261GvFMh0.mp4
Republic of Ecuador, https://media.signbsl.com/videos/asl/aslsignbank/mp4/ECUADOR-3201.mp4
Republic of El Salvador, https://media.signbsl.com/videos/asl/youtube/mp4/2tczjT4EU8E.mp4
Republic of Equitorial Guinea, https://media.signbsl.com/videos/asl/youtube/mp4/LQTytgwLUkI.mp4
Republic of Estonia, https://media.signbsl.com/videos/asl/youtube/mp4/sG_OIvVOWE4.mp4
Republic of Fiji, https://media.signbsl.com/videos/asl/aslsignbank/mp4/FIJI-3224.mp4
Republic of Finland, https://media.signbsl.com/videos/asl/startasl/mp4/finland.mp4
Republic of Ghana, https://media.signbsl.com/videos/asl/aslsignbank/mp4/GHANA-3275.mp4
Republic of Guatemala, https://media.signbsl.com/videos/asl/aslsignbank/mp4/GUATEMALA-3277.mp4
Republic of Honduras, https://media.signbsl.com/videos/asl/youtube/mp4/wl9OqHtFDhM.mp4
Republic of Hungary, https://media.signbsl.com/videos/asl/aslsignbank/mp4/HUNGARY-3323.mp4
Republic of India, https://media.signbsl.com/videos/asl/startasl/mp4/india.mp4
Republic of Indonesia, https://media.signbsl.com/videos/asl/aslsignbank/mp4/INDONESIA-3324.mp4
Republic of Iraq, https://media.signbsl.com/videos/asl/startasl/mp4/iraq.mp4
Republic of Kazakhstan, https://media.signbsl.com/videos/asl/youtube/mp4/aHbjdS-SqLs.mp4
Republic of Kenya, https://media.signbsl.com/videos/asl/aslsignbank/mp4/KENYA-3384.mp4
Republic of Korea, https://media.signbsl.com/videos/asl/mariekatzenbachschool/mp4/South%20Korea.mp4
Republic of Latvia, https://media.signbsl.com/videos/asl/aslsignbank/mp4/LATVIA-3423.mp4
Republic of Liberia, https://media.signbsl.com/videos/asl/youtube/mp4/Msb8Aklzdpk.mp4
Republic of Lithuania, https://media.signbsl.com/videos/asl/aslsignbank/mp4/LITHUANIA-3389.mp4
Republic of Malawi, https://media.signbsl.com/videos/asl/youtube/mp4/hOaQaLOYI1M.mp4
Republic of Mali, https://media.signbsl.com/videos/asl/youtube/mp4/5ZmI5ESgGTY.mp4
Republic of Moldova, https://media.signbsl.com/videos/asl/youtube/mp4/bzgFH0vsSYg.mp4
Republic of Mozambique, https://media.signbsl.com/videos/asl/youtube/mp4/r76L_KcKSf0.mp4
Republic of Namibia, https://player.vimeo.com/external/392379896.sd.mp4?s=440db10aadde3adfb045d61f3a31955d17ccd6c2&profile_id=164
Republic of Nicaragua, https://media.signbsl.com/videos/asl/youtube/mp4/VnvBO1w365A.mp4
Republic of Niger, https://media.signbsl.com/videos/asl/youtube/mp4/YKwNZxggPKo.mp4
Republic of Panama, https://media.signbsl.com/videos/asl/youtube/mp4/-WhIGmFwu7M.mp4
Republic of Paraguay, https://media.signbsl.com/videos/asl/youtube/mp4/r9b5mI5b-pU.mp4
Republic of Peru, https://media.signbsl.com/videos/asl/youtube/mp4/UR9-mt1k4qY.mp4
Republic of Poland, https://media.signbsl.com/videos/asl/youtube/mp4/yBRtkC3-7-E.mp4
Republic of San Marino, https://media.signbsl.com/videos/asl/youtube/mp4/c3HkhbZRHLA.mp4
Republic of Senegal, https://media.signbsl.com/videos/asl/youtube/mp4/muavJN99QsM.mp4
Republic of Sierra Leone, https://media.signbsl.com/videos/asl/youtube/mp4/x_I2lM_U5ik.mp4
Republic of Slovenia, https://media.signbsl.com/videos/asl/youtube/mp4/5GCd-mB8FFI.mp4
Republic of South Africa, https://media.signbsl.com/videos/asl/youtube/mp4/bEWvNaYICS0.mp4
Republic of Tajikistan, https://media.signbsl.com/videos/asl/youtube/mp4/S9MUVbmkJrk.mp4
Republic of the Congo, https://media.signbsl.com/videos/asl/youtube/mp4/HqyA_OYPnJk.mp4
Republic of The Gambia, https://media.signbsl.com/videos/asl/youtube/mp4/uv_AfS7J8Eo.mp4
Republic of Trinidad and Tobago, https://media.signbsl.com/videos/asl/youtube/mp4/BkU15BM6Z5w.mp4
Republic of Tunisia, https://media.signbsl.com/videos/asl/youtube/mp4/JcrmNp4zMF0.mp4
Republic of Turkey, https://media.signbsl.com/videos/asl/youtube/mp4/boOSN-siBYg.mp4
Republic of Uganda, https://media.signbsl.com/videos/asl/youtube/mp4/597DOVYiN6g.mp4
Republic of Uzbekistan, https://media.signbsl.com/videos/asl/youtube/mp4/QUkOBcRyk9w.mp4
Republic of Venezuela, https://media.signbsl.com/videos/asl/youtube/mp4/Al_lmVdRfyA.mp4
Republic of Yemen, https://media.signbsl.com/videos/asl/youtube/mp4/bE9QBPaUqJo.mp4
Republic of Zambia, https://media.signbsl.com/videos/asl/youtube/mp4/EZF7W9GOu84.mp4
Republic of Zimbabwe, https://media.signbsl.com/videos/asl/youtube/mp4/WbwQBz06_Dk.mp4
repudiate, https://player.vimeo.com/external/392439286.sd.mp4?s=11a6380897691faa60c65bfd390041621af8cf3d&profile_id=164
repugnance, https://media.signbsl.com/videos/asl/youtube/mp4/0YJQQ_D-sAU.mp4
repugnant, https://player.vimeo.com/external/391145557.sd.mp4?s=eb50b886119c7534a3fb5ecaceabb8084956620b&profile_id=164
repulse, https://player.vimeo.com/external/392438263.sd.mp4?s=d3d496c5e8d33f064bce52fdc0aefcdef8280bdb&profile_id=164
repulsed, https://media.signbsl.com/videos/asl/youtube/mp4/oPk51j1g3NI.mp4
repulsion, https://media.signbsl.com/videos/asl/youtube/mp4/0YJQQ_D-sAU.mp4
repulsive, https://player.vimeo.com/external/391145557.sd.mp4?s=eb50b886119c7534a3fb5ecaceabb8084956620b&profile_id=164
repurchase, https://media.signbsl.com/videos/asl/youtube/mp4/09fmu1lqUbM.mp4
reputability, https://media.signbsl.com/videos/asl/youtube/mp4/QdQ-Lgkbxjo.mp4
reputation, https://media.signbsl.com/videos/asl/aslsearch/mp4/reputation.mp4
repute, https://media.signbsl.com/videos/asl/aslsearch/mp4/reputation.mp4
request, https://media.signbsl.com/videos/asl/aslsearch/mp4/inquire3.mp4
requiem, https://media.signbsl.com/videos/asl/youtube/mp4/8uaLo_Kwv3Q.mp4
require, https://media.signbsl.com/videos/asl/startasl/mp4/need.mp4
required, https://player.vimeo.com/external/392283412.sd.mp4?s=b20aa84627928b9b6a51ffb0321c8b6105055794&profile_id=164
requirement, https://media.signbsl.com/videos/asl/aslsearch/mp4/demand.mp4
requisite, https://media.signbsl.com/videos/asl/aslsearch/mp4/demand.mp4
requisition, https://media.signbsl.com/videos/asl/youtube/mp4/A6RBfxlU0iQ.mp4
reran, https://media.signbsl.com/videos/asl/youtube/mp4/1h0NoSVYaGA.mp4
reread, https://media.signbsl.com/videos/asl/youtube/mp4/5anAj77AF7Q.mp4
rerecord, https://media.signbsl.com/videos/asl/youtube/mp4/lCDlKI9RSVU.mp4
reroute, https://media.signbsl.com/videos/asl/youtube/mp4/aMDEIEgXGCs.mp4
rerun, https://media.signbsl.com/videos/asl/youtube/mp4/Qz5-G8FJtY4.mp4
resalable, https://media.signbsl.com/videos/asl/youtube/mp4/s5QOApZn4mc.mp4
resale, https://media.signbsl.com/videos/asl/youtube/mp4/XRXTXLWXXrA.mp4
reschedule, https://player.vimeo.com/external/392439713.sd.mp4?s=39ad4f08c18c4c48586151c056c987a31eb087a0&profile_id=164
rescind, https://media.signbsl.com/videos/asl/aslsearch/mp4/annul.mp4
rescript, https://media.signbsl.com/videos/asl/unoclimb/mp4/FrJNHZcW7ns.mp4
rescue, https://media.signbsl.com/videos/asl/aslsignbank/mp4/SAFE-562.mp4
rescuer, https://media.signbsl.com/videos/asl/youtube/mp4/p9kbwloLOYQ.mp4
resealable, https://media.signbsl.com/videos/asl/youtube/mp4/69exVDvnFOI.mp4
research, https://media.signbsl.com/videos/asl/aslsignbank/mp4/EXPLORE-816.mp4
researcher, https://player.vimeo.com/external/392869481.sd.mp4?s=bd194dc7e0770ffc9842727dfb7a155c97153110&profile_id=164
researching, https://media.signbsl.com/videos/asl/signlanguagestudent/mp4/researching.mp4
research lab, https://media.signbsl.com/videos/asl/aslsearch/mp4/laboratory.mp4
research laboratory, https://media.signbsl.com/videos/asl/aslsearch/mp4/laboratory.mp4
research paper, https://player.vimeo.com/external/392439933.sd.mp4?s=7b33509c25991bcb770465a889bdb3031562bd61&profile_id=164
research worker, https://player.vimeo.com/external/392869481.sd.mp4?s=bd194dc7e0770ffc9842727dfb7a155c97153110&profile_id=164
reseat, https://media.signbsl.com/videos/asl/youtube/mp4/Y52g-buoZII.mp4
resection, https://media.signbsl.com/videos/asl/youtube/mp4/w7IgRbKJumw.mp4
reseed, https://media.signbsl.com/videos/asl/youtube/mp4/prEinJSo6lQ.mp4
resell, https://media.signbsl.com/videos/asl/youtube/mp4/WcdOnyC5IO4.mp4
resemblance, https://player.vimeo.com/external/392440069.sd.mp4?s=2fa97f8ee651f641bd552de06e76a8e37f013b6b&profile_id=164
resend, https://media.signbsl.com/videos/asl/youtube/mp4/lZ24c3sQgpQ.mp4
resent, https://media.signbsl.com/videos/asl/youtube/mp4/A3LLGy3MuRY.mp4
resentful, https://player.vimeo.com/external/392440106.sd.mp4?s=2cd8db3dd590529d160f0f37a46cb592bb52fa75&profile_id=164
reservation, https://media.signbsl.com/videos/asl/aslsignbank/mp4/APPOINTMENT-2074.mp4
reserve, https://media.signbsl.com/videos/asl/startasl/mp4/appointment.mp4
reserved, https://player.vimeo.com/external/392440203.sd.mp4?s=c64379e5a63b36851d13a7f5aa10e766aaec55dd&profile_id=164
reserves, https://media.signbsl.com/videos/asl/elementalaslconcepts/mp4/militia.mp4
reservist, https://media.signbsl.com/videos/asl/youtube/mp4/are8u_40CbU.mp4
reservoir, https://media.signbsl.com/videos/asl/youtube/mp4/4nc6RDiRfv4.mp4
reset, https://player.vimeo.com/external/392440325.sd.mp4?s=4483e2b511b69f4f46e13e9222e0122701c90768&profile_id=164
resettle, https://media.signbsl.com/videos/asl/youtube/mp4/zuUgXO27OaY.mp4
resew, https://media.signbsl.com/videos/asl/youtube/mp4/yi4fXr0K3vE.mp4
resharpen, https://media.signbsl.com/videos/asl/youtube/mp4/9qKiPkpT8ww.mp4
reshuffle, https://media.signbsl.com/videos/asl/youtube/mp4/7TTsHQEs2tc.mp4
reside, https://media.signbsl.com/videos/asl/aslsearch/mp4/live.mp4
residence, https://media.signbsl.com/videos/asl/aslsignbank/mp4/HALL-3360.mp4
residence hall, https://media.signbsl.com/videos/asl/startasl/mp4/dorm.mp4
residencies, https://media.signbsl.com/videos/asl/youtube/mp4/R4-TK9TBy7c.mp4
residency, https://media.signbsl.com/videos/asl/youtube/mp4/R4-TK9TBy7c.mp4
resident, https://media.signbsl.com/videos/asl/youtube/mp4/7LfXmAmMRT4.mp4
residential, https://media.signbsl.com/videos/asl/youtube/mp4/FotEAYqU5jY.mp4
residential school, https://player.vimeo.com/external/392440491.sd.mp4?s=1d1b0fd60aacb8fb2b2324e652c4d7d55dda8316&profile_id=164
residual, https://media.signbsl.com/videos/asl/tsdvideo/mp4/265.mp4
residue, https://media.signbsl.com/videos/asl/tsdvideo/mp4/265.mp4
residuum, https://media.signbsl.com/videos/asl/tsdvideo/mp4/265.mp4
resign, https://media.signbsl.com/videos/asl/aslsearch/mp4/quit.mp4
resigned to, https://media.signbsl.com/videos/asl/youtube/mp4/l6-l94LuSGo.mp4
resile, https://media.signbsl.com/videos/asl/aslsearch/mp4/spring.mp4
resilience, https://media.signbsl.com/videos/asl/youtube/mp4/pRRuLfLn-8c.mp4
resiliency, https://media.signbsl.com/videos/asl/youtube/mp4/pRRuLfLn-8c.mp4
resilient, https://player.vimeo.com/external/392440535.sd.mp4?s=a60536043977e743374b0e6d0e1163d7b67f7188&profile_id=164
resist, https://media.signbsl.com/videos/asl/signlanguagestudent/mp4/resist.mp4
resistance, https://media.signbsl.com/videos/asl/elementalaslconcepts/mp4/resistance.mp4
resistant, https://media.signbsl.com/videos/asl/aslsearch/mp4/immune.mp4
resister, https://media.signbsl.com/videos/asl/signlanguagestudent/mp4/adversary.mp4
resistible, https://media.signbsl.com/videos/asl/youtube/mp4/o3Ytvg3mZfQ.mp4
resisting arrest, https://media.signbsl.com/videos/asl/unoclimb/mp4/WaaF4MAVCMs.mp4
resistive, https://media.signbsl.com/videos/asl/youtube/mp4/QLsYcs-sTto.mp4
resistivity, https://media.signbsl.com/videos/asl/youtube/mp4/u5K9NBqfGLQ.mp4
resistless, https://media.signbsl.com/videos/asl/youtube/mp4/y3_VZE8nI44.mp4
resistor, https://media.signbsl.com/videos/asl/AustinCommunityCollege/mp4/elec_resistor_.mp4
resize, https://media.signbsl.com/videos/asl/youtube/mp4/3CKzZ5gFuYY.mp4
resole, https://media.signbsl.com/videos/asl/youtube/mp4/n1emiAm7QUw.mp4
resolute, https://media.signbsl.com/videos/asl/youtube/mp4/DDuzaaOBzw0.mp4
resoluteness, https://media.signbsl.com/videos/asl/youtube/mp4/4AjYCQeO2T8.mp4
resolution, https://media.signbsl.com/videos/asl/youtube/mp4/OWwVIUxltrk.mp4
resolution law, https://media.signbsl.com/videos/asl/youtube/mp4/OWwVIUxltrk.mp4
resolvable, https://media.signbsl.com/videos/asl/youtube/mp4/dE-D3ssqiaM.mp4
resolve, https://media.signbsl.com/videos/asl/aslsignbank/mp4/DISSOLVE-1262.mp4
resolve a situation, https://media.signbsl.com/videos/asl/youtube/mp4/_smWLbuPkCg.mp4
resolved, https://media.signbsl.com/videos/asl/unoclimb/mp4/-FdsgFUdJ2o.mp4
resolvent, https://media.signbsl.com/videos/asl/youtube/mp4/RU8T5Kfg1zM.mp4
resonance, https://media.signbsl.com/videos/asl/youtube/mp4/cnPyfdWMitQ.mp4
resonate, https://player.vimeo.com/external/392440583.sd.mp4?s=df7f6ea3b3bfd1b4da1ab894c58e2cb180bab0c0&profile_id=164
resonating chamber, https://media.signbsl.com/videos/asl/youtube/mp4/K4DZf66ThHI.mp4
resonator, https://media.signbsl.com/videos/asl/youtube/mp4/K4DZf66ThHI.mp4
resorb, https://media.signbsl.com/videos/asl/youtube/mp4/OilNx5PWVyo.mp4
resort, https://media.signbsl.com/videos/asl/youtube/mp4/eFWPncnrhio.mp4
resort area, https://media.signbsl.com/videos/asl/startasl/mp4/playground.mp4
resort hotel, https://media.signbsl.com/videos/asl/youtube/mp4/eFWPncnrhio.mp4
resort to, https://media.signbsl.com/videos/asl/youtube/mp4/D92sFbRSMGk.mp4
resource, https://media.signbsl.com/videos/asl/aslsearch/mp4/resource.mp4
resourceful, https://media.signbsl.com/videos/asl/youtube/mp4/5sb13NscL9Y.mp4
respect, https://media.signbsl.com/videos/asl/signlanguagestudent/mp4/respect.mp4
respectability, https://media.signbsl.com/videos/asl/youtube/mp4/QdQ-Lgkbxjo.mp4
respectable, https://media.signbsl.com/videos/asl/youtube/mp4/rMhB78Lo03Y.mp4
respective, NA
respect me, https://media.signbsl.com/videos/asl/youtube/mp4/OTsRPpBQraE.mp4
respell, https://media.signbsl.com/videos/asl/youtube/mp4/5hQrF0gY3R8.mp4
respiration, https://player.vimeo.com/external/392648663.sd.mp4?s=42ea7c8654c8c7c6c85f1137c2598808d1c1663a&profile_id=164
respirator, https://player.vimeo.com/external/392440659.sd.mp4?s=37ce5ee8f5f8f634fe533ccbf2dbc533ae8688d4&profile_id=164
respire, https://media.signbsl.com/videos/asl/youtube/mp4/ooT-sILdUi0.mp4
respite, https://media.signbsl.com/videos/asl/aslsignbank/mp4/BREAKTIME-421.mp4
resplendence, https://media.signbsl.com/videos/asl/youtube/mp4/d-SZeQDTW_8.mp4
resplendency, https://media.signbsl.com/videos/asl/youtube/mp4/d-SZeQDTW_8.mp4
respond, https://media.signbsl.com/videos/asl/aslsignbank/mp4/ANSWER-2228.mp4
respondent, https://media.signbsl.com/videos/asl/unoclimb/mp4/5jB1JuTkt5A.mp4
responder, https://media.signbsl.com/videos/asl/unoclimb/mp4/5jB1JuTkt5A.mp4
responsibility, https://media.signbsl.com/videos/asl/aslsearch/mp4/duty.mp4
responsible, https://media.signbsl.com/videos/asl/signlanguagestudent/mp4/responsible.mp4
responsible r, https://media.signbsl.com/videos/asl/signlanguagestudent/mp4/responsible-r.mp4
responsive, https://player.vimeo.com/external/391161753.sd.mp4?s=9dcdde242c095140ade8fa731d314191469a0cee&profile_id=164
respray, https://media.signbsl.com/videos/asl/youtube/mp4/vDf8WhCe-1E.mp4
res publica, https://media.signbsl.com/videos/asl/aslsearch/mp4/nation.mp4
rest, https://media.signbsl.com/videos/asl/tsdvideo/mp4/265.mp4
restaff, https://media.signbsl.com/videos/asl/youtube/mp4/rwnZWHeaDlU.mp4
restart, https://media.signbsl.com/videos/asl/aslsearch/mp4/resume.mp4
restate, https://player.vimeo.com/external/392430406.sd.mp4?s=827ab6aeda6dca17df32cd4cb8c2da4ae18a5c06&profile_id=164
restaurant, https://media.signbsl.com/videos/asl/startasl/mp4/restaurant.mp4
restauranteur, https://media.signbsl.com/videos/asl/youtube/mp4/Fk8GAD0-GMc.mp4
rest feet, https://media.signbsl.com/videos/asl/youtube/mp4/1Ua4n7CMVyU.mp4
restful, https://media.signbsl.com/videos/asl/youtube/mp4/hBd1N-Zvp1s.mp4
restitution, https://media.signbsl.com/videos/asl/unoclimb/mp4/-96e-9Zw4aQ.mp4
restive, https://media.signbsl.com/videos/asl/youtube/mp4/tAz2v9Oqpg4.mp4
rest legs, https://media.signbsl.com/videos/asl/youtube/mp4/UptKON9Mk3Q.mp4
restless, https://media.signbsl.com/videos/asl/startasl/mp4/itchy.mp4
restless legs, https://media.signbsl.com/videos/asl/youtube/mp4/mCS-HVAWJfE.mp4
restless legs syndrome, https://media.signbsl.com/videos/asl/youtube/mp4/mCS-HVAWJfE.mp4
restlessness, https://media.signbsl.com/videos/asl/youtube/mp4/plAoNUMKPOw.mp4
restock, https://media.signbsl.com/videos/asl/youtube/mp4/QnQJHiIWsa8.mp4
Rest Of, https://player.vimeo.com/external/392440735.sd.mp4?s=25b5e192876255bd0e6321b8d2e4b4d0a38a7017&profile_id=164
rest of the time, https://media.signbsl.com/videos/asl/aslsearch/mp4/rest.mp4
rest on, https://media.signbsl.com/videos/asl/youtube/mp4/0Mp-MIEjFH8.mp4
restoration, https://media.signbsl.com/videos/asl/unoclimb/mp4/0OD-QqMRT9Y.mp4
restore, https://player.vimeo.com/external/392440776.sd.mp4?s=4632b13444a2714b1571c172a6879155dedb87fa&profile_id=164
Restore Restoration, https://media.signbsl.com/videos/asl/ids/mp4/2013-11-4125-restore-restoration-1500k-ase.mp4
rest r, https://media.signbsl.com/videos/asl/signlanguagestudent/mp4/rest-r.mp4
restrain, https://player.vimeo.com/external/392183652.sd.mp4?s=db88acb15903faff8fccf85d2bcb23c1fa01436b&profile_id=164
restrain oneself, https://media.signbsl.com/videos/asl/youtube/mp4/_bg3auknYyI.mp4
restraint, https://media.signbsl.com/videos/asl/unoclimb/mp4/YWJoMyuRV1I.mp4
restrict, https://player.vimeo.com/external/392440854.sd.mp4?s=b951dba186b3aea256a73cb95e5c287ecde9e8f8&profile_id=164
restroom, https://media.signbsl.com/videos/asl/aslsearch/mp4/restroom.mp4
restructure, https://media.signbsl.com/videos/asl/youtube/mp4/gN2Mr7-6FpI.mp4
restudied, https://media.signbsl.com/videos/asl/youtube/mp4/V8mFmvhumZ8.mp4
restyle, https://media.signbsl.com/videos/asl/youtube/mp4/QdesPvkILOk.mp4
resubmission, https://media.signbsl.com/videos/asl/youtube/mp4/uv4CF9S-shU.mp4
resubscribe, https://media.signbsl.com/videos/asl/youtube/mp4/QQX6Y4MXnCY.mp4
result, https://media.signbsl.com/videos/asl/aslsignbank/mp4/RESULT-970.mp4
resultant, https://media.signbsl.com/videos/asl/youtube/mp4/_gZO3THLO4w.mp4
resulting, https://media.signbsl.com/videos/asl/youtube/mp4/_gZO3THLO4w.mp4
results, https://media.signbsl.com/videos/asl/aslsignbank/mp4/RESULT-970.mp4
resume, https://media.signbsl.com/videos/asl/aslsearch/mp4/resume.mp4
resupplied, https://media.signbsl.com/videos/asl/youtube/mp4/rcfxhlExz3c.mp4
resurface, https://media.signbsl.com/videos/asl/youtube/mp4/QmqrLSOD-2c.mp4
resurge, https://media.signbsl.com/videos/asl/youtube/mp4/KO0ol5JoUTo.mp4
resurrect, https://media.signbsl.com/videos/asl/youtube/mp4/x60Q7nubso0.mp4
resurrection, https://media.signbsl.com/videos/asl/signlanguagestudent/mp4/resurrection.mp4
Resurrection of Christ, https://media.signbsl.com/videos/asl/ids/mp4/2013-11-4130-resurrection-1500k-ase.mp4
resurvey, https://media.signbsl.com/videos/asl/youtube/mp4/uJfUfR0N6vY.mp4
resuscitate, https://media.signbsl.com/videos/asl/youtube/mp4/GXjg9ATrv-I.mp4
resuscitator, https://media.signbsl.com/videos/asl/youtube/mp4/h7_nT7cSkPw.mp4
retail, https://media.signbsl.com/videos/asl/youtube/mp4/Q5Z6qctQVMg.mp4
retailer, https://media.signbsl.com/videos/asl/youtube/mp4/pEYr3F1Sejo.mp4
retail merchant, https://media.signbsl.com/videos/asl/youtube/mp4/pEYr3F1Sejo.mp4
retail store, https://media.signbsl.com/videos/asl/youtube/mp4/adfVioKM4ag.mp4
retain, https://media.signbsl.com/videos/asl/youtube/mp4/jhO6lgIn_k8.mp4
retainer, https://media.signbsl.com/videos/asl/ids/mp4/2013-11-4390-servant-1500k-ase.mp4
retake, https://media.signbsl.com/videos/asl/youtube/mp4/PhzS4ySm2og.mp4
retaliate, https://media.signbsl.com/videos/asl/aslsignbank/mp4/REVENGE-2342.mp4
retaliator, https://media.signbsl.com/videos/asl/youtube/mp4/YLMU_Huinxk.mp4
retard, https://media.signbsl.com/videos/asl/aslsignbank/mp4/IDIOT-2180.mp4
retarded, https://media.signbsl.com/videos/asl/aslsearch/mp4/retarded.mp4
retaught, https://media.signbsl.com/videos/asl/youtube/mp4/726QNEP3Stw.mp4
retch, https://media.signbsl.com/videos/asl/startasl/mp4/throw-up.mp4
retell, https://player.vimeo.com/external/392430406.sd.mp4?s=827ab6aeda6dca17df32cd4cb8c2da4ae18a5c06&profile_id=164
retest, https://media.signbsl.com/videos/asl/youtube/mp4/EN7ehRlcZ4Y.mp4
reticent, https://media.signbsl.com/videos/asl/youtube/mp4/oml1VZJIWD0.mp4
reticular, https://media.signbsl.com/videos/asl/youtube/mp4/NRvfeDMJQo0.mp4
reticulate, https://media.signbsl.com/videos/asl/youtube/mp4/NRvfeDMJQo0.mp4
reticulated, https://media.signbsl.com/videos/asl/youtube/mp4/NRvfeDMJQo0.mp4
retie, https://media.signbsl.com/videos/asl/youtube/mp4/D_rdXYbKioo.mp4
retinue, https://media.signbsl.com/videos/asl/youtube/mp4/pAP5EA8jrDs.mp4
retire, https://media.signbsl.com/videos/asl/startasl/mp4/retire.mp4
retired, https://media.signbsl.com/videos/asl/aslsignbank/mp4/E(out)-2250.mp4
retired person, https://media.signbsl.com/videos/asl/youtube/mp4/AebRgSH1ZnA.mp4
retiree, https://media.signbsl.com/videos/asl/youtube/mp4/AebRgSH1ZnA.mp4
retiring, https://media.signbsl.com/videos/asl/youtube/mp4/XDqq2STQ9cs.mp4
retool, https://media.signbsl.com/videos/asl/youtube/mp4/N1oeRhrnP4o.mp4
retorsion, https://media.signbsl.com/videos/asl/youtube/mp4/fOiVWwgXyb0.mp4
retort, https://media.signbsl.com/videos/asl/youtube/mp4/qtEV2KGOC3A.mp4
retouch, https://media.signbsl.com/videos/asl/youtube/mp4/s8HZt5vkXLo.mp4
retrace, https://media.signbsl.com/videos/asl/youtube/mp4/ZlEss-tPXC4.mp4
retract, https://media.signbsl.com/videos/asl/youtube/mp4/mSOmEX2bUEw.mp4
retraction, https://media.signbsl.com/videos/asl/youtube/mp4/rhiDVvzqmW8.mp4
retrain, https://media.signbsl.com/videos/asl/youtube/mp4/TLvqsMH6WUo.mp4
retranslate, https://media.signbsl.com/videos/asl/youtube/mp4/v3YdzqTqpBM.mp4
retread, https://media.signbsl.com/videos/asl/youtube/mp4/0HbYJB8lMJA.mp4
retreat, https://media.signbsl.com/videos/asl/youtube/mp4/26-pq93XoWI.mp4
retrench, https://media.signbsl.com/videos/asl/youtube/mp4/yjrvlWL9owM.mp4
retrial, https://media.signbsl.com/videos/asl/youtube/mp4/9cSEc65zfOY.mp4
retribution, https://media.signbsl.com/videos/asl/aslsignbank/mp4/REVENGE-972.mp4
retrievable, https://media.signbsl.com/videos/asl/youtube/mp4/uyy1i-OnnxQ.mp4
retrieval, https://media.signbsl.com/videos/asl/AustinCommunityCollege/mp4/auto_recovery_.mp4
retrieve, https://media.signbsl.com/videos/asl/aslsignbank/mp4/LOOK-BACK-1638.mp4
retro, https://media.signbsl.com/videos/asl/unoclimb/mp4/Z6PGLeVYp8w.mp4
retroactive, https://media.signbsl.com/videos/asl/unoclimb/mp4/Z6PGLeVYp8w.mp4
retrod, https://media.signbsl.com/videos/asl/youtube/mp4/MhOegU2--eo.mp4
retrofit, https://media.signbsl.com/videos/asl/youtube/mp4/6ZD0hD5ZUAk.mp4
retrograde, https://media.signbsl.com/videos/asl/aslsearch/mp4/decrease2.mp4
retrogress, https://media.signbsl.com/videos/asl/aslsearch/mp4/decrease2.mp4
retrogression, https://media.signbsl.com/videos/asl/youtube/mp4/tp4gmfOgCvk.mp4
retroversion, https://media.signbsl.com/videos/asl/youtube/mp4/tp4gmfOgCvk.mp4
retrovert, https://media.signbsl.com/videos/asl/youtube/mp4/_apB5NV4JQM.mp4
retry, https://media.signbsl.com/videos/asl/youtube/mp4/DStej-kzioI.mp4
return, https://media.signbsl.com/videos/asl/signlanguagestudent/mp4/back%20(come-back).mp4
return come, https://media.signbsl.com/videos/asl/signlanguagestudent/mp4/return-come.mp4
returnee, https://media.signbsl.com/videos/asl/youtube/mp4/_vvJvmnGrVI.mp4
returner, https://media.signbsl.com/videos/asl/youtube/mp4/x4Ju6OvVApo.mp4
return give, https://media.signbsl.com/videos/asl/signlanguagestudent/mp4/return-give.mp4
reunification, https://media.signbsl.com/videos/asl/youtube/mp4/k-t1FmvR3Qw.mp4
reupholster, https://media.signbsl.com/videos/asl/youtube/mp4/DxlBrBE7lkA.mp4
reusable, https://media.signbsl.com/videos/asl/youtube/mp4/HxVu2N5sjlU.mp4
reuse, https://media.signbsl.com/videos/asl/aslsearch/mp4/recycle.mp4
revaluation, https://media.signbsl.com/videos/asl/youtube/mp4/HPya3p_zXr8.mp4
revamp, https://media.signbsl.com/videos/asl/youtube/mp4/_6Av7aV3Ygo.mp4
reveal, https://player.vimeo.com/external/392143995.sd.mp4?s=e6bfb68f36f1205d91fc549b81d345a068e0b2ed&profile_id=164
revealing, https://media.signbsl.com/videos/asl/youtube/mp4/P3CgyAE5Bi0.mp4
reveal true character, https://media.signbsl.com/videos/asl/youtube/mp4/y2fb4p3LVcA.mp4
reveille, https://media.signbsl.com/videos/asl/youtube/mp4/pKHtzg3Bjhg.mp4
revel, https://media.signbsl.com/videos/asl/youtube/mp4/2ojD6eJjpAk.mp4
revelation, https://media.signbsl.com/videos/asl/ids/mp4/2013-11-4145-revelation-1500k-ase.mp4
Revelation of Saint John the Divine, https://media.signbsl.com/videos/asl/ids/mp4/2013-11-4140-revelation-1500k-ase.mp4
Revelator, https://media.signbsl.com/videos/asl/ids/mp4/2013-11-4150-revelator-1500k-ase.mp4
reveler, https://media.signbsl.com/videos/asl/youtube/mp4/wZyRf0epKYI.mp4
reveller, https://media.signbsl.com/videos/asl/youtube/mp4/wZyRf0epKYI.mp4
revenge, https://media.signbsl.com/videos/asl/aslsignbank/mp4/REVENGE-2342.mp4
revenue, https://media.signbsl.com/videos/asl/youtube/mp4/qldyMdxrO7g.mp4
revenue enhancement, https://media.signbsl.com/videos/asl/signlanguagestudent/mp4/tax.mp4
revenuer, https://media.signbsl.com/videos/asl/youtube/mp4/DvS_LKaA_io.mp4
reverb, https://media.signbsl.com/videos/asl/youtube/mp4/lk_f20JO1xg.mp4
reverberance, https://media.signbsl.com/videos/asl/youtube/mp4/efkqu5hQttQ.mp4
reverberant, https://media.signbsl.com/videos/asl/youtube/mp4/z1nwL70DkoA.mp4
reverberate, https://media.signbsl.com/videos/asl/aslsearch/mp4/spring.mp4
reverberation, https://media.signbsl.com/videos/asl/youtube/mp4/vKEIB3NOqIY.mp4
revere, https://media.signbsl.com/videos/asl/signlanguagestudent/mp4/reverence.mp4
reverence, https://media.signbsl.com/videos/asl/signlanguagestudent/mp4/reverence.mp4
Reverent Reverently, https://media.signbsl.com/videos/asl/ids/mp4/2013-11-4170-reverent-reverently-1500k-ase.mp4
reversal, https://player.vimeo.com/external/392536399.sd.mp4?s=02a7b331fd7ffe49ba0ccf4e8024fcec540e069d&profile_id=164
reverse, https://media.signbsl.com/videos/asl/aslsearch/mp4/annul.mp4
reverse address resolution protocol rarp, https://media.signbsl.com/videos/asl/deaftec/mp4/1044.mp4
reverse lookup, https://media.signbsl.com/videos/asl/deaftec/mp4/1045.mp4
reversibility, https://media.signbsl.com/videos/asl/youtube/mp4/CHnFFnfTSH4.mp4
reversion, https://media.signbsl.com/videos/asl/youtube/mp4/Lca5da3Ehmo.mp4
reversionist, https://media.signbsl.com/videos/asl/unoclimb/mp4/g-YX7_ub0SQ.mp4
revert, https://media.signbsl.com/videos/asl/youtube/mp4/_apB5NV4JQM.mp4
reverting, https://media.signbsl.com/videos/asl/signlanguagestudent/mp4/backsliding.mp4
review, https://media.signbsl.com/videos/asl/aslsearch/mp4/review.mp4
reviewer, https://media.signbsl.com/videos/asl/youtube/mp4/DcdWQ6VHTLo.mp4
revise, https://media.signbsl.com/videos/asl/elementalaslconcepts/mp4/revise.mp4
revision, https://media.signbsl.com/videos/asl/youtube/mp4/cPFzFnnW9D8.mp4
revisionism, https://media.signbsl.com/videos/asl/youtube/mp4/SsDhsqyqNYY.mp4
revisit, https://media.signbsl.com/videos/asl/youtube/mp4/OdsqscAgwhs.mp4
revitalise, https://media.signbsl.com/videos/asl/youtube/mp4/ATQeIHMADHo.mp4
revitalize, https://media.signbsl.com/videos/asl/youtube/mp4/ATQeIHMADHo.mp4
revival, https://media.signbsl.com/videos/asl/valleybible/mp4/revival.mp4
revival meeting, https://media.signbsl.com/videos/asl/valleybible/mp4/revival.mp4
revive, https://media.signbsl.com/videos/asl/aslsearch/mp4/revive.mp4
revivify, https://media.signbsl.com/videos/asl/aslsearch/mp4/revive.mp4
revocable, https://media.signbsl.com/videos/asl/youtube/mp4/_J5aS2svqDE.mp4
revocation, https://media.signbsl.com/videos/asl/youtube/mp4/N9Sa3GSpt84.mp4
revokable, https://media.signbsl.com/videos/asl/youtube/mp4/_J5aS2svqDE.mp4
revoke, https://media.signbsl.com/videos/asl/aslsearch/mp4/annul.mp4
revolt, https://media.signbsl.com/videos/asl/youtube/mp4/Epf1VkNjY7w.mp4
revolting, https://player.vimeo.com/external/392438285.sd.mp4?s=7788e41045bbb664e3772d01efbb2665c9ac374c&profile_id=164
revolution, https://media.signbsl.com/videos/asl/youtube/mp4/J2Z59nI7kIE.mp4
revolutionary, https://media.signbsl.com/videos/asl/youtube/mp4/_lHQ0HYVQpM.mp4
revolutionise, https://media.signbsl.com/videos/asl/youtube/mp4/hISHWx-31MY.mp4
revolutionist, https://media.signbsl.com/videos/asl/youtube/mp4/_lHQ0HYVQpM.mp4
revolutionize, https://media.signbsl.com/videos/asl/youtube/mp4/hISHWx-31MY.mp4
revolvable, https://media.signbsl.com/videos/asl/youtube/mp4/hEHEh50isDk.mp4
revolve, https://media.signbsl.com/videos/asl/aslsearch/mp4/rotate.mp4
revolve about, https://player.vimeo.com/external/392767064.sd.mp4?s=3b6f173c665a1dd9e60fbe7b2caf2da384b50c90&profile_id=164
revolve around, https://player.vimeo.com/external/392767064.sd.mp4?s=3b6f173c665a1dd9e60fbe7b2caf2da384b50c90&profile_id=164
revue, https://media.signbsl.com/videos/asl/youtube/mp4/_kUFpAJ795M.mp4
revulsion, https://media.signbsl.com/videos/asl/youtube/mp4/0YJQQ_D-sAU.mp4
reward, https://media.signbsl.com/videos/asl/aslsearch/mp4/reward.mp4
rewash, https://media.signbsl.com/videos/asl/youtube/mp4/OiH_xI86ZVM.mp4
reweave, https://media.signbsl.com/videos/asl/youtube/mp4/HF9Cx5zwM9s.mp4
reweigh, https://media.signbsl.com/videos/asl/youtube/mp4/gwpYA8LLXOE.mp4
rewind, https://media.signbsl.com/videos/asl/youtube/mp4/4iPEzgWOR3Q.mp4
rewire, https://media.signbsl.com/videos/asl/youtube/mp4/iin4fw2xNtQ.mp4
reword, https://media.signbsl.com/videos/asl/youtube/mp4/VW0ivnZ2uuo.mp4
rework, https://media.signbsl.com/videos/asl/youtube/mp4/yX0-1bGrpVI.mp4
rewrite, https://media.signbsl.com/videos/asl/youtube/mp4/cPFzFnnW9D8.mp4
rezone, https://media.signbsl.com/videos/asl/youtube/mp4/W9o0_abHyrQ.mp4
rhabdomancy, https://media.signbsl.com/videos/asl/youtube/mp4/0OFFHdDzBog.mp4
rhapsodic, https://media.signbsl.com/videos/asl/youtube/mp4/S-vdSu37zro.mp4
rhetoric, https://media.signbsl.com/videos/asl/youtube/mp4/POANiMySjqs.mp4
rhetorical, https://media.signbsl.com/videos/asl/youtube/mp4/9gj95PGFEQY.mp4
rhetorician, https://media.signbsl.com/videos/asl/youtube/mp4/0VYvgf6SoPQ.mp4
rheumatic, https://media.signbsl.com/videos/asl/youtube/mp4/ssOXCGS_zTE.mp4
rheumatoid, https://media.signbsl.com/videos/asl/youtube/mp4/tsHiws3D0G0.mp4
rheumy, https://media.signbsl.com/videos/asl/youtube/mp4/tsHiws3D0G0.mp4
rhino, https://media.signbsl.com/videos/asl/aslsearch/mp4/rhinoceros.mp4
rhinoceros, https://media.signbsl.com/videos/asl/aslsearch/mp4/rhinoceros.mp4
rhizome, https://media.signbsl.com/videos/asl/youtube/mp4/dHjgd8x-K60.mp4
Rhode Island, https://media.signbsl.com/videos/asl/youtube/mp4/0eJ7ZUmDWnI.mp4
Rhodesia, https://media.signbsl.com/videos/asl/youtube/mp4/WbwQBz06_Dk.mp4
rhomb, https://media.signbsl.com/videos/asl/tsdvideo/mp4/503.mp4
rhombus, https://media.signbsl.com/videos/asl/tsdvideo/mp4/503.mp4
rhyme, https://media.signbsl.com/videos/asl/youtube/mp4/mtiLAhIDgD4.mp4
rhymer, https://media.signbsl.com/videos/asl/youtube/mp4/K2AKj9SY0-E.mp4
rhymester, https://media.signbsl.com/videos/asl/youtube/mp4/K2AKj9SY0-E.mp4
rhythm, https://media.signbsl.com/videos/asl/aslsearch/mp4/beat.mp4
RI, https://media.signbsl.com/videos/asl/youtube/mp4/0eJ7ZUmDWnI.mp4
riata, https://media.signbsl.com/videos/asl/youtube/mp4/EGtVB9tRkb8.mp4
rib, https://media.signbsl.com/videos/asl/aslsearch/mp4/laugh-at.mp4
ribald, https://media.signbsl.com/videos/asl/youtube/mp4/-T1-W7apqts.mp4
ribbing, https://media.signbsl.com/videos/asl/youtube/mp4/jGDlWDkM240.mp4
ribbon, https://media.signbsl.com/videos/asl/aslsearch/mp4/palm.mp4
ribbon award, https://player.vimeo.com/external/392869609.sd.mp4?s=790cf12a8b64ba7f47373f2cac0804e9cf35c184&profile_id=164
ribonucleic acid, https://media.signbsl.com/videos/asl/youtube/mp4/OrkTX1SbzGA.mp4
ribosome, https://media.signbsl.com/videos/asl/deaftec/mp4/1425.mp4
ribs, https://media.signbsl.com/videos/asl/aslsearch/mp4/laugh-at.mp4
rice, https://media.signbsl.com/videos/asl/aslsearch/mp4/rice.mp4
rich, https://media.signbsl.com/videos/asl/startasl/mp4/rich.mp4
riches, https://media.signbsl.com/videos/asl/valleybible/mp4/wealth.mp4
rich man, https://media.signbsl.com/videos/asl/youtube/mp4/16TuQ-kMNos.mp4
richness, https://media.signbsl.com/videos/asl/youtube/mp4/BE5XoIcGMAU.mp4
Richter scale, https://media.signbsl.com/videos/asl/youtube/mp4/wyR0o1dscJU.mp4
rick, https://media.signbsl.com/videos/asl/youtube/mp4/srcAfs1Z0iY.mp4
ricochet, https://media.signbsl.com/videos/asl/aslsearch/mp4/spring.mp4
riddance, https://media.signbsl.com/videos/asl/aslsearch/mp4/expulsion.mp4
ridden, https://media.signbsl.com/videos/asl/youtube/mp4/4i7pMDpmZ6o.mp4
riddle, https://player.vimeo.com/external/392869664.sd.mp4?s=26870d152a7c5dbe41ded49c5c86602f58d00004&profile_id=164
riddle me riddle me rot tot tote a little wee man in a red red coat, https://media.signbsl.com/videos/asl/youtube/mp4/8tWrK8dNCNg.mp4
ride, https://media.signbsl.com/videos/asl/aslsearch/mp4/ride.mp4
ride a broomstick, https://media.signbsl.com/videos/asl/youtube/mp4/huEE3RXyL-0.mp4
ride along, https://player.vimeo.com/external/392869684.sd.mp4?s=9b387b41c91f0ab8a1cbfd9287169598e78f987d&profile_id=164
ride herd on, https://media.signbsl.com/videos/asl/aslsearch/mp4/supervise.mp4
rider, https://media.signbsl.com/videos/asl/aslsearch/mp4/passenger.mp4
riderless, https://media.signbsl.com/videos/asl/youtube/mp4/Pckx_WLZzXU.mp4
ridership, https://media.signbsl.com/videos/asl/youtube/mp4/8IN7lhV-v60.mp4
ride sled, https://media.signbsl.com/videos/asl/youtube/mp4/F6apw3p0frk.mp4
ridge, https://player.vimeo.com/external/392869702.sd.mp4?s=4fb556a86ec702a5d34a3651782e98914e24efc7&profile_id=164
ridicule, https://media.signbsl.com/videos/asl/aslsearch/mp4/laugh-at.mp4
ridiculer, https://media.signbsl.com/videos/asl/youtube/mp4/sHDGAH5XfVc.mp4
ridiculous, https://media.signbsl.com/videos/asl/youtube/mp4/QAG-10YBpdY.mp4
riding, https://media.signbsl.com/videos/asl/youtube/mp4/_1AenDomr_E.mp4
riding on a horse, https://media.signbsl.com/videos/asl/youtube/mp4/gJ4UhjR40ds.mp4
rife, https://media.signbsl.com/videos/asl/youtube/mp4/MOe1y_xin_Y.mp4
riff, https://media.signbsl.com/videos/asl/youtube/mp4/PzGsFUspvLk.mp4
riffle, https://media.signbsl.com/videos/asl/youtube/mp4/Ed6gtIyCMc0.mp4
riffraff, https://media.signbsl.com/videos/asl/youtube/mp4/UjFDuzVyLBo.mp4
riff raff, https://media.signbsl.com/videos/asl/youtube/mp4/UjFDuzVyLBo.mp4
rifle, https://media.signbsl.com/videos/asl/aslsearch/mp4/rifle.mp4
rifle butt, https://media.signbsl.com/videos/asl/youtube/mp4/NtBZWvIZj6k.mp4
rifleman, https://media.signbsl.com/videos/asl/youtube/mp4/oOjk36DVztE.mp4
rig, https://media.signbsl.com/videos/asl/youtube/mp4/Xqm_-7z-VTs.mp4
rigamarole, https://media.signbsl.com/videos/asl/youtube/mp4/7vjys4DLCag.mp4
right, https://media.signbsl.com/videos/asl/startasl/mp4/right.mp4
right along, https://media.signbsl.com/videos/asl/aslsignbank/mp4/SINCE-1066.mp4
right angle, https://media.signbsl.com/videos/asl/tsdvideo/mp4/266.mp4
right angled triangle, https://media.signbsl.com/videos/asl/deaftec-math/mp4/77D-1.mp4
right away, https://media.signbsl.com/videos/asl/signlanguagestudent/mp4/immediately%20(alternate%202).mp4
right correct, https://media.signbsl.com/videos/asl/signlanguagestudent/mp4/right-correct.mp4
right direction, https://media.signbsl.com/videos/asl/startasl/mp4/right-direction.mp4
righteous, https://media.signbsl.com/videos/asl/valleybible/mp4/righteous.mp4
righteousness, https://media.signbsl.com/videos/asl/handsofgrace/mp4/UL_gC6SOlCU.mp4
Righteous Righteously, https://media.signbsl.com/videos/asl/ids/mp4/2013-11-4180-righteous-righteousness-1500k-ase.mp4
rightful, NA
right handed, https://media.signbsl.com/videos/asl/youtube/mp4/hzTwC4usxl8.mp4
rightmost, https://media.signbsl.com/videos/asl/youtube/mp4/pXaS53ZWoF4.mp4
rightness, https://media.signbsl.com/videos/asl/youtube/mp4/iLA9WY9eA3w.mp4
rights, https://media.signbsl.com/videos/asl/startasl/mp4/right.mp4
right then, https://media.signbsl.com/videos/asl/youtube/mp4/MsR352Wt39Y.mp4
right to vote, https://media.signbsl.com/videos/asl/youtube/mp4/-1E7MB27bRM.mp4
right triangle, https://media.signbsl.com/videos/asl/deaftec-math/mp4/77D-1.mp4
right turn, https://media.signbsl.com/videos/asl/youtube/mp4/xMrgOJyx_gc.mp4
right wing, https://media.signbsl.com/videos/asl/youtube/mp4/3Jw-2WyYrxo.mp4
rigid, https://media.signbsl.com/videos/asl/youtube/mp4/LCHmufaUDhI.mp4
rigidity, https://media.signbsl.com/videos/asl/youtube/mp4/S6GJmvzf9N8.mp4
rigmarole, https://media.signbsl.com/videos/asl/youtube/mp4/7vjys4DLCag.mp4
rigor, https://player.vimeo.com/external/392166272.sd.mp4?s=11af282f0754c071fd9e78c89ec8dc464eaf0401&profile_id=164
rigorous, https://media.signbsl.com/videos/asl/startasl/mp4/strict.mp4
rigorousness, https://player.vimeo.com/external/392166272.sd.mp4?s=11af282f0754c071fd9e78c89ec8dc464eaf0401&profile_id=164
rigour, https://player.vimeo.com/external/392166272.sd.mp4?s=11af282f0754c071fd9e78c89ec8dc464eaf0401&profile_id=164
rig out, https://media.signbsl.com/videos/asl/aslsearch/mp4/dress-up.mp4
rig up, https://media.signbsl.com/videos/asl/youtube/mp4/8-Uxdws5llo.mp4
rig up with strange parts, https://media.signbsl.com/videos/asl/youtube/mp4/8-Uxdws5llo.mp4
rig with co conspirators, https://media.signbsl.com/videos/asl/youtube/mp4/r7tCB0_M-lw.mp4
rile, https://media.signbsl.com/videos/asl/aslsignbank/mp4/BOTHER-2129.mp4
riled, https://media.signbsl.com/videos/asl/youtube/mp4/d0MAlz7UTYM.mp4
rim, https://media.signbsl.com/videos/asl/youtube/mp4/mVhBKrXaq7I.mp4
rima oris, https://media.signbsl.com/videos/asl/aslsearch/mp4/mouth.mp4
rime, https://media.signbsl.com/videos/asl/youtube/mp4/F126XnkR3gU.mp4
rimless, https://media.signbsl.com/videos/asl/youtube/mp4/25HGBZOg7y0.mp4
ring, https://media.signbsl.com/videos/asl/startasl/mp4/ring.mp4
ringer, https://media.signbsl.com/videos/asl/youtube/mp4/5WbgNkQLSfE.mp4
ringing, https://media.signbsl.com/videos/asl/youtube/mp4/1HdUm5Rb2N8.mp4
ringleader, https://media.signbsl.com/videos/asl/youtube/mp4/Hfx9IEszCDU.mp4
ringlet, https://media.signbsl.com/videos/asl/youtube/mp4/zR7CAW_hON4.mp4
rings, https://media.signbsl.com/videos/asl/AustinCommunityCollege/mp4/auto_rings_.mp4
rink, https://media.signbsl.com/videos/asl/youtube/mp4/dEiNHnVSSLc.mp4
rinse, https://media.signbsl.com/videos/asl/aslsearch/mp4/rinse.mp4
rinse off, https://media.signbsl.com/videos/asl/aslsearch/mp4/rinse.mp4
rio de janiero, https://media.signbsl.com/videos/asl/youtube/mp4/3pOLxY1E0nU.mp4
riot, https://media.signbsl.com/videos/asl/youtube/mp4/ieO7kFDFEsk.mp4
rioter, https://media.signbsl.com/videos/asl/youtube/mp4/ZWP70H99bn0.mp4
riotous, https://player.vimeo.com/external/392757061.sd.mp4?s=e51daa4d8279084c6db1e0648b94334848a36b02&profile_id=164
rip, https://media.signbsl.com/videos/asl/aslsignbank/mp4/RIP-978.mp4
riparian, https://media.signbsl.com/videos/asl/youtube/mp4/cUNEt2daSOM.mp4
ripe, https://media.signbsl.com/videos/asl/aslsearch/mp4/ripe.mp4
rip off, https://media.signbsl.com/videos/asl/youtube/mp4/UzA-sf4dqX0.mp4
riposte, https://media.signbsl.com/videos/asl/youtube/mp4/qtEV2KGOC3A.mp4
rip out, https://media.signbsl.com/videos/asl/youtube/mp4/Nv4g_PZyESA.mp4
ripper, https://media.signbsl.com/videos/asl/youtube/mp4/Caq6yPwHxXs.mp4
ripple, https://media.signbsl.com/videos/asl/youtube/mp4/Ed6gtIyCMc0.mp4
ripplier, https://media.signbsl.com/videos/asl/youtube/mp4/sc7huHFLjZw.mp4
rippling, https://media.signbsl.com/videos/asl/youtube/mp4/Ed6gtIyCMc0.mp4
rip up, https://media.signbsl.com/videos/asl/youtube/mp4/v1aaNCjcszE.mp4
rip van winkle, https://media.signbsl.com/videos/asl/youtube/mp4/QciGYDoNlWY.mp4
rise, https://media.signbsl.com/videos/asl/startasl/mp4/get-up.mp4
riser, https://media.signbsl.com/videos/asl/youtube/mp4/51qF0xX2Pec.mp4
rise up, https://media.signbsl.com/videos/asl/signlanguagestudent/mp4/rebel.mp4
risible, https://media.signbsl.com/videos/asl/aslsignbank/mp4/FUNNY-3015.mp4
rising prices, https://media.signbsl.com/videos/asl/youtube/mp4/BKZ4F5ow1jw.mp4
rising waters, https://media.signbsl.com/videos/asl/youtube/mp4/Ope_GqmB31c.mp4
risk, https://media.signbsl.com/videos/asl/aslsearch/mp4/risk.mp4
risky, https://player.vimeo.com/external/392864741.sd.mp4?s=e49fb5338594c8e5c797e93b02b3a8906cc932fb&profile_id=164
risky venture, https://media.signbsl.com/videos/asl/aslsignbank/mp4/TRAVEL-1307.mp4
risque, https://media.signbsl.com/videos/asl/youtube/mp4/JJzrbPsloOw.mp4
rite, https://media.signbsl.com/videos/asl/youtube/mp4/Gh8_xNxiq58.mp4
ritual, https://media.signbsl.com/videos/asl/youtube/mp4/Gh8_xNxiq58.mp4
Ritz, https://media.signbsl.com/videos/asl/youtube/mp4/VlXNq1NdZqM.mp4
rival, https://media.signbsl.com/videos/asl/youtube/mp4/T5m6IypzLq4.mp4
rive, https://media.signbsl.com/videos/asl/aslsignbank/mp4/RIP-978.mp4
river, https://media.signbsl.com/videos/asl/signlanguagestudent/mp4/river.mp4
river 1, https://media.signbsl.com/videos/asl/signlanguagestudent/mp4/river-1.mp4
riverfront, https://media.signbsl.com/videos/asl/youtube/mp4/bvYv8dEcanU.mp4
river horse, https://media.signbsl.com/videos/asl/aslsearch/mp4/hippopotamus.mp4
rivet, https://media.signbsl.com/videos/asl/youtube/mp4/Oly7pRPooTo.mp4
riveting, https://media.signbsl.com/videos/asl/aslsignbank/mp4/INTERESTING-1724.mp4
Riyadh, https://media.signbsl.com/videos/asl/youtube/mp4/Gdd1s6CePkY.mp4
rj-11 jack, NA
RNA, https://media.signbsl.com/videos/asl/youtube/mp4/OrkTX1SbzGA.mp4
roach, https://media.signbsl.com/videos/asl/thefamilyvocab/mp4/cockroach.mp4
roach cannabis, https://player.vimeo.com/external/392869754.sd.mp4?s=3fb3eb02ee944a53878cf0777c6fb9d612216e96&profile_id=164
road, https://media.signbsl.com/videos/asl/signlanguagestudent/mp4/road.mp4
road agent, https://media.signbsl.com/videos/asl/youtube/mp4/xSRZP630Zlg.mp4
roadblock, https://media.signbsl.com/videos/asl/youtube/mp4/FgtwGY5g6BY.mp4
road game, https://media.signbsl.com/videos/asl/aslsignbank/mp4/AWAY-GAME-2316.mp4
roadless, https://media.signbsl.com/videos/asl/youtube/mp4/Nb-FYXB8LxY.mp4
road runner, https://media.signbsl.com/videos/asl/youtube/mp4/OfzavG_Sh-s.mp4
roadshow, NA
roadside, https://media.signbsl.com/videos/asl/youtube/mp4/9-vctfhWhJ8.mp4
road sign, https://media.signbsl.com/videos/asl/aslsearch/mp4/road-sign.mp4
roadster, https://media.signbsl.com/videos/asl/youtube/mp4/WPrRZEUq7yo.mp4
roadtrip, https://media.signbsl.com/videos/asl/youtube/mp4/apb1o_vK564.mp4
roadworthy, https://media.signbsl.com/videos/asl/youtube/mp4/gtmx9JbUIwk.mp4
roam, https://media.signbsl.com/videos/asl/youtube/mp4/HJig-HoF_4Y.mp4
roar, https://media.signbsl.com/videos/asl/aslsearch/mp4/boom.mp4
roaring, https://media.signbsl.com/videos/asl/aslsearch/mp4/boom.mp4
road game, https://media.signbsl.com/videos/asl/aslsignbank/mp4/AWAY-GAME-2316.mp4
roadless, https://media.signbsl.com/videos/asl/youtube/mp4/Nb-FYXB8LxY.mp4
road runner, https://media.signbsl.com/videos/asl/youtube/mp4/OfzavG_Sh-s.mp4
roadshow, NA
roadside, https://media.signbsl.com/videos/asl/youtube/mp4/9-vctfhWhJ8.mp4
road sign, https://media.signbsl.com/videos/asl/aslsearch/mp4/road-sign.mp4
roadster, https://media.signbsl.com/videos/asl/youtube/mp4/WPrRZEUq7yo.mp4
roadtrip, https://media.signbsl.com/videos/asl/youtube/mp4/apb1o_vK564.mp4
roadworthy, https://media.signbsl.com/videos/asl/youtube/mp4/gtmx9JbUIwk.mp4
roam, https://media.signbsl.com/videos/asl/youtube/mp4/HJig-HoF_4Y.mp4
roar, https://media.signbsl.com/videos/asl/aslsearch/mp4/boom.mp4
roaring, https://media.signbsl.com/videos/asl/aslsearch/mp4/boom.mp4
roast, https://media.signbsl.com/videos/asl/aslsearch/mp4/laugh-at.mp4
rob, https://media.signbsl.com/videos/asl/aslsearch/mp4/overcharge.mp4
robe, https://player.vimeo.com/external/392869768.sd.mp4?s=19c72c9f4807d3a1369edbc081790d2065faf752&profile_id=164
Robert Penn Warren, https://media.signbsl.com/videos/asl/youtube/mp4/lg_OOfuAdac.mp4
robin, https://media.signbsl.com/videos/asl/youtube/mp4/GbcFoJ5Q7w0.mp4
Robinson Crusoe, https://media.signbsl.com/videos/asl/youtube/mp4/akcciUNQ-t4.mp4
robot, https://media.signbsl.com/videos/asl/aslsearch/mp4/robot.mp4
robotise, https://media.signbsl.com/videos/asl/youtube/mp4/MY3ZnF5dDEw.mp4
robotlike, https://media.signbsl.com/videos/asl/youtube/mp4/ghlKbJ0Ui1M.mp4
robot pilot, https://media.signbsl.com/videos/asl/youtube/mp4/3fL1_1Ei7dk.mp4
robust, https://media.signbsl.com/videos/asl/youtube/mp4/Spla9czdhps.mp4
robustious, https://media.signbsl.com/videos/asl/youtube/mp4/Gtxhxyz7xcQ.mp4
rock, https://media.signbsl.com/videos/asl/startasl/mp4/stone.mp4
rock baby, https://media.signbsl.com/videos/asl/mariekatzenbachschool/mp4/rock%20baby.mp4
rockbound, https://media.signbsl.com/videos/asl/youtube/mp4/JTWAPnhI49U.mp4
rocker, https://media.signbsl.com/videos/asl/startasl/mp4/rocking-chair.mp4
rockery, https://media.signbsl.com/videos/asl/youtube/mp4/wOcVkYwxLSw.mp4
rocket, https://media.signbsl.com/videos/asl/aslsignbank/mp4/ROCKET-364.mp4
rocket engine, https://media.signbsl.com/videos/asl/aslsignbank/mp4/ROCKET-364.mp4
rocket launcher, https://media.signbsl.com/videos/asl/youtube/mp4/7CkpRso8eOk.mp4
rockfall, https://media.signbsl.com/videos/asl/youtube/mp4/t5t4KSgmzTQ.mp4
rock garden, https://media.signbsl.com/videos/asl/youtube/mp4/wOcVkYwxLSw.mp4
rockiness, https://media.signbsl.com/videos/asl/youtube/mp4/ClvsWDOItGk.mp4
rocking chair, https://media.signbsl.com/videos/asl/startasl/mp4/rocking-chair.mp4
rock oil, https://media.signbsl.com/videos/asl/youtube/mp4/4FdOHtHqfoM.mp4
rock on, https://media.signbsl.com/videos/asl/youtube/mp4/Mb5PKiABk8o.mp4
rock ribbed, https://media.signbsl.com/videos/asl/youtube/mp4/JTWAPnhI49U.mp4
rocky, https://media.signbsl.com/videos/asl/aslsearch/mp4/rocky.mp4
Rocky Mountain bighorn, https://media.signbsl.com/videos/asl/youtube/mp4/201SV0UoxWs.mp4
Rocky Mountain sheep, https://media.signbsl.com/videos/asl/youtube/mp4/201SV0UoxWs.mp4
rod, https://media.signbsl.com/videos/asl/youtube/mp4/aDsq9YOpZ0I.mp4
rodent, https://media.signbsl.com/videos/asl/youtube/mp4/wWgBYY_c80M.mp4
rodeo, https://player.vimeo.com/external/392746531.sd.mp4?s=905c3e94d221f4f17b018ac372c2bb750f3e0cbb&profile_id=164
rod shaped, https://media.signbsl.com/videos/asl/youtube/mp4/N1TF-KWWBhg.mp4
rogue, https://media.signbsl.com/videos/asl/youtube/mp4/bFAM7_C-VLM.mp4
roguery, https://media.signbsl.com/videos/asl/youtube/mp4/WMntYWP2Pgw.mp4
roguishness, https://media.signbsl.com/videos/asl/youtube/mp4/WMntYWP2Pgw.mp4
roiled, https://media.signbsl.com/videos/asl/youtube/mp4/d0MAlz7UTYM.mp4
roiling, https://media.signbsl.com/videos/asl/youtube/mp4/XHLD5PjKbUE.mp4
roily, https://media.signbsl.com/videos/asl/youtube/mp4/XHLD5PjKbUE.mp4
roister, https://media.signbsl.com/videos/asl/youtube/mp4/wRwNJ7p21XQ.mp4
role, https://media.signbsl.com/videos/asl/aslsignbank/mp4/FUNCTION-1507.mp4
role model, https://media.signbsl.com/videos/asl/valleybible/mp4/role%20model.mp4
roleplay, https://media.signbsl.com/videos/asl/signlanguagestudent/mp4/act.mp4
role player, https://media.signbsl.com/videos/asl/startasl/mp4/actor.mp4
roler skating, https://media.signbsl.com/videos/asl/mariekatzenbachschool/mp4/roler%20skating.mp4
role shifting, https://media.signbsl.com/videos/asl/youtube/mp4/IC9lUZdk_uo.mp4
roll, https://media.signbsl.com/videos/asl/aslsearch/mp4/roll.mp4
roll around, NA
roll call, https://media.signbsl.com/videos/asl/aslsearch/mp4/roll-call.mp4
roller, https://media.signbsl.com/videos/asl/youtube/mp4/owgecGTa_LA.mp4
roller blade, https://media.signbsl.com/videos/asl/aslsignbank/mp4/ROLLERBLADE-982.mp4
rollerblade, https://media.signbsl.com/videos/asl/aslsignbank/mp4/ROLLERBLADE-982.mp4
roller blading, https://media.signbsl.com/videos/asl/mariekatzenbachschool/mp4/roller%20blading.mp4
roller coaster, https://media.signbsl.com/videos/asl/aslsearch/mp4/roller-coaster.mp4
roller coaster seatbelt, https://media.signbsl.com/videos/asl/youtube/mp4/wcWhzpd6q2g.mp4
roller skate, https://media.signbsl.com/videos/asl/youtube/mp4/rYwSwpaqe7s.mp4
rollerskate, https://media.signbsl.com/videos/asl/youtube/mp4/rYwSwpaqe7s.mp4
roll eyes, https://media.signbsl.com/videos/asl/youtube/mp4/VQfBX5cVD6A.mp4
rollick, https://media.signbsl.com/videos/asl/youtube/mp4/Xuf_VyrFYos.mp4
rollicking, https://media.signbsl.com/videos/asl/youtube/mp4/CNYNfGkc2DQ.mp4
rolling on the floor laughing rofl, https://player.vimeo.com/external/392746591.sd.mp4?s=3f383a5020e3c403d36c16dc7c038fbe92351d49&profile_id=164
rolling pin, https://media.signbsl.com/videos/asl/aslsearch/mp4/rolling-pin.mp4
roll in the hay, https://media.signbsl.com/videos/asl/aslsignbank/mp4/INTERCOURSE-2909.mp4
roll off, https://media.signbsl.com/videos/asl/youtube/mp4/RgUm2ZL7dkU.mp4
roll on, https://media.signbsl.com/videos/asl/youtube/mp4/prFYQTqy0io.mp4
roll out, https://media.signbsl.com/videos/asl/youtube/mp4/u1_hMcZz7Qw.mp4
rollover, https://media.signbsl.com/videos/asl/youtube/mp4/AMCu5OS8F1M.mp4
roll over, https://media.signbsl.com/videos/asl/youtube/mp4/AMCu5OS8F1M.mp4
rolls, https://media.signbsl.com/videos/asl/aslsearch/mp4/roll.mp4
roll up, https://media.signbsl.com/videos/asl/aslsignbank/mp4/EARN-813.mp4
rolypoliness, https://media.signbsl.com/videos/asl/youtube/mp4/IvIrA8xboHE.mp4
roly poly, https://player.vimeo.com/external/392124987.sd.mp4?s=468c6d3b110b6fce9a4d411750f6ce1a32c5ac46&profile_id=164
Roma, https://media.signbsl.com/videos/asl/youtube/mp4/pHGZgmbyu3U.mp4
Roman, https://media.signbsl.com/videos/asl/valleybible/mp4/Roman.mp4
Roman Catholic, https://media.signbsl.com/videos/asl/aslsignbank/mp4/CATHOLIC-1043.mp4
Roman Catholic Pope, https://media.signbsl.com/videos/asl/aslsearch/mp4/pope.mp4
romance, https://media.signbsl.com/videos/asl/mariekatzenbachschool/mp4/romance.mp4
Romania, https://media.signbsl.com/videos/asl/youtube/mp4/rcKh9OT__B0.mp4
romantic, https://media.signbsl.com/videos/asl/mariekatzenbachschool/mp4/romantic.mp4
romanticise, https://media.signbsl.com/videos/asl/youtube/mp4/SJX05rpggyM.mp4
romanticist, https://media.signbsl.com/videos/asl/youtube/mp4/Y8-5VRTB6g0.mp4
romanticistic, https://media.signbsl.com/videos/asl/mariekatzenbachschool/mp4/romantic.mp4
romanticize, https://media.signbsl.com/videos/asl/youtube/mp4/SJX05rpggyM.mp4
Romany, https://media.signbsl.com/videos/asl/youtube/mp4/TyWSdK746WY.mp4
Rome, https://media.signbsl.com/videos/asl/youtube/mp4/pHGZgmbyu3U.mp4
Rommany, https://media.signbsl.com/videos/asl/youtube/mp4/TyWSdK746WY.mp4
romp, https://media.signbsl.com/videos/asl/youtube/mp4/Xuf_VyrFYos.mp4
roof, https://media.signbsl.com/videos/asl/startasl/mp4/roof.mp4
roofer, https://media.signbsl.com/videos/asl/youtube/mp4/HdHX3xaJ5hA.mp4
roofless, https://player.vimeo.com/external/392184439.sd.mp4?s=9b7a01f5c293045d51035011fb56b9af013cc219&profile_id=164
rook, https://media.signbsl.com/videos/asl/youtube/mp4/uA31P9Lwrqo.mp4
rookie, https://media.signbsl.com/videos/asl/youtube/mp4/1UcRWhfYNmM.mp4
room, https://media.signbsl.com/videos/asl/startasl/mp4/room.mp4
room access, https://media.signbsl.com/videos/asl/youtube/mp4/v1o5CA1T9Wg.mp4
room available, https://media.signbsl.com/videos/asl/signlanguagestudent/mp4/room-available.mp4
room b, https://media.signbsl.com/videos/asl/signlanguagestudent/mp4/room-b.mp4
room decorator, https://player.vimeo.com/external/391933606.sd.mp4?s=f0061e9aba1cb2af8aff79035435bdc0694f826f&profile_id=164
roomer, https://media.signbsl.com/videos/asl/youtube/mp4/zuMy73ocyoY.mp4
roomette, https://media.signbsl.com/videos/asl/youtube/mp4/_K73fj5j7hw.mp4
roomful, https://media.signbsl.com/videos/asl/youtube/mp4/GXSiE0L6BvY.mp4
roomier, https://media.signbsl.com/videos/asl/youtube/mp4/AbuQbwg4R1I.mp4
roominess, https://media.signbsl.com/videos/asl/youtube/mp4/GHe-Yrh52C4.mp4
roommate, https://media.signbsl.com/videos/asl/startasl/mp4/roommate.mp4
rooms, https://media.signbsl.com/videos/asl/youtube/mp4/i_t2ZAQq34g.mp4
roomy, https://media.signbsl.com/videos/asl/youtube/mp4/A3h6NQDoBSM.mp4
roost, https://media.signbsl.com/videos/asl/youtube/mp4/MpSwHOi4uyg.mp4
rooster, https://media.signbsl.com/videos/asl/youtube/mp4/v0bB33OlaXU.mp4
root, https://media.signbsl.com/videos/asl/aslsearch/mp4/origin.mp4
rootage, https://media.signbsl.com/videos/asl/aslsearch/mp4/origin.mp4
root face, https://media.signbsl.com/videos/asl/AustinCommunityCollege/mp4/weld_rootface_.mp4
root gap, https://media.signbsl.com/videos/asl/AustinCommunityCollege/mp4/weld_rootgap_.mp4
root idea or cause, https://media.signbsl.com/videos/asl/youtube/mp4/N6STKesIb-o.mp4
root of hair of a tooth of a fingernail, https://media.signbsl.com/videos/asl/youtube/mp4/Db4OqZeNxE8.mp4
root out, https://media.signbsl.com/videos/asl/youtube/mp4/ICg_YlM-jlM.mp4
root pass, https://media.signbsl.com/videos/asl/AustinCommunityCollege/mp4/weld_rootpass_.mp4
roots, https://media.signbsl.com/videos/asl/elementalaslconcepts/mp4/roots.mp4
rootstalk, https://media.signbsl.com/videos/asl/youtube/mp4/dHjgd8x-K60.mp4
rootstock, https://media.signbsl.com/videos/asl/youtube/mp4/dHjgd8x-K60.mp4
rope, https://media.signbsl.com/videos/asl/aslsignbank/mp4/ROPE-663.mp4
rope in, https://media.signbsl.com/videos/asl/youtube/mp4/IQBpbVqbIas.mp4
ropemaker, https://media.signbsl.com/videos/asl/youtube/mp4/zHoCkGsm4oQ.mp4
rope maker, https://media.signbsl.com/videos/asl/youtube/mp4/zHoCkGsm4oQ.mp4
rope off, https://media.signbsl.com/videos/asl/youtube/mp4/IQBpbVqbIas.mp4
roper, https://media.signbsl.com/videos/asl/youtube/mp4/zHoCkGsm4oQ.mp4
rosaries, https://media.signbsl.com/videos/asl/aslsearch/mp4/rosary.mp4
rosary, https://media.signbsl.com/videos/asl/aslsearch/mp4/rosary.mp4
rose, https://media.signbsl.com/videos/asl/aslsearch/mp4/rose.mp4
roseola, https://media.signbsl.com/videos/asl/startasl/mp4/rash.mp4
Rosh Hashana, https://player.vimeo.com/external/392746687.sd.mp4?s=ee74cfac080ed2051fda03d930299747987f4aea&profile_id=164
Rosh Hashanah, https://player.vimeo.com/external/392746687.sd.mp4?s=ee74cfac080ed2051fda03d930299747987f4aea&profile_id=164
Rosh Hashona, https://player.vimeo.com/external/392746687.sd.mp4?s=ee74cfac080ed2051fda03d930299747987f4aea&profile_id=164
Rosh Hashonah, https://player.vimeo.com/external/392746687.sd.mp4?s=ee74cfac080ed2051fda03d930299747987f4aea&profile_id=164
rosier, https://media.signbsl.com/videos/asl/youtube/mp4/g4VJFJI2kCE.mp4
rosiness, https://media.signbsl.com/videos/asl/youtube/mp4/e4PnEmvNvPs.mp4
roster, https://media.signbsl.com/videos/asl/youtube/mp4/fn9W2UIJ4yo.mp4
rostrum, https://media.signbsl.com/videos/asl/youtube/mp4/I8u-XbOb5xY.mp4
rot, https://media.signbsl.com/videos/asl/deaftec/mp4/1364.mp4
rota, https://media.signbsl.com/videos/asl/youtube/mp4/wZEfuDzU9K8.mp4
rotaries, https://media.signbsl.com/videos/asl/youtube/mp4/uHzs0FS-uUs.mp4
rotary, https://media.signbsl.com/videos/asl/youtube/mp4/uHzs0FS-uUs.mp4
rotary motion, https://media.signbsl.com/videos/asl/elementalaslconcepts/mp4/rotation.mp4
rotate, https://media.signbsl.com/videos/asl/aslsearch/mp4/rotate.mp4
rotation, https://media.signbsl.com/videos/asl/elementalaslconcepts/mp4/rotation.mp4
rote, https://media.signbsl.com/videos/asl/youtube/mp4/ikxT92aJdsc.mp4
rote learning, https://media.signbsl.com/videos/asl/youtube/mp4/ikxT92aJdsc.mp4
rotisserie, https://media.signbsl.com/videos/asl/youtube/mp4/jdCTb4hWU84.mp4
rotor, https://media.signbsl.com/videos/asl/AustinCommunityCollege/mp4/auto_rotors_.mp4
rotor coil, https://media.signbsl.com/videos/asl/AustinCommunityCollege/mp4/auto_rotors_.mp4
rotors, https://media.signbsl.com/videos/asl/AustinCommunityCollege/mp4/auto_rotors_.mp4
rotten, https://media.signbsl.com/videos/asl/startasl/mp4/lousy.mp4
rottener, https://media.signbsl.com/videos/asl/youtube/mp4/qqidkXSbw0A.mp4
rotter, https://media.signbsl.com/videos/asl/youtube/mp4/7LYI9dK_sEY.mp4
rotund, https://media.signbsl.com/videos/asl/aslsearch/mp4/obese.mp4
rotunda, https://media.signbsl.com/videos/asl/youtube/mp4/pdfWC_Jh7v0.mp4
rouge, https://media.signbsl.com/videos/asl/youtube/mp4/4l3BzIWPPlM.mp4
rough, https://media.signbsl.com/videos/asl/youtube/mp4/EZLCp1zIjgQ.mp4
rough and tumble, https://media.signbsl.com/videos/asl/youtube/mp4/nOEe6Vqk3YU.mp4
rough cut, https://media.signbsl.com/videos/asl/youtube/mp4/DGsticPGewU.mp4
roughen, https://media.signbsl.com/videos/asl/youtube/mp4/V8pD6RKmD3c.mp4
roughened, https://media.signbsl.com/videos/asl/youtube/mp4/XvdNMFLNyX8.mp4
rougher, https://media.signbsl.com/videos/asl/youtube/mp4/LZVfW9NSz0o.mp4
roughhouse, NA
roughly, https://media.signbsl.com/videos/asl/aslsignbank/mp4/APPROXIMATE-636.mp4
roughneck, https://media.signbsl.com/videos/asl/youtube/mp4/Oj875rFQ7vs.mp4
roughshod, https://media.signbsl.com/videos/asl/youtube/mp4/zon2lTFOOcE.mp4
Roumania, https://media.signbsl.com/videos/asl/youtube/mp4/rcKh9OT__B0.mp4
round, https://media.signbsl.com/videos/asl/youtube/mp4/0hzcQTiniS0.mp4
roundabout, https://media.signbsl.com/videos/asl/youtube/mp4/ht-bM10EyfE.mp4
roundabout way, https://player.vimeo.com/external/391966732.sd.mp4?s=03c2bdfbcb9ceb5dc37d2adb1ca5d24b55e06311&profile_id=164
rounder, https://media.signbsl.com/videos/asl/youtube/mp4/bUJ9g44CWq0.mp4
rounding, https://media.signbsl.com/videos/asl/tsdvideo/mp4/1064.mp4
rounding error, https://media.signbsl.com/videos/asl/tsdvideo/mp4/1064.mp4
rounding rule, https://media.signbsl.com/videos/asl/elementalaslconcepts/mp4/rounding_rule.mp4
round shot, https://media.signbsl.com/videos/asl/youtube/mp4/iWewXxSBRO0.mp4
round the bend, https://media.signbsl.com/videos/asl/startasl/mp4/nuts.mp4
round the clock, https://media.signbsl.com/videos/asl/youtube/mp4/jyR250tZpwE.mp4
round trip, https://player.vimeo.com/external/392746724.sd.mp4?s=55447163f9ca1c59fe2e59789906be81698fd804&profile_id=164
roundup, https://media.signbsl.com/videos/asl/youtube/mp4/idom8Ea95JE.mp4
rouse, https://media.signbsl.com/videos/asl/aslsearch/mp4/excite.mp4
rousing, https://media.signbsl.com/videos/asl/youtube/mp4/7_V4iXlkczA.mp4
Rousseau, https://media.signbsl.com/videos/asl/philosophy/mp4/Rousseau-HD.mp4
roustabout, https://media.signbsl.com/videos/asl/youtube/mp4/tUPAmNccySU.mp4
rout, https://media.signbsl.com/videos/asl/youtube/mp4/wmhouHfTLzY.mp4
route, https://media.signbsl.com/videos/asl/signlanguagestudent/mp4/road.mp4
router, https://media.signbsl.com/videos/asl/deaftec/mp4/1048.mp4
routine, https://media.signbsl.com/videos/asl/aslsearch/mp4/everyday.mp4
rout out, https://media.signbsl.com/videos/asl/youtube/mp4/wmhouHfTLzY.mp4
rove, https://media.signbsl.com/videos/asl/youtube/mp4/HJig-HoF_4Y.mp4
roved, https://media.signbsl.com/videos/asl/youtube/mp4/mx9sl20CZ_4.mp4
roving, https://media.signbsl.com/videos/asl/elementalaslconcepts/mp4/nomadic.mp4
row, https://media.signbsl.com/videos/asl/aslsearch/mp4/quarrel.mp4
rowboat, https://media.signbsl.com/videos/asl/youtube/mp4/Kx1MtbtzmXQ.mp4
rowdier, https://media.signbsl.com/videos/asl/youtube/mp4/GDUGEk-W_ew.mp4
rowdy, https://media.signbsl.com/videos/asl/youtube/mp4/Oj875rFQ7vs.mp4
rower, https://media.signbsl.com/videos/asl/youtube/mp4/yH2XTK7_4J8.mp4
row house, https://player.vimeo.com/external/392527209.sd.mp4?s=6b5d833e7d0075f2e5ef076094806c04097dc9a2&profile_id=164
rowing, https://media.signbsl.com/videos/asl/youtube/mp4/SEirc5GksDw.mp4
row of houses, https://media.signbsl.com/videos/asl/youtube/mp4/XOjDBZHvXuE.mp4
rows of benches, https://media.signbsl.com/videos/asl/youtube/mp4/Dz0TPeuM5YA.mp4
royal, https://media.signbsl.com/videos/asl/aslsearch/mp4/royal.mp4
royalist, https://media.signbsl.com/videos/asl/youtube/mp4/IBDdP9w4HWw.mp4
rr, https://media.signbsl.com/videos/asl/aslsearch/mp4/rr.mp4
Ruanda, https://media.signbsl.com/videos/asl/youtube/mp4/j3tYegNrULo.mp4
rub, https://media.signbsl.com/videos/asl/aslsearch/mp4/wipe.mp4
rubber, https://media.signbsl.com/videos/asl/startasl/mp4/rubber2.mp4
rubberier, https://media.signbsl.com/videos/asl/youtube/mp4/4HHnKI7DcxA.mp4
rubberise, https://media.signbsl.com/videos/asl/youtube/mp4/9-58trVF5sg.mp4
rubberize, https://media.signbsl.com/videos/asl/youtube/mp4/9-58trVF5sg.mp4
rubberneck, https://media.signbsl.com/videos/asl/youtube/mp4/mMdFNZr5ROs.mp4
rubber necking, https://media.signbsl.com/videos/asl/youtube/mp4/F6kXk7ZGd-I.mp4
rubber stamp, https://media.signbsl.com/videos/asl/youtube/mp4/Ik3TwMjA8ts.mp4
rubbery, https://media.signbsl.com/videos/asl/youtube/mp4/-aw6xIv1nsU.mp4
rubbish, https://media.signbsl.com/videos/asl/startasl/mp4/trash2.mp4
rubbishy, https://media.signbsl.com/videos/asl/youtube/mp4/jNa4RAsyXzw.mp4
rubble, https://media.signbsl.com/videos/asl/aslsearch/mp4/debris.mp4
rub down, https://media.signbsl.com/videos/asl/aslsearch/mp4/knead.mp4
rube, https://player.vimeo.com/external/392636895.sd.mp4?s=1df6b8795bf5148b0f1a7c787e8049673809e621&profile_id=164
rubeola, https://player.vimeo.com/external/392376118.sd.mp4?s=f4bc08e9e174bca3f96864cb11dfe6090e19c46d&profile_id=164
rubicund, https://media.signbsl.com/videos/asl/youtube/mp4/HIOeJZJkIeI.mp4
rub my tummy, https://media.signbsl.com/videos/asl/youtube/mp4/cV-FZt8BF7Q.mp4
rubric, https://media.signbsl.com/videos/asl/aslsignbank/mp4/NAME-511.mp4
ruby, https://media.signbsl.com/videos/asl/startasl/mp4/red.mp4
ruby red, https://media.signbsl.com/videos/asl/startasl/mp4/red.mp4
ruck, https://media.signbsl.com/videos/asl/aslsignbank/mp4/i(pucker)-1804.mp4
ruckle, https://media.signbsl.com/videos/asl/youtube/mp4/URfnYW6YMaQ.mp4
rucksack, https://media.signbsl.com/videos/asl/aslsignbank/mp4/BACKPACK-408.mp4
ruck up, https://media.signbsl.com/videos/asl/aslsignbank/mp4/i(pucker)-1804.mp4
ruckus, https://media.signbsl.com/videos/asl/youtube/mp4/ghFS8Waqr-4.mp4
ruction, https://media.signbsl.com/videos/asl/youtube/mp4/ghFS8Waqr-4.mp4
rudder, https://media.signbsl.com/videos/asl/youtube/mp4/LOq3z1QRQ2c.mp4
rudderless, https://media.signbsl.com/videos/asl/youtube/mp4/Kng5owImeDA.mp4
ruddiness, https://media.signbsl.com/videos/asl/youtube/mp4/e4PnEmvNvPs.mp4
ruddy, https://media.signbsl.com/videos/asl/startasl/mp4/red.mp4
rude, https://media.signbsl.com/videos/asl/startasl/mp4/rude.mp4
rudiment, https://media.signbsl.com/videos/asl/aslsignbank/mp4/ALPHABET-2200.mp4
rudolf, https://media.signbsl.com/videos/asl/youtube/mp4/ZQdtEyfH9ZI.mp4
rudolph, https://player.vimeo.com/external/392746767.sd.mp4?s=4b2a82e72ad51c906b1a1bb2cd9eb2ed82e9c584&profile_id=164
rue, https://media.signbsl.com/videos/asl/signlanguagestudent/mp4/repent%20(alternate).mp4
rueful, https://media.signbsl.com/videos/asl/ids/mp4/2013-11-1050-contrite-1500k-ase.mp4
ruff, https://media.signbsl.com/videos/asl/youtube/mp4/dFuttyNLdq4.mp4
ruffian, https://media.signbsl.com/videos/asl/youtube/mp4/Oj875rFQ7vs.mp4
ruffle, https://media.signbsl.com/videos/asl/youtube/mp4/8Shioi4BBRM.mp4
ruffled, https://media.signbsl.com/videos/asl/youtube/mp4/yBlQxLnAUSA.mp4
ruffle up, https://media.signbsl.com/videos/asl/youtube/mp4/IMlUzwj0i50.mp4
rug, https://media.signbsl.com/videos/asl/startasl/mp4/rug.mp4
rugby, https://media.signbsl.com/videos/asl/youtube/mp4/t0g5-_0xuPI.mp4
rugby football, https://media.signbsl.com/videos/asl/youtube/mp4/t0g5-_0xuPI.mp4
rugged, https://media.signbsl.com/videos/asl/youtube/mp4/IlfiohSHT5w.mp4
ruggeder, https://media.signbsl.com/videos/asl/youtube/mp4/negpHUsRtNY.mp4
rugger, https://media.signbsl.com/videos/asl/youtube/mp4/t0g5-_0xuPI.mp4
rugrat, https://media.signbsl.com/videos/asl/youtube/mp4/0xlFjH3sxio.mp4
ruin, https://media.signbsl.com/videos/asl/youtube/mp4/0dz2F44WD-o.mp4
ruination, https://media.signbsl.com/videos/asl/youtube/mp4/Gv45VUlZW7A.mp4
ruiner, https://media.signbsl.com/videos/asl/youtube/mp4/NbF7D-7Z5gE.mp4
rule, https://media.signbsl.com/videos/asl/signlanguagestudent/mp4/rules.mp4
rule of law, https://media.signbsl.com/videos/asl/elementalaslconcepts/mp4/rule_of_law.mp4
rule of thumb, https://media.signbsl.com/videos/asl/aslsignbank/mp4/RULE-986.mp4
rule out, https://player.vimeo.com/external/391390182.sd.mp4?s=a823fe06183d7e525838a2ed34262dc83671f401&profile_id=164
ruler, https://media.signbsl.com/videos/asl/tsdvideo/mp4/269.mp4
Rule Reign Control, https://media.signbsl.com/videos/asl/ids/mp4/2013-11-4190-rule-reign-control-1500k-ase.mp4
ruler non standard, https://media.signbsl.com/videos/asl/tsdvideo/mp4/745.mp4
rum, https://media.signbsl.com/videos/asl/aslsignbank/mp4/STRANGE-688.mp4
Rumania, https://media.signbsl.com/videos/asl/youtube/mp4/rcKh9OT__B0.mp4
rumble, https://media.signbsl.com/videos/asl/youtube/mp4/lbtmHEUx9dk.mp4
rumbling, https://media.signbsl.com/videos/asl/youtube/mp4/28USkiXxK50.mp4
rumbustious, https://media.signbsl.com/videos/asl/youtube/mp4/Gtxhxyz7xcQ.mp4
ruminate, https://media.signbsl.com/videos/asl/signlanguagestudent/mp4/ponder.mp4
rumination, https://media.signbsl.com/videos/asl/tsdvideo/mp4/507.mp4
ruminative, https://media.signbsl.com/videos/asl/elementalaslconcepts/mp4/reflect.mp4
rummage, https://media.signbsl.com/videos/asl/youtube/mp4/WgGeywnA_fw.mp4
rummy, https://media.signbsl.com/videos/asl/aslsearch/mp4/drunk.mp4
rumor, https://media.signbsl.com/videos/asl/youtube/mp4/epPCE5LPPZQ.mp4
rumormonger, https://media.signbsl.com/videos/asl/youtube/mp4/YZ8FWM5G0es.mp4
rumour, https://media.signbsl.com/videos/asl/youtube/mp4/epPCE5LPPZQ.mp4
rumourmonger, https://media.signbsl.com/videos/asl/youtube/mp4/YZ8FWM5G0es.mp4
rump, https://media.signbsl.com/videos/asl/youtube/mp4/k4acAbNtqrg.mp4
rumpelstilskin, https://media.signbsl.com/videos/asl/youtube/mp4/0bHg43Dgm9E.mp4
rumple, https://media.signbsl.com/videos/asl/youtube/mp4/IMlUzwj0i50.mp4
rumplestiltskin, https://media.signbsl.com/videos/asl/youtube/mp4/_OokOnIVDtg.mp4
rumpus, https://media.signbsl.com/videos/asl/youtube/mp4/ghFS8Waqr-4.mp4
rumpus room, https://media.signbsl.com/videos/asl/youtube/mp4/pUzLvVkwN9U.mp4
run, https://media.signbsl.com/videos/asl/startasl/mp4/run.mp4
run across, https://player.vimeo.com/external/392010398.sd.mp4?s=31ad5d44c1da6ec335af49b0cc10db211f7935f4&profile_id=164
run a lap, https://player.vimeo.com/external/392746809.sd.mp4?s=b69c3f19472e57bd5f3ff381ad7ff8302ec349cd&profile_id=164
run a meeting, https://media.signbsl.com/videos/asl/signlanguagestudent/mp4/run-a-meeting.mp4
run a risk, https://media.signbsl.com/videos/asl/youtube/mp4/4IHkz2jpnPs.mp4
run around, https://media.signbsl.com/videos/asl/youtube/mp4/Xuf_VyrFYos.mp4
runaway, https://media.signbsl.com/videos/asl/youtube/mp4/RWXftblzl6I.mp4
run away, https://media.signbsl.com/videos/asl/youtube/mp4/RWXftblzl6I.mp4
run away fast, https://media.signbsl.com/videos/asl/youtube/mp4/ifYB-FfnduQ.mp4
rundle, https://media.signbsl.com/videos/asl/youtube/mp4/RSKwWQTV2Tg.mp4
run fast, https://media.signbsl.com/videos/asl/signlanguagestudent/mp4/run-fast.mp4
rung, https://media.signbsl.com/videos/asl/youtube/mp4/RSKwWQTV2Tg.mp4
run in, https://media.signbsl.com/videos/asl/aslsearch/mp4/quarrel.mp4
run into, https://media.signbsl.com/videos/asl/aslsearch/mp4/hit3.mp4
run like a madman, https://media.signbsl.com/videos/asl/youtube/mp4/i74tV99K7G8.mp4
runner, https://media.signbsl.com/videos/asl/youtube/mp4/Ot1tDQTaP_k.mp4
runnersup, https://media.signbsl.com/videos/asl/youtube/mp4/6O21Z_kLTYQ.mp4
runnier, https://media.signbsl.com/videos/asl/youtube/mp4/AdMbkBvMzW4.mp4
running, https://media.signbsl.com/videos/asl/youtube/mp4/wnQ-RQolTi0.mp4
running back, https://media.signbsl.com/videos/asl/aslsearch/mp4/running-back.mp4
running hand, https://media.signbsl.com/videos/asl/youtube/mp4/7QQ9An7Xl5g.mp4
running light, https://media.signbsl.com/videos/asl/youtube/mp4/LNgJ-dof6h0.mp4
running noose, https://media.signbsl.com/videos/asl/youtube/mp4/K-dnYHaT658.mp4
runny nose, https://player.vimeo.com/external/392746862.sd.mp4?s=fe65772150e9c03604b55fd041de699fccdb1834&profile_id=164
run off, https://media.signbsl.com/videos/asl/aslsearch/mp4/xerox.mp4
runoff, https://media.signbsl.com/videos/asl/aslsearch/mp4/xerox.mp4
run on sentence, https://media.signbsl.com/videos/asl/elementalaslconcepts/mp4/run-on_sentence.mp4
run out, https://media.signbsl.com/videos/asl/aslsignbank/mp4/LEAK-2365.mp4
run over, https://media.signbsl.com/videos/asl/aslsearch/mp4/overflow.mp4
run past fast, https://media.signbsl.com/videos/asl/youtube/mp4/oufWwce-0lM.mp4
runt, https://media.signbsl.com/videos/asl/youtube/mp4/DAZVT1rt4ko.mp4
run through, https://media.signbsl.com/videos/asl/aslsearch/mp4/use-up.mp4
run up, https://media.signbsl.com/videos/asl/aslsignbank/mp4/SEW-1027.mp4
runway, https://media.signbsl.com/videos/asl/youtube/mp4/GG4lqhD9YuA.mp4
rupture, https://media.signbsl.com/videos/asl/youtube/mp4/-mAEL5zrwGc.mp4
rural, https://media.signbsl.com/videos/asl/elementalaslconcepts/mp4/rural.mp4
ruse, https://media.signbsl.com/videos/asl/youtube/mp4/RXHuu69QE_c.mp4
rush, https://media.signbsl.com/videos/asl/startasl/mp4/hurry.mp4
rush along, https://media.signbsl.com/videos/asl/youtube/mp4/SQLeej0gir8.mp4
rusher, https://media.signbsl.com/videos/asl/youtube/mp4/AMb3OZqE4eg.mp4
rushes plant, https://media.signbsl.com/videos/asl/youtube/mp4/0vGviKyllpM.mp4
Russell, https://media.signbsl.com/videos/asl/philosophy/mp4/Russell-HD.mp4
Russia, https://media.signbsl.com/videos/asl/startasl/mp4/russia.mp4
Russian Federation, https://media.signbsl.com/videos/asl/startasl/mp4/russia.mp4
rust, https://player.vimeo.com/external/391909460.sd.mp4?s=61220f7758304eb1b5d8f67618b67fadb2564cf7&profile_id=164
rustic, https://media.signbsl.com/videos/asl/youtube/mp4/4_XICxkw1YE.mp4
rustier, https://media.signbsl.com/videos/asl/youtube/mp4/_tFwaOiNGrs.mp4
rusting, https://media.signbsl.com/videos/asl/youtube/mp4/GFKWKY2sTLc.mp4
rustle, https://media.signbsl.com/videos/asl/youtube/mp4/3AGZDutMcHc.mp4
rustler, https://media.signbsl.com/videos/asl/youtube/mp4/YdmgeCqXoFU.mp4
rustling, https://media.signbsl.com/videos/asl/youtube/mp4/3AGZDutMcHc.mp4
rustproof, https://media.signbsl.com/videos/asl/youtube/mp4/k_SDggIipe0.mp4
rustproofed, https://media.signbsl.com/videos/asl/youtube/mp4/k_SDggIipe0.mp4
rusty, https://media.signbsl.com/videos/asl/youtube/mp4/ljAIuJDw-Ic.mp4
rut, https://media.signbsl.com/videos/asl/youtube/mp4/C5T0hQDtrOU.mp4
ruth, https://media.signbsl.com/videos/asl/aslsignbank/mp4/PITY-216.mp4
ruthful, https://media.signbsl.com/videos/asl/ids/mp4/2013-11-1050-contrite-1500k-ase.mp4
ruthless, https://media.signbsl.com/videos/asl/youtube/mp4/1d44nzo9xX8.mp4
ruttish, https://media.signbsl.com/videos/asl/aslsearch/mp4/horny.mp4
RV, https://player.vimeo.com/external/392746924.sd.mp4?s=4e3828e77a0d41f1020c719a1d3bf899e61aa3b5&profile_id=164
Rwanda, https://media.signbsl.com/videos/asl/youtube/mp4/j3tYegNrULo.mp4
Rwandese Republic, https://media.signbsl.com/videos/asl/youtube/mp4/j3tYegNrULo.mp4
rÃ©union, NA
