word, videoURL
U, https://media.signbsl.com/videos/asl/aslsignbank/mp4/LETTER-U-1657.mp4
U.S., https://media.signbsl.com/videos/asl/startasl/mp4/united-states.mp4
U.S.A., https://media.signbsl.com/videos/asl/startasl/mp4/united-states.mp4
Uber, https://media.signbsl.com/videos/asl/youtube/mp4/ae-aDKmfg50.mp4
Ubermensch, https://media.signbsl.com/videos/asl/aslsearch/mp4/superman.mp4
ubiquitous, https://media.signbsl.com/videos/asl/valleybible/mp4/omnipresent.mp4
ubiquitousness, https://media.signbsl.com/videos/asl/youtube/mp4/xsDN1suP3Lc.mp4
ubiquity, https://media.signbsl.com/videos/asl/youtube/mp4/xsDN1suP3Lc.mp4
U boat, https://media.signbsl.com/videos/asl/aslsearch/mp4/submarine.mp4
udder, https://media.signbsl.com/videos/asl/youtube/mp4/IfMEFXENwdQ.mp4
udometer, https://media.signbsl.com/videos/asl/elementalaslconcepts/mp4/rain_gauge.mp4
UDP, https://media.signbsl.com/videos/asl/deaftec/mp4/1084.mp4
UFO, https://player.vimeo.com/external/392543763.sd.mp4?s=5ea62bfb4ce56d58c019e1c42038d5367da7dce9&profile_id=164
ufologist, https://media.signbsl.com/videos/asl/youtube/mp4/NrigbNzirjs.mp4
Uganda, https://media.signbsl.com/videos/asl/youtube/mp4/597DOVYiN6g.mp4
ugliness, https://media.signbsl.com/videos/asl/youtube/mp4/b45Uaz_HlyY.mp4
ugly, https://media.signbsl.com/videos/asl/startasl/mp4/ugly.mp4
uh, https://media.signbsl.com/videos/asl/youtube/mp4/vBpRBzYhqPY.mp4
uh huh, https://media.signbsl.com/videos/asl/youtube/mp4/Wd7l_3xjpIw.mp4
uh uh, https://media.signbsl.com/videos/asl/youtube/mp4/HqPUyLayNSA.mp4
U joints, https://media.signbsl.com/videos/asl/AustinCommunityCollege/mp4/auto_Ujoints_.mp4
UK, https://media.signbsl.com/videos/asl/youtube/mp4/xtLq19JqWRM.mp4
Ukraine, https://media.signbsl.com/videos/asl/youtube/mp4/lfM-5Z8h23g.mp4
Ukrayina, https://media.signbsl.com/videos/asl/youtube/mp4/lfM-5Z8h23g.mp4
ulcer, https://player.vimeo.com/external/392543876.sd.mp4?s=d2bb875ccbd96fe88568806fa33c4ef73116956b&profile_id=164
ulceration, https://player.vimeo.com/external/392543876.sd.mp4?s=d2bb875ccbd96fe88568806fa33c4ef73116956b&profile_id=164
ult, https://media.signbsl.com/videos/asl/youtube/mp4/Eh-reEBqaRQ.mp4
ulterior, https://media.signbsl.com/videos/asl/youtube/mp4/IpbuMSrTINM.mp4
ultimata, https://media.signbsl.com/videos/asl/youtube/mp4/_GnzG74yTNs.mp4
ultimate, https://media.signbsl.com/videos/asl/youtube/mp4/jXRHqZs_2Ag.mp4
ultimately, https://media.signbsl.com/videos/asl/startasl/mp4/finally.mp4
ultimo, https://media.signbsl.com/videos/asl/youtube/mp4/Eh-reEBqaRQ.mp4
ultra, https://media.signbsl.com/videos/asl/deaftec-math/mp4/70D-1.mp4
ultraconservative, https://media.signbsl.com/videos/asl/youtube/mp4/gwcV6pKa5mA.mp4
ultralight, https://media.signbsl.com/videos/asl/youtube/mp4/7L1nXSZYOGU.mp4
ultramarine, https://media.signbsl.com/videos/asl/youtube/mp4/jZROMEV3uU8.mp4
ultramodern, https://media.signbsl.com/videos/asl/youtube/mp4/pt7KbzEoTOE.mp4
ultrasonic, https://media.signbsl.com/videos/asl/youtube/mp4/S37nBI3BSPE.mp4
Ultrasonic Inspection, https://media.signbsl.com/videos/asl/AustinCommunityCollege/mp4/weld_ultrasonic_.mp4
ultrasonography, https://media.signbsl.com/videos/asl/youtube/mp4/ZSZTCSlFVwo.mp4
ultrasound, https://media.signbsl.com/videos/asl/youtube/mp4/ZSZTCSlFVwo.mp4
ultraviolet, https://media.signbsl.com/videos/asl/AustinCommunityCollege/mp4/weld_ultaviolet_light_.mp4
ultraviolet illumination, https://media.signbsl.com/videos/asl/AustinCommunityCollege/mp4/weld_ultaviolet_light_.mp4
ultraviolet light, https://media.signbsl.com/videos/asl/AustinCommunityCollege/mp4/weld_ultaviolet_light_.mp4
ultraviolet radiation, https://media.signbsl.com/videos/asl/AustinCommunityCollege/mp4/weld_ultaviolet_light_.mp4
ululate, https://media.signbsl.com/videos/asl/youtube/mp4/-9NnOAR2kqw.mp4
umbilical, https://media.signbsl.com/videos/asl/youtube/mp4/vExRmykeA0E.mp4
umbilical cord, https://media.signbsl.com/videos/asl/youtube/mp4/6sLmV4-Rsbc.mp4
umbilicus, https://media.signbsl.com/videos/asl/aslsearch/mp4/belly-button.mp4
umbrage, https://media.signbsl.com/videos/asl/youtube/mp4/pxRV7cyG8XU.mp4
umbrageous, https://player.vimeo.com/external/392199182.sd.mp4?s=da69a8a41f434832af1761ae215330c176c30bd3&profile_id=164
umbrella, https://media.signbsl.com/videos/asl/startasl/mp4/umbrella.mp4
umm, https://media.signbsl.com/videos/asl/youtube/mp4/1tbUOzXGiIQ.mp4
ummm, https://media.signbsl.com/videos/asl/youtube/mp4/lMr4RsJdEWI.mp4
ump, https://player.vimeo.com/external/392544050.sd.mp4?s=d2e497db77a89fc92fc4a515369c16860122a4ae&profile_id=164
umpire, https://player.vimeo.com/external/392544050.sd.mp4?s=d2e497db77a89fc92fc4a515369c16860122a4ae&profile_id=164
unabashed, https://media.signbsl.com/videos/asl/youtube/mp4/y-_T0xTp1hQ.mp4
unabated, https://media.signbsl.com/videos/asl/youtube/mp4/WSDl0Wmjj8A.mp4
unable, https://media.signbsl.com/videos/asl/aslsearch/mp4/unable.mp4
unabridged, https://media.signbsl.com/videos/asl/youtube/mp4/1s-nOH25ZaQ.mp4
unabused, https://media.signbsl.com/videos/asl/youtube/mp4/moy5-ttoDk4.mp4
unaccented, https://media.signbsl.com/videos/asl/youtube/mp4/Ba6ZvN3mGMc.mp4
unacceptable, https://media.signbsl.com/videos/asl/youtube/mp4/3h-bgQA8Ips.mp4
unaccommodating, https://media.signbsl.com/videos/asl/youtube/mp4/GySLPzP3K28.mp4
unaccompanied, https://player.vimeo.com/external/392544125.sd.mp4?s=462594c9867369ad58a142ac732d9cc771925107&profile_id=164
unaccomplished, https://media.signbsl.com/videos/asl/youtube/mp4/1m2ZJ18b3ss.mp4
unaccountable, https://media.signbsl.com/videos/asl/youtube/mp4/RMh2lqaavlU.mp4
unaccounted, https://media.signbsl.com/videos/asl/youtube/mp4/m2PDG74zvhw.mp4
unaccredited, https://media.signbsl.com/videos/asl/youtube/mp4/RZv39y90kQ8.mp4
unaccustomed, https://media.signbsl.com/videos/asl/youtube/mp4/JCiicF3a1h4.mp4
unachievable, https://media.signbsl.com/videos/asl/youtube/mp4/YDfddSPu2JE.mp4
unacknowledged, https://media.signbsl.com/videos/asl/youtube/mp4/DudCFv7XEEA.mp4
unacquainted, NA
unacquisitive, https://media.signbsl.com/videos/asl/youtube/mp4/-oGou6RAjK8.mp4
unadapted, https://media.signbsl.com/videos/asl/youtube/mp4/-LuPaNS5rLA.mp4
unaddicted, https://media.signbsl.com/videos/asl/youtube/mp4/Ye4qL2ZkvTM.mp4
unaddressed, https://media.signbsl.com/videos/asl/youtube/mp4/Sc8VN54lMJ4.mp4
unadjusted, https://media.signbsl.com/videos/asl/youtube/mp4/3e0GBsVBing.mp4
unadoptable, https://media.signbsl.com/videos/asl/youtube/mp4/XpiIOF8vGEU.mp4
unadorned, https://media.signbsl.com/videos/asl/youtube/mp4/8i4UoURKF6I.mp4
unadulterated, https://media.signbsl.com/videos/asl/youtube/mp4/UJiy1IxGzyk.mp4
unadventurous, https://media.signbsl.com/videos/asl/youtube/mp4/_dLgHtEZOz4.mp4
unadvertised, https://media.signbsl.com/videos/asl/youtube/mp4/qMAHSq0dYTU.mp4
unadvised, https://media.signbsl.com/videos/asl/youtube/mp4/xZJ-NLe4DVI.mp4
unaffected, https://media.signbsl.com/videos/asl/youtube/mp4/1WOt_1flwWk.mp4
unaffiliated, https://media.signbsl.com/videos/asl/youtube/mp4/rnrQpuCPV1c.mp4
unaffordable, https://media.signbsl.com/videos/asl/youtube/mp4/rXl9UtjFQsw.mp4
unafraid, https://media.signbsl.com/videos/asl/youtube/mp4/lK0c1EsWN5Q.mp4
unaggressive, https://media.signbsl.com/videos/asl/youtube/mp4/3ELGEy3VcGU.mp4
unagitated, https://media.signbsl.com/videos/asl/aslsearch/mp4/calm.mp4
unagreeable, https://media.signbsl.com/videos/asl/youtube/mp4/BSYEocJY5g8.mp4
unaided, https://media.signbsl.com/videos/asl/youtube/mp4/FJflJx4kHcc.mp4
unaired, https://media.signbsl.com/videos/asl/youtube/mp4/SSISvXLegvA.mp4
unalert, https://media.signbsl.com/videos/asl/youtube/mp4/v2BM7uPtkX0.mp4
unalienable, https://media.signbsl.com/videos/asl/youtube/mp4/4W6jA2ySSSE.mp4
unaligned, https://media.signbsl.com/videos/asl/youtube/mp4/uV-Z15NYFmc.mp4
unalike, https://media.signbsl.com/videos/asl/youtube/mp4/ZbxEtoEFOBY.mp4
unalterability, https://media.signbsl.com/videos/asl/youtube/mp4/tDNDUv_5yrg.mp4
unalterable, https://media.signbsl.com/videos/asl/youtube/mp4/FjqyPI9VMvo.mp4
unambiguous, https://media.signbsl.com/videos/asl/youtube/mp4/hTEo0hh6egM.mp4
unambitious, https://media.signbsl.com/videos/asl/youtube/mp4/BPdpjEeiwTA.mp4
unamiable, https://media.signbsl.com/videos/asl/youtube/mp4/2d_FOTdz7e4.mp4
unamusing, https://media.signbsl.com/videos/asl/youtube/mp4/r7w6lDBow8M.mp4
unanalyzed, https://media.signbsl.com/videos/asl/youtube/mp4/azA1C3M6B9s.mp4
unanchor, https://media.signbsl.com/videos/asl/youtube/mp4/Mik8kRGh4uw.mp4
unanimated, https://media.signbsl.com/videos/asl/youtube/mp4/A-zcVEmVnlQ.mp4
unanimity, https://media.signbsl.com/videos/asl/youtube/mp4/yRebwBCfr5A.mp4
unanimous, https://media.signbsl.com/videos/asl/unoclimb/mp4/SNK-WdmCeUI.mp4
unannounced, https://media.signbsl.com/videos/asl/youtube/mp4/c7Y3koTvIvg.mp4
unanswerable, https://media.signbsl.com/videos/asl/youtube/mp4/QfvY954ctys.mp4
unanswered, https://media.signbsl.com/videos/asl/youtube/mp4/w1ri-cTKsyk.mp4
unanticipated, https://media.signbsl.com/videos/asl/youtube/mp4/fNjuMhPPxrA.mp4
unapologetic, https://media.signbsl.com/videos/asl/youtube/mp4/jgzm9RANYCY.mp4
unappalled, https://media.signbsl.com/videos/asl/youtube/mp4/qYx9Cbm_QmQ.mp4
unappareled, https://media.signbsl.com/videos/asl/youtube/mp4/oUvqQQVx1Zo.mp4
unapparent, https://media.signbsl.com/videos/asl/youtube/mp4/WTtPLBng8RE.mp4
unappealing, https://media.signbsl.com/videos/asl/youtube/mp4/59RFZQTUxWw.mp4
unappeasable, https://media.signbsl.com/videos/asl/youtube/mp4/q2ZCAG9VvZ0.mp4
unappetising, https://media.signbsl.com/videos/asl/youtube/mp4/m9R7sq47UG0.mp4
unappetizing, https://media.signbsl.com/videos/asl/youtube/mp4/m9R7sq47UG0.mp4
unappliable, https://media.signbsl.com/videos/asl/youtube/mp4/oONREvTweRs.mp4
unappreciated, https://media.signbsl.com/videos/asl/youtube/mp4/iD18kty5ixU.mp4
unappreciative, https://media.signbsl.com/videos/asl/youtube/mp4/CAqNWgKlUBg.mp4
unapprehensive, https://media.signbsl.com/videos/asl/youtube/mp4/HlCV8p24KNc.mp4
unapproachable, https://media.signbsl.com/videos/asl/youtube/mp4/SmK-C1oEC6c.mp4
unappropriated, https://media.signbsl.com/videos/asl/youtube/mp4/3YeiBmTJX4A.mp4
unapproved, https://media.signbsl.com/videos/asl/youtube/mp4/U7JnmFxWunU.mp4
unapt, https://media.signbsl.com/videos/asl/youtube/mp4/rgCGoY3KAJ8.mp4
unarguable, https://media.signbsl.com/videos/asl/youtube/mp4/5ED1rr0GKgI.mp4
unarm, https://media.signbsl.com/videos/asl/youtube/mp4/RjO4Vwry4lc.mp4
unarmed, https://media.signbsl.com/videos/asl/youtube/mp4/3RwBHAfq_ow.mp4
unarmored, https://media.signbsl.com/videos/asl/youtube/mp4/guOIv2OF6VA.mp4
unarmoured, https://media.signbsl.com/videos/asl/youtube/mp4/guOIv2OF6VA.mp4
unarticulated, https://media.signbsl.com/videos/asl/youtube/mp4/5zsq9d30Kuk.mp4
unartistic, https://media.signbsl.com/videos/asl/youtube/mp4/x9dyLWQ5X24.mp4
unascertainable, https://media.signbsl.com/videos/asl/youtube/mp4/F6UfHlx6CAU.mp4
unashamed, https://media.signbsl.com/videos/asl/youtube/mp4/LwHVU2euCME.mp4
unasked, https://media.signbsl.com/videos/asl/youtube/mp4/n_Ogta2jVqw.mp4
unassailable, https://media.signbsl.com/videos/asl/youtube/mp4/g-ouFX9u24o.mp4
unassertive, https://media.signbsl.com/videos/asl/youtube/mp4/qSpZ2lU1LAU.mp4
unassignable, https://media.signbsl.com/videos/asl/youtube/mp4/9U9VLVwEuAc.mp4
unassigned, https://media.signbsl.com/videos/asl/youtube/mp4/o12vtSaNy_4.mp4
unassisted, https://media.signbsl.com/videos/asl/youtube/mp4/2WLtdvT433A.mp4
unassuming, https://media.signbsl.com/videos/asl/youtube/mp4/XDqq2STQ9cs.mp4
unassured, https://media.signbsl.com/videos/asl/youtube/mp4/hT-GIs6Dlpg.mp4
unattached, https://media.signbsl.com/videos/asl/youtube/mp4/BpVLNjYSxPg.mp4
unattackable, https://media.signbsl.com/videos/asl/youtube/mp4/g-ouFX9u24o.mp4
unattainable, https://media.signbsl.com/videos/asl/youtube/mp4/YDfddSPu2JE.mp4
unattempted, https://media.signbsl.com/videos/asl/youtube/mp4/6qgr0Kn2v84.mp4
unattended, https://media.signbsl.com/videos/asl/youtube/mp4/AuDJsSoMfjo.mp4
unattentive, https://media.signbsl.com/videos/asl/youtube/mp4/CuUjHeoYntE.mp4
unattested, https://media.signbsl.com/videos/asl/youtube/mp4/5F20P_lpnIc.mp4
unattired, https://media.signbsl.com/videos/asl/youtube/mp4/oUvqQQVx1Zo.mp4
unattractive, https://media.signbsl.com/videos/asl/youtube/mp4/67SLQmpSfAU.mp4
unauthentic, https://media.signbsl.com/videos/asl/youtube/mp4/42wjB4oKOZU.mp4
unauthorised, https://media.signbsl.com/videos/asl/youtube/mp4/4im5M8h-G1Q.mp4
unauthorized, https://media.signbsl.com/videos/asl/youtube/mp4/4im5M8h-G1Q.mp4
unavailability, https://media.signbsl.com/videos/asl/youtube/mp4/XJfTdGiysqU.mp4
unavailable, https://player.vimeo.com/external/392544161.sd.mp4?s=5e948eca1d4389fb5e64cfff95fc67169d8fa899&profile_id=164
unavailing, https://media.signbsl.com/videos/asl/youtube/mp4/eSGFiXSaPvQ.mp4
unavenged, https://media.signbsl.com/videos/asl/youtube/mp4/eajxBD4rYGg.mp4
unavoidable, https://media.signbsl.com/videos/asl/youtube/mp4/fm5fQXQumnE.mp4
unavoidable casualty, https://media.signbsl.com/videos/asl/youtube/mp4/tTfrAms7iJI.mp4
unavowed, https://media.signbsl.com/videos/asl/youtube/mp4/x9QuULIl004.mp4
unawakened, https://media.signbsl.com/videos/asl/youtube/mp4/a-CRgmTDURI.mp4
unaware, https://media.signbsl.com/videos/asl/aslsearch/mp4/unaware.mp4
unbacked, https://media.signbsl.com/videos/asl/youtube/mp4/2WLtdvT433A.mp4
unbaffled, https://media.signbsl.com/videos/asl/youtube/mp4/zHIa7UwQOqA.mp4
unbaked, https://media.signbsl.com/videos/asl/youtube/mp4/ly2wd9gX1ZQ.mp4
unbalance, https://media.signbsl.com/videos/asl/youtube/mp4/g3C_ZwVfHtk.mp4
unbalanced, https://media.signbsl.com/videos/asl/aslsearch/mp4/crazy.mp4
unbanded, https://media.signbsl.com/videos/asl/youtube/mp4/2H6fVIWaKDk.mp4
unbaptised, https://media.signbsl.com/videos/asl/youtube/mp4/gfATYUXB6lg.mp4
unbaptized, https://media.signbsl.com/videos/asl/youtube/mp4/gfATYUXB6lg.mp4
unbar, https://media.signbsl.com/videos/asl/youtube/mp4/5hz-5criUuk.mp4
unbarred, https://media.signbsl.com/videos/asl/youtube/mp4/zqmfknnlAcY.mp4
unbashful, https://media.signbsl.com/videos/asl/youtube/mp4/BNPC5ZcUx3I.mp4
unbearable, https://media.signbsl.com/videos/asl/youtube/mp4/vmmyEkK6aJs.mp4
unbeatable, https://player.vimeo.com/external/392544250.sd.mp4?s=cfcfe4042d9107c0decf4c45e79d37ea21a102a1&profile_id=164
unbeaten, https://media.signbsl.com/videos/asl/aslsearch/mp4/unbeaten.mp4
unbecoming, https://media.signbsl.com/videos/asl/youtube/mp4/_cS-G4HJhNM.mp4
unbeknown, https://media.signbsl.com/videos/asl/youtube/mp4/Ukz9CmyRWQ8.mp4
unbeknownst, https://media.signbsl.com/videos/asl/youtube/mp4/Ukz9CmyRWQ8.mp4
unbelief, https://media.signbsl.com/videos/asl/youtube/mp4/oFyN2MDrLIM.mp4
unbelievable, https://media.signbsl.com/videos/asl/aslsearch/mp4/incredible.mp4
unbelieved, https://media.signbsl.com/videos/asl/youtube/mp4/d1TYaICIG1Y.mp4
unbeliever, https://media.signbsl.com/videos/asl/valleybible/mp4/unbeliever.mp4
unbelieving, https://media.signbsl.com/videos/asl/youtube/mp4/RuAn-PYcTcA.mp4
unbeloved, https://media.signbsl.com/videos/asl/youtube/mp4/LsQHo1KbT-o.mp4
unbelt, https://media.signbsl.com/videos/asl/youtube/mp4/gvf-fPgXhUs.mp4
unbend, https://media.signbsl.com/videos/asl/youtube/mp4/-D9gQ57MRQU.mp4
unbendable, https://media.signbsl.com/videos/asl/youtube/mp4/WxpCwgZbADU.mp4
unbending, https://media.signbsl.com/videos/asl/youtube/mp4/LS3UfMGLDDw.mp4
unbent, https://media.signbsl.com/videos/asl/youtube/mp4/oB1XypTIUm8.mp4
unbiased, https://media.signbsl.com/videos/asl/youtube/mp4/LY9wLC1DoRY.mp4
unbiassed, https://media.signbsl.com/videos/asl/youtube/mp4/LY9wLC1DoRY.mp4
unbid, https://media.signbsl.com/videos/asl/youtube/mp4/oxdG2pr_lFY.mp4
unbidden, https://media.signbsl.com/videos/asl/youtube/mp4/oxdG2pr_lFY.mp4
unbind, https://media.signbsl.com/videos/asl/youtube/mp4/vbZ4fdXfNOQ.mp4
unbleached, https://media.signbsl.com/videos/asl/youtube/mp4/LN0hKiuwP4c.mp4
unblemished, https://media.signbsl.com/videos/asl/youtube/mp4/8NroahT1Ri4.mp4
unblended, https://media.signbsl.com/videos/asl/youtube/mp4/7_qFCwBAClg.mp4
unblessed, https://media.signbsl.com/videos/asl/youtube/mp4/liygsMtL7rw.mp4
unblindfold, https://media.signbsl.com/videos/asl/youtube/mp4/2Vo2-livzII.mp4
unblinking, https://media.signbsl.com/videos/asl/youtube/mp4/DRzyNSBfqsw.mp4
unbloody, https://media.signbsl.com/videos/asl/youtube/mp4/Sh3gNGv_Pdo.mp4
unblushing, https://media.signbsl.com/videos/asl/youtube/mp4/RCMBYC_c2oY.mp4
unbodied, https://media.signbsl.com/videos/asl/youtube/mp4/mu709Az6Tz0.mp4
unbolt, https://media.signbsl.com/videos/asl/youtube/mp4/QDwwfLC6ePM.mp4
unbolted, https://media.signbsl.com/videos/asl/youtube/mp4/zqmfknnlAcY.mp4
unbooked, https://media.signbsl.com/videos/asl/youtube/mp4/06ecvL3sfKU.mp4
unboot, https://media.signbsl.com/videos/asl/youtube/mp4/5VnISsyZBE0.mp4
unborn, https://media.signbsl.com/videos/asl/youtube/mp4/0GBla9NnJAQ.mp4
unborrowed, https://media.signbsl.com/videos/asl/youtube/mp4/-0QBlp4ZDMk.mp4
unbound, https://media.signbsl.com/videos/asl/youtube/mp4/CqgozRTVjyQ.mp4
unbounded, https://media.signbsl.com/videos/asl/youtube/mp4/qCPBuhF6MoY.mp4
unbowed, https://media.signbsl.com/videos/asl/youtube/mp4/oB1XypTIUm8.mp4
unbox, https://media.signbsl.com/videos/asl/youtube/mp4/wL1VeVFawiI.mp4
unbrace, https://media.signbsl.com/videos/asl/youtube/mp4/8zsF3F2lIQs.mp4
unbraid, https://media.signbsl.com/videos/asl/youtube/mp4/2h8sC8eWhBw.mp4
unbranch, https://media.signbsl.com/videos/asl/youtube/mp4/uw89bWOM1s0.mp4
unbranded, https://media.signbsl.com/videos/asl/youtube/mp4/YO-SAcvYmVw.mp4
unbreakable, https://media.signbsl.com/videos/asl/aslsearch/mp4/unbreakable.mp4
unbridgeable, https://media.signbsl.com/videos/asl/youtube/mp4/MgkzV8-6KmA.mp4
unbridle, https://media.signbsl.com/videos/asl/youtube/mp4/AAc-mXNvYs0.mp4
unbridled, https://media.signbsl.com/videos/asl/youtube/mp4/X-1tzhTmn8M.mp4
unbroken, https://media.signbsl.com/videos/asl/youtube/mp4/KCgQ6faj_9g.mp4
unbuckle, https://media.signbsl.com/videos/asl/aslsearch/mp4/unbuckle.mp4
unbuilt, https://media.signbsl.com/videos/asl/youtube/mp4/prxEdSAMi50.mp4
unbundle, https://media.signbsl.com/videos/asl/youtube/mp4/vwSULgzJ00Q.mp4
unburden, https://player.vimeo.com/external/392544284.sd.mp4?s=3edb6a6b1081c72185ef2c432ee7dd5728f35a3d&profile_id=164
unburied, https://media.signbsl.com/videos/asl/youtube/mp4/bA4E9KdCULg.mp4
unbutton, https://media.signbsl.com/videos/asl/youtube/mp4/fWUbfb0WFu8.mp4
uncalled for, https://media.signbsl.com/videos/asl/youtube/mp4/tfsDKTSaNlg.mp4
uncannily, https://media.signbsl.com/videos/asl/youtube/mp4/YR7zfAtVTdk.mp4
uncap, https://media.signbsl.com/videos/asl/youtube/mp4/gGcDeuSRcoM.mp4
uncaring, https://media.signbsl.com/videos/asl/youtube/mp4/lFJKQf6j7Rw.mp4
uncase, https://media.signbsl.com/videos/asl/aslsearch/mp4/undress.mp4
uncategorised, https://media.signbsl.com/videos/asl/youtube/mp4/-kIn5q7lVd8.mp4
uncategorized, https://media.signbsl.com/videos/asl/youtube/mp4/-kIn5q7lVd8.mp4
uncaught, https://media.signbsl.com/videos/asl/youtube/mp4/abIyUCDKCpc.mp4
unceasing, https://media.signbsl.com/videos/asl/ids/mp4/2013-11-1520-everlasting-1500k-ase.mp4
unceremonious, https://media.signbsl.com/videos/asl/youtube/mp4/2vDnhTgGE-o.mp4
uncertain, https://media.signbsl.com/videos/asl/aslsearch/mp4/uncertain.mp4
uncertainly, https://media.signbsl.com/videos/asl/youtube/mp4/BOAPEtxJWDY.mp4
uncertainty, https://media.signbsl.com/videos/asl/signlanguagestudent/mp4/doubt.mp4
uncertified, https://media.signbsl.com/videos/asl/youtube/mp4/kW06V0phum0.mp4
unchain, https://media.signbsl.com/videos/asl/youtube/mp4/F6OplOLw-jg.mp4
unchallengeable, https://media.signbsl.com/videos/asl/youtube/mp4/OmDC6yZg5jw.mp4
unchallenged, https://media.signbsl.com/videos/asl/youtube/mp4/4uBxI6rUwg8.mp4
unchanged, https://media.signbsl.com/videos/asl/youtube/mp4/TO_43SGF2WQ.mp4
unchaperoned, https://player.vimeo.com/external/392544361.sd.mp4?s=3d661a6394388e6bd3d97fdbd5638ff1b082073f&profile_id=164
uncharacteristic, https://media.signbsl.com/videos/asl/youtube/mp4/92PnXoanHSY.mp4
uncharacteristic of, https://media.signbsl.com/videos/asl/youtube/mp4/92PnXoanHSY.mp4
uncharged, https://media.signbsl.com/videos/asl/youtube/mp4/xW1vqRMm5fQ.mp4
uncharitable, https://media.signbsl.com/videos/asl/youtube/mp4/ViMaGkDcI0w.mp4
uncharted, https://media.signbsl.com/videos/asl/youtube/mp4/B90hk_QRYYc.mp4
unchaste, https://media.signbsl.com/videos/asl/youtube/mp4/9nkoaJH34yk.mp4
uncheck, https://media.signbsl.com/videos/asl/youtube/mp4/Lu3am-bsz-0.mp4
uncheckable, https://media.signbsl.com/videos/asl/youtube/mp4/1b3Fv-c9bO0.mp4
unchecked, https://media.signbsl.com/videos/asl/youtube/mp4/X-1tzhTmn8M.mp4
uncheerful, https://media.signbsl.com/videos/asl/youtube/mp4/3xaTneNArVI.mp4
unchristian, https://media.signbsl.com/videos/asl/youtube/mp4/wq1WIK3C-JY.mp4
uncirculated, https://media.signbsl.com/videos/asl/youtube/mp4/kf04RusB0rU.mp4
uncircumcised, https://media.signbsl.com/videos/asl/youtube/mp4/icqkkTQAAYk.mp4
uncivil, https://media.signbsl.com/videos/asl/youtube/mp4/IYtG35qz8r4.mp4
uncivilised, https://media.signbsl.com/videos/asl/youtube/mp4/BrvZFRjRisE.mp4
uncivilized, https://media.signbsl.com/videos/asl/youtube/mp4/BrvZFRjRisE.mp4
unclad, https://media.signbsl.com/videos/asl/youtube/mp4/oUvqQQVx1Zo.mp4
unclaimed, https://media.signbsl.com/videos/asl/youtube/mp4/zx_ni1wxt0s.mp4
unclasp, https://media.signbsl.com/videos/asl/youtube/mp4/IriijVbOrXg.mp4
unclassifiable, https://media.signbsl.com/videos/asl/youtube/mp4/ZdIZOIMgyO4.mp4
unclassified, https://media.signbsl.com/videos/asl/youtube/mp4/WGBfV6lKC0U.mp4
uncle, https://media.signbsl.com/videos/asl/startasl/mp4/uncle.mp4
unclean, https://media.signbsl.com/videos/asl/startasl/mp4/dirty.mp4
unclear, https://media.signbsl.com/videos/asl/aslsearch/mp4/unclear.mp4
uncleared, https://media.signbsl.com/videos/asl/youtube/mp4/nScYtKuKlBA.mp4
unclench, https://media.signbsl.com/videos/asl/youtube/mp4/M3ksYW40AIg.mp4
Uncle Tom, https://media.signbsl.com/videos/asl/youtube/mp4/4N3CboOT76A.mp4
unclimbable, https://media.signbsl.com/videos/asl/youtube/mp4/u7wapCjDzYs.mp4
unclinch, https://media.signbsl.com/videos/asl/youtube/mp4/UamHXAfGyJU.mp4
unclip, https://media.signbsl.com/videos/asl/youtube/mp4/A4kmi5C7NIM.mp4
uncloak, https://media.signbsl.com/videos/asl/youtube/mp4/aBGYO7xZDWg.mp4
unclog, https://media.signbsl.com/videos/asl/youtube/mp4/Vfh1327l8gI.mp4
unclose, https://media.signbsl.com/videos/asl/youtube/mp4/s30JilnNV9U.mp4
unclothe, https://media.signbsl.com/videos/asl/aslsearch/mp4/undress.mp4
uncloud, https://media.signbsl.com/videos/asl/youtube/mp4/ECDDIGmVUGI.mp4
unclouded, https://media.signbsl.com/videos/asl/youtube/mp4/ywG6co7OtCM.mp4
unclutter, https://media.signbsl.com/videos/asl/youtube/mp4/0y9k0LlE6lI.mp4
uncoated, https://media.signbsl.com/videos/asl/youtube/mp4/NOAmzNdYKk4.mp4
uncoil, https://media.signbsl.com/videos/asl/youtube/mp4/lRk22q5F8IE.mp4
uncollected, https://media.signbsl.com/videos/asl/youtube/mp4/eBBrcQf_xbo.mp4
uncollectible, https://media.signbsl.com/videos/asl/youtube/mp4/18PQ2iE8_N8.mp4
uncolored, https://media.signbsl.com/videos/asl/youtube/mp4/sMvct2erBhE.mp4
uncoloured, https://media.signbsl.com/videos/asl/youtube/mp4/sMvct2erBhE.mp4
uncombed, https://media.signbsl.com/videos/asl/youtube/mp4/LMPlvnsWQ-Y.mp4
uncombined, https://media.signbsl.com/videos/asl/youtube/mp4/0eclgpYUer4.mp4
uncomely, https://media.signbsl.com/videos/asl/youtube/mp4/_cS-G4HJhNM.mp4
uncomfortable, https://media.signbsl.com/videos/asl/aslsearch/mp4/uncomfortable.mp4
uncomfortableness, https://media.signbsl.com/videos/asl/youtube/mp4/l3qpMGZtdqQ.mp4
uncommercial, https://media.signbsl.com/videos/asl/youtube/mp4/Y2yCjg8uuRM.mp4
uncommitted, https://media.signbsl.com/videos/asl/youtube/mp4/BpVLNjYSxPg.mp4
uncommon, https://player.vimeo.com/external/392544470.sd.mp4?s=7b9b3f65151b38ede4ea6d94246f50e150a17c16&profile_id=164
uncommunicative, https://media.signbsl.com/videos/asl/youtube/mp4/BPclMxKlDr8.mp4
uncomparable, https://media.signbsl.com/videos/asl/youtube/mp4/QWjmr2tfRrg.mp4
uncompensated, https://media.signbsl.com/videos/asl/youtube/mp4/ngIRShQjSYs.mp4
uncomplaining, https://media.signbsl.com/videos/asl/youtube/mp4/VegaqcnkiME.mp4
uncomplete, https://media.signbsl.com/videos/asl/aslsearch/mp4/incomplete.mp4
uncompleted, https://media.signbsl.com/videos/asl/youtube/mp4/Ki4L00TYU4w.mp4
uncomplicated, https://media.signbsl.com/videos/asl/aslsignbank/mp4/ELEMENTARY-SCHOOL-743.mp4
uncomplimentary, https://media.signbsl.com/videos/asl/youtube/mp4/KwU2RSpVu1k.mp4
uncomprehending, https://media.signbsl.com/videos/asl/youtube/mp4/nLFL3edwIac.mp4
uncompress, https://media.signbsl.com/videos/asl/youtube/mp4/MRnHM7GbjhA.mp4
uncompromising, https://media.signbsl.com/videos/asl/youtube/mp4/EcfKZSMkqz0.mp4
unconcealed, https://media.signbsl.com/videos/asl/youtube/mp4/QfB11qG-j3g.mp4
unconcern, https://media.signbsl.com/videos/asl/youtube/mp4/vHeDqPBZ4bw.mp4
unconcerned, https://media.signbsl.com/videos/asl/youtube/mp4/nGKji_jEWyc.mp4
unconditional, https://media.signbsl.com/videos/asl/youtube/mp4/ElWucPW58-U.mp4
unconditioned, https://media.signbsl.com/videos/asl/aslsearch/mp4/absolute.mp4
unconditioned reflex, https://media.signbsl.com/videos/asl/youtube/mp4/EF9nRi7vJMY.mp4
unconfessed, https://media.signbsl.com/videos/asl/youtube/mp4/7EIJqXluvR8.mp4
unconfident, https://media.signbsl.com/videos/asl/youtube/mp4/GSRZyj4iYc8.mp4
unconfined, https://media.signbsl.com/videos/asl/youtube/mp4/tT2D137KQ_o.mp4
unconfirmed, https://media.signbsl.com/videos/asl/youtube/mp4/3zrkigbJ0WI.mp4
unconfused, https://media.signbsl.com/videos/asl/youtube/mp4/zHIa7UwQOqA.mp4
uncongenial, https://player.vimeo.com/external/392549670.sd.mp4?s=69e461ea174371dae70148e53ceffa32b0f424bb&profile_id=164
unconnected, https://media.signbsl.com/videos/asl/youtube/mp4/XlM38Q9cUIs.mp4
unconquerable, https://media.signbsl.com/videos/asl/youtube/mp4/FgfoD8bjE1Y.mp4
unconquered, https://media.signbsl.com/videos/asl/aslsearch/mp4/unbeaten.mp4
unconscionable, https://media.signbsl.com/videos/asl/youtube/mp4/wvUKM1IGvlU.mp4
unconscious, https://media.signbsl.com/videos/asl/aslsearch/mp4/unconscious.mp4
unconsecrated, https://media.signbsl.com/videos/asl/youtube/mp4/4QHiD9vjvQo.mp4
unconsidered, https://media.signbsl.com/videos/asl/youtube/mp4/yDH1r9b1XI8.mp4
unconsloable, https://media.signbsl.com/videos/asl/youtube/mp4/a1STrQj3DYM.mp4
unconsolable, https://media.signbsl.com/videos/asl/youtube/mp4/gkja55dr6lY.mp4
unconsolidated, https://media.signbsl.com/videos/asl/youtube/mp4/t6HiVVQ4qv0.mp4
unconstitutional, https://media.signbsl.com/videos/asl/aslsearch/mp4/unconstitutional.mp4
unconstrained, https://media.signbsl.com/videos/asl/youtube/mp4/bya1uNdThtg.mp4
unconstricted, https://media.signbsl.com/videos/asl/youtube/mp4/y5xdZNu2urU.mp4
unconstructive, https://media.signbsl.com/videos/asl/youtube/mp4/1jtA4Y4f9dc.mp4
unconsumed, https://media.signbsl.com/videos/asl/youtube/mp4/RZrmscSdb7s.mp4
unconsummated, https://media.signbsl.com/videos/asl/youtube/mp4/fyh_qFCnuP0.mp4
uncontaminated, https://media.signbsl.com/videos/asl/youtube/mp4/-UDXQxqlPhA.mp4
uncontestable, https://media.signbsl.com/videos/asl/youtube/mp4/9N0B6rJJVdM.mp4
uncontested, https://media.signbsl.com/videos/asl/youtube/mp4/M2wHj4ns38I.mp4
uncontrollable, https://media.signbsl.com/videos/asl/youtube/mp4/PYKMerO-WBE.mp4
uncontroversial, https://media.signbsl.com/videos/asl/youtube/mp4/aCSjhbvjPBU.mp4
unconventional, https://media.signbsl.com/videos/asl/youtube/mp4/mZHIr-wv6PM.mp4
unconverted, https://media.signbsl.com/videos/asl/youtube/mp4/Cxb2_1ThyVk.mp4
unconvinced, https://media.signbsl.com/videos/asl/youtube/mp4/aCW73DEIFVA.mp4
unconvincing, https://media.signbsl.com/videos/asl/youtube/mp4/hJR8G6qLUOs.mp4
uncooked, https://media.signbsl.com/videos/asl/youtube/mp4/yFuNUT85NQo.mp4
uncool, https://media.signbsl.com/videos/asl/youtube/mp4/idSg1Kwm58w.mp4
uncooperative, https://media.signbsl.com/videos/asl/youtube/mp4/DwySc3Os7Aw.mp4
uncoordinated, https://media.signbsl.com/videos/asl/youtube/mp4/cjEr1WwyW6E.mp4
uncork, https://media.signbsl.com/videos/asl/youtube/mp4/tlg0odLs6RA.mp4
uncorrectable, https://media.signbsl.com/videos/asl/youtube/mp4/RzFW1ItBGlc.mp4
uncorroborated, https://media.signbsl.com/videos/asl/youtube/mp4/8Za4WKP1YJw.mp4
uncorrupt, https://media.signbsl.com/videos/asl/youtube/mp4/bEb_cHVngm8.mp4
uncorrupted, https://media.signbsl.com/videos/asl/youtube/mp4/zyCxwkzFrRw.mp4
uncountable, https://media.signbsl.com/videos/asl/youtube/mp4/LApzU2YZRFA.mp4
uncounted, https://media.signbsl.com/videos/asl/ids/mp4/2013-11-2405-infinite-1500k-ase.mp4
uncouth, https://media.signbsl.com/videos/asl/youtube/mp4/DGsticPGewU.mp4
uncover, https://player.vimeo.com/external/392544550.sd.mp4?s=a3da1deea70879cd10c96471558011793bf5061d&profile_id=164
uncovered, https://media.signbsl.com/videos/asl/youtube/mp4/aoZhtGscSkM.mp4
uncovering, https://media.signbsl.com/videos/asl/youtube/mp4/LKk10vhfovo.mp4
uncrate, https://media.signbsl.com/videos/asl/youtube/mp4/sbgA0zJVRYA.mp4
uncritical, https://media.signbsl.com/videos/asl/youtube/mp4/cewfNago93E.mp4
uncropped, https://media.signbsl.com/videos/asl/youtube/mp4/R-vTt2sWh34.mp4
uncross, https://media.signbsl.com/videos/asl/youtube/mp4/OKDxj6E8aj8.mp4
uncrowded, https://media.signbsl.com/videos/asl/youtube/mp4/UiO_X0rs9qg.mp4
uncrown, https://media.signbsl.com/videos/asl/youtube/mp4/1kLAMx6knV0.mp4
uncrowned, https://media.signbsl.com/videos/asl/youtube/mp4/RV2odlOtE_4.mp4
uncrushable, https://media.signbsl.com/videos/asl/youtube/mp4/6uvFCHKvCz4.mp4
uncrushed, https://media.signbsl.com/videos/asl/youtube/mp4/loghOIH2b0o.mp4
unction, https://media.signbsl.com/videos/asl/youtube/mp4/EHb-jCXCfHk.mp4
unctuous, https://media.signbsl.com/videos/asl/youtube/mp4/cIfReZSw6ZI.mp4
uncultivated, https://media.signbsl.com/videos/asl/youtube/mp4/5csAqytXE48.mp4
uncultured, https://media.signbsl.com/videos/asl/youtube/mp4/5csAqytXE48.mp4
uncurable, https://media.signbsl.com/videos/asl/youtube/mp4/wIe2H8qacWQ.mp4
uncurbed, https://media.signbsl.com/videos/asl/youtube/mp4/X-1tzhTmn8M.mp4
uncured, https://media.signbsl.com/videos/asl/youtube/mp4/sZS85PReya8.mp4
uncurl, https://media.signbsl.com/videos/asl/youtube/mp4/ekxRo90tA_A.mp4
uncurved, https://media.signbsl.com/videos/asl/youtube/mp4/KeWwH-DrsKc.mp4
uncurving, https://media.signbsl.com/videos/asl/youtube/mp4/KeWwH-DrsKc.mp4
uncustomary, https://media.signbsl.com/videos/asl/youtube/mp4/Mqf-A9AF5Xc.mp4
uncustomized, https://media.signbsl.com/videos/asl/youtube/mp4/PYj-JeztvN4.mp4
uncut, https://media.signbsl.com/videos/asl/youtube/mp4/JccV-etgdF4.mp4
undamaged, https://media.signbsl.com/videos/asl/youtube/mp4/WxxhqkKlNOA.mp4
undated, https://media.signbsl.com/videos/asl/youtube/mp4/ZoejbIP5Q7c.mp4
undated thing has no date on it, https://media.signbsl.com/videos/asl/youtube/mp4/qSnabknDCWQ.mp4
undaunted, https://media.signbsl.com/videos/asl/youtube/mp4/1Dy5aFyPxsw.mp4
undecidable, https://player.vimeo.com/external/392872637.sd.mp4?s=9662a4664179bed74349bf8aa3fe6dc09f02653e&profile_id=164
undecided, https://media.signbsl.com/videos/asl/youtube/mp4/lx7x3eAZlWA.mp4
undecipherable, https://media.signbsl.com/videos/asl/aslsearch/mp4/unclear.mp4
undeclared, https://media.signbsl.com/videos/asl/youtube/mp4/muxC0ag0ceI.mp4
undecorated, https://media.signbsl.com/videos/asl/youtube/mp4/8i4UoURKF6I.mp4
undefeated, https://media.signbsl.com/videos/asl/youtube/mp4/PMK6gv-ruMo.mp4
undefendable, https://media.signbsl.com/videos/asl/youtube/mp4/6682TkmhX-8.mp4
undefended, https://media.signbsl.com/videos/asl/youtube/mp4/6682TkmhX-8.mp4
undefinable, https://media.signbsl.com/videos/asl/youtube/mp4/T-wfoaJ1BTs.mp4
undefined, https://media.signbsl.com/videos/asl/youtube/mp4/L_avVN7Nr_o.mp4
undemanding, https://media.signbsl.com/videos/asl/youtube/mp4/qOBjMoNTKIw.mp4
undemonstrative, https://media.signbsl.com/videos/asl/youtube/mp4/Yb7NkPAqcu8.mp4
undeniable, https://media.signbsl.com/videos/asl/youtube/mp4/7C-Vj_y0PCs.mp4
undependability, https://media.signbsl.com/videos/asl/youtube/mp4/CkSdQDK9JdQ.mp4
undependable, https://media.signbsl.com/videos/asl/aslsearch/mp4/unreliable.mp4
undependableness, https://media.signbsl.com/videos/asl/youtube/mp4/CkSdQDK9JdQ.mp4
under, https://media.signbsl.com/videos/asl/tsdvideo/mp4/207.mp4
underachieve, https://media.signbsl.com/videos/asl/youtube/mp4/0wLMa0RvI_s.mp4
underachiever, https://media.signbsl.com/videos/asl/youtube/mp4/uDIbIdweySE.mp4
underact, https://media.signbsl.com/videos/asl/youtube/mp4/0JafJTBKuKw.mp4
underactive, https://media.signbsl.com/videos/asl/youtube/mp4/NMCGKOSVglE.mp4
underage, https://media.signbsl.com/videos/asl/youtube/mp4/cazSpkOniv0.mp4
underarm, https://media.signbsl.com/videos/asl/youtube/mp4/KegxRkswEPE.mp4
underbellies, https://media.signbsl.com/videos/asl/youtube/mp4/mCbnfXoCc1A.mp4
underbelly, https://media.signbsl.com/videos/asl/youtube/mp4/mCbnfXoCc1A.mp4
underbid, https://media.signbsl.com/videos/asl/youtube/mp4/bMD9XEYtuPA.mp4
underbite, https://media.signbsl.com/videos/asl/youtube/mp4/4fgeVJWkhLI.mp4
underbrush, https://media.signbsl.com/videos/asl/youtube/mp4/HxQ4nC1Lod0.mp4
undercarriage, https://media.signbsl.com/videos/asl/youtube/mp4/KBkKf8zK2do.mp4
undercharge, https://media.signbsl.com/videos/asl/youtube/mp4/S3qQ024AuX4.mp4
underclass, NA
underclassman, https://media.signbsl.com/videos/asl/youtube/mp4/CZa75VXFMjQ.mp4
underclothes, https://media.signbsl.com/videos/asl/aslsignbank/mp4/UNDERPANTS-1357.mp4
underclothing, https://media.signbsl.com/videos/asl/aslsignbank/mp4/UNDERPANTS-1357.mp4
undercoat, https://media.signbsl.com/videos/asl/elementalaslconcepts/mp4/prime.mp4
under construction, https://player.vimeo.com/external/392544589.sd.mp4?s=01b2cb0fac0bd0ec81bfb64781d5e356fd992750&profile_id=164
under control, https://player.vimeo.com/external/392544621.sd.mp4?s=70909a622210812d07f240edb19bb2d8b1835d41&profile_id=164
undercover, https://player.vimeo.com/external/395755756.sd.mp4?s=80582e1677da0f8f2bb87c43d35e4bc769e9f356&profile_id=164
undercover agent, https://media.signbsl.com/videos/asl/aslsearch/mp4/spy.mp4
undercurrent, https://media.signbsl.com/videos/asl/youtube/mp4/YxfnUvd7O9I.mp4
undercut, https://media.signbsl.com/videos/asl/youtube/mp4/jC1sSc3ryMs.mp4
underdeveloped, https://media.signbsl.com/videos/asl/youtube/mp4/crJ5KAoc3zI.mp4
underdone, https://media.signbsl.com/videos/asl/youtube/mp4/wa3uxN302Dc.mp4
underdrawers, https://media.signbsl.com/videos/asl/youtube/mp4/MOoHO_6e8KA.mp4
undereducated, https://media.signbsl.com/videos/asl/youtube/mp4/MZe8Uintjak.mp4
underemployed, https://media.signbsl.com/videos/asl/youtube/mp4/xZQzz1f77BA.mp4
underestimate, https://media.signbsl.com/videos/asl/tsdvideo/mp4/319.mp4
underexpose, https://media.signbsl.com/videos/asl/youtube/mp4/xMBNZ5bmtnU.mp4
underfed, https://media.signbsl.com/videos/asl/youtube/mp4/v0T7PV0RyhU.mp4
underfill, https://media.signbsl.com/videos/asl/AustinCommunityCollege/mp4/weld_underfill_.mp4
underfloor, https://media.signbsl.com/videos/asl/youtube/mp4/dKR57gh6k3o.mp4
underfoot, https://media.signbsl.com/videos/asl/youtube/mp4/D9DZjFiMsLM.mp4
underformed, https://media.signbsl.com/videos/asl/youtube/mp4/c2hp1KWt7GQ.mp4
underfunded, https://media.signbsl.com/videos/asl/youtube/mp4/MW47Ki_TPqo.mp4
underfur, https://media.signbsl.com/videos/asl/youtube/mp4/6cUDa7a_UNU.mp4
underfurnish, https://media.signbsl.com/videos/asl/youtube/mp4/p0-IfZFd5Tc.mp4
undergarment, https://media.signbsl.com/videos/asl/youtube/mp4/RtTOtdqrcB0.mp4
undergo, https://media.signbsl.com/videos/asl/youtube/mp4/6MLvQl8TCxs.mp4
undergrad, https://media.signbsl.com/videos/asl/youtube/mp4/UQp5vOxjW7E.mp4
undergraduate, https://media.signbsl.com/videos/asl/youtube/mp4/UQp5vOxjW7E.mp4
underground, https://media.signbsl.com/videos/asl/aslsearch/mp4/subway.mp4
Underground Railroad, https://media.signbsl.com/videos/asl/elementalaslconcepts/mp4/underground_railroad.mp4
Underground Railway, https://media.signbsl.com/videos/asl/elementalaslconcepts/mp4/underground_railroad.mp4
undergrowth, https://media.signbsl.com/videos/asl/youtube/mp4/HxQ4nC1Lod0.mp4
underhand, https://player.vimeo.com/external/392544818.sd.mp4?s=24695a9ded6d00e71808c8ea9b92208c76194722&profile_id=164
underhanded, https://player.vimeo.com/external/392544818.sd.mp4?s=24695a9ded6d00e71808c8ea9b92208c76194722&profile_id=164
underinsured, https://media.signbsl.com/videos/asl/youtube/mp4/D3rSncGDtCA.mp4
underlain, https://media.signbsl.com/videos/asl/youtube/mp4/BlE0023NAhg.mp4
underlay, https://media.signbsl.com/videos/asl/youtube/mp4/CbaKhAjvTW0.mp4
underlie, https://player.vimeo.com/external/392544880.sd.mp4?s=da14b107fb50f4999f27c62fb18a5a73d2bf21d3&profile_id=164
underline, https://media.signbsl.com/videos/asl/youtube/mp4/9rYNCkRKLQs.mp4
underling, https://media.signbsl.com/videos/asl/youtube/mp4/cVOvjZlliqk.mp4
underlip, https://media.signbsl.com/videos/asl/youtube/mp4/9LKmRDJ_4R4.mp4
underlying, https://player.vimeo.com/external/392547281.sd.mp4?s=c94c24ed7f5212519279caad0a34c6feb1883d5a&profile_id=164
undermanned, https://media.signbsl.com/videos/asl/youtube/mp4/sb4sQaPm4UA.mp4
undermentioned, https://media.signbsl.com/videos/asl/aslsearch/mp4/step.mp4
undermine, https://player.vimeo.com/external/392547305.sd.mp4?s=b866c1dd268e78484238eeb0c44c4b7ac754eb60&profile_id=164
undermost, https://media.signbsl.com/videos/asl/youtube/mp4/Yy4UPbhVdrI.mp4
underneath, https://player.vimeo.com/external/392547346.sd.mp4?s=6391f3d353ef6826edfbb3079b9cd297ef81a303&profile_id=164
undernourished, https://media.signbsl.com/videos/asl/youtube/mp4/v0T7PV0RyhU.mp4
underpaid, https://media.signbsl.com/videos/asl/youtube/mp4/i-Sms2RbS00.mp4
underpants, https://media.signbsl.com/videos/asl/youtube/mp4/74mzAsu7xf4.mp4
underpart, https://media.signbsl.com/videos/asl/youtube/mp4/Kp7gVMXFVsg.mp4
underpass, https://media.signbsl.com/videos/asl/youtube/mp4/g7-AYVeDOKI.mp4
underperform, https://media.signbsl.com/videos/asl/youtube/mp4/0wLMa0RvI_s.mp4
underperformer, https://media.signbsl.com/videos/asl/youtube/mp4/uDIbIdweySE.mp4
underpin, https://media.signbsl.com/videos/asl/youtube/mp4/DlkSOipbbFk.mp4
underpirces, https://media.signbsl.com/videos/asl/youtube/mp4/A9qyaZ-YKK4.mp4
underplay, https://media.signbsl.com/videos/asl/youtube/mp4/0JafJTBKuKw.mp4
underpopulated, https://media.signbsl.com/videos/asl/youtube/mp4/-Gs6ZhHWy0s.mp4
underprivileged, https://media.signbsl.com/videos/asl/youtube/mp4/h1D30ZRzPrE.mp4
underproduce, https://media.signbsl.com/videos/asl/youtube/mp4/NZT9emDDN60.mp4
underrate, https://media.signbsl.com/videos/asl/tsdvideo/mp4/319.mp4
underreport, https://media.signbsl.com/videos/asl/youtube/mp4/bvenJX4Ar44.mp4
underrepresented, https://media.signbsl.com/videos/asl/youtube/mp4/5xPU6UOEquo.mp4
underscore, https://media.signbsl.com/videos/asl/youtube/mp4/9rYNCkRKLQs.mp4
undersea, https://media.signbsl.com/videos/asl/youtube/mp4/buEbfwSlxSg.mp4
undersecretaries, https://media.signbsl.com/videos/asl/youtube/mp4/Nqa_MEUSW-Q.mp4
undersecretary, https://media.signbsl.com/videos/asl/youtube/mp4/Nqa_MEUSW-Q.mp4
undersell, https://media.signbsl.com/videos/asl/youtube/mp4/f8wA6n-r-bc.mp4
underserve, https://media.signbsl.com/videos/asl/youtube/mp4/2D3Id0Xq4Ag.mp4
undersexed, https://media.signbsl.com/videos/asl/youtube/mp4/b4CYVlOIe0U.mp4
undershirt, https://media.signbsl.com/videos/asl/youtube/mp4/HbmKZfhS31E.mp4
undershoot, https://media.signbsl.com/videos/asl/youtube/mp4/rFgup1j6Pzw.mp4
underside, https://media.signbsl.com/videos/asl/aslsignbank/mp4/DS-1938.mp4
undersign, https://media.signbsl.com/videos/asl/youtube/mp4/ZOIUIKb1pZ0.mp4
undersize, https://media.signbsl.com/videos/asl/youtube/mp4/JQ3PVA_Mysk.mp4
undersized, https://media.signbsl.com/videos/asl/youtube/mp4/JQ3PVA_Mysk.mp4
underskirt, https://media.signbsl.com/videos/asl/youtube/mp4/yojjjIvZ_HI.mp4
undersoil, https://media.signbsl.com/videos/asl/youtube/mp4/RHWBnOqs7qM.mp4
underspend, https://media.signbsl.com/videos/asl/youtube/mp4/VzaX9fiVZ5w.mp4
understaffed, https://media.signbsl.com/videos/asl/youtube/mp4/sb4sQaPm4UA.mp4
understand, https://media.signbsl.com/videos/asl/signlanguagestudent/mp4/understand.mp4
understandable, https://player.vimeo.com/external/392547403.sd.mp4?s=bc5739dacea4ba04f1bd3cf79ff7d11cf11e1745&profile_id=164
understanding, https://media.signbsl.com/videos/asl/aslsearch/mp4/sympathy.mp4
understanding compassionate, https://media.signbsl.com/videos/asl/youtube/mp4/FLX4HFWLYVM.mp4
understand little, https://media.signbsl.com/videos/asl/youtube/mp4/L86rInjrb8Y.mp4
understate, https://media.signbsl.com/videos/asl/youtube/mp4/Ik-6LsUBRZg.mp4
understock, https://media.signbsl.com/videos/asl/youtube/mp4/-v-WflOHSx4.mp4
understood, https://media.signbsl.com/videos/asl/aslsearch/mp4/understood.mp4
understructure, https://player.vimeo.com/external/391209253.sd.mp4?s=304d3c22d3fafa8105ca1df667d187b78ecd95a4&profile_id=164
understudied, https://media.signbsl.com/videos/asl/youtube/mp4/Bo7144c2XEE.mp4
undersurface, https://media.signbsl.com/videos/asl/aslsignbank/mp4/DS-1938.mp4
undertake, https://player.vimeo.com/external/392872708.sd.mp4?s=8d51c23a44477f93c2543f5f6531f377cf1c6e60&profile_id=164
undertaker, https://media.signbsl.com/videos/asl/youtube/mp4/YPYpEsUPCbU.mp4
undertaking, https://media.signbsl.com/videos/asl/aslsearch/mp4/project.mp4
under the weather, https://media.signbsl.com/videos/asl/youtube/mp4/vduojz_rPl8.mp4
undertone, https://media.signbsl.com/videos/asl/youtube/mp4/YxfnUvd7O9I.mp4
undertow, https://media.signbsl.com/videos/asl/youtube/mp4/dHMTFT9i_Co.mp4
underused, https://media.signbsl.com/videos/asl/youtube/mp4/NN1suB2_VQM.mp4
undervalue, https://media.signbsl.com/videos/asl/youtube/mp4/9aux6N_JYuw.mp4
underwater, https://media.signbsl.com/videos/asl/aslsearch/mp4/underwater.mp4
underwater diver, https://media.signbsl.com/videos/asl/youtube/mp4/j4yKlbEemzo.mp4
underway, https://media.signbsl.com/videos/asl/youtube/mp4/ZhF8d1wMz60.mp4
underwear, https://media.signbsl.com/videos/asl/aslsignbank/mp4/UNDERPANTS-1357.mp4
underweight, https://media.signbsl.com/videos/asl/aslsignbank/mp4/SKINNY-2197.mp4
underwhelm, https://media.signbsl.com/videos/asl/youtube/mp4/Ww1URjA7-0M.mp4
underwire, https://media.signbsl.com/videos/asl/youtube/mp4/X2rwBnIWt-w.mp4
underwood, https://media.signbsl.com/videos/asl/youtube/mp4/HxQ4nC1Lod0.mp4
underworld, https://media.signbsl.com/videos/asl/youtube/mp4/uRqN4K4pq4o.mp4
underwrite, https://media.signbsl.com/videos/asl/youtube/mp4/RXFszFvx6aY.mp4
underwriter, https://media.signbsl.com/videos/asl/youtube/mp4/xgnhjuEFKMY.mp4
undeserved, https://media.signbsl.com/videos/asl/youtube/mp4/Eo3YmUNxhxg.mp4
undesirability, https://media.signbsl.com/videos/asl/youtube/mp4/ff82L6zoYrw.mp4
undesirable, https://media.signbsl.com/videos/asl/youtube/mp4/lCFXYYzTjTo.mp4
undesired, https://player.vimeo.com/external/392547526.sd.mp4?s=5c6edadd5ec468e3befae266f57c09fdd7cbbad1&profile_id=164
undestroyable, https://media.signbsl.com/videos/asl/youtube/mp4/vovzjO7ySJ8.mp4
undetectable, https://player.vimeo.com/external/392210285.sd.mp4?s=de9e28dc5b3da454bcef42bad43dc45629ad3db9&profile_id=164
undetected, https://media.signbsl.com/videos/asl/youtube/mp4/OpqNMDZdMnk.mp4
undetermined, https://media.signbsl.com/videos/asl/youtube/mp4/lx7x3eAZlWA.mp4
undeterred, https://media.signbsl.com/videos/asl/youtube/mp4/vcS0Y2YqGgo.mp4
undeveloped, https://player.vimeo.com/external/392547573.sd.mp4?s=526e4beaea5335a4a93b8a91b26b115790b118c9&profile_id=164
undeviating, https://media.signbsl.com/videos/asl/youtube/mp4/0P8GUaE_x-s.mp4
undiagnosed, https://media.signbsl.com/videos/asl/youtube/mp4/5nRulgmgTvw.mp4
undid, https://media.signbsl.com/videos/asl/youtube/mp4/6xNXaVNRDv8.mp4
undifferentiated, https://media.signbsl.com/videos/asl/youtube/mp4/PKQSX8Yihc8.mp4
undigested, https://media.signbsl.com/videos/asl/youtube/mp4/3Ngl2pWfHEM.mp4
undignified, https://media.signbsl.com/videos/asl/youtube/mp4/__WfwfqTzig.mp4
undiluted, https://media.signbsl.com/videos/asl/youtube/mp4/EV3QFKi-pYE.mp4
undiminished, https://media.signbsl.com/videos/asl/youtube/mp4/CReDfL6gKxA.mp4
undimmed, https://media.signbsl.com/videos/asl/youtube/mp4/fhaAs9D4BCU.mp4
undiplomatic, https://player.vimeo.com/external/392547616.sd.mp4?s=01e0b95a19d1a396b7e899e822bcfc304d920787&profile_id=164
undirected, https://media.signbsl.com/videos/asl/youtube/mp4/Kng5owImeDA.mp4
undiscerning, https://media.signbsl.com/videos/asl/youtube/mp4/1oLaOFZhPSs.mp4
undischarged, https://media.signbsl.com/videos/asl/youtube/mp4/TVAvBgCJfMQ.mp4
undisciplined, https://media.signbsl.com/videos/asl/youtube/mp4/KkQ2q8JimTg.mp4
undiscouraged, https://media.signbsl.com/videos/asl/youtube/mp4/vcS0Y2YqGgo.mp4
undiscoverable, https://media.signbsl.com/videos/asl/youtube/mp4/F6UfHlx6CAU.mp4
undiscovered, https://media.signbsl.com/videos/asl/youtube/mp4/lOYResM2c0Y.mp4
undisguised, https://media.signbsl.com/videos/asl/youtube/mp4/9s4vRG75Fec.mp4
undismayed, https://media.signbsl.com/videos/asl/youtube/mp4/1Dy5aFyPxsw.mp4
undisposed, https://media.signbsl.com/videos/asl/youtube/mp4/568-UdeTTiQ.mp4
undisputable, https://media.signbsl.com/videos/asl/youtube/mp4/il13VP2s5cw.mp4
undisputed, https://media.signbsl.com/videos/asl/youtube/mp4/4uBxI6rUwg8.mp4
undissolved, https://media.signbsl.com/videos/asl/youtube/mp4/nA3nc4U76Vk.mp4
undistinguished, https://media.signbsl.com/videos/asl/youtube/mp4/hW8fvFOaQaM.mp4
undistorted, https://media.signbsl.com/videos/asl/youtube/mp4/ZEuPOWn1FoU.mp4
undistributed, https://media.signbsl.com/videos/asl/youtube/mp4/kk9EDWZzUMs.mp4
undisturbed, https://media.signbsl.com/videos/asl/youtube/mp4/9kC_BUCrFj4.mp4
undivided, https://media.signbsl.com/videos/asl/youtube/mp4/u_oo0_3Y9J4.mp4
undo, https://media.signbsl.com/videos/asl/youtube/mp4/5BWEHJEtzuU.mp4
undoable, https://media.signbsl.com/videos/asl/youtube/mp4/YDfddSPu2JE.mp4
undock, https://media.signbsl.com/videos/asl/youtube/mp4/tXleIkuujtc.mp4
undocumented, https://media.signbsl.com/videos/asl/youtube/mp4/D1-JaiyE6tk.mp4
undoer, https://media.signbsl.com/videos/asl/youtube/mp4/NbF7D-7Z5gE.mp4
undoing, https://media.signbsl.com/videos/asl/youtube/mp4/mMLCRSVM7aM.mp4
undomesticated, https://media.signbsl.com/videos/asl/youtube/mp4/ZkZvMlOVHJM.mp4
undone, https://player.vimeo.com/external/392547675.sd.mp4?s=510d529f0a54867367f93eff30f7affbc2581d95&profile_id=164
undoubted, https://media.signbsl.com/videos/asl/youtube/mp4/4uBxI6rUwg8.mp4
undoubtedly, https://media.signbsl.com/videos/asl/youtube/mp4/yDtd6XAypd4.mp4
undramatic, https://media.signbsl.com/videos/asl/youtube/mp4/SOGVQ0uYmtc.mp4
undrape, https://media.signbsl.com/videos/asl/youtube/mp4/BkLojREUD7I.mp4
undreamed, https://media.signbsl.com/videos/asl/youtube/mp4/V4C9xYoyzcA.mp4
undreamed of, https://media.signbsl.com/videos/asl/youtube/mp4/V4C9xYoyzcA.mp4
undreamt, https://media.signbsl.com/videos/asl/youtube/mp4/V4C9xYoyzcA.mp4
undreamt of, https://media.signbsl.com/videos/asl/youtube/mp4/V4C9xYoyzcA.mp4
undress, https://media.signbsl.com/videos/asl/aslsearch/mp4/undress.mp4
undressed, https://media.signbsl.com/videos/asl/youtube/mp4/oUvqQQVx1Zo.mp4
undrunk, https://media.signbsl.com/videos/asl/youtube/mp4/RZrmscSdb7s.mp4
undue, https://player.vimeo.com/external/392020932.sd.mp4?s=86e7a0955df218c6075b19252a0889e5adebc6b8&profile_id=164
undulate, https://media.signbsl.com/videos/asl/youtube/mp4/20wLRQE9uh4.mp4
unduly, https://media.signbsl.com/videos/asl/youtube/mp4/OflHvtAmJTA.mp4
undyed, https://media.signbsl.com/videos/asl/youtube/mp4/LN0hKiuwP4c.mp4
undying, https://media.signbsl.com/videos/asl/youtube/mp4/Sn5C4LJDR4A.mp4
unearned, https://media.signbsl.com/videos/asl/youtube/mp4/aUlrb8KUnqw.mp4
unearth, https://player.vimeo.com/external/392547725.sd.mp4?s=e0a8aa4174dd53ecc9ecd1cc96b3e3552f1bf912&profile_id=164
unearthliness, https://media.signbsl.com/videos/asl/youtube/mp4/8_Y6X0pCgBA.mp4
unease, https://media.signbsl.com/videos/asl/youtube/mp4/7ci531Ztek8.mp4
uneasiness, https://media.signbsl.com/videos/asl/youtube/mp4/FpAhQj_gUlo.mp4
uneasy, https://media.signbsl.com/videos/asl/startasl/mp4/nervous.mp4
uneatable, https://media.signbsl.com/videos/asl/youtube/mp4/18D85uDcoNI.mp4
uneaten, https://media.signbsl.com/videos/asl/youtube/mp4/Hpv-3PvCLS8.mp4
uneconomic, https://media.signbsl.com/videos/asl/youtube/mp4/b1icNWfbVLM.mp4
uneconomical, https://media.signbsl.com/videos/asl/youtube/mp4/b1icNWfbVLM.mp4
uneducated, https://player.vimeo.com/external/392547776.sd.mp4?s=34c1c991fc87c9a15ad44affd3775baa5510723a&profile_id=164
uneducated person, https://media.signbsl.com/videos/asl/aslsignbank/mp4/KNOW-NOTHING-3052.mp4
unembarrassed, https://media.signbsl.com/videos/asl/youtube/mp4/y-_T0xTp1hQ.mp4
unembellished, https://media.signbsl.com/videos/asl/youtube/mp4/iV3A7758SKw.mp4
unembodied, https://media.signbsl.com/videos/asl/youtube/mp4/mu709Az6Tz0.mp4
unemployable, https://media.signbsl.com/videos/asl/youtube/mp4/mFkiBUcU1u4.mp4
unemployed, https://media.signbsl.com/videos/asl/aslsearch/mp4/unemployed.mp4
unenclosed, https://media.signbsl.com/videos/asl/youtube/mp4/MRhQ0h2jcnw.mp4
unencumbered, https://media.signbsl.com/videos/asl/youtube/mp4/JknFrsRYVlU.mp4
unending, https://media.signbsl.com/videos/asl/ids/mp4/2013-11-1520-everlasting-1500k-ase.mp4
unendurable, https://media.signbsl.com/videos/asl/youtube/mp4/vmmyEkK6aJs.mp4
unenforced, https://media.signbsl.com/videos/asl/youtube/mp4/9kJAxG2JaRM.mp4
unenlightened, https://player.vimeo.com/external/392192986.sd.mp4?s=d22c44b8c9574a4634f2603c106d6f2c5daf338c&profile_id=164
unenlightening, https://media.signbsl.com/videos/asl/youtube/mp4/NghgUBA8aTg.mp4
unenterprising, https://media.signbsl.com/videos/asl/youtube/mp4/DitcJXo84c8.mp4
unenthused, https://media.signbsl.com/videos/asl/youtube/mp4/6geNndcmQUc.mp4
unenviable, https://player.vimeo.com/external/391178515.sd.mp4?s=a0230a9d6440dca090b5c1e70ab6ee1cd326930a&profile_id=164
unequal, https://player.vimeo.com/external/392547828.sd.mp4?s=c87e85b274b712945c0098965604e3decee6cee2&profile_id=164
unequaled, https://media.signbsl.com/videos/asl/aslsearch/mp4/unique.mp4
unequaler, https://media.signbsl.com/videos/asl/youtube/mp4/1Ae96oG17BE.mp4
unequalled, https://media.signbsl.com/videos/asl/aslsearch/mp4/unique.mp4
unequipped, https://media.signbsl.com/videos/asl/youtube/mp4/tSb7HP4IByA.mp4
unequivocal, https://media.signbsl.com/videos/asl/youtube/mp4/EY-fizzB_bc.mp4
unerasable, https://player.vimeo.com/external/392198696.sd.mp4?s=c1636d05c36ba533328da3882e9158e4c3cdf73a&profile_id=164
unergetic, https://player.vimeo.com/external/392867115.sd.mp4?s=24280428785ce8a0aaae65fc7cc49464c2d3764d&profile_id=164
unerring, https://media.signbsl.com/videos/asl/youtube/mp4/DW9WQCqlfE8.mp4
unessential, https://media.signbsl.com/videos/asl/youtube/mp4/1Prf1hQdRcQ.mp4
unestablished, https://media.signbsl.com/videos/asl/youtube/mp4/mlNEoCXspjs.mp4
unethical, https://media.signbsl.com/videos/asl/youtube/mp4/QXXh_7SnExY.mp4
unevaluated, https://media.signbsl.com/videos/asl/youtube/mp4/HJaQ-v1ZZX4.mp4
uneven, https://player.vimeo.com/external/392547886.sd.mp4?s=6915a48903372b0e67cf4b41bc23230365a4dc0d&profile_id=164
unevener, https://media.signbsl.com/videos/asl/youtube/mp4/-ZqpoY4d94g.mp4
uneventful, https://player.vimeo.com/external/392547933.sd.mp4?s=162bb1ce008349c2d1bb5ad02033a9e47e2d6e4f&profile_id=164
unexampled, https://media.signbsl.com/videos/asl/youtube/mp4/MRSqEjWfDSw.mp4
unexceptionable, https://media.signbsl.com/videos/asl/youtube/mp4/hzu-XoR7XwM.mp4
unexcitable, https://media.signbsl.com/videos/asl/youtube/mp4/6JzhX16xM0c.mp4
unexciting, https://media.signbsl.com/videos/asl/youtube/mp4/LjKgEeDi-90.mp4
unexcused, https://media.signbsl.com/videos/asl/youtube/mp4/tk8Q9bhauZ0.mp4
unexpected, https://player.vimeo.com/external/392547981.sd.mp4?s=09c000c9d6e1b36329c34f7a3cbb2ba907142a20&profile_id=164
unexpended, https://media.signbsl.com/videos/asl/aslsearch/mp4/last2.mp4
unexpired, https://media.signbsl.com/videos/asl/youtube/mp4/dh80V06Z3hw.mp4
unexplainable, https://media.signbsl.com/videos/asl/youtube/mp4/RMh2lqaavlU.mp4
unexplained, https://media.signbsl.com/videos/asl/youtube/mp4/lLi_uAiiXdk.mp4
unexploded, https://media.signbsl.com/videos/asl/youtube/mp4/TVAvBgCJfMQ.mp4
unexploited, https://media.signbsl.com/videos/asl/youtube/mp4/XAOJzUSFY0c.mp4
unexplored, https://media.signbsl.com/videos/asl/youtube/mp4/lOYResM2c0Y.mp4
unexposed, https://media.signbsl.com/videos/asl/youtube/mp4/S5VcyXbYxYc.mp4
unexpressed, https://media.signbsl.com/videos/asl/youtube/mp4/0eF3yVfC47I.mp4
unexpressible, https://media.signbsl.com/videos/asl/youtube/mp4/ERvZHX4Jepg.mp4
unexpressive, https://media.signbsl.com/videos/asl/youtube/mp4/CFeZ6ukgpR8.mp4
unexpurgated, https://media.signbsl.com/videos/asl/youtube/mp4/kZE5BUrQdPM.mp4
unfading, https://media.signbsl.com/videos/asl/youtube/mp4/YXNXIHIS3vc.mp4
unfailing, https://player.vimeo.com/external/392129881.sd.mp4?s=c432d46f1a9ee2a5da8804f026f86f9bcd3faac4&profile_id=164
unfair, https://player.vimeo.com/external/392548029.sd.mp4?s=55c853e5df82856594473524cdae105395bbf9ae&profile_id=164
unfairer, https://media.signbsl.com/videos/asl/youtube/mp4/DArCT192MDo.mp4
unfairness, https://media.signbsl.com/videos/asl/aslsearch/mp4/inequity.mp4
unfaithful, https://media.signbsl.com/videos/asl/youtube/mp4/GIJlQMewmgY.mp4
unfaithfulness, https://media.signbsl.com/videos/asl/youtube/mp4/2qJRAztQrWw.mp4
unfaltering, https://media.signbsl.com/videos/asl/youtube/mp4/WxpCwgZbADU.mp4
unfamiliar, https://media.signbsl.com/videos/asl/youtube/mp4/75nAGSshumc.mp4
unfashionable, https://media.signbsl.com/videos/asl/youtube/mp4/J8AV1Mio7_k.mp4
unfasten, https://player.vimeo.com/external/392548077.sd.mp4?s=fbcb2a9d8b4589df8d32417a28953bae5779e1f3&profile_id=164
unfathomable, https://media.signbsl.com/videos/asl/youtube/mp4/nK3t99IGVQE.mp4
unfathomed, https://player.vimeo.com/external/392422796.sd.mp4?s=81655111859e7ab980aa195766a009f1958abbcc&profile_id=164
unfavorable, https://media.signbsl.com/videos/asl/youtube/mp4/BBatSU9ryEE.mp4
unfavorable judgment, https://media.signbsl.com/videos/asl/youtube/mp4/kGl3FSN8VLw.mp4
unfavourable, https://media.signbsl.com/videos/asl/youtube/mp4/BBatSU9ryEE.mp4
unfearing, https://player.vimeo.com/external/391173383.sd.mp4?s=00d3659bd86759911fa99c13b627d028b80ac251&profile_id=164
unfeasible, https://media.signbsl.com/videos/asl/youtube/mp4/OX7WeFd5HuQ.mp4
unfeathered, https://media.signbsl.com/videos/asl/youtube/mp4/3Qp8Icn92ek.mp4
unfed, https://media.signbsl.com/videos/asl/youtube/mp4/HRhPVyI5-8Q.mp4
unfeeling, https://player.vimeo.com/external/392548120.sd.mp4?s=dffdd929c2b345e1f82166776fca5db4e0f5d106&profile_id=164
unfeelingness, https://media.signbsl.com/videos/asl/youtube/mp4/R8eyuinYEhA.mp4
unfeminine, https://media.signbsl.com/videos/asl/youtube/mp4/I-h0NJqhsow.mp4
unfenced, https://media.signbsl.com/videos/asl/youtube/mp4/QAn3BIaiox0.mp4
unfertile, https://media.signbsl.com/videos/asl/youtube/mp4/XXxBgSNfFAw.mp4
unfertilised, https://media.signbsl.com/videos/asl/youtube/mp4/G3H9Aj-j7cQ.mp4
unfertilized, https://media.signbsl.com/videos/asl/youtube/mp4/G3H9Aj-j7cQ.mp4
unfetter, https://media.signbsl.com/videos/asl/youtube/mp4/diKu6XNcUS8.mp4
unfilled, https://media.signbsl.com/videos/asl/youtube/mp4/VoPtf48Ai3k.mp4
unfiltered, https://media.signbsl.com/videos/asl/youtube/mp4/1z2EejCZ9Os.mp4
unfinished, https://media.signbsl.com/videos/asl/aslsearch/mp4/unfinished.mp4
unfinished business, https://media.signbsl.com/videos/asl/youtube/mp4/5-AiAm54-xg.mp4
unfirm, https://media.signbsl.com/videos/asl/youtube/mp4/efmxrTjL1BY.mp4
unfit, https://media.signbsl.com/videos/asl/youtube/mp4/dQ2LkgW1URg.mp4
unfix, https://media.signbsl.com/videos/asl/youtube/mp4/4YwmT_4ICfQ.mp4
unflagging, https://media.signbsl.com/videos/asl/youtube/mp4/H3So2Rs6eMg.mp4
unflappability, https://media.signbsl.com/videos/asl/youtube/mp4/jE2e5_CwAD4.mp4
unflattering, https://media.signbsl.com/videos/asl/youtube/mp4/IUDbvRwr_A8.mp4
unflavored, https://media.signbsl.com/videos/asl/youtube/mp4/GY2QxJClwz8.mp4
unflavoured, https://media.signbsl.com/videos/asl/youtube/mp4/GY2QxJClwz8.mp4
unflawed, https://player.vimeo.com/external/392128408.sd.mp4?s=9a55f00ea204a28152c43167815062f170d39493&profile_id=164
unfledged, https://media.signbsl.com/videos/asl/youtube/mp4/KMScLtNHlzU.mp4
unflinching, https://media.signbsl.com/videos/asl/youtube/mp4/DRzyNSBfqsw.mp4
unflurried, https://media.signbsl.com/videos/asl/youtube/mp4/YUaQfYJUDmo.mp4
unflustered, https://media.signbsl.com/videos/asl/youtube/mp4/YUaQfYJUDmo.mp4
unfocused, https://media.signbsl.com/videos/asl/youtube/mp4/QIbY3vko4EU.mp4
unfocussed, https://media.signbsl.com/videos/asl/youtube/mp4/QIbY3vko4EU.mp4
unfold, https://media.signbsl.com/videos/asl/aslsearch/mp4/stretch.mp4
unforced, https://media.signbsl.com/videos/asl/youtube/mp4/HHp1uBZ6Zvw.mp4
unforeseeable, https://media.signbsl.com/videos/asl/youtube/mp4/D1X04R0LFjw.mp4
unforeseen, https://media.signbsl.com/videos/asl/youtube/mp4/fNjuMhPPxrA.mp4
unforgettable, https://player.vimeo.com/external/392548222.sd.mp4?s=787efe989cd673f9999bc3fe6e196c58d03f0da7&profile_id=164
unforgiving, https://media.signbsl.com/videos/asl/youtube/mp4/q2ZCAG9VvZ0.mp4
unforgotten, https://media.signbsl.com/videos/asl/youtube/mp4/JsXIq2HGlk4.mp4
unfortified, https://media.signbsl.com/videos/asl/youtube/mp4/EwlR0lPb9tw.mp4
unfortunate, https://media.signbsl.com/videos/asl/aslsearch/mp4/unfortunate.mp4
unfortunately, https://media.signbsl.com/videos/asl/aslsearch/mp4/unfortunately.mp4
unfounded, https://media.signbsl.com/videos/asl/youtube/mp4/UYmLAlw0F0E.mp4
unfreeze, https://media.signbsl.com/videos/asl/youtube/mp4/ycYcIOC2YIQ.mp4
unfrequented, https://media.signbsl.com/videos/asl/youtube/mp4/X49KoxIrHws.mp4
unfriend, https://player.vimeo.com/external/392549627.sd.mp4?s=1c832b4c3086960cdfc2efa28bad80de7ceeb442&profile_id=164
unfriendlier, https://media.signbsl.com/videos/asl/youtube/mp4/FSWJAwXSpRI.mp4
unfriendly, https://player.vimeo.com/external/392549670.sd.mp4?s=69e461ea174371dae70148e53ceffa32b0f424bb&profile_id=164
unfrock, https://media.signbsl.com/videos/asl/youtube/mp4/e3eCHi0rzvs.mp4
unfruitful, https://media.signbsl.com/videos/asl/youtube/mp4/GvfeDkD5wrs.mp4
unfulfilled, https://media.signbsl.com/videos/asl/youtube/mp4/6ZHzIN6BH20.mp4
unfulfilledunfulfilling, https://media.signbsl.com/videos/asl/youtube/mp4/0Gw3TYKXEEU.mp4
unfunded, https://media.signbsl.com/videos/asl/youtube/mp4/ThVOiJG_aIM.mp4
unfunny, https://media.signbsl.com/videos/asl/youtube/mp4/LVq61JuhbCE.mp4
unfurl, https://media.signbsl.com/videos/asl/youtube/mp4/Ce6EQ9t41IQ.mp4
unfurnished, https://media.signbsl.com/videos/asl/youtube/mp4/tSb7HP4IByA.mp4
ungainliness, https://media.signbsl.com/videos/asl/youtube/mp4/lbwJbnNq1dU.mp4
ungainly, https://player.vimeo.com/external/392142344.sd.mp4?s=304d3140093167cf88788f757aff16338c7f8a02&profile_id=164
ungarbed, https://media.signbsl.com/videos/asl/youtube/mp4/oUvqQQVx1Zo.mp4
ungarmented, https://media.signbsl.com/videos/asl/youtube/mp4/oUvqQQVx1Zo.mp4
ungathered, https://media.signbsl.com/videos/asl/youtube/mp4/eBBrcQf_xbo.mp4
ungenerous, https://media.signbsl.com/videos/asl/youtube/mp4/lv_545qL7Zs.mp4
ungentle, https://media.signbsl.com/videos/asl/youtube/mp4/tnBdE3FimyA.mp4
ungentlemanlike, https://media.signbsl.com/videos/asl/youtube/mp4/ZOVcTtfPqbg.mp4
ungentlemanly, https://media.signbsl.com/videos/asl/youtube/mp4/ZOVcTtfPqbg.mp4
unglamorous, https://media.signbsl.com/videos/asl/youtube/mp4/1uGXAgFJE1Q.mp4
unglamourous, https://media.signbsl.com/videos/asl/youtube/mp4/1uGXAgFJE1Q.mp4
unglazed, https://media.signbsl.com/videos/asl/youtube/mp4/TKsEUtq6Qbc.mp4
ungovernable, https://media.signbsl.com/videos/asl/youtube/mp4/SAWctR0MyaI.mp4
ungoverned, https://media.signbsl.com/videos/asl/youtube/mp4/X-1tzhTmn8M.mp4
ungraceful, https://media.signbsl.com/videos/asl/youtube/mp4/FML-uOuLJK0.mp4
ungraded, https://media.signbsl.com/videos/asl/youtube/mp4/lTsIfeFQBTs.mp4
ungrammatical, https://media.signbsl.com/videos/asl/youtube/mp4/ahqkQ7LCSS8.mp4
ungrateful, https://media.signbsl.com/videos/asl/youtube/mp4/_vJxSbRwA3o.mp4
ungratefulness, https://media.signbsl.com/videos/asl/youtube/mp4/j91uuz-SyY4.mp4
ungrateful person, https://media.signbsl.com/videos/asl/youtube/mp4/BNmsZiIPE_A.mp4
ungratified, https://media.signbsl.com/videos/asl/youtube/mp4/pMqBj7dyUWM.mp4
ungrounded conductors, https://media.signbsl.com/videos/asl/AustinCommunityCollege/mp4/elec_ungrded_conductors_.mp4
ungrudging, https://media.signbsl.com/videos/asl/youtube/mp4/Euzn46KTOg8.mp4
unguaranteed, https://media.signbsl.com/videos/asl/youtube/mp4/7FePgF545pQ.mp4
unguarded, https://media.signbsl.com/videos/asl/youtube/mp4/jUn-11rwWx8.mp4
unguent, https://media.signbsl.com/videos/asl/youtube/mp4/EHb-jCXCfHk.mp4
unguided, https://media.signbsl.com/videos/asl/youtube/mp4/PpIQaZ-EJ40.mp4
unhallowed, https://media.signbsl.com/videos/asl/youtube/mp4/GS3UMQRfJiI.mp4
unhandy, https://media.signbsl.com/videos/asl/youtube/mp4/cwN_cx6z7KQ.mp4
unhappily, https://media.signbsl.com/videos/asl/youtube/mp4/jrFu_tjXILY.mp4
unhappy, https://media.signbsl.com/videos/asl/aslsearch/mp4/unhappy.mp4
unharmed, https://media.signbsl.com/videos/asl/youtube/mp4/BpG8sg_StUs.mp4
unharness, https://media.signbsl.com/videos/asl/youtube/mp4/oSErqDiZgJo.mp4
unharvested, https://media.signbsl.com/videos/asl/youtube/mp4/FZrY_9kaWG0.mp4
unhatched, https://media.signbsl.com/videos/asl/youtube/mp4/s3bj7i2HS94.mp4
unhealthful, https://player.vimeo.com/external/392549714.sd.mp4?s=9b2e99ef01628ed81a25a4436f5a1c722c03357a&profile_id=164
unhealthier, https://media.signbsl.com/videos/asl/youtube/mp4/Ga19knBTwlQ.mp4
unhealthy, https://player.vimeo.com/external/392549714.sd.mp4?s=9b2e99ef01628ed81a25a4436f5a1c722c03357a&profile_id=164
unheard, https://media.signbsl.com/videos/asl/youtube/mp4/Nw9YKkecE0A.mp4
unheard of, https://media.signbsl.com/videos/asl/youtube/mp4/Y-R7EvDEVrY.mp4
unhearing, https://media.signbsl.com/videos/asl/youtube/mp4/UNNei2cpHVo.mp4
unheated, https://media.signbsl.com/videos/asl/youtube/mp4/XIjAM5wj6fI.mp4
unheeded, https://player.vimeo.com/external/392682761.sd.mp4?s=4c15314598ec276934419e2dea9308e059d558a5&profile_id=164
unheeding, https://media.signbsl.com/videos/asl/youtube/mp4/DuTxHHHGQbo.mp4
unhelpful, https://media.signbsl.com/videos/asl/youtube/mp4/2JB5lWo0f5M.mp4
unheralded, https://media.signbsl.com/videos/asl/youtube/mp4/c7Y3koTvIvg.mp4
unhesitating, https://media.signbsl.com/videos/asl/youtube/mp4/v7rN3m7hJ-I.mp4
unhinge, https://media.signbsl.com/videos/asl/youtube/mp4/ddFfUcrlA2E.mp4
unhinged, https://media.signbsl.com/videos/asl/aslsearch/mp4/crazy.mp4
unholiness, https://media.signbsl.com/videos/asl/youtube/mp4/O8FDZsCmquE.mp4
unholy, https://media.signbsl.com/videos/asl/youtube/mp4/qLpYTL83C4w.mp4
unhook, https://media.signbsl.com/videos/asl/youtube/mp4/rh6vn6oz218.mp4
unhoped, https://media.signbsl.com/videos/asl/youtube/mp4/8KCzzK6Py8Y.mp4
unhoped for, https://media.signbsl.com/videos/asl/youtube/mp4/8KCzzK6Py8Y.mp4
unhorse, https://media.signbsl.com/videos/asl/youtube/mp4/BXK_iG78bZc.mp4
unhumorous, https://media.signbsl.com/videos/asl/youtube/mp4/92qCTcq2VWQ.mp4
unhurried, https://media.signbsl.com/videos/asl/youtube/mp4/l036cFtgHxM.mp4
unhurt, https://media.signbsl.com/videos/asl/youtube/mp4/BpG8sg_StUs.mp4
unibody, https://media.signbsl.com/videos/asl/AustinCommunityCollege/mp4/auto_unibody_.mp4
unibrow, https://media.signbsl.com/videos/asl/youtube/mp4/tv9Ev-cj0JQ.mp4
unicameral, https://media.signbsl.com/videos/asl/youtube/mp4/ymS9aO-5XMY.mp4
unicorn, https://media.signbsl.com/videos/asl/thefamilyvocab/mp4/unicorn.mp4
unicycle, https://media.signbsl.com/videos/asl/aslsearch/mp4/unicycle.mp4
unidentifiable, https://media.signbsl.com/videos/asl/youtube/mp4/umDUkNP9ppM.mp4
unidentified, https://media.signbsl.com/videos/asl/youtube/mp4/dVBbLrgsH3g.mp4
unidentified flying object, https://player.vimeo.com/external/392543763.sd.mp4?s=5ea62bfb4ce56d58c019e1c42038d5367da7dce9&profile_id=164
unidirectional, https://media.signbsl.com/videos/asl/youtube/mp4/vGorWABFCXc.mp4
unification, https://media.signbsl.com/videos/asl/youtube/mp4/nllkXot6pu0.mp4
unified, https://media.signbsl.com/videos/asl/youtube/mp4/FqVQYwSE59M.mp4
unifier, https://media.signbsl.com/videos/asl/youtube/mp4/lg_-D5zva7s.mp4
uniform, https://media.signbsl.com/videos/asl/youtube/mp4/umKcy_uNiUU.mp4
uniformitarianism, https://media.signbsl.com/videos/asl/youtube/mp4/U3IXZU1soC4.mp4
uniformity, https://player.vimeo.com/external/392549800.sd.mp4?s=3c3061f582fc276698ddf216dc715fc33130d9a5&profile_id=164
unify, https://media.signbsl.com/videos/asl/signlanguagestudent/mp4/unite.mp4
unilateral, https://media.signbsl.com/videos/asl/youtube/mp4/94QX-S0V6wA.mp4
unilluminated, https://media.signbsl.com/videos/asl/youtube/mp4/N5ZhZnl8FcA.mp4
unilluminating, https://media.signbsl.com/videos/asl/youtube/mp4/NghgUBA8aTg.mp4
unimaginable, https://player.vimeo.com/external/392549830.sd.mp4?s=f35dd0d4f38139f527295da66e4b631fd62ad5c4&profile_id=164
unimaginative, https://media.signbsl.com/videos/asl/youtube/mp4/FrdOF7up8gM.mp4
unimagined, https://media.signbsl.com/videos/asl/youtube/mp4/V4C9xYoyzcA.mp4
unimpeachable, https://media.signbsl.com/videos/asl/valleybible/mp4/blameless.mp4
unimposing, https://media.signbsl.com/videos/asl/youtube/mp4/CjapLxCwTPk.mp4
unimpregnated, https://media.signbsl.com/videos/asl/youtube/mp4/G3H9Aj-j7cQ.mp4
unimpressed, https://media.signbsl.com/videos/asl/youtube/mp4/bDW_Ib0aba8.mp4
unimproved, https://media.signbsl.com/videos/asl/youtube/mp4/b-XrfRsgm38.mp4
unincorporated, https://media.signbsl.com/videos/asl/youtube/mp4/WcwrIdK3Hwg.mp4
uninfected, https://media.signbsl.com/videos/asl/youtube/mp4/UqeIR1pkf0g.mp4
uninflected, https://media.signbsl.com/videos/asl/youtube/mp4/Ki9A1UpT-d8.mp4
uninfluenced, https://media.signbsl.com/videos/asl/youtube/mp4/n0MBcyfRaGc.mp4
uninformed, https://media.signbsl.com/videos/asl/youtube/mp4/GAoPvp-oZJY.mp4
uninhabitable, https://media.signbsl.com/videos/asl/youtube/mp4/J5kpTIl7l6A.mp4
uninhabited, https://media.signbsl.com/videos/asl/youtube/mp4/zn0bQ55lrPQ.mp4
uninhibited, https://media.signbsl.com/videos/asl/youtube/mp4/UejF4qRraCo.mp4
uninitiate, https://media.signbsl.com/videos/asl/youtube/mp4/l7RDYGv-tGc.mp4
uninitiated, https://media.signbsl.com/videos/asl/youtube/mp4/l7RDYGv-tGc.mp4
uninspired, https://media.signbsl.com/videos/asl/youtube/mp4/FrdOF7up8gM.mp4
uninstructed, https://media.signbsl.com/videos/asl/youtube/mp4/QsCjnpXx2-M.mp4
uninsured, https://media.signbsl.com/videos/asl/youtube/mp4/iUz9wQwmsZc.mp4
unintelligent, https://player.vimeo.com/external/392549856.sd.mp4?s=59de256756a4e5e846084b8d771d59c95cc40133&profile_id=164
unintelligibility, https://media.signbsl.com/videos/asl/youtube/mp4/rClWclxaxXU.mp4
unintended, https://media.signbsl.com/videos/asl/youtube/mp4/Ya_CpLi3Y4o.mp4
unintentional, https://media.signbsl.com/videos/asl/youtube/mp4/aUyZTbGbSEg.mp4
uninterested, https://player.vimeo.com/external/392549877.sd.mp4?s=a896afa6edca70ecc833ea160d8dcc9b951da659&profile_id=164
uninterrupted, https://media.signbsl.com/videos/asl/youtube/mp4/Dgm30OH_Mjw.mp4
unintimidated, https://media.signbsl.com/videos/asl/youtube/mp4/DRzyNSBfqsw.mp4
uninventive, https://media.signbsl.com/videos/asl/youtube/mp4/FrdOF7up8gM.mp4
uninvited, https://media.signbsl.com/videos/asl/youtube/mp4/LQcScVkhL88.mp4
uninviting, https://media.signbsl.com/videos/asl/youtube/mp4/8UKwvq44QwE.mp4
union, https://player.vimeo.com/external/392625927.sd.mp4?s=5c3a1df1b557df1853a8ff2c5c8148131394ccde&profile_id=164
unionise, https://media.signbsl.com/videos/asl/youtube/mp4/WyxQlabnKAU.mp4
unionist, https://media.signbsl.com/videos/asl/youtube/mp4/2dVBZa5QS_8.mp4
unionize, https://media.signbsl.com/videos/asl/youtube/mp4/WyxQlabnKAU.mp4
union member, https://media.signbsl.com/videos/asl/youtube/mp4/2dVBZa5QS_8.mp4
Union of Burma, https://player.vimeo.com/external/392378813.sd.mp4?s=5eb2966c35dbfe43ce2c51150ea164597ed23f5c&profile_id=164
union station, https://media.signbsl.com/videos/asl/aslsignbank/mp4/UNION-STATION-1359.mp4
unique, https://media.signbsl.com/videos/asl/aslsearch/mp4/unique.mp4
uniquer, https://media.signbsl.com/videos/asl/youtube/mp4/Wq9sqODo_8Y.mp4
unisex, https://media.signbsl.com/videos/asl/youtube/mp4/eVtb81u80fY.mp4
unison, https://media.signbsl.com/videos/asl/youtube/mp4/5bIrqEWCkpY.mp4
unit, https://media.signbsl.com/videos/asl/tsdvideo/mp4/1206.mp4
unitary, https://media.signbsl.com/videos/asl/youtube/mp4/nuu-bg5sMt8.mp4
unit cell, https://media.signbsl.com/videos/asl/youtube/mp4/5O6PgNNKPb4.mp4
unit circle, https://media.signbsl.com/videos/asl/youtube/mp4/kpgla2Ds05I.mp4
unit cost, https://media.signbsl.com/videos/asl/tsdvideo/mp4/584.mp4
unite, https://media.signbsl.com/videos/asl/signlanguagestudent/mp4/unite.mp4
united, https://media.signbsl.com/videos/asl/youtube/mp4/14yQmh1FUVk.mp4
United Arab Emirates, https://media.signbsl.com/videos/asl/youtube/mp4/iJDfNCJfqnE.mp4
United Arab Emiratess capital, https://media.signbsl.com/videos/asl/youtube/mp4/JLoNFznpMes.mp4
United Arab Republic, https://media.signbsl.com/videos/asl/startasl/mp4/egypt.mp4
United Kingdom, https://media.signbsl.com/videos/asl/youtube/mp4/xtLq19JqWRM.mp4
United Kingdom of Great Britain and Northern Irela, https://media.signbsl.com/videos/asl/youtube/mp4/xtLq19JqWRM.mp4
United Mexican States, https://media.signbsl.com/videos/asl/startasl/mp4/mexico.mp4
United Republic of Tanzania, https://media.signbsl.com/videos/asl/youtube/mp4/CPYS6Xcj6sY.mp4
United States, https://media.signbsl.com/videos/asl/startasl/mp4/united-states.mp4
United States of America, https://media.signbsl.com/videos/asl/startasl/mp4/united-states.mp4
United States Supreme Court, https://media.signbsl.com/videos/asl/elementalaslconcepts/mp4/supreme_court.mp4
Unite Reconcile, https://media.signbsl.com/videos/asl/ids/mp4/2013-11-5050-unite-reconcile-1500k-ase.mp4
unit group, https://media.signbsl.com/videos/asl/signlanguagestudent/mp4/unit-group.mp4
unities, https://media.signbsl.com/videos/asl/deaftec/mp4/996.mp4
unit of measurement, https://media.signbsl.com/videos/asl/tsdvideo/mp4/1206.mp4
unit rate, https://media.signbsl.com/videos/asl/tsdvideo/mp4/1282.mp4
Units, https://media.signbsl.com/videos/asl/tsdvideo/mp4/1206.mp4
unit school subject, https://media.signbsl.com/videos/asl/youtube/mp4/0_FDBG8mJuk.mp4
unity, https://media.signbsl.com/videos/asl/deaftec/mp4/996.mp4
univalve, https://media.signbsl.com/videos/asl/youtube/mp4/w3W2sg8MzrQ.mp4
universal, https://media.signbsl.com/videos/asl/philosophy/mp4/Universal-HD.mp4
Universal Product Code, https://media.signbsl.com/videos/asl/mariekatzenbachschool/mp4/bar%20code.mp4
universe, https://media.signbsl.com/videos/asl/signlanguagestudent/mp4/universe.mp4
universities, https://media.signbsl.com/videos/asl/startasl/mp4/university.mp4
university, https://media.signbsl.com/videos/asl/startasl/mp4/university.mp4
UNIX, https://media.signbsl.com/videos/asl/deaftec/mp4/1086.mp4
UNIX operating system, https://media.signbsl.com/videos/asl/deaftec/mp4/1086.mp4
UNIX system, https://media.signbsl.com/videos/asl/deaftec/mp4/1086.mp4
unjust, https://media.signbsl.com/videos/asl/youtube/mp4/3f-79dKmENE.mp4
unjustifiable, https://media.signbsl.com/videos/asl/youtube/mp4/m1G9FcOcjMY.mp4
unjustified, https://media.signbsl.com/videos/asl/youtube/mp4/GKl2uR7jipk.mp4
unkind, https://media.signbsl.com/videos/asl/aslsignbank/mp4/MEAN-185.mp4
unknot, https://media.signbsl.com/videos/asl/youtube/mp4/q5dQOkGBzRs.mp4
unknowable, https://media.signbsl.com/videos/asl/youtube/mp4/15wgOB8PWbA.mp4
unknowingly, https://media.signbsl.com/videos/asl/youtube/mp4/WOia8Ym8IWI.mp4
unknown, https://media.signbsl.com/videos/asl/aslsearch/mp4/stranger.mp4
unknown quantity, https://media.signbsl.com/videos/asl/tsdvideo/mp4/994.mp4
unlace, https://media.signbsl.com/videos/asl/youtube/mp4/8zsF3F2lIQs.mp4
unladylike, https://media.signbsl.com/videos/asl/youtube/mp4/aiUmj1ZXgVU.mp4
unlatch, https://media.signbsl.com/videos/asl/youtube/mp4/TmHcV9JcfDU.mp4
unlatched, https://media.signbsl.com/videos/asl/youtube/mp4/zqmfknnlAcY.mp4
unlawful, https://media.signbsl.com/videos/asl/unoclimb/mp4/evYyUQC3m5Q.mp4
unlax, https://media.signbsl.com/videos/asl/aslsignbank/mp4/REST-352.mp4
unleaded, https://media.signbsl.com/videos/asl/youtube/mp4/PS3--rsMdu4.mp4
unlearn, https://media.signbsl.com/videos/asl/youtube/mp4/2wXYrhxrj5M.mp4
unlearned, https://player.vimeo.com/external/392192986.sd.mp4?s=d22c44b8c9574a4634f2603c106d6f2c5daf338c&profile_id=164
unleash, https://player.vimeo.com/external/392626119.sd.mp4?s=816c6a2d6c0ec2fcc35844a3c78421a6a97cf0ef&profile_id=164
unleavened, https://media.signbsl.com/videos/asl/youtube/mp4/2-BvRr6T8Rc.mp4
unless, https://player.vimeo.com/external/392626142.sd.mp4?s=5d7f8b940f04ff986e0ac50fe002e8b2f71a9abf&profile_id=164
unlettered, https://player.vimeo.com/external/392192986.sd.mp4?s=d22c44b8c9574a4634f2603c106d6f2c5daf338c&profile_id=164
unlicenced, https://media.signbsl.com/videos/asl/youtube/mp4/RZv39y90kQ8.mp4
unlicensed, https://media.signbsl.com/videos/asl/youtube/mp4/RZv39y90kQ8.mp4
unlighted, https://media.signbsl.com/videos/asl/youtube/mp4/N5ZhZnl8FcA.mp4
unlikable, https://media.signbsl.com/videos/asl/youtube/mp4/ibPcXUurfeA.mp4
unlike, https://media.signbsl.com/videos/asl/aslsearch/mp4/unlike.mp4
unlikeable, https://media.signbsl.com/videos/asl/youtube/mp4/ibPcXUurfeA.mp4
unlikelier, https://media.signbsl.com/videos/asl/youtube/mp4/PWyeQogCyDA.mp4
unlikelihood, https://media.signbsl.com/videos/asl/youtube/mp4/r7CHlPneU9A.mp4
unlikeliness, https://media.signbsl.com/videos/asl/youtube/mp4/r7CHlPneU9A.mp4
unlikely, https://media.signbsl.com/videos/asl/aslsignbank/mp4/IN-THE-AIR-1742.mp4
unlimited, https://media.signbsl.com/videos/asl/youtube/mp4/VhQPzZyXHfM.mp4
unlined, https://media.signbsl.com/videos/asl/youtube/mp4/K3HSbQ0nVpM.mp4
unlisted, https://media.signbsl.com/videos/asl/youtube/mp4/N9ItwpBDG-o.mp4
unlistening, https://player.vimeo.com/external/392197493.sd.mp4?s=4d73da5a1096e8a1180dc612a01e8e27b1d1be67&profile_id=164
unlit, https://media.signbsl.com/videos/asl/youtube/mp4/N5ZhZnl8FcA.mp4
unload, https://media.signbsl.com/videos/asl/youtube/mp4/ucoyBTCnQDg.mp4
unlock, https://media.signbsl.com/videos/asl/youtube/mp4/rbC34dFuWyU.mp4
unlocked, https://media.signbsl.com/videos/asl/youtube/mp4/zqmfknnlAcY.mp4
unlooked for, https://media.signbsl.com/videos/asl/youtube/mp4/fNjuMhPPxrA.mp4
unloose, https://player.vimeo.com/external/392436425.sd.mp4?s=a9a05d4eef39dad15a28bfe68369ca5feaf500cc&profile_id=164
unloosen, https://player.vimeo.com/external/392436425.sd.mp4?s=a9a05d4eef39dad15a28bfe68369ca5feaf500cc&profile_id=164
unlovable, https://media.signbsl.com/videos/asl/youtube/mp4/0V7UOwu8uRE.mp4
unloved, https://media.signbsl.com/videos/asl/youtube/mp4/soo1B7O5Vi0.mp4
unlovely, https://media.signbsl.com/videos/asl/youtube/mp4/j_zemRpKQSE.mp4
unloving, https://player.vimeo.com/external/392626181.sd.mp4?s=ab74f35a1f05e2171330c958b8538ed414f69fb7&profile_id=164
unluckier, https://media.signbsl.com/videos/asl/youtube/mp4/JD0J-IojkYQ.mp4
unluckily, https://media.signbsl.com/videos/asl/aslsearch/mp4/unfortunately.mp4
unlucky, https://media.signbsl.com/videos/asl/youtube/mp4/TZH3bKvr6IY.mp4
unmade, https://media.signbsl.com/videos/asl/youtube/mp4/fpNAI5DrIK4.mp4
unman, https://media.signbsl.com/videos/asl/youtube/mp4/2cFkmNAEr2s.mp4
unmanageable, https://media.signbsl.com/videos/asl/youtube/mp4/PYKMerO-WBE.mp4
unmanaged, https://media.signbsl.com/videos/asl/youtube/mp4/BRgKpUv9zpY.mp4
unmanfully, https://media.signbsl.com/videos/asl/youtube/mp4/VD52E75vxm0.mp4
unmanly, https://media.signbsl.com/videos/asl/youtube/mp4/VD52E75vxm0.mp4
unmannered, https://media.signbsl.com/videos/asl/startasl/mp4/rude.mp4
unmannerly, https://media.signbsl.com/videos/asl/startasl/mp4/rude.mp4
unmapped, https://media.signbsl.com/videos/asl/youtube/mp4/B90hk_QRYYc.mp4
unmarketable, https://media.signbsl.com/videos/asl/youtube/mp4/_t0R4b_bAZ0.mp4
unmarred, https://media.signbsl.com/videos/asl/youtube/mp4/LnKBROnkjWo.mp4
unmarried, https://media.signbsl.com/videos/asl/aslsignbank/mp4/SINGLE-1068.mp4
unmarried man, https://media.signbsl.com/videos/asl/aslsearch/mp4/bachelor.mp4
unmask, https://media.signbsl.com/videos/asl/youtube/mp4/aBGYO7xZDWg.mp4
unmatchable, https://player.vimeo.com/external/392375824.sd.mp4?s=853cfc016d2da0f6f16d6538a6fc61226844d1e2&profile_id=164
unmatched, https://player.vimeo.com/external/392375824.sd.mp4?s=853cfc016d2da0f6f16d6538a6fc61226844d1e2&profile_id=164
unmated, https://media.signbsl.com/videos/asl/youtube/mp4/x9zEnmgs7bs.mp4
unmeasurable, https://media.signbsl.com/videos/asl/youtube/mp4/iHrhsy5bjfg.mp4
unmeasured, https://media.signbsl.com/videos/asl/youtube/mp4/QWwri14Lk34.mp4
unmediated, https://media.signbsl.com/videos/asl/youtube/mp4/1F7rRc3q7gM.mp4
unmelodic, https://media.signbsl.com/videos/asl/youtube/mp4/H74_FqVigYY.mp4
unmelodious, https://media.signbsl.com/videos/asl/youtube/mp4/H74_FqVigYY.mp4
unmemorable, https://media.signbsl.com/videos/asl/youtube/mp4/stiVNC2c2pU.mp4
unmentionable, https://media.signbsl.com/videos/asl/youtube/mp4/6aMqa7yAE7g.mp4
unmentioned, https://media.signbsl.com/videos/asl/youtube/mp4/Sf7s79sV3N0.mp4
unmerciful, https://media.signbsl.com/videos/asl/youtube/mp4/vHhb5xpk9VU.mp4
unmet, https://media.signbsl.com/videos/asl/youtube/mp4/zO7N70CqU3Q.mp4
unmilitary, https://media.signbsl.com/videos/asl/youtube/mp4/nTD0AI7qZBg.mp4
unmindful, https://player.vimeo.com/external/392626381.sd.mp4?s=717f79044aab0fd2bed24ca85b87c964083445cf&profile_id=164
unmingled, https://media.signbsl.com/videos/asl/aslsignbank/mp4/PLAIN-749.mp4
unmistakable, https://media.signbsl.com/videos/asl/youtube/mp4/THOr7wEGPpY.mp4
unmitigated, https://media.signbsl.com/videos/asl/youtube/mp4/JYFUIUwzM0k.mp4
unmixable, https://media.signbsl.com/videos/asl/youtube/mp4/dRo6W6lvro8.mp4
unmixed, https://media.signbsl.com/videos/asl/youtube/mp4/EV3QFKi-pYE.mp4
unmodified, https://media.signbsl.com/videos/asl/youtube/mp4/YjYlMV7sKv4.mp4
unmolested, https://media.signbsl.com/videos/asl/youtube/mp4/9kC_BUCrFj4.mp4
unmoral, https://media.signbsl.com/videos/asl/youtube/mp4/Nogd6IjKKuc.mp4
unmortgaged, https://media.signbsl.com/videos/asl/youtube/mp4/fTeAPDWdOJQ.mp4
unmotivated, https://media.signbsl.com/videos/asl/youtube/mp4/XkkTf32aqww.mp4
unmovable, https://media.signbsl.com/videos/asl/youtube/mp4/oaLome9JG_g.mp4
unmoved, https://media.signbsl.com/videos/asl/youtube/mp4/u5S_BDHKu3U.mp4
unmown, https://media.signbsl.com/videos/asl/youtube/mp4/JccV-etgdF4.mp4
unmusical, https://media.signbsl.com/videos/asl/youtube/mp4/H74_FqVigYY.mp4
unmutilated, https://media.signbsl.com/videos/asl/youtube/mp4/LnKBROnkjWo.mp4
unnameable, https://media.signbsl.com/videos/asl/youtube/mp4/mqLb9tgFrn8.mp4
unnamed, https://media.signbsl.com/videos/asl/youtube/mp4/dVBbLrgsH3g.mp4
unnatural, https://media.signbsl.com/videos/asl/youtube/mp4/98XTpNvCin4.mp4
unnavigable, https://media.signbsl.com/videos/asl/youtube/mp4/1nXzToQ1fGE.mp4
unnecessary, https://media.signbsl.com/videos/asl/youtube/mp4/PKYRwgDLeE4.mp4
unneeded, https://media.signbsl.com/videos/asl/youtube/mp4/PKYRwgDLeE4.mp4
unneighborly, https://media.signbsl.com/videos/asl/youtube/mp4/CiAzd3QQEmI.mp4
unneighbourly, https://media.signbsl.com/videos/asl/youtube/mp4/CiAzd3QQEmI.mp4
unnerve, https://media.signbsl.com/videos/asl/youtube/mp4/jBFKBXVGoU0.mp4
unnerving, https://media.signbsl.com/videos/asl/youtube/mp4/3aakp2J4Sjs.mp4
unnoticeable, https://player.vimeo.com/external/392626400.sd.mp4?s=e6c243ad4f9593b83493e0f95571feb1ca1484f5&profile_id=164
unnoticed, https://media.signbsl.com/videos/asl/youtube/mp4/4XZjKpTKXAE.mp4
unnumberable, https://media.signbsl.com/videos/asl/ids/mp4/2013-11-2405-infinite-1500k-ase.mp4
unnumbered, https://media.signbsl.com/videos/asl/ids/mp4/2013-11-2405-infinite-1500k-ase.mp4
unnumerable, https://media.signbsl.com/videos/asl/ids/mp4/2013-11-2405-infinite-1500k-ase.mp4
unobjective, https://media.signbsl.com/videos/asl/youtube/mp4/3Qe3--poX-U.mp4
unobliging, https://media.signbsl.com/videos/asl/youtube/mp4/GySLPzP3K28.mp4
unobservant, https://media.signbsl.com/videos/asl/youtube/mp4/odFRFtnfGpQ.mp4
unobserved, https://media.signbsl.com/videos/asl/youtube/mp4/O7KLreowYMI.mp4
unobstructed, https://media.signbsl.com/videos/asl/youtube/mp4/7c8dQVhEyV4.mp4
unobtainable, https://media.signbsl.com/videos/asl/youtube/mp4/Y_3tbo8iJvA.mp4
unobtrusive, https://player.vimeo.com/external/392626400.sd.mp4?s=e6c243ad4f9593b83493e0f95571feb1ca1484f5&profile_id=164
unoccupied, https://media.signbsl.com/videos/asl/youtube/mp4/DwWrskQAMCo.mp4
unopened, https://media.signbsl.com/videos/asl/youtube/mp4/IAqoGhPMd9U.mp4
unopposed, https://media.signbsl.com/videos/asl/youtube/mp4/mSCCg3W5ZOY.mp4
unordered, https://media.signbsl.com/videos/asl/youtube/mp4/lTsIfeFQBTs.mp4
unorganised, https://media.signbsl.com/videos/asl/youtube/mp4/dTNY8Lx6vPU.mp4
unorganized, https://media.signbsl.com/videos/asl/youtube/mp4/dTNY8Lx6vPU.mp4
unoriginal, https://media.signbsl.com/videos/asl/youtube/mp4/jOP3PfISwIw.mp4
unornamented, https://media.signbsl.com/videos/asl/youtube/mp4/iV3A7758SKw.mp4
unorthodox, https://media.signbsl.com/videos/asl/youtube/mp4/q5g0-6JyvtQ.mp4
unorthodoxy, https://media.signbsl.com/videos/asl/valleybible/mp4/heresy.mp4
unowned, https://media.signbsl.com/videos/asl/youtube/mp4/XYjNDOMxXgA.mp4
unpacific, https://media.signbsl.com/videos/asl/youtube/mp4/F4HyaX1dP_0.mp4
unpack, https://media.signbsl.com/videos/asl/youtube/mp4/Rt-4g24I9hE.mp4
unpaid, https://media.signbsl.com/videos/asl/youtube/mp4/HUisvHbeJL8.mp4
unpainted, https://media.signbsl.com/videos/asl/youtube/mp4/xcpmst_PyDs.mp4
unparalleled, https://media.signbsl.com/videos/asl/aslsearch/mp4/unique.mp4
unparented, https://media.signbsl.com/videos/asl/youtube/mp4/c467OJ61MVw.mp4
unpassable, https://media.signbsl.com/videos/asl/youtube/mp4/l6MBVH8pB4k.mp4
unpasteurised, https://media.signbsl.com/videos/asl/youtube/mp4/u1CnOm3Jeok.mp4
unpasteurized, https://media.signbsl.com/videos/asl/youtube/mp4/u1CnOm3Jeok.mp4
unpatriotic, https://media.signbsl.com/videos/asl/youtube/mp4/udKuc8o2xHg.mp4
unpaved, https://media.signbsl.com/videos/asl/youtube/mp4/ueKcbSoUSaE.mp4
unpeeled, https://media.signbsl.com/videos/asl/youtube/mp4/-yarbqkP9rw.mp4
unperceived, https://media.signbsl.com/videos/asl/youtube/mp4/xQubo6gNYlI.mp4
unperceptive, https://media.signbsl.com/videos/asl/youtube/mp4/2A-sbeRgQzA.mp4
unperformed, https://media.signbsl.com/videos/asl/youtube/mp4/5gOuH4i4m4I.mp4
unperson, https://media.signbsl.com/videos/asl/youtube/mp4/fXNFEHktO9U.mp4
unpersuaded, https://media.signbsl.com/videos/asl/youtube/mp4/Cxb2_1ThyVk.mp4
unpersuasive, https://media.signbsl.com/videos/asl/youtube/mp4/LrW4Bk7oMl4.mp4
unperturbed, https://media.signbsl.com/videos/asl/youtube/mp4/YUaQfYJUDmo.mp4
unpick, https://media.signbsl.com/videos/asl/youtube/mp4/q5dQOkGBzRs.mp4
unpicturesque, https://media.signbsl.com/videos/asl/youtube/mp4/j_zemRpKQSE.mp4
unpin, https://media.signbsl.com/videos/asl/youtube/mp4/4yxBFyuunoM.mp4
unpitying, https://media.signbsl.com/videos/asl/youtube/mp4/1d44nzo9xX8.mp4
unplaced, https://media.signbsl.com/videos/asl/youtube/mp4/IqGxuWgbqBw.mp4
unplanned, https://media.signbsl.com/videos/asl/youtube/mp4/aUyZTbGbSEg.mp4
unplayable, https://media.signbsl.com/videos/asl/youtube/mp4/ec82CuhMR4M.mp4
unplayful, https://media.signbsl.com/videos/asl/aslsearch/mp4/sober.mp4
unpleasant, https://media.signbsl.com/videos/asl/youtube/mp4/tFE8Kp3vld0.mp4
unploughed, https://media.signbsl.com/videos/asl/youtube/mp4/f0J2lWLMG2Y.mp4
unplowed, https://media.signbsl.com/videos/asl/youtube/mp4/f0J2lWLMG2Y.mp4
unplug, https://media.signbsl.com/videos/asl/mariekatzenbachschool/mp4/unplug.mp4
unplugged, https://media.signbsl.com/videos/asl/youtube/mp4/mOkven-anxw.mp4
unplumbed, https://player.vimeo.com/external/392422796.sd.mp4?s=81655111859e7ab980aa195766a009f1958abbcc&profile_id=164
unpolished, https://media.signbsl.com/videos/asl/youtube/mp4/AvOqGBKKUoc.mp4
unpolitical, https://media.signbsl.com/videos/asl/youtube/mp4/RmhLb_GhWGg.mp4
unpolluted, https://media.signbsl.com/videos/asl/youtube/mp4/-UDXQxqlPhA.mp4
unpracticed, https://media.signbsl.com/videos/asl/youtube/mp4/qRBwIxrXRiQ.mp4
unpractised, https://media.signbsl.com/videos/asl/youtube/mp4/qRBwIxrXRiQ.mp4
unprecedented, https://media.signbsl.com/videos/asl/youtube/mp4/VYjlfY7O8a0.mp4
unpredictability, https://media.signbsl.com/videos/asl/youtube/mp4/qX8HYMr_RTY.mp4
unpredictable, https://player.vimeo.com/external/392626419.sd.mp4?s=27cf79ba46ca3b0928a5163f0830580060c63169&profile_id=164
unpredicted, https://media.signbsl.com/videos/asl/youtube/mp4/c7Y3koTvIvg.mp4
unprejudiced, https://media.signbsl.com/videos/asl/youtube/mp4/kT4S9sqcS3A.mp4
unprepossessing, https://media.signbsl.com/videos/asl/youtube/mp4/dl__pFN0XKI.mp4
unpresentable, https://media.signbsl.com/videos/asl/youtube/mp4/dl__pFN0XKI.mp4
unpressed, https://media.signbsl.com/videos/asl/youtube/mp4/6POWLF0XQD0.mp4
unpreventable, https://media.signbsl.com/videos/asl/youtube/mp4/ckLFHWr5V-Q.mp4
unpriced, https://media.signbsl.com/videos/asl/youtube/mp4/gMvAo0rEYWU.mp4
unprincipled, https://media.signbsl.com/videos/asl/youtube/mp4/nfDE8yCCV58.mp4
unprintable, https://media.signbsl.com/videos/asl/youtube/mp4/TvbwXfUOczo.mp4
unproblematic, https://media.signbsl.com/videos/asl/aslsignbank/mp4/ELEMENTARY-SCHOOL-743.mp4
unprocessed, https://media.signbsl.com/videos/asl/youtube/mp4/sGO7RVZh5vk.mp4
unprocurable, https://media.signbsl.com/videos/asl/youtube/mp4/Y_3tbo8iJvA.mp4
unprofessional, https://player.vimeo.com/external/392626450.sd.mp4?s=7cc847a3e135c5562ef98dbce5c885a61de894b9&profile_id=164
unprofitable, https://media.signbsl.com/videos/asl/youtube/mp4/3wgn9rc8-v8.mp4
unpromising, https://media.signbsl.com/videos/asl/youtube/mp4/gtOkVQwnY74.mp4
unprompted, https://media.signbsl.com/videos/asl/youtube/mp4/lzv3YFey4fU.mp4
unpronounceable, https://media.signbsl.com/videos/asl/youtube/mp4/9zYNhVNWZR4.mp4
unpropitious, https://media.signbsl.com/videos/asl/youtube/mp4/5FP5JpC7IDk.mp4
unprotected, https://media.signbsl.com/videos/asl/youtube/mp4/BfO5lPSEraA.mp4
unproved, https://media.signbsl.com/videos/asl/youtube/mp4/-LkPaKXUm_4.mp4
unproven, https://media.signbsl.com/videos/asl/youtube/mp4/-LkPaKXUm_4.mp4
unprovided, https://media.signbsl.com/videos/asl/youtube/mp4/N6OiWXsh1OU.mp4
unprovoked, https://media.signbsl.com/videos/asl/youtube/mp4/vy6gvOEp5vw.mp4
unpublished, https://media.signbsl.com/videos/asl/youtube/mp4/8pfBJpSh62o.mp4
unpunished, https://media.signbsl.com/videos/asl/youtube/mp4/SQYxoyq-cn0.mp4
unqualified, https://player.vimeo.com/external/392626482.sd.mp4?s=64203c3ec2fa76a7717992430997abbfc7bd3c73&profile_id=164
unquenchable, https://media.signbsl.com/videos/asl/youtube/mp4/qinPOgzc908.mp4
unquestionable, https://media.signbsl.com/videos/asl/youtube/mp4/zxAa-qqr30c.mp4
unquestioned, https://media.signbsl.com/videos/asl/youtube/mp4/4uBxI6rUwg8.mp4
unquiet, https://media.signbsl.com/videos/asl/startasl/mp4/nervous.mp4
unquote, https://media.signbsl.com/videos/asl/youtube/mp4/GeW7wCBV5f4.mp4
unranked, https://media.signbsl.com/videos/asl/youtube/mp4/lTsIfeFQBTs.mp4
unravel, https://media.signbsl.com/videos/asl/youtube/mp4/q5dQOkGBzRs.mp4
unreachable, https://media.signbsl.com/videos/asl/youtube/mp4/SmK-C1oEC6c.mp4
unreached, https://media.signbsl.com/videos/asl/youtube/mp4/SmK-C1oEC6c.mp4
unread, https://media.signbsl.com/videos/asl/youtube/mp4/wETusHaAEaU.mp4
unreadable, https://media.signbsl.com/videos/asl/aslsearch/mp4/unclear.mp4
unready, https://media.signbsl.com/videos/asl/youtube/mp4/iRjVznvvM0U.mp4
unreal, https://media.signbsl.com/videos/asl/aslsignbank/mp4/FAKE-732.mp4
unrealised, https://media.signbsl.com/videos/asl/youtube/mp4/6ZHzIN6BH20.mp4
unrealistic, https://player.vimeo.com/external/392626505.sd.mp4?s=eba5781be03992a113035b911721345205bed6d1&profile_id=164
unrealizable, https://media.signbsl.com/videos/asl/youtube/mp4/YDfddSPu2JE.mp4
unrealized, https://media.signbsl.com/videos/asl/youtube/mp4/6ZHzIN6BH20.mp4
unreasonable, https://media.signbsl.com/videos/asl/aslsignbank/mp4/RIDICULOUS-975.mp4
unreceptive, https://media.signbsl.com/videos/asl/youtube/mp4/y9BZ4ZRxZuc.mp4
unreciprocated, https://media.signbsl.com/videos/asl/youtube/mp4/w1ri-cTKsyk.mp4
unrecognised, https://media.signbsl.com/videos/asl/youtube/mp4/YZbC2OUqiMI.mp4
unrecognized, https://media.signbsl.com/videos/asl/youtube/mp4/YZbC2OUqiMI.mp4
unreconstructed, https://media.signbsl.com/videos/asl/youtube/mp4/BoWx-91qbTo.mp4
unrecorded, https://media.signbsl.com/videos/asl/youtube/mp4/kKj2MDSpi34.mp4
unrecoverable, https://media.signbsl.com/videos/asl/youtube/mp4/ULlNTGoXo8U.mp4
unredeemable, https://media.signbsl.com/videos/asl/youtube/mp4/UWUDYeFAlLA.mp4
unredeemed, https://media.signbsl.com/videos/asl/youtube/mp4/tj7dbs5J9DU.mp4
unreflective, https://media.signbsl.com/videos/asl/youtube/mp4/oDe5SsI67lk.mp4
unreformable, https://media.signbsl.com/videos/asl/youtube/mp4/UWUDYeFAlLA.mp4
unregenerate, https://media.signbsl.com/videos/asl/youtube/mp4/Qflt5MDqy4M.mp4
unregenerated, https://media.signbsl.com/videos/asl/youtube/mp4/Qflt5MDqy4M.mp4
unregistered, https://media.signbsl.com/videos/asl/youtube/mp4/V0kwa4S3uaE.mp4
unregulated, https://media.signbsl.com/videos/asl/youtube/mp4/0O0QPt7FlqM.mp4
unrehearsed, https://media.signbsl.com/videos/asl/youtube/mp4/l0kBLGghYb8.mp4
unrelated, https://player.vimeo.com/external/392626535.sd.mp4?s=f667e2411bb4f4e1f8bb38399cdae43c47085b15&profile_id=164
unrelenting, https://media.signbsl.com/videos/asl/youtube/mp4/q2ZCAG9VvZ0.mp4
unreliability, https://media.signbsl.com/videos/asl/youtube/mp4/CkSdQDK9JdQ.mp4
unreliable, https://media.signbsl.com/videos/asl/aslsearch/mp4/unreliable.mp4
unreliableness, https://media.signbsl.com/videos/asl/youtube/mp4/CkSdQDK9JdQ.mp4
unrelieved, https://media.signbsl.com/videos/asl/youtube/mp4/CReDfL6gKxA.mp4
unremarkable, https://media.signbsl.com/videos/asl/aslsearch/mp4/everyday.mp4
unremarkably, https://media.signbsl.com/videos/asl/youtube/mp4/qa-eI25U23s.mp4
unremarked, https://media.signbsl.com/videos/asl/youtube/mp4/xQubo6gNYlI.mp4
unremitting, https://media.signbsl.com/videos/asl/youtube/mp4/GoLt4D-6l4c.mp4
unremorseful, https://media.signbsl.com/videos/asl/youtube/mp4/NMz2M9tTIPM.mp4
unrenewable, https://media.signbsl.com/videos/asl/youtube/mp4/F7H2ZtK7ZGE.mp4
unrepeatable, https://media.signbsl.com/videos/asl/youtube/mp4/H-ac717Y2HQ.mp4
unrepentant, https://media.signbsl.com/videos/asl/youtube/mp4/NMz2M9tTIPM.mp4
unreported, https://media.signbsl.com/videos/asl/youtube/mp4/tWY3im-8oNU.mp4
unrepresentative, https://media.signbsl.com/videos/asl/youtube/mp4/Ndp0ObGmQXQ.mp4
unrepresented, https://media.signbsl.com/videos/asl/youtube/mp4/Ux4fKzlZlMc.mp4
unrequited, https://media.signbsl.com/videos/asl/youtube/mp4/w1ri-cTKsyk.mp4
unreserved, https://media.signbsl.com/videos/asl/youtube/mp4/93p1kRQT91U.mp4
unresistant, https://media.signbsl.com/videos/asl/youtube/mp4/7SRjUQdAYE0.mp4
unresolvable, https://media.signbsl.com/videos/asl/youtube/mp4/6qYt_rIL8n8.mp4
unresolved, https://media.signbsl.com/videos/asl/youtube/mp4/lx7x3eAZlWA.mp4
unresponsive, https://media.signbsl.com/videos/asl/youtube/mp4/BFUc6MKLLqo.mp4
unrest, https://media.signbsl.com/videos/asl/youtube/mp4/Fdmm7TokywY.mp4
unrestricted, https://media.signbsl.com/videos/asl/youtube/mp4/inTseSGHTOw.mp4
unreturnable, https://player.vimeo.com/external/392626576.sd.mp4?s=4a763baa459c7afac0d908cc5b24923eda6ac075&profile_id=164
unrevealing, https://media.signbsl.com/videos/asl/youtube/mp4/YphHE3XEcN4.mp4
unrewarded, https://media.signbsl.com/videos/asl/youtube/mp4/rA4U0l36GN8.mp4
unrewarding, https://media.signbsl.com/videos/asl/youtube/mp4/Quik1tA7d20.mp4
unrighteous, https://media.signbsl.com/videos/asl/youtube/mp4/xJz8gpp8Sc8.mp4
unripe, https://media.signbsl.com/videos/asl/youtube/mp4/JQ4lLpujpkc.mp4
unripened, https://media.signbsl.com/videos/asl/youtube/mp4/JQ4lLpujpkc.mp4
unrivaled, https://player.vimeo.com/external/392375824.sd.mp4?s=853cfc016d2da0f6f16d6538a6fc61226844d1e2&profile_id=164
unrivalled, https://player.vimeo.com/external/392375824.sd.mp4?s=853cfc016d2da0f6f16d6538a6fc61226844d1e2&profile_id=164
unroll, https://media.signbsl.com/videos/asl/youtube/mp4/Ce6EQ9t41IQ.mp4
unromantic, https://media.signbsl.com/videos/asl/youtube/mp4/-OKPw4B3_iI.mp4
unruffled, https://media.signbsl.com/videos/asl/youtube/mp4/YUaQfYJUDmo.mp4
unruly, https://media.signbsl.com/videos/asl/youtube/mp4/Gtxhxyz7xcQ.mp4
unsaddle, https://media.signbsl.com/videos/asl/youtube/mp4/I6g5yzcwc-s.mp4
unsafe, https://player.vimeo.com/external/391916399.sd.mp4?s=aba59ad5b31438242d53a9870c27dbeb3ba4d8ac&profile_id=164
unsafer, https://media.signbsl.com/videos/asl/youtube/mp4/OXhKlisTLhw.mp4
unsaid, https://media.signbsl.com/videos/asl/youtube/mp4/0eF3yVfC47I.mp4
unsalable, https://media.signbsl.com/videos/asl/youtube/mp4/jgrx-Hgg4Ds.mp4
unsalaried, https://media.signbsl.com/videos/asl/youtube/mp4/ngIRShQjSYs.mp4
unsaleable, https://media.signbsl.com/videos/asl/youtube/mp4/jgrx-Hgg4Ds.mp4
unsalted, https://media.signbsl.com/videos/asl/youtube/mp4/ROVDFQWYQsc.mp4
unsanctified, https://media.signbsl.com/videos/asl/youtube/mp4/4QHiD9vjvQo.mp4
unsanctioned, https://media.signbsl.com/videos/asl/youtube/mp4/gFvhJYhPQWs.mp4
unsanitary, https://media.signbsl.com/videos/asl/youtube/mp4/9ptFccvHMS8.mp4
unsatiable, https://media.signbsl.com/videos/asl/youtube/mp4/SbdHpcezSi4.mp4
unsatisfied, https://media.signbsl.com/videos/asl/youtube/mp4/pMqBj7dyUWM.mp4
unsaturated, https://media.signbsl.com/videos/asl/youtube/mp4/4EEvXsvb0WA.mp4
unsaved, https://media.signbsl.com/videos/asl/youtube/mp4/tj7dbs5J9DU.mp4
unsavory, https://media.signbsl.com/videos/asl/youtube/mp4/jwm5Sg7EcK8.mp4
unsavoury, https://media.signbsl.com/videos/asl/youtube/mp4/jwm5Sg7EcK8.mp4
unscathed, https://media.signbsl.com/videos/asl/youtube/mp4/BpG8sg_StUs.mp4
unscented, https://media.signbsl.com/videos/asl/youtube/mp4/0KMyTkeDLDE.mp4
unscheduled, https://media.signbsl.com/videos/asl/youtube/mp4/UCW2hRfDmnE.mp4
unschooled, https://media.signbsl.com/videos/asl/youtube/mp4/IEjkkXC1r6c.mp4
unscientific, https://media.signbsl.com/videos/asl/youtube/mp4/pCdbNl853GM.mp4
unscramble, https://media.signbsl.com/videos/asl/youtube/mp4/q5dQOkGBzRs.mp4
unscratched, https://media.signbsl.com/videos/asl/youtube/mp4/fRLLfMc74RA.mp4
unscrew, https://media.signbsl.com/videos/asl/youtube/mp4/KNiCx107nrw.mp4
unscrew lid, https://media.signbsl.com/videos/asl/mariekatzenbachschool/mp4/unscrew%20lid.mp4
unscripted, https://media.signbsl.com/videos/asl/youtube/mp4/ALAy9xRTSKE.mp4
unsearchable, https://media.signbsl.com/videos/asl/youtube/mp4/D4hQCnWodg4.mp4
unseasonable, https://media.signbsl.com/videos/asl/youtube/mp4/mPC75dgQDXY.mp4
unseasoned, https://media.signbsl.com/videos/asl/youtube/mp4/dp00TiBf1yU.mp4
unseat, https://media.signbsl.com/videos/asl/youtube/mp4/W4E76pg5vZg.mp4
unseaworthy, https://media.signbsl.com/videos/asl/youtube/mp4/XR82DEwqHZY.mp4
unsectarian, https://media.signbsl.com/videos/asl/youtube/mp4/EOir4jqpVAw.mp4
unsecured, https://media.signbsl.com/videos/asl/youtube/mp4/zqmfknnlAcY.mp4
unseeable, https://media.signbsl.com/videos/asl/aslsearch/mp4/invisible2.mp4
unseeded, https://media.signbsl.com/videos/asl/youtube/mp4/MeJ4r4Djppo.mp4
unseeing, https://media.signbsl.com/videos/asl/youtube/mp4/odFRFtnfGpQ.mp4
unseemliness, https://media.signbsl.com/videos/asl/youtube/mp4/2R5M69tm-0k.mp4
unseemly, https://media.signbsl.com/videos/asl/youtube/mp4/_cS-G4HJhNM.mp4
unseen, https://media.signbsl.com/videos/asl/youtube/mp4/p88yhHVsM1o.mp4
unsegmented, https://media.signbsl.com/videos/asl/youtube/mp4/7dcp2vvU7mY.mp4
unsegregated, https://media.signbsl.com/videos/asl/youtube/mp4/AqdyGi6dlxs.mp4
unselfish, https://media.signbsl.com/videos/asl/youtube/mp4/Aih9TmIn3Is.mp4
unsent, https://media.signbsl.com/videos/asl/youtube/mp4/zY9pSyOcNps.mp4
unserviceable, https://media.signbsl.com/videos/asl/youtube/mp4/QX7twpO3Rqc.mp4
unsettle, https://media.signbsl.com/videos/asl/youtube/mp4/jBFKBXVGoU0.mp4
unsettled, https://player.vimeo.com/external/392626598.sd.mp4?s=1cd0f13edc2bfb40b90b3b151478106f918accc6&profile_id=164
unsex, https://media.signbsl.com/videos/asl/youtube/mp4/Axbc8ruWqG0.mp4
unshackle, https://media.signbsl.com/videos/asl/youtube/mp4/znxMag_h6Pk.mp4
unshakable, https://media.signbsl.com/videos/asl/youtube/mp4/WxpCwgZbADU.mp4
unshaken, https://media.signbsl.com/videos/asl/youtube/mp4/1Dy5aFyPxsw.mp4
unshaped, https://media.signbsl.com/videos/asl/youtube/mp4/runDoU7Bxyw.mp4
unshapely, https://media.signbsl.com/videos/asl/youtube/mp4/AQuMJuQwakM.mp4
unshapen, https://media.signbsl.com/videos/asl/youtube/mp4/runDoU7Bxyw.mp4
unshaved, https://media.signbsl.com/videos/asl/youtube/mp4/Vs4kKimMv3o.mp4
unshaven, https://media.signbsl.com/videos/asl/youtube/mp4/Vs4kKimMv3o.mp4
unshod, https://media.signbsl.com/videos/asl/youtube/mp4/AUgmouWGDXg.mp4
unshoed, https://media.signbsl.com/videos/asl/youtube/mp4/AUgmouWGDXg.mp4
unshrinking, https://media.signbsl.com/videos/asl/youtube/mp4/DRzyNSBfqsw.mp4
unsifted, https://media.signbsl.com/videos/asl/youtube/mp4/_tD5BxwHRZI.mp4
unsighted, https://media.signbsl.com/videos/asl/startasl/mp4/blinds.mp4
unsightliness, https://media.signbsl.com/videos/asl/youtube/mp4/bCKMxoGaNdc.mp4
unsigned, https://media.signbsl.com/videos/asl/youtube/mp4/9u_rugiLgUY.mp4
unsinkable, https://media.signbsl.com/videos/asl/youtube/mp4/CJMU-OH5r-E.mp4
unskilful, https://media.signbsl.com/videos/asl/youtube/mp4/_B7XVEjRAUM.mp4
unskilled, https://player.vimeo.com/external/391155967.sd.mp4?s=9f31336ae766ccc0ddcae008f07f4134d3c9dde8&profile_id=164
unsloped, https://media.signbsl.com/videos/asl/youtube/mp4/HyuLkSnUSaA.mp4
unsmiling, https://media.signbsl.com/videos/asl/youtube/mp4/Yau1d532tLg.mp4
unsmooth, https://media.signbsl.com/videos/asl/youtube/mp4/EZLCp1zIjgQ.mp4
unsnap, https://media.signbsl.com/videos/asl/youtube/mp4/FdbzF1Rc3_Y.mp4
unsnarl, https://media.signbsl.com/videos/asl/youtube/mp4/TxKFiQaG-G4.mp4
unsociable, https://media.signbsl.com/videos/asl/youtube/mp4/BjV4VbXKG_k.mp4
unsold, https://media.signbsl.com/videos/asl/youtube/mp4/i6UmOoDmOwQ.mp4
unsolicited, https://media.signbsl.com/videos/asl/youtube/mp4/hYiEWji-xrg.mp4
unsolved, https://media.signbsl.com/videos/asl/youtube/mp4/xdjedNkBz6k.mp4
unsophisticate, https://media.signbsl.com/videos/asl/youtube/mp4/nBywe9ca7hQ.mp4
unsophisticated, https://player.vimeo.com/external/392208686.sd.mp4?s=f90da3e009e7a5e7c5fc71b61f74ba78a63d4901&profile_id=164
unsorted, https://media.signbsl.com/videos/asl/youtube/mp4/-kIn5q7lVd8.mp4
unsought, https://media.signbsl.com/videos/asl/youtube/mp4/hYiEWji-xrg.mp4
unsound, https://media.signbsl.com/videos/asl/youtube/mp4/kP6DdLgEpPQ.mp4
unsounded, https://player.vimeo.com/external/392422796.sd.mp4?s=81655111859e7ab980aa195766a009f1958abbcc&profile_id=164
unsound mind, https://media.signbsl.com/videos/asl/unoclimb/mp4/zSOATtqmO-M.mp4
unsown, https://media.signbsl.com/videos/asl/youtube/mp4/MeJ4r4Djppo.mp4
unsparing, https://media.signbsl.com/videos/asl/youtube/mp4/L_7FX5Ryl7Y.mp4
unspeakable, https://media.signbsl.com/videos/asl/youtube/mp4/SgoW6tFEHvc.mp4
unspecialised, https://media.signbsl.com/videos/asl/youtube/mp4/sh1MQv5xq5k.mp4
unspecialized, https://media.signbsl.com/videos/asl/youtube/mp4/sh1MQv5xq5k.mp4
unspecific, https://media.signbsl.com/videos/asl/aslsignbank/mp4/PUBLIC-944.mp4
unspectacular, https://media.signbsl.com/videos/asl/youtube/mp4/CH45nBvqPq0.mp4
unspent, https://media.signbsl.com/videos/asl/youtube/mp4/Z6xJaRinOS8.mp4
unspoiled, https://media.signbsl.com/videos/asl/youtube/mp4/zyCxwkzFrRw.mp4
unspoken, https://player.vimeo.com/external/392378688.sd.mp4?s=2062ef349a7c38831a33595b57ef7123ae820cd5&profile_id=164
unsporting, https://media.signbsl.com/videos/asl/youtube/mp4/Jr7Pi3GQJDs.mp4
unsportsmanlike, https://media.signbsl.com/videos/asl/youtube/mp4/Jr7Pi3GQJDs.mp4
unstability, https://media.signbsl.com/videos/asl/youtube/mp4/NrJxoF33zZA.mp4
unstable, https://media.signbsl.com/videos/asl/youtube/mp4/k_QznRqMnTQ.mp4
unstained, https://media.signbsl.com/videos/asl/youtube/mp4/MK8Qx2VeIl4.mp4
unstated, https://media.signbsl.com/videos/asl/youtube/mp4/0eF3yVfC47I.mp4
unsteadily, https://media.signbsl.com/videos/asl/youtube/mp4/BOAPEtxJWDY.mp4
unstinted, https://media.signbsl.com/videos/asl/youtube/mp4/L_7FX5Ryl7Y.mp4
unstinting, https://media.signbsl.com/videos/asl/youtube/mp4/L_7FX5Ryl7Y.mp4
unstoppable, https://media.signbsl.com/videos/asl/youtube/mp4/tb59oFCxDYI.mp4
unstrain, https://media.signbsl.com/videos/asl/aslsignbank/mp4/REST-352.mp4
unstrained, https://media.signbsl.com/videos/asl/youtube/mp4/HHp1uBZ6Zvw.mp4
unstrap, https://media.signbsl.com/videos/asl/youtube/mp4/OLrZY2kKFRY.mp4
unstressed, https://media.signbsl.com/videos/asl/youtube/mp4/Ba6ZvN3mGMc.mp4
unstring, https://media.signbsl.com/videos/asl/youtube/mp4/vXvCJkpnGfY.mp4
unstructured, https://media.signbsl.com/videos/asl/youtube/mp4/U3_53Mo_fgc.mp4
unstuck, https://media.signbsl.com/videos/asl/youtube/mp4/ktclz5tvlS0.mp4
unstudied, https://media.signbsl.com/videos/asl/youtube/mp4/fS858UclOGE.mp4
unstylish, https://media.signbsl.com/videos/asl/youtube/mp4/J8AV1Mio7_k.mp4
unsubduable, https://media.signbsl.com/videos/asl/youtube/mp4/PWXvrD1-w_U.mp4
unsubscribe, https://media.signbsl.com/videos/asl/youtube/mp4/4jiO39x-b1Y.mp4
unsubstantial, https://media.signbsl.com/videos/asl/youtube/mp4/TkK2IQn-0PQ.mp4
unsubstantiated, https://media.signbsl.com/videos/asl/youtube/mp4/8Za4WKP1YJw.mp4
unsuccessful, https://media.signbsl.com/videos/asl/youtube/mp4/2A87Uvc4Tpk.mp4
unsufferable, https://media.signbsl.com/videos/asl/youtube/mp4/3h-bgQA8Ips.mp4
unsuitability, https://media.signbsl.com/videos/asl/youtube/mp4/bdsp8hVQ_uY.mp4
unsuitable, https://player.vimeo.com/external/392196139.sd.mp4?s=218e5b9167f7c3a7451b519fc6b3ccab52b741e0&profile_id=164
unsuitableness, https://media.signbsl.com/videos/asl/youtube/mp4/bdsp8hVQ_uY.mp4
unsullied, https://media.signbsl.com/videos/asl/youtube/mp4/MK8Qx2VeIl4.mp4
unsung, https://media.signbsl.com/videos/asl/youtube/mp4/zT1R0bQqObo.mp4
unsupervised, https://media.signbsl.com/videos/asl/youtube/mp4/dtf0il27Qwo.mp4
unsupportable, https://media.signbsl.com/videos/asl/youtube/mp4/R3K4XDz3oHw.mp4
unsupported, https://media.signbsl.com/videos/asl/youtube/mp4/5KhFIu7Fp9w.mp4
unsure, https://media.signbsl.com/videos/asl/aslsearch/mp4/uncertain.mp4
unsurmountable, https://media.signbsl.com/videos/asl/youtube/mp4/9ACZl5zUpBs.mp4
unsurprising, https://media.signbsl.com/videos/asl/youtube/mp4/QgfAxFF1nws.mp4
unsusceptible, https://media.signbsl.com/videos/asl/youtube/mp4/glZhBsMJ1Rc.mp4
unsuspected, https://media.signbsl.com/videos/asl/youtube/mp4/me_l1b8w5oA.mp4
unsustainable, https://media.signbsl.com/videos/asl/youtube/mp4/brNxisujSOM.mp4
unswayed, https://media.signbsl.com/videos/asl/youtube/mp4/n0MBcyfRaGc.mp4
unsweetened, https://media.signbsl.com/videos/asl/youtube/mp4/Nggwfj5atb8.mp4
unswerving, https://media.signbsl.com/videos/asl/youtube/mp4/DhVcQD0jbdM.mp4
unsymmetrical, https://media.signbsl.com/videos/asl/youtube/mp4/_H-YKFkvPS4.mp4
unsympathetic, https://player.vimeo.com/external/392626665.sd.mp4?s=dc23d311c07b09f42a214a6bd7b8984bea4f73cb&profile_id=164
unsynchronised, https://media.signbsl.com/videos/asl/youtube/mp4/1VTjUEnFXRI.mp4
unsynchronized, https://media.signbsl.com/videos/asl/youtube/mp4/1VTjUEnFXRI.mp4
unsynchronous, https://media.signbsl.com/videos/asl/youtube/mp4/1VTjUEnFXRI.mp4
unsystematic, https://media.signbsl.com/videos/asl/youtube/mp4/fcZqlaW8FEo.mp4
untainted, https://media.signbsl.com/videos/asl/youtube/mp4/MK8Qx2VeIl4.mp4
untalkative, https://media.signbsl.com/videos/asl/youtube/mp4/oml1VZJIWD0.mp4
untamed, https://media.signbsl.com/videos/asl/youtube/mp4/3My1-sl6g-Q.mp4
untangle, https://media.signbsl.com/videos/asl/youtube/mp4/q5dQOkGBzRs.mp4
untanned, https://media.signbsl.com/videos/asl/youtube/mp4/mTRdToWoheA.mp4
untapped, https://media.signbsl.com/videos/asl/youtube/mp4/I6ryzUMDxJQ.mp4
untarnished, https://media.signbsl.com/videos/asl/youtube/mp4/MK8Qx2VeIl4.mp4
untasted, https://media.signbsl.com/videos/asl/youtube/mp4/huf-T63DDjE.mp4
untaught, https://media.signbsl.com/videos/asl/youtube/mp4/IEjkkXC1r6c.mp4
unteach, https://media.signbsl.com/videos/asl/youtube/mp4/leDd2RGfj_E.mp4
unteachable, https://media.signbsl.com/videos/asl/youtube/mp4/EH5sJlIXJi4.mp4
untechnical, https://media.signbsl.com/videos/asl/youtube/mp4/AVOtEOyj-8M.mp4
untenable, https://media.signbsl.com/videos/asl/youtube/mp4/JGxzF7aOH2I.mp4
untenanted, https://media.signbsl.com/videos/asl/youtube/mp4/pcsSku2y2iY.mp4
untested, https://media.signbsl.com/videos/asl/youtube/mp4/dp00TiBf1yU.mp4
unthankful, https://media.signbsl.com/videos/asl/youtube/mp4/_vJxSbRwA3o.mp4
unthaw, https://media.signbsl.com/videos/asl/youtube/mp4/ycYcIOC2YIQ.mp4
unthinkable, https://player.vimeo.com/external/392626686.sd.mp4?s=93a51f772a6c1b60df2f9a9cf7b7bb1af3e5b6ed&profile_id=164
unthinking, https://media.signbsl.com/videos/asl/youtube/mp4/lFJKQf6j7Rw.mp4
unthought, https://media.signbsl.com/videos/asl/youtube/mp4/8KCzzK6Py8Y.mp4
unthoughtful, https://media.signbsl.com/videos/asl/youtube/mp4/oDe5SsI67lk.mp4
unthought of, https://media.signbsl.com/videos/asl/youtube/mp4/8KCzzK6Py8Y.mp4
untidily, https://media.signbsl.com/videos/asl/youtube/mp4/LGox60buGf8.mp4
untie, https://media.signbsl.com/videos/asl/youtube/mp4/8zsF3F2lIQs.mp4
until, https://media.signbsl.com/videos/asl/startasl/mp4/until.mp4
until now, https://media.signbsl.com/videos/asl/aslsearch/mp4/still.mp4
untimeliness, https://media.signbsl.com/videos/asl/youtube/mp4/tvPLbGKKR7Y.mp4
untimely, https://player.vimeo.com/external/392868561.sd.mp4?s=f2c6740f9bcf4602cd68a9ddc3a626a554f3fc84&profile_id=164
untired, https://media.signbsl.com/videos/asl/youtube/mp4/z6TqqiDsNV4.mp4
untiring, https://player.vimeo.com/external/392166065.sd.mp4?s=212ab307bce890c8b803ff241132b254a8e46786&profile_id=164
untitled, https://media.signbsl.com/videos/asl/youtube/mp4/tnBdE3FimyA.mp4
unto, https://media.signbsl.com/videos/asl/youtube/mp4/mskt-5oY4nk.mp4
untold, https://media.signbsl.com/videos/asl/youtube/mp4/MxZzUSBByEs.mp4
untouchable, https://media.signbsl.com/videos/asl/youtube/mp4/VEhuDXImlOg.mp4
untouched, https://media.signbsl.com/videos/asl/youtube/mp4/n0MBcyfRaGc.mp4
untoughened, https://media.signbsl.com/videos/asl/youtube/mp4/qW0k98gpXu0.mp4
untoward, https://media.signbsl.com/videos/asl/youtube/mp4/kN4mxB9IIFg.mp4
untraceable, https://media.signbsl.com/videos/asl/youtube/mp4/OJ_7n_4e_C4.mp4
untracked, https://media.signbsl.com/videos/asl/youtube/mp4/Nb-FYXB8LxY.mp4
untraditional, https://media.signbsl.com/videos/asl/youtube/mp4/W-Bg3AwCnLI.mp4
untrained, https://media.signbsl.com/videos/asl/youtube/mp4/KXyCIBjxj6M.mp4
untransferable, https://media.signbsl.com/videos/asl/youtube/mp4/9U9VLVwEuAc.mp4
untranslatable, https://media.signbsl.com/videos/asl/youtube/mp4/6NN0tOF90ok.mp4
untranslated, https://media.signbsl.com/videos/asl/youtube/mp4/rGZ8v4TV_DM.mp4
untraveled, https://media.signbsl.com/videos/asl/youtube/mp4/4iNslvWZhqY.mp4
untravelled, https://media.signbsl.com/videos/asl/youtube/mp4/4iNslvWZhqY.mp4
untreated, https://media.signbsl.com/videos/asl/youtube/mp4/MX5ZJFnXvdo.mp4
untried, https://media.signbsl.com/videos/asl/youtube/mp4/dp00TiBf1yU.mp4
untrod, https://media.signbsl.com/videos/asl/youtube/mp4/Nb-FYXB8LxY.mp4
untrodden, https://media.signbsl.com/videos/asl/youtube/mp4/Nb-FYXB8LxY.mp4
untroubled, https://media.signbsl.com/videos/asl/youtube/mp4/lK0c1EsWN5Q.mp4
untruth, https://media.signbsl.com/videos/asl/youtube/mp4/v_vn_xhuJec.mp4
untune, https://media.signbsl.com/videos/asl/youtube/mp4/kh9-omjOlQg.mp4
unturned, https://media.signbsl.com/videos/asl/youtube/mp4/kT5ICEfdfLo.mp4
untutored, https://media.signbsl.com/videos/asl/youtube/mp4/IEjkkXC1r6c.mp4
untwist, https://media.signbsl.com/videos/asl/youtube/mp4/M0gBC4y3Mrs.mp4
untwisted, https://media.signbsl.com/videos/asl/youtube/mp4/mW17If8KrxY.mp4
untypical, https://media.signbsl.com/videos/asl/youtube/mp4/8_l6xpEJDS4.mp4
unusable, https://media.signbsl.com/videos/asl/youtube/mp4/Rq4kckWyoKo.mp4
unusual, https://media.signbsl.com/videos/asl/startasl/mp4/strange.mp4
unutterable, https://media.signbsl.com/videos/asl/youtube/mp4/mqLb9tgFrn8.mp4
unuttered, https://media.signbsl.com/videos/asl/youtube/mp4/0eF3yVfC47I.mp4
unvalued, https://media.signbsl.com/videos/asl/youtube/mp4/iD18kty5ixU.mp4
unvanquishable, https://player.vimeo.com/external/392544250.sd.mp4?s=cfcfe4042d9107c0decf4c45e79d37ea21a102a1&profile_id=164
unvanquished, https://media.signbsl.com/videos/asl/aslsearch/mp4/unbeaten.mp4
unvarished, https://media.signbsl.com/videos/asl/youtube/mp4/yuJRC6q5Ai8.mp4
unvarying, https://media.signbsl.com/videos/asl/tsdvideo/mp4/328.mp4
unveil, https://player.vimeo.com/external/392544550.sd.mp4?s=a3da1deea70879cd10c96471558011793bf5061d&profile_id=164
unveiling, https://media.signbsl.com/videos/asl/youtube/mp4/AWG2fJsm-TE.mp4
unvented, https://media.signbsl.com/videos/asl/youtube/mp4/a4NxJAeq8lk.mp4
unverbalised, https://media.signbsl.com/videos/asl/youtube/mp4/0eF3yVfC47I.mp4
unverbalized, https://media.signbsl.com/videos/asl/youtube/mp4/0eF3yVfC47I.mp4
unverifiable, https://media.signbsl.com/videos/asl/youtube/mp4/3Qe3--poX-U.mp4
unversed, https://media.signbsl.com/videos/asl/youtube/mp4/XZXIBB2d08s.mp4
unvoiced, https://media.signbsl.com/videos/asl/youtube/mp4/0eF3yVfC47I.mp4
unvoluntary, https://media.signbsl.com/videos/asl/aslsearch/mp4/involuntary.mp4
unwaged, https://media.signbsl.com/videos/asl/youtube/mp4/Km0kwK_rfl0.mp4
unwanted, https://media.signbsl.com/videos/asl/aslsearch/mp4/unwanted.mp4
unwarier, https://media.signbsl.com/videos/asl/youtube/mp4/8EM7H_KOdGQ.mp4
unwarmed, https://media.signbsl.com/videos/asl/youtube/mp4/XIjAM5wj6fI.mp4
unwarrantable, https://media.signbsl.com/videos/asl/youtube/mp4/m1G9FcOcjMY.mp4
unwarranted, https://media.signbsl.com/videos/asl/youtube/mp4/m1G9FcOcjMY.mp4
unwashed, https://media.signbsl.com/videos/asl/youtube/mp4/K98rPo915FQ.mp4
unwavering, https://media.signbsl.com/videos/asl/youtube/mp4/WxpCwgZbADU.mp4
unwearable, https://media.signbsl.com/videos/asl/youtube/mp4/ZZGb0s5Etn8.mp4
unwearied, https://media.signbsl.com/videos/asl/youtube/mp4/z6TqqiDsNV4.mp4
unweary, https://media.signbsl.com/videos/asl/youtube/mp4/z6TqqiDsNV4.mp4
unwearying, https://media.signbsl.com/videos/asl/youtube/mp4/H3So2Rs6eMg.mp4
unwed, https://media.signbsl.com/videos/asl/youtube/mp4/SS-qmgFnrI4.mp4
unwedded, https://media.signbsl.com/videos/asl/youtube/mp4/SS-qmgFnrI4.mp4
unwelcome, https://media.signbsl.com/videos/asl/youtube/mp4/ZRYxuIMup-o.mp4
unwelcome guest, https://media.signbsl.com/videos/asl/youtube/mp4/IbhNS4B-OcU.mp4
unwell, https://media.signbsl.com/videos/asl/youtube/mp4/vduojz_rPl8.mp4
unwellness, https://media.signbsl.com/videos/asl/aslsearch/mp4/illness.mp4
unwholesome, https://media.signbsl.com/videos/asl/youtube/mp4/A25qfG7KrWg.mp4
unwieldiness, https://media.signbsl.com/videos/asl/youtube/mp4/2kJwRyPMNes.mp4
unwieldy, https://player.vimeo.com/external/392142344.sd.mp4?s=304d3140093167cf88788f757aff16338c7f8a02&profile_id=164
unwilling, https://media.signbsl.com/videos/asl/youtube/mp4/cS2kqO_Y19o.mp4
unwind, https://media.signbsl.com/videos/asl/aslsignbank/mp4/REST-352.mp4
unwise, https://media.signbsl.com/videos/asl/youtube/mp4/qPRe47ost7I.mp4
unwitting, https://media.signbsl.com/videos/asl/youtube/mp4/aUyZTbGbSEg.mp4
unwittingly, https://media.signbsl.com/videos/asl/youtube/mp4/WOia8Ym8IWI.mp4
unwooded, https://media.signbsl.com/videos/asl/youtube/mp4/UuMAMQj6_70.mp4
unworkable, https://media.signbsl.com/videos/asl/youtube/mp4/OX7WeFd5HuQ.mp4
unworldlier, https://media.signbsl.com/videos/asl/youtube/mp4/_0XjjD39N2w.mp4
unworried, https://player.vimeo.com/external/395726755.sd.mp4?s=3648d2655b70bd19744c0e487983f370e8b36bcf&profile_id=164
unworthily, https://media.signbsl.com/videos/asl/youtube/mp4/WN9Ar-Oqo-A.mp4
unwoven, https://media.signbsl.com/videos/asl/youtube/mp4/Hhg1Yek6Tcg.mp4
unwrap, https://media.signbsl.com/videos/asl/youtube/mp4/5BWEHJEtzuU.mp4
unwritten, https://media.signbsl.com/videos/asl/youtube/mp4/UiObQm5hCQI.mp4
unyielding, https://media.signbsl.com/videos/asl/youtube/mp4/OjnhQJ7iKMo.mp4
unyoke, https://media.signbsl.com/videos/asl/youtube/mp4/m3kRrK3s6i4.mp4
unzip, https://media.signbsl.com/videos/asl/youtube/mp4/W-Tu2ajOKf0.mp4
up, https://media.signbsl.com/videos/asl/aslsignbank/mp4/UP-1362.mp4
upbeat, https://media.signbsl.com/videos/asl/aslsearch/mp4/cheerful.mp4
upbraid, https://media.signbsl.com/videos/asl/youtube/mp4/yvJc9dEdxjk.mp4
upbraiding, https://media.signbsl.com/videos/asl/youtube/mp4/JtJroY6PzhY.mp4
upbringing, https://media.signbsl.com/videos/asl/youtube/mp4/DU9QBzpiN84.mp4
upchuck, https://media.signbsl.com/videos/asl/startasl/mp4/throw-up.mp4
upcoming, https://media.signbsl.com/videos/asl/youtube/mp4/K1QYMadG4HQ.mp4
upcountry, https://media.signbsl.com/videos/asl/youtube/mp4/da0cKO0EBsk.mp4
update, https://media.signbsl.com/videos/asl/aslsearch/mp4/update.mp4
updraft, https://media.signbsl.com/videos/asl/youtube/mp4/gjQEi_Yml_s.mp4
up for, https://media.signbsl.com/videos/asl/youtube/mp4/9c4Iir24YRw.mp4
upfront, https://media.signbsl.com/videos/asl/youtube/mp4/bDIJaO7vqRA.mp4
upgrade, https://media.signbsl.com/videos/asl/mariekatzenbachschool/mp4/upgrade.mp4
upheaval, https://player.vimeo.com/external/392535796.sd.mp4?s=dd8c300267549dc1848e61120d7172bcb2753a48&profile_id=164
upheld, https://media.signbsl.com/videos/asl/youtube/mp4/adHigU0lLnY.mp4
uphill, https://media.signbsl.com/videos/asl/youtube/mp4/JNS06lYfCPU.mp4
uphold, https://media.signbsl.com/videos/asl/youtube/mp4/0BoBYaiF0yI.mp4
upholster, https://media.signbsl.com/videos/asl/youtube/mp4/XQrXwkc3Pm4.mp4
upholsterer, https://media.signbsl.com/videos/asl/youtube/mp4/x8x8b6ljlgY.mp4
upkeep, https://media.signbsl.com/videos/asl/aslsearch/mp4/repair.mp4
uplift, https://media.signbsl.com/videos/asl/youtube/mp4/8veYyus_t94.mp4
uplifting, https://media.signbsl.com/videos/asl/youtube/mp4/Iw3o7aCbzaQ.mp4
upload, https://media.signbsl.com/videos/asl/youtube/mp4/pkgPAb99nL4.mp4
up non standard, https://media.signbsl.com/videos/asl/tsdvideo/mp4/883.mp4
upon, NA
upper, https://media.signbsl.com/videos/asl/youtube/mp4/9WWpEvZq8mY.mp4
upper case, https://media.signbsl.com/videos/asl/elementalaslconcepts/mp4/capital_-_letter.mp4
uppercase, https://media.signbsl.com/videos/asl/elementalaslconcepts/mp4/capital_-_letter.mp4
uppercase d, https://media.signbsl.com/videos/asl/youtube/mp4/OTx47lieFoM.mp4
upper case letter, https://media.signbsl.com/videos/asl/elementalaslconcepts/mp4/capital_-_letter.mp4
upperclassman, https://media.signbsl.com/videos/asl/youtube/mp4/i5EX0tzH1AI.mp4
upperclassmen, https://media.signbsl.com/videos/asl/youtube/mp4/SOBBRefp9Yw.mp4
uppercut, https://media.signbsl.com/videos/asl/youtube/mp4/8edC9l30f10.mp4
upper hand, https://media.signbsl.com/videos/asl/youtube/mp4/7vHCRgII_dY.mp4
upper side, https://media.signbsl.com/videos/asl/youtube/mp4/BESuKlcKRls.mp4
Upper Volta, https://media.signbsl.com/videos/asl/youtube/mp4/AeFp_h8nzfU.mp4
uppish, https://media.signbsl.com/videos/asl/youtube/mp4/r5B9BYxItD0.mp4
upraise, https://media.signbsl.com/videos/asl/youtube/mp4/x60Q7nubso0.mp4
upright, https://media.signbsl.com/videos/asl/youtube/mp4/HyuLkSnUSaA.mp4
uprise, https://media.signbsl.com/videos/asl/startasl/mp4/get-up.mp4
upriver, https://media.signbsl.com/videos/asl/youtube/mp4/1w9Xr8GUVsg.mp4
uproar, https://media.signbsl.com/videos/asl/youtube/mp4/xKu74JkTne8.mp4
uproarious, https://player.vimeo.com/external/392179467.sd.mp4?s=febf9ecc924f4d27a8def7fe0370cd7d7eeecd24&profile_id=164
uproot, https://media.signbsl.com/videos/asl/youtube/mp4/6nrf7gq946s.mp4
uproot a tree, https://media.signbsl.com/videos/asl/youtube/mp4/ICg_YlM-jlM.mp4
uprooter, https://media.signbsl.com/videos/asl/youtube/mp4/NbF7D-7Z5gE.mp4
ups and downs, https://media.signbsl.com/videos/asl/youtube/mp4/zGuKMSaoLeY.mp4
upset, https://media.signbsl.com/videos/asl/startasl/mp4/upset.mp4
upset stomach, https://media.signbsl.com/videos/asl/startasl/mp4/upset-stomach.mp4
upsetting, https://player.vimeo.com/external/391978633.sd.mp4?s=effc0ced7244fde3390320ccb0c775b712eeb796&profile_id=164
upshot, https://media.signbsl.com/videos/asl/aslsignbank/mp4/RESULT-970.mp4
upside, https://media.signbsl.com/videos/asl/youtube/mp4/BESuKlcKRls.mp4
upside down, https://media.signbsl.com/videos/asl/youtube/mp4/yfoEwyD_1TM.mp4
upstage, https://media.signbsl.com/videos/asl/youtube/mp4/Y8gxtqUK-D8.mp4
upstairs, https://media.signbsl.com/videos/asl/youtube/mp4/5z5Qf1SQgmc.mp4
upstate, https://media.signbsl.com/videos/asl/youtube/mp4/6HUHIK1zmRk.mp4
upstream, https://media.signbsl.com/videos/asl/youtube/mp4/1w9Xr8GUVsg.mp4
upswing, https://media.signbsl.com/videos/asl/youtube/mp4/SzioPJ_xVYs.mp4
uptake, https://media.signbsl.com/videos/asl/youtube/mp4/YPNt8gTJREo.mp4
up the stairs, https://media.signbsl.com/videos/asl/youtube/mp4/5z5Qf1SQgmc.mp4
uptight, https://media.signbsl.com/videos/asl/youtube/mp4/tAz2v9Oqpg4.mp4
up to, https://media.signbsl.com/videos/asl/aslsearch/mp4/up-to.mp4
up to date, https://media.signbsl.com/videos/asl/youtube/mp4/UFma1G7TCj4.mp4
up to me, https://media.signbsl.com/videos/asl/youtube/mp4/usuVXHTvqDI.mp4
up to now, https://media.signbsl.com/videos/asl/aslsearch/mp4/still.mp4
uptown, https://media.signbsl.com/videos/asl/youtube/mp4/mAkRrHhZj9Q.mp4
up to you, https://media.signbsl.com/videos/asl/aslsearch/mp4/up-to-you.mp4
upvote, https://player.vimeo.com/external/392872809.sd.mp4?s=33b57311ac78ea200ab7409a3faa2c99be412898&profile_id=164
upward, https://media.signbsl.com/videos/asl/aslsignbank/mp4/UP-1362.mp4
upwardly, https://media.signbsl.com/videos/asl/aslsignbank/mp4/UP-1362.mp4
upwards, https://media.signbsl.com/videos/asl/aslsignbank/mp4/UP-1362.mp4
upwelling, https://media.signbsl.com/videos/asl/youtube/mp4/sptoR89weWw.mp4
upwind, https://media.signbsl.com/videos/asl/youtube/mp4/D0FArg7X5NY.mp4
uranium, https://media.signbsl.com/videos/asl/youtube/mp4/zF56jNI-8Wg.mp4
uranologist, https://media.signbsl.com/videos/asl/youtube/mp4/19GcBGSgUvg.mp4
uranology, https://media.signbsl.com/videos/asl/youtube/mp4/WP9hz6iFenY.mp4
Uranus, https://media.signbsl.com/videos/asl/youtube/mp4/Q8DJnHj9rBI.mp4
urarthritis, https://media.signbsl.com/videos/asl/youtube/mp4/DBaCbntkerE.mp4
urban, https://media.signbsl.com/videos/asl/elementalaslconcepts/mp4/urban.mp4
urban center, https://media.signbsl.com/videos/asl/aslsignbank/mp4/CITY-551.mp4
urbanise, https://media.signbsl.com/videos/asl/youtube/mp4/5A87bzUKfSw.mp4
urbanize, https://media.signbsl.com/videos/asl/youtube/mp4/5A87bzUKfSw.mp4
urbanologist, https://media.signbsl.com/videos/asl/youtube/mp4/oXkFvHfkJ7I.mp4
ureter, https://media.signbsl.com/videos/asl/youtube/mp4/OzJBhcsbcRo.mp4
urethra, https://media.signbsl.com/videos/asl/youtube/mp4/_kZa6QZ7Avc.mp4
urge, https://media.signbsl.com/videos/asl/aslsignbank/mp4/PROPOSE-941.mp4
urgency, https://media.signbsl.com/videos/asl/youtube/mp4/7Lo1QDfrePs.mp4
urgent, https://media.signbsl.com/videos/asl/aslsearch/mp4/urgent.mp4
urge on, https://media.signbsl.com/videos/asl/ids/mp4/2013-11-1580-exhort-warn-1500k-ase.mp4
urging, https://media.signbsl.com/videos/asl/youtube/mp4/8zEKsTk2cdU.mp4
Urim and Thumim, https://media.signbsl.com/videos/asl/ids/mp4/2013-11-5060-urim-and-thumim-1500k-ase.mp4
urinalyses, https://media.signbsl.com/videos/asl/youtube/mp4/OtFvcrsG2lk.mp4
urinary, https://media.signbsl.com/videos/asl/youtube/mp4/KC869kd7_tE.mp4
urinary incontinence, https://media.signbsl.com/videos/asl/youtube/mp4/aZP7Mrq4F3w.mp4
urine, https://media.signbsl.com/videos/asl/aslsearch/mp4/urine.mp4
urological, https://media.signbsl.com/videos/asl/youtube/mp4/xDf2XDY4mN0.mp4
urologist, https://media.signbsl.com/videos/asl/youtube/mp4/l9M32sFc3wQ.mp4
Ursus arctos horribilis, https://media.signbsl.com/videos/asl/youtube/mp4/9zY6-ncXHAQ.mp4
Ursus horribilis, https://media.signbsl.com/videos/asl/youtube/mp4/9zY6-ncXHAQ.mp4
Ursus Maritimus, https://media.signbsl.com/videos/asl/aslsearch/mp4/polar-bear.mp4
urticaria, https://media.signbsl.com/videos/asl/youtube/mp4/ZbEvt0MKM3c.mp4
urtication, https://media.signbsl.com/videos/asl/youtube/mp4/ZbEvt0MKM3c.mp4
Uruguay, https://media.signbsl.com/videos/asl/youtube/mp4/YYjfewd3z_8.mp4
US, https://media.signbsl.com/videos/asl/startasl/mp4/united-states.mp4
USA, https://media.signbsl.com/videos/asl/startasl/mp4/united-states.mp4
usability, https://media.signbsl.com/videos/asl/youtube/mp4/ccUsDl6I6Ag.mp4
usable, https://media.signbsl.com/videos/asl/youtube/mp4/5kU0VHZQMnY.mp4
usage, https://media.signbsl.com/videos/asl/aslsignbank/mp4/TRADITION-1297.mp4
usance, https://media.signbsl.com/videos/asl/aslsignbank/mp4/TRADITION-1297.mp4
usb, https://media.signbsl.com/videos/asl/deaftec/mp4/1087.mp4
use, https://media.signbsl.com/videos/asl/startasl/mp4/use.mp4
useable, https://media.signbsl.com/videos/asl/youtube/mp4/5kU0VHZQMnY.mp4
use atm, https://media.signbsl.com/videos/asl/startasl/mp4/use-atm.mp4
use credit card recklessly, https://media.signbsl.com/videos/asl/youtube/mp4/JDqvM-Td9RU.mp4
used to, NA
useful, https://media.signbsl.com/videos/asl/youtube/mp4/b79T8HSh0ck.mp4
user, https://media.signbsl.com/videos/asl/deaftec/mp4/1088.mp4
username, https://media.signbsl.com/videos/asl/youtube/mp4/BUPvwdXtF18.mp4
use up, https://media.signbsl.com/videos/asl/aslsearch/mp4/use-up.mp4
usher, https://player.vimeo.com/external/392757449.sd.mp4?s=21aa8d6359eabe2f884884f5575ea9b48bb1fb9d&profile_id=164
ushers syndrome, https://media.signbsl.com/videos/asl/youtube/mp4/cGwqp-59i-8.mp4
usual, https://media.signbsl.com/videos/asl/youtube/mp4/-_hDHX8lQWw.mp4
usually, https://media.signbsl.com/videos/asl/youtube/mp4/qa-eI25U23s.mp4
usurer, https://media.signbsl.com/videos/asl/youtube/mp4/hY8C443Mspo.mp4
usurious, https://media.signbsl.com/videos/asl/youtube/mp4/ZETZTzEAn2w.mp4
usurp, https://media.signbsl.com/videos/asl/youtube/mp4/ZXQb_MnMIIM.mp4
usury, https://media.signbsl.com/videos/asl/youtube/mp4/m6Hd5fxmPuw.mp4
UT, https://media.signbsl.com/videos/asl/youtube/mp4/WbH0QK0UrCo.mp4
Utah, https://media.signbsl.com/videos/asl/youtube/mp4/WbH0QK0UrCo.mp4
uteri, https://media.signbsl.com/videos/asl/youtube/mp4/V8Y3AZ3CwQY.mp4
uterine tube, https://media.signbsl.com/videos/asl/youtube/mp4/oGaODea9gck.mp4
utile, https://media.signbsl.com/videos/asl/youtube/mp4/b79T8HSh0ck.mp4
utilise, https://media.signbsl.com/videos/asl/startasl/mp4/use.mp4
utilitarian, https://media.signbsl.com/videos/asl/youtube/mp4/i5Rtfh7I_LY.mp4
utilitarianism, https://media.signbsl.com/videos/asl/philosophy/mp4/Utilitarianism%201-HD.mp4
utilities, https://media.signbsl.com/videos/asl/youtube/mp4/nrpwS4qJgk4.mp4
utility, https://media.signbsl.com/videos/asl/youtube/mp4/nrpwS4qJgk4.mp4
utility company, https://media.signbsl.com/videos/asl/AustinCommunityCollege/mp4/elec_utility_co_.mp4
utilize, https://media.signbsl.com/videos/asl/startasl/mp4/use.mp4
utmost, https://media.signbsl.com/videos/asl/aslsignbank/mp4/SERIOUS-2014.mp4
Utopia, https://media.signbsl.com/videos/asl/youtube/mp4/4SGu6pH2z2k.mp4
utopian, https://media.signbsl.com/videos/asl/youtube/mp4/0bXypgxWVIg.mp4
utter, https://media.signbsl.com/videos/asl/aslsearch/mp4/utter.mp4
utterly, https://media.signbsl.com/videos/asl/aslsignbank/mp4/PROMISE-674.mp4
uttermost, https://media.signbsl.com/videos/asl/aslsignbank/mp4/SERIOUS-2014.mp4
u turn, https://player.vimeo.com/external/392543660.sd.mp4?s=98067c3ce980fc12414228cbccceb4fa9cfd3002&profile_id=164
uu, https://media.signbsl.com/videos/asl/aslsearch/mp4/uu.mp4
UV, https://media.signbsl.com/videos/asl/AustinCommunityCollege/mp4/weld_ultaviolet_light_.mp4
uxorial, https://media.signbsl.com/videos/asl/youtube/mp4/EOSWRnQazSU.mp4
Uzbek, https://media.signbsl.com/videos/asl/youtube/mp4/QUkOBcRyk9w.mp4
Uzbekistan, https://media.signbsl.com/videos/asl/youtube/mp4/QUkOBcRyk9w.mp4
